feature_a,feature_b,group_a,group_b,n_folds,mean_pearson,max_abs_spearman,mean_jaccard_missing,n_folds_near_dup,same_group,near_dup_ge4
alternation_rate_6,bb_position,sequence,trend,5,0.05570945451729441,0.05704947867555026,1.0,0,0,0
alternation_rate_6,bb_width,sequence,trend,5,0.11394187019364133,0.1516078547451722,1.0,0,0,0
alternation_rate_6,body_to_range,sequence,sequence,5,0.061886204297047186,0.07040030357622637,1.0,0,1,0
alternation_rate_6,consec_balance,sequence,regime,5,-0.03221425101423077,0.02986216342784443,1.0,0,0,0
alternation_rate_6,consec_down,sequence,regime,5,-0.2033727476354512,0.1058453995123996,1.0,0,0,0
alternation_rate_6,consec_up,sequence,regime,5,-0.2268017815152708,0.10077613483469439,1.0,0,0,0
alternation_rate_6,consecutive_down,sequence,regime,5,-0.12896980768755065,0.03661451789498812,1.0,0,0,0
alternation_rate_6,consecutive_up,sequence,regime,5,-0.09476712526997567,0.018159194296322307,1.0,0,0,0
alternation_rate_6,cvd_1,sequence,volume_taker_flow,5,0.03959095134441519,0.0414290552646605,1.0,0,0,0
alternation_rate_6,cvd_6,sequence,volume_taker_flow,5,0.05624183574747797,0.06540536255092684,1.0,0,0,0
alternation_rate_6,cvd_trend,sequence,sequence,5,0.0023480115560632724,0.023152021524089284,1.0,0,1,0
alternation_rate_6,day_of_week,sequence,sequence,5,-0.04068995691220417,0.06514486040923144,1.0,0,1,0
alternation_rate_6,dev_sq_x_phase,sequence,sequence,4,-0.019646238365389018,0.029454059357609554,0.0,0,1,0
alternation_rate_6,deviation_x_time,sequence,sequence,0,,,0.0,0,1,0
alternation_rate_6,direction_lag_1,sequence,sequence,5,0.014286518381072293,0.021496412171791258,1.0,0,1,0
alternation_rate_6,direction_lag_2,sequence,sequence,5,0.003604418945666149,0.002747988369351611,1.0,0,1,0
alternation_rate_6,direction_lag_3,sequence,sequence,5,0.01146872710891303,0.012749595859477868,1.0,0,1,0
alternation_rate_6,dist_to_high_24,sequence,cross_asset_breadth,5,-0.047111261553884703,0.07263345161503972,1.0,0,0,0
alternation_rate_6,dist_to_high_96,sequence,cross_asset_breadth,5,0.007386846214290752,0.03162961100921576,1.0,0,0,0
alternation_rate_6,dist_to_low_24,sequence,cross_asset_breadth,5,0.10885388313817561,0.14773190134838232,1.0,0,0,0
alternation_rate_6,dist_to_low_96,sequence,cross_asset_breadth,5,0.09915842103301555,0.1233503974851424,1.0,0,0,0
alternation_rate_6,dow,sequence,sequence,5,-0.04068995691220417,0.06514486040923144,1.0,0,1,0
alternation_rate_6,dow_cos,sequence,time,5,-0.021725635221716746,0.04017499172067934,1.0,0,0,0
alternation_rate_6,dow_sin,sequence,time,5,0.0924748602207688,0.12298660352213746,1.0,0,0,0
alternation_rate_6,ema_ratio_9_21,sequence,trend,5,0.04265053359714266,0.06684673454239187,1.0,0,0,0
alternation_rate_6,high_price_final,sequence,sequence,4,-0.017718473691738824,0.029454059357609554,0.0,0,1,0
alternation_rate_6,hour_cos,sequence,time,5,0.02341140332120826,0.030558044027929564,1.0,0,0,0
alternation_rate_6,hour_of_day,sequence,regime,5,0.032687957723147795,0.03159361010675428,1.0,0,0,0
alternation_rate_6,hour_sin,sequence,time,5,-0.07470981952111311,0.07636432684284603,1.0,0,0,0
alternation_rate_6,hour_utc,sequence,regime,5,0.032687957723147795,0.03159361010675428,1.0,0,0,0
alternation_rate_6,is_final_phase,sequence,sequence,0,,,0.0,0,1,0
alternation_rate_6,log_time_left,sequence,sequence,0,,,0.0,0,1,0
alternation_rate_6,mid_price,sequence,sequence,4,-0.026412191962355846,0.036370412984383885,0.0,0,1,0
alternation_rate_6,pm_best_ask,sequence,polymarket_state,4,-0.026605345219754144,0.03647345849738217,0.0,0,0,0
alternation_rate_6,pm_best_bid,sequence,polymarket_state,4,-0.026059156844045653,0.03632701699132201,0.0,0,0,0
alternation_rate_6,pm_momentum_5m,sequence,polymarket_state,4,-0.007988276322610581,0.01514749617009035,0.0,0,0,0
alternation_rate_6,pm_quote_pressure,sequence,polymarket_state,4,-0.026412192473965326,0.036370412984383885,0.0,0,0,0
alternation_rate_6,pm_spread_pct,sequence,polymarket_state,4,0.0028528236072047084,0.03135696424549367,0.0,0,0,0
alternation_rate_6,pm_volume_5m,sequence,polymarket_state,0,,,0.0,0,0,0
alternation_rate_6,price_deviation,sequence,sequence,4,-0.017718473691738824,0.029454059357609554,0.0,0,1,0
alternation_rate_6,price_deviation_sq,sequence,sequence,4,-0.019646238365389018,0.029454059357609554,0.0,0,1,0
alternation_rate_6,price_distance_from_max,sequence,sequence,4,0.01376536017284002,0.02019209634293763,0.0,0,1,0
alternation_rate_6,price_momentum,sequence,sequence,4,-0.015981514369494184,0.018845389836121825,0.0,0,1,0
alternation_rate_6,price_velocity,sequence,sequence,4,-0.007988276322610581,0.01514749617009035,0.0,0,1,0
alternation_rate_6,price_velocity_lag1,sequence,sequence,4,-0.011183230055431743,0.015219844250517759,0.0,0,1,0
alternation_rate_6,range_1,sequence,sequence,5,0.07497398688459392,0.14861893720517574,1.0,0,1,0
alternation_rate_6,range_avg_24,sequence,sequence,5,0.15974918227950544,0.1971718485022724,1.0,0,1,0
alternation_rate_6,ret_1,sequence,price_returns,5,0.021192325532769275,0.037919055676804474,1.0,0,0,0
alternation_rate_6,ret_12,sequence,price_returns,5,0.0317432680158372,0.046442560157372324,1.0,0,0,0
alternation_rate_6,ret_24,sequence,price_returns,5,0.04744735678113871,0.06177538631408281,1.0,0,0,0
alternation_rate_6,ret_3,sequence,price_returns,5,0.024837552202512304,0.033630252484204176,1.0,0,0,0
alternation_rate_6,ret_48,sequence,price_returns,5,0.01390868507039443,0.04322308432100513,1.0,0,0,0
alternation_rate_6,ret_6,sequence,price_returns,5,0.03296954373434586,0.03471491954813226,1.0,0,0,0
alternation_rate_6,rsi_14,sequence,trend,5,0.04444555758043431,0.048487527125143495,1.0,0,0,0
alternation_rate_6,signed_body_pct,sequence,sequence,5,0.020505385739640662,0.03690724758814749,1.0,0,1,0
alternation_rate_6,signed_trend_efficiency_6,sequence,sequence,5,0.029375856991797587,0.043111425222645786,1.0,0,1,0
alternation_rate_6,spread,sequence,sequence,4,-0.0022302425069097792,0.02956110369305966,0.0,0,1,0
alternation_rate_6,spread_pct,sequence,sequence,4,0.0028534517868140374,0.03141438918450849,0.0,0,1,0
alternation_rate_6,spread_trend,sequence,sequence,4,0.005154510491064304,0.01392423975500549,0.0,0,1,0
alternation_rate_6,taker_buy_ratio,sequence,volume_taker_flow,5,0.0395909485174243,0.04142900088541688,1.0,0,0,0
alternation_rate_6,time_left_min,sequence,sequence,0,,,0.0,0,1,0
alternation_rate_6,time_phase,sequence,sequence,0,,,0.0,0,1,0
alternation_rate_6,up_ratio_4,sequence,sequence,5,0.2040674173637763,0.23681020576441075,1.0,0,1,0
alternation_rate_6,velocity_x_phase,sequence,sequence,4,-0.007988276322610581,0.01514749617009035,0.0,0,1,0
alternation_rate_6,vol_24,sequence,volatility,5,0.16488837332203737,0.20867451490580127,1.0,0,0,0
alternation_rate_6,vol_48,sequence,volatility,5,0.1419197960727005,0.17011235820767848,1.0,0,0,0
alternation_rate_6,vol_6,sequence,volatility,5,0.23126514480776464,0.32281966194226497,1.0,0,0,0
alternation_rate_6,vol_ratio,sequence,volatility,5,0.2221508914455732,0.24747405012956059,1.0,0,0,0
alternation_rate_6,vol_trend,sequence,volatility,5,0.20731506704721628,0.2185468048960686,1.0,0,0,0
alternation_rate_6,vol_z_1,sequence,volatility,5,-0.06969922016129451,0.07633357154501504,1.0,0,0,0
alternation_rate_6,vol_z_6,sequence,volatility,5,-0.0655995334557895,0.07077477738181631,1.0,0,0,0
alternation_rate_6,volume_5min,sequence,sequence,0,,,0.0,0,1,0
alternation_rate_6,volume_trend,sequence,sequence,0,,,0.0,0,1,0
bb_position,bb_width,trend,trend,5,-0.027684502234119918,0.049569555823461224,1.0,0,1,0
bb_position,body_to_range,trend,sequence,5,0.01484013052436588,0.02299528715705958,1.0,0,0,0
bb_position,consec_balance,trend,regime,5,0.39225420394328164,0.3723803122931603,1.0,0,0,0
bb_position,consec_down,trend,regime,5,-0.3992139990873903,0.359022764250552,1.0,0,0,0
bb_position,consec_up,trend,regime,5,0.37451216245992136,0.3502517086760545,1.0,0,0,0
bb_position,consecutive_down,trend,regime,5,-0.3858962438562167,0.34792054312403875,1.0,0,0,0
bb_position,consecutive_up,trend,regime,5,0.36406001927436615,0.336375671398225,1.0,0,0,0
bb_position,cvd_1,trend,volume_taker_flow,5,0.24700903182161063,0.25553161256691154,1.0,0,0,0
bb_position,cvd_6,trend,volume_taker_flow,5,0.37918119970178055,0.3997918428314786,1.0,0,0,0
bb_position,cvd_trend,trend,sequence,5,0.0008020967508242018,0.027709592370362135,1.0,0,0,0
bb_position,day_of_week,trend,sequence,5,0.13193040683121063,0.154512613685772,1.0,0,0,0
bb_position,dev_sq_x_phase,trend,sequence,4,0.01098064574346279,0.017766713703835667,0.0,0,0,0
bb_position,deviation_x_time,trend,sequence,0,,,0.0,0,0,0
bb_position,direction_lag_1,trend,sequence,5,0.3318574963555593,0.31666779555916175,1.0,0,0,0
bb_position,direction_lag_2,trend,sequence,5,0.2851181345451839,0.28104270514618457,1.0,0,0,0
bb_position,direction_lag_3,trend,sequence,5,0.246658267141659,0.24937552621589767,1.0,0,0,0
bb_position,dist_to_high_24,trend,cross_asset_breadth,5,0.5132427697955968,0.7083597448574542,1.0,0,0,0
bb_position,dist_to_high_96,trend,cross_asset_breadth,5,0.3124804401484519,0.4135776469459003,1.0,0,0,0
bb_position,dist_to_low_24,trend,cross_asset_breadth,5,0.5253736576897722,0.7032930816273459,1.0,0,0,0
bb_position,dist_to_low_96,trend,cross_asset_breadth,5,0.3670431586804702,0.4985418466662916,1.0,0,0,0
bb_position,dow,trend,sequence,5,0.13193040683121063,0.154512613685772,1.0,0,0,0
bb_position,dow_cos,trend,time,5,0.10911196794858243,0.17869278222819404,1.0,0,0,0
bb_position,dow_sin,trend,time,5,-0.08764274140332474,0.11697193766345958,1.0,0,0,0
bb_position,ema_ratio_9_21,trend,trend,5,0.5741341522202181,0.6992001216633061,1.0,0,1,0
bb_position,high_price_final,trend,sequence,4,0.00936387485092492,0.017766713703835667,0.0,0,0,0
bb_position,hour_cos,trend,time,5,0.05071203455636496,0.15607827160492005,1.0,0,0,0
bb_position,hour_of_day,trend,regime,5,0.05027826354776951,0.06297438301071212,1.0,0,0,0
bb_position,hour_sin,trend,time,5,-0.05415129539166874,0.05692315592600332,1.0,0,0,0
bb_position,hour_utc,trend,regime,5,0.05027826354776951,0.06297438301071212,1.0,0,0,0
bb_position,is_final_phase,trend,sequence,0,,,0.0,0,0,0
bb_position,log_time_left,trend,sequence,0,,,0.0,0,0,0
bb_position,mid_price,trend,sequence,4,-0.07407779219383066,0.09016334181300154,0.0,0,0,0
bb_position,pm_best_ask,trend,polymarket_state,4,-0.07084011555486151,0.08701780444582276,0.0,0,0,0
bb_position,pm_best_bid,trend,polymarket_state,4,-0.07682271600916322,0.09214974361569615,0.0,0,0,0
bb_position,pm_momentum_5m,trend,polymarket_state,4,-0.005958683600214308,0.031328935469268855,0.0,0,0,0
bb_position,pm_quote_pressure,trend,polymarket_state,4,-0.07407779278707828,0.09016334181300154,0.0,0,0,0
bb_position,pm_spread_pct,trend,polymarket_state,4,0.04910256728307684,0.09053501858803578,0.0,0,0,0
bb_position,pm_volume_5m,trend,polymarket_state,0,,,0.0,0,0,0
bb_position,price_deviation,trend,sequence,4,0.00936387485092492,0.017766713703835667,0.0,0,0,0
bb_position,price_deviation_sq,trend,sequence,4,0.01098064574346279,0.017766713703835667,0.0,0,0,0
bb_position,price_distance_from_max,trend,sequence,4,0.04822725789903593,0.06897470191109563,0.0,0,0,0
bb_position,price_momentum,trend,sequence,4,-0.02347152862662333,0.048252311732720175,0.0,0,0,0
bb_position,price_velocity,trend,sequence,4,-0.005958683600214308,0.031328935469268855,0.0,0,0,0
bb_position,price_velocity_lag1,trend,sequence,4,-0.015322243923981854,0.04752760709533404,0.0,0,0,0
bb_position,range_1,trend,sequence,5,-0.024428720361123694,0.11261056331423155,1.0,0,0,0
bb_position,range_avg_24,trend,sequence,5,-0.016989227470387232,0.07556655347944917,1.0,0,0,0
bb_position,ret_1,trend,price_returns,5,0.4066283685404025,0.37080670901494633,1.0,0,0,0
bb_position,ret_12,trend,price_returns,5,0.7131645925093648,0.8535530244786037,1.0,0,0,0
bb_position,ret_24,trend,price_returns,5,0.5492238531512974,0.6415745232579138,1.0,0,0,0
bb_position,ret_3,trend,price_returns,5,0.5988516842277011,0.6243137390886361,1.0,0,0,0
bb_position,ret_48,trend,price_returns,5,0.3538945166789734,0.40958670522364987,1.0,0,0,0
bb_position,ret_6,trend,price_returns,5,0.6927023336198275,0.7733843709741125,1.0,0,0,0
bb_position,rsi_14,trend,trend,5,0.8393841302866205,0.8747341991824357,1.0,0,1,0
bb_position,signed_body_pct,trend,sequence,5,0.4052951099455978,0.36860088273446934,1.0,0,0,0
bb_position,signed_trend_efficiency_6,trend,sequence,5,0.7650667811881273,0.769856522052435,1.0,0,0,0
bb_position,spread,trend,sequence,4,0.037264628175913875,0.05168844446441846,0.0,0,0,0
bb_position,spread_pct,trend,sequence,4,0.04910326731431826,0.09049173492592236,0.0,0,0,0
bb_position,spread_trend,trend,sequence,4,0.01417589223551987,0.014695869239770417,0.0,0,0,0
bb_position,taker_buy_ratio,trend,volume_taker_flow,5,0.24700902961828947,0.25553169352388183,1.0,0,0,0
bb_position,time_left_min,trend,sequence,0,,,0.0,0,0,0
bb_position,time_phase,trend,sequence,0,,,0.0,0,0,0
bb_position,up_ratio_4,trend,sequence,5,0.5136965572175539,0.5058918767119005,1.0,0,0,0
bb_position,velocity_x_phase,trend,sequence,4,-0.005958683600214308,0.031328935469268855,0.0,0,0,0
bb_position,vol_24,trend,volatility,5,-0.021661246499689854,0.06213963449384615,1.0,0,0,0
bb_position,vol_48,trend,volatility,5,-0.07562606845979754,0.14323135593610964,1.0,0,0,0
bb_position,vol_6,trend,volatility,5,-0.019237758439133345,0.06151217475706874,1.0,0,0,0
bb_position,vol_ratio,trend,volatility,5,0.04284451826259802,0.05829460042871811,1.0,0,0,0
bb_position,vol_trend,trend,volatility,5,6.239324587972439e-05,0.036388208579700716,1.0,0,0,0
bb_position,vol_z_1,trend,volatility,5,-0.026493538164004644,0.04799612634786457,1.0,0,0,0
bb_position,vol_z_6,trend,volatility,5,-0.0030003504967650173,0.012940214601536307,1.0,0,0,0
bb_position,volume_5min,trend,sequence,0,,,0.0,0,0,0
bb_position,volume_trend,trend,sequence,0,,,0.0,0,0,0
bb_width,body_to_range,trend,sequence,5,-0.0353185740484905,0.04999380095280828,1.0,0,0,0
bb_width,consec_balance,trend,regime,5,-0.010676330095556812,0.02846187999502818,1.0,0,0,0
bb_width,consec_down,trend,regime,5,0.016128461935376474,0.020605137376068672,1.0,0,0,0
bb_width,consec_up,trend,regime,5,0.010889209838908852,0.00820560150243554,1.0,0,0,0
bb_width,consecutive_down,trend,regime,5,0.06351756680202318,0.07086163570203292,1.0,0,0,0
bb_width,consecutive_up,trend,regime,5,0.07844092538810951,0.0821318875144821,1.0,0,0,0
bb_width,cvd_1,trend,volume_taker_flow,5,0.010832738873794092,0.02962185321411195,1.0,0,0,0
bb_width,cvd_6,trend,volume_taker_flow,5,-1.1204497296944672e-05,0.04772598054123361,1.0,0,0,0
bb_width,cvd_trend,trend,sequence,5,-0.007545210453617434,0.0321385551064448,1.0,0,0,0
bb_width,day_of_week,trend,sequence,5,-0.17976451190992923,0.31791832622368366,1.0,0,0,0
bb_width,dev_sq_x_phase,trend,sequence,4,-0.035272916874238315,0.051476707292557586,0.0,0,0,0
bb_width,deviation_x_time,trend,sequence,0,,,0.0,0,0,0
bb_width,direction_lag_1,trend,sequence,5,0.0077641395065910414,0.010828811741351859,1.0,0,0,0
bb_width,direction_lag_2,trend,sequence,5,0.007140983773870816,0.007583348214805078,1.0,0,0,0
bb_width,direction_lag_3,trend,sequence,5,-0.009078945206584553,0.019559505599716653,1.0,0,0,0
bb_width,dist_to_high_24,trend,cross_asset_breadth,5,-0.6478425137605004,0.5452612196301917,1.0,0,0,0
bb_width,dist_to_high_96,trend,cross_asset_breadth,5,-0.2793862343679213,0.2520105422907252,1.0,0,0,0
bb_width,dist_to_low_24,trend,cross_asset_breadth,5,0.5832022730009558,0.5306710453883225,1.0,0,0,0
bb_width,dist_to_low_96,trend,cross_asset_breadth,5,0.32510969804063483,0.2861584518220674,1.0,0,0,0
bb_width,dow,trend,sequence,5,-0.17976451190992923,0.31791832622368366,1.0,0,0,0
bb_width,dow_cos,trend,time,5,0.03835669067300187,0.028652543987532742,1.0,0,0,0
bb_width,dow_sin,trend,time,5,0.17826762535380075,0.36355942202840397,1.0,0,0,0
bb_width,ema_ratio_9_21,trend,trend,5,-0.025055831435475462,0.10388301632917041,1.0,0,1,0
bb_width,high_price_final,trend,sequence,4,-0.03500806802097007,0.051476707292557586,0.0,0,0,0
bb_width,hour_cos,trend,time,5,0.04307285081106713,0.1141281613122373,1.0,0,0,0
bb_width,hour_of_day,trend,regime,5,0.051438901673925154,0.0690392475123823,1.0,0,0,0
bb_width,hour_sin,trend,time,5,-0.16085644614039865,0.20883651415352927,1.0,0,0,0
bb_width,hour_utc,trend,regime,5,0.051438901673925154,0.0690392475123823,1.0,0,0,0
bb_width,is_final_phase,trend,sequence,0,,,0.0,0,0,0
bb_width,log_time_left,trend,sequence,0,,,0.0,0,0,0
bb_width,mid_price,trend,sequence,4,-0.003983615826128195,0.019628423380289424,0.0,0,0,0
bb_width,pm_best_ask,trend,polymarket_state,4,-0.002537209630895226,0.01956338956780609,0.0,0,0,0
bb_width,pm_best_bid,trend,polymarket_state,4,-0.005404079618863365,0.019335650018894507,0.0,0,0,0
bb_width,pm_momentum_5m,trend,polymarket_state,4,0.004992489970943395,0.01335094343124861,0.0,0,0,0
bb_width,pm_quote_pressure,trend,polymarket_state,4,-0.003983615766039513,0.019628423380289424,0.0,0,0,0
bb_width,pm_spread_pct,trend,polymarket_state,4,0.008250474318729516,0.06367360522759172,0.0,0,0,0
bb_width,pm_volume_5m,trend,polymarket_state,0,,,0.0,0,0,0
bb_width,price_deviation,trend,sequence,4,-0.03500806802097007,0.051476707292557586,0.0,0,0,0
bb_width,price_deviation_sq,trend,sequence,4,-0.035272916874238315,0.051476707292557586,0.0,0,0,0
bb_width,price_distance_from_max,trend,sequence,4,-0.014998198265926585,0.032594450711487435,0.0,0,0,0
bb_width,price_momentum,trend,sequence,4,0.003062747846777753,0.012898998825893342,0.0,0,0,0
bb_width,price_velocity,trend,sequence,4,0.004992489970943395,0.01335094343124861,0.0,0,0,0
bb_width,price_velocity_lag1,trend,sequence,4,0.0013514713925417924,0.009346823746173561,0.0,0,0,0
bb_width,range_1,trend,sequence,5,0.44959781517373065,0.5653722779743093,1.0,0,0,0
bb_width,range_avg_24,trend,sequence,5,0.6895765621166163,0.7501737889118413,1.0,0,0,0
bb_width,ret_1,trend,price_returns,5,-0.005288445924153036,0.01253427297508254,1.0,0,0,0
bb_width,ret_12,trend,price_returns,5,-0.04383531146231152,0.061834319020084405,1.0,0,0,0
bb_width,ret_24,trend,price_returns,5,-0.03495758850302114,0.10520577938841631,1.0,0,0,0
bb_width,ret_3,trend,price_returns,5,-0.028993368266559072,0.023964913119238186,1.0,0,0,0
bb_width,ret_48,trend,price_returns,5,0.04016016250567338,0.08179639679701559,1.0,0,0,0
bb_width,ret_6,trend,price_returns,5,-0.04263987935303658,0.04348004117603422,1.0,0,0,0
bb_width,rsi_14,trend,trend,5,-0.046231304210008886,0.058388623007317696,1.0,0,1,0
bb_width,signed_body_pct,trend,sequence,5,-0.003607699973979886,0.012764767456563646,1.0,0,0,0
bb_width,signed_trend_efficiency_6,trend,sequence,5,-0.024482857608734657,0.03126123587749741,1.0,0,0,0
bb_width,spread,trend,sequence,4,0.016605938944185838,0.12825241808509882,0.0,0,0,0
bb_width,spread_pct,trend,sequence,4,0.008252439113199,0.06397517434981483,0.0,0,0,0
bb_width,spread_trend,trend,sequence,4,0.05063189934639563,0.05865187771004732,0.0,0,0,0
bb_width,taker_buy_ratio,trend,volume_taker_flow,5,0.010832739199919592,0.029621855249104715,1.0,0,0,0
bb_width,time_left_min,trend,sequence,0,,,0.0,0,0,0
bb_width,time_phase,trend,sequence,0,,,0.0,0,0,0
bb_width,up_ratio_4,trend,sequence,5,0.088227347106379,0.11955475606158242,1.0,0,0,0
bb_width,velocity_x_phase,trend,sequence,4,0.004992489970943395,0.01335094343124861,0.0,0,0,0
bb_width,vol_24,trend,volatility,5,0.7324341824821909,0.7974238784519954,1.0,0,0,0
bb_width,vol_48,trend,volatility,5,0.6042809748314231,0.6666261547782785,1.0,0,0,0
bb_width,vol_6,trend,volatility,5,0.5801782292799798,0.6176535016116189,1.0,0,0,0
bb_width,vol_ratio,trend,volatility,5,0.17363873017416492,0.15196225727552523,1.0,0,0,0
bb_width,vol_trend,trend,volatility,5,0.009331064532029957,0.044239931193866544,1.0,0,0,0
bb_width,vol_z_1,trend,volatility,5,0.011414503244209654,0.03346131922010983,1.0,0,0,0
bb_width,vol_z_6,trend,volatility,5,-0.09673258905308868,0.10633712956390479,1.0,0,0,0
bb_width,volume_5min,trend,sequence,0,,,0.0,0,0,0
bb_width,volume_trend,trend,sequence,0,,,0.0,0,0,0
body_to_range,consec_balance,sequence,regime,5,-0.012932965062228735,0.030989713266955012,1.0,0,0,0
body_to_range,consec_down,sequence,regime,5,0.05297151394571438,0.07049149374163342,1.0,0,0,0
body_to_range,consec_up,sequence,regime,5,-0.061244039968884875,0.07162911478982814,1.0,0,0,0
body_to_range,consecutive_down,sequence,regime,5,0.13984152841936195,0.19864607337442433,1.0,0,0,0
body_to_range,consecutive_up,sequence,regime,5,0.10870639756705476,0.16185596800702864,1.0,0,0,0
body_to_range,cvd_1,sequence,volume_taker_flow,5,-0.02472050024073002,0.02479376549988671,1.0,0,0,0
body_to_range,cvd_6,sequence,volume_taker_flow,5,0.02130468660748524,0.023731655422259426,1.0,0,0,0
body_to_range,cvd_trend,sequence,sequence,5,-0.0037862480543680147,0.02026505729647116,1.0,0,1,0
body_to_range,day_of_week,sequence,sequence,5,0.028958784454083016,0.03607658844020998,1.0,0,1,0
body_to_range,dev_sq_x_phase,sequence,sequence,4,0.01633439212996617,0.019343105794183718,0.0,0,1,0
body_to_range,deviation_x_time,sequence,sequence,0,,,0.0,0,1,0
body_to_range,direction_lag_1,sequence,sequence,5,-0.018895681477239128,0.026479593928761373,1.0,0,1,0
body_to_range,direction_lag_2,sequence,sequence,5,-0.02246621826627785,0.03363468703680361,1.0,0,1,0
body_to_range,direction_lag_3,sequence,sequence,5,-0.002182653369213673,0.013285944241552107,1.0,0,1,0
body_to_range,dist_to_high_24,sequence,cross_asset_breadth,5,0.03841543632418333,0.05466172766072989,1.0,0,0,0
body_to_range,dist_to_high_96,sequence,cross_asset_breadth,5,0.060897393006143406,0.0685053423784553,1.0,0,0,0
body_to_range,dist_to_low_24,sequence,cross_asset_breadth,5,-0.021357249242461854,0.035230697303998526,1.0,0,0,0
body_to_range,dist_to_low_96,sequence,cross_asset_breadth,5,-0.008757987339350614,0.012193692945948192,1.0,0,0,0
body_to_range,dow,sequence,sequence,5,0.028958784454083016,0.03607658844020998,1.0,0,1,0
body_to_range,dow_cos,sequence,time,5,0.017035299256017288,0.02346423916831367,1.0,0,0,0
body_to_range,dow_sin,sequence,time,5,-0.012703365281601289,0.016724413506296703,1.0,0,0,0
body_to_range,ema_ratio_9_21,sequence,trend,5,0.03657819493632207,0.05397642576688304,1.0,0,0,0
body_to_range,high_price_final,sequence,sequence,4,0.015403163611827772,0.019343105794183718,0.0,0,1,0
body_to_range,hour_cos,sequence,time,5,-0.021139436435747675,0.023072571645218146,1.0,0,0,0
body_to_range,hour_of_day,sequence,regime,5,0.023455990129006198,0.031159221938297947,1.0,0,0,0
body_to_range,hour_sin,sequence,time,5,-0.002400567853648206,0.011572909248992581,1.0,0,0,0
body_to_range,hour_utc,sequence,regime,5,0.023455990129006198,0.031159221938297947,1.0,0,0,0
body_to_range,is_final_phase,sequence,sequence,0,,,0.0,0,1,0
body_to_range,log_time_left,sequence,sequence,0,,,0.0,0,1,0
body_to_range,mid_price,sequence,sequence,4,0.024144492619916434,0.02485105736133847,0.0,0,1,0
body_to_range,pm_best_ask,sequence,polymarket_state,4,0.022275234263066032,0.023887113376987214,0.0,0,0,0
body_to_range,pm_best_bid,sequence,polymarket_state,4,0.02584080153636996,0.026692051657207547,0.0,0,0,0
body_to_range,pm_momentum_5m,sequence,polymarket_state,4,0.003542920435340353,0.005546289350375268,0.0,0,0,0
body_to_range,pm_quote_pressure,sequence,polymarket_state,4,0.02414449230557389,0.02485105736133847,0.0,0,0,0
body_to_range,pm_spread_pct,sequence,polymarket_state,4,-0.020656916261816184,0.04488907695623219,0.0,0,0,0
body_to_range,pm_volume_5m,sequence,polymarket_state,0,,,0.0,0,0,0
body_to_range,price_deviation,sequence,sequence,4,0.015403163611827772,0.019343105794183718,0.0,0,1,0
body_to_range,price_deviation_sq,sequence,sequence,4,0.01633439212996617,0.019343105794183718,0.0,0,1,0
body_to_range,price_distance_from_max,sequence,sequence,4,-0.01038634111336897,0.018293396937398038,0.0,0,1,0
body_to_range,price_momentum,sequence,sequence,4,0.012815578758469153,0.017346900430621974,0.0,0,1,0
body_to_range,price_velocity,sequence,sequence,4,0.003542920435340353,0.005546289350375268,0.0,0,1,0
body_to_range,price_velocity_lag1,sequence,sequence,4,0.007141600547667236,0.007471452205904181,0.0,0,1,0
body_to_range,range_1,sequence,sequence,5,0.11647068591832428,0.136293438407267,1.0,0,1,0
body_to_range,range_avg_24,sequence,sequence,5,-0.052004627562041175,0.06506758073303363,1.0,0,1,0
body_to_range,ret_1,sequence,price_returns,5,-0.025928075692097503,0.038469347433873834,1.0,0,0,0
body_to_range,ret_12,sequence,price_returns,5,0.02078313948878262,0.042800922554779325,1.0,0,0,0
body_to_range,ret_24,sequence,price_returns,5,0.02112771896210383,0.02606667526422975,1.0,0,0,0
body_to_range,ret_3,sequence,price_returns,5,-0.031376366323170986,0.036336528190301975,1.0,0,0,0
body_to_range,ret_48,sequence,price_returns,5,0.013218403133337067,0.024571928674197066,1.0,0,0,0
body_to_range,ret_6,sequence,price_returns,5,-0.004682318929545464,0.015776740456740754,1.0,0,0,0
body_to_range,rsi_14,sequence,trend,5,0.03578271441291082,0.04482863739879232,1.0,0,0,0
body_to_range,signed_body_pct,sequence,sequence,5,-0.025331346455309926,0.03847401398821068,1.0,0,1,0
body_to_range,signed_trend_efficiency_6,sequence,sequence,5,-0.0008251834386941036,0.008497327755062324,1.0,0,1,0
body_to_range,spread,sequence,sequence,4,-0.020809116946388057,0.051420410690751414,0.0,0,1,0
body_to_range,spread_pct,sequence,sequence,4,-0.0206581030776627,0.04496222801107542,0.0,0,1,0
body_to_range,spread_trend,sequence,sequence,4,-0.016621579879194884,0.01784247841846415,0.0,0,1,0
body_to_range,taker_buy_ratio,sequence,volume_taker_flow,5,-0.024720499117240828,0.02479389929732495,1.0,0,0,0
body_to_range,time_left_min,sequence,sequence,0,,,0.0,0,1,0
body_to_range,time_phase,sequence,sequence,0,,,0.0,0,1,0
body_to_range,up_ratio_4,sequence,sequence,5,0.057309753987704104,0.06527099597027633,1.0,0,1,0
body_to_range,velocity_x_phase,sequence,sequence,4,0.003542920435340353,0.005546289350375268,0.0,0,1,0
body_to_range,vol_24,sequence,volatility,5,-0.0023513778822468415,0.013412440953859857,1.0,0,0,0
body_to_range,vol_48,sequence,volatility,5,-0.029018285707216818,0.03178532595799119,1.0,0,0,0
body_to_range,vol_6,sequence,volatility,5,0.10608577125414605,0.14165333645954867,1.0,0,0,0
body_to_range,vol_ratio,sequence,volatility,5,0.16927572490780807,0.19136872168581115,1.0,0,0,0
body_to_range,vol_trend,sequence,volatility,5,0.16789710073153502,0.17435141512686086,1.0,0,0,0
body_to_range,vol_z_1,sequence,volatility,5,0.04495326256669974,0.026915835223571577,1.0,0,0,0
body_to_range,vol_z_6,sequence,volatility,5,0.05144645189643164,0.052117268110683214,1.0,0,0,0
body_to_range,volume_5min,sequence,sequence,0,,,0.0,0,1,0
body_to_range,volume_trend,sequence,sequence,0,,,0.0,0,1,0
consec_balance,consec_down,regime,regime,5,-0.3935265441656221,0.21758459901458385,1.0,0,1,0
consec_balance,consec_up,regime,regime,5,0.4413423832484811,0.23739895451348278,1.0,0,1,0
consec_balance,consecutive_down,regime,regime,5,-0.32306534376547497,0.16694866305437275,1.0,0,1,0
consec_balance,consecutive_up,regime,regime,5,0.29827298029984145,0.12153764566511646,1.0,0,1,0
consec_balance,cvd_1,regime,volume_taker_flow,5,0.051170128876481244,0.06946475315943398,1.0,0,0,0
consec_balance,cvd_6,regime,volume_taker_flow,5,0.14021664401453673,0.14168744729642005,1.0,0,0,0
consec_balance,cvd_trend,regime,sequence,5,-0.006630450745713249,0.023508590405156234,1.0,0,0,0
consec_balance,day_of_week,regime,sequence,5,0.03314257699216218,0.039556446195218746,1.0,0,0,0
consec_balance,dev_sq_x_phase,regime,sequence,4,-0.004610301247250434,0.009341452607024877,0.0,0,0,0
consec_balance,deviation_x_time,regime,sequence,0,,,0.0,0,0,0
consec_balance,direction_lag_1,regime,sequence,5,-0.014285782037896228,0.02326664094351467,1.0,0,0,0
consec_balance,direction_lag_2,regime,sequence,5,0.7648563412509368,0.8262835009068756,1.0,0,0,0
consec_balance,direction_lag_3,regime,sequence,5,0.35443932779923004,0.39262234992913086,1.0,0,0,0
consec_balance,dist_to_high_24,regime,cross_asset_breadth,5,0.1920188365348255,0.24992870558950162,1.0,0,0,0
consec_balance,dist_to_high_96,regime,cross_asset_breadth,5,0.03645740680254044,0.07831112220697728,1.0,0,0,0
consec_balance,dist_to_low_24,regime,cross_asset_breadth,5,0.2079101178988274,0.24802470834182114,1.0,0,0,0
consec_balance,dist_to_low_96,regime,cross_asset_breadth,5,0.11223337430957439,0.1329132761616369,1.0,0,0,0
consec_balance,dow,regime,sequence,5,0.03314257699216218,0.039556446195218746,1.0,0,0,0
consec_balance,dow_cos,regime,time,5,0.017623479000201506,0.04477310853063706,1.0,0,0,0
consec_balance,dow_sin,regime,time,5,-0.005291408291032714,0.021157798915056387,1.0,0,0,0
consec_balance,ema_ratio_9_21,regime,trend,5,0.1567778039995391,0.1428525986370475,1.0,0,0,0
consec_balance,high_price_final,regime,sequence,4,-0.001559877362307121,0.009341452607024877,0.0,0,0,0
consec_balance,hour_cos,regime,time,5,-0.009297876872217907,0.03026930567168069,1.0,0,0,0
consec_balance,hour_of_day,regime,regime,5,0.027836511588960066,0.01950431892804628,1.0,0,1,0
consec_balance,hour_sin,regime,time,5,0.005977817869080431,0.03460415589605291,1.0,0,0,0
consec_balance,hour_utc,regime,regime,5,0.027836511588960066,0.01950431892804628,1.0,0,1,0
consec_balance,is_final_phase,regime,sequence,0,,,0.0,0,0,0
consec_balance,log_time_left,regime,sequence,0,,,0.0,0,0,0
consec_balance,mid_price,regime,sequence,4,-0.05185563746371314,0.062055448075593364,0.0,0,0,0
consec_balance,pm_best_ask,regime,polymarket_state,4,-0.04807633741977544,0.05867339944192674,0.0,0,0,0
consec_balance,pm_best_bid,regime,polymarket_state,4,-0.055277176688460924,0.06506872645790109,0.0,0,0,0
consec_balance,pm_momentum_5m,regime,polymarket_state,4,-0.006276530401589364,0.01811373929921873,0.0,0,0,0
consec_balance,pm_quote_pressure,regime,polymarket_state,4,-0.051855637708710135,0.062055448075593364,0.0,0,0,0
consec_balance,pm_spread_pct,regime,polymarket_state,4,0.04550022799417103,0.0708146804530777,0.0,0,0,0
consec_balance,pm_volume_5m,regime,polymarket_state,0,,,0.0,0,0,0
consec_balance,price_deviation,regime,sequence,4,-0.001559877362307121,0.009341452607024877,0.0,0,0,0
consec_balance,price_deviation_sq,regime,sequence,4,-0.004610301247250434,0.009341452607024877,0.0,0,0,0
consec_balance,price_distance_from_max,regime,sequence,4,0.03662237466473081,0.05175911689258437,0.0,0,0,0
consec_balance,price_momentum,regime,sequence,4,-0.020257433583416203,0.03344659899798003,0.0,0,0,0
consec_balance,price_velocity,regime,sequence,4,-0.006276530401589364,0.01811373929921873,0.0,0,0,0
consec_balance,price_velocity_lag1,regime,sequence,4,-0.012881026223107828,0.027219017185531352,0.0,0,0,0
consec_balance,range_1,regime,sequence,5,-0.041333611237540015,0.08051969059787141,1.0,0,0,0
consec_balance,range_avg_24,regime,sequence,5,0.009850910190383894,0.02070408491571969,1.0,0,0,0
consec_balance,ret_1,regime,price_returns,5,0.02545187623954725,0.01187427571159429,1.0,0,0,0
consec_balance,ret_12,regime,price_returns,5,0.26015749314086084,0.25715425044795054,1.0,0,0,0
consec_balance,ret_24,regime,price_returns,5,0.1714367191647826,0.17292490732937477,1.0,0,0,0
consec_balance,ret_3,regime,price_returns,5,0.4774023719620891,0.5816797574563399,1.0,0,0,0
consec_balance,ret_48,regime,price_returns,5,0.10678563760769702,0.09341170766330267,1.0,0,0,0
consec_balance,ret_6,regime,price_returns,5,0.39304469513216767,0.3970090196152986,1.0,0,0,0
consec_balance,rsi_14,regime,trend,5,0.29817782916031527,0.2591953649491012,1.0,0,0,0
consec_balance,signed_body_pct,regime,sequence,5,0.025079174975570506,0.012570448799240302,1.0,0,0,0
consec_balance,signed_trend_efficiency_6,regime,sequence,5,0.48326594092817016,0.43232124535160615,1.0,0,0,0
consec_balance,spread,regime,sequence,4,0.046932701879538914,0.04759147528582498,0.0,0,0,0
consec_balance,spread_pct,regime,sequence,4,0.04550248812819737,0.07074473708526226,0.0,0,0,0
consec_balance,spread_trend,regime,sequence,4,0.023389071082264967,0.01902838365829685,0.0,0,0,0
consec_balance,taker_buy_ratio,regime,volume_taker_flow,5,0.051170128685920135,0.06946484614758848,1.0,0,0,0
consec_balance,time_left_min,regime,sequence,0,,,0.0,0,0,0
consec_balance,time_phase,regime,sequence,0,,,0.0,0,0,0
consec_balance,up_ratio_4,regime,sequence,5,0.578259422693959,0.5620552941060335,1.0,0,0,0
consec_balance,velocity_x_phase,regime,sequence,4,-0.006276530401589364,0.01811373929921873,0.0,0,0,0
consec_balance,vol_24,regime,volatility,5,-0.003283310385720044,0.014448368732474438,1.0,0,0,0
consec_balance,vol_48,regime,volatility,5,-0.010496982574440811,0.026295325371264923,1.0,0,0,0
consec_balance,vol_6,regime,volatility,5,-0.023768020565168555,0.051796801627555136,1.0,0,0,0
consec_balance,vol_ratio,regime,volatility,5,-0.039072781160637095,0.048032487213465994,1.0,0,0,0
consec_balance,vol_trend,regime,volatility,5,-0.040668509089096846,0.06567399002599827,1.0,0,0,0
consec_balance,vol_z_1,regime,volatility,5,-0.04417367044527718,0.050610203840736376,1.0,0,0,0
consec_balance,vol_z_6,regime,volatility,5,-0.03427555122198089,0.045081809216793015,1.0,0,0,0
consec_balance,volume_5min,regime,sequence,0,,,0.0,0,0,0
consec_balance,volume_trend,regime,sequence,0,,,0.0,0,0,0
consec_down,consec_up,regime,regime,5,-0.5051995689867258,0.8762453629316429,1.0,0,1,0
consec_down,consecutive_down,regime,regime,5,0.8772405853090058,0.9024090743647892,1.0,0,1,0
consec_down,consecutive_up,regime,regime,5,-0.47084820106150566,0.768648323071397,1.0,0,1,0
consec_down,cvd_1,regime,volume_taker_flow,5,-0.29098900449707177,0.35767916847084297,1.0,0,0,0
consec_down,cvd_6,regime,volume_taker_flow,5,-0.12605018281975183,0.111309408344074,1.0,0,0,0
consec_down,cvd_trend,regime,sequence,5,-0.005846707258205402,0.011371474484362664,1.0,0,0,0
consec_down,day_of_week,regime,sequence,5,-0.056146648563658405,0.04755400478313608,1.0,0,0,0
consec_down,dev_sq_x_phase,regime,sequence,4,-0.008796594582283414,0.02794967280966064,0.0,0,0,0
consec_down,deviation_x_time,regime,sequence,0,,,0.0,0,0,0
consec_down,direction_lag_1,regime,sequence,5,-0.6834250573469624,0.8774767079942609,1.0,0,0,0
consec_down,direction_lag_2,regime,sequence,5,-0.31263966249075636,0.19217975801625653,1.0,0,0,0
consec_down,direction_lag_3,regime,sequence,5,-0.13496174630145857,0.03125971230718949,1.0,0,0,0
consec_down,dist_to_high_24,regime,cross_asset_breadth,5,-0.1888117008399417,0.24504556331280997,1.0,0,0,0
consec_down,dist_to_high_96,regime,cross_asset_breadth,5,-0.05870107788446512,0.08827405237432177,1.0,0,0,0
consec_down,dist_to_low_24,regime,cross_asset_breadth,5,-0.18501089819271255,0.25126090479815194,1.0,0,0,0
consec_down,dist_to_low_96,regime,cross_asset_breadth,5,-0.10322490729476796,0.12576528059483388,1.0,0,0,0
consec_down,dow,regime,sequence,5,-0.056146648563658405,0.04755400478313608,1.0,0,0,0
consec_down,dow_cos,regime,time,5,0.006738032279954506,0.029499763222627047,1.0,0,0,0
consec_down,dow_sin,regime,time,5,0.012234242207456645,0.02237283821266771,1.0,0,0,0
consec_down,ema_ratio_9_21,regime,trend,5,-0.07909096368500725,0.05953018300915434,1.0,0,0,0
consec_down,high_price_final,regime,sequence,4,-0.011755946875335545,0.02794967280966064,0.0,0,0,0
consec_down,hour_cos,regime,time,5,0.026905852868438874,0.0271664619876278,1.0,0,0,0
consec_down,hour_of_day,regime,regime,5,-0.041241543139020745,0.034091667734517904,1.0,0,1,0
consec_down,hour_sin,regime,time,5,0.000578562473107147,0.012510448995473739,1.0,0,0,0
consec_down,hour_utc,regime,regime,5,-0.041241543139020745,0.034091667734517904,1.0,0,1,0
consec_down,is_final_phase,regime,sequence,0,,,0.0,0,0,0
consec_down,log_time_left,regime,sequence,0,,,0.0,0,0,0
consec_down,mid_price,regime,sequence,4,0.051500210904756934,0.05588761817850293,0.0,0,0,0
consec_down,pm_best_ask,regime,polymarket_state,4,0.04927038373218057,0.0534494660365711,0.0,0,0,0
consec_down,pm_best_bid,regime,polymarket_state,4,0.05338429831009067,0.05767251703971989,0.0,0,0,0
consec_down,pm_momentum_5m,regime,polymarket_state,4,0.0028152872398869945,0.01382900958366253,0.0,0,0,0
consec_down,pm_quote_pressure,regime,polymarket_state,4,0.05150021117127837,0.05588761817850293,0.0,0,0,0
consec_down,pm_spread_pct,regime,polymarket_state,4,-0.026088951040546895,0.07178759133829991,0.0,0,0,0
consec_down,pm_volume_5m,regime,polymarket_state,0,,,0.0,0,0,0
consec_down,price_deviation,regime,sequence,4,-0.011755946875335545,0.02794967280966064,0.0,0,0,0
consec_down,price_deviation_sq,regime,sequence,4,-0.008796594582283414,0.02794967280966064,0.0,0,0,0
consec_down,price_distance_from_max,regime,sequence,4,-0.03453005412501081,0.04120485882857094,0.0,0,0,0
consec_down,price_momentum,regime,sequence,4,0.01172751200221614,0.02399404864658288,0.0,0,0,0
consec_down,price_velocity,regime,sequence,4,0.0028152872398869945,0.01382900958366253,0.0,0,0,0
consec_down,price_velocity_lag1,regime,sequence,4,0.006670496954679545,0.023577327437291008,0.0,0,0,0
consec_down,range_1,regime,sequence,5,0.0664807028395277,0.040292637605575346,1.0,0,0,0
consec_down,range_avg_24,regime,sequence,5,-0.011889144067805118,0.022863047077019683,1.0,0,0,0
consec_down,ret_1,regime,price_returns,5,-0.5063701051957065,0.8241547746939734,1.0,0,0,0
consec_down,ret_12,regime,price_returns,5,-0.22337781157775058,0.2185047750438761,1.0,0,0,0
consec_down,ret_24,regime,price_returns,5,-0.1449360538795756,0.1462826995554498,1.0,0,0,0
consec_down,ret_3,regime,price_returns,5,-0.458350109058108,0.4987036451174962,1.0,0,0,0
consec_down,ret_48,regime,price_returns,5,-0.08236797688110108,0.07654906252705812,1.0,0,0,0
consec_down,ret_6,regime,price_returns,5,-0.3349558735745916,0.32455677847396364,1.0,0,0,0
consec_down,rsi_14,regime,trend,5,-0.24858874435306336,0.20841689718761458,1.0,0,0,0
consec_down,signed_body_pct,regime,sequence,5,-0.5064030861913269,0.8250049970531174,1.0,0,0,0
consec_down,signed_trend_efficiency_6,regime,sequence,5,-0.42509814286048125,0.35855301742952667,1.0,0,0,0
consec_down,spread,regime,sequence,4,-0.02728452971939689,0.04017121755687821,0.0,0,0,0
consec_down,spread_pct,regime,sequence,4,-0.026090566831411244,0.07172290412262788,0.0,0,0,0
consec_down,spread_trend,regime,sequence,4,-0.013777852477197365,0.01638067803561106,0.0,0,0,0
consec_down,taker_buy_ratio,regime,volume_taker_flow,5,-0.2909890037099731,0.35767916847778475,1.0,0,0,0
consec_down,time_left_min,regime,sequence,0,,,0.0,0,0,0
consec_down,time_phase,regime,sequence,0,,,0.0,0,0,0
consec_down,up_ratio_4,regime,sequence,5,-0.5517460749866536,0.5057232450254143,1.0,0,0,0
consec_down,velocity_x_phase,regime,sequence,4,0.0028152872398869945,0.01382900958366253,0.0,0,0,0
consec_down,vol_24,regime,volatility,5,-0.006438435390712045,0.01746932072746616,1.0,0,0,0
consec_down,vol_48,regime,volatility,5,0.0073363022848358965,0.019359745252078845,1.0,0,0,0
consec_down,vol_6,regime,volatility,5,-0.014512269816921738,0.02033819538764496,1.0,0,0,0
consec_down,vol_ratio,regime,volatility,5,-0.014923741974610296,0.01315205311566178,1.0,0,0,0
consec_down,vol_trend,regime,volatility,5,-0.021204636768626724,0.02280240198305662,1.0,0,0,0
consec_down,vol_z_1,regime,volatility,5,0.11655816057100163,0.06451754245865433,1.0,0,0,0
consec_down,vol_z_6,regime,volatility,5,0.09102787547741407,0.049287098858595745,1.0,0,0,0
consec_down,volume_5min,regime,sequence,0,,,0.0,0,0,0
consec_down,volume_trend,regime,sequence,0,,,0.0,0,0,0
consec_up,consecutive_down,regime,regime,5,-0.4693149774106199,0.8026403958277482,1.0,0,1,0
consec_up,consecutive_up,regime,regime,5,0.7850473123123678,0.8428165458503661,1.0,0,1,0
consec_up,cvd_1,regime,volume_taker_flow,5,0.2635461894116732,0.3489163673011235,1.0,0,0,0
consec_up,cvd_6,regime,volume_taker_flow,5,0.10537176209280921,0.10776101162892857,1.0,0,0,0
consec_up,cvd_trend,regime,sequence,5,-0.008503408156182021,0.013738766241175461,1.0,0,0,0
consec_up,day_of_week,regime,sequence,5,0.012700517654324877,0.03399542122349333,1.0,0,0,0
consec_up,dev_sq_x_phase,regime,sequence,4,0.012622667026939243,0.03446041915369681,0.0,0,0,0
consec_up,deviation_x_time,regime,sequence,0,,,0.0,0,0,0
consec_up,direction_lag_1,regime,sequence,5,0.644081768443181,0.8696778254939007,1.0,0,0,0
consec_up,direction_lag_2,regime,sequence,5,0.3097137008527279,0.20688041320718523,1.0,0,0,0
consec_up,direction_lag_3,regime,sequence,5,0.13782159361868646,0.03511358961716084,1.0,0,0,0
consec_up,dist_to_high_24,regime,cross_asset_breadth,5,0.16547323853902138,0.23748746108286048,1.0,0,0,0
consec_up,dist_to_high_96,regime,cross_asset_breadth,5,0.009233913059160274,0.07003545017745222,1.0,0,0,0
consec_up,dist_to_low_24,regime,cross_asset_breadth,5,0.20942427296654484,0.2468841201234233,1.0,0,0,0
consec_up,dist_to_low_96,regime,cross_asset_breadth,5,0.10310700297054216,0.11782277227433004,1.0,0,0,0
consec_up,dow,regime,sequence,5,0.012700517654324877,0.03399542122349333,1.0,0,0,0
consec_up,dow_cos,regime,time,5,0.03298597416829935,0.04331201187521107,1.0,0,0,0
consec_up,dow_sin,regime,time,5,-0.0004997201435889713,0.01957368883761744,1.0,0,0,0
consec_up,ema_ratio_9_21,regime,trend,5,0.09023937207970274,0.0521929964177526,1.0,0,0,0
consec_up,high_price_final,regime,sequence,4,0.015566347428088025,0.03446041915369681,0.0,0,0,0
consec_up,hour_cos,regime,time,5,0.003661502063078625,0.020513083156095725,1.0,0,0,0
consec_up,hour_of_day,regime,regime,5,0.02516031249384105,0.021279079886829224,1.0,0,1,0
consec_up,hour_sin,regime,time,5,-0.0061321093753220245,0.011557015407172215,1.0,0,0,0
consec_up,hour_utc,regime,regime,5,0.02516031249384105,0.021279079886829224,1.0,0,1,0
consec_up,is_final_phase,regime,sequence,0,,,0.0,0,0,0
consec_up,log_time_left,regime,sequence,0,,,0.0,0,0,0
consec_up,mid_price,regime,sequence,4,-0.04358507277902142,0.05118040790885255,0.0,0,0,0
consec_up,pm_best_ask,regime,polymarket_state,4,-0.04101178660871978,0.04839088783943291,0.0,0,0,0
consec_up,pm_best_bid,regime,polymarket_state,4,-0.045866321445273264,0.05328920236635071,0.0,0,0,0
consec_up,pm_momentum_5m,regime,polymarket_state,4,-0.004014660328155202,0.013839036209090095,0.0,0,0,0
consec_up,pm_quote_pressure,regime,polymarket_state,4,-0.04358507286720837,0.05118040790885255,0.0,0,0,0
consec_up,pm_spread_pct,regime,polymarket_state,4,0.030437032196820854,0.06978642874297677,0.0,0,0,0
consec_up,pm_volume_5m,regime,polymarket_state,0,,,0.0,0,0,0
consec_up,price_deviation,regime,sequence,4,0.015566347428088025,0.03446041915369681,0.0,0,0,0
consec_up,price_deviation_sq,regime,sequence,4,0.012622667026939243,0.03446041915369681,0.0,0,0,0
consec_up,price_distance_from_max,regime,sequence,4,0.03338867084094125,0.03898805115029097,0.0,0,0,0
consec_up,price_momentum,regime,sequence,4,-0.011033104665628589,0.022757101237164196,0.0,0,0,0
consec_up,price_velocity,regime,sequence,4,-0.004014660328155202,0.013839036209090095,0.0,0,0,0
consec_up,price_velocity_lag1,regime,sequence,4,-0.005695127652168189,0.020746764987940168,0.0,0,0,0
consec_up,range_1,regime,sequence,5,0.03346736582140364,0.018909644531837463,1.0,0,0,0
consec_up,range_avg_24,regime,sequence,5,0.021188418559009457,0.027823263137973286,1.0,0,0,0
consec_up,ret_1,regime,price_returns,5,0.46326929890592616,0.8082458753733751,1.0,0,0,0
consec_up,ret_12,regime,price_returns,5,0.2205294936189032,0.2129304055104966,1.0,0,0,0
consec_up,ret_24,regime,price_returns,5,0.14405979351887804,0.1393929492126932,1.0,0,0,0
consec_up,ret_3,regime,price_returns,5,0.44633524488575416,0.5061773563767528,1.0,0,0,0
consec_up,ret_48,regime,price_returns,5,0.09423789373578359,0.07393934065447083,1.0,0,0,0
consec_up,ret_6,regime,price_returns,5,0.3256870618506969,0.31368555984940105,1.0,0,0,0
consec_up,rsi_14,regime,trend,5,0.2540939284909768,0.20700686472392396,1.0,0,0,0
consec_up,signed_body_pct,regime,sequence,5,0.46368256859709034,0.809222439685027,1.0,0,0,0
consec_up,signed_trend_efficiency_6,regime,sequence,5,0.4178394422905677,0.3507337052910321,1.0,0,0,0
consec_up,spread,regime,sequence,4,0.033626107200297274,0.04080212568582995,0.0,0,0,0
consec_up,spread_pct,regime,sequence,4,0.030438441431619667,0.06972465791758825,0.0,0,0,0
consec_up,spread_trend,regime,sequence,4,0.03464706016977255,0.014662571550416394,0.0,0,0,0
consec_up,taker_buy_ratio,regime,volume_taker_flow,5,0.26354619154975223,0.3489164100361348,1.0,0,0,0
consec_up,time_left_min,regime,sequence,0,,,0.0,0,0,0
consec_up,time_phase,regime,sequence,0,,,0.0,0,0,0
consec_up,up_ratio_4,regime,sequence,5,0.5396709190673283,0.4917996736090569,1.0,0,0,0
consec_up,velocity_x_phase,regime,sequence,4,-0.004014660328155202,0.013839036209090095,0.0,0,0,0
consec_up,vol_24,regime,volatility,5,0.00022030620387917637,0.016565177585694268,1.0,0,0,0
consec_up,vol_48,regime,volatility,5,-0.005599664817274177,0.020470713676152903,1.0,0,0,0
consec_up,vol_6,regime,volatility,5,-0.03375991794095858,0.03412923778679606,1.0,0,0,0
consec_up,vol_ratio,regime,volatility,5,-0.062223698129788244,0.03209636743623468,1.0,0,0,0
consec_up,vol_trend,regime,volatility,5,-0.07432794493440735,0.04961392010721038,1.0,0,0,0
consec_up,vol_z_1,regime,volatility,5,0.04765084904916449,0.011460725646546635,1.0,0,0,0
consec_up,vol_z_6,regime,volatility,5,0.051131846174074805,0.027033459316877315,1.0,0,0,0
consec_up,volume_5min,regime,sequence,0,,,0.0,0,0,0
consec_up,volume_trend,regime,sequence,0,,,0.0,0,0,0
consecutive_down,consecutive_up,regime,regime,5,-0.4374073305710445,0.7020243112717153,1.0,0,1,0
consecutive_down,cvd_1,regime,volume_taker_flow,5,-0.2854131590593688,0.35120014220439766,1.0,0,0,0
consecutive_down,cvd_6,regime,volume_taker_flow,5,-0.12455875493301219,0.10723532291107245,1.0,0,0,0
consecutive_down,cvd_trend,regime,sequence,5,4.296251799343503e-05,0.01985516607017708,1.0,0,0,0
consecutive_down,day_of_week,regime,sequence,5,-0.08145196299621697,0.07890820159796792,1.0,0,0,0
consecutive_down,dev_sq_x_phase,regime,sequence,4,-0.008691462815681275,0.03421996639650078,0.0,0,0,0
consecutive_down,deviation_x_time,regime,sequence,0,,,0.0,0,0,0
consecutive_down,direction_lag_1,regime,sequence,5,-0.7094542472566981,0.900131845618904,1.0,0,0,0
consecutive_down,direction_lag_2,regime,sequence,5,-0.29874535042184824,0.17004424955293165,1.0,0,0,0
consecutive_down,direction_lag_3,regime,sequence,5,-0.11692302269159419,0.017180379404289823,1.0,0,0,0
consecutive_down,dist_to_high_24,regime,cross_asset_breadth,5,-0.22661169580275434,0.27463850530757594,1.0,0,0,0
consecutive_down,dist_to_high_96,regime,cross_asset_breadth,5,-0.08696932664301918,0.10884313610418972,1.0,0,0,0
consecutive_down,dist_to_low_24,regime,cross_asset_breadth,5,-0.1474832745664267,0.2121893157124212,1.0,0,0,0
consecutive_down,dist_to_low_96,regime,cross_asset_breadth,5,-0.07840041401946055,0.11059764800803504,1.0,0,0,0
consecutive_down,dow,regime,sequence,5,-0.08145196299621697,0.07890820159796792,1.0,0,0,0
consecutive_down,dow_cos,regime,time,5,0.001491605392027482,0.034904652501879005,1.0,0,0,0
consecutive_down,dow_sin,regime,time,5,0.04247582180141053,0.06003273408127263,1.0,0,0,0
consecutive_down,ema_ratio_9_21,regime,trend,5,-0.07515636356860378,0.050040129765217524,1.0,0,0,0
consecutive_down,high_price_final,regime,sequence,4,-0.011224671143854182,0.03421996639650078,0.0,0,0,0
consecutive_down,hour_cos,regime,time,5,0.03407121508115403,0.027527248048147383,1.0,0,0,0
consecutive_down,hour_of_day,regime,regime,5,-0.03463680388096746,0.03243527274555533,1.0,0,1,0
consecutive_down,hour_sin,regime,time,5,-0.014522668687635729,0.024550511338392176,1.0,0,0,0
consecutive_down,hour_utc,regime,regime,5,-0.03463680388096746,0.03243527274555533,1.0,0,1,0
consecutive_down,is_final_phase,regime,sequence,0,,,0.0,0,0,0
consecutive_down,log_time_left,regime,sequence,0,,,0.0,0,0,0
consecutive_down,mid_price,regime,sequence,4,0.04984530790074882,0.05386350290396831,0.0,0,0,0
consecutive_down,pm_best_ask,regime,polymarket_state,4,0.048555331679664235,0.052558968502910336,0.0,0,0,0
consecutive_down,pm_best_bid,regime,polymarket_state,4,0.05079995476723001,0.05451870712405276,0.0,0,0,0
consecutive_down,pm_momentum_5m,regime,polymarket_state,4,0.0017182113741335053,0.013899677164843272,0.0,0,0,0
consecutive_down,pm_quote_pressure,regime,polymarket_state,4,0.04984530830734808,0.05386350290396831,0.0,0,0,0
consecutive_down,pm_spread_pct,regime,polymarket_state,4,-0.015907897099682673,0.054225262150488056,0.0,0,0,0
consecutive_down,pm_volume_5m,regime,polymarket_state,0,,,0.0,0,0,0
consecutive_down,price_deviation,regime,sequence,4,-0.011224671143854182,0.03421996639650078,0.0,0,0,0
consecutive_down,price_deviation_sq,regime,sequence,4,-0.008691462815681275,0.03421996639650078,0.0,0,0,0
consecutive_down,price_distance_from_max,regime,sequence,4,-0.03188682961849183,0.03929394833573021,0.0,0,0,0
consecutive_down,price_momentum,regime,sequence,4,0.009593105723540477,0.022913132778230247,0.0,0,0,0
consecutive_down,price_velocity,regime,sequence,4,0.0017182113741335053,0.013899677164843272,0.0,0,0,0
consecutive_down,price_velocity_lag1,regime,sequence,4,0.003357383096789155,0.020946894917275246,0.0,0,0,0
consecutive_down,range_1,regime,sequence,5,0.12607256966685593,0.12367534465750772,1.0,0,0,0
consecutive_down,range_avg_24,regime,sequence,5,0.054620206546698094,0.05840492876045012,1.0,0,0,0
consecutive_down,ret_1,regime,price_returns,5,-0.5290386546719509,0.830604576686476,1.0,0,0,0
consecutive_down,ret_12,regime,price_returns,5,-0.22478322493758363,0.21433369374126604,1.0,0,0,0
consecutive_down,ret_24,regime,price_returns,5,-0.14425078034179728,0.13518958815621182,1.0,0,0,0
consecutive_down,ret_3,regime,price_returns,5,-0.4679003593846322,0.49236027489828516,1.0,0,0,0
consecutive_down,ret_48,regime,price_returns,5,-0.08531855237037697,0.07035869228254583,1.0,0,0,0
consecutive_down,ret_6,regime,price_returns,5,-0.3423068865179341,0.327006826356709,1.0,0,0,0
consecutive_down,rsi_14,regime,trend,5,-0.23342649787875164,0.19714075139757675,1.0,0,0,0
consecutive_down,signed_body_pct,regime,sequence,5,-0.5290078809455246,0.8314279871180112,1.0,0,0,0
consecutive_down,signed_trend_efficiency_6,regime,sequence,5,-0.40308527625597373,0.3521227182102905,1.0,0,0,0
consecutive_down,spread,regime,sequence,4,-0.01499319381256796,0.014694983385873692,0.0,0,0,0
consecutive_down,spread_pct,regime,sequence,4,-0.015908698746111172,0.054127335360736696,0.0,0,0,0
consecutive_down,spread_trend,regime,sequence,4,-0.003521155654201103,0.006822714965830257,0.0,0,0,0
consecutive_down,taker_buy_ratio,regime,volume_taker_flow,5,-0.2854131570183318,0.3512001422112137,1.0,0,0,0
consecutive_down,time_left_min,regime,sequence,0,,,0.0,0,0,0
consecutive_down,time_phase,regime,sequence,0,,,0.0,0,0,0
consecutive_down,up_ratio_4,regime,sequence,5,-0.4795749295108843,0.44377775325169316,1.0,0,0,0
consecutive_down,velocity_x_phase,regime,sequence,4,0.0017182113741335053,0.013899677164843272,0.0,0,0,0
consecutive_down,vol_24,regime,volatility,5,0.05738984318906663,0.06725099252312423,1.0,0,0,0
consecutive_down,vol_48,regime,volatility,5,0.06800189117686832,0.07069051986834868,1.0,0,0,0
consecutive_down,vol_6,regime,volatility,5,0.04380204336567014,0.06603076528553872,1.0,0,0,0
consecutive_down,vol_ratio,regime,volatility,5,0.017913880272646093,0.037223800141624463,1.0,0,0,0
consecutive_down,vol_trend,regime,volatility,5,0.0009333486529583268,0.035714445874455276,1.0,0,0,0
consecutive_down,vol_z_1,regime,volatility,5,0.12376439248943479,0.07281277222294885,1.0,0,0,0
consecutive_down,vol_z_6,regime,volatility,5,0.09576291325336098,0.05733013399458241,1.0,0,0,0
consecutive_down,volume_5min,regime,sequence,0,,,0.0,0,0,0
consecutive_down,volume_trend,regime,sequence,0,,,0.0,0,0,0
consecutive_up,cvd_1,regime,volume_taker_flow,5,0.28730025665087766,0.3511130686791971,1.0,0,0,0
consecutive_up,cvd_6,regime,volume_taker_flow,5,0.12512144898475527,0.11961345522492701,1.0,0,0,0
consecutive_up,cvd_trend,regime,sequence,5,-0.01103490246980777,0.016445343252084778,1.0,0,0,0
consecutive_up,day_of_week,regime,sequence,5,-0.02088212878557149,0.020601784112729577,1.0,0,0,0
consecutive_up,dev_sq_x_phase,regime,sequence,4,0.00965767247699302,0.030235036177717774,0.0,0,0,0
consecutive_up,deviation_x_time,regime,sequence,0,,,0.0,0,0,0
consecutive_up,direction_lag_1,regime,sequence,5,0.7176002428227205,0.900753202669182,1.0,0,0,0
consecutive_up,direction_lag_2,regime,sequence,5,0.2810843001138577,0.14026136060240701,1.0,0,0,0
consecutive_up,direction_lag_3,regime,sequence,5,0.09863222127856792,0.0037312253791139858,1.0,0,0,0
consecutive_up,dist_to_high_24,regime,cross_asset_breadth,5,0.11524828074275358,0.18133046080125445,1.0,0,0,0
consecutive_up,dist_to_high_96,regime,cross_asset_breadth,5,0.022982870064951883,0.06624476869798909,1.0,0,0,0
consecutive_up,dist_to_low_24,regime,cross_asset_breadth,5,0.25679935841006574,0.2768792741159492,1.0,0,0,0
consecutive_up,dist_to_low_96,regime,cross_asset_breadth,5,0.13401996620138473,0.14237964888478735,1.0,0,0,0
consecutive_up,dow,regime,sequence,5,-0.02088212878557149,0.020601784112729577,1.0,0,0,0
consecutive_up,dow_cos,regime,time,5,0.026229509743022843,0.03837131723426641,1.0,0,0,0
consecutive_up,dow_sin,regime,time,5,0.04558029985430442,0.040266807586685674,1.0,0,0,0
consecutive_up,ema_ratio_9_21,regime,trend,5,0.0819606199282675,0.05499651484339952,1.0,0,0,0
consecutive_up,high_price_final,regime,sequence,4,0.012763345586248014,0.030235036177717774,0.0,0,0,0
consecutive_up,hour_cos,regime,time,5,-0.007475544073386497,0.017877728906141335,1.0,0,0,0
consecutive_up,hour_of_day,regime,regime,5,0.0378961891785561,0.03750497067639726,1.0,0,1,0
consecutive_up,hour_sin,regime,time,5,-0.043926688193437355,0.037494083861487934,1.0,0,0,0
consecutive_up,hour_utc,regime,regime,5,0.0378961891785561,0.03750497067639726,1.0,0,1,0
consecutive_up,is_final_phase,regime,sequence,0,,,0.0,0,0,0
consecutive_up,log_time_left,regime,sequence,0,,,0.0,0,0,0
consecutive_up,mid_price,regime,sequence,4,-0.03243356687263989,0.03569879885811904,0.0,0,0,0
consecutive_up,pm_best_ask,regime,polymarket_state,4,-0.030883070080711908,0.0338470683839467,0.0,0,0,0
consecutive_up,pm_best_bid,regime,polymarket_state,4,-0.03377000473507869,0.03712875382101651,0.0,0,0,0
consecutive_up,pm_momentum_5m,regime,polymarket_state,4,-0.0030505634881204647,0.008721106971012116,0.0,0,0,0
consecutive_up,pm_quote_pressure,regime,polymarket_state,4,-0.03243356734128064,0.03569879885811904,0.0,0,0,0
consecutive_up,pm_spread_pct,regime,polymarket_state,4,0.01726066287544635,0.04706255559156813,0.0,0,0,0
consecutive_up,pm_volume_5m,regime,polymarket_state,0,,,0.0,0,0,0
consecutive_up,price_deviation,regime,sequence,4,0.012763345586248014,0.030235036177717774,0.0,0,0,0
consecutive_up,price_deviation_sq,regime,sequence,4,0.00965767247699302,0.030235036177717774,0.0,0,0,0
consecutive_up,price_distance_from_max,regime,sequence,4,0.021750209620574175,0.024574639141707676,0.0,0,0,0
consecutive_up,price_momentum,regime,sequence,4,-0.0068657880343154735,0.01258881252493934,0.0,0,0,0
consecutive_up,price_velocity,regime,sequence,4,-0.0030505634881204647,0.008721106971012116,0.0,0,0,0
consecutive_up,price_velocity_lag1,regime,sequence,4,-0.002966129011250775,0.014548239187449042,0.0,0,0,0
consecutive_up,range_1,regime,sequence,5,0.1329263142466215,0.1456490617628558,1.0,0,0,0
consecutive_up,range_avg_24,regime,sequence,5,0.08887303363863407,0.09150750039529068,1.0,0,0,0
consecutive_up,ret_1,regime,price_returns,5,0.5294159257630832,0.8267159412077386,1.0,0,0,0
consecutive_up,ret_12,regime,price_returns,5,0.22553261570209698,0.21516421850885561,1.0,0,0,0
consecutive_up,ret_24,regime,price_returns,5,0.13874254287008672,0.1356277533863674,1.0,0,0,0
consecutive_up,ret_3,regime,price_returns,5,0.46318087839921446,0.464025121748275,1.0,0,0,0
consecutive_up,ret_48,regime,price_returns,5,0.09711511718497992,0.08187195585433786,1.0,0,0,0
consecutive_up,ret_6,regime,price_returns,5,0.3235848826094239,0.2965360364578811,1.0,0,0,0
consecutive_up,rsi_14,regime,trend,5,0.23644211953560584,0.20436027403958265,1.0,0,0,0
consecutive_up,signed_body_pct,regime,sequence,5,0.5294811115704479,0.8275056249298369,1.0,0,0,0
consecutive_up,signed_trend_efficiency_6,regime,sequence,5,0.36584259244879574,0.32249427466813796,1.0,0,0,0
consecutive_up,spread,regime,sequence,4,0.020279616056133355,0.03197193147591456,0.0,0,0,0
consecutive_up,spread_pct,regime,sequence,4,0.01726177804416764,0.0470034929952355,0.0,0,0,0
consecutive_up,spread_trend,regime,sequence,4,0.028432969525559758,0.014478332349481616,0.0,0,0,0
consecutive_up,taker_buy_ratio,regime,volume_taker_flow,5,0.2873002573066888,0.3511130323905759,1.0,0,0,0
consecutive_up,time_left_min,regime,sequence,0,,,0.0,0,0,0
consecutive_up,time_phase,regime,sequence,0,,,0.0,0,0,0
consecutive_up,up_ratio_4,regime,sequence,5,0.6288206839567961,0.5612652891172328,1.0,0,0,0
consecutive_up,velocity_x_phase,regime,sequence,4,-0.0030505634881204647,0.008721106971012116,0.0,0,0,0
consecutive_up,vol_24,regime,volatility,5,0.07309005227575349,0.08863064126921887,1.0,0,0,0
consecutive_up,vol_48,regime,volatility,5,0.049063446152801275,0.06557078524993701,1.0,0,0,0
consecutive_up,vol_6,regime,volatility,5,0.06463771081326541,0.09123004336985982,1.0,0,0,0
consecutive_up,vol_ratio,regime,volatility,5,0.030777176360933668,0.05600419048127667,1.0,0,0,0
consecutive_up,vol_trend,regime,volatility,5,0.006364720688952173,0.025265141907030587,1.0,0,0,0
consecutive_up,vol_z_1,regime,volatility,5,0.0858758164645647,0.04969190927248691,1.0,0,0,0
consecutive_up,vol_z_6,regime,volatility,5,0.0754261593680228,0.053843568328800086,1.0,0,0,0
consecutive_up,volume_5min,regime,sequence,0,,,0.0,0,0,0
consecutive_up,volume_trend,regime,sequence,0,,,0.0,0,0,0
cvd_1,cvd_6,volume_taker_flow,volume_taker_flow,5,0.42777753695666654,0.42104907219933607,1.0,0,1,0
cvd_1,cvd_trend,volume_taker_flow,sequence,5,0.0036087646204960022,0.05069617778735425,1.0,0,0,0
cvd_1,day_of_week,volume_taker_flow,sequence,5,0.043399047110762444,0.04666564812022641,1.0,0,0,0
cvd_1,dev_sq_x_phase,volume_taker_flow,sequence,4,0.013344127520754284,0.020529005716255353,0.0,0,0,0
cvd_1,deviation_x_time,volume_taker_flow,sequence,0,,,0.0,0,0,0
cvd_1,direction_lag_1,volume_taker_flow,sequence,5,0.36869606991267095,0.375433472349354,1.0,0,0,0
cvd_1,direction_lag_2,volume_taker_flow,sequence,5,0.04694510040635715,0.05771257675433516,1.0,0,0,0
cvd_1,direction_lag_3,volume_taker_flow,sequence,5,0.01867728350396251,0.02717601362786673,1.0,0,0,0
cvd_1,dist_to_high_24,volume_taker_flow,cross_asset_breadth,5,0.08194206612593703,0.15948188207703057,1.0,0,0,0
cvd_1,dist_to_high_96,volume_taker_flow,cross_asset_breadth,5,0.05540319696427084,0.08246936736556404,1.0,0,0,0
cvd_1,dist_to_low_24,volume_taker_flow,cross_asset_breadth,5,0.10758253522004005,0.15846610346413878,1.0,0,0,0
cvd_1,dist_to_low_96,volume_taker_flow,cross_asset_breadth,5,0.0706202854087441,0.10929603834558324,1.0,0,0,0
cvd_1,dow,volume_taker_flow,sequence,5,0.043399047110762444,0.04666564812022641,1.0,0,0,0
cvd_1,dow_cos,volume_taker_flow,time,5,-0.0027419631402315504,0.0061525383865872856,1.0,0,0,0
cvd_1,dow_sin,volume_taker_flow,time,5,-0.000989689687063031,0.009667397800121453,1.0,0,0,0
cvd_1,ema_ratio_9_21,volume_taker_flow,trend,5,0.040199824059422816,0.07461994930163965,1.0,0,0,0
cvd_1,high_price_final,volume_taker_flow,sequence,4,0.01365870488035337,0.020529005716255353,0.0,0,0,0
cvd_1,hour_cos,volume_taker_flow,time,5,-0.012105186059208652,0.022267765485135472,1.0,0,0,0
cvd_1,hour_of_day,volume_taker_flow,regime,5,0.02380185640067321,0.049529313271234665,1.0,0,0,0
cvd_1,hour_sin,volume_taker_flow,time,5,-0.034674311572261016,0.059512647766598356,1.0,0,0,0
cvd_1,hour_utc,volume_taker_flow,regime,5,0.02380185640067321,0.049529313271234665,1.0,0,0,0
cvd_1,is_final_phase,volume_taker_flow,sequence,0,,,0.0,0,0,0
cvd_1,log_time_left,volume_taker_flow,sequence,0,,,0.0,0,0,0
cvd_1,mid_price,volume_taker_flow,sequence,4,-0.03954226149864009,0.05858054962357725,0.0,0,0,0
cvd_1,pm_best_ask,volume_taker_flow,polymarket_state,4,-0.03871520791472135,0.05691961230241244,0.0,0,0,0
cvd_1,pm_best_bid,volume_taker_flow,polymarket_state,4,-0.040119465134211905,0.05962264462311857,0.0,0,0,0
cvd_1,pm_momentum_5m,volume_taker_flow,polymarket_state,4,-0.004642398425405085,0.018377778347820135,0.0,0,0,0
cvd_1,pm_quote_pressure,volume_taker_flow,polymarket_state,4,-0.03954226154864921,0.05858054962357725,0.0,0,0,0
cvd_1,pm_spread_pct,volume_taker_flow,polymarket_state,4,0.01581581457711859,0.05836809080644379,0.0,0,0,0
cvd_1,pm_volume_5m,volume_taker_flow,polymarket_state,0,,,0.0,0,0,0
cvd_1,price_deviation,volume_taker_flow,sequence,4,0.01365870488035337,0.020529005716255353,0.0,0,0,0
cvd_1,price_deviation_sq,volume_taker_flow,sequence,4,0.013344127520754284,0.020529005716255353,0.0,0,0,0
cvd_1,price_distance_from_max,volume_taker_flow,sequence,4,0.027408812177243308,0.038155178464436355,0.0,0,0,0
cvd_1,price_momentum,volume_taker_flow,sequence,4,-0.012434601319275762,0.030060124583161638,0.0,0,0,0
cvd_1,price_velocity,volume_taker_flow,sequence,4,-0.004642398425405085,0.018377778347820135,0.0,0,0,0
cvd_1,price_velocity_lag1,volume_taker_flow,sequence,4,-0.005997922369528405,0.020176128531128257,0.0,0,0,0
cvd_1,range_1,volume_taker_flow,sequence,5,-0.0009475717269290786,0.038955264538914354,1.0,0,0,0
cvd_1,range_avg_24,volume_taker_flow,sequence,5,0.0020664601111392345,0.023771962584412797,1.0,0,0,0
cvd_1,ret_1,volume_taker_flow,price_returns,5,0.33753899789328135,0.4128034296638683,1.0,0,0,0
cvd_1,ret_12,volume_taker_flow,price_returns,5,0.12049903237746935,0.1653365235050162,1.0,0,0,0
cvd_1,ret_24,volume_taker_flow,price_returns,5,0.08113821026913319,0.11626419744999365,1.0,0,0,0
cvd_1,ret_3,volume_taker_flow,price_returns,5,0.22521013365000503,0.2936590990973256,1.0,0,0,0
cvd_1,ret_48,volume_taker_flow,price_returns,5,0.05343701959539441,0.07325464952518487,1.0,0,0,0
cvd_1,ret_6,volume_taker_flow,price_returns,5,0.15585277756120233,0.21756504354373574,1.0,0,0,0
cvd_1,rsi_14,volume_taker_flow,trend,5,0.14852230909779024,0.1670995238742401,1.0,0,0,0
cvd_1,signed_body_pct,volume_taker_flow,sequence,5,0.3375590860148568,0.41262899033908546,1.0,0,0,0
cvd_1,signed_trend_efficiency_6,volume_taker_flow,sequence,5,0.2156391981025605,0.2375655967972473,1.0,0,0,0
cvd_1,spread,volume_taker_flow,sequence,4,0.009938491572785105,0.018201951415763525,0.0,0,0,0
cvd_1,spread_pct,volume_taker_flow,sequence,4,0.015816219173480067,0.05829717426040769,0.0,0,0,0
cvd_1,spread_trend,volume_taker_flow,sequence,4,0.005882709198279215,0.004435512642548943,0.0,0,0,0
cvd_1,taker_buy_ratio,volume_taker_flow,volume_taker_flow,5,0.9999999999999943,0.9999999999883957,1.0,5,1,1
cvd_1,time_left_min,volume_taker_flow,sequence,0,,,0.0,0,0,0
cvd_1,time_phase,volume_taker_flow,sequence,0,,,0.0,0,0,0
cvd_1,up_ratio_4,volume_taker_flow,sequence,5,0.21932439136580512,0.2230655339947748,1.0,0,0,0
cvd_1,velocity_x_phase,volume_taker_flow,sequence,4,-0.004642398425405085,0.018377778347820135,0.0,0,0,0
cvd_1,vol_24,volume_taker_flow,volatility,5,0.0068500813466216195,0.026406245506890455,1.0,0,0,0
cvd_1,vol_48,volume_taker_flow,volatility,5,-0.017650442602710988,0.045122865699788184,1.0,0,0,0
cvd_1,vol_6,volume_taker_flow,volatility,5,0.012577103486348367,0.037237897936894616,1.0,0,0,0
cvd_1,vol_ratio,volume_taker_flow,volatility,5,0.02714287839366572,0.032082260932577635,1.0,0,0,0
cvd_1,vol_trend,volume_taker_flow,volatility,5,0.016361229048521636,0.013750482254561762,1.0,0,0,0
cvd_1,vol_z_1,volume_taker_flow,volatility,5,0.002465490218803363,0.027181075844713267,1.0,0,0,0
cvd_1,vol_z_6,volume_taker_flow,volatility,5,0.008388708320151417,0.011641920507182792,1.0,0,0,0
cvd_1,volume_5min,volume_taker_flow,sequence,0,,,0.0,0,0,0
cvd_1,volume_trend,volume_taker_flow,sequence,0,,,0.0,0,0,0
cvd_6,cvd_trend,volume_taker_flow,sequence,5,-0.001412234517851839,0.15368847726598767,1.0,0,0,0
cvd_6,day_of_week,volume_taker_flow,sequence,5,0.08410233451589262,0.0874096188435694,1.0,0,0,0
cvd_6,dev_sq_x_phase,volume_taker_flow,sequence,4,0.008381312305293365,0.017697088253730113,0.0,0,0,0
cvd_6,deviation_x_time,volume_taker_flow,sequence,0,,,0.0,0,0,0
cvd_6,direction_lag_1,volume_taker_flow,sequence,5,0.09195773719463231,0.09848257239483284,1.0,0,0,0
cvd_6,direction_lag_2,volume_taker_flow,sequence,5,0.0908300910908465,0.10213659875992066,1.0,0,0,0
cvd_6,direction_lag_3,volume_taker_flow,sequence,5,0.10986793895623921,0.11854235620674466,1.0,0,0,0
cvd_6,dist_to_high_24,volume_taker_flow,cross_asset_breadth,5,0.15952342429003527,0.2555004129912402,1.0,0,0,0
cvd_6,dist_to_high_96,volume_taker_flow,cross_asset_breadth,5,0.1512727697065474,0.20781872406780647,1.0,0,0,0
cvd_6,dist_to_low_24,volume_taker_flow,cross_asset_breadth,5,0.1890068499158168,0.2663857071233582,1.0,0,0,0
cvd_6,dist_to_low_96,volume_taker_flow,cross_asset_breadth,5,0.16420253956348038,0.23562270800234522,1.0,0,0,0
cvd_6,dow,volume_taker_flow,sequence,5,0.08410233451589262,0.0874096188435694,1.0,0,0,0
cvd_6,dow_cos,volume_taker_flow,time,5,0.03268647297905191,0.03007488393273975,1.0,0,0,0
cvd_6,dow_sin,volume_taker_flow,time,5,0.008352778967834101,0.01871089910264871,1.0,0,0,0
cvd_6,ema_ratio_9_21,volume_taker_flow,trend,5,0.21054387561372323,0.29336734301381634,1.0,0,0,0
cvd_6,high_price_final,volume_taker_flow,sequence,4,0.009841826960480759,0.017697088253730113,0.0,0,0,0
cvd_6,hour_cos,volume_taker_flow,time,5,0.00034010450836238044,0.04486043098191372,1.0,0,0,0
cvd_6,hour_of_day,volume_taker_flow,regime,5,0.06730114206377762,0.10581312540707016,1.0,0,0,0
cvd_6,hour_sin,volume_taker_flow,time,5,-0.0860153655486761,0.11568296164331814,1.0,0,0,0
cvd_6,hour_utc,volume_taker_flow,regime,5,0.06730114206377762,0.10581312540707016,1.0,0,0,0
cvd_6,is_final_phase,volume_taker_flow,sequence,0,,,0.0,0,0,0
cvd_6,log_time_left,volume_taker_flow,sequence,0,,,0.0,0,0,0
cvd_6,mid_price,volume_taker_flow,sequence,4,-0.013665877283211402,0.02336676849698521,0.0,0,0,0
cvd_6,pm_best_ask,volume_taker_flow,polymarket_state,4,-0.012791529598217366,0.021968271446203443,0.0,0,0,0
cvd_6,pm_best_bid,volume_taker_flow,polymarket_state,4,-0.014454457217443597,0.02446809380429642,0.0,0,0,0
cvd_6,pm_momentum_5m,volume_taker_flow,polymarket_state,4,0.0032298202040365533,0.00797732617954843,0.0,0,0,0
cvd_6,pm_quote_pressure,volume_taker_flow,polymarket_state,4,-0.013665877439582582,0.02336676849698521,0.0,0,0,0
cvd_6,pm_spread_pct,volume_taker_flow,polymarket_state,4,0.01414101353812643,0.038900594349208555,0.0,0,0,0
cvd_6,pm_volume_5m,volume_taker_flow,polymarket_state,0,,,0.0,0,0,0
cvd_6,price_deviation,volume_taker_flow,sequence,4,0.009841826960480759,0.017697088253730113,0.0,0,0,0
cvd_6,price_deviation_sq,volume_taker_flow,sequence,4,0.008381312305293365,0.017697088253730113,0.0,0,0,0
cvd_6,price_distance_from_max,volume_taker_flow,sequence,4,0.006382660431797068,0.017348255131049668,0.0,0,0,0
cvd_6,price_momentum,volume_taker_flow,sequence,4,0.002598852973304512,0.010563432365146397,0.0,0,0,0
cvd_6,price_velocity,volume_taker_flow,sequence,4,0.0032298202040365533,0.00797732617954843,0.0,0,0,0
cvd_6,price_velocity_lag1,volume_taker_flow,sequence,4,0.004046016704829701,0.011699307814101417,0.0,0,0,0
cvd_6,range_1,volume_taker_flow,sequence,5,0.009788658703122238,0.04532179883013547,1.0,0,0,0
cvd_6,range_avg_24,volume_taker_flow,sequence,5,-0.008275952391088442,0.04686669868187248,1.0,0,0,0
cvd_6,ret_1,volume_taker_flow,price_returns,5,0.12134665748575786,0.12296839722290179,1.0,0,0,0
cvd_6,ret_12,volume_taker_flow,price_returns,5,0.2601214393746363,0.3331903052588252,1.0,0,0,0
cvd_6,ret_24,volume_taker_flow,price_returns,5,0.19466761184078696,0.25416105315396237,1.0,0,0,0
cvd_6,ret_3,volume_taker_flow,price_returns,5,0.2104936457015203,0.2435776024005745,1.0,0,0,0
cvd_6,ret_48,volume_taker_flow,price_returns,5,0.13080512186078336,0.18271069228346562,1.0,0,0,0
cvd_6,ret_6,volume_taker_flow,price_returns,5,0.322912710716022,0.3951703879471958,1.0,0,0,0
cvd_6,rsi_14,volume_taker_flow,trend,5,0.31053320392351097,0.33803656246831876,1.0,0,0,0
cvd_6,signed_body_pct,volume_taker_flow,sequence,5,0.12095434875503741,0.12256480962469736,1.0,0,0,0
cvd_6,signed_trend_efficiency_6,volume_taker_flow,sequence,5,0.3808997939842523,0.4062713043156761,1.0,0,0,0
cvd_6,spread,volume_taker_flow,sequence,4,0.009708846497480488,0.03755475222192088,0.0,0,0,0
cvd_6,spread_pct,volume_taker_flow,sequence,4,0.014142833638622971,0.03890419300573692,0.0,0,0,0
cvd_6,spread_trend,volume_taker_flow,sequence,4,-0.004109585488159541,0.014224393276975448,0.0,0,0,0
cvd_6,taker_buy_ratio,volume_taker_flow,volume_taker_flow,5,0.4277775342483844,0.4210487673999332,1.0,0,1,0
cvd_6,time_left_min,volume_taker_flow,sequence,0,,,0.0,0,0,0
cvd_6,time_phase,volume_taker_flow,sequence,0,,,0.0,0,0,0
cvd_6,up_ratio_4,volume_taker_flow,sequence,5,0.20989128551930988,0.2268097290795473,1.0,0,0,0
cvd_6,velocity_x_phase,volume_taker_flow,sequence,4,0.0032298202040365533,0.00797732617954843,0.0,0,0,0
cvd_6,vol_24,volume_taker_flow,volatility,5,0.00916315579562374,0.05301788330406114,1.0,0,0,0
cvd_6,vol_48,volume_taker_flow,volatility,5,-0.04051818725680789,0.08269146104528709,1.0,0,0,0
cvd_6,vol_6,volume_taker_flow,volatility,5,0.021380450784587623,0.06224472703780643,1.0,0,0,0
cvd_6,vol_ratio,volume_taker_flow,volatility,5,0.05798131023723657,0.061938419000205525,1.0,0,0,0
cvd_6,vol_trend,volume_taker_flow,volatility,5,0.018301045637244263,0.026271596816350072,1.0,0,0,0
cvd_6,vol_z_1,volume_taker_flow,volatility,5,-0.0036840605613467636,0.041641483985111936,1.0,0,0,0
cvd_6,vol_z_6,volume_taker_flow,volatility,5,-0.0014992216124978613,0.011812070685134905,1.0,0,0,0
cvd_6,volume_5min,volume_taker_flow,sequence,0,,,0.0,0,0,0
cvd_6,volume_trend,volume_taker_flow,sequence,0,,,0.0,0,0,0
cvd_trend,day_of_week,sequence,sequence,5,0.0020946103090515276,0.022429928478893163,1.0,0,1,0
cvd_trend,dev_sq_x_phase,sequence,sequence,4,0.0013493808057432383,0.005025503275611016,0.0,0,1,0
cvd_trend,deviation_x_time,sequence,sequence,0,,,0.0,0,1,0
cvd_trend,direction_lag_1,sequence,sequence,5,0.0014038363503078293,0.011271817791562617,1.0,0,1,0
cvd_trend,direction_lag_2,sequence,sequence,5,-0.007370948028228274,0.018769881467482017,1.0,0,1,0
cvd_trend,direction_lag_3,sequence,sequence,5,-0.0037732128846544332,0.016974636280754695,1.0,0,1,0
cvd_trend,dist_to_high_24,sequence,cross_asset_breadth,5,0.005230943728063698,0.011398012868429048,1.0,0,0,0
cvd_trend,dist_to_high_96,sequence,cross_asset_breadth,5,0.007308191635344782,0.019924245871802373,1.0,0,0,0
cvd_trend,dist_to_low_24,sequence,cross_asset_breadth,5,-0.003970767864375209,0.032675382067838106,1.0,0,0,0
cvd_trend,dist_to_low_96,sequence,cross_asset_breadth,5,0.0029303460406594132,0.015290784629639467,1.0,0,0,0
cvd_trend,dow,sequence,sequence,5,0.0020946103090515276,0.022429928478893163,1.0,0,1,0
cvd_trend,dow_cos,sequence,time,5,0.004635730544890396,0.03231054022331283,1.0,0,0,0
cvd_trend,dow_sin,sequence,time,5,-0.005402451996413149,0.02898495804783204,1.0,0,0,0
cvd_trend,ema_ratio_9_21,sequence,trend,5,0.0037396464855407527,0.008445653715622586,1.0,0,0,0
cvd_trend,high_price_final,sequence,sequence,4,0.0007362324559554124,0.005025503275611016,0.0,0,1,0
cvd_trend,hour_cos,sequence,time,5,0.007409336980073454,0.028524289248689823,1.0,0,0,0
cvd_trend,hour_of_day,sequence,regime,5,-0.0016670142125729602,0.03825014117498149,1.0,0,0,0
cvd_trend,hour_sin,sequence,time,5,0.0007389227287524755,0.01956434519642301,1.0,0,0,0
cvd_trend,hour_utc,sequence,regime,5,-0.0016670142125729602,0.03825014117498149,1.0,0,0,0
cvd_trend,is_final_phase,sequence,sequence,0,,,0.0,0,1,0
cvd_trend,log_time_left,sequence,sequence,0,,,0.0,0,1,0
cvd_trend,mid_price,sequence,sequence,4,-0.00040917823742355733,0.018507291082645115,0.0,0,1,0
cvd_trend,pm_best_ask,sequence,polymarket_state,4,-0.0009567080957018762,0.02122820073542163,0.0,0,0,0
cvd_trend,pm_best_bid,sequence,polymarket_state,4,0.00014079042987969853,0.015877679130397535,0.0,0,0,0
cvd_trend,pm_momentum_5m,sequence,polymarket_state,4,-0.001439655624556595,0.013431846295891023,0.0,0,0,0
cvd_trend,pm_quote_pressure,sequence,polymarket_state,4,-0.0004091782893908063,0.018507291082645115,0.0,0,0,0
cvd_trend,pm_spread_pct,sequence,polymarket_state,4,-0.002093414761245064,0.031730555209127924,0.0,0,0,0
cvd_trend,pm_volume_5m,sequence,polymarket_state,0,,,0.0,0,0,0
cvd_trend,price_deviation,sequence,sequence,4,0.0007362324559554124,0.005025503275611016,0.0,0,1,0
cvd_trend,price_deviation_sq,sequence,sequence,4,0.0013493808057432383,0.005025503275611016,0.0,0,1,0
cvd_trend,price_distance_from_max,sequence,sequence,4,0.000725190125550901,0.020735807808373002,0.0,0,1,0
cvd_trend,price_momentum,sequence,sequence,4,0.0005459140175873969,0.01551902257155953,0.0,0,1,0
cvd_trend,price_velocity,sequence,sequence,4,-0.001439655624556595,0.013431846295891023,0.0,0,1,0
cvd_trend,price_velocity_lag1,sequence,sequence,4,0.0007658605064085825,0.015048153762049892,0.0,0,1,0
cvd_trend,range_1,sequence,sequence,5,-0.00652392195134238,0.010865731767053986,1.0,0,1,0
cvd_trend,range_avg_24,sequence,sequence,5,-0.006908263465204243,0.02934524832488584,1.0,0,1,0
cvd_trend,ret_1,sequence,price_returns,5,0.0012149225414257818,0.01508530801243217,1.0,0,0,0
cvd_trend,ret_12,sequence,price_returns,5,0.002287195466469036,0.015054761947196672,1.0,0,0,0
cvd_trend,ret_24,sequence,price_returns,5,0.0021780905529941697,0.009211546319384499,1.0,0,0,0
cvd_trend,ret_3,sequence,price_returns,5,-0.006592345558100669,0.028524420549771487,1.0,0,0,0
cvd_trend,ret_48,sequence,price_returns,5,0.006219105077777181,0.013335451600858458,1.0,0,0,0
cvd_trend,ret_6,sequence,price_returns,5,-0.0038707870236558257,0.030273281188610737,1.0,0,0,0
cvd_trend,rsi_14,sequence,trend,5,0.004188652679272096,0.020347015207690756,1.0,0,0,0
cvd_trend,signed_body_pct,sequence,sequence,5,0.0010865386126453764,0.01631911700680488,1.0,0,1,0
cvd_trend,signed_trend_efficiency_6,sequence,sequence,5,0.0006146380766001853,0.030200274172809356,1.0,0,1,0
cvd_trend,spread,sequence,sequence,4,-0.008013806202230501,0.06063831042097866,0.0,0,1,0
cvd_trend,spread_pct,sequence,sequence,4,-0.0020937161212795548,0.03177041215534677,0.0,0,1,0
cvd_trend,spread_trend,sequence,sequence,4,-0.018770072286072886,0.019519217146776895,0.0,0,1,0
cvd_trend,taker_buy_ratio,sequence,volume_taker_flow,5,0.003608763923577188,0.050696141214304755,1.0,0,0,0
cvd_trend,time_left_min,sequence,sequence,0,,,0.0,0,1,0
cvd_trend,time_phase,sequence,sequence,0,,,0.0,0,1,0
cvd_trend,up_ratio_4,sequence,sequence,5,-0.006508206235727572,0.022085164930169588,1.0,0,1,0
cvd_trend,velocity_x_phase,sequence,sequence,4,-0.001439655624556595,0.013431846295891023,0.0,0,1,0
cvd_trend,vol_24,sequence,volatility,5,-0.007357284108499158,0.04506739703626173,1.0,0,0,0
cvd_trend,vol_48,sequence,volatility,5,-0.007086960596350821,0.04685986881266084,1.0,0,0,0
cvd_trend,vol_6,sequence,volatility,5,-0.008968244465640799,0.007935906242299815,1.0,0,0,0
cvd_trend,vol_ratio,sequence,volatility,5,-0.007305286196173375,0.02580888751958884,1.0,0,0,0
cvd_trend,vol_trend,sequence,volatility,5,-0.006119510505081217,0.031331690884747465,1.0,0,0,0
cvd_trend,vol_z_1,sequence,volatility,5,-0.006260696826518851,0.005541946107315736,1.0,0,0,0
cvd_trend,vol_z_6,sequence,volatility,5,-0.0011658780556827,0.017378343546664676,1.0,0,0,0
cvd_trend,volume_5min,sequence,sequence,0,,,0.0,0,1,0
cvd_trend,volume_trend,sequence,sequence,0,,,0.0,0,1,0
day_of_week,dev_sq_x_phase,sequence,sequence,4,0.039491130700050676,0.06423697293129059,0.0,0,1,0
day_of_week,deviation_x_time,sequence,sequence,0,,,0.0,0,1,0
day_of_week,direction_lag_1,sequence,sequence,5,0.032473995212425645,0.03634830398497994,1.0,0,1,0
day_of_week,direction_lag_2,sequence,sequence,5,0.012786507420327182,0.01945416772146378,1.0,0,1,0
day_of_week,direction_lag_3,sequence,sequence,5,0.02727847400140051,0.030737874468884076,1.0,0,1,0
day_of_week,dist_to_high_24,sequence,cross_asset_breadth,5,0.2231071780995685,0.3735634033373392,1.0,0,0,0
day_of_week,dist_to_high_96,sequence,cross_asset_breadth,5,0.19080462447286234,0.3633906001562442,1.0,0,0,0
day_of_week,dist_to_low_24,sequence,cross_asset_breadth,5,-0.050306466392244474,0.11108167225737427,1.0,0,0,0
day_of_week,dist_to_low_96,sequence,cross_asset_breadth,5,0.10928004330886705,0.12312930556666128,1.0,0,0,0
day_of_week,dow,sequence,sequence,5,1.0,1.0000000000000002,1.0,5,1,1
day_of_week,dow_cos,sequence,time,5,-0.25394303851779276,0.26505324277100506,1.0,0,0,0
day_of_week,dow_sin,sequence,time,5,-0.7569958375931484,0.8294653555192177,1.0,0,0,0
day_of_week,ema_ratio_9_21,sequence,trend,5,0.1185365499124708,0.17109014116604404,1.0,0,0,0
day_of_week,high_price_final,sequence,sequence,4,0.029313542869495793,0.06423697293129059,0.0,0,1,0
day_of_week,hour_cos,sequence,time,5,-0.053209325637245855,0.06293360886884063,1.0,0,0,0
day_of_week,hour_of_day,sequence,regime,5,0.011598459002391925,0.021130908728420633,1.0,0,0,0
day_of_week,hour_sin,sequence,time,5,0.02913813824727136,0.04305586837053919,1.0,0,0,0
day_of_week,hour_utc,sequence,regime,5,0.011598459002391925,0.021130908728420633,1.0,0,0,0
day_of_week,is_final_phase,sequence,sequence,0,,,0.0,0,1,0
day_of_week,log_time_left,sequence,sequence,0,,,0.0,0,1,0
day_of_week,mid_price,sequence,sequence,4,0.012698528287988694,0.020899055543531476,0.0,0,1,0
day_of_week,pm_best_ask,sequence,polymarket_state,4,0.015219832536101048,0.02274680325024293,0.0,0,0,0
day_of_week,pm_best_bid,sequence,polymarket_state,4,0.010068859944875753,0.019018869528746648,0.0,0,0,0
day_of_week,pm_momentum_5m,sequence,polymarket_state,4,0.01108829491452928,0.014171244792197777,0.0,0,0,0
day_of_week,pm_quote_pressure,sequence,polymarket_state,4,0.012698527517521457,0.020899055543531476,0.0,0,0,0
day_of_week,pm_spread_pct,sequence,polymarket_state,4,0.052885378019201124,0.03193991828602099,0.0,0,0,0
day_of_week,pm_volume_5m,sequence,polymarket_state,0,,,0.0,0,0,0
day_of_week,price_deviation,sequence,sequence,4,0.029313542869495793,0.06423697293129059,0.0,0,1,0
day_of_week,price_deviation_sq,sequence,sequence,4,0.039491130700050676,0.06423697293129059,0.0,0,1,0
day_of_week,price_distance_from_max,sequence,sequence,4,0.015130322905964293,0.02626888725100591,0.0,0,1,0
day_of_week,price_momentum,sequence,sequence,4,0.017318268077397354,0.02233338708616663,0.0,0,1,0
day_of_week,price_velocity,sequence,sequence,4,0.01108829491452928,0.014171244792197777,0.0,0,1,0
day_of_week,price_velocity_lag1,sequence,sequence,4,0.011326715632700546,0.011565701153116621,0.0,0,1,0
day_of_week,range_1,sequence,sequence,5,-0.15232150919995796,0.328338441753147,1.0,0,1,0
day_of_week,range_avg_24,sequence,sequence,5,-0.310166186312496,0.5340544869422372,1.0,0,1,0
day_of_week,ret_1,sequence,price_returns,5,0.04978418346417325,0.05795294561666677,1.0,0,0,0
day_of_week,ret_12,sequence,price_returns,5,0.11820083835355204,0.15514104162414652,1.0,0,0,0
day_of_week,ret_24,sequence,price_returns,5,0.09770828109361449,0.12121608166685875,1.0,0,0,0
day_of_week,ret_3,sequence,price_returns,5,0.07554807690591751,0.10762962842187855,1.0,0,0,0
day_of_week,ret_48,sequence,price_returns,5,0.11786845341514582,0.1695751701937153,1.0,0,0,0
day_of_week,ret_6,sequence,price_returns,5,0.113268822142041,0.14528005796326515,1.0,0,0,0
day_of_week,rsi_14,sequence,trend,5,0.14120260415410435,0.1570536875910387,1.0,0,0,0
day_of_week,signed_body_pct,sequence,sequence,5,0.04928891569066281,0.05748693355159976,1.0,0,1,0
day_of_week,signed_trend_efficiency_6,sequence,sequence,5,0.12367651185972117,0.14459835054352735,1.0,0,1,0
day_of_week,spread,sequence,sequence,4,0.03630326191872604,0.06148013412006693,0.0,0,1,0
day_of_week,spread_pct,sequence,sequence,4,0.05288472876164979,0.03208721525019978,0.0,0,1,0
day_of_week,spread_trend,sequence,sequence,4,0.009742857810902507,0.07817868741950816,0.0,0,1,0
day_of_week,taker_buy_ratio,sequence,volume_taker_flow,5,0.04339904569878063,0.046665735133265426,1.0,0,0,0
day_of_week,time_left_min,sequence,sequence,0,,,0.0,0,1,0
day_of_week,time_phase,sequence,sequence,0,,,0.0,0,1,0
day_of_week,up_ratio_4,sequence,sequence,5,-0.0011543715058009714,0.025798510085160705,1.0,0,1,0
day_of_week,velocity_x_phase,sequence,sequence,4,0.01108829491452928,0.014171244792197777,0.0,0,1,0
day_of_week,vol_24,sequence,volatility,5,-0.26930745292871644,0.45123074477479747,1.0,0,0,0
day_of_week,vol_48,sequence,volatility,5,-0.2740013620015699,0.4893192969737224,1.0,0,0,0
day_of_week,vol_6,sequence,volatility,5,-0.152557282043786,0.29097051556913883,1.0,0,0,0
day_of_week,vol_ratio,sequence,volatility,5,0.03746103414750641,0.06226488878133792,1.0,0,0,0
day_of_week,vol_trend,sequence,volatility,5,0.08699684348868741,0.10135219794547963,1.0,0,0,0
day_of_week,vol_z_1,sequence,volatility,5,0.04065442834755612,0.06467469715887893,1.0,0,0,0
day_of_week,vol_z_6,sequence,volatility,5,0.01827390430321176,0.02978414797074858,1.0,0,0,0
day_of_week,volume_5min,sequence,sequence,0,,,0.0,0,1,0
day_of_week,volume_trend,sequence,sequence,0,,,0.0,0,1,0
dev_sq_x_phase,deviation_x_time,sequence,sequence,0,,,1.0,0,1,0
dev_sq_x_phase,direction_lag_1,sequence,sequence,4,0.0214235853037001,0.03881130913154417,0.0,0,1,0
dev_sq_x_phase,direction_lag_2,sequence,sequence,4,-0.007860765503280891,0.009298862064712442,0.0,0,1,0
dev_sq_x_phase,direction_lag_3,sequence,sequence,4,0.00475583973450118,0.009160669837334535,0.0,0,1,0
dev_sq_x_phase,dist_to_high_24,sequence,cross_asset_breadth,4,0.039588388481134947,0.04419920293060208,0.0,0,0,0
dev_sq_x_phase,dist_to_high_96,sequence,cross_asset_breadth,4,0.02363679081698667,0.040883287591792765,0.0,0,0,0
dev_sq_x_phase,dist_to_low_24,sequence,cross_asset_breadth,4,-0.016185413319683446,0.023467893452604485,0.0,0,0,0
dev_sq_x_phase,dist_to_low_96,sequence,cross_asset_breadth,4,-0.006461986812403833,0.021684031450025613,0.0,0,0,0
dev_sq_x_phase,dow,sequence,sequence,4,0.039491130700050676,0.06423697293129059,0.0,0,1,0
dev_sq_x_phase,dow_cos,sequence,time,4,-0.051922408196244864,0.07181928926688583,0.0,0,0,0
dev_sq_x_phase,dow_sin,sequence,time,4,-0.0029034107891426925,0.009493833982130363,0.0,0,0,0
dev_sq_x_phase,ema_ratio_9_21,sequence,trend,4,-8.085826556317286e-05,0.013376250071502532,0.0,0,0,0
dev_sq_x_phase,high_price_final,sequence,sequence,4,0.9678857385713371,1.0000000000000002,1.0,4,1,1
dev_sq_x_phase,hour_cos,sequence,time,4,-0.045862087723695946,0.04263942512988061,0.0,0,0,0
dev_sq_x_phase,hour_of_day,sequence,regime,4,-0.0036753397387101453,0.009371966604465114,0.0,0,0,0
dev_sq_x_phase,hour_sin,sequence,time,4,0.013696765865139505,0.021950389411317158,0.0,0,0,0
dev_sq_x_phase,hour_utc,sequence,regime,4,-0.0036753397387101453,0.009371966604465114,0.0,0,0,0
dev_sq_x_phase,is_final_phase,sequence,sequence,0,,,1.0,0,1,0
dev_sq_x_phase,log_time_left,sequence,sequence,0,,,1.0,0,1,0
dev_sq_x_phase,mid_price,sequence,sequence,4,-0.011462695175482098,0.06317057461199779,1.0,0,1,0
dev_sq_x_phase,pm_best_ask,sequence,polymarket_state,4,-0.01800059885693102,0.06363671969027555,1.0,0,0,0
dev_sq_x_phase,pm_best_bid,sequence,polymarket_state,4,-0.0048995375753566805,0.062244605970921615,1.0,0,0,0
dev_sq_x_phase,pm_momentum_5m,sequence,polymarket_state,4,0.0006585964704838561,0.015671676912605254,1.0,0,0,0
dev_sq_x_phase,pm_quote_pressure,sequence,polymarket_state,4,-0.011462695694482246,0.06317057461199779,1.0,0,0,0
dev_sq_x_phase,pm_spread_pct,sequence,polymarket_state,4,0.40656196772822684,0.15239549753060105,1.0,0,0,0
dev_sq_x_phase,pm_volume_5m,sequence,polymarket_state,0,,,1.0,0,0,0
dev_sq_x_phase,price_deviation,sequence,sequence,4,0.9678857385713371,1.0000000000000002,1.0,4,1,1
dev_sq_x_phase,price_deviation_sq,sequence,sequence,4,1.0,1.0000000000000002,1.0,4,1,1
dev_sq_x_phase,price_distance_from_max,sequence,sequence,4,0.3941155151881965,0.25045394968935086,1.0,0,1,0
dev_sq_x_phase,price_momentum,sequence,sequence,4,0.0006302670868903791,0.024459774312455867,0.9984673965905507,0,1,0
dev_sq_x_phase,price_velocity,sequence,sequence,4,0.0006585964704838561,0.015671676912605254,1.0,0,1,0
dev_sq_x_phase,price_velocity_lag1,sequence,sequence,4,0.002805709373224548,0.01082572173393971,1.0,0,1,0
dev_sq_x_phase,range_1,sequence,sequence,4,-0.008464050881162222,0.00750855547551587,0.0,0,1,0
dev_sq_x_phase,range_avg_24,sequence,sequence,4,-0.050838362006668636,0.07308246849152294,0.0,0,1,0
dev_sq_x_phase,ret_1,sequence,price_returns,4,0.017244526939125558,0.03611349150491143,0.0,0,0,0
dev_sq_x_phase,ret_12,sequence,price_returns,4,0.015469883466699806,0.01734857162136619,0.0,0,0,0
dev_sq_x_phase,ret_24,sequence,price_returns,4,-0.003686289185469258,0.009649075858741573,0.0,0,0,0
dev_sq_x_phase,ret_3,sequence,price_returns,4,0.008824710897316788,0.02469740515021667,0.0,0,0,0
dev_sq_x_phase,ret_48,sequence,price_returns,4,-0.004884955520185349,0.01681276818569317,0.0,0,0,0
dev_sq_x_phase,ret_6,sequence,price_returns,4,0.01253221719290833,0.03022259229639507,0.0,0,0,0
dev_sq_x_phase,rsi_14,sequence,trend,4,0.014086274129479673,0.008417558079448308,0.0,0,0,0
dev_sq_x_phase,signed_body_pct,sequence,sequence,4,0.01732953960242619,0.036195522974500384,0.0,0,1,0
dev_sq_x_phase,signed_trend_efficiency_6,sequence,sequence,4,0.018994469228076592,0.03400865061446304,0.0,0,1,0
dev_sq_x_phase,spread,sequence,sequence,4,-0.07762428633845571,0.15655017690484138,1.0,0,1,0
dev_sq_x_phase,spread_pct,sequence,sequence,4,0.4065493456959656,0.15213933559122858,1.0,0,1,0
dev_sq_x_phase,spread_trend,sequence,sequence,4,-0.12088748435261655,0.20654171699953222,0.9969523784820264,0,1,0
dev_sq_x_phase,taker_buy_ratio,sequence,volume_taker_flow,4,0.013344127903553708,0.020529005716255353,0.0,0,0,0
dev_sq_x_phase,time_left_min,sequence,sequence,0,,,1.0,0,1,0
dev_sq_x_phase,time_phase,sequence,sequence,0,,,1.0,0,1,0
dev_sq_x_phase,up_ratio_4,sequence,sequence,4,-0.006106438868015056,0.006890527635942154,0.0,0,1,0
dev_sq_x_phase,velocity_x_phase,sequence,sequence,4,0.0006585964704838561,0.015671676912605254,1.0,0,1,0
dev_sq_x_phase,vol_24,sequence,volatility,4,-0.04336954966099987,0.05525768660732272,0.0,0,0,0
dev_sq_x_phase,vol_48,sequence,volatility,4,-0.037807605266077876,0.0473348075712711,0.0,0,0,0
dev_sq_x_phase,vol_6,sequence,volatility,4,-0.02955244621190404,0.029491368707843437,0.0,0,0,0
dev_sq_x_phase,vol_ratio,sequence,volatility,4,-0.0027042017193999405,0.01370612292888348,0.0,0,0,0
dev_sq_x_phase,vol_trend,sequence,volatility,4,0.005205119721508251,0.015894058067262223,0.0,0,0,0
dev_sq_x_phase,vol_z_1,sequence,volatility,4,0.029176929284946005,0.0374073273981532,0.0,0,0,0
dev_sq_x_phase,vol_z_6,sequence,volatility,4,0.014350701634639227,0.020367189406964623,0.0,0,0,0
dev_sq_x_phase,volume_5min,sequence,sequence,0,,,1.0,0,1,0
dev_sq_x_phase,volume_trend,sequence,sequence,0,,,0.9984673965905507,0,1,0
deviation_x_time,direction_lag_1,sequence,sequence,0,,,0.0,0,1,0
deviation_x_time,direction_lag_2,sequence,sequence,0,,,0.0,0,1,0
deviation_x_time,direction_lag_3,sequence,sequence,0,,,0.0,0,1,0
deviation_x_time,dist_to_high_24,sequence,cross_asset_breadth,0,,,0.0,0,0,0
deviation_x_time,dist_to_high_96,sequence,cross_asset_breadth,0,,,0.0,0,0,0
deviation_x_time,dist_to_low_24,sequence,cross_asset_breadth,0,,,0.0,0,0,0
deviation_x_time,dist_to_low_96,sequence,cross_asset_breadth,0,,,0.0,0,0,0
deviation_x_time,dow,sequence,sequence,0,,,0.0,0,1,0
deviation_x_time,dow_cos,sequence,time,0,,,0.0,0,0,0
deviation_x_time,dow_sin,sequence,time,0,,,0.0,0,0,0
deviation_x_time,ema_ratio_9_21,sequence,trend,0,,,0.0,0,0,0
deviation_x_time,high_price_final,sequence,sequence,0,,,1.0,0,1,0
deviation_x_time,hour_cos,sequence,time,0,,,0.0,0,0,0
deviation_x_time,hour_of_day,sequence,regime,0,,,0.0,0,0,0
deviation_x_time,hour_sin,sequence,time,0,,,0.0,0,0,0
deviation_x_time,hour_utc,sequence,regime,0,,,0.0,0,0,0
deviation_x_time,is_final_phase,sequence,sequence,0,,,1.0,0,1,0
deviation_x_time,log_time_left,sequence,sequence,0,,,1.0,0,1,0
deviation_x_time,mid_price,sequence,sequence,0,,,1.0,0,1,0
deviation_x_time,pm_best_ask,sequence,polymarket_state,0,,,1.0,0,0,0
deviation_x_time,pm_best_bid,sequence,polymarket_state,0,,,1.0,0,0,0
deviation_x_time,pm_momentum_5m,sequence,polymarket_state,0,,,1.0,0,0,0
deviation_x_time,pm_quote_pressure,sequence,polymarket_state,0,,,1.0,0,0,0
deviation_x_time,pm_spread_pct,sequence,polymarket_state,0,,,1.0,0,0,0
deviation_x_time,pm_volume_5m,sequence,polymarket_state,0,,,1.0,0,0,0
deviation_x_time,price_deviation,sequence,sequence,0,,,1.0,0,1,0
deviation_x_time,price_deviation_sq,sequence,sequence,0,,,1.0,0,1,0
deviation_x_time,price_distance_from_max,sequence,sequence,0,,,1.0,0,1,0
deviation_x_time,price_momentum,sequence,sequence,0,,,0.9984673965905507,0,1,0
deviation_x_time,price_velocity,sequence,sequence,0,,,1.0,0,1,0
deviation_x_time,price_velocity_lag1,sequence,sequence,0,,,1.0,0,1,0
deviation_x_time,range_1,sequence,sequence,0,,,0.0,0,1,0
deviation_x_time,range_avg_24,sequence,sequence,0,,,0.0,0,1,0
deviation_x_time,ret_1,sequence,price_returns,0,,,0.0,0,0,0
deviation_x_time,ret_12,sequence,price_returns,0,,,0.0,0,0,0
deviation_x_time,ret_24,sequence,price_returns,0,,,0.0,0,0,0
deviation_x_time,ret_3,sequence,price_returns,0,,,0.0,0,0,0
deviation_x_time,ret_48,sequence,price_returns,0,,,0.0,0,0,0
deviation_x_time,ret_6,sequence,price_returns,0,,,0.0,0,0,0
deviation_x_time,rsi_14,sequence,trend,0,,,0.0,0,0,0
deviation_x_time,signed_body_pct,sequence,sequence,0,,,0.0,0,1,0
deviation_x_time,signed_trend_efficiency_6,sequence,sequence,0,,,0.0,0,1,0
deviation_x_time,spread,sequence,sequence,0,,,1.0,0,1,0
deviation_x_time,spread_pct,sequence,sequence,0,,,1.0,0,1,0
deviation_x_time,spread_trend,sequence,sequence,0,,,0.9969523784820264,0,1,0
deviation_x_time,taker_buy_ratio,sequence,volume_taker_flow,0,,,0.0,0,0,0
deviation_x_time,time_left_min,sequence,sequence,0,,,1.0,0,1,0
deviation_x_time,time_phase,sequence,sequence,0,,,1.0,0,1,0
deviation_x_time,up_ratio_4,sequence,sequence,0,,,0.0,0,1,0
deviation_x_time,velocity_x_phase,sequence,sequence,0,,,1.0,0,1,0
deviation_x_time,vol_24,sequence,volatility,0,,,0.0,0,0,0
deviation_x_time,vol_48,sequence,volatility,0,,,0.0,0,0,0
deviation_x_time,vol_6,sequence,volatility,0,,,0.0,0,0,0
deviation_x_time,vol_ratio,sequence,volatility,0,,,0.0,0,0,0
deviation_x_time,vol_trend,sequence,volatility,0,,,0.0,0,0,0
deviation_x_time,vol_z_1,sequence,volatility,0,,,0.0,0,0,0
deviation_x_time,vol_z_6,sequence,volatility,0,,,0.0,0,0,0
deviation_x_time,volume_5min,sequence,sequence,0,,,1.0,0,1,0
deviation_x_time,volume_trend,sequence,sequence,0,,,0.9984673965905507,0,1,0
direction_lag_1,direction_lag_2,sequence,sequence,5,-0.02217105410203269,0.026077282823018855,1.0,0,1,0
direction_lag_1,direction_lag_3,sequence,sequence,5,-0.026336143863489918,0.02713953607346955,1.0,0,1,0
direction_lag_1,dist_to_high_24,sequence,cross_asset_breadth,5,0.13748313479595736,0.21250723437475172,1.0,0,0,0
direction_lag_1,dist_to_high_96,sequence,cross_asset_breadth,5,0.04403801389458044,0.0804564894359762,1.0,0,0,0
direction_lag_1,dist_to_low_24,sequence,cross_asset_breadth,5,0.1639143172454832,0.22783546366522167,1.0,0,0,0
direction_lag_1,dist_to_low_96,sequence,cross_asset_breadth,5,0.08335781869988948,0.109020780132805,1.0,0,0,0
direction_lag_1,dow,sequence,sequence,5,0.032473995212425645,0.03634830398497994,1.0,0,1,0
direction_lag_1,dow_cos,sequence,time,5,0.006786105609745796,0.03215481917450236,1.0,0,0,0
direction_lag_1,dow_sin,sequence,time,5,-0.011140792022720194,0.016876673209450403,1.0,0,0,0
direction_lag_1,ema_ratio_9_21,sequence,trend,5,0.027429381501671873,0.034862725030734086,1.0,0,0,0
direction_lag_1,high_price_final,sequence,sequence,4,0.023673180833780085,0.03881130913154417,0.0,0,1,0
direction_lag_1,hour_cos,sequence,time,5,-0.008467498995816235,0.019071418604177662,1.0,0,0,0
direction_lag_1,hour_of_day,sequence,regime,5,0.028685722430497627,0.030599749601637007,1.0,0,0,0
direction_lag_1,hour_sin,sequence,time,5,-0.017411585600956687,0.014213253646340927,1.0,0,0,0
direction_lag_1,hour_utc,sequence,regime,5,0.028685722430497627,0.030599749601637007,1.0,0,0,0
direction_lag_1,is_final_phase,sequence,sequence,0,,,0.0,0,1,0
direction_lag_1,log_time_left,sequence,sequence,0,,,0.0,0,1,0
direction_lag_1,mid_price,sequence,sequence,4,-0.02755735225347723,0.04011762182092976,0.0,0,1,0
direction_lag_1,pm_best_ask,sequence,polymarket_state,4,-0.027314336231509598,0.03894985126790817,0.0,0,0,0
direction_lag_1,pm_best_bid,sequence,polymarket_state,4,-0.027624197153341704,0.04074007936148605,0.0,0,0,0
direction_lag_1,pm_momentum_5m,sequence,polymarket_state,4,-0.000962116881472807,0.011448787446610353,0.0,0,0,0
direction_lag_1,pm_quote_pressure,sequence,polymarket_state,4,-0.027557352799990074,0.04011762182092976,0.0,0,0,0
direction_lag_1,pm_spread_pct,sequence,polymarket_state,4,0.004256604154826486,0.046006239774766804,0.0,0,0,0
direction_lag_1,pm_volume_5m,sequence,polymarket_state,0,,,0.0,0,0,0
direction_lag_1,price_deviation,sequence,sequence,4,0.023673180833780085,0.03881130913154417,0.0,0,1,0
direction_lag_1,price_deviation_sq,sequence,sequence,4,0.0214235853037001,0.03881130913154417,0.0,0,1,0
direction_lag_1,price_distance_from_max,sequence,sequence,4,0.018615687904503735,0.02861218401246399,0.0,0,1,0
direction_lag_1,price_momentum,sequence,sequence,4,-0.0021951844843591584,0.01653277350337077,0.0,0,1,0
direction_lag_1,price_velocity,sequence,sequence,4,-0.000962116881472807,0.011448787446610353,0.0,0,1,0
direction_lag_1,price_velocity_lag1,sequence,sequence,4,5.0493062769024874e-05,0.01685236012219743,0.0,0,1,0
direction_lag_1,range_1,sequence,sequence,5,0.013029653598578045,0.026591838866209746,1.0,0,1,0
direction_lag_1,range_avg_24,sequence,sequence,5,0.016980499348089064,0.02137319406557656,1.0,0,1,0
direction_lag_1,ret_1,sequence,price_returns,5,0.688863488391351,0.9156410019694309,1.0,0,0,0
direction_lag_1,ret_12,sequence,price_returns,5,0.16496363726722646,0.1913727201929233,1.0,0,0,0
direction_lag_1,ret_24,sequence,price_returns,5,0.10388564464449475,0.11932430654549188,1.0,0,0,0
direction_lag_1,ret_3,sequence,price_returns,5,0.3595362277751807,0.4343674459092357,1.0,0,0,0
direction_lag_1,ret_48,sequence,price_returns,5,0.061369632747641636,0.0667697426653864,1.0,0,0,0
direction_lag_1,ret_6,sequence,price_returns,5,0.23625559134417032,0.2741965780740797,1.0,0,0,0
direction_lag_1,rsi_14,sequence,trend,5,0.18159318936311553,0.179147859263632,1.0,0,0,0
direction_lag_1,signed_body_pct,sequence,sequence,5,0.6893623111449937,0.9169774853469641,1.0,0,1,0
direction_lag_1,signed_trend_efficiency_6,sequence,sequence,5,0.3088814039362366,0.3014034315447778,1.0,0,1,0
direction_lag_1,spread,sequence,sequence,4,0.003899023839789994,0.015011087734579582,0.0,0,1,0
direction_lag_1,spread_pct,sequence,sequence,4,0.004256877104504355,0.04592484105299825,0.0,0,1,0
direction_lag_1,spread_trend,sequence,sequence,4,0.012580395329394143,0.007128504692084728,0.0,0,1,0
direction_lag_1,taker_buy_ratio,sequence,volume_taker_flow,5,0.36869606953482925,0.3754334096187382,1.0,0,0,0
direction_lag_1,time_left_min,sequence,sequence,0,,,0.0,0,1,0
direction_lag_1,time_phase,sequence,sequence,0,,,0.0,0,1,0
direction_lag_1,up_ratio_4,sequence,sequence,5,0.45679035222717,0.4564971894010365,1.0,0,1,0
direction_lag_1,velocity_x_phase,sequence,sequence,4,-0.000962116881472807,0.011448787446610353,0.0,0,1,0
direction_lag_1,vol_24,sequence,volatility,5,0.009688131479963502,0.0169160485866907,1.0,0,0,0
direction_lag_1,vol_48,sequence,volatility,5,-0.006124100497226466,0.016423691312663403,1.0,0,0,0
direction_lag_1,vol_6,sequence,volatility,5,0.006940617042325681,0.01682792927894825,1.0,0,0,0
direction_lag_1,vol_ratio,sequence,volatility,5,0.0021801449015322184,0.010733087368234624,1.0,0,0,0
direction_lag_1,vol_trend,sequence,volatility,5,-0.0032656694364963353,0.007664295973794643,1.0,0,0,0
direction_lag_1,vol_z_1,sequence,volatility,5,-0.008292016359208853,0.01524120247589801,1.0,0,0,0
direction_lag_1,vol_z_6,sequence,volatility,5,0.003611246609121532,0.008783680342506506,1.0,0,0,0
direction_lag_1,volume_5min,sequence,sequence,0,,,0.0,0,1,0
direction_lag_1,volume_trend,sequence,sequence,0,,,0.0,0,1,0
direction_lag_2,direction_lag_3,sequence,sequence,5,-0.0241181544316036,0.028788040501548984,1.0,0,1,0
direction_lag_2,dist_to_high_24,sequence,cross_asset_breadth,5,0.12134616940834256,0.1780263785276368,1.0,0,0,0
direction_lag_2,dist_to_high_96,sequence,cross_asset_breadth,5,0.036846290521310124,0.06552943363167972,1.0,0,0,0
direction_lag_2,dist_to_low_24,sequence,cross_asset_breadth,5,0.1446187010533247,0.19002314195651787,1.0,0,0,0
direction_lag_2,dist_to_low_96,sequence,cross_asset_breadth,5,0.07112841538235898,0.09335081776422838,1.0,0,0,0
direction_lag_2,dow,sequence,sequence,5,0.012786507420327182,0.01945416772146378,1.0,0,1,0
direction_lag_2,dow_cos,sequence,time,5,0.008654885892023602,0.03198687153266998,1.0,0,0,0
direction_lag_2,dow_sin,sequence,time,5,0.0009812426137785347,0.009256620016107596,1.0,0,0,0
direction_lag_2,ema_ratio_9_21,sequence,trend,5,0.06997632056079979,0.08452670932056336,1.0,0,0,0
direction_lag_2,high_price_final,sequence,sequence,4,-0.006503280707940284,0.009298862064712442,0.0,0,1,0
direction_lag_2,hour_cos,sequence,time,5,-0.012750160137062209,0.02304471625168756,1.0,0,0,0
direction_lag_2,hour_of_day,sequence,regime,5,0.006195953586219767,0.01348187504826852,1.0,0,0,0
direction_lag_2,hour_sin,sequence,time,5,0.002243005325966596,0.017911624583491905,1.0,0,0,0
direction_lag_2,hour_utc,sequence,regime,5,0.006195953586219767,0.01348187504826852,1.0,0,0,0
direction_lag_2,is_final_phase,sequence,sequence,0,,,0.0,0,1,0
direction_lag_2,log_time_left,sequence,sequence,0,,,0.0,0,1,0
direction_lag_2,mid_price,sequence,sequence,4,-0.04630048809499582,0.051996407594216025,0.0,0,1,0
direction_lag_2,pm_best_ask,sequence,polymarket_state,4,-0.04415489033309279,0.04968171066914332,0.0,0,0,0
direction_lag_2,pm_best_bid,sequence,polymarket_state,4,-0.04812466636618197,0.05394330771029061,0.0,0,0,0
direction_lag_2,pm_momentum_5m,sequence,polymarket_state,4,-0.0033591302218818546,0.013394760610315463,0.0,0,0,0
direction_lag_2,pm_quote_pressure,sequence,polymarket_state,4,-0.04630048844029057,0.051996407594216025,0.0,0,0,0
direction_lag_2,pm_spread_pct,sequence,polymarket_state,4,0.031579018638034334,0.04940296092139254,0.0,0,0,0
direction_lag_2,pm_volume_5m,sequence,polymarket_state,0,,,0.0,0,0,0
direction_lag_2,price_deviation,sequence,sequence,4,-0.006503280707940284,0.009298862064712442,0.0,0,1,0
direction_lag_2,price_deviation_sq,sequence,sequence,4,-0.007860765503280891,0.009298862064712442,0.0,0,1,0
direction_lag_2,price_distance_from_max,sequence,sequence,4,0.03253912242096062,0.0436280758852799,0.0,0,1,0
direction_lag_2,price_momentum,sequence,sequence,4,-0.015400124960756705,0.023036515408458153,0.0,0,1,0
direction_lag_2,price_velocity,sequence,sequence,4,-0.0033591302218818546,0.013394760610315463,0.0,0,1,0
direction_lag_2,price_velocity_lag1,sequence,sequence,4,-0.009811681757175433,0.020690504727723776,0.0,0,1,0
direction_lag_2,range_1,sequence,sequence,5,-0.031446008376879934,0.051602287474655985,1.0,0,1,0
direction_lag_2,range_avg_24,sequence,sequence,5,0.012299210843144583,0.01813291742298699,1.0,0,1,0
direction_lag_2,ret_1,sequence,price_returns,5,0.018522803089566824,0.012746533140210967,1.0,0,0,0
direction_lag_2,ret_12,sequence,price_returns,5,0.15920218952544854,0.18582300141978061,1.0,0,0,0
direction_lag_2,ret_24,sequence,price_returns,5,0.10558527777298057,0.11925574631378416,1.0,0,0,0
direction_lag_2,ret_3,sequence,price_returns,5,0.3857760612312589,0.44727576158911014,1.0,0,0,0
direction_lag_2,ret_48,sequence,price_returns,5,0.05960822252623651,0.06480192617279056,1.0,0,0,0
direction_lag_2,ret_6,sequence,price_returns,5,0.24014004370567205,0.2830556680255593,1.0,0,0,0
direction_lag_2,rsi_14,sequence,trend,5,0.1868092211501037,0.18489196281400117,1.0,0,0,0
direction_lag_2,signed_body_pct,sequence,sequence,5,0.017840713246850985,0.01407287483875104,1.0,0,1,0
direction_lag_2,signed_trend_efficiency_6,sequence,sequence,5,0.3081051790468719,0.3042820227578439,1.0,0,1,0
direction_lag_2,spread,sequence,sequence,4,0.026313018744209882,0.022871822869832914,0.0,0,1,0
direction_lag_2,spread_pct,sequence,sequence,4,0.03158040842784639,0.049333957476936655,0.0,0,1,0
direction_lag_2,spread_trend,sequence,sequence,4,0.009296904738051606,0.013638478832802003,0.0,0,1,0
direction_lag_2,taker_buy_ratio,sequence,volume_taker_flow,5,0.04694509838878732,0.05771269145894294,1.0,0,0,0
direction_lag_2,time_left_min,sequence,sequence,0,,,0.0,0,1,0
direction_lag_2,time_phase,sequence,sequence,0,,,0.0,0,1,0
direction_lag_2,up_ratio_4,sequence,sequence,5,0.4359362746819187,0.4335540640726603,1.0,0,1,0
direction_lag_2,velocity_x_phase,sequence,sequence,4,-0.0033591302218818546,0.013394760610315463,0.0,0,1,0
direction_lag_2,vol_24,sequence,volatility,5,0.0054527405647155,0.016260354827555844,1.0,0,0,0
direction_lag_2,vol_48,sequence,volatility,5,-0.00752530782667882,0.014683733094774084,1.0,0,0,0
direction_lag_2,vol_6,sequence,volatility,5,-0.004477599607055442,0.013877936122596432,1.0,0,0,0
direction_lag_2,vol_ratio,sequence,volatility,5,-0.009929056830358121,0.013898064247960694,1.0,0,0,0
direction_lag_2,vol_trend,sequence,volatility,5,-0.014466587442868838,0.028973057552167406,1.0,0,0,0
direction_lag_2,vol_z_1,sequence,volatility,5,-0.036938210735592766,0.04175355467355834,1.0,0,0,0
direction_lag_2,vol_z_6,sequence,volatility,5,-0.03478410696017886,0.052683386980971005,1.0,0,0,0
direction_lag_2,volume_5min,sequence,sequence,0,,,0.0,0,1,0
direction_lag_2,volume_trend,sequence,sequence,0,,,0.0,0,1,0
direction_lag_3,dist_to_high_24,sequence,cross_asset_breadth,5,0.12555666345191935,0.16915293755371452,1.0,0,0,0
direction_lag_3,dist_to_high_96,sequence,cross_asset_breadth,5,0.04693339878362888,0.07019048672516177,1.0,0,0,0
direction_lag_3,dist_to_low_24,sequence,cross_asset_breadth,5,0.13341771723860668,0.16311024551459882,1.0,0,0,0
direction_lag_3,dist_to_low_96,sequence,cross_asset_breadth,5,0.07119428431219024,0.09011319981768127,1.0,0,0,0
direction_lag_3,dow,sequence,sequence,5,0.02727847400140051,0.030737874468884076,1.0,0,1,0
direction_lag_3,dow_cos,sequence,time,5,0.010535366725299606,0.03475494191122349,1.0,0,0,0
direction_lag_3,dow_sin,sequence,time,5,-0.008104429903334823,0.013206257669655863,1.0,0,0,0
direction_lag_3,ema_ratio_9_21,sequence,trend,5,0.11291739672405687,0.12523881881188095,1.0,0,0,0
direction_lag_3,high_price_final,sequence,sequence,4,0.006524697449792068,0.009160669837334535,0.0,0,1,0
direction_lag_3,hour_cos,sequence,time,5,-0.011721886723923946,0.022434549755027094,1.0,0,0,0
direction_lag_3,hour_of_day,sequence,regime,5,0.01195661627348853,0.015417462636558188,1.0,0,0,0
direction_lag_3,hour_sin,sequence,time,5,-0.0020031103614600513,0.009477556332236625,1.0,0,0,0
direction_lag_3,hour_utc,sequence,regime,5,0.01195661627348853,0.015417462636558188,1.0,0,0,0
direction_lag_3,is_final_phase,sequence,sequence,0,,,0.0,0,1,0
direction_lag_3,log_time_left,sequence,sequence,0,,,0.0,0,1,0
direction_lag_3,mid_price,sequence,sequence,4,-0.03935719420370305,0.05009742878955832,0.0,0,1,0
direction_lag_3,pm_best_ask,sequence,polymarket_state,4,-0.03832214019998977,0.049109426095026824,0.0,0,0,0
direction_lag_3,pm_best_bid,sequence,polymarket_state,4,-0.04013377487171721,0.05073131743661593,0.0,0,0,0
direction_lag_3,pm_momentum_5m,sequence,polymarket_state,4,-0.006431168201422053,0.012109471625676143,0.0,0,0,0
direction_lag_3,pm_quote_pressure,sequence,polymarket_state,4,-0.03935719409518554,0.05009742878955832,0.0,0,0,0
direction_lag_3,pm_spread_pct,sequence,polymarket_state,4,0.030349562734908554,0.03948686248378908,0.0,0,0,0
direction_lag_3,pm_volume_5m,sequence,polymarket_state,0,,,0.0,0,0,0
direction_lag_3,price_deviation,sequence,sequence,4,0.006524697449792068,0.009160669837334535,0.0,0,1,0
direction_lag_3,price_deviation_sq,sequence,sequence,4,0.00475583973450118,0.009160669837334535,0.0,0,1,0
direction_lag_3,price_distance_from_max,sequence,sequence,4,0.030081025276556376,0.041412646771901485,0.0,0,1,0
direction_lag_3,price_momentum,sequence,sequence,4,-0.015837774907672235,0.025313278647855743,0.0,0,1,0
direction_lag_3,price_velocity,sequence,sequence,4,-0.006431168201422053,0.012109471625676143,0.0,0,1,0
direction_lag_3,price_velocity_lag1,sequence,sequence,4,-0.008717026719794584,0.017666770637721037,0.0,0,1,0
direction_lag_3,range_1,sequence,sequence,5,-0.025264084488911286,0.042248595739732886,1.0,0,1,0
direction_lag_3,range_avg_24,sequence,sequence,5,0.0009021861155357639,0.008310763245341777,1.0,0,1,0
direction_lag_3,ret_1,sequence,price_returns,5,-0.0017195272592705293,0.024700663285484342,1.0,0,0,0
direction_lag_3,ret_12,sequence,price_returns,5,0.16376134784863375,0.18441696547502523,1.0,0,0,0
direction_lag_3,ret_24,sequence,price_returns,5,0.11215733371600958,0.12219003920585796,1.0,0,0,0
direction_lag_3,ret_3,sequence,price_returns,5,0.4032995587760776,0.47239747783225955,1.0,0,0,0
direction_lag_3,ret_48,sequence,price_returns,5,0.06512501686435913,0.06777292307885836,1.0,0,0,0
direction_lag_3,ret_6,sequence,price_returns,5,0.26040354509814284,0.2902306957778099,1.0,0,0,0
direction_lag_3,rsi_14,sequence,trend,5,0.19065654614910807,0.18735671659161537,1.0,0,0,0
direction_lag_3,signed_body_pct,sequence,sequence,5,-0.0019560703054178627,0.025100997479663486,1.0,0,1,0
direction_lag_3,signed_trend_efficiency_6,sequence,sequence,5,0.31208228242961933,0.30545357974411363,1.0,0,1,0
direction_lag_3,spread,sequence,sequence,4,0.012668210488387567,0.011781653848921094,0.0,0,1,0
direction_lag_3,spread_pct,sequence,sequence,4,0.03034978412579435,0.03941788627895284,0.0,0,1,0
direction_lag_3,spread_trend,sequence,sequence,4,0.0044628607505367655,0.014830911573314393,0.0,0,1,0
direction_lag_3,taker_buy_ratio,sequence,volume_taker_flow,5,0.018677285596246825,0.027175788653811542,1.0,0,0,0
direction_lag_3,time_left_min,sequence,sequence,0,,,0.0,0,1,0
direction_lag_3,time_phase,sequence,sequence,0,,,0.0,0,1,0
direction_lag_3,up_ratio_4,sequence,sequence,5,0.4472546427977009,0.4427978105947873,1.0,0,1,0
direction_lag_3,velocity_x_phase,sequence,sequence,4,-0.006431168201422053,0.012109471625676143,0.0,0,1,0
direction_lag_3,vol_24,sequence,volatility,5,-0.002500010463001339,0.012401538481861365,1.0,0,0,0
direction_lag_3,vol_48,sequence,volatility,5,-0.01640016589453345,0.029448336625178716,1.0,0,0,0
direction_lag_3,vol_6,sequence,volatility,5,-0.008107482628239996,0.022419506086939385,1.0,0,0,0
direction_lag_3,vol_ratio,sequence,volatility,5,-0.005824658771042558,0.007319682408673997,1.0,0,0,0
direction_lag_3,vol_trend,sequence,volatility,5,-0.012597545530320404,0.021958258480904085,1.0,0,0,0
direction_lag_3,vol_z_1,sequence,volatility,5,-0.012217182517950731,0.017096590157398117,1.0,0,0,0
direction_lag_3,vol_z_6,sequence,volatility,5,0.0006100565970894595,0.0054897273778576755,1.0,0,0,0
direction_lag_3,volume_5min,sequence,sequence,0,,,0.0,0,1,0
direction_lag_3,volume_trend,sequence,sequence,0,,,0.0,0,1,0
dist_to_high_24,dist_to_high_96,cross_asset_breadth,cross_asset_breadth,5,0.5148986089717021,0.5354050798865907,1.0,0,1,0
dist_to_high_24,dist_to_low_24,cross_asset_breadth,cross_asset_breadth,5,-0.015099347530140727,0.27475738490853424,1.0,0,1,0
dist_to_high_24,dist_to_low_96,cross_asset_breadth,cross_asset_breadth,5,0.07041177959288783,0.2970979122837443,1.0,0,1,0
dist_to_high_24,dow,cross_asset_breadth,sequence,5,0.2231071780995685,0.3735634033373392,1.0,0,0,0
dist_to_high_24,dow_cos,cross_asset_breadth,time,5,0.052229539820010884,0.1274907631923833,1.0,0,0,0
dist_to_high_24,dow_sin,cross_asset_breadth,time,5,-0.18893895246989673,0.36196439305004435,1.0,0,0,0
dist_to_high_24,ema_ratio_9_21,cross_asset_breadth,trend,5,0.5937107453143395,0.6714306260326104,1.0,0,0,0
dist_to_high_24,high_price_final,cross_asset_breadth,sequence,4,0.0383377533962625,0.04419920293060208,0.0,0,0,0
dist_to_high_24,hour_cos,cross_asset_breadth,time,5,-0.01000974101327248,0.05309375952225841,1.0,0,0,0
dist_to_high_24,hour_of_day,cross_asset_breadth,regime,5,-0.0286746945858296,0.09165039200564694,1.0,0,0,0
dist_to_high_24,hour_sin,cross_asset_breadth,time,5,0.10624347211517496,0.1761526661817148,1.0,0,0,0
dist_to_high_24,hour_utc,cross_asset_breadth,regime,5,-0.0286746945858296,0.09165039200564694,1.0,0,0,0
dist_to_high_24,is_final_phase,cross_asset_breadth,sequence,0,,,0.0,0,0,0
dist_to_high_24,log_time_left,cross_asset_breadth,sequence,0,,,0.0,0,0,0
dist_to_high_24,mid_price,cross_asset_breadth,sequence,4,-0.03549921070552267,0.07368558644516596,0.0,0,0,0
dist_to_high_24,pm_best_ask,cross_asset_breadth,polymarket_state,4,-0.035465499038573274,0.07192806360583104,0.0,0,0,0
dist_to_high_24,pm_best_bid,cross_asset_breadth,polymarket_state,4,-0.03535220601101901,0.07447323798901352,0.0,0,0,0
dist_to_high_24,pm_momentum_5m,cross_asset_breadth,polymarket_state,4,-0.005105987408065427,0.02990766349988516,0.0,0,0,0
dist_to_high_24,pm_quote_pressure,cross_asset_breadth,polymarket_state,4,-0.03549921117569023,0.07368558644516596,0.0,0,0,0
dist_to_high_24,pm_spread_pct,cross_asset_breadth,polymarket_state,4,0.018223178884459987,0.049908994950491024,0.0,0,0,0
dist_to_high_24,pm_volume_5m,cross_asset_breadth,polymarket_state,0,,,0.0,0,0,0
dist_to_high_24,price_deviation,cross_asset_breadth,sequence,4,0.0383377533962625,0.04419920293060208,0.0,0,0,0
dist_to_high_24,price_deviation_sq,cross_asset_breadth,sequence,4,0.039588388481134947,0.04419920293060208,0.0,0,0,0
dist_to_high_24,price_distance_from_max,cross_asset_breadth,sequence,4,0.037528351098482474,0.06739387025225456,0.0,0,0,0
dist_to_high_24,price_momentum,cross_asset_breadth,sequence,4,-0.012133468350261474,0.0393221372410517,0.0,0,0,0
dist_to_high_24,price_velocity,cross_asset_breadth,sequence,4,-0.005105987408065427,0.02990766349988516,0.0,0,0,0
dist_to_high_24,price_velocity_lag1,cross_asset_breadth,sequence,4,-0.0069895730632484115,0.041677799784965636,0.0,0,0,0
dist_to_high_24,range_1,cross_asset_breadth,sequence,5,-0.3734655093651392,0.3972376704122753,1.0,0,0,0
dist_to_high_24,range_avg_24,cross_asset_breadth,sequence,5,-0.6191092414762122,0.5815376175456496,1.0,0,0,0
dist_to_high_24,ret_1,cross_asset_breadth,price_returns,5,0.22230987450275927,0.25782525511249593,1.0,0,0,0
dist_to_high_24,ret_12,cross_asset_breadth,price_returns,5,0.571953658417722,0.6442975296516522,1.0,0,0,0
dist_to_high_24,ret_24,cross_asset_breadth,price_returns,5,0.6163155843055872,0.668573230688177,1.0,0,0,0
dist_to_high_24,ret_3,cross_asset_breadth,price_returns,5,0.36418787666885843,0.421681001704054,1.0,0,0,0
dist_to_high_24,ret_48,cross_asset_breadth,price_returns,5,0.3284725631692046,0.4050304735361865,1.0,0,0,0
dist_to_high_24,ret_6,cross_asset_breadth,price_returns,5,0.4621322790509842,0.5299925060421614,1.0,0,0,0
dist_to_high_24,rsi_14,cross_asset_breadth,trend,5,0.5349137704144592,0.6647718051156034,1.0,0,0,0
dist_to_high_24,signed_body_pct,cross_asset_breadth,sequence,5,0.2204325104779034,0.256294912559098,1.0,0,0,0
dist_to_high_24,signed_trend_efficiency_6,cross_asset_breadth,sequence,5,0.3734119085255013,0.5117384373958109,1.0,0,0,0
dist_to_high_24,spread,cross_asset_breadth,sequence,4,0.0011093794474127166,0.09460548547700891,0.0,0,0,0
dist_to_high_24,spread_pct,cross_asset_breadth,sequence,4,0.018220965118083646,0.04970206646922629,0.0,0,0,0
dist_to_high_24,spread_trend,cross_asset_breadth,sequence,4,-0.03924644901798602,0.0455036844028897,0.0,0,0,0
dist_to_high_24,taker_buy_ratio,cross_asset_breadth,volume_taker_flow,5,0.08194206550930151,0.15948190198993517,1.0,0,0,0
dist_to_high_24,time_left_min,cross_asset_breadth,sequence,0,,,0.0,0,0,0
dist_to_high_24,time_phase,cross_asset_breadth,sequence,0,,,0.0,0,0,0
dist_to_high_24,up_ratio_4,cross_asset_breadth,sequence,5,0.17194690306461385,0.26561890724477993,1.0,0,0,0
dist_to_high_24,velocity_x_phase,cross_asset_breadth,sequence,4,-0.005105987408065427,0.02990766349988516,0.0,0,0,0
dist_to_high_24,vol_24,cross_asset_breadth,volatility,5,-0.6462056897828358,0.580507842031361,1.0,0,0,0
dist_to_high_24,vol_48,cross_asset_breadth,volatility,5,-0.5610130539587805,0.5190364944148296,1.0,0,0,0
dist_to_high_24,vol_6,cross_asset_breadth,volatility,5,-0.43392198866530346,0.39826682220504644,1.0,0,0,0
dist_to_high_24,vol_ratio,cross_asset_breadth,volatility,5,-0.05774835976756405,0.031368855637125485,1.0,0,0,0
dist_to_high_24,vol_trend,cross_asset_breadth,volatility,5,0.05329874069238762,0.07928255063597892,1.0,0,0,0
dist_to_high_24,vol_z_1,cross_asset_breadth,volatility,5,-0.0024167119173049856,0.03816179257215548,1.0,0,0,0
dist_to_high_24,vol_z_6,cross_asset_breadth,volatility,5,0.04513502450850876,0.07055814996048287,1.0,0,0,0
dist_to_high_24,volume_5min,cross_asset_breadth,sequence,0,,,0.0,0,0,0
dist_to_high_24,volume_trend,cross_asset_breadth,sequence,0,,,0.0,0,0,0
dist_to_high_96,dist_to_low_24,cross_asset_breadth,cross_asset_breadth,5,0.028537453019296933,0.1954353699773398,1.0,0,1,0
dist_to_high_96,dist_to_low_96,cross_asset_breadth,cross_asset_breadth,5,0.23240400038812753,0.5399719818491493,1.0,0,1,0
dist_to_high_96,dow,cross_asset_breadth,sequence,5,0.19080462447286234,0.3633906001562442,1.0,0,0,0
dist_to_high_96,dow_cos,cross_asset_breadth,time,5,0.1254087725809386,0.27047008004965806,1.0,0,0,0
dist_to_high_96,dow_sin,cross_asset_breadth,time,5,-0.13826898481289393,0.2661504447654876,1.0,0,0,0
dist_to_high_96,ema_ratio_9_21,cross_asset_breadth,trend,5,0.5043541607773514,0.6405231866353327,1.0,0,0,0
dist_to_high_96,high_price_final,cross_asset_breadth,sequence,4,0.0256217093925788,0.040883287591792765,0.0,0,0,0
dist_to_high_96,hour_cos,cross_asset_breadth,time,5,0.03599470832470487,0.024454661975380623,1.0,0,0,0
dist_to_high_96,hour_of_day,cross_asset_breadth,regime,5,0.014774980433568272,0.035212565451652536,1.0,0,0,0
dist_to_high_96,hour_sin,cross_asset_breadth,time,5,-0.022586230814077447,0.04760941577432936,1.0,0,0,0
dist_to_high_96,hour_utc,cross_asset_breadth,regime,5,0.014774980433568272,0.035212565451652536,1.0,0,0,0
dist_to_high_96,is_final_phase,cross_asset_breadth,sequence,0,,,0.0,0,0,0
dist_to_high_96,log_time_left,cross_asset_breadth,sequence,0,,,0.0,0,0,0
dist_to_high_96,mid_price,cross_asset_breadth,sequence,4,-0.03634584718401977,0.06897050122721539,0.0,0,0,0
dist_to_high_96,pm_best_ask,cross_asset_breadth,polymarket_state,4,-0.03831436741008465,0.07202823390131591,0.0,0,0,0
dist_to_high_96,pm_best_bid,cross_asset_breadth,polymarket_state,4,-0.034190710741050484,0.06526724510771839,0.0,0,0,0
dist_to_high_96,pm_momentum_5m,cross_asset_breadth,polymarket_state,4,-0.010490251345348044,0.034141239265768404,0.0,0,0,0
dist_to_high_96,pm_quote_pressure,cross_asset_breadth,polymarket_state,4,-0.03634584772640364,0.06897050122721539,0.0,0,0,0
dist_to_high_96,pm_spread_pct,cross_asset_breadth,polymarket_state,4,-0.0074414953311307125,0.013358823016766549,0.0,0,0,0
dist_to_high_96,pm_volume_5m,cross_asset_breadth,polymarket_state,0,,,0.0,0,0,0
dist_to_high_96,price_deviation,cross_asset_breadth,sequence,4,0.0256217093925788,0.040883287591792765,0.0,0,0,0
dist_to_high_96,price_deviation_sq,cross_asset_breadth,sequence,4,0.02363679081698667,0.040883287591792765,0.0,0,0,0
dist_to_high_96,price_distance_from_max,cross_asset_breadth,sequence,4,0.03655830794204789,0.05941865667431893,0.0,0,0,0
dist_to_high_96,price_momentum,cross_asset_breadth,sequence,4,-0.01801643664951688,0.04309804956160639,0.0,0,0,0
dist_to_high_96,price_velocity,cross_asset_breadth,sequence,4,-0.010490251345348044,0.034141239265768404,0.0,0,0,0
dist_to_high_96,price_velocity_lag1,cross_asset_breadth,sequence,4,-0.01013507084882791,0.03892881405524413,0.0,0,0,0
dist_to_high_96,range_1,cross_asset_breadth,sequence,5,-0.21223391550054319,0.22705548695737282,1.0,0,0,0
dist_to_high_96,range_avg_24,cross_asset_breadth,sequence,5,-0.38419679982774657,0.3803273445676468,1.0,0,0,0
dist_to_high_96,ret_1,cross_asset_breadth,price_returns,5,0.11589543045747903,0.1182532069567614,1.0,0,0,0
dist_to_high_96,ret_12,cross_asset_breadth,price_returns,5,0.3480831669267227,0.4026461780038199,1.0,0,0,0
dist_to_high_96,ret_24,cross_asset_breadth,price_returns,5,0.45290772654888156,0.5306685512411368,1.0,0,0,0
dist_to_high_96,ret_3,cross_asset_breadth,price_returns,5,0.1968714750973816,0.21887800264475032,1.0,0,0,0
dist_to_high_96,ret_48,cross_asset_breadth,price_returns,5,0.6003289710922639,0.7194029256979277,1.0,0,0,0
dist_to_high_96,ret_6,cross_asset_breadth,price_returns,5,0.268983429662397,0.3062467573270518,1.0,0,0,0
dist_to_high_96,rsi_14,cross_asset_breadth,trend,5,0.333906468420909,0.4200060588982811,1.0,0,0,0
dist_to_high_96,signed_body_pct,cross_asset_breadth,sequence,5,0.11501130867622618,0.11734067870862201,1.0,0,0,0
dist_to_high_96,signed_trend_efficiency_6,cross_asset_breadth,sequence,5,0.2049603114115121,0.27785352232483634,1.0,0,0,0
dist_to_high_96,spread,cross_asset_breadth,sequence,4,-0.02861839754918813,0.12162851333516639,0.0,0,0,0
dist_to_high_96,spread_pct,cross_asset_breadth,sequence,4,-0.007443620786180338,0.01367791143235634,0.0,0,0,0
dist_to_high_96,spread_trend,cross_asset_breadth,sequence,4,-0.05716684002387107,0.07248007972448574,0.0,0,0,0
dist_to_high_96,taker_buy_ratio,cross_asset_breadth,volume_taker_flow,5,0.055403193739694746,0.08246941284263976,1.0,0,0,0
dist_to_high_96,time_left_min,cross_asset_breadth,sequence,0,,,0.0,0,0,0
dist_to_high_96,time_phase,cross_asset_breadth,sequence,0,,,0.0,0,0,0
dist_to_high_96,up_ratio_4,cross_asset_breadth,sequence,5,0.053319808631941,0.10657881936453169,1.0,0,0,0
dist_to_high_96,velocity_x_phase,cross_asset_breadth,sequence,4,-0.010490251345348044,0.034141239265768404,0.0,0,0,0
dist_to_high_96,vol_24,cross_asset_breadth,volatility,5,-0.3285484958947687,0.3067834724014941,1.0,0,0,0
dist_to_high_96,vol_48,cross_asset_breadth,volatility,5,-0.4642381653529134,0.4275519990705051,1.0,0,0,0
dist_to_high_96,vol_6,cross_asset_breadth,volatility,5,-0.21010085443627072,0.19950798114893703,1.0,0,0,0
dist_to_high_96,vol_ratio,cross_asset_breadth,volatility,5,0.10508142232228257,0.17538092175050202,1.0,0,0,0
dist_to_high_96,vol_trend,cross_asset_breadth,volatility,5,0.053610795511015816,0.0903019609614424,1.0,0,0,0
dist_to_high_96,vol_z_1,cross_asset_breadth,volatility,5,0.03148807770634099,0.07339524073199327,1.0,0,0,0
dist_to_high_96,vol_z_6,cross_asset_breadth,volatility,5,0.022585033414848448,0.03871578458922494,1.0,0,0,0
dist_to_high_96,volume_5min,cross_asset_breadth,sequence,0,,,0.0,0,0,0
dist_to_high_96,volume_trend,cross_asset_breadth,sequence,0,,,0.0,0,0,0
dist_to_low_24,dist_to_low_96,cross_asset_breadth,cross_asset_breadth,5,0.6629793291467798,0.6402430854985889,1.0,0,1,0
dist_to_low_24,dow,cross_asset_breadth,sequence,5,-0.050306466392244474,0.11108167225737427,1.0,0,0,0
dist_to_low_24,dow_cos,cross_asset_breadth,time,5,0.09098445775527852,0.1575939183330414,1.0,0,0,0
dist_to_low_24,dow_sin,cross_asset_breadth,time,5,0.08446069572872014,0.14894573049614618,1.0,0,0,0
dist_to_low_24,ema_ratio_9_21,cross_asset_breadth,trend,5,0.5775596924754361,0.5903059498910393,1.0,0,0,0
dist_to_low_24,high_price_final,cross_asset_breadth,sequence,4,-0.017765869204849738,0.023467893452604485,0.0,0,0,0
dist_to_low_24,hour_cos,cross_asset_breadth,time,5,0.060504790132718624,0.18521763836759594,1.0,0,0,0
dist_to_low_24,hour_of_day,cross_asset_breadth,regime,5,0.09982011441940884,0.15227366412122761,1.0,0,0,0
dist_to_low_24,hour_sin,cross_asset_breadth,time,5,-0.14106528875135715,0.19390360926709385,1.0,0,0,0
dist_to_low_24,hour_utc,cross_asset_breadth,regime,5,0.09982011441940884,0.15227366412122761,1.0,0,0,0
dist_to_low_24,is_final_phase,cross_asset_breadth,sequence,0,,,0.0,0,0,0
dist_to_low_24,log_time_left,cross_asset_breadth,sequence,0,,,0.0,0,0,0
dist_to_low_24,mid_price,cross_asset_breadth,sequence,4,-0.033392685054930926,0.05631885484464687,0.0,0,0,0
dist_to_low_24,pm_best_ask,cross_asset_breadth,polymarket_state,4,-0.030649585066470898,0.0522321895546968,0.0,0,0,0
dist_to_low_24,pm_best_bid,cross_asset_breadth,polymarket_state,4,-0.03595565390755032,0.0597912108730269,0.0,0,0,0
dist_to_low_24,pm_momentum_5m,cross_asset_breadth,polymarket_state,4,0.0008009414272483781,0.019704225746991766,0.0,0,0,0
dist_to_low_24,pm_quote_pressure,cross_asset_breadth,polymarket_state,4,-0.033392685203174954,0.05631885484464687,0.0,0,0,0
dist_to_low_24,pm_spread_pct,cross_asset_breadth,polymarket_state,4,0.03509953184923187,0.11644990533037375,0.0,0,0,0
dist_to_low_24,pm_volume_5m,cross_asset_breadth,polymarket_state,0,,,0.0,0,0,0
dist_to_low_24,price_deviation,cross_asset_breadth,sequence,4,-0.017765869204849738,0.023467893452604485,0.0,0,0,0
dist_to_low_24,price_deviation_sq,cross_asset_breadth,sequence,4,-0.016185413319683446,0.023467893452604485,0.0,0,0,0
dist_to_low_24,price_distance_from_max,cross_asset_breadth,sequence,4,0.00905332182993708,0.03550328072030118,0.0,0,0,0
dist_to_low_24,price_momentum,cross_asset_breadth,sequence,4,-0.006575920612724468,0.029416626351543688,0.0,0,0,0
dist_to_low_24,price_velocity,cross_asset_breadth,sequence,4,0.0008009414272483781,0.019704225746991766,0.0,0,0,0
dist_to_low_24,price_velocity_lag1,cross_asset_breadth,sequence,4,-0.004926248415295943,0.03268251032909787,0.0,0,0,0
dist_to_low_24,range_1,cross_asset_breadth,sequence,5,0.3585558661038145,0.36667286525791665,1.0,0,0,0
dist_to_low_24,range_avg_24,cross_asset_breadth,sequence,5,0.6048421209775545,0.553058365563169,1.0,0,0,0
dist_to_low_24,ret_1,cross_asset_breadth,price_returns,5,0.23103220528997176,0.2720160967976361,1.0,0,0,0
dist_to_low_24,ret_12,cross_asset_breadth,price_returns,5,0.5470844214522886,0.6247129286291121,1.0,0,0,0
dist_to_low_24,ret_24,cross_asset_breadth,price_returns,5,0.5680019776473269,0.5710805326840401,1.0,0,0,0
dist_to_low_24,ret_3,cross_asset_breadth,price_returns,5,0.34706395184359284,0.42534225941152837,1.0,0,0,0
dist_to_low_24,ret_48,cross_asset_breadth,price_returns,5,0.42268341047137553,0.348148960505808,1.0,0,0,0
dist_to_low_24,ret_6,cross_asset_breadth,price_returns,5,0.45541242064996973,0.5362523891288843,1.0,0,0,0
dist_to_low_24,rsi_14,cross_asset_breadth,trend,5,0.5226482436628657,0.644328123651929,1.0,0,0,0
dist_to_low_24,signed_body_pct,cross_asset_breadth,sequence,5,0.2314972900393435,0.27051363079074897,1.0,0,0,0
dist_to_low_24,signed_trend_efficiency_6,cross_asset_breadth,sequence,5,0.41200935830880636,0.531847851475797,1.0,0,0,0
dist_to_low_24,spread,cross_asset_breadth,sequence,4,0.03312544023195567,0.14314825965506622,0.0,0,0,0
dist_to_low_24,spread_pct,cross_asset_breadth,sequence,4,0.035101525484358916,0.11666746059888534,0.0,0,0,0
dist_to_low_24,spread_trend,cross_asset_breadth,sequence,4,0.046975717169024336,0.05628409160721144,0.0,0,0,0
dist_to_low_24,taker_buy_ratio,cross_asset_breadth,volume_taker_flow,5,0.10758253607734039,0.15846609793963295,1.0,0,0,0
dist_to_low_24,time_left_min,cross_asset_breadth,sequence,0,,,0.0,0,0,0
dist_to_low_24,time_phase,cross_asset_breadth,sequence,0,,,0.0,0,0,0
dist_to_low_24,up_ratio_4,cross_asset_breadth,sequence,5,0.3403453578899871,0.4164381156041071,1.0,0,0,0
dist_to_low_24,velocity_x_phase,cross_asset_breadth,sequence,4,0.0008009414272483781,0.019704225746991766,0.0,0,0,0
dist_to_low_24,vol_24,cross_asset_breadth,volatility,5,0.5972605479841996,0.5680891651922338,1.0,0,0,0
dist_to_low_24,vol_48,cross_asset_breadth,volatility,5,0.4787432534686727,0.46018999163010227,1.0,0,0,0
dist_to_low_24,vol_6,cross_asset_breadth,volatility,5,0.41928069930962986,0.42029942578170637,1.0,0,0,0
dist_to_low_24,vol_ratio,cross_asset_breadth,volatility,5,0.10022907456311263,0.08083182185277452,1.0,0,0,0
dist_to_low_24,vol_trend,cross_asset_breadth,volatility,5,-0.040106884214330694,0.10602413787087837,1.0,0,0,0
dist_to_low_24,vol_z_1,cross_asset_breadth,volatility,5,-0.011888585388010825,0.07358114930481156,1.0,0,0,0
dist_to_low_24,vol_z_6,cross_asset_breadth,volatility,5,-0.03387862943609064,0.0677648753749636,1.0,0,0,0
dist_to_low_24,volume_5min,cross_asset_breadth,sequence,0,,,0.0,0,0,0
dist_to_low_24,volume_trend,cross_asset_breadth,sequence,0,,,0.0,0,0,0
dist_to_low_96,dow,cross_asset_breadth,sequence,5,0.10928004330886705,0.12312930556666128,1.0,0,0,0
dist_to_low_96,dow_cos,cross_asset_breadth,time,5,0.14459242526010985,0.2810952859112014,1.0,0,0,0
dist_to_low_96,dow_sin,cross_asset_breadth,time,5,-0.020670031884338295,0.023414810722049817,1.0,0,0,0
dist_to_low_96,ema_ratio_9_21,cross_asset_breadth,trend,5,0.6069724544116197,0.6693026248748211,1.0,0,0,0
dist_to_low_96,high_price_final,cross_asset_breadth,sequence,4,-0.01177627333752548,0.021684031450025613,0.0,0,0,0
dist_to_low_96,hour_cos,cross_asset_breadth,time,5,0.01805322616166408,0.10598761615699304,1.0,0,0,0
dist_to_low_96,hour_of_day,cross_asset_breadth,regime,5,0.022734448642803367,0.07005290034835096,1.0,0,0,0
dist_to_low_96,hour_sin,cross_asset_breadth,time,5,-0.023443069651212085,0.08397329213333025,1.0,0,0,0
dist_to_low_96,hour_utc,cross_asset_breadth,regime,5,0.022734448642803367,0.07005290034835096,1.0,0,0,0
dist_to_low_96,is_final_phase,cross_asset_breadth,sequence,0,,,0.0,0,0,0
dist_to_low_96,log_time_left,cross_asset_breadth,sequence,0,,,0.0,0,0,0
dist_to_low_96,mid_price,cross_asset_breadth,sequence,4,-0.023654129225082733,0.06311259427441654,0.0,0,0,0
dist_to_low_96,pm_best_ask,cross_asset_breadth,polymarket_state,4,-0.021183666570358306,0.06091131028183564,0.0,0,0,0
dist_to_low_96,pm_best_bid,cross_asset_breadth,polymarket_state,4,-0.02603821945413376,0.06477460915497417,0.0,0,0,0
dist_to_low_96,pm_momentum_5m,cross_asset_breadth,polymarket_state,4,-0.002725828322593372,0.02717450428225899,0.0,0,0,0
dist_to_low_96,pm_quote_pressure,cross_asset_breadth,polymarket_state,4,-0.02365412926439372,0.06311259427441654,0.0,0,0,0
dist_to_low_96,pm_spread_pct,cross_asset_breadth,polymarket_state,4,0.026632298821759402,0.11883557195814787,0.0,0,0,0
dist_to_low_96,pm_volume_5m,cross_asset_breadth,polymarket_state,0,,,0.0,0,0,0
dist_to_low_96,price_deviation,cross_asset_breadth,sequence,4,-0.01177627333752548,0.021684031450025613,0.0,0,0,0
dist_to_low_96,price_deviation_sq,cross_asset_breadth,sequence,4,-0.006461986812403833,0.021684031450025613,0.0,0,0,0
dist_to_low_96,price_distance_from_max,cross_asset_breadth,sequence,4,-0.002340388785155965,0.03311599018304716,0.0,0,0,0
dist_to_low_96,price_momentum,cross_asset_breadth,sequence,4,-0.008305269905997826,0.03757259492264114,0.0,0,0,0
dist_to_low_96,price_velocity,cross_asset_breadth,sequence,4,-0.002725828322593372,0.02717450428225899,0.0,0,0,0
dist_to_low_96,price_velocity_lag1,cross_asset_breadth,sequence,4,-0.005670487389964915,0.031928813493007954,0.0,0,0,0
dist_to_low_96,range_1,cross_asset_breadth,sequence,5,0.25795667674954875,0.27928665592911545,1.0,0,0,0
dist_to_low_96,range_avg_24,cross_asset_breadth,sequence,5,0.4034681868346538,0.3752813610355087,1.0,0,0,0
dist_to_low_96,ret_1,cross_asset_breadth,price_returns,5,0.14761468180345377,0.1500322670875962,1.0,0,0,0
dist_to_low_96,ret_12,cross_asset_breadth,price_returns,5,0.4384445630761589,0.4833285172916378,1.0,0,0,0
dist_to_low_96,ret_24,cross_asset_breadth,price_returns,5,0.5546420950356545,0.5792526648024223,1.0,0,0,0
dist_to_low_96,ret_3,cross_asset_breadth,price_returns,5,0.23659896210768766,0.2689138820531608,1.0,0,0,0
dist_to_low_96,ret_48,cross_asset_breadth,price_returns,5,0.65916431012188,0.6904467288678094,1.0,0,0,0
dist_to_low_96,ret_6,cross_asset_breadth,price_returns,5,0.33648310159394007,0.37339852237151644,1.0,0,0,0
dist_to_low_96,rsi_14,cross_asset_breadth,trend,5,0.38935734692476714,0.4902360909281204,1.0,0,0,0
dist_to_low_96,signed_body_pct,cross_asset_breadth,sequence,5,0.1475945313487749,0.1484891880595064,1.0,0,0,0
dist_to_low_96,signed_trend_efficiency_6,cross_asset_breadth,sequence,5,0.2623648565954964,0.34882503930541303,1.0,0,0,0
dist_to_low_96,spread,cross_asset_breadth,sequence,4,0.02927231033496113,0.14819495710304445,0.0,0,0,0
dist_to_low_96,spread_pct,cross_asset_breadth,sequence,4,0.026634721124848153,0.11904234904054646,0.0,0,0,0
dist_to_low_96,spread_trend,cross_asset_breadth,sequence,4,0.05057330773404865,0.06838381640371621,0.0,0,0,0
dist_to_low_96,taker_buy_ratio,cross_asset_breadth,volume_taker_flow,5,0.07062028542027347,0.10929607678983194,1.0,0,0,0
dist_to_low_96,time_left_min,cross_asset_breadth,sequence,0,,,0.0,0,0,0
dist_to_low_96,time_phase,cross_asset_breadth,sequence,0,,,0.0,0,0,0
dist_to_low_96,up_ratio_4,cross_asset_breadth,sequence,5,0.18956230740425603,0.2289150787150715,1.0,0,0,0
dist_to_low_96,velocity_x_phase,cross_asset_breadth,sequence,4,-0.002725828322593372,0.02717450428225899,0.0,0,0,0
dist_to_low_96,vol_24,cross_asset_breadth,volatility,5,0.36742918073261094,0.3571356593191404,1.0,0,0,0
dist_to_low_96,vol_48,cross_asset_breadth,volatility,5,0.36761283640356646,0.3469240520210872,1.0,0,0,0
dist_to_low_96,vol_6,cross_asset_breadth,volatility,5,0.28702564862390495,0.29969410885073877,1.0,0,0,0
dist_to_low_96,vol_ratio,cross_asset_breadth,volatility,5,0.030326501074200422,0.035610045086508973,1.0,0,0,0
dist_to_low_96,vol_trend,cross_asset_breadth,volatility,5,0.004065702330704064,0.01945082685864544,1.0,0,0,0
dist_to_low_96,vol_z_1,cross_asset_breadth,volatility,5,-0.011615509658619412,0.04776061415083188,1.0,0,0,0
dist_to_low_96,vol_z_6,cross_asset_breadth,volatility,5,-0.0055691846182152685,0.019874107940670193,1.0,0,0,0
dist_to_low_96,volume_5min,cross_asset_breadth,sequence,0,,,0.0,0,0,0
dist_to_low_96,volume_trend,cross_asset_breadth,sequence,0,,,0.0,0,0,0
dow,dow_cos,sequence,time,5,-0.25394303851779276,0.26505324277100506,1.0,0,0,0
dow,dow_sin,sequence,time,5,-0.7569958375931484,0.8294653555192177,1.0,0,0,0
dow,ema_ratio_9_21,sequence,trend,5,0.1185365499124708,0.17109014116604404,1.0,0,0,0
dow,high_price_final,sequence,sequence,4,0.029313542869495793,0.06423697293129059,0.0,0,1,0
dow,hour_cos,sequence,time,5,-0.053209325637245855,0.06293360886884063,1.0,0,0,0
dow,hour_of_day,sequence,regime,5,0.011598459002391925,0.021130908728420633,1.0,0,0,0
dow,hour_sin,sequence,time,5,0.02913813824727136,0.04305586837053919,1.0,0,0,0
dow,hour_utc,sequence,regime,5,0.011598459002391925,0.021130908728420633,1.0,0,0,0
dow,is_final_phase,sequence,sequence,0,,,0.0,0,1,0
dow,log_time_left,sequence,sequence,0,,,0.0,0,1,0
dow,mid_price,sequence,sequence,4,0.012698528287988694,0.020899055543531476,0.0,0,1,0
dow,pm_best_ask,sequence,polymarket_state,4,0.015219832536101048,0.02274680325024293,0.0,0,0,0
dow,pm_best_bid,sequence,polymarket_state,4,0.010068859944875753,0.019018869528746648,0.0,0,0,0
dow,pm_momentum_5m,sequence,polymarket_state,4,0.01108829491452928,0.014171244792197777,0.0,0,0,0
dow,pm_quote_pressure,sequence,polymarket_state,4,0.012698527517521457,0.020899055543531476,0.0,0,0,0
dow,pm_spread_pct,sequence,polymarket_state,4,0.052885378019201124,0.03193991828602099,0.0,0,0,0
dow,pm_volume_5m,sequence,polymarket_state,0,,,0.0,0,0,0
dow,price_deviation,sequence,sequence,4,0.029313542869495793,0.06423697293129059,0.0,0,1,0
dow,price_deviation_sq,sequence,sequence,4,0.039491130700050676,0.06423697293129059,0.0,0,1,0
dow,price_distance_from_max,sequence,sequence,4,0.015130322905964293,0.02626888725100591,0.0,0,1,0
dow,price_momentum,sequence,sequence,4,0.017318268077397354,0.02233338708616663,0.0,0,1,0
dow,price_velocity,sequence,sequence,4,0.01108829491452928,0.014171244792197777,0.0,0,1,0
dow,price_velocity_lag1,sequence,sequence,4,0.011326715632700546,0.011565701153116621,0.0,0,1,0
dow,range_1,sequence,sequence,5,-0.15232150919995796,0.328338441753147,1.0,0,1,0
dow,range_avg_24,sequence,sequence,5,-0.310166186312496,0.5340544869422372,1.0,0,1,0
dow,ret_1,sequence,price_returns,5,0.04978418346417325,0.05795294561666677,1.0,0,0,0
dow,ret_12,sequence,price_returns,5,0.11820083835355204,0.15514104162414652,1.0,0,0,0
dow,ret_24,sequence,price_returns,5,0.09770828109361449,0.12121608166685875,1.0,0,0,0
dow,ret_3,sequence,price_returns,5,0.07554807690591751,0.10762962842187855,1.0,0,0,0
dow,ret_48,sequence,price_returns,5,0.11786845341514582,0.1695751701937153,1.0,0,0,0
dow,ret_6,sequence,price_returns,5,0.113268822142041,0.14528005796326515,1.0,0,0,0
dow,rsi_14,sequence,trend,5,0.14120260415410435,0.1570536875910387,1.0,0,0,0
dow,signed_body_pct,sequence,sequence,5,0.04928891569066281,0.05748693355159976,1.0,0,1,0
dow,signed_trend_efficiency_6,sequence,sequence,5,0.12367651185972117,0.14459835054352735,1.0,0,1,0
dow,spread,sequence,sequence,4,0.03630326191872604,0.06148013412006693,0.0,0,1,0
dow,spread_pct,sequence,sequence,4,0.05288472876164979,0.03208721525019978,0.0,0,1,0
dow,spread_trend,sequence,sequence,4,0.009742857810902507,0.07817868741950816,0.0,0,1,0
dow,taker_buy_ratio,sequence,volume_taker_flow,5,0.04339904569878063,0.046665735133265426,1.0,0,0,0
dow,time_left_min,sequence,sequence,0,,,0.0,0,1,0
dow,time_phase,sequence,sequence,0,,,0.0,0,1,0
dow,up_ratio_4,sequence,sequence,5,-0.0011543715058009714,0.025798510085160705,1.0,0,1,0
dow,velocity_x_phase,sequence,sequence,4,0.01108829491452928,0.014171244792197777,0.0,0,1,0
dow,vol_24,sequence,volatility,5,-0.26930745292871644,0.45123074477479747,1.0,0,0,0
dow,vol_48,sequence,volatility,5,-0.2740013620015699,0.4893192969737224,1.0,0,0,0
dow,vol_6,sequence,volatility,5,-0.152557282043786,0.29097051556913883,1.0,0,0,0
dow,vol_ratio,sequence,volatility,5,0.03746103414750641,0.06226488878133792,1.0,0,0,0
dow,vol_trend,sequence,volatility,5,0.08699684348868741,0.10135219794547963,1.0,0,0,0
dow,vol_z_1,sequence,volatility,5,0.04065442834755612,0.06467469715887893,1.0,0,0,0
dow,vol_z_6,sequence,volatility,5,0.01827390430321176,0.02978414797074858,1.0,0,0,0
dow,volume_5min,sequence,sequence,0,,,0.0,0,1,0
dow,volume_trend,sequence,sequence,0,,,0.0,0,1,0
dow_cos,dow_sin,time,time,5,-0.04829208733664665,0.12659170174785203,1.0,0,1,0
dow_cos,ema_ratio_9_21,time,trend,5,0.1493571111203268,0.28774451673599877,1.0,0,0,0
dow_cos,high_price_final,time,sequence,4,-0.04193973508155188,0.07181928926688583,0.0,0,0,0
dow_cos,hour_cos,time,time,5,0.03399340250143399,0.048802909576755926,1.0,0,1,0
dow_cos,hour_of_day,time,regime,5,-0.020438841398416504,0.0381402774143264,1.0,0,0,0
dow_cos,hour_sin,time,time,5,-0.008151772744376187,0.01738562356766465,1.0,0,1,0
dow_cos,hour_utc,time,regime,5,-0.020438841398416504,0.0381402774143264,1.0,0,0,0
dow_cos,is_final_phase,time,sequence,0,,,0.0,0,0,0
dow_cos,log_time_left,time,sequence,0,,,0.0,0,0,0
dow_cos,mid_price,time,sequence,4,-0.02603547368584871,0.03574030890187367,0.0,0,0,0
dow_cos,pm_best_ask,time,polymarket_state,4,-0.02999061111239438,0.038871384140506116,0.0,0,0,0
dow_cos,pm_best_bid,time,polymarket_state,4,-0.021865091870965532,0.0329233199846679,0.0,0,0,0
dow_cos,pm_momentum_5m,time,polymarket_state,4,-0.018470490262759938,0.02056634333066949,0.0,0,0,0
dow_cos,pm_quote_pressure,time,polymarket_state,4,-0.026035473087300323,0.03574030890187367,0.0,0,0,0
dow_cos,pm_spread_pct,time,polymarket_state,4,-0.058860646631189506,0.04432810017938568,0.0,0,0,0
dow_cos,pm_volume_5m,time,polymarket_state,0,,,0.0,0,0,0
dow_cos,price_deviation,time,sequence,4,-0.04193973508155188,0.07181928926688583,0.0,0,0,0
dow_cos,price_deviation_sq,time,sequence,4,-0.051922408196244864,0.07181928926688583,0.0,0,0,0
dow_cos,price_distance_from_max,time,sequence,4,-0.004388177799014926,0.027220216622835598,0.0,0,0,0
dow_cos,price_momentum,time,sequence,4,-0.027227882681734716,0.031263037732794374,0.0,0,0,0
dow_cos,price_velocity,time,sequence,4,-0.018470490262759938,0.02056634333066949,0.0,0,0,0
dow_cos,price_velocity_lag1,time,sequence,4,-0.015895989679627968,0.01671401968810043,0.0,0,0,0
dow_cos,range_1,time,sequence,5,-0.006612019151022157,0.03314684143393673,1.0,0,0,0
dow_cos,range_avg_24,time,sequence,5,-0.045644233564423535,0.10097986522628559,1.0,0,0,0
dow_cos,ret_1,time,price_returns,5,0.03140405395300233,0.04118996338265194,1.0,0,0,0
dow_cos,ret_12,time,price_returns,5,0.08555475905453393,0.16720925475280252,1.0,0,0,0
dow_cos,ret_24,time,price_returns,5,0.14604684320185468,0.26141970971223083,1.0,0,0,0
dow_cos,ret_3,time,price_returns,5,0.04910983877970795,0.09450245949192843,1.0,0,0,0
dow_cos,ret_48,time,price_returns,5,0.16074271631387338,0.3018087493144219,1.0,0,0,0
dow_cos,ret_6,time,price_returns,5,0.05650678950834097,0.10788305675518696,1.0,0,0,0
dow_cos,rsi_14,time,trend,5,0.10314243197694226,0.18353337982892826,1.0,0,0,0
dow_cos,signed_body_pct,time,sequence,5,0.0306794477314812,0.039874789695147544,1.0,0,0,0
dow_cos,signed_trend_efficiency_6,time,sequence,5,0.05126985549899339,0.10694373383637033,1.0,0,0,0
dow_cos,spread,time,sequence,4,-0.05369685669190574,0.04653799435891051,0.0,0,0,0
dow_cos,spread_pct,time,sequence,4,-0.05885902266730374,0.044373669078782214,0.0,0,0,0
dow_cos,spread_trend,time,sequence,4,-0.0007046774052481626,0.047051541601424975,0.0,0,0,0
dow_cos,taker_buy_ratio,time,volume_taker_flow,5,-0.0027419631757579243,0.006152579490527673,1.0,0,0,0
dow_cos,time_left_min,time,sequence,0,,,0.0,0,0,0
dow_cos,time_phase,time,sequence,0,,,0.0,0,0,0
dow_cos,up_ratio_4,time,sequence,5,0.01256658903506169,0.04850900994308726,1.0,0,0,0
dow_cos,velocity_x_phase,time,sequence,4,-0.018470490262759938,0.02056634333066949,0.0,0,0,0
dow_cos,vol_24,time,volatility,5,-0.026017668135316023,0.09111000790355603,1.0,0,0,0
dow_cos,vol_48,time,volatility,5,-0.07313152558620557,0.13880383776420993,1.0,0,0,0
dow_cos,vol_6,time,volatility,5,-0.027326957770872677,0.07235269350220926,1.0,0,0,0
dow_cos,vol_ratio,time,volatility,5,0.034909776230228874,0.041538770976347845,1.0,0,0,0
dow_cos,vol_trend,time,volatility,5,0.01406352515528935,0.025092648545652112,1.0,0,0,0
dow_cos,vol_z_1,time,volatility,5,0.01402840599452318,0.03593920715400643,1.0,0,0,0
dow_cos,vol_z_6,time,volatility,5,0.021518742559923726,0.02837368575107228,1.0,0,0,0
dow_cos,volume_5min,time,sequence,0,,,0.0,0,0,0
dow_cos,volume_trend,time,sequence,0,,,0.0,0,0,0
dow_sin,ema_ratio_9_21,time,trend,5,-0.08004130009330174,0.13161938740708304,1.0,0,0,0
dow_sin,high_price_final,time,sequence,4,0.002122857475037125,0.009493833982130363,0.0,0,0,0
dow_sin,hour_cos,time,time,5,0.016017066419695004,0.026919158746522683,1.0,0,1,0
dow_sin,hour_of_day,time,regime,5,0.05745277679563845,0.08199116682504061,1.0,0,0,0
dow_sin,hour_sin,time,time,5,-0.06081257172187358,0.08534067594369495,1.0,0,1,0
dow_sin,hour_utc,time,regime,5,0.05745277679563845,0.08199116682504061,1.0,0,0,0
dow_sin,is_final_phase,time,sequence,0,,,0.0,0,0,0
dow_sin,log_time_left,time,sequence,0,,,0.0,0,0,0
dow_sin,mid_price,time,sequence,4,-0.0007561022553581732,0.0026348730236839158,0.0,0,0,0
dow_sin,pm_best_ask,time,polymarket_state,4,0.0002885178709420825,0.007019901621919828,0.0,0,0,0
dow_sin,pm_best_bid,time,polymarket_state,4,-0.0017937182425420402,0.00509314814755307,0.0,0,0,0
dow_sin,pm_momentum_5m,time,polymarket_state,4,5.151018885895511e-06,0.003325552460980661,0.0,0,0,0
dow_sin,pm_quote_pressure,time,polymarket_state,4,-0.0007561020056312254,0.0026348730236839158,0.0,0,0,0
dow_sin,pm_spread_pct,time,polymarket_state,4,-0.014675022742856467,0.02632810558306114,0.0,0,0,0
dow_sin,pm_volume_5m,time,polymarket_state,0,,,0.0,0,0,0
dow_sin,price_deviation,time,sequence,4,0.002122857475037125,0.009493833982130363,0.0,0,0,0
dow_sin,price_deviation_sq,time,sequence,4,-0.0029034107891426925,0.009493833982130363,0.0,0,0,0
dow_sin,price_distance_from_max,time,sequence,4,-0.008457770880024215,0.012717657807730863,0.0,0,0,0
dow_sin,price_momentum,time,sequence,4,-0.0021126798162795636,0.005304358827690669,0.0,0,0,0
dow_sin,price_velocity,time,sequence,4,5.151018885895511e-06,0.003325552460980661,0.0,0,0,0
dow_sin,price_velocity_lag1,time,sequence,4,-0.001608101587226989,0.002083239661309831,0.0,0,0,0
dow_sin,range_1,time,sequence,5,0.17914374283621415,0.3869021090491136,1.0,0,0,0
dow_sin,range_avg_24,time,sequence,5,0.34822201308871853,0.5964684866093964,1.0,0,0,0
dow_sin,ret_1,time,price_returns,5,-0.029780815315462866,0.03440050121418259,1.0,0,0,0
dow_sin,ret_12,time,price_returns,5,-0.06900299278859998,0.11148453978120727,1.0,0,0,0
dow_sin,ret_24,time,price_returns,5,-0.07035075923873245,0.08983417319395628,1.0,0,0,0
dow_sin,ret_3,time,price_returns,5,-0.0432667514780929,0.0724076177432375,1.0,0,0,0
dow_sin,ret_48,time,price_returns,5,-0.08394740866327194,0.1087815488328564,1.0,0,0,0
dow_sin,ret_6,time,price_returns,5,-0.06151703607399932,0.10204468682811349,1.0,0,0,0
dow_sin,rsi_14,time,trend,5,-0.10096457432843634,0.12490734777045522,1.0,0,0,0
dow_sin,signed_body_pct,time,sequence,5,-0.02968977276085318,0.034605906548619954,1.0,0,0,0
dow_sin,signed_trend_efficiency_6,time,sequence,5,-0.0751702836931285,0.09858086371245871,1.0,0,0,0
dow_sin,spread,time,sequence,4,0.004906343726708045,0.05030354840663957,0.0,0,0,0
dow_sin,spread_pct,time,sequence,4,-0.014674743579561358,0.026444916235482212,0.0,0,0,0
dow_sin,spread_trend,time,sequence,4,-0.014328485539034673,0.0469769806043395,0.0,0,0,0
dow_sin,taker_buy_ratio,time,volume_taker_flow,5,-0.000989688247012029,0.009667497044057087,1.0,0,0,0
dow_sin,time_left_min,time,sequence,0,,,0.0,0,0,0
dow_sin,time_phase,time,sequence,0,,,0.0,0,0,0
dow_sin,up_ratio_4,time,sequence,5,0.04867836983617642,0.06542835946037717,1.0,0,0,0
dow_sin,velocity_x_phase,time,sequence,4,5.151018885895511e-06,0.003325552460980661,0.0,0,0,0
dow_sin,vol_24,time,volatility,5,0.2993332321969486,0.5398676905284746,1.0,0,0,0
dow_sin,vol_48,time,volatility,5,0.3230503064532559,0.5847456199405882,1.0,0,0,0
dow_sin,vol_6,time,volatility,5,0.195942334821692,0.4064424349525452,1.0,0,0,0
dow_sin,vol_ratio,time,volatility,5,-0.012565140454484619,0.02102799441253876,1.0,0,0,0
dow_sin,vol_trend,time,volatility,5,-0.0500433290644802,0.05942934174407287,1.0,0,0,0
dow_sin,vol_z_1,time,volatility,5,-0.0431650963635543,0.07598555162341739,1.0,0,0,0
dow_sin,vol_z_6,time,volatility,5,-0.02240433999352711,0.029469087503376346,1.0,0,0,0
dow_sin,volume_5min,time,sequence,0,,,0.0,0,0,0
dow_sin,volume_trend,time,sequence,0,,,0.0,0,0,0
ema_ratio_9_21,high_price_final,trend,sequence,4,-0.0044083388424240285,0.013376250071502532,0.0,0,0,0
ema_ratio_9_21,hour_cos,trend,time,5,0.07368000109097687,0.16449451591517783,1.0,0,0,0
ema_ratio_9_21,hour_of_day,trend,regime,5,0.008211226756682646,0.047103105432228246,1.0,0,0,0
ema_ratio_9_21,hour_sin,trend,time,5,0.018364081267943953,0.043052884072809286,1.0,0,0,0
ema_ratio_9_21,hour_utc,trend,regime,5,0.008211226756682646,0.047103105432228246,1.0,0,0,0
ema_ratio_9_21,is_final_phase,trend,sequence,0,,,0.0,0,0,0
ema_ratio_9_21,log_time_left,trend,sequence,0,,,0.0,0,0,0
ema_ratio_9_21,mid_price,trend,sequence,4,-0.036989597132164244,0.0693241520732899,0.0,0,0,0
ema_ratio_9_21,pm_best_ask,trend,polymarket_state,4,-0.03525759476795043,0.06817341565548488,0.0,0,0,0
ema_ratio_9_21,pm_best_bid,trend,polymarket_state,4,-0.03852979446942246,0.0696740694780371,0.0,0,0,0
ema_ratio_9_21,pm_momentum_5m,trend,polymarket_state,4,-0.00428187745139278,0.02934888059241406,0.0,0,0,0
ema_ratio_9_21,pm_quote_pressure,trend,polymarket_state,4,-0.03698959744117496,0.0693241520732899,0.0,0,0,0
ema_ratio_9_21,pm_spread_pct,trend,polymarket_state,4,0.02771487097858417,0.07450023107388422,0.0,0,0,0
ema_ratio_9_21,pm_volume_5m,trend,polymarket_state,0,,,0.0,0,0,0
ema_ratio_9_21,price_deviation,trend,sequence,4,-0.0044083388424240285,0.013376250071502532,0.0,0,0,0
ema_ratio_9_21,price_deviation_sq,trend,sequence,4,-8.085826556317286e-05,0.013376250071502532,0.0,0,0,0
ema_ratio_9_21,price_distance_from_max,trend,sequence,4,0.015336862917200798,0.04299943689472294,0.0,0,0,0
ema_ratio_9_21,price_momentum,trend,sequence,4,-0.012747955686846854,0.040414099540345125,0.0,0,0,0
ema_ratio_9_21,price_velocity,trend,sequence,4,-0.00428187745139278,0.02934888059241406,0.0,0,0,0
ema_ratio_9_21,price_velocity_lag1,trend,sequence,4,-0.008394025283780786,0.03929819245778746,0.0,0,0,0
ema_ratio_9_21,range_1,trend,sequence,5,0.021880393022384526,0.09762186750145853,1.0,0,0,0
ema_ratio_9_21,range_avg_24,trend,sequence,5,-0.027776791928506787,0.16092130788420758,1.0,0,0,0
ema_ratio_9_21,ret_1,trend,price_returns,5,0.08257202190955412,0.05104745904320838,1.0,0,0,0
ema_ratio_9_21,ret_12,trend,price_returns,5,0.7991698282948583,0.7202278238169604,1.0,0,0,0
ema_ratio_9_21,ret_24,trend,price_returns,5,0.9194642615766314,0.8908079364874519,1.0,0,0,0
ema_ratio_9_21,ret_3,trend,price_returns,5,0.2602104754330436,0.21684361251366702,1.0,0,0,0
ema_ratio_9_21,ret_48,trend,price_returns,5,0.7626781583608478,0.7641052475303888,1.0,0,0,0
ema_ratio_9_21,ret_6,trend,price_returns,5,0.5065587091881534,0.43144700859392704,1.0,0,0,0
ema_ratio_9_21,rsi_14,trend,trend,5,0.7007290543197213,0.7577502465978903,1.0,0,1,0
ema_ratio_9_21,signed_body_pct,trend,sequence,5,0.08220607019236573,0.05030900508866064,1.0,0,0,0
ema_ratio_9_21,signed_trend_efficiency_6,trend,sequence,5,0.36435458504040097,0.40895642347717154,1.0,0,0,0
ema_ratio_9_21,spread,trend,sequence,4,0.01768566714190868,0.06341494268746391,0.0,0,0,0
ema_ratio_9_21,spread_pct,trend,sequence,4,0.027714811709554657,0.07452168975600774,0.0,0,0,0
ema_ratio_9_21,spread_trend,trend,sequence,4,0.0147724759679655,0.02848096552917221,0.0,0,0,0
ema_ratio_9_21,taker_buy_ratio,trend,volume_taker_flow,5,0.04019982295244688,0.074620025361028,1.0,0,0,0
ema_ratio_9_21,time_left_min,trend,sequence,0,,,0.0,0,0,0
ema_ratio_9_21,time_phase,trend,sequence,0,,,0.0,0,0,0
ema_ratio_9_21,up_ratio_4,trend,sequence,5,0.170551850239859,0.1925932385045451,1.0,0,0,0
ema_ratio_9_21,velocity_x_phase,trend,sequence,4,-0.00428187745139278,0.02934888059241406,0.0,0,0,0
ema_ratio_9_21,vol_24,trend,volatility,5,-0.03153549047659049,0.11706685319873746,1.0,0,0,0
ema_ratio_9_21,vol_48,trend,volatility,5,-0.08440792954291813,0.22491329530821547,1.0,0,0,0
ema_ratio_9_21,vol_6,trend,volatility,5,0.016665380157758546,0.08614487509308141,1.0,0,0,0
ema_ratio_9_21,vol_ratio,trend,volatility,5,0.050420326409110684,0.08875073845630252,1.0,0,0,0
ema_ratio_9_21,vol_trend,trend,volatility,5,0.020204518726770555,0.036431458437121894,1.0,0,0,0
ema_ratio_9_21,vol_z_1,trend,volatility,5,0.006168878932764281,0.0148934578400249,1.0,0,0,0
ema_ratio_9_21,vol_z_6,trend,volatility,5,0.0180197940656458,0.025599869940881412,1.0,0,0,0
ema_ratio_9_21,volume_5min,trend,sequence,0,,,0.0,0,0,0
ema_ratio_9_21,volume_trend,trend,sequence,0,,,0.0,0,0,0
high_price_final,hour_cos,sequence,time,4,-0.041203555885094494,0.04263942512988061,0.0,0,0,0
high_price_final,hour_of_day,sequence,regime,4,-0.005087428892175741,0.009371966604465114,0.0,0,0,0
high_price_final,hour_sin,sequence,time,4,0.011897497334430712,0.021950389411317158,0.0,0,0,0
high_price_final,hour_utc,sequence,regime,4,-0.005087428892175741,0.009371966604465114,0.0,0,0,0
high_price_final,is_final_phase,sequence,sequence,0,,,1.0,0,1,0
high_price_final,log_time_left,sequence,sequence,0,,,1.0,0,1,0
high_price_final,mid_price,sequence,sequence,4,-0.016892423654018184,0.06317057461199779,1.0,0,1,0
high_price_final,pm_best_ask,sequence,polymarket_state,4,-0.023475690251996698,0.06363671969027555,1.0,0,0,0
high_price_final,pm_best_bid,sequence,polymarket_state,4,-0.010242136787269384,0.062244605970921615,1.0,0,0,0
high_price_final,pm_momentum_5m,sequence,polymarket_state,4,-0.0024758396150783863,0.015671676912605254,1.0,0,0,0
high_price_final,pm_quote_pressure,sequence,polymarket_state,4,-0.01689242395568064,0.06317057461199779,1.0,0,0,0
high_price_final,pm_spread_pct,sequence,polymarket_state,4,0.3556731753231746,0.15239549753060105,1.0,0,0,0
high_price_final,pm_volume_5m,sequence,polymarket_state,0,,,1.0,0,0,0
high_price_final,price_deviation,sequence,sequence,4,1.0,1.0000000000000002,1.0,4,1,1
high_price_final,price_deviation_sq,sequence,sequence,4,0.9678857385713371,1.0000000000000002,1.0,4,1,1
high_price_final,price_distance_from_max,sequence,sequence,4,0.4166220476858585,0.25045394968935086,1.0,0,1,0
high_price_final,price_momentum,sequence,sequence,4,-0.0032175337050923004,0.024459774312455867,0.9984673965905507,0,1,0
high_price_final,price_velocity,sequence,sequence,4,-0.0024758396150783863,0.015671676912605254,1.0,0,1,0
high_price_final,price_velocity_lag1,sequence,sequence,4,0.0010205013589403744,0.01082572173393971,1.0,0,1,0
high_price_final,range_1,sequence,sequence,4,-0.006423172151450121,0.00750855547551587,0.0,0,1,0
high_price_final,range_avg_24,sequence,sequence,4,-0.05035287391390064,0.07308246849152294,0.0,0,1,0
high_price_final,ret_1,sequence,price_returns,4,0.018303868297837707,0.03611349150491143,0.0,0,0,0
high_price_final,ret_12,sequence,price_returns,4,0.013402186882150405,0.01734857162136619,0.0,0,0,0
high_price_final,ret_24,sequence,price_returns,4,-0.0073232260055322695,0.009649075858741573,0.0,0,0,0
high_price_final,ret_3,sequence,price_returns,4,0.010697261476572486,0.02469740515021667,0.0,0,0,0
high_price_final,ret_48,sequence,price_returns,4,-0.008658784504065264,0.01681276818569317,0.0,0,0,0
high_price_final,ret_6,sequence,price_returns,4,0.013297058271575696,0.03022259229639507,0.0,0,0,0
high_price_final,rsi_14,sequence,trend,4,0.009967782523045636,0.008417558079448308,0.0,0,0,0
high_price_final,signed_body_pct,sequence,sequence,4,0.01845460562708026,0.036195522974500384,0.0,0,1,0
high_price_final,signed_trend_efficiency_6,sequence,sequence,4,0.01977122905181507,0.03400865061446304,0.0,0,1,0
high_price_final,spread,sequence,sequence,4,-0.07663155199042543,0.15655017690484138,1.0,0,1,0
high_price_final,spread_pct,sequence,sequence,4,0.3556646692941676,0.15213933559122858,1.0,0,1,0
high_price_final,spread_trend,sequence,sequence,4,-0.10748078222578,0.20654171699953222,0.9969523784820264,0,1,0
high_price_final,taker_buy_ratio,sequence,volume_taker_flow,4,0.013658705180214985,0.020529005716255353,0.0,0,0,0
high_price_final,time_left_min,sequence,sequence,0,,,1.0,0,1,0
high_price_final,time_phase,sequence,sequence,0,,,1.0,0,1,0
high_price_final,up_ratio_4,sequence,sequence,4,-0.0015879166274317333,0.006890527635942154,0.0,0,1,0
high_price_final,velocity_x_phase,sequence,sequence,4,-0.0024758396150783863,0.015671676912605254,1.0,0,1,0
high_price_final,vol_24,sequence,volatility,4,-0.04338614291453118,0.05525768660732272,0.0,0,0,0
high_price_final,vol_48,sequence,volatility,4,-0.03920545764147159,0.0473348075712711,0.0,0,0,0
high_price_final,vol_6,sequence,volatility,4,-0.027657242792122342,0.029491368707843437,0.0,0,0,0
high_price_final,vol_ratio,sequence,volatility,4,0.0005283983196188878,0.01370612292888348,0.0,0,0,0
high_price_final,vol_trend,sequence,volatility,4,0.008476276075152396,0.015894058067262223,0.0,0,0,0
high_price_final,vol_z_1,sequence,volatility,4,0.03153985812391621,0.0374073273981532,0.0,0,0,0
high_price_final,vol_z_6,sequence,volatility,4,0.01511160039737611,0.020367189406964623,0.0,0,0,0
high_price_final,volume_5min,sequence,sequence,0,,,1.0,0,1,0
high_price_final,volume_trend,sequence,sequence,0,,,0.9984673965905507,0,1,0
hour_cos,hour_of_day,time,regime,5,-0.13515952941561743,0.1820150368311379,1.0,0,0,0
hour_cos,hour_sin,time,time,5,-0.00033917570767105705,0.0058295537419930064,1.0,0,1,0
hour_cos,hour_utc,time,regime,5,-0.13515952941561743,0.1820150368311379,1.0,0,0,0
hour_cos,is_final_phase,time,sequence,0,,,0.0,0,0,0
hour_cos,log_time_left,time,sequence,0,,,0.0,0,0,0
hour_cos,mid_price,time,sequence,4,-0.023776016309503153,0.022590506126672977,0.0,0,0,0
hour_cos,pm_best_ask,time,polymarket_state,4,-0.0238820904155522,0.022805398640671954,0.0,0,0,0
hour_cos,pm_best_bid,time,polymarket_state,4,-0.023505765485981843,0.022667305778029587,0.0,0,0,0
hour_cos,pm_momentum_5m,time,polymarket_state,4,-0.016882577638663913,0.015084202929827864,0.0,0,0,0
hour_cos,pm_quote_pressure,time,polymarket_state,4,-0.02377601595280927,0.022590506126672977,0.0,0,0,0
hour_cos,pm_spread_pct,time,polymarket_state,4,-0.006411385363233517,0.01955851521499509,0.0,0,0,0
hour_cos,pm_volume_5m,time,polymarket_state,0,,,0.0,0,0,0
hour_cos,price_deviation,time,sequence,4,-0.041203555885094494,0.04263942512988061,0.0,0,0,0
hour_cos,price_deviation_sq,time,sequence,4,-0.045862087723695946,0.04263942512988061,0.0,0,0,0
hour_cos,price_distance_from_max,time,sequence,4,0.006912926320337054,0.015476502041438793,0.0,0,0,0
hour_cos,price_momentum,time,sequence,4,-0.023870317268153224,0.025361513411806272,0.0,0,0,0
hour_cos,price_velocity,time,sequence,4,-0.016882577638663913,0.015084202929827864,0.0,0,0,0
hour_cos,price_velocity_lag1,time,sequence,4,-0.013664004521120422,0.007682184832834024,0.0,0,0,0
hour_cos,range_1,time,sequence,5,-0.07135108856419385,0.05595004271639593,1.0,0,0,0
hour_cos,range_avg_24,time,sequence,5,0.05749328013315852,0.11569439895892203,1.0,0,0,0
hour_cos,ret_1,time,price_returns,5,0.005267287248595454,0.019335595334776516,1.0,0,0,0
hour_cos,ret_12,time,price_returns,5,0.06008141316297627,0.15033899080793311,1.0,0,0,0
hour_cos,ret_24,time,price_returns,5,0.07176537336177911,0.17379902238849335,1.0,0,0,0
hour_cos,ret_3,time,price_returns,5,0.015632398620895376,0.041431187549754576,1.0,0,0,0
hour_cos,ret_48,time,price_returns,5,0.05002468544098959,0.06837476065723484,1.0,0,0,0
hour_cos,ret_6,time,price_returns,5,0.03164731685166032,0.09666023809797236,1.0,0,0,0
hour_cos,rsi_14,time,trend,5,0.06572918513038299,0.16853158500677165,1.0,0,0,0
hour_cos,signed_body_pct,time,sequence,5,0.005259118636023507,0.018925786880317836,1.0,0,0,0
hour_cos,signed_trend_efficiency_6,time,sequence,5,0.016306406078095265,0.08680597117614881,1.0,0,0,0
hour_cos,spread,time,sequence,4,0.0005515447746530988,0.03361295145623535,0.0,0,0,0
hour_cos,spread_pct,time,sequence,4,-0.006409858670033158,0.019558477672822414,0.0,0,0,0
hour_cos,spread_trend,time,sequence,4,0.0029667135356134834,0.02005897786446751,0.0,0,0,0
hour_cos,taker_buy_ratio,time,volume_taker_flow,5,-0.012105187813160664,0.022267726963642837,1.0,0,0,0
hour_cos,time_left_min,time,sequence,0,,,0.0,0,0,0
hour_cos,time_phase,time,sequence,0,,,0.0,0,0,0
hour_cos,up_ratio_4,time,sequence,5,-0.011148877829004963,0.030166540111079467,1.0,0,0,0
hour_cos,velocity_x_phase,time,sequence,4,-0.016882577638663913,0.015084202929827864,0.0,0,0,0
hour_cos,vol_24,time,volatility,5,0.025403748360887435,0.12180971187419143,1.0,0,0,0
hour_cos,vol_48,time,volatility,5,0.1305138938964251,0.18216170408317262,1.0,0,0,0
hour_cos,vol_6,time,volatility,5,-0.08927875249481754,0.08643896844429136,1.0,0,0,0
hour_cos,vol_ratio,time,volatility,5,-0.22942239455368935,0.23410827670068537,1.0,0,0,0
hour_cos,vol_trend,time,volatility,5,-0.16531191311654053,0.15513740324220035,1.0,0,0,0
hour_cos,vol_z_1,time,volatility,5,-0.1095135822039794,0.1005891533392078,1.0,0,0,0
hour_cos,vol_z_6,time,volatility,5,-0.014394402010431023,0.01721631400811491,1.0,0,0,0
hour_cos,volume_5min,time,sequence,0,,,0.0,0,0,0
hour_cos,volume_trend,time,sequence,0,,,0.0,0,0,0
hour_of_day,hour_sin,regime,time,5,-0.7662557116153944,0.7075210778456558,1.0,0,0,0
hour_of_day,hour_utc,regime,regime,5,1.0,1.0000000000000002,1.0,5,1,1
hour_of_day,is_final_phase,regime,sequence,0,,,0.0,0,0,0
hour_of_day,log_time_left,regime,sequence,0,,,0.0,0,0,0
hour_of_day,mid_price,regime,sequence,4,-0.03844881107540962,0.04927825678809313,0.0,0,0,0
hour_of_day,pm_best_ask,regime,polymarket_state,4,-0.0411075500188856,0.0500727474115007,0.0,0,0,0
hour_of_day,pm_best_bid,regime,polymarket_state,4,-0.03555410227337133,0.048611854140629664,0.0,0,0,0
hour_of_day,pm_momentum_5m,regime,polymarket_state,4,-0.007989513538665512,0.026038354164232398,0.0,0,0,0
hour_of_day,pm_quote_pressure,regime,polymarket_state,4,-0.03844881082103348,0.04927825678809313,0.0,0,0,0
hour_of_day,pm_spread_pct,regime,polymarket_state,4,0.009752353874060725,0.028643132086068657,0.0,0,0,0
hour_of_day,pm_volume_5m,regime,polymarket_state,0,,,0.0,0,0,0
hour_of_day,price_deviation,regime,sequence,4,-0.005087428892175741,0.009371966604465114,0.0,0,0,0
hour_of_day,price_deviation_sq,regime,sequence,4,-0.0036753397387101453,0.009371966604465114,0.0,0,0,0
hour_of_day,price_distance_from_max,regime,sequence,4,0.037913031014832184,0.04979179879948565,0.0,0,0,0
hour_of_day,price_momentum,regime,sequence,4,-0.016302638107239503,0.028452020895258754,0.0,0,0,0
hour_of_day,price_velocity,regime,sequence,4,-0.007989513538665512,0.026038354164232398,0.0,0,0,0
hour_of_day,price_velocity_lag1,regime,sequence,4,-0.007337033007714763,0.02581351061378468,0.0,0,0,0
hour_of_day,range_1,regime,sequence,5,0.05939118037789988,0.05064491828781778,1.0,0,0,0
hour_of_day,range_avg_24,regime,sequence,5,0.1403532297481536,0.162525286564532,1.0,0,0,0
hour_of_day,ret_1,regime,price_returns,5,0.02648474520534632,0.039077301353258265,1.0,0,0,0
hour_of_day,ret_12,regime,price_returns,5,0.04756999931037708,0.07941545273952214,1.0,0,0,0
hour_of_day,ret_24,regime,price_returns,5,-0.00570126251631369,0.06076740108433267,1.0,0,0,0
hour_of_day,ret_3,regime,price_returns,5,0.02013528221712103,0.04074010160287826,1.0,0,0,0
hour_of_day,ret_48,regime,price_returns,5,-0.03792612068467938,0.08113708373199771,1.0,0,0,0
hour_of_day,ret_6,regime,price_returns,5,0.04298637103782122,0.07286370848039397,1.0,0,0,0
hour_of_day,rsi_14,regime,trend,5,0.05711215400068594,0.0698684252804853,1.0,0,0,0
hour_of_day,signed_body_pct,regime,sequence,5,0.026027779515102878,0.038311859967707494,1.0,0,0,0
hour_of_day,signed_trend_efficiency_6,regime,sequence,5,0.05574931461131266,0.06565399261961449,1.0,0,0,0
hour_of_day,spread,regime,sequence,4,-0.033003309920751324,0.04196040447428746,0.0,0,0,0
hour_of_day,spread_pct,regime,sequence,4,0.009749884483031466,0.02854937052275696,0.0,0,0,0
hour_of_day,spread_trend,regime,sequence,4,-0.0204132539088287,0.024275570663913948,0.0,0,0,0
hour_of_day,taker_buy_ratio,regime,volume_taker_flow,5,0.02380185547445137,0.04952923621965042,1.0,0,0,0
hour_of_day,time_left_min,regime,sequence,0,,,0.0,0,0,0
hour_of_day,time_phase,regime,sequence,0,,,0.0,0,0,0
hour_of_day,up_ratio_4,regime,sequence,5,0.04568657000565487,0.04408331135274639,1.0,0,0,0
hour_of_day,velocity_x_phase,regime,sequence,4,-0.007989513538665512,0.026038354164232398,0.0,0,0,0
hour_of_day,vol_24,regime,volatility,5,0.14281480459476514,0.15416097101711435,1.0,0,0,0
hour_of_day,vol_48,regime,volatility,5,0.0625690270203607,0.0889595028385508,1.0,0,0,0
hour_of_day,vol_6,regime,volatility,5,0.072108445896768,0.08886370794769023,1.0,0,0,0
hour_of_day,vol_ratio,regime,volatility,5,0.06193930902454538,0.08070089416691306,1.0,0,0,0
hour_of_day,vol_trend,regime,volatility,5,-0.04502253429433879,0.055540157205820694,1.0,0,0,0
hour_of_day,vol_z_1,regime,volatility,5,-0.08111851225213008,0.13844508996881644,1.0,0,0,0
hour_of_day,vol_z_6,regime,volatility,5,-0.021258068979564382,0.0317231641591477,1.0,0,0,0
hour_of_day,volume_5min,regime,sequence,0,,,0.0,0,0,0
hour_of_day,volume_trend,regime,sequence,0,,,0.0,0,0,0
hour_sin,hour_utc,time,regime,5,-0.7662557116153944,0.7075210778456558,1.0,0,0,0
hour_sin,is_final_phase,time,sequence,0,,,0.0,0,0,0
hour_sin,log_time_left,time,sequence,0,,,0.0,0,0,0
hour_sin,mid_price,time,sequence,4,0.023868340790092094,0.03345572130198727,0.0,0,0,0
hour_sin,pm_best_ask,time,polymarket_state,4,0.028074435680793798,0.03521459322614391,0.0,0,0,0
hour_sin,pm_best_bid,time,polymarket_state,4,0.019526710970109096,0.03185708074454879,0.0,0,0,0
hour_sin,pm_momentum_5m,time,polymarket_state,4,0.00846958346809567,0.02327839442786024,0.0,0,0,0
hour_sin,pm_quote_pressure,time,polymarket_state,4,0.023868340777609735,0.03345572130198727,0.0,0,0,0
hour_sin,pm_spread_pct,time,polymarket_state,4,0.010418053311967131,0.012354429030730342,0.0,0,0,0
hour_sin,pm_volume_5m,time,polymarket_state,0,,,0.0,0,0,0
hour_sin,price_deviation,time,sequence,4,0.011897497334430712,0.021950389411317158,0.0,0,0,0
hour_sin,price_deviation_sq,time,sequence,4,0.013696765865139505,0.021950389411317158,0.0,0,0,0
hour_sin,price_distance_from_max,time,sequence,4,-0.024466638180921457,0.0366011903804104,0.0,0,0,0
hour_sin,price_momentum,time,sequence,4,0.012357408189481046,0.023573978547539197,0.0,0,0,0
hour_sin,price_velocity,time,sequence,4,0.00846958346809567,0.02327839442786024,0.0,0,0,0
hour_sin,price_velocity_lag1,time,sequence,4,0.005593000335509576,0.017524792807702333,0.0,0,0,0
hour_sin,range_1,time,sequence,5,-0.1291399343335617,0.16669678172980262,1.0,0,0,0
hour_sin,range_avg_24,time,sequence,5,-0.21924711825526683,0.2893951404480007,1.0,0,0,0
hour_sin,ret_1,time,price_returns,5,-0.021427836329024934,0.019359418020000463,1.0,0,0,0
hour_sin,ret_12,time,price_returns,5,-0.01145409500551307,0.04723808564423374,1.0,0,0,0
hour_sin,ret_24,time,price_returns,5,0.02024251510155852,0.044421754091088096,1.0,0,0,0
hour_sin,ret_3,time,price_returns,5,-0.009609438638805779,0.014634845779515546,1.0,0,0,0
hour_sin,ret_48,time,price_returns,5,0.02893440846413107,0.07948660588689857,1.0,0,0,0
hour_sin,ret_6,time,price_returns,5,-0.010090846981380214,0.026990451885048995,1.0,0,0,0
hour_sin,rsi_14,time,trend,5,-0.03661932460140481,0.054225995826102186,1.0,0,0,0
hour_sin,signed_body_pct,time,sequence,5,-0.021376782271032218,0.019376959061362962,1.0,0,0,0
hour_sin,signed_trend_efficiency_6,time,sequence,5,-0.02538209938687098,0.025821284955713533,1.0,0,0,0
hour_sin,spread,time,sequence,4,0.05001311518069307,0.03534249002478983,0.0,0,0,0
hour_sin,spread_pct,time,sequence,4,0.01042040166740445,0.01227131766669712,0.0,0,0,0
hour_sin,spread_trend,time,sequence,4,0.023898868889457026,0.017527735165965806,0.0,0,0,0
hour_sin,taker_buy_ratio,time,volume_taker_flow,5,-0.03467431158929613,0.05951267762941494,1.0,0,0,0
hour_sin,time_left_min,time,sequence,0,,,0.0,0,0,0
hour_sin,time_phase,time,sequence,0,,,0.0,0,0,0
hour_sin,up_ratio_4,time,sequence,5,-0.04927278319809873,0.04392970217582033,1.0,0,0,0
hour_sin,velocity_x_phase,time,sequence,4,0.00846958346809567,0.02327839442786024,0.0,0,0,0
hour_sin,vol_24,time,volatility,5,-0.21033354180039882,0.25896596688420265,1.0,0,0,0
hour_sin,vol_48,time,volatility,5,-0.10875886735836567,0.1494696001285975,1.0,0,0,0
hour_sin,vol_6,time,volatility,5,-0.13049814345792216,0.164432405045405,1.0,0,0,0
hour_sin,vol_ratio,time,volatility,5,-0.1064416059403275,0.13078451770308477,1.0,0,0,0
hour_sin,vol_trend,time,volatility,5,0.025488247673091317,0.060513542237193206,1.0,0,0,0
hour_sin,vol_z_1,time,volatility,5,0.0815497007985955,0.13720157355208043,1.0,0,0,0
hour_sin,vol_z_6,time,volatility,5,0.04506488500778335,0.06035984007320528,1.0,0,0,0
hour_sin,volume_5min,time,sequence,0,,,0.0,0,0,0
hour_sin,volume_trend,time,sequence,0,,,0.0,0,0,0
hour_utc,is_final_phase,regime,sequence,0,,,0.0,0,0,0
hour_utc,log_time_left,regime,sequence,0,,,0.0,0,0,0
hour_utc,mid_price,regime,sequence,4,-0.03844881107540962,0.04927825678809313,0.0,0,0,0
hour_utc,pm_best_ask,regime,polymarket_state,4,-0.0411075500188856,0.0500727474115007,0.0,0,0,0
hour_utc,pm_best_bid,regime,polymarket_state,4,-0.03555410227337133,0.048611854140629664,0.0,0,0,0
hour_utc,pm_momentum_5m,regime,polymarket_state,4,-0.007989513538665512,0.026038354164232398,0.0,0,0,0
hour_utc,pm_quote_pressure,regime,polymarket_state,4,-0.03844881082103348,0.04927825678809313,0.0,0,0,0
hour_utc,pm_spread_pct,regime,polymarket_state,4,0.009752353874060725,0.028643132086068657,0.0,0,0,0
hour_utc,pm_volume_5m,regime,polymarket_state,0,,,0.0,0,0,0
hour_utc,price_deviation,regime,sequence,4,-0.005087428892175741,0.009371966604465114,0.0,0,0,0
hour_utc,price_deviation_sq,regime,sequence,4,-0.0036753397387101453,0.009371966604465114,0.0,0,0,0
hour_utc,price_distance_from_max,regime,sequence,4,0.037913031014832184,0.04979179879948565,0.0,0,0,0
hour_utc,price_momentum,regime,sequence,4,-0.016302638107239503,0.028452020895258754,0.0,0,0,0
hour_utc,price_velocity,regime,sequence,4,-0.007989513538665512,0.026038354164232398,0.0,0,0,0
hour_utc,price_velocity_lag1,regime,sequence,4,-0.007337033007714763,0.02581351061378468,0.0,0,0,0
hour_utc,range_1,regime,sequence,5,0.05939118037789988,0.05064491828781778,1.0,0,0,0
hour_utc,range_avg_24,regime,sequence,5,0.1403532297481536,0.162525286564532,1.0,0,0,0
hour_utc,ret_1,regime,price_returns,5,0.02648474520534632,0.039077301353258265,1.0,0,0,0
hour_utc,ret_12,regime,price_returns,5,0.04756999931037708,0.07941545273952214,1.0,0,0,0
hour_utc,ret_24,regime,price_returns,5,-0.00570126251631369,0.06076740108433267,1.0,0,0,0
hour_utc,ret_3,regime,price_returns,5,0.02013528221712103,0.04074010160287826,1.0,0,0,0
hour_utc,ret_48,regime,price_returns,5,-0.03792612068467938,0.08113708373199771,1.0,0,0,0
hour_utc,ret_6,regime,price_returns,5,0.04298637103782122,0.07286370848039397,1.0,0,0,0
hour_utc,rsi_14,regime,trend,5,0.05711215400068594,0.0698684252804853,1.0,0,0,0
hour_utc,signed_body_pct,regime,sequence,5,0.026027779515102878,0.038311859967707494,1.0,0,0,0
hour_utc,signed_trend_efficiency_6,regime,sequence,5,0.05574931461131266,0.06565399261961449,1.0,0,0,0
hour_utc,spread,regime,sequence,4,-0.033003309920751324,0.04196040447428746,0.0,0,0,0
hour_utc,spread_pct,regime,sequence,4,0.009749884483031466,0.02854937052275696,0.0,0,0,0
hour_utc,spread_trend,regime,sequence,4,-0.0204132539088287,0.024275570663913948,0.0,0,0,0
hour_utc,taker_buy_ratio,regime,volume_taker_flow,5,0.02380185547445137,0.04952923621965042,1.0,0,0,0
hour_utc,time_left_min,regime,sequence,0,,,0.0,0,0,0
hour_utc,time_phase,regime,sequence,0,,,0.0,0,0,0
hour_utc,up_ratio_4,regime,sequence,5,0.04568657000565487,0.04408331135274639,1.0,0,0,0
hour_utc,velocity_x_phase,regime,sequence,4,-0.007989513538665512,0.026038354164232398,0.0,0,0,0
hour_utc,vol_24,regime,volatility,5,0.14281480459476514,0.15416097101711435,1.0,0,0,0
hour_utc,vol_48,regime,volatility,5,0.0625690270203607,0.0889595028385508,1.0,0,0,0
hour_utc,vol_6,regime,volatility,5,0.072108445896768,0.08886370794769023,1.0,0,0,0
hour_utc,vol_ratio,regime,volatility,5,0.06193930902454538,0.08070089416691306,1.0,0,0,0
hour_utc,vol_trend,regime,volatility,5,-0.04502253429433879,0.055540157205820694,1.0,0,0,0
hour_utc,vol_z_1,regime,volatility,5,-0.08111851225213008,0.13844508996881644,1.0,0,0,0
hour_utc,vol_z_6,regime,volatility,5,-0.021258068979564382,0.0317231641591477,1.0,0,0,0
hour_utc,volume_5min,regime,sequence,0,,,0.0,0,0,0
hour_utc,volume_trend,regime,sequence,0,,,0.0,0,0,0
is_final_phase,log_time_left,sequence,sequence,0,,,1.0,0,1,0
is_final_phase,mid_price,sequence,sequence,0,,,1.0,0,1,0
is_final_phase,pm_best_ask,sequence,polymarket_state,0,,,1.0,0,0,0
is_final_phase,pm_best_bid,sequence,polymarket_state,0,,,1.0,0,0,0
is_final_phase,pm_momentum_5m,sequence,polymarket_state,0,,,1.0,0,0,0
is_final_phase,pm_quote_pressure,sequence,polymarket_state,0,,,1.0,0,0,0
is_final_phase,pm_spread_pct,sequence,polymarket_state,0,,,1.0,0,0,0
is_final_phase,pm_volume_5m,sequence,polymarket_state,0,,,1.0,0,0,0
is_final_phase,price_deviation,sequence,sequence,0,,,1.0,0,1,0
is_final_phase,price_deviation_sq,sequence,sequence,0,,,1.0,0,1,0
is_final_phase,price_distance_from_max,sequence,sequence,0,,,1.0,0,1,0
is_final_phase,price_momentum,sequence,sequence,0,,,0.9984673965905507,0,1,0
is_final_phase,price_velocity,sequence,sequence,0,,,1.0,0,1,0
is_final_phase,price_velocity_lag1,sequence,sequence,0,,,1.0,0,1,0
is_final_phase,range_1,sequence,sequence,0,,,0.0,0,1,0
is_final_phase,range_avg_24,sequence,sequence,0,,,0.0,0,1,0
is_final_phase,ret_1,sequence,price_returns,0,,,0.0,0,0,0
is_final_phase,ret_12,sequence,price_returns,0,,,0.0,0,0,0
is_final_phase,ret_24,sequence,price_returns,0,,,0.0,0,0,0
is_final_phase,ret_3,sequence,price_returns,0,,,0.0,0,0,0
is_final_phase,ret_48,sequence,price_returns,0,,,0.0,0,0,0
is_final_phase,ret_6,sequence,price_returns,0,,,0.0,0,0,0
is_final_phase,rsi_14,sequence,trend,0,,,0.0,0,0,0
is_final_phase,signed_body_pct,sequence,sequence,0,,,0.0,0,1,0
is_final_phase,signed_trend_efficiency_6,sequence,sequence,0,,,0.0,0,1,0
is_final_phase,spread,sequence,sequence,0,,,1.0,0,1,0
is_final_phase,spread_pct,sequence,sequence,0,,,1.0,0,1,0
is_final_phase,spread_trend,sequence,sequence,0,,,0.9969523784820264,0,1,0
is_final_phase,taker_buy_ratio,sequence,volume_taker_flow,0,,,0.0,0,0,0
is_final_phase,time_left_min,sequence,sequence,0,,,1.0,0,1,0
is_final_phase,time_phase,sequence,sequence,0,,,1.0,0,1,0
is_final_phase,up_ratio_4,sequence,sequence,0,,,0.0,0,1,0
is_final_phase,velocity_x_phase,sequence,sequence,0,,,1.0,0,1,0
is_final_phase,vol_24,sequence,volatility,0,,,0.0,0,0,0
is_final_phase,vol_48,sequence,volatility,0,,,0.0,0,0,0
is_final_phase,vol_6,sequence,volatility,0,,,0.0,0,0,0
is_final_phase,vol_ratio,sequence,volatility,0,,,0.0,0,0,0
is_final_phase,vol_trend,sequence,volatility,0,,,0.0,0,0,0
is_final_phase,vol_z_1,sequence,volatility,0,,,0.0,0,0,0
is_final_phase,vol_z_6,sequence,volatility,0,,,0.0,0,0,0
is_final_phase,volume_5min,sequence,sequence,0,,,1.0,0,1,0
is_final_phase,volume_trend,sequence,sequence,0,,,0.9984673965905507,0,1,0
log_time_left,mid_price,sequence,sequence,0,,,1.0,0,1,0
log_time_left,pm_best_ask,sequence,polymarket_state,0,,,1.0,0,0,0
log_time_left,pm_best_bid,sequence,polymarket_state,0,,,1.0,0,0,0
log_time_left,pm_momentum_5m,sequence,polymarket_state,0,,,1.0,0,0,0
log_time_left,pm_quote_pressure,sequence,polymarket_state,0,,,1.0,0,0,0
log_time_left,pm_spread_pct,sequence,polymarket_state,0,,,1.0,0,0,0
log_time_left,pm_volume_5m,sequence,polymarket_state,0,,,1.0,0,0,0
log_time_left,price_deviation,sequence,sequence,0,,,1.0,0,1,0
log_time_left,price_deviation_sq,sequence,sequence,0,,,1.0,0,1,0
log_time_left,price_distance_from_max,sequence,sequence,0,,,1.0,0,1,0
log_time_left,price_momentum,sequence,sequence,0,,,0.9984673965905507,0,1,0
log_time_left,price_velocity,sequence,sequence,0,,,1.0,0,1,0
log_time_left,price_velocity_lag1,sequence,sequence,0,,,1.0,0,1,0
log_time_left,range_1,sequence,sequence,0,,,0.0,0,1,0
log_time_left,range_avg_24,sequence,sequence,0,,,0.0,0,1,0
log_time_left,ret_1,sequence,price_returns,0,,,0.0,0,0,0
log_time_left,ret_12,sequence,price_returns,0,,,0.0,0,0,0
log_time_left,ret_24,sequence,price_returns,0,,,0.0,0,0,0
log_time_left,ret_3,sequence,price_returns,0,,,0.0,0,0,0
log_time_left,ret_48,sequence,price_returns,0,,,0.0,0,0,0
log_time_left,ret_6,sequence,price_returns,0,,,0.0,0,0,0
log_time_left,rsi_14,sequence,trend,0,,,0.0,0,0,0
log_time_left,signed_body_pct,sequence,sequence,0,,,0.0,0,1,0
log_time_left,signed_trend_efficiency_6,sequence,sequence,0,,,0.0,0,1,0
log_time_left,spread,sequence,sequence,0,,,1.0,0,1,0
log_time_left,spread_pct,sequence,sequence,0,,,1.0,0,1,0
log_time_left,spread_trend,sequence,sequence,0,,,0.9969523784820264,0,1,0
log_time_left,taker_buy_ratio,sequence,volume_taker_flow,0,,,0.0,0,0,0
log_time_left,time_left_min,sequence,sequence,0,,,1.0,0,1,0
log_time_left,time_phase,sequence,sequence,0,,,1.0,0,1,0
log_time_left,up_ratio_4,sequence,sequence,0,,,0.0,0,1,0
log_time_left,velocity_x_phase,sequence,sequence,0,,,1.0,0,1,0
log_time_left,vol_24,sequence,volatility,0,,,0.0,0,0,0
log_time_left,vol_48,sequence,volatility,0,,,0.0,0,0,0
log_time_left,vol_6,sequence,volatility,0,,,0.0,0,0,0
log_time_left,vol_ratio,sequence,volatility,0,,,0.0,0,0,0
log_time_left,vol_trend,sequence,volatility,0,,,0.0,0,0,0
log_time_left,vol_z_1,sequence,volatility,0,,,0.0,0,0,0
log_time_left,vol_z_6,sequence,volatility,0,,,0.0,0,0,0
log_time_left,volume_5min,sequence,sequence,0,,,1.0,0,1,0
log_time_left,volume_trend,sequence,sequence,0,,,0.9984673965905507,0,1,0
mid_price,pm_best_ask,sequence,polymarket_state,4,0.9965074609286504,0.9978592876048704,1.0,4,0,1
mid_price,pm_best_bid,sequence,polymarket_state,4,0.9965139959331761,0.9978043838932132,1.0,4,0,1
mid_price,pm_momentum_5m,sequence,polymarket_state,4,0.38812848856160076,0.49029848785519975,1.0,0,0,0
mid_price,pm_quote_pressure,sequence,polymarket_state,4,0.9999999999999986,1.0,1.0,4,0,1
mid_price,pm_spread_pct,sequence,polymarket_state,4,-0.48568823212244794,0.7577101895740438,1.0,0,0,0
mid_price,pm_volume_5m,sequence,polymarket_state,0,,,1.0,0,0,0
mid_price,price_deviation,sequence,sequence,4,-0.016892423654018184,0.06317057461199779,1.0,0,1,0
mid_price,price_deviation_sq,sequence,sequence,4,-0.011462695175482098,0.06317057461199779,1.0,0,1,0
mid_price,price_distance_from_max,sequence,sequence,4,-0.8342154691640962,0.8712060240437822,1.0,0,1,0
mid_price,price_momentum,sequence,sequence,4,0.6321802296642223,0.7313782001868188,0.9984673965905507,0,1,0
mid_price,price_velocity,sequence,sequence,4,0.38812848856160076,0.49029848785519975,1.0,0,1,0
mid_price,price_velocity_lag1,sequence,sequence,4,0.3541244491486458,0.4289323587280751,1.0,0,1,0
mid_price,range_1,sequence,sequence,4,0.027246659461328454,0.062057437828838956,0.0,0,1,0
mid_price,range_avg_24,sequence,sequence,4,0.004580209932118516,0.026729237102263256,0.0,0,1,0
mid_price,ret_1,sequence,price_returns,4,-0.04158759134242256,0.06342326253405278,0.0,0,0,0
mid_price,ret_12,sequence,price_returns,4,-0.04702769224455185,0.07756169588405892,0.0,0,0,0
mid_price,ret_24,sequence,price_returns,4,-0.034608946286203424,0.07252048179318163,0.0,0,0,0
mid_price,ret_3,sequence,price_returns,4,-0.0655916106906172,0.09616687202391996,0.0,0,0,0
mid_price,ret_48,sequence,price_returns,4,-0.03121812976286859,0.05939659071710277,0.0,0,0,0
mid_price,ret_6,sequence,price_returns,4,-0.04889804707373079,0.07700792233437305,0.0,0,0,0
mid_price,rsi_14,sequence,trend,4,-0.05769307443295495,0.07729805349774305,0.0,0,0,0
mid_price,signed_body_pct,sequence,sequence,4,-0.04182449253099573,0.06368310990397476,0.0,0,1,0
mid_price,signed_trend_efficiency_6,sequence,sequence,4,-0.06509531810215403,0.0832108920158956,0.0,0,1,0
mid_price,spread,sequence,sequence,4,-0.003879295549048701,0.011648134287618371,1.0,0,1,0
mid_price,spread_pct,sequence,sequence,4,-0.4856897756564568,0.7565566023396976,1.0,0,1,0
mid_price,spread_trend,sequence,sequence,4,-0.008430868592309928,0.016004203004761776,0.9969523784820264,0,1,0
mid_price,taker_buy_ratio,sequence,volume_taker_flow,4,-0.03954226106046298,0.05858054962357725,0.0,0,0,0
mid_price,time_left_min,sequence,sequence,0,,,1.0,0,1,0
mid_price,time_phase,sequence,sequence,0,,,1.0,0,1,0
mid_price,up_ratio_4,sequence,sequence,4,-0.05139327633565569,0.06176130749706485,0.0,0,1,0
mid_price,velocity_x_phase,sequence,sequence,4,0.38812848856160076,0.49029848785519975,1.0,0,1,0
mid_price,vol_24,sequence,volatility,4,0.0021536894024937235,0.027125371418393704,0.0,0,0,0
mid_price,vol_48,sequence,volatility,4,0.0015557111520774394,0.01805636358663699,0.0,0,0,0
mid_price,vol_6,sequence,volatility,4,0.008206353730443346,0.026870372637344538,0.0,0,0,0
mid_price,vol_ratio,sequence,volatility,4,0.009939500384072403,0.02121467929348967,0.0,0,0,0
mid_price,vol_trend,sequence,volatility,4,0.010273898599648796,0.02820841573342422,0.0,0,0,0
mid_price,vol_z_1,sequence,volatility,4,0.030861473845149208,0.045514317239854,0.0,0,0,0
mid_price,vol_z_6,sequence,volatility,4,0.018892024652128733,0.024802850863370064,0.0,0,0,0
mid_price,volume_5min,sequence,sequence,0,,,1.0,0,1,0
mid_price,volume_trend,sequence,sequence,0,,,0.9984673965905507,0,1,0
pm_best_ask,pm_best_bid,polymarket_state,polymarket_state,4,0.986072043525076,0.9915856555574529,1.0,3,1,0
pm_best_ask,pm_momentum_5m,polymarket_state,polymarket_state,4,0.3868524474690208,0.48903628295986,1.0,0,1,0
pm_best_ask,pm_quote_pressure,polymarket_state,polymarket_state,4,0.9965074609535738,0.9978592876048704,1.0,4,1,1
pm_best_ask,pm_spread_pct,polymarket_state,polymarket_state,4,-0.45111572825476476,0.7319647853669652,1.0,0,1,0
pm_best_ask,pm_volume_5m,polymarket_state,polymarket_state,0,,,1.0,0,1,0
pm_best_ask,price_deviation,polymarket_state,sequence,4,-0.023475690251996698,0.06363671969027555,1.0,0,0,0
pm_best_ask,price_deviation_sq,polymarket_state,sequence,4,-0.01800059885693102,0.06363671969027555,1.0,0,0,0
pm_best_ask,price_distance_from_max,polymarket_state,sequence,4,-0.8328907713048617,0.8673050627135847,1.0,0,0,0
pm_best_ask,price_momentum,polymarket_state,sequence,4,0.6302165230184692,0.7294402142426843,0.9984673965905507,0,0,0
pm_best_ask,price_velocity,polymarket_state,sequence,4,0.3868524474690208,0.48903628295986,1.0,0,0,0
pm_best_ask,price_velocity_lag1,polymarket_state,sequence,4,0.3532285618890304,0.42812084913329235,1.0,0,0,0
pm_best_ask,range_1,polymarket_state,sequence,4,0.029962335458046833,0.06574325444137925,0.0,0,0,0
pm_best_ask,range_avg_24,polymarket_state,sequence,4,0.0077840319302775,0.026060928541301227,0.0,0,0,0
pm_best_ask,ret_1,polymarket_state,price_returns,4,-0.04124739855279759,0.062225668542200845,0.0,0,0,0
pm_best_ask,ret_12,polymarket_state,price_returns,4,-0.045094010403386,0.07559735068272282,0.0,0,0,0
pm_best_ask,ret_24,polymarket_state,price_returns,4,-0.0327337935459838,0.06987911993241488,0.0,0,0,0
pm_best_ask,ret_3,polymarket_state,price_returns,4,-0.06421879381753623,0.09346037602667955,0.0,0,0,0
pm_best_ask,ret_48,polymarket_state,price_returns,4,-0.03097452032974235,0.05870090985034816,0.0,0,0,0
pm_best_ask,ret_6,polymarket_state,price_returns,4,-0.04768073494864847,0.07495955401984401,0.0,0,0,0
pm_best_ask,rsi_14,polymarket_state,trend,4,-0.05477918366443668,0.07479761742030606,0.0,0,0,0
pm_best_ask,signed_body_pct,polymarket_state,sequence,4,-0.04147544566470499,0.06255252896499246,0.0,0,0,0
pm_best_ask,signed_trend_efficiency_6,polymarket_state,sequence,4,-0.06341685839161133,0.08111127559875343,0.0,0,0,0
pm_best_ask,spread,polymarket_state,sequence,4,0.07745367524089855,0.0377775640081894,1.0,0,0,0
pm_best_ask,spread_pct,polymarket_state,sequence,4,-0.45111342371959523,0.7307855772566177,1.0,0,0,0
pm_best_ask,spread_trend,polymarket_state,sequence,4,0.03156410615218604,0.01662823276726494,0.9969523784820264,0,0,0
pm_best_ask,taker_buy_ratio,polymarket_state,volume_taker_flow,4,-0.03871520733250984,0.05691961230241244,0.0,0,0,0
pm_best_ask,time_left_min,polymarket_state,sequence,0,,,1.0,0,0,0
pm_best_ask,time_phase,polymarket_state,sequence,0,,,1.0,0,0,0
pm_best_ask,up_ratio_4,polymarket_state,sequence,4,-0.049352389914566114,0.05895483188031,0.0,0,0,0
pm_best_ask,velocity_x_phase,polymarket_state,sequence,4,0.3868524474690208,0.48903628295986,1.0,0,0,0
pm_best_ask,vol_24,polymarket_state,volatility,4,0.004315064601085614,0.025827254998334485,0.0,0,0,0
pm_best_ask,vol_48,polymarket_state,volatility,4,0.004171706318968682,0.015141845651588484,0.0,0,0,0
pm_best_ask,vol_6,polymarket_state,volatility,4,0.009825087218262822,0.025799009916300002,0.0,0,0,0
pm_best_ask,vol_ratio,polymarket_state,volatility,4,0.008526889049739118,0.021356633602142606,0.0,0,0,0
pm_best_ask,vol_trend,polymarket_state,volatility,4,0.008669221061184847,0.02848125494143975,0.0,0,0,0
pm_best_ask,vol_z_1,polymarket_state,volatility,4,0.03100711213766323,0.04624520388173264,0.0,0,0,0
pm_best_ask,vol_z_6,polymarket_state,volatility,4,0.018794857656321322,0.024979540109395786,0.0,0,0,0
pm_best_ask,volume_5min,polymarket_state,sequence,0,,,1.0,0,0,0
pm_best_ask,volume_trend,polymarket_state,sequence,0,,,0.9984673965905507,0,0,0
pm_best_bid,pm_momentum_5m,polymarket_state,polymarket_state,4,0.3867258484335359,0.489132965087968,1.0,0,1,0
pm_best_bid,pm_quote_pressure,polymarket_state,polymarket_state,4,0.9965139959082707,0.9978043838932132,1.0,4,1,1
pm_best_bid,pm_spread_pct,polymarket_state,polymarket_state,4,-0.5168600482799863,0.7804380500774718,1.0,0,1,0
pm_best_bid,pm_volume_5m,polymarket_state,polymarket_state,0,,,1.0,0,1,0
pm_best_bid,price_deviation,polymarket_state,sequence,4,-0.010242136787269384,0.062244605970921615,1.0,0,0,0
pm_best_bid,price_deviation_sq,polymarket_state,sequence,4,-0.0048995375753566805,0.062244605970921615,1.0,0,0,0
pm_best_bid,price_distance_from_max,polymarket_state,sequence,4,-0.8297301111734082,0.8713375742601763,1.0,0,0,0
pm_best_bid,price_momentum,polymarket_state,sequence,4,0.6297852578529028,0.7297455387368654,0.9984673965905507,0,0,0
pm_best_bid,price_velocity,polymarket_state,sequence,4,0.3867258484335359,0.489132965087968,1.0,0,0,0
pm_best_bid,price_velocity_lag1,polymarket_state,sequence,4,0.35257492999389056,0.42786072622716953,1.0,0,0,0
pm_best_bid,range_1,polymarket_state,sequence,4,0.024393501988321534,0.0579270806092419,0.0,0,0,0
pm_best_bid,range_avg_24,polymarket_state,sequence,4,0.0013612802393665655,0.02701136814143893,0.0,0,0,0
pm_best_bid,ret_1,polymarket_state,price_returns,4,-0.04169937514853272,0.06370285191602813,0.0,0,0,0
pm_best_bid,ret_12,polymarket_state,price_returns,4,-0.0486738506691808,0.07845820203289397,0.0,0,0,0
pm_best_bid,ret_24,polymarket_state,price_returns,4,-0.03632050635608884,0.07444753433665495,0.0,0,0,0
pm_best_bid,ret_3,polymarket_state,price_returns,4,-0.06658744278411331,0.09786568600062516,0.0,0,0,0
pm_best_bid,ret_48,polymarket_state,price_returns,4,-0.03129921229930102,0.05961518761168822,0.0,0,0,0
pm_best_bid,ret_6,polymarket_state,price_returns,4,-0.04983606757592994,0.07794312186056138,0.0,0,0,0
pm_best_bid,rsi_14,polymarket_state,trend,4,-0.06022672768501758,0.07889924206786667,0.0,0,0,0
pm_best_bid,signed_body_pct,polymarket_state,sequence,4,-0.041943543755269354,0.0638974381843927,0.0,0,0,0
pm_best_bid,signed_trend_efficiency_6,polymarket_state,sequence,4,-0.06634667483882085,0.08428524146812069,0.0,0,0,0
pm_best_bid,spread,polymarket_state,sequence,4,-0.08511114334421926,0.05765488733560613,1.0,0,0,0
pm_best_bid,spread_pct,polymarket_state,sequence,4,-0.5168654305792967,0.7793149084655104,1.0,0,0,0
pm_best_bid,spread_trend,polymarket_state,sequence,4,-0.04832181434193711,0.04674846939074105,0.9969523784820264,0,0,0
pm_best_bid,taker_buy_ratio,polymarket_state,volume_taker_flow,4,-0.040119464842813105,0.05962264462311857,0.0,0,0,0
pm_best_bid,time_left_min,polymarket_state,sequence,0,,,1.0,0,0,0
pm_best_bid,time_phase,polymarket_state,sequence,0,,,1.0,0,0,0
pm_best_bid,up_ratio_4,polymarket_state,sequence,4,-0.053093126622242685,0.06391353409078387,0.0,0,0,0
pm_best_bid,velocity_x_phase,polymarket_state,sequence,4,0.3867258484335359,0.489132965087968,1.0,0,0,0
pm_best_bid,vol_24,polymarket_state,volatility,4,-1.703187098196779e-07,0.027909947193101615,0.0,0,0,0
pm_best_bid,vol_48,polymarket_state,volatility,4,-0.0010630105015432489,0.020534571452063957,0.0,0,0,0
pm_best_bid,vol_6,polymarket_state,volatility,4,0.006540406620010557,0.027781998411875453,0.0,0,0,0
pm_best_bid,vol_ratio,polymarket_state,volatility,4,0.01128534991803225,0.021117436828251006,0.0,0,0,0
pm_best_bid,vol_trend,polymarket_state,volatility,4,0.011815895993401805,0.027967108199260383,0.0,0,0,0
pm_best_bid,vol_z_1,polymarket_state,volatility,4,0.030523451908481415,0.04452275588579832,0.0,0,0,0
pm_best_bid,vol_z_6,polymarket_state,volatility,4,0.018868162005700295,0.02445858660269966,0.0,0,0,0
pm_best_bid,volume_5min,polymarket_state,sequence,0,,,1.0,0,0,0
pm_best_bid,volume_trend,polymarket_state,sequence,0,,,0.9984673965905507,0,0,0
pm_momentum_5m,pm_quote_pressure,polymarket_state,polymarket_state,4,0.3881284878696095,0.49029848785519975,1.0,0,1,0
pm_momentum_5m,pm_spread_pct,polymarket_state,polymarket_state,4,-0.10570980926635869,0.35366245348250236,1.0,0,1,0
pm_momentum_5m,pm_volume_5m,polymarket_state,polymarket_state,0,,,1.0,0,1,0
pm_momentum_5m,price_deviation,polymarket_state,sequence,4,-0.0024758396150783863,0.015671676912605254,1.0,0,0,0
pm_momentum_5m,price_deviation_sq,polymarket_state,sequence,4,0.0006585964704838561,0.015671676912605254,1.0,0,0,0
pm_momentum_5m,price_distance_from_max,polymarket_state,sequence,4,-0.4284939497101246,0.5956849016179941,1.0,0,0,0
pm_momentum_5m,price_momentum,polymarket_state,sequence,4,0.6055261287114371,0.6264518302469435,0.9984673965905507,0,0,0
pm_momentum_5m,price_velocity,polymarket_state,sequence,4,1.0,1.0,1.0,4,0,1
pm_momentum_5m,price_velocity_lag1,polymarket_state,sequence,4,-0.026921313422347555,0.03192071856532473,1.0,0,0,0
pm_momentum_5m,range_1,polymarket_state,sequence,4,0.011798041925970138,0.018519095944765376,0.0,0,0,0
pm_momentum_5m,range_avg_24,polymarket_state,sequence,4,0.0015124516241855732,0.010958566252340497,0.0,0,0,0
pm_momentum_5m,ret_1,polymarket_state,price_returns,4,-0.0015722257884187598,0.022490146901597237,0.0,0,0,0
pm_momentum_5m,ret_12,polymarket_state,price_returns,4,-0.0009733164465185035,0.026399957077884284,0.0,0,0,0
pm_momentum_5m,ret_24,polymarket_state,price_returns,4,-0.001752995710868319,0.02554242428493661,0.0,0,0,0
pm_momentum_5m,ret_3,polymarket_state,price_returns,4,-0.008606642737643467,0.03601642311171098,0.0,0,0,0
pm_momentum_5m,ret_48,polymarket_state,price_returns,4,-0.0092040400825731,0.030575648462685383,0.0,0,0,0
pm_momentum_5m,ret_6,polymarket_state,price_returns,4,-0.002424158757548845,0.02374808879102359,0.0,0,0,0
pm_momentum_5m,rsi_14,polymarket_state,trend,4,-0.0030590050254058277,0.027194970188179044,0.0,0,0,0
pm_momentum_5m,signed_body_pct,polymarket_state,sequence,4,-0.0015676415312828396,0.022370977709416647,0.0,0,0,0
pm_momentum_5m,signed_trend_efficiency_6,polymarket_state,sequence,4,-0.003036834515501666,0.022947945333321607,0.0,0,0,0
pm_momentum_5m,spread,polymarket_state,sequence,4,-0.0013230139979465913,0.002682128357521702,1.0,0,0,0
pm_momentum_5m,spread_pct,polymarket_state,sequence,4,-0.1057165757259508,0.35302904847565464,1.0,0,0,0
pm_momentum_5m,spread_trend,polymarket_state,sequence,4,-0.005204640887079119,0.012358554333913198,0.9969523784820264,0,0,0
pm_momentum_5m,taker_buy_ratio,polymarket_state,volume_taker_flow,4,-0.0046423984252987535,0.018377778347820135,0.0,0,0,0
pm_momentum_5m,time_left_min,polymarket_state,sequence,0,,,1.0,0,0,0
pm_momentum_5m,time_phase,polymarket_state,sequence,0,,,1.0,0,0,0
pm_momentum_5m,up_ratio_4,polymarket_state,sequence,4,-0.005477610978705912,0.018354048248566686,0.0,0,0,0
pm_momentum_5m,velocity_x_phase,polymarket_state,sequence,4,1.0,1.0,1.0,4,0,1
pm_momentum_5m,vol_24,polymarket_state,volatility,4,0.00369291616526296,0.013152970292910642,0.0,0,0,0
pm_momentum_5m,vol_48,polymarket_state,volatility,4,0.0010814264165142345,0.008429735137548794,0.0,0,0,0
pm_momentum_5m,vol_6,polymarket_state,volatility,4,0.007974331857143758,0.012232221141787838,0.0,0,0,0
pm_momentum_5m,vol_ratio,polymarket_state,volatility,4,0.00971481511337704,0.009115401745157835,0.0,0,0,0
pm_momentum_5m,vol_trend,polymarket_state,volatility,4,0.008093180856272003,0.010114714452071826,0.0,0,0,0
pm_momentum_5m,vol_z_1,polymarket_state,volatility,4,0.013953232688595265,0.021214315366086523,0.0,0,0,0
pm_momentum_5m,vol_z_6,polymarket_state,volatility,4,0.007181838810429725,0.015437400530013336,0.0,0,0,0
pm_momentum_5m,volume_5min,polymarket_state,sequence,0,,,1.0,0,0,0
pm_momentum_5m,volume_trend,polymarket_state,sequence,0,,,0.9984673965905507,0,0,0
pm_quote_pressure,pm_spread_pct,polymarket_state,polymarket_state,4,-0.4856882331935274,0.7577101895740438,1.0,0,1,0
pm_quote_pressure,pm_volume_5m,polymarket_state,polymarket_state,0,,,1.0,0,1,0
pm_quote_pressure,price_deviation,polymarket_state,sequence,4,-0.01689242395568064,0.06317057461199779,1.0,0,0,0
pm_quote_pressure,price_deviation_sq,polymarket_state,sequence,4,-0.011462695694482246,0.06317057461199779,1.0,0,0,0
pm_quote_pressure,price_distance_from_max,polymarket_state,sequence,4,-0.8342154691988932,0.8712060240437822,1.0,0,0,0
pm_quote_pressure,price_momentum,polymarket_state,sequence,4,0.6321802286663988,0.7313782001868188,0.9984673965905507,0,0,0
pm_quote_pressure,price_velocity,polymarket_state,sequence,4,0.3881284878696095,0.49029848785519975,1.0,0,0,0
pm_quote_pressure,price_velocity_lag1,polymarket_state,sequence,4,0.3541244486327175,0.4289323587280751,1.0,0,0,0
pm_quote_pressure,range_1,polymarket_state,sequence,4,0.02724665943858546,0.062057437828838956,0.0,0,0,0
pm_quote_pressure,range_avg_24,polymarket_state,sequence,4,0.004580210434379678,0.026729237102263256,0.0,0,0,0
pm_quote_pressure,ret_1,polymarket_state,price_returns,4,-0.04158759171177113,0.06342326253405278,0.0,0,0,0
pm_quote_pressure,ret_12,polymarket_state,price_returns,4,-0.047027692715004614,0.07756169588405892,0.0,0,0,0
pm_quote_pressure,ret_24,polymarket_state,price_returns,4,-0.03460894655532387,0.07252048179318163,0.0,0,0,0
pm_quote_pressure,ret_3,polymarket_state,price_returns,4,-0.06559161122169667,0.09616687202391996,0.0,0,0,0
pm_quote_pressure,ret_48,polymarket_state,price_returns,4,-0.031218130094170373,0.05939659071710277,0.0,0,0,0
pm_quote_pressure,ret_6,polymarket_state,price_returns,4,-0.04889804750717261,0.07700792233437305,0.0,0,0,0
pm_quote_pressure,rsi_14,polymarket_state,trend,4,-0.05769307486140676,0.07729805349774305,0.0,0,0,0
pm_quote_pressure,signed_body_pct,polymarket_state,sequence,4,-0.041824492886509704,0.06368310990397476,0.0,0,0,0
pm_quote_pressure,signed_trend_efficiency_6,polymarket_state,sequence,4,-0.06509531870309945,0.0832108920158956,0.0,0,0,0
pm_quote_pressure,spread,polymarket_state,sequence,4,-0.0038792952243800593,0.011648134287618371,1.0,0,0,0
pm_quote_pressure,spread_pct,polymarket_state,sequence,4,-0.48568977672761326,0.7565566023396976,1.0,0,0,0
pm_quote_pressure,spread_trend,polymarket_state,sequence,4,-0.008430868118987618,0.016004203004761776,0.9969523784820264,0,0,0
pm_quote_pressure,taker_buy_ratio,polymarket_state,volume_taker_flow,4,-0.0395422611104721,0.05858054962357725,0.0,0,0,0
pm_quote_pressure,time_left_min,polymarket_state,sequence,0,,,1.0,0,0,0
pm_quote_pressure,time_phase,polymarket_state,sequence,0,,,1.0,0,0,0
pm_quote_pressure,up_ratio_4,polymarket_state,sequence,4,-0.05139327708014368,0.06176130749706485,0.0,0,0,0
pm_quote_pressure,velocity_x_phase,polymarket_state,sequence,4,0.3881284878696095,0.49029848785519975,1.0,0,0,0
pm_quote_pressure,vol_24,polymarket_state,volatility,4,0.0021536899045156645,0.027125371418393704,0.0,0,0,0
pm_quote_pressure,vol_48,polymarket_state,volatility,4,0.0015557116195651249,0.01805636358663699,0.0,0,0,0
pm_quote_pressure,vol_6,polymarket_state,volatility,4,0.00820635406861009,0.026870372637344538,0.0,0,0,0
pm_quote_pressure,vol_ratio,polymarket_state,volatility,4,0.009939500271793928,0.02121467929348967,0.0,0,0,0
pm_quote_pressure,vol_trend,polymarket_state,volatility,4,0.010273898432916513,0.02820841573342422,0.0,0,0,0
pm_quote_pressure,vol_z_1,polymarket_state,volatility,4,0.03086147301971426,0.045514317239854,0.0,0,0,0
pm_quote_pressure,vol_z_6,polymarket_state,volatility,4,0.01889202381362115,0.024802850863370064,0.0,0,0,0
pm_quote_pressure,volume_5min,polymarket_state,sequence,0,,,1.0,0,0,0
pm_quote_pressure,volume_trend,polymarket_state,sequence,0,,,0.9984673965905507,0,0,0
pm_spread_pct,pm_volume_5m,polymarket_state,polymarket_state,0,,,1.0,0,1,0
pm_spread_pct,price_deviation,polymarket_state,sequence,4,0.3556731753231746,0.15239549753060105,1.0,0,0,0
pm_spread_pct,price_deviation_sq,polymarket_state,sequence,4,0.40656196772822684,0.15239549753060105,1.0,0,0,0
pm_spread_pct,price_distance_from_max,polymarket_state,sequence,4,0.5484057741814379,0.6990126520341818,1.0,0,0,0
pm_spread_pct,price_momentum,polymarket_state,sequence,4,-0.19601810362942987,0.5344477016018336,0.9984673965905507,0,0,0
pm_spread_pct,price_velocity,polymarket_state,sequence,4,-0.10570980926635869,0.35366245348250236,1.0,0,0,0
pm_spread_pct,price_velocity_lag1,polymarket_state,sequence,4,-0.10960788618391001,0.32089140239739183,1.0,0,0,0
pm_spread_pct,range_1,polymarket_state,sequence,4,0.014104244281420325,0.0872255135833491,0.0,0,0,0
pm_spread_pct,range_avg_24,polymarket_state,sequence,4,0.016256666764477914,0.09804894943888064,0.0,0,0,0
pm_spread_pct,ret_1,polymarket_state,price_returns,4,0.0078796982270293,0.06302373988658871,0.0,0,0,0
pm_spread_pct,ret_12,polymarket_state,price_returns,4,0.03549511650247209,0.07460216263146954,0.0,0,0,0
pm_spread_pct,ret_24,polymarket_state,price_returns,4,0.024180634314804977,0.07401083390490452,0.0,0,0,0
pm_spread_pct,ret_3,polymarket_state,price_returns,4,0.027693674997758683,0.0864599010844425,0.0,0,0,0
pm_spread_pct,ret_48,polymarket_state,price_returns,4,0.010044886742161752,0.06164672109293109,0.0,0,0,0
pm_spread_pct,ret_6,polymarket_state,price_returns,4,0.02352205905315111,0.07167918143714387,0.0,0,0,0
pm_spread_pct,rsi_14,polymarket_state,trend,4,0.04779805024437975,0.08254585524653713,0.0,0,0,0
pm_spread_pct,signed_body_pct,polymarket_state,sequence,4,0.008315302712757162,0.06240348069003325,0.0,0,0,0
pm_spread_pct,signed_trend_efficiency_6,polymarket_state,sequence,4,0.04181089553824288,0.07850653081892273,0.0,0,0,0
pm_spread_pct,spread,polymarket_state,sequence,4,0.393641132635766,0.6087010638573227,1.0,0,0,0
pm_spread_pct,spread_pct,polymarket_state,sequence,4,0.9999999906264803,0.9999941077930219,1.0,4,0,1
pm_spread_pct,spread_trend,polymarket_state,sequence,4,0.18445191881364126,0.39027966667136677,0.9969523784820264,0,0,0
pm_spread_pct,taker_buy_ratio,polymarket_state,volume_taker_flow,4,0.015815815532925066,0.05836809080644379,0.0,0,0,0
pm_spread_pct,time_left_min,polymarket_state,sequence,0,,,1.0,0,0,0
pm_spread_pct,time_phase,polymarket_state,sequence,0,,,1.0,0,0,0
pm_spread_pct,up_ratio_4,polymarket_state,sequence,4,0.03091205239771705,0.07639145420705828,0.0,0,0,0
pm_spread_pct,velocity_x_phase,polymarket_state,sequence,4,-0.10570980926635869,0.35366245348250236,1.0,0,0,0
pm_spread_pct,vol_24,polymarket_state,volatility,4,0.010918199198629353,0.0766637711604309,0.0,0,0,0
pm_spread_pct,vol_48,polymarket_state,volatility,4,0.01775802637613227,0.07765089119545752,0.0,0,0,0
pm_spread_pct,vol_6,polymarket_state,volatility,4,0.004271315825655066,0.08489449186849339,0.0,0,0,0
pm_spread_pct,vol_ratio,polymarket_state,volatility,4,-0.015223035459039712,0.008594954173699014,0.0,0,0,0
pm_spread_pct,vol_trend,polymarket_state,volatility,4,-0.0138129935547463,0.005664782414641134,0.0,0,0,0
pm_spread_pct,vol_z_1,polymarket_state,volatility,4,-0.003113661486117003,0.017959945907552136,0.0,0,0,0
pm_spread_pct,vol_z_6,polymarket_state,volatility,4,0.0022625217714748003,0.01668335025637597,0.0,0,0,0
pm_spread_pct,volume_5min,polymarket_state,sequence,0,,,1.0,0,0,0
pm_spread_pct,volume_trend,polymarket_state,sequence,0,,,0.9984673965905507,0,0,0
pm_volume_5m,price_deviation,polymarket_state,sequence,0,,,1.0,0,0,0
pm_volume_5m,price_deviation_sq,polymarket_state,sequence,0,,,1.0,0,0,0
pm_volume_5m,price_distance_from_max,polymarket_state,sequence,0,,,1.0,0,0,0
pm_volume_5m,price_momentum,polymarket_state,sequence,0,,,0.9984673965905507,0,0,0
pm_volume_5m,price_velocity,polymarket_state,sequence,0,,,1.0,0,0,0
pm_volume_5m,price_velocity_lag1,polymarket_state,sequence,0,,,1.0,0,0,0
pm_volume_5m,range_1,polymarket_state,sequence,0,,,0.0,0,0,0
pm_volume_5m,range_avg_24,polymarket_state,sequence,0,,,0.0,0,0,0
pm_volume_5m,ret_1,polymarket_state,price_returns,0,,,0.0,0,0,0
pm_volume_5m,ret_12,polymarket_state,price_returns,0,,,0.0,0,0,0
pm_volume_5m,ret_24,polymarket_state,price_returns,0,,,0.0,0,0,0
pm_volume_5m,ret_3,polymarket_state,price_returns,0,,,0.0,0,0,0
pm_volume_5m,ret_48,polymarket_state,price_returns,0,,,0.0,0,0,0
pm_volume_5m,ret_6,polymarket_state,price_returns,0,,,0.0,0,0,0
pm_volume_5m,rsi_14,polymarket_state,trend,0,,,0.0,0,0,0
pm_volume_5m,signed_body_pct,polymarket_state,sequence,0,,,0.0,0,0,0
pm_volume_5m,signed_trend_efficiency_6,polymarket_state,sequence,0,,,0.0,0,0,0
pm_volume_5m,spread,polymarket_state,sequence,0,,,1.0,0,0,0
pm_volume_5m,spread_pct,polymarket_state,sequence,0,,,1.0,0,0,0
pm_volume_5m,spread_trend,polymarket_state,sequence,0,,,0.9969523784820264,0,0,0
pm_volume_5m,taker_buy_ratio,polymarket_state,volume_taker_flow,0,,,0.0,0,0,0
pm_volume_5m,time_left_min,polymarket_state,sequence,0,,,1.0,0,0,0
pm_volume_5m,time_phase,polymarket_state,sequence,0,,,1.0,0,0,0
pm_volume_5m,up_ratio_4,polymarket_state,sequence,0,,,0.0,0,0,0
pm_volume_5m,velocity_x_phase,polymarket_state,sequence,0,,,1.0,0,0,0
pm_volume_5m,vol_24,polymarket_state,volatility,0,,,0.0,0,0,0
pm_volume_5m,vol_48,polymarket_state,volatility,0,,,0.0,0,0,0
pm_volume_5m,vol_6,polymarket_state,volatility,0,,,0.0,0,0,0
pm_volume_5m,vol_ratio,polymarket_state,volatility,0,,,0.0,0,0,0
pm_volume_5m,vol_trend,polymarket_state,volatility,0,,,0.0,0,0,0
pm_volume_5m,vol_z_1,polymarket_state,volatility,0,,,0.0,0,0,0
pm_volume_5m,vol_z_6,polymarket_state,volatility,0,,,0.0,0,0,0
pm_volume_5m,volume_5min,polymarket_state,sequence,0,,,1.0,0,0,0
pm_volume_5m,volume_trend,polymarket_state,sequence,0,,,0.9984673965905507,0,0,0
price_deviation,price_deviation_sq,sequence,sequence,4,0.9678857385713371,1.0000000000000002,1.0,4,1,1
price_deviation,price_distance_from_max,sequence,sequence,4,0.4166220476858585,0.25045394968935086,1.0,0,1,0
price_deviation,price_momentum,sequence,sequence,4,-0.0032175337050923004,0.024459774312455867,0.9984673965905507,0,1,0
price_deviation,price_velocity,sequence,sequence,4,-0.0024758396150783863,0.015671676912605254,1.0,0,1,0
price_deviation,price_velocity_lag1,sequence,sequence,4,0.0010205013589403744,0.01082572173393971,1.0,0,1,0
price_deviation,range_1,sequence,sequence,4,-0.006423172151450121,0.00750855547551587,0.0,0,1,0
price_deviation,range_avg_24,sequence,sequence,4,-0.05035287391390064,0.07308246849152294,0.0,0,1,0
price_deviation,ret_1,sequence,price_returns,4,0.018303868297837707,0.03611349150491143,0.0,0,0,0
price_deviation,ret_12,sequence,price_returns,4,0.013402186882150405,0.01734857162136619,0.0,0,0,0
price_deviation,ret_24,sequence,price_returns,4,-0.0073232260055322695,0.009649075858741573,0.0,0,0,0
price_deviation,ret_3,sequence,price_returns,4,0.010697261476572486,0.02469740515021667,0.0,0,0,0
price_deviation,ret_48,sequence,price_returns,4,-0.008658784504065264,0.01681276818569317,0.0,0,0,0
price_deviation,ret_6,sequence,price_returns,4,0.013297058271575696,0.03022259229639507,0.0,0,0,0
price_deviation,rsi_14,sequence,trend,4,0.009967782523045636,0.008417558079448308,0.0,0,0,0
price_deviation,signed_body_pct,sequence,sequence,4,0.01845460562708026,0.036195522974500384,0.0,0,1,0
price_deviation,signed_trend_efficiency_6,sequence,sequence,4,0.01977122905181507,0.03400865061446304,0.0,0,1,0
price_deviation,spread,sequence,sequence,4,-0.07663155199042543,0.15655017690484138,1.0,0,1,0
price_deviation,spread_pct,sequence,sequence,4,0.3556646692941676,0.15213933559122858,1.0,0,1,0
price_deviation,spread_trend,sequence,sequence,4,-0.10748078222578,0.20654171699953222,0.9969523784820264,0,1,0
price_deviation,taker_buy_ratio,sequence,volume_taker_flow,4,0.013658705180214985,0.020529005716255353,0.0,0,0,0
price_deviation,time_left_min,sequence,sequence,0,,,1.0,0,1,0
price_deviation,time_phase,sequence,sequence,0,,,1.0,0,1,0
price_deviation,up_ratio_4,sequence,sequence,4,-0.0015879166274317333,0.006890527635942154,0.0,0,1,0
price_deviation,velocity_x_phase,sequence,sequence,4,-0.0024758396150783863,0.015671676912605254,1.0,0,1,0
price_deviation,vol_24,sequence,volatility,4,-0.04338614291453118,0.05525768660732272,0.0,0,0,0
price_deviation,vol_48,sequence,volatility,4,-0.03920545764147159,0.0473348075712711,0.0,0,0,0
price_deviation,vol_6,sequence,volatility,4,-0.027657242792122342,0.029491368707843437,0.0,0,0,0
price_deviation,vol_ratio,sequence,volatility,4,0.0005283983196188878,0.01370612292888348,0.0,0,0,0
price_deviation,vol_trend,sequence,volatility,4,0.008476276075152396,0.015894058067262223,0.0,0,0,0
price_deviation,vol_z_1,sequence,volatility,4,0.03153985812391621,0.0374073273981532,0.0,0,0,0
price_deviation,vol_z_6,sequence,volatility,4,0.01511160039737611,0.020367189406964623,0.0,0,0,0
price_deviation,volume_5min,sequence,sequence,0,,,1.0,0,1,0
price_deviation,volume_trend,sequence,sequence,0,,,0.9984673965905507,0,1,0
price_deviation_sq,price_distance_from_max,sequence,sequence,4,0.3941155151881965,0.25045394968935086,1.0,0,1,0
price_deviation_sq,price_momentum,sequence,sequence,4,0.0006302670868903791,0.024459774312455867,0.9984673965905507,0,1,0
price_deviation_sq,price_velocity,sequence,sequence,4,0.0006585964704838561,0.015671676912605254,1.0,0,1,0
price_deviation_sq,price_velocity_lag1,sequence,sequence,4,0.002805709373224548,0.01082572173393971,1.0,0,1,0
price_deviation_sq,range_1,sequence,sequence,4,-0.008464050881162222,0.00750855547551587,0.0,0,1,0
price_deviation_sq,range_avg_24,sequence,sequence,4,-0.050838362006668636,0.07308246849152294,0.0,0,1,0
price_deviation_sq,ret_1,sequence,price_returns,4,0.017244526939125558,0.03611349150491143,0.0,0,0,0
price_deviation_sq,ret_12,sequence,price_returns,4,0.015469883466699806,0.01734857162136619,0.0,0,0,0
price_deviation_sq,ret_24,sequence,price_returns,4,-0.003686289185469258,0.009649075858741573,0.0,0,0,0
price_deviation_sq,ret_3,sequence,price_returns,4,0.008824710897316788,0.02469740515021667,0.0,0,0,0
price_deviation_sq,ret_48,sequence,price_returns,4,-0.004884955520185349,0.01681276818569317,0.0,0,0,0
price_deviation_sq,ret_6,sequence,price_returns,4,0.01253221719290833,0.03022259229639507,0.0,0,0,0
price_deviation_sq,rsi_14,sequence,trend,4,0.014086274129479673,0.008417558079448308,0.0,0,0,0
price_deviation_sq,signed_body_pct,sequence,sequence,4,0.01732953960242619,0.036195522974500384,0.0,0,1,0
price_deviation_sq,signed_trend_efficiency_6,sequence,sequence,4,0.018994469228076592,0.03400865061446304,0.0,0,1,0
price_deviation_sq,spread,sequence,sequence,4,-0.07762428633845571,0.15655017690484138,1.0,0,1,0
price_deviation_sq,spread_pct,sequence,sequence,4,0.4065493456959656,0.15213933559122858,1.0,0,1,0
price_deviation_sq,spread_trend,sequence,sequence,4,-0.12088748435261655,0.20654171699953222,0.9969523784820264,0,1,0
price_deviation_sq,taker_buy_ratio,sequence,volume_taker_flow,4,0.013344127903553708,0.020529005716255353,0.0,0,0,0
price_deviation_sq,time_left_min,sequence,sequence,0,,,1.0,0,1,0
price_deviation_sq,time_phase,sequence,sequence,0,,,1.0,0,1,0
price_deviation_sq,up_ratio_4,sequence,sequence,4,-0.006106438868015056,0.006890527635942154,0.0,0,1,0
price_deviation_sq,velocity_x_phase,sequence,sequence,4,0.0006585964704838561,0.015671676912605254,1.0,0,1,0
price_deviation_sq,vol_24,sequence,volatility,4,-0.04336954966099987,0.05525768660732272,0.0,0,0,0
price_deviation_sq,vol_48,sequence,volatility,4,-0.037807605266077876,0.0473348075712711,0.0,0,0,0
price_deviation_sq,vol_6,sequence,volatility,4,-0.02955244621190404,0.029491368707843437,0.0,0,0,0
price_deviation_sq,vol_ratio,sequence,volatility,4,-0.0027042017193999405,0.01370612292888348,0.0,0,0,0
price_deviation_sq,vol_trend,sequence,volatility,4,0.005205119721508251,0.015894058067262223,0.0,0,0,0
price_deviation_sq,vol_z_1,sequence,volatility,4,0.029176929284946005,0.0374073273981532,0.0,0,0,0
price_deviation_sq,vol_z_6,sequence,volatility,4,0.014350701634639227,0.020367189406964623,0.0,0,0,0
price_deviation_sq,volume_5min,sequence,sequence,0,,,1.0,0,1,0
price_deviation_sq,volume_trend,sequence,sequence,0,,,0.9984673965905507,0,1,0
price_distance_from_max,price_momentum,sequence,sequence,4,-0.6246367368337186,0.7530992368433974,0.9984673965905507,0,1,0
price_distance_from_max,price_velocity,sequence,sequence,4,-0.4284939497101246,0.5956849016179941,1.0,0,1,0
price_distance_from_max,price_velocity_lag1,sequence,sequence,4,-0.33727281455854685,0.4032493720330378,1.0,0,1,0
price_distance_from_max,range_1,sequence,sequence,4,-0.02792275324713513,0.047510362549217075,0.0,0,1,0
price_distance_from_max,range_avg_24,sequence,sequence,4,-0.02874597926405497,0.04183473191056744,0.0,0,1,0
price_distance_from_max,ret_1,sequence,price_returns,4,0.026699997524562518,0.04779201775539753,0.0,0,0,0
price_distance_from_max,ret_12,sequence,price_returns,4,0.029160245881055175,0.05661442472358107,0.0,0,0,0
price_distance_from_max,ret_24,sequence,price_returns,4,0.01146138301866313,0.04528988509322564,0.0,0,0,0
price_distance_from_max,ret_3,sequence,price_returns,4,0.049485014368204946,0.08443781835360717,0.0,0,0,0
price_distance_from_max,ret_48,sequence,price_returns,4,0.015116904181653176,0.04346107615146411,0.0,0,0,0
price_distance_from_max,ret_6,sequence,price_returns,4,0.032108045981521414,0.0621805571493674,0.0,0,0,0
price_distance_from_max,rsi_14,sequence,trend,4,0.037063749652978664,0.05486001903268931,0.0,0,0,0
price_distance_from_max,signed_body_pct,sequence,sequence,4,0.026845078803159506,0.047952382156957726,0.0,0,1,0
price_distance_from_max,signed_trend_efficiency_6,sequence,sequence,4,0.046790426316923574,0.06736509290565007,0.0,0,1,0
price_distance_from_max,spread,sequence,sequence,4,-0.012015047031016685,0.029791690307973042,1.0,0,1,0
price_distance_from_max,spread_pct,sequence,sequence,4,0.5484054152916692,0.6980219130983613,1.0,0,1,0
price_distance_from_max,spread_trend,sequence,sequence,4,-0.030277759226557864,0.014549827859892336,0.9969523784820264,0,1,0
price_distance_from_max,taker_buy_ratio,sequence,volume_taker_flow,4,0.0274088123808883,0.038155178464436355,0.0,0,0,0
price_distance_from_max,time_left_min,sequence,sequence,0,,,1.0,0,1,0
price_distance_from_max,time_phase,sequence,sequence,0,,,1.0,0,1,0
price_distance_from_max,up_ratio_4,sequence,sequence,4,0.03584987608142905,0.05044196869940335,0.0,0,1,0
price_distance_from_max,velocity_x_phase,sequence,sequence,4,-0.4284939497101246,0.5956849016179941,1.0,0,1,0
price_distance_from_max,vol_24,sequence,volatility,4,-0.02330360426626358,0.040952470268660786,0.0,0,0,0
price_distance_from_max,vol_48,sequence,volatility,4,-0.020842025293500814,0.02926575029313051,0.0,0,0,0
price_distance_from_max,vol_6,sequence,volatility,4,-0.020418061659244337,0.030431387074444535,0.0,0,0,0
price_distance_from_max,vol_ratio,sequence,volatility,4,-0.005927382134011359,0.014356726951905405,0.0,0,0,0
price_distance_from_max,vol_trend,sequence,volatility,4,0.00033503790619768335,0.013403068896309503,0.0,0,0,0
price_distance_from_max,vol_z_1,sequence,volatility,4,-0.011455897767525631,0.031194581703081585,0.0,0,0,0
price_distance_from_max,vol_z_6,sequence,volatility,4,-0.012736721899759981,0.025990584641858123,0.0,0,0,0
price_distance_from_max,volume_5min,sequence,sequence,0,,,1.0,0,1,0
price_distance_from_max,volume_trend,sequence,sequence,0,,,0.9984673965905507,0,1,0
price_momentum,price_velocity,sequence,sequence,4,0.6055261287114371,0.6264518302469435,0.9984673965905507,0,1,0
price_momentum,price_velocity_lag1,sequence,sequence,4,0.5524665746086408,0.5288580678703134,0.9984673965905507,0,1,0
price_momentum,range_1,sequence,sequence,4,0.018053976218639196,0.029038629672081134,0.0,0,1,0
price_momentum,range_avg_24,sequence,sequence,4,0.00015588504644989236,0.013988576716805012,0.0,0,1,0
price_momentum,ret_1,sequence,price_returns,4,-0.008671038276152019,0.03279517655293227,0.0,0,0,0
price_momentum,ret_12,sequence,price_returns,4,-0.011333042481461053,0.04017834797014884,0.0,0,0,0
price_momentum,ret_24,sequence,price_returns,4,-0.010067808570503314,0.036382160562033854,0.0,0,0,0
price_momentum,ret_3,sequence,price_returns,4,-0.02590642351894361,0.05796749308093105,0.0,0,0,0
price_momentum,ret_48,sequence,price_returns,4,-0.01609524900379199,0.03887593739105432,0.0,0,0,0
price_momentum,ret_6,sequence,price_returns,4,-0.013742190534305424,0.04004181569298097,0.0,0,0,0
price_momentum,rsi_14,sequence,trend,4,-0.01638686882524665,0.04118978963094773,0.0,0,0,0
price_momentum,signed_body_pct,sequence,sequence,4,-0.00856753530524297,0.03254203110097725,0.0,0,1,0
price_momentum,signed_trend_efficiency_6,sequence,sequence,4,-0.015375561591996626,0.03914578239966157,0.0,0,1,0
price_momentum,spread,sequence,sequence,4,-0.00020743716605270356,0.0048892899251055996,0.9984673965905507,0,1,0
price_momentum,spread_pct,sequence,sequence,4,-0.19602861988121853,0.5335236915819105,0.9984673965905507,0,1,0
price_momentum,spread_trend,sequence,sequence,4,-0.004453149795157641,0.015295032910442895,0.9984824668104415,0,1,0
price_momentum,taker_buy_ratio,sequence,volume_taker_flow,4,-0.012434601343353799,0.030060124583161638,0.0,0,0,0
price_momentum,time_left_min,sequence,sequence,0,,,0.9984673965905507,0,1,0
price_momentum,time_phase,sequence,sequence,0,,,0.9984673965905507,0,1,0
price_momentum,up_ratio_4,sequence,sequence,4,-0.016731858081538452,0.03188815419682769,0.0,0,1,0
price_momentum,velocity_x_phase,sequence,sequence,4,0.6055261287114371,0.6264518302469435,0.9984673965905507,0,1,0
price_momentum,vol_24,sequence,volatility,4,0.001896513033814424,0.015248489344903351,0.0,0,0,0
price_momentum,vol_48,sequence,volatility,4,0.00027426577223354766,0.009793962326011811,0.0,0,0,0
price_momentum,vol_6,sequence,volatility,4,0.006977979828461703,0.019073678253035707,0.0,0,0,0
price_momentum,vol_ratio,sequence,volatility,4,0.009743305122198231,0.02134561325111595,0.0,0,0,0
price_momentum,vol_trend,sequence,volatility,4,0.009687646065589662,0.027775913965064937,0.0,0,0,0
price_momentum,vol_z_1,sequence,volatility,4,0.020938717210939532,0.03086794919596867,0.0,0,0,0
price_momentum,vol_z_6,sequence,volatility,4,0.013211118010334973,0.019004926057644658,0.0,0,0,0
price_momentum,volume_5min,sequence,sequence,0,,,0.9984673965905507,0,1,0
price_momentum,volume_trend,sequence,sequence,0,,,1.0,0,1,0
price_velocity,price_velocity_lag1,sequence,sequence,4,-0.026921313422347555,0.03192071856532473,1.0,0,1,0
price_velocity,range_1,sequence,sequence,4,0.011798041925970138,0.018519095944765376,0.0,0,1,0
price_velocity,range_avg_24,sequence,sequence,4,0.0015124516241855732,0.010958566252340497,0.0,0,1,0
price_velocity,ret_1,sequence,price_returns,4,-0.0015722257884187598,0.022490146901597237,0.0,0,0,0
price_velocity,ret_12,sequence,price_returns,4,-0.0009733164465185035,0.026399957077884284,0.0,0,0,0
price_velocity,ret_24,sequence,price_returns,4,-0.001752995710868319,0.02554242428493661,0.0,0,0,0
price_velocity,ret_3,sequence,price_returns,4,-0.008606642737643467,0.03601642311171098,0.0,0,0,0
price_velocity,ret_48,sequence,price_returns,4,-0.0092040400825731,0.030575648462685383,0.0,0,0,0
price_velocity,ret_6,sequence,price_returns,4,-0.002424158757548845,0.02374808879102359,0.0,0,0,0
price_velocity,rsi_14,sequence,trend,4,-0.0030590050254058277,0.027194970188179044,0.0,0,0,0
price_velocity,signed_body_pct,sequence,sequence,4,-0.0015676415312828396,0.022370977709416647,0.0,0,1,0
price_velocity,signed_trend_efficiency_6,sequence,sequence,4,-0.003036834515501666,0.022947945333321607,0.0,0,1,0
price_velocity,spread,sequence,sequence,4,-0.0013230139979465913,0.002682128357521702,1.0,0,1,0
price_velocity,spread_pct,sequence,sequence,4,-0.1057165757259508,0.35302904847565464,1.0,0,1,0
price_velocity,spread_trend,sequence,sequence,4,-0.005204640887079119,0.012358554333913198,0.9969523784820264,0,1,0
price_velocity,taker_buy_ratio,sequence,volume_taker_flow,4,-0.0046423984252987535,0.018377778347820135,0.0,0,0,0
price_velocity,time_left_min,sequence,sequence,0,,,1.0,0,1,0
price_velocity,time_phase,sequence,sequence,0,,,1.0,0,1,0
price_velocity,up_ratio_4,sequence,sequence,4,-0.005477610978705912,0.018354048248566686,0.0,0,1,0
price_velocity,velocity_x_phase,sequence,sequence,4,1.0,1.0,1.0,4,1,1
price_velocity,vol_24,sequence,volatility,4,0.00369291616526296,0.013152970292910642,0.0,0,0,0
price_velocity,vol_48,sequence,volatility,4,0.0010814264165142345,0.008429735137548794,0.0,0,0,0
price_velocity,vol_6,sequence,volatility,4,0.007974331857143758,0.012232221141787838,0.0,0,0,0
price_velocity,vol_ratio,sequence,volatility,4,0.00971481511337704,0.009115401745157835,0.0,0,0,0
price_velocity,vol_trend,sequence,volatility,4,0.008093180856272003,0.010114714452071826,0.0,0,0,0
price_velocity,vol_z_1,sequence,volatility,4,0.013953232688595265,0.021214315366086523,0.0,0,0,0
price_velocity,vol_z_6,sequence,volatility,4,0.007181838810429725,0.015437400530013336,0.0,0,0,0
price_velocity,volume_5min,sequence,sequence,0,,,1.0,0,1,0
price_velocity,volume_trend,sequence,sequence,0,,,0.9984673965905507,0,1,0
price_velocity_lag1,range_1,sequence,sequence,4,0.008516989948525353,0.019175166649653547,0.0,0,1,0
price_velocity_lag1,range_avg_24,sequence,sequence,4,-0.0009466326139558832,0.00900547400655384,0.0,0,1,0
price_velocity_lag1,ret_1,sequence,price_returns,4,-0.006195114784250281,0.03085256362070959,0.0,0,0,0
price_velocity_lag1,ret_12,sequence,price_returns,4,-0.007908999550078052,0.038345488376696074,0.0,0,0,0
price_velocity_lag1,ret_24,sequence,price_returns,4,-0.006520805417257054,0.033822303216734725,0.0,0,0,0
price_velocity_lag1,ret_3,sequence,price_returns,4,-0.016370972033291777,0.04881202753865136,0.0,0,0,0
price_velocity_lag1,ret_48,sequence,price_returns,4,-0.009040654846846663,0.03238641422207691,0.0,0,0,0
price_velocity_lag1,ret_6,sequence,price_returns,4,-0.009409932732610168,0.037914252071048926,0.0,0,0,0
price_velocity_lag1,rsi_14,sequence,trend,4,-0.012000607236199244,0.04228294963870345,0.0,0,0,0
price_velocity_lag1,signed_body_pct,sequence,sequence,4,-0.006078192556115045,0.030669518236170645,0.0,0,1,0
price_velocity_lag1,signed_trend_efficiency_6,sequence,sequence,4,-0.009816253782395016,0.03731051978485828,0.0,0,1,0
price_velocity_lag1,spread,sequence,sequence,4,0.002881987824542858,0.0022596475660415804,1.0,0,1,0
price_velocity_lag1,spread_pct,sequence,sequence,4,-0.10961369715458172,0.3203678806381798,1.0,0,1,0
price_velocity_lag1,spread_trend,sequence,sequence,4,-0.0010458339380800313,0.007663003538337229,0.9969523784820264,0,1,0
price_velocity_lag1,taker_buy_ratio,sequence,volume_taker_flow,4,-0.00599792261092107,0.020176128531128257,0.0,0,0,0
price_velocity_lag1,time_left_min,sequence,sequence,0,,,1.0,0,1,0
price_velocity_lag1,time_phase,sequence,sequence,0,,,1.0,0,1,0
price_velocity_lag1,up_ratio_4,sequence,sequence,4,-0.012316157007300325,0.03169832094633296,0.0,0,1,0
price_velocity_lag1,velocity_x_phase,sequence,sequence,4,-0.026921313422347555,0.03192071856532473,1.0,0,1,0
price_velocity_lag1,vol_24,sequence,volatility,4,-0.0009389903909063933,0.009125006612249692,0.0,0,0,0
price_velocity_lag1,vol_48,sequence,volatility,4,-0.0010185841489740422,0.0074643806434522295,0.0,0,0,0
price_velocity_lag1,vol_6,sequence,volatility,4,0.0015951776266431793,0.007777370584073832,0.0,0,0,0
price_velocity_lag1,vol_ratio,sequence,volatility,4,0.0029350159090274198,0.004060733391395737,0.0,0,0,0
price_velocity_lag1,vol_trend,sequence,volatility,4,0.004246711650078429,0.0077190573691684845,0.0,0,0,0
price_velocity_lag1,vol_z_1,sequence,volatility,4,0.010376638783873087,0.018765880336551678,0.0,0,0,0
price_velocity_lag1,vol_z_6,sequence,volatility,4,0.0053866140297338435,0.013802230861812226,0.0,0,0,0
price_velocity_lag1,volume_5min,sequence,sequence,0,,,1.0,0,1,0
price_velocity_lag1,volume_trend,sequence,sequence,0,,,0.9984673965905507,0,1,0
range_1,range_avg_24,sequence,sequence,5,0.5192942650847872,0.6466609148471921,1.0,0,1,0
range_1,ret_1,sequence,price_returns,5,-0.022138425874439906,0.013206847402377025,1.0,0,0,0
range_1,ret_12,sequence,price_returns,5,-0.021441481847409315,0.10734271486923988,1.0,0,0,0
range_1,ret_24,sequence,price_returns,5,-0.0009058924121876311,0.09994256047861587,1.0,0,0,0
range_1,ret_3,sequence,price_returns,5,-0.07101502987172653,0.07082679551230289,1.0,0,0,0
range_1,ret_48,sequence,price_returns,5,0.05353363645319922,0.05033907180249184,1.0,0,0,0
range_1,ret_6,sequence,price_returns,5,-0.033516436493351884,0.1071960777252644,1.0,0,0,0
range_1,rsi_14,sequence,trend,5,-0.02998034424949625,0.10564757884284996,1.0,0,0,0
range_1,signed_body_pct,sequence,sequence,5,-0.018233605552819828,0.013295922319680199,1.0,0,1,0
range_1,signed_trend_efficiency_6,sequence,sequence,5,-0.031485763399717,0.1060414870032795,1.0,0,1,0
range_1,spread,sequence,sequence,4,0.03588053394962304,0.18100950108675995,0.0,0,1,0
range_1,spread_pct,sequence,sequence,4,0.014107113491876716,0.0876450119177091,0.0,0,1,0
range_1,spread_trend,sequence,sequence,4,0.06558311470771208,0.0792092145137456,0.0,0,1,0
range_1,taker_buy_ratio,sequence,volume_taker_flow,5,-0.0009475708716063187,0.038955197388811105,1.0,0,0,0
range_1,time_left_min,sequence,sequence,0,,,0.0,0,1,0
range_1,time_phase,sequence,sequence,0,,,0.0,0,1,0
range_1,up_ratio_4,sequence,sequence,5,0.08595028293074766,0.12592814771924274,1.0,0,1,0
range_1,velocity_x_phase,sequence,sequence,4,0.011798041925970138,0.018519095944765376,0.0,0,1,0
range_1,vol_24,sequence,volatility,5,0.5108789495253947,0.6219628874204559,1.0,0,0,0
range_1,vol_48,sequence,volatility,5,0.4573524889984836,0.5719462252894584,1.0,0,0,0
range_1,vol_6,sequence,volatility,5,0.6477478036214557,0.6901216462537322,1.0,0,0,0
range_1,vol_ratio,sequence,volatility,5,0.36765188339666943,0.35362245544668336,1.0,0,0,0
range_1,vol_trend,sequence,volatility,5,0.294944927704042,0.2900844403032578,1.0,0,0,0
range_1,vol_z_1,sequence,volatility,5,0.45869726311582915,0.40228216281777285,1.0,0,0,0
range_1,vol_z_6,sequence,volatility,5,0.3046727907541489,0.2820076787662741,1.0,0,0,0
range_1,volume_5min,sequence,sequence,0,,,0.0,0,1,0
range_1,volume_trend,sequence,sequence,0,,,0.0,0,1,0
range_avg_24,ret_1,sequence,price_returns,5,0.002362122552070074,0.018506814095648062,1.0,0,0,0
range_avg_24,ret_12,sequence,price_returns,5,-0.029505807503096955,0.07870940191942558,1.0,0,0,0
range_avg_24,ret_24,sequence,price_returns,5,-0.03691223687967476,0.15048807457763336,1.0,0,0,0
range_avg_24,ret_3,sequence,price_returns,5,-0.014038617986272994,0.025991643258682494,1.0,0,0,0
range_avg_24,ret_48,sequence,price_returns,5,0.033946923024146536,0.13648255144829322,1.0,0,0,0
range_avg_24,ret_6,sequence,price_returns,5,-0.02089099135056275,0.04207260561631141,1.0,0,0,0
range_avg_24,rsi_14,sequence,trend,5,-0.02351100796204127,0.0869614640785931,1.0,0,0,0
range_avg_24,signed_body_pct,sequence,sequence,5,0.0034934710618695747,0.018451889694839744,1.0,0,1,0
range_avg_24,signed_trend_efficiency_6,sequence,sequence,5,0.0026763592868665137,0.031352229984590724,1.0,0,1,0
range_avg_24,spread,sequence,sequence,4,0.041604002904473865,0.192070516608341,0.0,0,1,0
range_avg_24,spread_pct,sequence,sequence,4,0.016261328076489456,0.0984768852284172,0.0,0,1,0
range_avg_24,spread_trend,sequence,sequence,4,0.0770701603859594,0.08801027926834219,0.0,0,1,0
range_avg_24,taker_buy_ratio,sequence,volume_taker_flow,5,0.0020664619354202863,0.02377196550307671,1.0,0,0,0
range_avg_24,time_left_min,sequence,sequence,0,,,0.0,0,1,0
range_avg_24,time_phase,sequence,sequence,0,,,0.0,0,1,0
range_avg_24,up_ratio_4,sequence,sequence,5,0.12089313855707642,0.14487835416462752,1.0,0,1,0
range_avg_24,velocity_x_phase,sequence,sequence,4,0.0015124516241855732,0.010958566252340497,0.0,0,1,0
range_avg_24,vol_24,sequence,volatility,5,0.9295685350071006,0.929716491766321,1.0,0,0,0
range_avg_24,vol_48,sequence,volatility,5,0.8454309403732203,0.8564395523107596,1.0,0,0,0
range_avg_24,vol_6,sequence,volatility,5,0.6016370998158724,0.6642741981835334,1.0,0,0,0
range_avg_24,vol_ratio,sequence,volatility,5,0.0415454484254146,0.04269948952958811,1.0,0,0,0
range_avg_24,vol_trend,sequence,volatility,5,-0.11336810207010015,0.1439432939216747,1.0,0,0,0
range_avg_24,vol_z_1,sequence,volatility,5,-0.08709268942184442,0.109996520133065,1.0,0,0,0
range_avg_24,vol_z_6,sequence,volatility,5,-0.06633160448375103,0.07911685181206497,1.0,0,0,0
range_avg_24,volume_5min,sequence,sequence,0,,,0.0,0,1,0
range_avg_24,volume_trend,sequence,sequence,0,,,0.0,0,1,0
ret_1,ret_12,price_returns,price_returns,5,0.2800163418589523,0.23429791273696135,1.0,0,1,0
ret_1,ret_24,price_returns,price_returns,5,0.19429521369486757,0.14625244690654124,1.0,0,1,0
ret_1,ret_3,price_returns,price_returns,5,0.5677794583924904,0.5117424128175342,1.0,0,1,0
ret_1,ret_48,price_returns,price_returns,5,0.1355559841580775,0.0942421988137032,1.0,0,1,0
ret_1,ret_6,price_returns,price_returns,5,0.3988635276773568,0.3325085108359791,1.0,0,1,0
ret_1,rsi_14,price_returns,trend,5,0.23527953974509766,0.2141831495820049,1.0,0,0,0
ret_1,signed_body_pct,price_returns,sequence,5,0.999488545248408,0.9989991128561081,1.0,5,0,1
ret_1,signed_trend_efficiency_6,price_returns,sequence,5,0.33911152468790295,0.3441157050925219,1.0,0,0,0
ret_1,spread,price_returns,sequence,4,0.0035772048895377708,0.020053136049539,0.0,0,0,0
ret_1,spread_pct,price_returns,sequence,4,0.007880240184865286,0.06290052945645042,0.0,0,0,0
ret_1,spread_trend,price_returns,sequence,4,0.003943380131896112,0.007587568054124542,0.0,0,0,0
ret_1,taker_buy_ratio,price_returns,volume_taker_flow,5,0.3375389982709965,0.41280339535835736,1.0,0,0,0
ret_1,time_left_min,price_returns,sequence,0,,,0.0,0,0,0
ret_1,time_phase,price_returns,sequence,0,,,0.0,0,0,0
ret_1,up_ratio_4,price_returns,sequence,5,0.34197481568170907,0.4242709257995183,1.0,0,0,0
ret_1,velocity_x_phase,price_returns,sequence,4,-0.0015722257884187598,0.022490146901597237,0.0,0,0,0
ret_1,vol_24,price_returns,volatility,5,-0.009042685610597482,0.014345853327661641,1.0,0,0,0
ret_1,vol_48,price_returns,volatility,5,-0.02786685918754932,0.03691443947170694,1.0,0,0,0
ret_1,vol_6,price_returns,volatility,5,-0.01652946085408397,0.013829169868766106,1.0,0,0,0
ret_1,vol_ratio,price_returns,volatility,5,0.0030581468655462877,0.02273127685661256,1.0,0,0,0
ret_1,vol_trend,price_returns,volatility,5,-0.004471144403258159,0.008251801869865396,1.0,0,0,0
ret_1,vol_z_1,price_returns,volatility,5,-0.013612711323506412,0.02577553426443013,1.0,0,0,0
ret_1,vol_z_6,price_returns,volatility,5,-0.0052645433433528965,0.009241462759355706,1.0,0,0,0
ret_1,volume_5min,price_returns,sequence,0,,,0.0,0,0,0
ret_1,volume_trend,price_returns,sequence,0,,,0.0,0,0,0
ret_12,ret_24,price_returns,price_returns,5,0.681691524035533,0.6108026454059713,1.0,0,1,0
ret_12,ret_3,price_returns,price_returns,5,0.4738283247059112,0.4233614031097556,1.0,0,1,0
ret_12,ret_48,price_returns,price_returns,5,0.47278850900636266,0.40400539264525576,1.0,0,1,0
ret_12,ret_6,price_returns,price_returns,5,0.6886732177307998,0.621478246924998,1.0,0,1,0
ret_12,rsi_14,price_returns,trend,5,0.787612851071694,0.8674135066734543,1.0,0,0,0
ret_12,signed_body_pct,price_returns,sequence,5,0.27896311069870755,0.23255088738718654,1.0,0,0,0
ret_12,signed_trend_efficiency_6,price_returns,sequence,5,0.5268510536166757,0.5938080463368787,1.0,0,0,0
ret_12,spread,price_returns,sequence,4,0.021593056273461954,0.047709281525192035,0.0,0,0,0
ret_12,spread_pct,price_returns,sequence,4,0.03549602010922803,0.07459706215031892,0.0,0,0,0
ret_12,spread_trend,price_returns,sequence,4,0.011527553719626021,0.016710444391676394,0.0,0,0,0
ret_12,taker_buy_ratio,price_returns,volume_taker_flow,5,0.12049903143584506,0.16533660479030823,1.0,0,0,0
ret_12,time_left_min,price_returns,sequence,0,,,0.0,0,0,0
ret_12,time_phase,price_returns,sequence,0,,,0.0,0,0,0
ret_12,up_ratio_4,price_returns,sequence,5,0.31800558113188143,0.35402598921935685,1.0,0,0,0
ret_12,velocity_x_phase,price_returns,sequence,4,-0.0009733164465185035,0.026399957077884284,0.0,0,0,0
ret_12,vol_24,price_returns,volatility,5,-0.04602806100413524,0.06293396399445245,1.0,0,0,0
ret_12,vol_48,price_returns,volatility,5,-0.07590927146412128,0.12846609677741674,1.0,0,0,0
ret_12,vol_6,price_returns,volatility,5,-0.02989280012684061,0.05381567770258186,1.0,0,0,0
ret_12,vol_ratio,price_returns,volatility,5,0.017710035641137274,0.05596593118422287,1.0,0,0,0
ret_12,vol_trend,price_returns,volatility,5,-0.0003011871592597748,0.02679558665333251,1.0,0,0,0
ret_12,vol_z_1,price_returns,volatility,5,-0.016223954214950296,0.045990093056998485,1.0,0,0,0
ret_12,vol_z_6,price_returns,volatility,5,0.0018417930843968983,0.007419228733085849,1.0,0,0,0
ret_12,volume_5min,price_returns,sequence,0,,,0.0,0,0,0
ret_12,volume_trend,price_returns,sequence,0,,,0.0,0,0,0
ret_24,ret_3,price_returns,price_returns,5,0.34302260444441673,0.28950633415653104,1.0,0,1,0
ret_24,ret_48,price_returns,price_returns,5,0.6860527544547212,0.6435999226610808,1.0,0,1,0
ret_24,ret_6,price_returns,price_returns,5,0.48568790158251485,0.4205382557560432,1.0,0,1,0
ret_24,rsi_14,price_returns,trend,5,0.6095376535936904,0.6455629848096881,1.0,0,0,0
ret_24,signed_body_pct,price_returns,sequence,5,0.19386738580098045,0.14533792609548699,1.0,0,0,0
ret_24,signed_trend_efficiency_6,price_returns,sequence,5,0.3571132855441001,0.3929129695380198,1.0,0,0,0
ret_24,spread,price_returns,sequence,4,0.020625517703649815,0.056073315165964546,0.0,0,0,0
ret_24,spread_pct,price_returns,sequence,4,0.024180328071227553,0.07400918556552707,0.0,0,0,0
ret_24,spread_trend,price_returns,sequence,4,0.018263694889493268,0.02735719509097911,0.0,0,0,0
ret_24,taker_buy_ratio,price_returns,volume_taker_flow,5,0.08113820934085655,0.11626419916091789,1.0,0,0,0
ret_24,time_left_min,price_returns,sequence,0,,,0.0,0,0,0
ret_24,time_phase,price_returns,sequence,0,,,0.0,0,0,0
ret_24,up_ratio_4,price_returns,sequence,5,0.20828545022769868,0.2356284677403986,1.0,0,0,0
ret_24,velocity_x_phase,price_returns,sequence,4,-0.001752995710868319,0.02554242428493661,0.0,0,0,0
ret_24,vol_24,price_returns,volatility,5,-0.04329034731774543,0.11815245018027422,1.0,0,0,0
ret_24,vol_48,price_returns,volatility,5,-0.0798619732445677,0.18348118058910334,1.0,0,0,0
ret_24,vol_6,price_returns,volatility,5,0.0016576293703436996,0.09376568168987678,1.0,0,0,0
ret_24,vol_ratio,price_returns,volatility,5,0.036183090831714636,0.05791040159408242,1.0,0,0,0
ret_24,vol_trend,price_returns,volatility,5,0.01044147107522729,0.01989155065909605,1.0,0,0,0
ret_24,vol_z_1,price_returns,volatility,5,-0.0032568907920560693,0.02450753778902529,1.0,0,0,0
ret_24,vol_z_6,price_returns,volatility,5,0.007727600196568771,0.013083688822517607,1.0,0,0,0
ret_24,volume_5min,price_returns,sequence,0,,,0.0,0,0,0
ret_24,volume_trend,price_returns,sequence,0,,,0.0,0,0,0
ret_3,ret_48,price_returns,price_returns,5,0.22956686954882546,0.18047798690345282,1.0,0,1,0
ret_3,ret_6,price_returns,price_returns,5,0.6987176456657958,0.6494605998999927,1.0,0,1,0
ret_3,rsi_14,price_returns,trend,5,0.4079978492122095,0.4103348054132947,1.0,0,0,0
ret_3,signed_body_pct,price_returns,sequence,5,0.5670043933024402,0.5097696127980765,1.0,0,0,0
ret_3,signed_trend_efficiency_6,price_returns,sequence,5,0.5691891200899128,0.6406142729878213,1.0,0,0,0
ret_3,spread,price_returns,sequence,4,0.015841717572429012,0.03817552559674275,0.0,0,0,0
ret_3,spread_pct,price_returns,sequence,4,0.027694140685822034,0.08629719072001328,0.0,0,0,0
ret_3,spread_trend,price_returns,sequence,4,0.0036087510467330717,0.012499580661722909,0.0,0,0,0
ret_3,taker_buy_ratio,price_returns,volume_taker_flow,5,0.22521013222557337,0.2936590936653234,1.0,0,0,0
ret_3,time_left_min,price_returns,sequence,0,,,0.0,0,0,0
ret_3,time_phase,price_returns,sequence,0,,,0.0,0,0,0
ret_3,up_ratio_4,price_returns,sequence,5,0.5518809514279852,0.6303340743105963,1.0,0,0,0
ret_3,velocity_x_phase,price_returns,sequence,4,-0.008606642737643467,0.03601642311171098,0.0,0,0,0
ret_3,vol_24,price_returns,volatility,5,-0.0344744487944534,0.03126502281010562,1.0,0,0,0
ret_3,vol_48,price_returns,volatility,5,-0.053269927570677514,0.08299033212772504,1.0,0,0,0
ret_3,vol_6,price_returns,volatility,5,-0.07277014336536476,0.028660981628035306,1.0,0,0,0
ret_3,vol_ratio,price_returns,volatility,5,-0.02520323104129097,0.030920559008083843,1.0,0,0,0
ret_3,vol_trend,price_returns,volatility,5,-0.028105290854701103,0.021475797324520866,1.0,0,0,0
ret_3,vol_z_1,price_returns,volatility,5,-0.033650955321925496,0.03478291923158414,1.0,0,0,0
ret_3,vol_z_6,price_returns,volatility,5,-0.013107942308483837,0.01680132253477116,1.0,0,0,0
ret_3,volume_5min,price_returns,sequence,0,,,0.0,0,0,0
ret_3,volume_trend,price_returns,sequence,0,,,0.0,0,0,0
ret_48,ret_6,price_returns,price_returns,5,0.3359543400323599,0.2737803949019945,1.0,0,1,0
ret_48,rsi_14,price_returns,trend,5,0.4011709681846011,0.4245901990871336,1.0,0,0,0
ret_48,signed_body_pct,price_returns,sequence,5,0.13624254988681406,0.09381805280876118,1.0,0,0,0
ret_48,signed_trend_efficiency_6,price_returns,sequence,5,0.23777989418259163,0.26193106570224256,1.0,0,0,0
ret_48,spread,price_returns,sequence,4,-0.0022375330223399843,0.07331588678044573,0.0,0,0,0
ret_48,spread_pct,price_returns,sequence,4,0.010045092171973658,0.061641100850639834,0.0,0,0,0
ret_48,spread_trend,price_returns,sequence,4,0.01179757166878493,0.03999816151944131,0.0,0,0,0
ret_48,taker_buy_ratio,price_returns,volume_taker_flow,5,0.05343701834033397,0.07325483227956747,1.0,0,0,0
ret_48,time_left_min,price_returns,sequence,0,,,0.0,0,0,0
ret_48,time_phase,price_returns,sequence,0,,,0.0,0,0,0
ret_48,up_ratio_4,price_returns,sequence,5,0.12400774014228717,0.1346677771912174,1.0,0,0,0
ret_48,velocity_x_phase,price_returns,sequence,4,-0.0092040400825731,0.030575648462685383,0.0,0,0,0
ret_48,vol_24,price_returns,volatility,5,0.03584340728560268,0.10650547064524084,1.0,0,0,0
ret_48,vol_48,price_returns,volatility,5,-0.06797591482384568,0.24074453303314947,1.0,0,0,0
ret_48,vol_6,price_returns,volatility,5,0.06021620626105062,0.055013319752018404,1.0,0,0,0
ret_48,vol_ratio,price_returns,volatility,5,0.06800816956890465,0.11231379011480877,1.0,0,0,0
ret_48,vol_trend,price_returns,volatility,5,0.027705947530664667,0.04938026231924025,1.0,0,0,0
ret_48,vol_z_1,price_returns,volatility,5,0.010661403663932274,0.017467927391719932,1.0,0,0,0
ret_48,vol_z_6,price_returns,volatility,5,0.013021000369185742,0.020584811931428436,1.0,0,0,0
ret_48,volume_5min,price_returns,sequence,0,,,0.0,0,0,0
ret_48,volume_trend,price_returns,sequence,0,,,0.0,0,0,0
ret_6,rsi_14,price_returns,trend,5,0.5582544154150989,0.5733700215434813,1.0,0,0,0
ret_6,signed_body_pct,price_returns,sequence,5,0.397940878889937,0.3306883420190788,1.0,0,0,0
ret_6,signed_trend_efficiency_6,price_returns,sequence,5,0.8054687011772994,0.9573143765420008,1.0,0,0,0
ret_6,spread,price_returns,sequence,4,0.013309424754129733,0.04529163033947811,0.0,0,0,0
ret_6,spread_pct,price_returns,sequence,4,0.023522530036712896,0.07155022867065919,0.0,0,0,0
ret_6,spread_trend,price_returns,sequence,4,0.003996840734635087,0.02139037191600682,0.0,0,0,0
ret_6,taker_buy_ratio,price_returns,volume_taker_flow,5,0.15585277565563171,0.21756515034170282,1.0,0,0,0
ret_6,time_left_min,price_returns,sequence,0,,,0.0,0,0,0
ret_6,time_phase,price_returns,sequence,0,,,0.0,0,0,0
ret_6,up_ratio_4,price_returns,sequence,5,0.47236460439597955,0.5281119271996589,1.0,0,0,0
ret_6,velocity_x_phase,price_returns,sequence,4,-0.002424158757548845,0.02374808879102359,0.0,0,0,0
ret_6,vol_24,price_returns,volatility,5,-0.041501980438310916,0.043793727212546596,1.0,0,0,0
ret_6,vol_48,price_returns,volatility,5,-0.06610220650911489,0.10355454554086249,1.0,0,0,0
ret_6,vol_6,price_returns,volatility,5,-0.07158783941501712,0.06525105137990522,1.0,0,0,0
ret_6,vol_ratio,price_returns,volatility,5,-0.010299239940399019,0.02547072055769492,1.0,0,0,0
ret_6,vol_trend,price_returns,volatility,5,-0.022495907112951064,0.06618117495588766,1.0,0,0,0
ret_6,vol_z_1,price_returns,volatility,5,-0.013421124745944073,0.05231686858076865,1.0,0,0,0
ret_6,vol_z_6,price_returns,volatility,5,-0.0022657530692823057,0.021140270676487,1.0,0,0,0
ret_6,volume_5min,price_returns,sequence,0,,,0.0,0,0,0
ret_6,volume_trend,price_returns,sequence,0,,,0.0,0,0,0
rsi_14,signed_body_pct,trend,sequence,5,0.23384506868358895,0.21268740263872746,1.0,0,0,0
rsi_14,signed_trend_efficiency_6,trend,sequence,5,0.5855075132653412,0.5742732166016357,1.0,0,0,0
rsi_14,spread,trend,sequence,4,0.03372831114456729,0.048394569204112385,0.0,0,0,0
rsi_14,spread_pct,trend,sequence,4,0.04779837795284628,0.08252359607516052,0.0,0,0,0
rsi_14,spread_trend,trend,sequence,4,0.009254689350462763,0.018337676147516312,0.0,0,0,0
rsi_14,taker_buy_ratio,trend,volume_taker_flow,5,0.1485223082523431,0.1670995838560148,1.0,0,0,0
rsi_14,time_left_min,trend,sequence,0,,,0.0,0,0,0
rsi_14,time_phase,trend,sequence,0,,,0.0,0,0,0
rsi_14,up_ratio_4,trend,sequence,5,0.35839473848110887,0.3499398436606457,1.0,0,0,0
rsi_14,velocity_x_phase,trend,sequence,4,-0.0030590050254058277,0.027194970188179044,0.0,0,0,0
rsi_14,vol_24,trend,volatility,5,-0.016071127515118227,0.059897453918888184,1.0,0,0,0
rsi_14,vol_48,trend,volatility,5,-0.07208113004161659,0.14194428109457788,1.0,0,0,0
rsi_14,vol_6,trend,volatility,5,-0.013989461406823639,0.059087078951492525,1.0,0,0,0
rsi_14,vol_ratio,trend,volatility,5,0.03790374795821454,0.0673282478925787,1.0,0,0,0
rsi_14,vol_trend,trend,volatility,5,-0.004944240237292494,0.03001763405029005,1.0,0,0,0
rsi_14,vol_z_1,trend,volatility,5,-0.02469398649725529,0.034868515826177233,1.0,0,0,0
rsi_14,vol_z_6,trend,volatility,5,-0.0014139519426121382,0.005173884404269893,1.0,0,0,0
rsi_14,volume_5min,trend,sequence,0,,,0.0,0,0,0
rsi_14,volume_trend,trend,sequence,0,,,0.0,0,0,0
signed_body_pct,signed_trend_efficiency_6,sequence,sequence,5,0.33859166844916466,0.34337066313089387,1.0,0,1,0
signed_body_pct,spread,sequence,sequence,4,0.0036320260314590493,0.019340777916832502,0.0,0,1,0
signed_body_pct,spread_pct,sequence,sequence,4,0.008315878460501674,0.06227882230932315,0.0,0,1,0
signed_body_pct,spread_trend,sequence,sequence,4,0.003707031851432832,0.006584003901319298,0.0,0,1,0
signed_body_pct,taker_buy_ratio,sequence,volume_taker_flow,5,0.3375590863856227,0.4126289561724166,1.0,0,0,0
signed_body_pct,time_left_min,sequence,sequence,0,,,0.0,0,1,0
signed_body_pct,time_phase,sequence,sequence,0,,,0.0,0,1,0
signed_body_pct,up_ratio_4,sequence,sequence,5,0.341631156375112,0.4242331357160041,1.0,0,1,0
signed_body_pct,velocity_x_phase,sequence,sequence,4,-0.0015676415312828396,0.022370977709416647,0.0,0,1,0
signed_body_pct,vol_24,sequence,volatility,5,-0.00749179450424253,0.014358609091677155,1.0,0,0,0
signed_body_pct,vol_48,sequence,volatility,5,-0.02678538216057056,0.03646515693960758,1.0,0,0,0
signed_body_pct,vol_6,sequence,volatility,5,-0.013695231390743454,0.014158085298839374,1.0,0,0,0
signed_body_pct,vol_ratio,sequence,volatility,5,0.004611048547844857,0.024021778621774702,1.0,0,0,0
signed_body_pct,vol_trend,sequence,volatility,5,-0.003100181623654439,0.007401051911537083,1.0,0,0,0
signed_body_pct,vol_z_1,sequence,volatility,5,-0.01231472397801197,0.025663817450124502,1.0,0,0,0
signed_body_pct,vol_z_6,sequence,volatility,5,-0.005053906339717246,0.010307799455094389,1.0,0,0,0
signed_body_pct,volume_5min,sequence,sequence,0,,,0.0,0,1,0
signed_body_pct,volume_trend,sequence,sequence,0,,,0.0,0,1,0
signed_trend_efficiency_6,spread,sequence,sequence,4,0.020281915943805486,0.04184468595496448,0.0,0,1,0
signed_trend_efficiency_6,spread_pct,sequence,sequence,4,0.04181145427253457,0.07837737034663013,0.0,0,1,0
signed_trend_efficiency_6,spread_trend,sequence,sequence,4,0.007091103961147108,0.018854564514905088,0.0,0,1,0
signed_trend_efficiency_6,taker_buy_ratio,sequence,volume_taker_flow,5,0.2156391962082596,0.23756574344777034,1.0,0,0,0
signed_trend_efficiency_6,time_left_min,sequence,sequence,0,,,0.0,0,1,0
signed_trend_efficiency_6,time_phase,sequence,sequence,0,,,0.0,0,1,0
signed_trend_efficiency_6,up_ratio_4,sequence,sequence,5,0.58142474410256,0.566793298772487,1.0,0,1,0
signed_trend_efficiency_6,velocity_x_phase,sequence,sequence,4,-0.003036834515501666,0.022947945333321607,0.0,0,1,0
signed_trend_efficiency_6,vol_24,sequence,volatility,5,0.0010368615800433092,0.028514364976089474,1.0,0,0,0
signed_trend_efficiency_6,vol_48,sequence,volatility,5,-0.05114093653292353,0.10178941052654135,1.0,0,0,0
signed_trend_efficiency_6,vol_6,sequence,volatility,5,-0.020605409027166635,0.058912720675926226,1.0,0,0,0
signed_trend_efficiency_6,vol_ratio,sequence,volatility,5,0.014193880641600926,0.028595817386484926,1.0,0,0,0
signed_trend_efficiency_6,vol_trend,sequence,volatility,5,-0.022256311074850224,0.07100798993780114,1.0,0,0,0
signed_trend_efficiency_6,vol_z_1,sequence,volatility,5,-0.028093059533695636,0.050591736474076214,1.0,0,0,0
signed_trend_efficiency_6,vol_z_6,sequence,volatility,5,-0.020690311971243387,0.025333823012914453,1.0,0,0,0
signed_trend_efficiency_6,volume_5min,sequence,sequence,0,,,0.0,0,1,0
signed_trend_efficiency_6,volume_trend,sequence,sequence,0,,,0.0,0,1,0
spread,spread_pct,sequence,sequence,4,0.39368802349608656,0.6100705515006408,1.0,0,1,0
spread,spread_trend,sequence,sequence,4,0.5099129470155497,0.6887295683596576,0.9969523784820264,0,1,0
spread,taker_buy_ratio,sequence,volume_taker_flow,4,0.009938493495108013,0.01820192792254631,0.0,0,0,0
spread,time_left_min,sequence,sequence,0,,,1.0,0,1,0
spread,time_phase,sequence,sequence,0,,,1.0,0,1,0
spread,up_ratio_4,sequence,sequence,4,0.026278492788843533,0.05511539190062813,0.0,0,1,0
spread,velocity_x_phase,sequence,sequence,4,-0.0013230139979465913,0.002682128357521702,1.0,0,1,0
spread,vol_24,sequence,volatility,4,0.02631997745924874,0.15604496727662073,0.0,0,0,0
spread,vol_48,sequence,volatility,4,0.03326808961045502,0.15158382720589728,0.0,0,0,0
spread,vol_6,sequence,volatility,4,0.019709180806672964,0.1568315081367604,0.0,0,0,0
spread,vol_ratio,sequence,volatility,4,-0.015325333832730739,0.029869920117625987,0.0,0,0,0
spread,vol_trend,sequence,volatility,4,-0.01604204130611049,0.02463521922249983,0.0,0,0,0
spread,vol_z_1,sequence,volatility,4,0.004480663224768658,0.018316516212402777,0.0,0,0,0
spread,vol_z_6,sequence,volatility,4,0.0006821357493590292,0.00742539690033814,0.0,0,0,0
spread,volume_5min,sequence,sequence,0,,,1.0,0,1,0
spread,volume_trend,sequence,sequence,0,,,0.9984673965905507,0,1,0
spread_pct,spread_trend,sequence,sequence,4,0.18448457356513337,0.3911735976966464,0.9969523784820264,0,1,0
spread_pct,taker_buy_ratio,sequence,volume_taker_flow,4,0.0158162201294481,0.05829717426040769,0.0,0,0,0
spread_pct,time_left_min,sequence,sequence,0,,,1.0,0,1,0
spread_pct,time_phase,sequence,sequence,0,,,1.0,0,1,0
spread_pct,up_ratio_4,sequence,sequence,4,0.03091268565582097,0.07636835197696389,0.0,0,1,0
spread_pct,velocity_x_phase,sequence,sequence,4,-0.1057165757259508,0.35302904847565464,1.0,0,1,0
spread_pct,vol_24,sequence,volatility,4,0.010921451194435649,0.07703540520378727,0.0,0,0,0
spread_pct,vol_48,sequence,volatility,4,0.017761328708775816,0.07800958066276938,0.0,0,0,0
spread_pct,vol_6,sequence,volatility,4,0.004274094672589072,0.08525220293201788,0.0,0,0,0
spread_pct,vol_ratio,sequence,volatility,4,-0.015223078360697471,0.008629367822961313,0.0,0,0,0
spread_pct,vol_trend,sequence,volatility,4,-0.013813295553107965,0.005590140997965692,0.0,0,0,0
spread_pct,vol_z_1,sequence,volatility,4,-0.003114433264049593,0.01787003438331137,0.0,0,0,0
spread_pct,vol_z_6,sequence,volatility,4,0.002261665470510454,0.016670292955153636,0.0,0,0,0
spread_pct,volume_5min,sequence,sequence,0,,,1.0,0,1,0
spread_pct,volume_trend,sequence,sequence,0,,,0.9984673965905507,0,1,0
spread_trend,taker_buy_ratio,sequence,volume_taker_flow,4,0.005882709077344858,0.004435510898837301,0.0,0,0,0
spread_trend,time_left_min,sequence,sequence,0,,,0.9969523784820264,0,1,0
spread_trend,time_phase,sequence,sequence,0,,,0.9969523784820264,0,1,0
spread_trend,up_ratio_4,sequence,sequence,4,0.02559560936344133,0.02594249866576562,0.0,0,1,0
spread_trend,velocity_x_phase,sequence,sequence,4,-0.005204640887079119,0.012358554333913198,0.9969523784820264,0,1,0
spread_trend,vol_24,sequence,volatility,4,0.05918077616761239,0.07019897548061016,0.0,0,0,0
spread_trend,vol_48,sequence,volatility,4,0.06514514375216704,0.06932430709654466,0.0,0,0,0
spread_trend,vol_6,sequence,volatility,4,0.05142137455761993,0.0695828427666972,0.0,0,0,0
spread_trend,vol_ratio,sequence,volatility,4,-0.005029464704832105,0.0187172608397657,0.0,0,0,0
spread_trend,vol_trend,sequence,volatility,4,-0.004083985125991676,0.01650488233829605,0.0,0,0,0
spread_trend,vol_z_1,sequence,volatility,4,0.003773811493897589,0.01914644247269426,0.0,0,0,0
spread_trend,vol_z_6,sequence,volatility,4,0.004930370154941048,0.008833621756308615,0.0,0,0,0
spread_trend,volume_5min,sequence,sequence,0,,,0.9969523784820264,0,1,0
spread_trend,volume_trend,sequence,sequence,0,,,0.9984824668104415,0,1,0
taker_buy_ratio,time_left_min,volume_taker_flow,sequence,0,,,0.0,0,0,0
taker_buy_ratio,time_phase,volume_taker_flow,sequence,0,,,0.0,0,0,0
taker_buy_ratio,up_ratio_4,volume_taker_flow,sequence,5,0.21932439165448586,0.2230654725224611,1.0,0,0,0
taker_buy_ratio,velocity_x_phase,volume_taker_flow,sequence,4,-0.0046423984252987535,0.018377778347820135,0.0,0,0,0
taker_buy_ratio,vol_24,volume_taker_flow,volatility,5,0.006850081904623155,0.026406256508980274,1.0,0,0,0
taker_buy_ratio,vol_48,volume_taker_flow,volatility,5,-0.017650441295156943,0.04512299196715524,1.0,0,0,0
taker_buy_ratio,vol_6,volume_taker_flow,volatility,5,0.012577103238869226,0.03723793138018902,1.0,0,0,0
taker_buy_ratio,vol_ratio,volume_taker_flow,volatility,5,0.027142877011714417,0.03208224069102435,1.0,0,0,0
taker_buy_ratio,vol_trend,volume_taker_flow,volatility,5,0.016361228341607723,0.01375044141723835,1.0,0,0,0
taker_buy_ratio,vol_z_1,volume_taker_flow,volatility,5,0.0024654889227175513,0.027180923135411907,1.0,0,0,0
taker_buy_ratio,vol_z_6,volume_taker_flow,volatility,5,0.008388706890181095,0.011641943716432021,1.0,0,0,0
taker_buy_ratio,volume_5min,volume_taker_flow,sequence,0,,,0.0,0,0,0
taker_buy_ratio,volume_trend,volume_taker_flow,sequence,0,,,0.0,0,0,0
time_left_min,time_phase,sequence,sequence,0,,,1.0,0,1,0
time_left_min,up_ratio_4,sequence,sequence,0,,,0.0,0,1,0
time_left_min,velocity_x_phase,sequence,sequence,0,,,1.0,0,1,0
time_left_min,vol_24,sequence,volatility,0,,,0.0,0,0,0
time_left_min,vol_48,sequence,volatility,0,,,0.0,0,0,0
time_left_min,vol_6,sequence,volatility,0,,,0.0,0,0,0
time_left_min,vol_ratio,sequence,volatility,0,,,0.0,0,0,0
time_left_min,vol_trend,sequence,volatility,0,,,0.0,0,0,0
time_left_min,vol_z_1,sequence,volatility,0,,,0.0,0,0,0
time_left_min,vol_z_6,sequence,volatility,0,,,0.0,0,0,0
time_left_min,volume_5min,sequence,sequence,0,,,1.0,0,1,0
time_left_min,volume_trend,sequence,sequence,0,,,0.9984673965905507,0,1,0
time_phase,up_ratio_4,sequence,sequence,0,,,0.0,0,1,0
time_phase,velocity_x_phase,sequence,sequence,0,,,1.0,0,1,0
time_phase,vol_24,sequence,volatility,0,,,0.0,0,0,0
time_phase,vol_48,sequence,volatility,0,,,0.0,0,0,0
time_phase,vol_6,sequence,volatility,0,,,0.0,0,0,0
time_phase,vol_ratio,sequence,volatility,0,,,0.0,0,0,0
time_phase,vol_trend,sequence,volatility,0,,,0.0,0,0,0
time_phase,vol_z_1,sequence,volatility,0,,,0.0,0,0,0
time_phase,vol_z_6,sequence,volatility,0,,,0.0,0,0,0
time_phase,volume_5min,sequence,sequence,0,,,1.0,0,1,0
time_phase,volume_trend,sequence,sequence,0,,,0.9984673965905507,0,1,0
up_ratio_4,velocity_x_phase,sequence,sequence,4,-0.005477610978705912,0.018354048248566686,0.0,0,1,0
up_ratio_4,vol_24,sequence,volatility,5,0.1083460603574385,0.14659627944577305,1.0,0,0,0
up_ratio_4,vol_48,sequence,volatility,5,0.07147774616152106,0.10300210573994437,1.0,0,0,0
up_ratio_4,vol_6,sequence,volatility,5,0.11475362009471372,0.172702007496242,1.0,0,0,0
up_ratio_4,vol_ratio,sequence,volatility,5,0.08897498674198671,0.11432635342604944,1.0,0,0,0
up_ratio_4,vol_trend,sequence,volatility,5,0.06280874627819567,0.07282499052799478,1.0,0,0,0
up_ratio_4,vol_z_1,sequence,volatility,5,0.005492066120898827,0.015837290629306743,1.0,0,0,0
up_ratio_4,vol_z_6,sequence,volatility,5,-0.0004765145307320891,0.011023817447261127,1.0,0,0,0
up_ratio_4,volume_5min,sequence,sequence,0,,,0.0,0,1,0
up_ratio_4,volume_trend,sequence,sequence,0,,,0.0,0,1,0
velocity_x_phase,vol_24,sequence,volatility,4,0.00369291616526296,0.013152970292910642,0.0,0,0,0
velocity_x_phase,vol_48,sequence,volatility,4,0.0010814264165142345,0.008429735137548794,0.0,0,0,0
velocity_x_phase,vol_6,sequence,volatility,4,0.007974331857143758,0.012232221141787838,0.0,0,0,0
velocity_x_phase,vol_ratio,sequence,volatility,4,0.00971481511337704,0.009115401745157835,0.0,0,0,0
velocity_x_phase,vol_trend,sequence,volatility,4,0.008093180856272003,0.010114714452071826,0.0,0,0,0
velocity_x_phase,vol_z_1,sequence,volatility,4,0.013953232688595265,0.021214315366086523,0.0,0,0,0
velocity_x_phase,vol_z_6,sequence,volatility,4,0.007181838810429725,0.015437400530013336,0.0,0,0,0
velocity_x_phase,volume_5min,sequence,sequence,0,,,1.0,0,1,0
velocity_x_phase,volume_trend,sequence,sequence,0,,,0.9984673965905507,0,1,0
vol_24,vol_48,volatility,volatility,5,0.8348319224106614,0.8487278410678577,1.0,0,1,0
vol_24,vol_6,volatility,volatility,5,0.6677134228568807,0.7077529659688561,1.0,0,1,0
vol_24,vol_ratio,volatility,volatility,5,0.11841871694310173,0.10197009196069601,1.0,0,1,0
vol_24,vol_trend,volatility,volatility,5,-0.0922437829525514,0.1460895285427107,1.0,0,1,0
vol_24,vol_z_1,volatility,volatility,5,-0.05352382671484287,0.06540150962765275,1.0,0,1,0
vol_24,vol_z_6,volatility,volatility,5,-0.061894188546459915,0.07046105820481592,1.0,0,1,0
vol_24,volume_5min,volatility,sequence,0,,,0.0,0,0,0
vol_24,volume_trend,volatility,sequence,0,,,0.0,0,0,0
vol_48,vol_6,volatility,volatility,5,0.5510183597276145,0.6057567077700833,1.0,0,1,0
vol_48,vol_ratio,volatility,volatility,5,-0.10084186908292003,0.16833757450084297,1.0,0,1,0
vol_48,vol_trend,volatility,volatility,5,-0.09798987343233537,0.13268123691764977,1.0,0,1,0
vol_48,vol_z_1,volatility,volatility,5,-0.04853756245587186,0.07566028845683427,1.0,0,1,0
vol_48,vol_z_6,volatility,volatility,5,-0.038529601187980704,0.05007862102880323,1.0,0,1,0
vol_48,volume_5min,volatility,sequence,0,,,0.0,0,0,0
vol_48,volume_trend,volatility,sequence,0,,,0.0,0,0,0
vol_6,vol_ratio,volatility,volatility,5,0.6698489434193688,0.7192542025494518,1.0,0,1,0
vol_6,vol_trend,volatility,volatility,5,0.5648363911509644,0.6287876587427537,1.0,0,1,0
vol_6,vol_z_1,volatility,volatility,5,0.17890163068690973,0.1831288733609414,1.0,0,1,0
vol_6,vol_z_6,volatility,volatility,5,-0.02403648224913007,0.03586857565837138,1.0,0,1,0
vol_6,volume_5min,volatility,sequence,0,,,0.0,0,0,0
vol_6,volume_trend,volatility,sequence,0,,,0.0,0,0,0
vol_ratio,vol_trend,volatility,volatility,5,0.8732850189199837,0.8666277446186725,1.0,0,1,0
vol_ratio,vol_z_1,volatility,volatility,5,0.287551198483362,0.28033705359793487,1.0,0,1,0
vol_ratio,vol_z_6,volatility,volatility,5,0.003052593855275514,0.004771681352411424,1.0,0,1,0
vol_ratio,volume_5min,volatility,sequence,0,,,0.0,0,0,0
vol_ratio,volume_trend,volatility,sequence,0,,,0.0,0,0,0
vol_trend,vol_z_1,volatility,volatility,5,0.3236488837871933,0.32069577346767314,1.0,0,1,0
vol_trend,vol_z_6,volatility,volatility,5,0.027071164418379506,0.03255937603742825,1.0,0,1,0
vol_trend,volume_5min,volatility,sequence,0,,,0.0,0,0,0
vol_trend,volume_trend,volatility,sequence,0,,,0.0,0,0,0
vol_z_1,vol_z_6,volatility,volatility,5,0.7319630413703652,0.7432138086871561,1.0,0,1,0
vol_z_1,volume_5min,volatility,sequence,0,,,0.0,0,0,0
vol_z_1,volume_trend,volatility,sequence,0,,,0.0,0,0,0
vol_z_6,volume_5min,volatility,sequence,0,,,0.0,0,0,0
vol_z_6,volume_trend,volatility,sequence,0,,,0.0,0,0,0
volume_5min,volume_trend,sequence,sequence,0,,,0.9984673965905507,0,1,0
