id,asset,version,model_type,is_active,trained_at,activated_at,interval,model_regime,n_features_schema,n_features_blob,schema_check,threshold_up,threshold_down,quality_gate_passed,target_class,target_proof,native_horizon,blob_sha256,blob_bytes,blob_deserializes,blob_type,zeros_predict_ok,nan_predict_ok,train_samples,accuracy,dataset_fingerprint,features
1,BTC,1,logreg,False,2026-06-26 03:58:59.348595+00,,15m,,0,5,NO_SCHEMA,,,,UNKNOWN_TARGET,empty_schema_no_manifest,none,dd27e8871c81c3c5aa5980890bc347daac81c46957f29ca2b98c6437a7d2e902,910,True,sklearn.linear_model._logistic.LogisticRegression,True,0,,0.532448377581121,,
2,ETH,1,logreg,False,2026-06-26 03:59:00.141431+00,,15m,,0,5,NO_SCHEMA,,,,UNKNOWN_TARGET,empty_schema_no_manifest,none,3bc19a9a5e1c3d71ea5a91a6cca01c5830283b5d7f00c1134e3ca19c6202cad3,910,True,sklearn.linear_model._logistic.LogisticRegression,True,0,,0.5496051332675223,,
3,BTC,2,logreg,False,2026-06-26 04:04:54.69711+00,,15m,,0,5,NO_SCHEMA,,,,UNKNOWN_TARGET,empty_schema_no_manifest,none,76eba6e2ec422a0635be61336958f3ff91f62e3db1d398c75ee5c5c131621e7e,910,True,sklearn.linear_model._logistic.LogisticRegression,True,0,,0.5206394655213553,,
4,ETH,2,logreg,False,2026-06-26 04:04:55.462431+00,,15m,,0,5,NO_SCHEMA,,,,UNKNOWN_TARGET,empty_schema_no_manifest,none,3bc19a9a5e1c3d71ea5a91a6cca01c5830283b5d7f00c1134e3ca19c6202cad3,910,True,sklearn.linear_model._logistic.LogisticRegression,True,0,,0.5496051332675223,,
5,BTC,3,logreg,False,2026-06-26 04:15:24.36223+00,,15m,,0,5,NO_SCHEMA,,,,UNKNOWN_TARGET,empty_schema_no_manifest,none,76eba6e2ec422a0635be61336958f3ff91f62e3db1d398c75ee5c5c131621e7e,910,True,sklearn.linear_model._logistic.LogisticRegression,True,0,,0.5206394655213553,,
6,ETH,3,logreg,False,2026-06-26 04:15:25.117364+00,,15m,,0,5,NO_SCHEMA,,,,UNKNOWN_TARGET,empty_schema_no_manifest,none,e1e7d967936192bdf294ff24bc46d7562dd8353f0a275c1a471243b79e46f43f,910,True,sklearn.linear_model._logistic.LogisticRegression,True,0,,0.5521032504780115,,
7,BTC,4,logreg,False,2026-06-26 06:24:10.676682+00,,15m,,0,5,NO_SCHEMA,,,,UNKNOWN_TARGET,empty_schema_no_manifest,none,1e813ef10ed770f25713480e9464ca271ef63e201aa941f4cc0a874cd5d0d272,910,True,sklearn.linear_model._logistic.LogisticRegression,True,0,,0.5583145221971407,,
8,ETH,4,logreg,False,2026-06-26 06:24:11.859042+00,,15m,,0,5,NO_SCHEMA,,,,UNKNOWN_TARGET,empty_schema_no_manifest,none,bc7dba4426042bd8218e1e27ff9859638b1d1596a1d6696bfdfadbf4c8ca70db,910,True,sklearn.linear_model._logistic.LogisticRegression,True,0,,0.5848273259105492,,
9,BTC,5,logreg,False,2026-06-26 06:35:06.344746+00,,15m,,0,4,NO_SCHEMA,,,,UNKNOWN_TARGET,empty_schema_no_manifest,none,7b43138705b825857ebb9651a26978169ff112507d2723d4582fb3b8737f4926,888,True,sklearn.linear_model._logistic.LogisticRegression,True,0,,0.5018811136192626,,
10,ETH,5,logreg,False,2026-06-26 06:35:07.376751+00,,15m,,0,4,NO_SCHEMA,,,,UNKNOWN_TARGET,empty_schema_no_manifest,none,0a9dfb58c867f1522b5421fae32aa17e0cbac875a490808c0e285a598bab2cca,888,True,sklearn.linear_model._logistic.LogisticRegression,True,0,,0.5351953198716739,,
11,BTC,6,logreg,False,2026-06-26 07:59:30.422039+00,,15m,,0,4,NO_SCHEMA,,,,UNKNOWN_TARGET,empty_schema_no_manifest,none,81884c6ad14842097dbd7f740addec3c1ce9befc185d8d8ac9572f62b036a365,888,True,sklearn.linear_model._logistic.LogisticRegression,True,0,,0.5396694214876033,,
12,ETH,6,logreg,False,2026-06-26 07:59:31.540132+00,,15m,,0,4,NO_SCHEMA,,,,UNKNOWN_TARGET,empty_schema_no_manifest,none,f1fd801b13918864d3c4de5309760c4d0bf16700aee4d74eb56e630527a82bd1,888,True,sklearn.linear_model._logistic.LogisticRegression,True,0,,0.5091872206588314,,
13,BTC,7,logreg,False,2026-06-26 09:43:45.779193+00,,15m,,0,1,NO_SCHEMA,,,,UNKNOWN_TARGET,empty_schema_no_manifest,none,0d075b8e2dc5f506d3fee2735e154360ca0437d92b27f3247b3b0196c964c370,825,True,sklearn.linear_model._logistic.LogisticRegression,True,0,,0.5040462427745664,,
14,ETH,7,logreg,False,2026-06-26 09:43:47.319546+00,,15m,,0,1,NO_SCHEMA,,,,UNKNOWN_TARGET,empty_schema_no_manifest,none,a796feb701442683496555632c0507ae1da1a2619e47f3c13a7f2c760c199bf8,825,True,sklearn.linear_model._logistic.LogisticRegression,True,0,,0.5354969574036511,,
15,BTC,8,logreg,False,2026-06-26 10:02:42.069389+00,,15m,,0,5,NO_SCHEMA,,,,UNKNOWN_TARGET,empty_schema_no_manifest,none,8f1ca035ff8e2ee0b18d3c8a37749cb1774ea8af274d18e117c80b20e1ca4303,910,True,sklearn.linear_model._logistic.LogisticRegression,True,0,,0.5266893810335037,,
16,ETH,8,logreg,False,2026-06-26 10:02:43.43567+00,,15m,,0,5,NO_SCHEMA,,,,UNKNOWN_TARGET,empty_schema_no_manifest,none,9cb0ea987628f50a6ae85cbb43f7a561a6ea317bac457bf0cf71f585b2b25eeb,910,True,sklearn.linear_model._logistic.LogisticRegression,True,0,,0.5411329348135496,,
17,BTC,9,logreg,False,2026-06-26 13:59:56.959764+00,,15m,,4,4,MATCH,,,,UNKNOWN_TARGET,no_manifest_no_era_proof,none,6d562cfc975da0912b8d27fb0044f7e01d0ed17187559254da13b42a51e3d55f,893,True,sklearn.linear_model._logistic.LogisticRegression,True,0,,0.5257947661190381,,"time_left_min,mid_price,price_velocity,hour_of_day"
18,ETH,9,logreg,False,2026-06-26 13:59:59.379334+00,,15m,,4,4,MATCH,,,,UNKNOWN_TARGET,no_manifest_no_era_proof,none,5f42cc2cdf09f804eed9302ac62141fc3c4b9766d779aeac42b7cc29e8bc6a58,893,True,sklearn.linear_model._logistic.LogisticRegression,True,0,,0.5438826806025724,,"time_left_min,mid_price,price_velocity,hour_of_day"
19,BTC,10,logreg,False,2026-06-26 16:57:24.907358+00,,15m,,4,4,MATCH,,,,UNKNOWN_TARGET,no_manifest_no_era_proof,none,4c28fa2b447a737f75e6b31aeeaae800a1889c9ba47ac7242e4c666b8a73f8ef,893,True,sklearn.linear_model._logistic.LogisticRegression,True,0,,0.5275603755476916,,"time_left_min,mid_price,price_velocity,hour_of_day"
20,ETH,10,logreg,False,2026-06-26 16:57:27.978738+00,,15m,,4,4,MATCH,,,,UNKNOWN_TARGET,no_manifest_no_era_proof,none,550088edbd5d22a96e7ff3ac5e2b5b1bf5f5848ccb60a41d387cf662702641f2,893,True,sklearn.linear_model._logistic.LogisticRegression,True,0,,0.54405879619859,,"time_left_min,mid_price,price_velocity,hour_of_day"
21,SOL,1,logreg,False,2026-06-26 16:57:28.251729+00,,15m,,4,4,MATCH,,,,UNKNOWN_TARGET,no_manifest_no_era_proof,none,547d3873c1ce748d2a9a23b199a99afeecac07992c1f500ae9f6f866197c9d3e,893,True,sklearn.linear_model._logistic.LogisticRegression,True,0,,0.8395833333333333,,"time_left_min,mid_price,price_velocity,hour_of_day"
22,XRP,1,logreg,False,2026-06-26 16:57:28.398814+00,,15m,,4,4,MATCH,,,,UNKNOWN_TARGET,no_manifest_no_era_proof,none,318856e563c1ae7716cd683fadcbad26dc1bc2629898df8b538b99e2213b2708,893,True,sklearn.linear_model._logistic.LogisticRegression,True,0,,0.6840909090909091,,"time_left_min,mid_price,price_velocity,hour_of_day"
23,DOGE,1,logreg,False,2026-06-26 16:57:28.541353+00,,15m,,4,4,MATCH,,,,UNKNOWN_TARGET,no_manifest_no_era_proof,none,370821bbab5118752903725a1d98f0a6304401a38ff0b2758d9d947d870e7dd4,893,True,sklearn.linear_model._logistic.LogisticRegression,True,0,,0.6039772727272728,,"time_left_min,mid_price,price_velocity,hour_of_day"
24,BTC,11,logreg,False,2026-06-27 04:11:15.32922+00,,15m,,5,5,MATCH,,,,UNKNOWN_TARGET,no_manifest_no_era_proof,none,7e3fa23c38aa389f941fb53da04d3ec31268f816b1b9fa513f1e9ef3bff2e5e6,910,True,sklearn.linear_model._logistic.LogisticRegression,True,0,,0.5279444404403726,,"time_left_min,mid_price,spread,price_velocity,hour_of_day"
25,ETH,11,logreg,False,2026-06-27 04:11:15.438103+00,,15m,,5,5,MATCH,,,,UNKNOWN_TARGET,no_manifest_no_era_proof,none,9507f86bdf4dd7565e44b497e3aa63b6654c60b1ac37897d3304822d7e58658d,910,True,sklearn.linear_model._logistic.LogisticRegression,True,0,,0.5484497330414932,,"time_left_min,mid_price,spread,price_velocity,hour_of_day"
26,SOL,2,logreg,False,2026-06-27 04:22:30.841674+00,,15m,,5,5,MATCH,,,,UNKNOWN_TARGET,no_manifest_no_era_proof,none,cd7f82b2b9689ef9eccd5cdde552f75876134c5c5adbc321d3453b8d8c6429f7,910,True,sklearn.linear_model._logistic.LogisticRegression,True,0,,0.6032511210762332,,"time_left_min,mid_price,spread,price_velocity,hour_of_day"
27,XRP,2,logreg,False,2026-06-27 04:22:39.510382+00,,15m,,5,5,MATCH,,,,UNKNOWN_TARGET,no_manifest_no_era_proof,none,c99ea3b24e4cbb325117a544f39ae10eaf5d41ff3496ffb42b6efc9c3f68e6ed,910,True,sklearn.linear_model._logistic.LogisticRegression,True,0,,0.554958575402418,,"time_left_min,mid_price,spread,price_velocity,hour_of_day"
28,DOGE,2,logreg,False,2026-06-27 04:22:45.718418+00,,15m,,5,5,MATCH,,,,UNKNOWN_TARGET,no_manifest_no_era_proof,none,dbb3b99c6a0e61abb42ed2438fb37e10b192b9e1ad0cfe43113f2d239e5d6d4b,910,True,sklearn.linear_model._logistic.LogisticRegression,True,0,,0.8597744426497567,,"time_left_min,mid_price,spread,price_velocity,hour_of_day"
29,SOL,3,logreg,False,2026-06-27 12:46:29.776452+00,,15m,,5,5,MATCH,,,,UNKNOWN_TARGET,no_manifest_no_era_proof,none,216d25997ba51a7c881a5c9f83a01b72488c4ee606fec9507cb63441657fe8c5,1399,True,sklearn.pipeline.Pipeline,True,0,,0.6191195186626098,,"time_left_min,mid_price,spread,price_velocity,hour_of_day"
30,XRP,3,logreg,False,2026-06-27 12:46:41.26931+00,,15m,,5,5,MATCH,,,,UNKNOWN_TARGET,no_manifest_no_era_proof,none,893587b32ba4205f1fce3f8056963d5285c02d29583c2d4cde22b91344e0b16f,1399,True,sklearn.pipeline.Pipeline,True,0,,0.6213315923984677,,"time_left_min,mid_price,spread,price_velocity,hour_of_day"
31,DOGE,3,logreg,False,2026-06-27 13:54:31.565218+00,,15m,,5,5,MATCH,,,,UNKNOWN_TARGET,no_manifest_no_era_proof,none,ca3c5bb61f537e575512eff1ac992f4e626436bb4724ad4cde0de7260d42367f,1400,True,sklearn.pipeline.Pipeline,True,0,,0.6728990459934867,,"time_left_min,mid_price,spread,price_velocity,hour_of_day"
32,XRP,4,logreg,False,2026-06-27 13:54:50.630218+00,,15m,,5,5,MATCH,,,,UNKNOWN_TARGET,no_manifest_no_era_proof,none,72d13fc0a8ae442fd7212d38138262007c120920e4978dfa2733bbd8ecbffe9f,1400,True,sklearn.pipeline.Pipeline,True,0,,0.6190109932591787,,"time_left_min,mid_price,spread,price_velocity,hour_of_day"
33,SOL,4,logreg,False,2026-06-27 13:55:10.218458+00,,15m,,5,5,MATCH,,,,UNKNOWN_TARGET,no_manifest_no_era_proof,none,9b6067578495d269c722e205bb414dacc7c02f240d81c595daea0f02b6ab2c14,1400,True,sklearn.pipeline.Pipeline,True,0,,0.5871813432089121,,"time_left_min,mid_price,spread,price_velocity,hour_of_day"
34,DOGE,4,logreg,False,2026-06-28 03:15:35.033004+00,,15m,,5,5,MATCH,,,,UNKNOWN_TARGET,no_manifest_no_era_proof,none,0c764a43dd7e8f3008c94b5ba31e7c6082494a7e7e7f069aeedf7b89df5c5c5f,1400,True,sklearn.pipeline.Pipeline,True,0,,0.6053591501137612,,"time_left_min,mid_price,spread,price_velocity,hour_of_day"
35,XRP,5,logreg,False,2026-06-28 03:16:17.323412+00,,15m,,5,5,MATCH,,,,UNKNOWN_TARGET,no_manifest_no_era_proof,none,56a47726b25f204de3ce6b3e2459f533f5c9dadc1cbcad23708e1f1c8418dfac,1400,True,sklearn.pipeline.Pipeline,True,0,,0.5021508217360007,,"time_left_min,mid_price,spread,price_velocity,hour_of_day"
36,ETH,12,logreg,False,2026-06-28 03:17:33.431851+00,,15m,,5,5,MATCH,,,,UNKNOWN_TARGET,no_manifest_no_era_proof,none,5944fe4d6fa4588224fccdc1aee3972a708c3b22525fcdfc658bf88731aa8a6a,1400,True,sklearn.pipeline.Pipeline,True,0,,0.40957860120511347,,"time_left_min,mid_price,spread,price_velocity,hour_of_day"
37,BTC,12,logreg,False,2026-06-28 03:17:33.456379+00,,15m,,5,5,MATCH,,,,UNKNOWN_TARGET,no_manifest_no_era_proof,none,ccac55df77e89af2b9c2c90bec0cfebfb6229eecb8951951846b19cb874a9938,1400,True,sklearn.pipeline.Pipeline,True,0,,0.48371110512710763,,"time_left_min,mid_price,spread,price_velocity,hour_of_day"
38,BTC,13,logreg,False,2026-06-28 04:28:57.192646+00,,15m,,5,5,MATCH,,,,UNKNOWN_TARGET,no_manifest_no_era_proof,none,06e050b9cf659fd5e71d20e3952c0f940864ae1c16ee6a4460bbd76a21d8b78e,1400,True,sklearn.pipeline.Pipeline,True,0,,0.43091349906923676,,"time_left_min,mid_price,spread,price_velocity,hour_of_day"
39,ETH,13,logreg,False,2026-06-28 04:28:57.593496+00,,15m,,5,5,MATCH,,,,UNKNOWN_TARGET,no_manifest_no_era_proof,none,36ea6891a8c438913d513607787e44beaaf37fef43f9bf6e29f4946d71a78823,1400,True,sklearn.pipeline.Pipeline,True,0,,0.45450400498586657,,"time_left_min,mid_price,spread,price_velocity,hour_of_day"
40,BTC,14,logreg,False,2026-06-28 18:01:43.923482+00,,15m,,10,10,MATCH,,,,UNKNOWN_TARGET,no_manifest_no_era_proof,none,4f600792b0863d0d025a2c56f8306a303f1717d067b4f7a4e178dbc64246c839,1647,True,sklearn.pipeline.Pipeline,True,0,,0.8314494955471032,,"time_left_min,mid_price,spread,price_velocity,hour_of_day,price_deviation,deviation_x_time,price_deviation_sq,spread_pct,log_time_left"
41,ETH,14,logreg,False,2026-06-28 18:01:44.334454+00,,15m,,10,10,MATCH,,,,UNKNOWN_TARGET,no_manifest_no_era_proof,none,626e42422db6509d963089c5a77e63cfc899d4c75ad54c6b1d8414479d0fe69a,1647,True,sklearn.pipeline.Pipeline,True,0,,0.838718297245383,,"time_left_min,mid_price,spread,price_velocity,hour_of_day,price_deviation,deviation_x_time,price_deviation_sq,spread_pct,log_time_left"
42,SOL,5,logreg,False,2026-06-28 18:02:02.677247+00,,15m,,10,10,MATCH,,,,UNKNOWN_TARGET,no_manifest_no_era_proof,none,a66ffe209f2b4728ddf426d65133cb422a9d5c2d03db651fe81e610fde431a60,1647,True,sklearn.pipeline.Pipeline,True,0,,0.7916693489147197,,"time_left_min,mid_price,spread,price_velocity,hour_of_day,price_deviation,deviation_x_time,price_deviation_sq,spread_pct,log_time_left"
43,DOGE,5,logreg,False,2026-06-28 18:02:03.054899+00,,15m,,10,10,MATCH,,,,UNKNOWN_TARGET,no_manifest_no_era_proof,none,62037b21e032d2083b3de0e2bac6e457772b8e91ac7727a93ee5681919fe4984,1647,True,sklearn.pipeline.Pipeline,True,0,,0.8286932763326706,,"time_left_min,mid_price,spread,price_velocity,hour_of_day,price_deviation,deviation_x_time,price_deviation_sq,spread_pct,log_time_left"
44,XRP,6,logreg,False,2026-06-28 18:02:03.539877+00,,15m,,10,10,MATCH,,,,UNKNOWN_TARGET,no_manifest_no_era_proof,none,316e45ccb8c69695ea248dde146c4a395b84fb01afdaa49792c5a3c01e3651a2,1647,True,sklearn.pipeline.Pipeline,True,0,,0.8296157880027604,,"time_left_min,mid_price,spread,price_velocity,hour_of_day,price_deviation,deviation_x_time,price_deviation_sq,spread_pct,log_time_left"
45,SOL,6,logreg,False,2026-06-28 18:12:02.376843+00,,15m,,10,10,MATCH,,,,UNKNOWN_TARGET,no_manifest_no_era_proof,none,78f5f74839d3f10a4c198f2ecb91c70e35918bc165cdfb20259c5f365e509aca,1647,True,sklearn.pipeline.Pipeline,True,0,,0.7902585123579839,,"time_left_min,mid_price,spread,price_velocity,hour_of_day,price_deviation,deviation_x_time,price_deviation_sq,spread_pct,log_time_left"
46,DOGE,6,logreg,False,2026-06-28 18:12:02.601899+00,,15m,,10,10,MATCH,,,,UNKNOWN_TARGET,no_manifest_no_era_proof,none,50d62d184003280b4428c60489f9f184a2db0cfc1671f3cb27efb55a2575d93c,1647,True,sklearn.pipeline.Pipeline,True,0,,0.8686048612368055,,"time_left_min,mid_price,spread,price_velocity,hour_of_day,price_deviation,deviation_x_time,price_deviation_sq,spread_pct,log_time_left"
47,XRP,7,logreg,False,2026-06-28 18:12:02.993315+00,,15m,,10,10,MATCH,,,,UNKNOWN_TARGET,no_manifest_no_era_proof,none,1d43f2e8fac1b954d53dbe117d624f9ebee29ccba819e53320d10fd9247a425c,1647,True,sklearn.pipeline.Pipeline,True,0,,0.838923321130653,,"time_left_min,mid_price,spread,price_velocity,hour_of_day,price_deviation,deviation_x_time,price_deviation_sq,spread_pct,log_time_left"
48,BTC,15,logreg,False,2026-06-28 18:12:09.534171+00,,15m,,10,10,MATCH,,,,UNKNOWN_TARGET,no_manifest_no_era_proof,none,4b78a8a5a669f93d3b2acffb18140e528ef575d961ad05ae5347f3cbe8e16ec3,1647,True,sklearn.pipeline.Pipeline,True,0,,0.8362527087154195,,"time_left_min,mid_price,spread,price_velocity,hour_of_day,price_deviation,deviation_x_time,price_deviation_sq,spread_pct,log_time_left"
49,ETH,15,logreg,False,2026-06-28 18:12:09.942506+00,,15m,,10,10,MATCH,,,,UNKNOWN_TARGET,no_manifest_no_era_proof,none,70cc11e5c9446420ba527df723cf836db0e263ef0a348cdf3e3accb926d4380c,1647,True,sklearn.pipeline.Pipeline,True,0,,0.8489814328353031,,"time_left_min,mid_price,spread,price_velocity,hour_of_day,price_deviation,deviation_x_time,price_deviation_sq,spread_pct,log_time_left"
50,BTC,16,logreg,False,2026-06-29 01:07:55.966492+00,,15m,,10,10,MATCH,,,,UNKNOWN_TARGET,no_manifest_no_era_proof,none,82256f05c08e93705b33044ce54f285bddf6528122902141ef02281d06e2af25,1647,True,sklearn.pipeline.Pipeline,True,0,,0.8096649800372733,,"time_left_min,mid_price,spread,price_velocity,hour_of_day,price_deviation,deviation_x_time,price_deviation_sq,spread_pct,log_time_left"
51,SOL,7,logreg,False,2026-06-29 01:07:56.209058+00,,15m,,10,10,MATCH,,,,UNKNOWN_TARGET,no_manifest_no_era_proof,none,d555a2c8c8749542f2008b496fc16e8a7a39de122d999b21e94f523430c090ac,1647,True,sklearn.pipeline.Pipeline,True,0,,0.7892244363965819,,"time_left_min,mid_price,spread,price_velocity,hour_of_day,price_deviation,deviation_x_time,price_deviation_sq,spread_pct,log_time_left"
52,ETH,16,logreg,False,2026-06-29 01:07:56.400466+00,,15m,,10,10,MATCH,,,,UNKNOWN_TARGET,no_manifest_no_era_proof,none,92b593b27955f47cab1938ac110994e95850bf072fba81259a16d9dd000f19c2,1647,True,sklearn.pipeline.Pipeline,True,0,,0.8249911806265111,,"time_left_min,mid_price,spread,price_velocity,hour_of_day,price_deviation,deviation_x_time,price_deviation_sq,spread_pct,log_time_left"
53,DOGE,7,logreg,False,2026-06-29 01:07:56.999533+00,,15m,,10,10,MATCH,,,,UNKNOWN_TARGET,no_manifest_no_era_proof,none,92db569a39fee001f3bd05f55bde76e1cc63091f13f2884ff8d6b351c1b7e4e3,1647,True,sklearn.pipeline.Pipeline,True,0,,0.8461361370916427,,"time_left_min,mid_price,spread,price_velocity,hour_of_day,price_deviation,deviation_x_time,price_deviation_sq,spread_pct,log_time_left"
54,XRP,8,logreg,False,2026-06-29 01:07:57.168807+00,,15m,,10,10,MATCH,,,,UNKNOWN_TARGET,no_manifest_no_era_proof,none,a7169a327201b02b573c41bc342c657922f660dc8a2b43a8693aea451fea6d32,1647,True,sklearn.pipeline.Pipeline,True,0,,0.8141996051709286,,"time_left_min,mid_price,spread,price_velocity,hour_of_day,price_deviation,deviation_x_time,price_deviation_sq,spread_pct,log_time_left"
55,BTC,17,logreg,False,2026-06-29 01:14:21.536328+00,,15m,,10,10,MATCH,,,,UNKNOWN_TARGET,no_manifest_no_era_proof,none,f1fcd62c4035f718924b0eb2807b4125a8cc9654c8b965d2fc53ee22e54124da,1637,True,sklearn.pipeline.Pipeline,True,0,,0.8074557093009378,,"time_left_min,mid_price,spread,price_velocity,hour_of_day,price_deviation,deviation_x_time,price_deviation_sq,spread_pct,log_time_left"
56,ETH,17,logreg,False,2026-06-29 01:14:21.855156+00,,15m,,10,10,MATCH,,,,UNKNOWN_TARGET,no_manifest_no_era_proof,none,ffda0a8c7fb0fab0339301be5e6c8e167eadc2893185a064bc0022a3ca35c448,1637,True,sklearn.pipeline.Pipeline,True,0,,0.8217461561204168,,"time_left_min,mid_price,spread,price_velocity,hour_of_day,price_deviation,deviation_x_time,price_deviation_sq,spread_pct,log_time_left"
57,SOL,8,logreg,False,2026-06-29 01:14:22.223856+00,,15m,,10,10,MATCH,,,,UNKNOWN_TARGET,no_manifest_no_era_proof,none,786a2f29651fafa0331dad00bf8014a25179f78a727389927618848b0960c0ed,1637,True,sklearn.pipeline.Pipeline,True,0,,0.7822389647621113,,"time_left_min,mid_price,spread,price_velocity,hour_of_day,price_deviation,deviation_x_time,price_deviation_sq,spread_pct,log_time_left"
58,DOGE,8,logreg,False,2026-06-29 01:14:22.790007+00,,15m,,10,10,MATCH,,,,UNKNOWN_TARGET,no_manifest_no_era_proof,none,c210c1a1d51ecd9d21599c22d61dbde18be69df38776c336b032c621538dc2f6,1637,True,sklearn.pipeline.Pipeline,True,0,,0.8429104616186869,,"time_left_min,mid_price,spread,price_velocity,hour_of_day,price_deviation,deviation_x_time,price_deviation_sq,spread_pct,log_time_left"
59,XRP,9,logreg,False,2026-06-29 01:14:23.146163+00,,15m,,10,10,MATCH,,,,UNKNOWN_TARGET,no_manifest_no_era_proof,none,b6f59e05bdaed921fa3a1d0a5e5068a73c50570491ad679943d1f9917924e70d,1637,True,sklearn.pipeline.Pipeline,True,0,,0.8100668396415223,,"time_left_min,mid_price,spread,price_velocity,hour_of_day,price_deviation,deviation_x_time,price_deviation_sq,spread_pct,log_time_left"
60,DOGE,9,logreg,False,2026-06-29 08:22:50.688896+00,,15m,,10,10,MATCH,,,,UNKNOWN_TARGET,no_manifest_no_era_proof,none,a8496041bd83aa3e1e477b43b450698eb368e23f9070125699bc6eac38f70753,1637,True,sklearn.pipeline.Pipeline,True,0,,0.8649703418629684,,"time_left_min,mid_price,spread,price_velocity,hour_of_day,price_deviation,deviation_x_time,price_deviation_sq,spread_pct,log_time_left"
61,XRP,10,logreg,False,2026-06-29 08:24:41.08632+00,,15m,,10,10,MATCH,,,,UNKNOWN_TARGET,no_manifest_no_era_proof,none,9174236004753676e9e9839c788cbe82f64be5f4643035bb8e8992a6736cf2d3,1637,True,sklearn.pipeline.Pipeline,True,0,,0.8410880593245122,,"time_left_min,mid_price,spread,price_velocity,hour_of_day,price_deviation,deviation_x_time,price_deviation_sq,spread_pct,log_time_left"
62,ETH,18,logreg,False,2026-06-29 09:50:23.136375+00,,15m,,10,10,MATCH,,,,UNKNOWN_TARGET,no_manifest_no_era_proof,none,bf13b057850adce3de5d5bc99f113dfc844e0adf6fe83deba890a8b2aded9477,1637,True,sklearn.pipeline.Pipeline,True,0,,0.825816247654793,,"time_left_min,mid_price,spread,price_velocity,hour_of_day,price_deviation,deviation_x_time,price_deviation_sq,spread_pct,log_time_left"
63,BTC,18,logreg,False,2026-06-29 09:52:07.009035+00,,15m,,10,10,MATCH,,,,UNKNOWN_TARGET,no_manifest_no_era_proof,none,726fc5bb20cbf844c51f446111b4e637e9f382d95dddfabebe81464d82547054,1637,True,sklearn.pipeline.Pipeline,True,0,,0.8089664554545506,,"time_left_min,mid_price,spread,price_velocity,hour_of_day,price_deviation,deviation_x_time,price_deviation_sq,spread_pct,log_time_left"
64,BTC,19,logreg,False,2026-06-30 02:20:34.150125+00,,15m,,10,10,MATCH,,,,UNKNOWN_TARGET,no_manifest_no_era_proof,none,07004f5fb68cbf8cd37e3258b734c08d2db158feb679f6634b0aef9b31c6f837,1637,True,sklearn.pipeline.Pipeline,True,0,,0.8003238191210473,,"time_left_min,mid_price,spread,price_velocity,hour_of_day,price_deviation,deviation_x_time,price_deviation_sq,spread_pct,log_time_left"
65,DOGE,10,logreg,False,2026-06-30 02:24:06.61999+00,,15m,,10,10,MATCH,,,,UNKNOWN_TARGET,no_manifest_no_era_proof,none,ac33208378b6c6820a95acf51c96b3b96e0a5e7e9b54301367cafc73c25220c0,1637,True,sklearn.pipeline.Pipeline,True,0,,0.8473280176254996,,"time_left_min,mid_price,spread,price_velocity,hour_of_day,price_deviation,deviation_x_time,price_deviation_sq,spread_pct,log_time_left"
66,XRP,11,logreg,False,2026-06-30 03:01:32.233761+00,,15m,,10,10,MATCH,,,,UNKNOWN_TARGET,no_manifest_no_era_proof,none,506d8421988dc747ead1e46d2e691120130ca49aa73427ccb3fde7731574e995,1637,True,sklearn.pipeline.Pipeline,True,0,,0.8197268584880766,,"time_left_min,mid_price,spread,price_velocity,hour_of_day,price_deviation,deviation_x_time,price_deviation_sq,spread_pct,log_time_left"
67,SOL,9,logreg,False,2026-06-30 03:23:15.350753+00,,15m,,10,10,MATCH,,,,UNKNOWN_TARGET,no_manifest_no_era_proof,none,2e2a64c0d659bd380b26414797ff722f8e611ec3b409f377b272aebb002c2d49,1637,True,sklearn.pipeline.Pipeline,True,0,,0.8093487535276985,,"time_left_min,mid_price,spread,price_velocity,hour_of_day,price_deviation,deviation_x_time,price_deviation_sq,spread_pct,log_time_left"
68,ETH,19,logreg,False,2026-06-30 03:30:48.66723+00,,15m,,10,10,MATCH,,,,UNKNOWN_TARGET,no_manifest_no_era_proof,none,19286c3d6fca416e6da435590cc62e72055453e220253519ebc703f9f15fdeaf,1637,True,sklearn.pipeline.Pipeline,True,0,,0.8192517482258787,,"time_left_min,mid_price,spread,price_velocity,hour_of_day,price_deviation,deviation_x_time,price_deviation_sq,spread_pct,log_time_left"
69,DOGE,11,logreg,False,2026-06-30 03:34:36.947988+00,,15m,,10,10,MATCH,,,,UNKNOWN_TARGET,no_manifest_no_era_proof,none,53eb05b9cb2bbb113ffc34abf88c8e4d1619138b3faec175ebe48333a81bf071,1637,True,sklearn.pipeline.Pipeline,True,0,,0.8409541497008695,,"time_left_min,mid_price,spread,price_velocity,hour_of_day,price_deviation,deviation_x_time,price_deviation_sq,spread_pct,log_time_left"
70,SOL,10,logreg,False,2026-06-30 07:24:51.011901+00,,15m,,10,10,MATCH,,,,UNKNOWN_TARGET,no_manifest_no_era_proof,none,f8e77b89f488f24db20a3aa57a886086ef2b47c04fc35ee1746375e5200c5309,1637,True,sklearn.pipeline.Pipeline,True,0,,0.8089210709190254,,"time_left_min,mid_price,spread,price_velocity,hour_of_day,price_deviation,deviation_x_time,price_deviation_sq,spread_pct,log_time_left"
71,BTC,20,logreg,False,2026-07-02 06:47:28.26932+00,,15m,,10,10,MATCH,,,,UNKNOWN_TARGET,no_manifest_no_era_proof,none,e04140f860e1dd71beacd0deafe19afedc2ccddf12f22f24ba8fbcc59ec14821,2059,True,sklearn.calibration.CalibratedClassifierCV,True,0,,0.799465982296596,,"time_left_min,mid_price,spread,price_velocity,hour_of_day,price_deviation,deviation_x_time,price_deviation_sq,spread_pct,log_time_left"
72,ETH,20,logreg,False,2026-07-02 06:47:34.244721+00,,15m,,10,10,MATCH,,,,UNKNOWN_TARGET,no_manifest_no_era_proof,none,8cc229231970879c7e261cd7a68a3b467256c9fc189334df00c74f9ad3ff725a,2059,True,sklearn.calibration.CalibratedClassifierCV,True,0,,0.8054718935112402,,"time_left_min,mid_price,spread,price_velocity,hour_of_day,price_deviation,deviation_x_time,price_deviation_sq,spread_pct,log_time_left"
73,SOL,11,logreg,False,2026-07-02 06:48:11.500813+00,,15m,,10,10,MATCH,,,,UNKNOWN_TARGET,no_manifest_no_era_proof,none,643eb7d07ade56a22c2f019f4ef473edb5fe8aeda72b41789a8fe9f054a20a4d,2059,True,sklearn.calibration.CalibratedClassifierCV,True,0,,0.793138991509702,,"time_left_min,mid_price,spread,price_velocity,hour_of_day,price_deviation,deviation_x_time,price_deviation_sq,spread_pct,log_time_left"
74,XRP,12,logreg,False,2026-07-02 06:48:14.749432+00,,15m,,10,10,MATCH,,,,UNKNOWN_TARGET,no_manifest_no_era_proof,none,424287f4f32ce58a3815e0d742a435046d9e3209f005e19a940409cfa6d8c3e6,2059,True,sklearn.calibration.CalibratedClassifierCV,True,0,,0.7776129263118634,,"time_left_min,mid_price,spread,price_velocity,hour_of_day,price_deviation,deviation_x_time,price_deviation_sq,spread_pct,log_time_left"
75,DOGE,12,logreg,False,2026-07-02 06:48:20.126676+00,,15m,,10,10,MATCH,,,,UNKNOWN_TARGET,no_manifest_no_era_proof,none,8f0f845f070275a70a69a4de695985e26b5f8c6530625c9f27e87863594d6047,2059,True,sklearn.calibration.CalibratedClassifierCV,True,0,,0.8325731060770781,,"time_left_min,mid_price,spread,price_velocity,hour_of_day,price_deviation,deviation_x_time,price_deviation_sq,spread_pct,log_time_left"
76,BTC,21,logreg,False,2026-07-02 13:46:12.840359+00,,15m,,10,10,MATCH,,,,UNKNOWN_TARGET,no_manifest_no_era_proof,none,31cacad05d5ad43cb57c1f4bcd8c21cbccd6778d4edec1998f7c6ffc96e5636e,2076,True,sklearn.calibration.CalibratedClassifierCV,True,0,,0.7950676237432968,,"time_left_min,mid_price,spread,price_velocity,hour_of_day,price_deviation,deviation_x_time,price_deviation_sq,spread_pct,log_time_left"
77,ETH,21,logreg,False,2026-07-02 13:46:48.110586+00,,15m,,10,10,MATCH,,,,UNKNOWN_TARGET,no_manifest_no_era_proof,none,aed9fb78199e4aafc999ba217e333767517d3a010cf9d1d763817e310ed7ffd2,2076,True,sklearn.calibration.CalibratedClassifierCV,True,0,,0.8191329954781841,,"time_left_min,mid_price,spread,price_velocity,hour_of_day,price_deviation,deviation_x_time,price_deviation_sq,spread_pct,log_time_left"
78,DOGE,13,logreg,False,2026-07-02 13:47:19.360468+00,,15m,,10,10,MATCH,,,,UNKNOWN_TARGET,no_manifest_no_era_proof,none,b6dcd0fe21683ee365d0234e69666a899c2907dada84390de4637e10f103b7f9,2076,True,sklearn.calibration.CalibratedClassifierCV,True,0,,0.8388590387398034,,"time_left_min,mid_price,spread,price_velocity,hour_of_day,price_deviation,deviation_x_time,price_deviation_sq,spread_pct,log_time_left"
79,XRP,13,logreg,False,2026-07-02 15:07:39.024751+00,,15m,,10,10,MATCH,,,,UNKNOWN_TARGET,no_manifest_no_era_proof,none,87009fbee461f867effebec86599f22aa305b5dc30f430bb2943e4f348a7f489,2059,True,sklearn.calibration.CalibratedClassifierCV,True,0,,0.7786599253009461,,"time_left_min,mid_price,spread,price_velocity,hour_of_day,price_deviation,deviation_x_time,price_deviation_sq,spread_pct,log_time_left"
80,SOL,12,logreg,False,2026-07-02 15:07:44.761418+00,,15m,,10,10,MATCH,,,,UNKNOWN_TARGET,no_manifest_no_era_proof,none,fcab1fc146ca6850bd1c9656c593ec64014d2df76074658f241a422328619b27,2059,True,sklearn.calibration.CalibratedClassifierCV,True,0,,0.7829498001429205,,"time_left_min,mid_price,spread,price_velocity,hour_of_day,price_deviation,deviation_x_time,price_deviation_sq,spread_pct,log_time_left"
81,BTC,22,logreg,False,2026-07-03 11:58:13.515053+00,,15m,,10,10,MATCH,,,,UNKNOWN_TARGET,no_manifest_no_era_proof,none,cc2ac5613eab55f11a3ddd06dc955d2d952ee1f0820b1ba41dd09fc6f015f06c,2076,True,sklearn.calibration.CalibratedClassifierCV,True,0,,0.8324474089282509,,"time_left_min,mid_price,spread,price_velocity,hour_of_day,price_deviation,deviation_x_time,price_deviation_sq,spread_pct,log_time_left"
82,ETH,22,logreg,False,2026-07-03 11:58:30.709444+00,,15m,,10,10,MATCH,,,,UNKNOWN_TARGET,no_manifest_no_era_proof,none,48b7eb03dd987d2b7471aab85554f724dee2402e77f62a8d553617a0a9302d76,2076,True,sklearn.calibration.CalibratedClassifierCV,True,0,,0.8483818164183008,,"time_left_min,mid_price,spread,price_velocity,hour_of_day,price_deviation,deviation_x_time,price_deviation_sq,spread_pct,log_time_left"
83,SOL,13,logreg,False,2026-07-03 11:58:38.994405+00,,15m,,10,10,MATCH,,,,UNKNOWN_TARGET,no_manifest_no_era_proof,none,4eff70a5f4a4a71b9b257742057ae4354f04dd7cc5694091f4971a85ec2567da,2076,True,sklearn.calibration.CalibratedClassifierCV,True,0,,0.8273756184937175,,"time_left_min,mid_price,spread,price_velocity,hour_of_day,price_deviation,deviation_x_time,price_deviation_sq,spread_pct,log_time_left"
84,XRP,14,logreg,False,2026-07-03 11:58:42.395048+00,,15m,,10,10,MATCH,,,,UNKNOWN_TARGET,no_manifest_no_era_proof,none,5257865238e268d780526c459328a59bfd30ebce844c3e317b42280e04a4ed06,2076,True,sklearn.calibration.CalibratedClassifierCV,True,0,,0.8405892700109174,,"time_left_min,mid_price,spread,price_velocity,hour_of_day,price_deviation,deviation_x_time,price_deviation_sq,spread_pct,log_time_left"
85,DOGE,14,logreg,False,2026-07-03 11:58:46.675612+00,,15m,,10,10,MATCH,,,,UNKNOWN_TARGET,no_manifest_no_era_proof,none,168c53c670b44374a86b8d23a450e42836277d6b2c7b0bbe47f3e9539ca7038f,2076,True,sklearn.calibration.CalibratedClassifierCV,True,0,,0.8327345161665519,,"time_left_min,mid_price,spread,price_velocity,hour_of_day,price_deviation,deviation_x_time,price_deviation_sq,spread_pct,log_time_left"
86,BTCUSDT_low_vol,1,lgbm,False,2026-07-04 17:13:28.917459+00,,15m,low_vol,26,26,MATCH,,,,LEGACY_BINANCE_DIRECTION,era_code_482a6914_ret1_shift_minus1_plus_guard_hint_0968d065,next_15m_candle,1e79e3c7e5143bad9a95d9553e3ee1b54522835600e3b1c9c15347930be928c9,259032,True,sklearn.calibration.CalibratedClassifierCV,True,1,,0.5583698565585368,,"ret_1,ret_3,ret_6,ret_12,ret_24,ret_48,vol_6,vol_24,vol_48,vol_ratio,vol_z_6,taker_buy_ratio,rsi_14,ema_ratio_9_21,bb_width,bb_position,dist_to_high_24,dist_to_low_24,dist_to_high_96,dist_to_low_96,range_1,range_avg_24,consec_up,consec_down,hour_utc,dow"
87,BTCUSDT_high_vol,1,lgbm,False,2026-07-04 17:13:28.917459+00,,15m,high_vol,26,26,MATCH,,,,LEGACY_BINANCE_DIRECTION,era_code_482a6914_ret1_shift_minus1_plus_guard_hint_0968d065,next_15m_candle,fe35fe6639d4663af2377efd067c0c58804dc4de94a4e41105a5c880ca0a2e35,257965,True,sklearn.calibration.CalibratedClassifierCV,True,1,,0.5504564191199898,,"ret_1,ret_3,ret_6,ret_12,ret_24,ret_48,vol_6,vol_24,vol_48,vol_ratio,vol_z_6,taker_buy_ratio,rsi_14,ema_ratio_9_21,bb_width,bb_position,dist_to_high_24,dist_to_low_24,dist_to_high_96,dist_to_low_96,range_1,range_avg_24,consec_up,consec_down,hour_utc,dow"
88,ETHUSDT_low_vol,1,lgbm,False,2026-07-04 17:13:31.420633+00,,15m,low_vol,26,26,MATCH,,,,LEGACY_BINANCE_DIRECTION,era_code_482a6914_ret1_shift_minus1_plus_guard_hint_0968d065,next_15m_candle,940022523bfb13563ade221bd195fc4f3192fd71f412a0e9023a431cc0e3b53f,260750,True,sklearn.calibration.CalibratedClassifierCV,True,1,,0.5452892240198742,,"ret_1,ret_3,ret_6,ret_12,ret_24,ret_48,vol_6,vol_24,vol_48,vol_ratio,vol_z_6,taker_buy_ratio,rsi_14,ema_ratio_9_21,bb_width,bb_position,dist_to_high_24,dist_to_low_24,dist_to_high_96,dist_to_low_96,range_1,range_avg_24,consec_up,consec_down,hour_utc,dow"
89,ETHUSDT_high_vol,1,lgbm,False,2026-07-04 17:13:31.420633+00,,15m,high_vol,26,26,MATCH,,,,LEGACY_BINANCE_DIRECTION,era_code_482a6914_ret1_shift_minus1_plus_guard_hint_0968d065,next_15m_candle,5e29c2529bc63e7ee4428162b652a6a75a112408ce4cf7f96b7b4097c06accc9,255921,True,sklearn.calibration.CalibratedClassifierCV,True,1,,0.5746511736926306,,"ret_1,ret_3,ret_6,ret_12,ret_24,ret_48,vol_6,vol_24,vol_48,vol_ratio,vol_z_6,taker_buy_ratio,rsi_14,ema_ratio_9_21,bb_width,bb_position,dist_to_high_24,dist_to_low_24,dist_to_high_96,dist_to_low_96,range_1,range_avg_24,consec_up,consec_down,hour_utc,dow"
90,BTCUSDT_low_vol,2,lgbm,False,2026-07-05 06:46:15.849491+00,,15m,low_vol,26,26,MATCH,,,,LEGACY_BINANCE_DIRECTION,era_code_482a6914_ret1_shift_minus1_plus_guard_hint_0968d065,next_15m_candle,5ddecc85043484a55f9364c6f8bbe57cd98258f4bb263926fe6238fb27d0ca78,258588,True,sklearn.calibration.CalibratedClassifierCV,True,1,,0.567838546041077,,"ret_1,ret_3,ret_6,ret_12,ret_24,ret_48,vol_6,vol_24,vol_48,vol_ratio,vol_z_6,taker_buy_ratio,rsi_14,ema_ratio_9_21,bb_width,bb_position,dist_to_high_24,dist_to_low_24,dist_to_high_96,dist_to_low_96,range_1,range_avg_24,consec_up,consec_down,hour_utc,dow"
91,BTCUSDT_high_vol,2,lgbm,False,2026-07-05 06:46:15.849491+00,,15m,high_vol,26,26,MATCH,,,,LEGACY_BINANCE_DIRECTION,era_code_482a6914_ret1_shift_minus1_plus_guard_hint_0968d065,next_15m_candle,a0ba2a17fb2239ec241e1a75828c6006b37594883f61b8bbe09c5e75a439bb43,257873,True,sklearn.calibration.CalibratedClassifierCV,True,1,,0.5489620691323477,,"ret_1,ret_3,ret_6,ret_12,ret_24,ret_48,vol_6,vol_24,vol_48,vol_ratio,vol_z_6,taker_buy_ratio,rsi_14,ema_ratio_9_21,bb_width,bb_position,dist_to_high_24,dist_to_low_24,dist_to_high_96,dist_to_low_96,range_1,range_avg_24,consec_up,consec_down,hour_utc,dow"
92,ETHUSDT_low_vol,2,lgbm,False,2026-07-05 06:46:18.63925+00,,15m,low_vol,26,26,MATCH,,,,LEGACY_BINANCE_DIRECTION,era_code_482a6914_ret1_shift_minus1_plus_guard_hint_0968d065,next_15m_candle,99b90f080e94429f7fca64880362ae436a7292db6e83930e84c42cdceb6e4872,263199,True,sklearn.calibration.CalibratedClassifierCV,True,1,,0.5476954641505725,,"ret_1,ret_3,ret_6,ret_12,ret_24,ret_48,vol_6,vol_24,vol_48,vol_ratio,vol_z_6,taker_buy_ratio,rsi_14,ema_ratio_9_21,bb_width,bb_position,dist_to_high_24,dist_to_low_24,dist_to_high_96,dist_to_low_96,range_1,range_avg_24,consec_up,consec_down,hour_utc,dow"
93,ETHUSDT_high_vol,2,lgbm,False,2026-07-05 06:46:18.63925+00,,15m,high_vol,26,26,MATCH,,,,LEGACY_BINANCE_DIRECTION,era_code_482a6914_ret1_shift_minus1_plus_guard_hint_0968d065,next_15m_candle,eeda8a19e4bc5ddfdefc2a216c56d53fbca8ec3501f6fdb1db1e8bbf8ff37272,258602,True,sklearn.calibration.CalibratedClassifierCV,True,1,,0.5905678847345514,,"ret_1,ret_3,ret_6,ret_12,ret_24,ret_48,vol_6,vol_24,vol_48,vol_ratio,vol_z_6,taker_buy_ratio,rsi_14,ema_ratio_9_21,bb_width,bb_position,dist_to_high_24,dist_to_low_24,dist_to_high_96,dist_to_low_96,range_1,range_avg_24,consec_up,consec_down,hour_utc,dow"
94,BTCUSDT_low_vol,3,lgbm,False,2026-07-05 09:19:00.133599+00,,15m,low_vol,26,26,MATCH,,,,LEGACY_BINANCE_DIRECTION,era_code_482a6914_ret1_shift_minus1_plus_guard_hint_0968d065,next_15m_candle,f6012ed461356e20edde2963b8ea573712294737ec9db1aab9743bcd92f01c31,259489,True,sklearn.calibration.CalibratedClassifierCV,True,1,,0.5525609909392364,,"ret_1,ret_3,ret_6,ret_12,ret_24,ret_48,vol_6,vol_24,vol_48,vol_ratio,vol_z_1,taker_buy_ratio,rsi_14,ema_ratio_9_21,bb_width,bb_position,dist_to_high_24,dist_to_low_24,dist_to_high_96,dist_to_low_96,range_1,range_avg_24,consec_up,consec_down,hour_utc,dow"
95,BTCUSDT_high_vol,3,lgbm,False,2026-07-05 09:19:00.133599+00,,15m,high_vol,26,26,MATCH,,,,LEGACY_BINANCE_DIRECTION,era_code_482a6914_ret1_shift_minus1_plus_guard_hint_0968d065,next_15m_candle,24077280d996c669890c1547672b249984ee18e5b9e6e792e6e97e1defc1e034,255855,True,sklearn.calibration.CalibratedClassifierCV,True,1,,0.5464713289481091,,"ret_1,ret_3,ret_6,ret_12,ret_24,ret_48,vol_6,vol_24,vol_48,vol_ratio,vol_z_1,taker_buy_ratio,rsi_14,ema_ratio_9_21,bb_width,bb_position,dist_to_high_24,dist_to_low_24,dist_to_high_96,dist_to_low_96,range_1,range_avg_24,consec_up,consec_down,hour_utc,dow"
96,ETHUSDT_low_vol,3,lgbm,False,2026-07-05 09:19:14.52331+00,,15m,low_vol,26,26,MATCH,,,,LEGACY_BINANCE_DIRECTION,era_code_482a6914_ret1_shift_minus1_plus_guard_hint_0968d065,next_15m_candle,90877a863f8fa56dc806c9e7a27526b9c1960acbc6d4fcb21d4a6f2a16688816,261118,True,sklearn.calibration.CalibratedClassifierCV,True,1,,0.5331372549019608,,"ret_1,ret_3,ret_6,ret_12,ret_24,ret_48,vol_6,vol_24,vol_48,vol_ratio,vol_z_1,taker_buy_ratio,rsi_14,ema_ratio_9_21,bb_width,bb_position,dist_to_high_24,dist_to_low_24,dist_to_high_96,dist_to_low_96,range_1,range_avg_24,consec_up,consec_down,hour_utc,dow"
97,ETHUSDT_high_vol,3,lgbm,False,2026-07-05 09:19:14.52331+00,,15m,high_vol,26,26,MATCH,,,,LEGACY_BINANCE_DIRECTION,era_code_482a6914_ret1_shift_minus1_plus_guard_hint_0968d065,next_15m_candle,d6cdafab1e1eb9acd163676bba34decfcfa1f9579d001aebb76e6b5945b2fcaa,254544,True,sklearn.calibration.CalibratedClassifierCV,True,1,,0.5629364010093176,,"ret_1,ret_3,ret_6,ret_12,ret_24,ret_48,vol_6,vol_24,vol_48,vol_ratio,vol_z_1,taker_buy_ratio,rsi_14,ema_ratio_9_21,bb_width,bb_position,dist_to_high_24,dist_to_low_24,dist_to_high_96,dist_to_low_96,range_1,range_avg_24,consec_up,consec_down,hour_utc,dow"
98,BTCUSDT_low_vol,4,lgbm,False,2026-07-05 11:34:29.324905+00,,15m,low_vol,26,26,MATCH,,,,LEGACY_BINANCE_DIRECTION,era_code_482a6914_ret1_shift_minus1_plus_guard_hint_0968d065,next_15m_candle,a662cca373659771b17993b5e13ccf6c438b2c776199853a3bf4aac6e57528e6,338434,True,sklearn.calibration.CalibratedClassifierCV,True,1,,0.5221622473447852,,"ret_1,ret_3,ret_6,ret_12,ret_24,ret_48,vol_6,vol_24,vol_48,vol_ratio,vol_z_1,taker_buy_ratio,rsi_14,ema_ratio_9_21,bb_width,bb_position,dist_to_high_24,dist_to_low_24,dist_to_high_96,dist_to_low_96,range_1,range_avg_24,consec_up,consec_down,hour_utc,dow"
99,BTCUSDT_high_vol,4,lgbm,False,2026-07-05 11:34:29.324905+00,,15m,high_vol,26,26,MATCH,,,,LEGACY_BINANCE_DIRECTION,era_code_482a6914_ret1_shift_minus1_plus_guard_hint_0968d065,next_15m_candle,2035273bd5f670c86232a9dc085b5462e00b5e406e2ebaede79d18928aab3086,336735,True,sklearn.calibration.CalibratedClassifierCV,True,1,,0.5356619515455115,,"ret_1,ret_3,ret_6,ret_12,ret_24,ret_48,vol_6,vol_24,vol_48,vol_ratio,vol_z_1,taker_buy_ratio,rsi_14,ema_ratio_9_21,bb_width,bb_position,dist_to_high_24,dist_to_low_24,dist_to_high_96,dist_to_low_96,range_1,range_avg_24,consec_up,consec_down,hour_utc,dow"
100,ETHUSDT_low_vol,4,lgbm,False,2026-07-05 11:34:43.238816+00,,15m,low_vol,26,26,MATCH,,,,LEGACY_BINANCE_DIRECTION,era_code_482a6914_ret1_shift_minus1_plus_guard_hint_0968d065,next_15m_candle,3281eb4dabaa8c975b2787bc05f70f61dc474ee173d26c59a4058664190ab024,348061,True,sklearn.calibration.CalibratedClassifierCV,True,1,,0.566221644794758,,"ret_1,ret_3,ret_6,ret_12,ret_24,ret_48,vol_6,vol_24,vol_48,vol_ratio,vol_z_1,taker_buy_ratio,rsi_14,ema_ratio_9_21,bb_width,bb_position,dist_to_high_24,dist_to_low_24,dist_to_high_96,dist_to_low_96,range_1,range_avg_24,consec_up,consec_down,hour_utc,dow"
101,ETHUSDT_high_vol,4,lgbm,False,2026-07-05 11:34:43.238816+00,,15m,high_vol,26,26,MATCH,,,,LEGACY_BINANCE_DIRECTION,era_code_482a6914_ret1_shift_minus1_plus_guard_hint_0968d065,next_15m_candle,b08ff430fd788c021f59dcc12ca2fabea05dc79316ec9b2bb4d385ac5b82b566,329721,True,sklearn.calibration.CalibratedClassifierCV,True,1,,0.5633119056046498,,"ret_1,ret_3,ret_6,ret_12,ret_24,ret_48,vol_6,vol_24,vol_48,vol_ratio,vol_z_1,taker_buy_ratio,rsi_14,ema_ratio_9_21,bb_width,bb_position,dist_to_high_24,dist_to_low_24,dist_to_high_96,dist_to_low_96,range_1,range_avg_24,consec_up,consec_down,hour_utc,dow"
102,BTCUSDT_low_vol,5,lgbm,False,2026-07-05 12:57:15.060656+00,,15m,low_vol,26,26,MATCH,,,,LEGACY_BINANCE_DIRECTION,era_code_482a6914_ret1_shift_minus1_plus_guard_hint_0968d065,next_15m_candle,81d718e51f33601f1537716bea31a7c737f27d2e2e973782267dffc14aa8f383,318684,True,sklearn.calibration.CalibratedClassifierCV,True,1,,0.5225703174800354,,"ret_1,ret_3,ret_6,ret_12,ret_24,ret_48,vol_6,vol_24,vol_48,vol_ratio,vol_z_1,taker_buy_ratio,rsi_14,ema_ratio_9_21,bb_width,bb_position,dist_to_high_24,dist_to_low_24,dist_to_high_96,dist_to_low_96,range_1,range_avg_24,consec_up,consec_down,hour_utc,dow"
103,BTCUSDT_high_vol,5,lgbm,False,2026-07-05 12:57:15.060656+00,,15m,high_vol,26,26,MATCH,,,,LEGACY_BINANCE_DIRECTION,era_code_482a6914_ret1_shift_minus1_plus_guard_hint_0968d065,next_15m_candle,a9f412a2451cde67e571533dcd93a80a7a6961653043c29d782ca8c29a562ff0,328206,True,sklearn.calibration.CalibratedClassifierCV,True,1,,0.5322221198156682,,"ret_1,ret_3,ret_6,ret_12,ret_24,ret_48,vol_6,vol_24,vol_48,vol_ratio,vol_z_1,taker_buy_ratio,rsi_14,ema_ratio_9_21,bb_width,bb_position,dist_to_high_24,dist_to_low_24,dist_to_high_96,dist_to_low_96,range_1,range_avg_24,consec_up,consec_down,hour_utc,dow"
104,ETHUSDT_low_vol,5,lgbm,False,2026-07-05 12:57:24.00977+00,,15m,low_vol,26,26,MATCH,,,,LEGACY_BINANCE_DIRECTION,era_code_482a6914_ret1_shift_minus1_plus_guard_hint_0968d065,next_15m_candle,60bb7a284ac199854d4745534433168d3effb266a91521d39d3a43ae3feeb955,341012,True,sklearn.calibration.CalibratedClassifierCV,True,1,,0.5452924582886253,,"ret_1,ret_3,ret_6,ret_12,ret_24,ret_48,vol_6,vol_24,vol_48,vol_ratio,vol_z_1,taker_buy_ratio,rsi_14,ema_ratio_9_21,bb_width,bb_position,dist_to_high_24,dist_to_low_24,dist_to_high_96,dist_to_low_96,range_1,range_avg_24,consec_up,consec_down,hour_utc,dow"
105,ETHUSDT_high_vol,5,lgbm,False,2026-07-05 12:57:24.00977+00,,15m,high_vol,26,26,MATCH,,,,LEGACY_BINANCE_DIRECTION,era_code_482a6914_ret1_shift_minus1_plus_guard_hint_0968d065,next_15m_candle,51fdaa0e37e2058ff969ecbf5cca43549cbb9de930ca1e0b6faf32982dfe520d,322104,True,sklearn.calibration.CalibratedClassifierCV,True,1,,0.5112800197533399,,"ret_1,ret_3,ret_6,ret_12,ret_24,ret_48,vol_6,vol_24,vol_48,vol_ratio,vol_z_1,taker_buy_ratio,rsi_14,ema_ratio_9_21,bb_width,bb_position,dist_to_high_24,dist_to_low_24,dist_to_high_96,dist_to_low_96,range_1,range_avg_24,consec_up,consec_down,hour_utc,dow"
106,BTCUSDT_low_vol,6,lgbm,False,2026-07-06 05:54:01.069806+00,,15m,low_vol,26,26,MATCH,,,,LEGACY_BINANCE_DIRECTION,era_code_482a6914_ret1_shift_minus1_plus_guard_hint_0968d065,next_15m_candle,2ac800e6f1290be659721a887ad95af5f918ce1a14898e98eb945da5910ab903,413854,True,sklearn.calibration.CalibratedClassifierCV,True,1,,0.5240559248481752,,"ret_1,ret_3,ret_6,ret_12,ret_24,ret_48,vol_6,vol_24,vol_48,vol_ratio,vol_z_1,taker_buy_ratio,rsi_14,ema_ratio_9_21,bb_width,bb_position,dist_to_high_24,dist_to_low_24,dist_to_high_96,dist_to_low_96,range_1,range_avg_24,consec_up,consec_down,hour_utc,dow"
107,BTCUSDT_high_vol,6,lgbm,False,2026-07-06 05:54:01.069806+00,,15m,high_vol,26,26,MATCH,,,,LEGACY_BINANCE_DIRECTION,era_code_482a6914_ret1_shift_minus1_plus_guard_hint_0968d065,next_15m_candle,fa67f3d31a4182f7b62d5dc5afdcf6004d373c24d62906305529fbed7580dd48,411528,True,sklearn.calibration.CalibratedClassifierCV,True,1,,0.48454355757761325,,"ret_1,ret_3,ret_6,ret_12,ret_24,ret_48,vol_6,vol_24,vol_48,vol_ratio,vol_z_1,taker_buy_ratio,rsi_14,ema_ratio_9_21,bb_width,bb_position,dist_to_high_24,dist_to_low_24,dist_to_high_96,dist_to_low_96,range_1,range_avg_24,consec_up,consec_down,hour_utc,dow"
108,ETHUSDT_low_vol,6,lgbm,False,2026-07-06 05:54:10.543473+00,,15m,low_vol,26,26,MATCH,,,,LEGACY_BINANCE_DIRECTION,era_code_482a6914_ret1_shift_minus1_plus_guard_hint_0968d065,next_15m_candle,47f3acf2674635e691a093b666cde97e3bee6392e68b7ce2a160134c9ffaf89a,408751,True,sklearn.calibration.CalibratedClassifierCV,True,1,,0.5038906860173691,,"ret_1,ret_3,ret_6,ret_12,ret_24,ret_48,vol_6,vol_24,vol_48,vol_ratio,vol_z_1,taker_buy_ratio,rsi_14,ema_ratio_9_21,bb_width,bb_position,dist_to_high_24,dist_to_low_24,dist_to_high_96,dist_to_low_96,range_1,range_avg_24,consec_up,consec_down,hour_utc,dow"
109,ETHUSDT_high_vol,6,lgbm,False,2026-07-06 05:54:10.543473+00,,15m,high_vol,26,26,MATCH,,,,LEGACY_BINANCE_DIRECTION,era_code_482a6914_ret1_shift_minus1_plus_guard_hint_0968d065,next_15m_candle,86288d07ecffb6551f851ce8c2f03776aab7b4390d57ae5624453fa9c3f0836a,406696,True,sklearn.calibration.CalibratedClassifierCV,True,1,,0.47774376354549447,,"ret_1,ret_3,ret_6,ret_12,ret_24,ret_48,vol_6,vol_24,vol_48,vol_ratio,vol_z_1,taker_buy_ratio,rsi_14,ema_ratio_9_21,bb_width,bb_position,dist_to_high_24,dist_to_low_24,dist_to_high_96,dist_to_low_96,range_1,range_avg_24,consec_up,consec_down,hour_utc,dow"
110,BTC,23,logreg,False,2026-07-06 05:56:14.984531+00,,5m,,10,10,MATCH,,,,UNKNOWN_TARGET,no_manifest_no_era_proof,none,377421de5f56a588cfec09a1c57aab0e8432d40b73f540973e629884959819bf,2059,True,sklearn.calibration.CalibratedClassifierCV,True,0,,0.8291242773655629,,"time_left_min,mid_price,spread,price_velocity,hour_of_day,price_deviation,deviation_x_time,price_deviation_sq,spread_pct,log_time_left"
111,ETH,23,logreg,False,2026-07-06 05:56:18.298793+00,,5m,,10,10,MATCH,,,,UNKNOWN_TARGET,no_manifest_no_era_proof,none,b48019c9a1deac2be6c9513571570d8c423415a84118f7d69569eadb0537229c,2059,True,sklearn.calibration.CalibratedClassifierCV,True,0,,0.8328446843269045,,"time_left_min,mid_price,spread,price_velocity,hour_of_day,price_deviation,deviation_x_time,price_deviation_sq,spread_pct,log_time_left"
112,BTC,24,logreg,False,2026-07-07 04:20:01.808634+00,,5m,,10,10,MATCH,,,,UNKNOWN_TARGET,no_manifest_no_era_proof,none,b58e5d8c3a31a22ab72087bc499f626af745caa61714508f7f6a16b3b02c75d6,2059,True,sklearn.calibration.CalibratedClassifierCV,True,0,,0.827935668067523,,"time_left_min,mid_price,spread,price_velocity,hour_of_day,price_deviation,deviation_x_time,price_deviation_sq,spread_pct,log_time_left"
113,SOL,14,logreg,False,2026-07-07 04:20:15.731475+00,,5m,,10,10,MATCH,,,,UNKNOWN_TARGET,no_manifest_no_era_proof,none,215ed0b28572d1745f1b65d81424b3349f3f774ee065c8d45abcfed5fffcf74e,2059,True,sklearn.calibration.CalibratedClassifierCV,True,0,,0.8079231078819881,,"time_left_min,mid_price,spread,price_velocity,hour_of_day,price_deviation,deviation_x_time,price_deviation_sq,spread_pct,log_time_left"
114,XRP,15,logreg,False,2026-07-07 04:20:19.828093+00,,5m,,10,10,MATCH,,,,UNKNOWN_TARGET,no_manifest_no_era_proof,none,dfcf16f70dd606a34c4f9f279aaa49f676c8885060257e66066bd20e4f5d2486,2059,True,sklearn.calibration.CalibratedClassifierCV,True,0,,0.8111042760095692,,"time_left_min,mid_price,spread,price_velocity,hour_of_day,price_deviation,deviation_x_time,price_deviation_sq,spread_pct,log_time_left"
115,DOGE,15,logreg,False,2026-07-07 04:20:25.427646+00,,5m,,10,10,MATCH,,,,UNKNOWN_TARGET,no_manifest_no_era_proof,none,d901b6b3a64fafd2d439b3eaed525faa5cbe00b0d0754a0f7ec8d507ea7ecbad,2059,True,sklearn.calibration.CalibratedClassifierCV,True,0,,0.8419359251850317,,"time_left_min,mid_price,spread,price_velocity,hour_of_day,price_deviation,deviation_x_time,price_deviation_sq,spread_pct,log_time_left"
116,BTCUSDT_low_vol,7,lgbm,False,2026-07-09 12:16:44.871419+00,,15m,low_vol,27,27,MATCH,,,,LEGACY_BINANCE_DIRECTION,era_code_482a6914_ret1_shift_minus1_plus_guard_hint_0968d065,next_15m_candle,485ff4599f1364b7553239b75109ea14469ac637ee76196176c5819171f53764,372609,True,sklearn.calibration.CalibratedClassifierCV,True,1,,0.47344600863447805,,"ret_1,ret_3,ret_6,ret_12,ret_24,ret_48,vol_6,vol_24,vol_48,vol_ratio,vol_trend,vol_z_1,taker_buy_ratio,rsi_14,ema_ratio_9_21,bb_width,bb_position,dist_to_high_24,dist_to_low_24,dist_to_high_96,dist_to_low_96,range_1,range_avg_24,consec_up,consec_down,hour_utc,dow"
117,BTCUSDT_mid_vol,1,lgbm,False,2026-07-09 12:16:44.871419+00,,15m,mid_vol,27,27,MATCH,,,,LEGACY_BINANCE_DIRECTION,era_code_482a6914_ret1_shift_minus1_plus_guard_hint_0968d065,next_15m_candle,d8f0853d7c7f1552ac18dd47b39c8b6c05808712d7c1e19cd1f8188bcd94c3f4,414126,True,sklearn.calibration.CalibratedClassifierCV,True,1,,0.5639506327006327,,"ret_1,ret_3,ret_6,ret_12,ret_24,ret_48,vol_6,vol_24,vol_48,vol_ratio,vol_trend,vol_z_1,taker_buy_ratio,rsi_14,ema_ratio_9_21,bb_width,bb_position,dist_to_high_24,dist_to_low_24,dist_to_high_96,dist_to_low_96,range_1,range_avg_24,consec_up,consec_down,hour_utc,dow"
118,BTCUSDT_high_vol,7,lgbm,False,2026-07-09 12:16:44.871419+00,,15m,high_vol,27,27,MATCH,,,,LEGACY_BINANCE_DIRECTION,era_code_482a6914_ret1_shift_minus1_plus_guard_hint_0968d065,next_15m_candle,da53698690d753c319f56c8aeb2a4a82709a0d14d81292cdd11d9576fd3d9d0d,382382,True,sklearn.calibration.CalibratedClassifierCV,True,1,,0.44644184490183203,,"ret_1,ret_3,ret_6,ret_12,ret_24,ret_48,vol_6,vol_24,vol_48,vol_ratio,vol_trend,vol_z_1,taker_buy_ratio,rsi_14,ema_ratio_9_21,bb_width,bb_position,dist_to_high_24,dist_to_low_24,dist_to_high_96,dist_to_low_96,range_1,range_avg_24,consec_up,consec_down,hour_utc,dow"
119,ETHUSDT_low_vol,7,lgbm,False,2026-07-09 12:17:01.366669+00,,15m,low_vol,27,27,MATCH,,,,LEGACY_BINANCE_DIRECTION,era_code_482a6914_ret1_shift_minus1_plus_guard_hint_0968d065,next_15m_candle,d392e6310826ee653a73db50923281fabf8bae78cb3535972724a3e382d81e8c,411074,True,sklearn.calibration.CalibratedClassifierCV,True,1,,0.5168186327561328,,"ret_1,ret_3,ret_6,ret_12,ret_24,ret_48,vol_6,vol_24,vol_48,vol_ratio,vol_trend,vol_z_1,taker_buy_ratio,rsi_14,ema_ratio_9_21,bb_width,bb_position,dist_to_high_24,dist_to_low_24,dist_to_high_96,dist_to_low_96,range_1,range_avg_24,consec_up,consec_down,hour_utc,dow"
120,ETHUSDT_mid_vol,1,lgbm,False,2026-07-09 12:17:01.366669+00,,15m,mid_vol,27,27,MATCH,,,,LEGACY_BINANCE_DIRECTION,era_code_482a6914_ret1_shift_minus1_plus_guard_hint_0968d065,next_15m_candle,2d215e30644a724c0e1531ab87896161146cb988bb53ef4f95a730d354eda5a8,411647,True,sklearn.calibration.CalibratedClassifierCV,True,1,,0.47112244687966254,,"ret_1,ret_3,ret_6,ret_12,ret_24,ret_48,vol_6,vol_24,vol_48,vol_ratio,vol_trend,vol_z_1,taker_buy_ratio,rsi_14,ema_ratio_9_21,bb_width,bb_position,dist_to_high_24,dist_to_low_24,dist_to_high_96,dist_to_low_96,range_1,range_avg_24,consec_up,consec_down,hour_utc,dow"
121,ETHUSDT_high_vol,7,lgbm,False,2026-07-09 12:17:01.366669+00,,15m,high_vol,27,27,MATCH,,,,LEGACY_BINANCE_DIRECTION,era_code_482a6914_ret1_shift_minus1_plus_guard_hint_0968d065,next_15m_candle,d6121fa5c635ab936c21f63a8442f53b610df423066351af2ed847ed9ac6ffa7,403694,True,sklearn.calibration.CalibratedClassifierCV,True,1,,0.48468471464123636,,"ret_1,ret_3,ret_6,ret_12,ret_24,ret_48,vol_6,vol_24,vol_48,vol_ratio,vol_trend,vol_z_1,taker_buy_ratio,rsi_14,ema_ratio_9_21,bb_width,bb_position,dist_to_high_24,dist_to_low_24,dist_to_high_96,dist_to_low_96,range_1,range_avg_24,consec_up,consec_down,hour_utc,dow"
122,DOGE,16,logreg,False,2026-07-11 10:40:29.894822+00,,5m,,10,10,MATCH,,,t,UNKNOWN_TARGET,no_manifest_no_era_proof,none,9e810f5b9327ea3f63c05c55d26c71016f43a40c9b6db94400abdc71018a8034,2059,True,sklearn.calibration.CalibratedClassifierCV,True,0,,0.8439585717222855,,"time_left_min,mid_price,spread,price_velocity,hour_of_day,price_deviation,deviation_x_time,price_deviation_sq,spread_pct,log_time_left"
123,XRP,16,logreg,False,2026-07-11 10:40:36.370609+00,,5m,,10,10,MATCH,,,,UNKNOWN_TARGET,no_manifest_no_era_proof,none,1acb2842e0c866190a3caca1f5f0289eb56cd8aeadd14d8b3b9237b149a6a3d3,2059,True,sklearn.calibration.CalibratedClassifierCV,True,0,,0.8191624004994459,,"time_left_min,mid_price,spread,price_velocity,hour_of_day,price_deviation,deviation_x_time,price_deviation_sq,spread_pct,log_time_left"
124,SOL,15,logreg,True,2026-07-11 10:42:57.367181+00,2026-07-11 10:42:57.367181+00,5m,,10,10,MATCH,,,,UNKNOWN_TARGET,no_manifest_no_era_proof,none,19208dd8bdedfc88de3e023d44eac823b476928e33746d083620d5b00b0d7515,2059,True,sklearn.calibration.CalibratedClassifierCV,True,0,,0.8078858369516613,,"time_left_min,mid_price,spread,price_velocity,hour_of_day,price_deviation,deviation_x_time,price_deviation_sq,spread_pct,log_time_left"
125,ETH,24,logreg,False,2026-07-11 10:43:05.584979+00,,5m,,10,10,MATCH,,,,UNKNOWN_TARGET,no_manifest_no_era_proof,none,e1f5e1889142447ce82a9637c6a34328018572e77864d1a285811829414a2c38,2059,True,sklearn.calibration.CalibratedClassifierCV,True,0,,0.8256493241533297,,"time_left_min,mid_price,spread,price_velocity,hour_of_day,price_deviation,deviation_x_time,price_deviation_sq,spread_pct,log_time_left"
126,BTC,25,logreg,False,2026-07-11 10:43:28.389659+00,,5m,,10,10,MATCH,,,,UNKNOWN_TARGET,no_manifest_no_era_proof,none,fcb42441d0280c2939874f7785e834c08b6a77b7f7e9470b04ff4c20eecbf633,2059,True,sklearn.calibration.CalibratedClassifierCV,True,0,,0.8275169682487459,,"time_left_min,mid_price,spread,price_velocity,hour_of_day,price_deviation,deviation_x_time,price_deviation_sq,spread_pct,log_time_left"
127,BTC,26,logreg,False,2026-07-13 10:43:59.406695+00,2026-07-13 10:43:59.406695+00,5m,,17,17,MATCH,,,t,UNKNOWN_TARGET,no_manifest_no_era_proof,none,e40fb0076ede0c3a70b6c37f8e3b63bcbaaf011f3cb148f38128ad4edc4d0091,2416,True,sklearn.calibration.CalibratedClassifierCV,True,0,,0.8505621942699666,,"time_left_min,mid_price,spread,volume_5min,price_velocity,hour_of_day,day_of_week,price_distance_from_max,price_velocity_lag1,price_momentum,spread_trend,volume_trend,price_deviation,deviation_x_time,price_deviation_sq,spread_pct,log_time_left"
128,ETH,25,logreg,False,2026-07-13 10:44:55.387181+00,,5m,,17,17,MATCH,,,,UNKNOWN_TARGET,no_manifest_no_era_proof,none,bc4cb78b3781448121346bf838caf09d91c2a3174b3cc7b7e604c1e765099b69,2416,True,sklearn.calibration.CalibratedClassifierCV,True,0,,0.8419757165616526,,"time_left_min,mid_price,spread,volume_5min,price_velocity,hour_of_day,day_of_week,price_distance_from_max,price_velocity_lag1,price_momentum,spread_trend,volume_trend,price_deviation,deviation_x_time,price_deviation_sq,spread_pct,log_time_left"
129,SOL,16,logreg,False,2026-07-13 10:45:00.220995+00,,5m,,17,17,MATCH,,,,UNKNOWN_TARGET,no_manifest_no_era_proof,none,544cc7ffa439238992cddca2a002681477f430be190a64bb9a265eeba10143c0,2416,True,sklearn.calibration.CalibratedClassifierCV,True,0,,0.8357364817914815,,"time_left_min,mid_price,spread,volume_5min,price_velocity,hour_of_day,day_of_week,price_distance_from_max,price_velocity_lag1,price_momentum,spread_trend,volume_trend,price_deviation,deviation_x_time,price_deviation_sq,spread_pct,log_time_left"
130,XRP,17,logreg,False,2026-07-13 10:45:08.816424+00,,5m,,17,17,MATCH,,,,UNKNOWN_TARGET,no_manifest_no_era_proof,none,3563fd59e01adb7bee06fd9c6e29087e2c9a002e3c241041694e09f67c1c7ed3,2416,True,sklearn.calibration.CalibratedClassifierCV,True,0,,0.8286934980727478,,"time_left_min,mid_price,spread,volume_5min,price_velocity,hour_of_day,day_of_week,price_distance_from_max,price_velocity_lag1,price_momentum,spread_trend,volume_trend,price_deviation,deviation_x_time,price_deviation_sq,spread_pct,log_time_left"
131,DOGE,17,logreg,False,2026-07-13 10:45:16.178335+00,,5m,,17,17,MATCH,,,,UNKNOWN_TARGET,no_manifest_no_era_proof,none,0c6f7e066af20f3dea0b311d878b4680394e4d7a0146ef6df75bdb4f4ff0e51a,2416,True,sklearn.calibration.CalibratedClassifierCV,True,0,,0.8610169911349652,,"time_left_min,mid_price,spread,volume_5min,price_velocity,hour_of_day,day_of_week,price_distance_from_max,price_velocity_lag1,price_momentum,spread_trend,volume_trend,price_deviation,deviation_x_time,price_deviation_sq,spread_pct,log_time_left"
132,BTC,27,logreg,False,2026-07-13 11:31:04.456082+00,,5m,,17,17,MATCH,,,,UNKNOWN_TARGET,no_manifest_no_era_proof,none,b9ee46ca160cdde6d90c51d05358b40f1ba2385b46beb63b9bb6a12796501c5a,2416,True,sklearn.calibration.CalibratedClassifierCV,True,0,,0.8503725467499968,,"time_left_min,mid_price,spread,volume_5min,price_velocity,hour_of_day,day_of_week,price_distance_from_max,price_velocity_lag1,price_momentum,spread_trend,volume_trend,price_deviation,deviation_x_time,price_deviation_sq,spread_pct,log_time_left"
133,ETH,26,logreg,False,2026-07-13 11:31:13.04656+00,,5m,,17,17,MATCH,,,,UNKNOWN_TARGET,no_manifest_no_era_proof,none,216a858ce5064a15186ce8fd4dcffcfdc01155250557fd9838a2c5a6b7b4394d,2416,True,sklearn.calibration.CalibratedClassifierCV,True,0,,0.8404072752588828,,"time_left_min,mid_price,spread,volume_5min,price_velocity,hour_of_day,day_of_week,price_distance_from_max,price_velocity_lag1,price_momentum,spread_trend,volume_trend,price_deviation,deviation_x_time,price_deviation_sq,spread_pct,log_time_left"
134,SOL,17,logreg,False,2026-07-13 11:31:19.585957+00,,5m,,17,17,MATCH,,,,UNKNOWN_TARGET,no_manifest_no_era_proof,none,148a9fa4dd572be2256c2803a8fbf7efaa32eeee8006cf812455525bdf4e3ee1,2416,True,sklearn.calibration.CalibratedClassifierCV,True,0,,0.8351598085986177,,"time_left_min,mid_price,spread,volume_5min,price_velocity,hour_of_day,day_of_week,price_distance_from_max,price_velocity_lag1,price_momentum,spread_trend,volume_trend,price_deviation,deviation_x_time,price_deviation_sq,spread_pct,log_time_left"
135,XRP,18,logreg,False,2026-07-13 11:31:26.731561+00,,5m,,17,17,MATCH,,,,UNKNOWN_TARGET,no_manifest_no_era_proof,none,9a0a6f5c25b131ac8b922a8c6f6379ea0bf878b9e62d2b11a98626b959cc16be,2416,True,sklearn.calibration.CalibratedClassifierCV,True,0,,0.8293909271897162,,"time_left_min,mid_price,spread,volume_5min,price_velocity,hour_of_day,day_of_week,price_distance_from_max,price_velocity_lag1,price_momentum,spread_trend,volume_trend,price_deviation,deviation_x_time,price_deviation_sq,spread_pct,log_time_left"
136,DOGE,18,logreg,False,2026-07-13 11:31:33.595141+00,,5m,,17,17,MATCH,,,,UNKNOWN_TARGET,no_manifest_no_era_proof,none,4a53baa75d8dafaa0c18506b156a0798deeeeb791c31c07d19a4e7010e2dd851,2416,True,sklearn.calibration.CalibratedClassifierCV,True,0,,0.864614847114251,,"time_left_min,mid_price,spread,volume_5min,price_velocity,hour_of_day,day_of_week,price_distance_from_max,price_velocity_lag1,price_momentum,spread_trend,volume_trend,price_deviation,deviation_x_time,price_deviation_sq,spread_pct,log_time_left"
137,BTC,28,logreg,False,2026-07-13 11:47:43.917065+00,,15m,,18,18,MATCH,,,,UNKNOWN_TARGET,no_manifest_no_era_proof,none,3684e99d57e20ccec73f510806500b75a33b20a8b32bc28ba5e7e2c61c770441,2461,True,sklearn.calibration.CalibratedClassifierCV,True,0,,0.8054974538630832,,"time_left_min,mid_price,spread,volume_5min,price_velocity,hour_of_day,day_of_week,price_distance_from_max,price_velocity_lag1,price_momentum,spread_trend,volume_trend,price_deviation,deviation_x_time,price_deviation_sq,spread_pct,log_time_left,time_phase"
138,ETH,27,logreg,False,2026-07-13 11:47:53.445846+00,,15m,,18,18,MATCH,,,t,UNKNOWN_TARGET,no_manifest_no_era_proof,none,02b3d43cdfc5910c2e7f7c56fdbf19d5554877c548d354d666cccc9ba9747125,2461,True,sklearn.calibration.CalibratedClassifierCV,True,0,,0.811011872371273,,"time_left_min,mid_price,spread,volume_5min,price_velocity,hour_of_day,day_of_week,price_distance_from_max,price_velocity_lag1,price_momentum,spread_trend,volume_trend,price_deviation,deviation_x_time,price_deviation_sq,spread_pct,log_time_left,time_phase"
139,SOL,18,logreg,False,2026-07-13 11:49:02.282577+00,,15m,,18,18,MATCH,,,,UNKNOWN_TARGET,no_manifest_no_era_proof,none,541a6f23f030a4e310a7bfadf791717c4b98ed040754bcd31d04c5fc0f4f8e19,2461,True,sklearn.calibration.CalibratedClassifierCV,True,0,,0.7966783569521396,,"time_left_min,mid_price,spread,volume_5min,price_velocity,hour_of_day,day_of_week,price_distance_from_max,price_velocity_lag1,price_momentum,spread_trend,volume_trend,price_deviation,deviation_x_time,price_deviation_sq,spread_pct,log_time_left,time_phase"
140,XRP,19,logreg,False,2026-07-13 11:49:11.273834+00,,15m,,18,18,MATCH,,,,UNKNOWN_TARGET,no_manifest_no_era_proof,none,74a2593a1bcdf5cecc59d2cf789ea4bf1e921b0cd982e77cc971de1924b1a4ec,2461,True,sklearn.calibration.CalibratedClassifierCV,True,0,,0.7990708803096338,,"time_left_min,mid_price,spread,volume_5min,price_velocity,hour_of_day,day_of_week,price_distance_from_max,price_velocity_lag1,price_momentum,spread_trend,volume_trend,price_deviation,deviation_x_time,price_deviation_sq,spread_pct,log_time_left,time_phase"
141,DOGE,19,logreg,False,2026-07-13 11:49:19.658867+00,,15m,,18,18,MATCH,,,,UNKNOWN_TARGET,no_manifest_no_era_proof,none,699c661d2090d09f8b9381fec9dc0a03b7bf06b7126aa0ec2420b43278e7ccec,2461,True,sklearn.calibration.CalibratedClassifierCV,True,0,,0.8214153418899759,,"time_left_min,mid_price,spread,volume_5min,price_velocity,hour_of_day,day_of_week,price_distance_from_max,price_velocity_lag1,price_momentum,spread_trend,volume_trend,price_deviation,deviation_x_time,price_deviation_sq,spread_pct,log_time_left,time_phase"
142,BTC,29,logreg,False,2026-07-13 15:34:25.09819+00,,15m,,22,22,MATCH,,,,UNKNOWN_TARGET,no_manifest_no_era_proof,none,761488a336e809ff0fdad7a097889f74ee6d2b28ff96be122ef1bc4320add0b0,29165,True,sklearn.calibration.CalibratedClassifierCV,True,0,,0.8052657469512765,,"time_left_min,mid_price,spread,volume_5min,price_velocity,hour_of_day,day_of_week,price_distance_from_max,price_velocity_lag1,price_momentum,spread_trend,volume_trend,price_deviation,deviation_x_time,price_deviation_sq,spread_pct,log_time_left,time_phase,is_final_phase,high_price_final,velocity_x_phase,dev_sq_x_phase"
143,BTC_contested,1,logreg,False,2026-07-13 15:34:26.359873+00,,15m,,22,22,MATCH,,,t,UNKNOWN_TARGET,no_manifest_no_era_proof,none,f9d5bb8d59c6b383222d55e24de3e647b3d0f4ccd7478bf31abc1e1c7cea33e7,5621,True,sklearn.calibration.CalibratedClassifierCV,True,0,,0.5614913351704738,,"time_left_min,mid_price,spread,volume_5min,price_velocity,hour_of_day,day_of_week,price_distance_from_max,price_velocity_lag1,price_momentum,spread_trend,volume_trend,price_deviation,deviation_x_time,price_deviation_sq,spread_pct,log_time_left,time_phase,is_final_phase,high_price_final,velocity_x_phase,dev_sq_x_phase"
144,BTC_decided,1,logreg,False,2026-07-13 15:34:31.647804+00,,15m,,22,22,MATCH,,,,UNKNOWN_TARGET,no_manifest_no_era_proof,none,c28e0d1bc9cdf1dba7f968fda46183d30f1b143a586125b8cb8f45e935cb23f8,21405,True,sklearn.calibration.CalibratedClassifierCV,True,0,,0.7787322625177463,,"time_left_min,mid_price,spread,volume_5min,price_velocity,hour_of_day,day_of_week,price_distance_from_max,price_velocity_lag1,price_momentum,spread_trend,volume_trend,price_deviation,deviation_x_time,price_deviation_sq,spread_pct,log_time_left,time_phase,is_final_phase,high_price_final,velocity_x_phase,dev_sq_x_phase"
145,BTC,30,logreg,False,2026-07-13 15:40:46.803329+00,,15m,,22,22,MATCH,,,,UNKNOWN_TARGET,no_manifest_no_era_proof,none,c00e383dfcef5b4fa94d576bfe7ff0a3b805e8cd5f58365bf6c9ac63555e88d2,29165,True,sklearn.calibration.CalibratedClassifierCV,True,0,,0.8055822652411413,,"time_left_min,mid_price,spread,volume_5min,price_velocity,hour_of_day,day_of_week,price_distance_from_max,price_velocity_lag1,price_momentum,spread_trend,volume_trend,price_deviation,deviation_x_time,price_deviation_sq,spread_pct,log_time_left,time_phase,is_final_phase,high_price_final,velocity_x_phase,dev_sq_x_phase"
146,BTC_contested,2,logreg,False,2026-07-13 15:40:48.179203+00,2026-07-13 15:40:48.179203+00,15m,,22,22,MATCH,,,,UNKNOWN_TARGET,no_manifest_no_era_proof,none,26aa23e68b3ae32ea6ecbad0a110c3615e0f67a3aa4a5b1e7388ec2aae354f0f,5621,True,sklearn.calibration.CalibratedClassifierCV,True,0,,0.5623107971939998,,"time_left_min,mid_price,spread,volume_5min,price_velocity,hour_of_day,day_of_week,price_distance_from_max,price_velocity_lag1,price_momentum,spread_trend,volume_trend,price_deviation,deviation_x_time,price_deviation_sq,spread_pct,log_time_left,time_phase,is_final_phase,high_price_final,velocity_x_phase,dev_sq_x_phase"
147,BTC_decided,2,logreg,False,2026-07-13 15:40:54.441031+00,,15m,,22,22,MATCH,,,t,UNKNOWN_TARGET,no_manifest_no_era_proof,none,acaea2c91fa0eedf0dd219109ab05df166e2e10d823c10a37a0e53eff56ad8bd,21405,True,sklearn.calibration.CalibratedClassifierCV,True,0,,0.7781426722729702,,"time_left_min,mid_price,spread,volume_5min,price_velocity,hour_of_day,day_of_week,price_distance_from_max,price_velocity_lag1,price_momentum,spread_trend,volume_trend,price_deviation,deviation_x_time,price_deviation_sq,spread_pct,log_time_left,time_phase,is_final_phase,high_price_final,velocity_x_phase,dev_sq_x_phase"
148,ETH,28,logreg,False,2026-07-13 15:41:28.709758+00,,15m,,22,22,MATCH,,,,UNKNOWN_TARGET,no_manifest_no_era_proof,none,1bf2bb4e83a521896d429da4d2fd9128ee22fecf049a635600b7188837569d2e,28997,True,sklearn.calibration.CalibratedClassifierCV,True,0,,0.8097184680856749,,"time_left_min,mid_price,spread,volume_5min,price_velocity,hour_of_day,day_of_week,price_distance_from_max,price_velocity_lag1,price_momentum,spread_trend,volume_trend,price_deviation,deviation_x_time,price_deviation_sq,spread_pct,log_time_left,time_phase,is_final_phase,high_price_final,velocity_x_phase,dev_sq_x_phase"
149,ETH_decided,1,logreg,False,2026-07-13 15:41:36.986108+00,,15m,,22,22,MATCH,,,,UNKNOWN_TARGET,no_manifest_no_era_proof,none,81e1a724f77c3eec68dc27745021dcd63dbf0fb688306734e55afe89c91c35c6,21237,True,sklearn.calibration.CalibratedClassifierCV,True,0,,0.7841883983501442,,"time_left_min,mid_price,spread,volume_5min,price_velocity,hour_of_day,day_of_week,price_distance_from_max,price_velocity_lag1,price_momentum,spread_trend,volume_trend,price_deviation,deviation_x_time,price_deviation_sq,spread_pct,log_time_left,time_phase,is_final_phase,high_price_final,velocity_x_phase,dev_sq_x_phase"
150,SOL,19,logreg,False,2026-07-13 15:43:47.970003+00,,15m,,22,22,MATCH,,,,UNKNOWN_TARGET,no_manifest_no_era_proof,none,e379d1190583bf7abff7e51baa374317ad496ae75cfa677d96af7c2c78033fc6,26205,True,sklearn.calibration.CalibratedClassifierCV,True,0,,0.7968521280695828,,"time_left_min,mid_price,spread,volume_5min,price_velocity,hour_of_day,day_of_week,price_distance_from_max,price_velocity_lag1,price_momentum,spread_trend,volume_trend,price_deviation,deviation_x_time,price_deviation_sq,spread_pct,log_time_left,time_phase,is_final_phase,high_price_final,velocity_x_phase,dev_sq_x_phase"
151,SOL_leaning,1,logreg,False,2026-07-13 15:43:51.325201+00,,15m,,22,22,MATCH,,,,UNKNOWN_TARGET,no_manifest_no_era_proof,none,83aa77d5ab1868ff7c1665454d3808557b924a27eb153090049bf0dc9cccf4c3,7045,True,sklearn.calibration.CalibratedClassifierCV,True,0,,0.5573622395452175,,"time_left_min,mid_price,spread,volume_5min,price_velocity,hour_of_day,day_of_week,price_distance_from_max,price_velocity_lag1,price_momentum,spread_trend,volume_trend,price_deviation,deviation_x_time,price_deviation_sq,spread_pct,log_time_left,time_phase,is_final_phase,high_price_final,velocity_x_phase,dev_sq_x_phase"
152,SOL_decided,1,logreg,False,2026-07-13 15:43:55.485201+00,,15m,,22,22,MATCH,,,,UNKNOWN_TARGET,no_manifest_no_era_proof,none,552471ad49230ae4f4875a58d01ea7a5e29c2f4977ec9f72ce2150156c91558a,19317,True,sklearn.calibration.CalibratedClassifierCV,True,0,,0.7605295104357617,,"time_left_min,mid_price,spread,volume_5min,price_velocity,hour_of_day,day_of_week,price_distance_from_max,price_velocity_lag1,price_momentum,spread_trend,volume_trend,price_deviation,deviation_x_time,price_deviation_sq,spread_pct,log_time_left,time_phase,is_final_phase,high_price_final,velocity_x_phase,dev_sq_x_phase"
153,XRP,20,logreg,False,2026-07-13 15:44:05.437432+00,,15m,,22,22,MATCH,,,,UNKNOWN_TARGET,no_manifest_no_era_proof,none,a781ba82c51883779189c6f1836aa41196f1c2fcb15f1f6257e6405812d38afe,26317,True,sklearn.calibration.CalibratedClassifierCV,True,0,,0.7981081018368882,,"time_left_min,mid_price,spread,volume_5min,price_velocity,hour_of_day,day_of_week,price_distance_from_max,price_velocity_lag1,price_momentum,spread_trend,volume_trend,price_deviation,deviation_x_time,price_deviation_sq,spread_pct,log_time_left,time_phase,is_final_phase,high_price_final,velocity_x_phase,dev_sq_x_phase"
154,XRP_leaning,1,logreg,False,2026-07-13 15:44:08.686751+00,,15m,,22,22,MATCH,,,,UNKNOWN_TARGET,no_manifest_no_era_proof,none,03a5a69377af8afe175f42eac4422635396e7b182999446edd641d94c81c3152,7085,True,sklearn.calibration.CalibratedClassifierCV,True,0,,0.5566686232151816,,"time_left_min,mid_price,spread,volume_5min,price_velocity,hour_of_day,day_of_week,price_distance_from_max,price_velocity_lag1,price_momentum,spread_trend,volume_trend,price_deviation,deviation_x_time,price_deviation_sq,spread_pct,log_time_left,time_phase,is_final_phase,high_price_final,velocity_x_phase,dev_sq_x_phase"
155,XRP_decided,1,logreg,False,2026-07-13 15:44:12.912063+00,,15m,,22,22,MATCH,,,,UNKNOWN_TARGET,no_manifest_no_era_proof,none,dbc421bc2d6f3c8c879ab16e8143da842fd3629ba3f9a33892316770b8c3bcb6,19229,True,sklearn.calibration.CalibratedClassifierCV,True,0,,0.7712349951994334,,"time_left_min,mid_price,spread,volume_5min,price_velocity,hour_of_day,day_of_week,price_distance_from_max,price_velocity_lag1,price_momentum,spread_trend,volume_trend,price_deviation,deviation_x_time,price_deviation_sq,spread_pct,log_time_left,time_phase,is_final_phase,high_price_final,velocity_x_phase,dev_sq_x_phase"
156,DOGE,20,logreg,False,2026-07-13 15:44:36.120375+00,,15m,,22,22,MATCH,,,,UNKNOWN_TARGET,no_manifest_no_era_proof,none,c28b99b7b08e2a51b568c38eb2d2d0c58cebef5c12ab5babd095d06b0eee8369,26045,True,sklearn.calibration.CalibratedClassifierCV,True,0,,0.8178810883662047,,"time_left_min,mid_price,spread,volume_5min,price_velocity,hour_of_day,day_of_week,price_distance_from_max,price_velocity_lag1,price_momentum,spread_trend,volume_trend,price_deviation,deviation_x_time,price_deviation_sq,spread_pct,log_time_left,time_phase,is_final_phase,high_price_final,velocity_x_phase,dev_sq_x_phase"
157,DOGE_contested,1,logreg,False,2026-07-13 15:44:51.322278+00,,15m,,22,22,MATCH,,,,UNKNOWN_TARGET,no_manifest_no_era_proof,none,04cd9f76d512701568b51781ee49b35e0d95aae9310d8d2f425cf1988d5f6727,5413,True,sklearn.calibration.CalibratedClassifierCV,True,0,,0.5303636496356205,,"time_left_min,mid_price,spread,volume_5min,price_velocity,hour_of_day,day_of_week,price_distance_from_max,price_velocity_lag1,price_momentum,spread_trend,volume_trend,price_deviation,deviation_x_time,price_deviation_sq,spread_pct,log_time_left,time_phase,is_final_phase,high_price_final,velocity_x_phase,dev_sq_x_phase"
158,DOGE_leaning,1,logreg,False,2026-07-13 15:44:59.592784+00,,15m,,22,22,MATCH,,,,UNKNOWN_TARGET,no_manifest_no_era_proof,none,372f2a3e327549ba1ebbf8ad20a543038354c016c0d7a47b89ef6064fdb9d39f,6525,True,sklearn.calibration.CalibratedClassifierCV,True,0,,0.5380099680093211,,"time_left_min,mid_price,spread,volume_5min,price_velocity,hour_of_day,day_of_week,price_distance_from_max,price_velocity_lag1,price_momentum,spread_trend,volume_trend,price_deviation,deviation_x_time,price_deviation_sq,spread_pct,log_time_left,time_phase,is_final_phase,high_price_final,velocity_x_phase,dev_sq_x_phase"
159,DOGE_decided,1,logreg,False,2026-07-13 15:45:17.327297+00,,15m,,22,22,MATCH,,,,UNKNOWN_TARGET,no_manifest_no_era_proof,none,8f5d290e7ccaa116a06e51f8dbbf54d5e4076322ea96738e0df8c19996c70ab9,19517,True,sklearn.calibration.CalibratedClassifierCV,True,0,,0.7867045638784506,,"time_left_min,mid_price,spread,volume_5min,price_velocity,hour_of_day,day_of_week,price_distance_from_max,price_velocity_lag1,price_momentum,spread_trend,volume_trend,price_deviation,deviation_x_time,price_deviation_sq,spread_pct,log_time_left,time_phase,is_final_phase,high_price_final,velocity_x_phase,dev_sq_x_phase"
160,BTC,31,logreg,False,2026-07-14 06:41:14.906565+00,,15m,,22,22,MATCH,,,,UNKNOWN_TARGET,no_manifest_no_era_proof,none,d4974037dc2d936746bde752255b5ae5e3e561ce2fd5186a5b0acbee7fd695f2,22333,True,sklearn.calibration.CalibratedClassifierCV,True,0,,0.8313142127478212,,"time_left_min,mid_price,spread,volume_5min,price_velocity,hour_of_day,day_of_week,price_distance_from_max,price_velocity_lag1,price_momentum,spread_trend,volume_trend,price_deviation,deviation_x_time,price_deviation_sq,spread_pct,log_time_left,time_phase,is_final_phase,high_price_final,velocity_x_phase,dev_sq_x_phase"
161,ETH,29,logreg,False,2026-07-14 06:41:16.602298+00,,15m,,22,22,MATCH,,,,UNKNOWN_TARGET,no_manifest_no_era_proof,none,219b2e36edaf2672a95abe06fe5809422686c24fd837c20000c6ea6eae768f21,22149,True,sklearn.calibration.CalibratedClassifierCV,True,0,,0.8310846609947158,,"time_left_min,mid_price,spread,volume_5min,price_velocity,hour_of_day,day_of_week,price_distance_from_max,price_velocity_lag1,price_momentum,spread_trend,volume_trend,price_deviation,deviation_x_time,price_deviation_sq,spread_pct,log_time_left,time_phase,is_final_phase,high_price_final,velocity_x_phase,dev_sq_x_phase"
162,ETH_contested,1,logreg,True,2026-07-14 06:41:50.856989+00,2026-07-14 06:41:50.856989+00,15m,,22,22,MATCH,,,t,UNKNOWN_TARGET,no_manifest_no_era_proof,none,ff916d257ecefa1d9751fb4a071b9b7ec3b831bd4778fa478ac0adc9df5e9bf1,4444,True,sklearn.calibration.CalibratedClassifierCV,True,0,,0.5390723921823943,,"time_left_min,mid_price,spread,volume_5min,price_velocity,hour_of_day,day_of_week,price_distance_from_max,price_velocity_lag1,price_momentum,spread_trend,volume_trend,price_deviation,deviation_x_time,price_deviation_sq,spread_pct,log_time_left,time_phase,is_final_phase,high_price_final,velocity_x_phase,dev_sq_x_phase"
163,ETH_decided,2,logreg,False,2026-07-14 06:43:46.640799+00,,15m,,22,22,MATCH,,,,UNKNOWN_TARGET,no_manifest_no_era_proof,none,5e214632cf1464cb009a3271bda13c227b70ec2af21ffb00b5748ef7b507d275,17333,True,sklearn.calibration.CalibratedClassifierCV,True,0,,0.7991604040237231,,"time_left_min,mid_price,spread,volume_5min,price_velocity,hour_of_day,day_of_week,price_distance_from_max,price_velocity_lag1,price_momentum,spread_trend,volume_trend,price_deviation,deviation_x_time,price_deviation_sq,spread_pct,log_time_left,time_phase,is_final_phase,high_price_final,velocity_x_phase,dev_sq_x_phase"
164,BTC_decided,3,logreg,False,2026-07-14 06:43:49.150612+00,,15m,,22,22,MATCH,,,,UNKNOWN_TARGET,no_manifest_no_era_proof,none,319a90cb62c755c7e6744435dae845e066b2b7463eb4ae57feddad0be9aebe06,17645,True,sklearn.calibration.CalibratedClassifierCV,True,0,,0.8032625845755689,,"time_left_min,mid_price,spread,volume_5min,price_velocity,hour_of_day,day_of_week,price_distance_from_max,price_velocity_lag1,price_momentum,spread_trend,volume_trend,price_deviation,deviation_x_time,price_deviation_sq,spread_pct,log_time_left,time_phase,is_final_phase,high_price_final,velocity_x_phase,dev_sq_x_phase"
165,SOL,20,logreg,False,2026-07-14 06:45:17.361993+00,,15m,,22,22,MATCH,,,,UNKNOWN_TARGET,no_manifest_no_era_proof,none,f059a82d28ea1d91edced3c94fdba630ffb4caa4af41edfb11a3b52206cf7fdd,20189,True,sklearn.calibration.CalibratedClassifierCV,True,0,,0.8133224375248709,,"time_left_min,mid_price,spread,volume_5min,price_velocity,hour_of_day,day_of_week,price_distance_from_max,price_velocity_lag1,price_momentum,spread_trend,volume_trend,price_deviation,deviation_x_time,price_deviation_sq,spread_pct,log_time_left,time_phase,is_final_phase,high_price_final,velocity_x_phase,dev_sq_x_phase"
166,SOL_decided,2,logreg,True,2026-07-14 06:46:12.638134+00,,15m,,22,22,MATCH,,,,UNKNOWN_TARGET,no_manifest_no_era_proof,none,a7381c196747d7fae659dc8a8dcc1e9989adc0654ec9fd0625110e81cd474007,15821,True,sklearn.calibration.CalibratedClassifierCV,True,0,,0.7721326661160959,,"time_left_min,mid_price,spread,volume_5min,price_velocity,hour_of_day,day_of_week,price_distance_from_max,price_velocity_lag1,price_momentum,spread_trend,volume_trend,price_deviation,deviation_x_time,price_deviation_sq,spread_pct,log_time_left,time_phase,is_final_phase,high_price_final,velocity_x_phase,dev_sq_x_phase"
167,XRP,21,logreg,False,2026-07-14 06:47:10.873652+00,,15m,,22,22,MATCH,,,,UNKNOWN_TARGET,no_manifest_no_era_proof,none,2542786f23b4d6771c94e281811da917d459f23c119588ffc90596816aaa1664,20317,True,sklearn.calibration.CalibratedClassifierCV,True,0,,0.8217245707096561,,"time_left_min,mid_price,spread,volume_5min,price_velocity,hour_of_day,day_of_week,price_distance_from_max,price_velocity_lag1,price_momentum,spread_trend,volume_trend,price_deviation,deviation_x_time,price_deviation_sq,spread_pct,log_time_left,time_phase,is_final_phase,high_price_final,velocity_x_phase,dev_sq_x_phase"
168,XRP_leaning,2,logreg,False,2026-07-14 06:47:50.114032+00,,15m,,22,22,MATCH,,,,UNKNOWN_TARGET,no_manifest_no_era_proof,none,9b8822701cfe6a6d54bb89b4eb78eabb45fe35a85da5aafb51da10e6b5fdb1e6,5477,True,sklearn.calibration.CalibratedClassifierCV,True,0,,0.5517694415944707,,"time_left_min,mid_price,spread,volume_5min,price_velocity,hour_of_day,day_of_week,price_distance_from_max,price_velocity_lag1,price_momentum,spread_trend,volume_trend,price_deviation,deviation_x_time,price_deviation_sq,spread_pct,log_time_left,time_phase,is_final_phase,high_price_final,velocity_x_phase,dev_sq_x_phase"
169,XRP_decided,2,logreg,False,2026-07-14 06:48:22.141415+00,,15m,,22,22,MATCH,,,,UNKNOWN_TARGET,no_manifest_no_era_proof,none,c3dd78164fc9e4a0faec2da0694d5f02e3097b7805e36a1721f637aac97fc462,15869,True,sklearn.calibration.CalibratedClassifierCV,True,0,,0.7868618701433234,,"time_left_min,mid_price,spread,volume_5min,price_velocity,hour_of_day,day_of_week,price_distance_from_max,price_velocity_lag1,price_momentum,spread_trend,volume_trend,price_deviation,deviation_x_time,price_deviation_sq,spread_pct,log_time_left,time_phase,is_final_phase,high_price_final,velocity_x_phase,dev_sq_x_phase"
170,DOGE,21,logreg,False,2026-07-14 07:10:19.46979+00,,15m,,22,22,MATCH,,,,UNKNOWN_TARGET,no_manifest_no_era_proof,none,b5843cf3a1604dbe5f6586c41779bc06813651142d980f64804b0d303e4536ac,20053,True,sklearn.calibration.CalibratedClassifierCV,True,0,,0.8408227635111348,,"time_left_min,mid_price,spread,volume_5min,price_velocity,hour_of_day,day_of_week,price_distance_from_max,price_velocity_lag1,price_momentum,spread_trend,volume_trend,price_deviation,deviation_x_time,price_deviation_sq,spread_pct,log_time_left,time_phase,is_final_phase,high_price_final,velocity_x_phase,dev_sq_x_phase"
171,DOGE_contested,2,logreg,False,2026-07-14 07:10:25.60241+00,,15m,,22,22,MATCH,,,,UNKNOWN_TARGET,no_manifest_no_era_proof,none,a740b091100f8878d36a683d2674af6c28b5a22ae6dc24a3284c923d0af46b21,4364,True,sklearn.calibration.CalibratedClassifierCV,True,0,,0.5336864149270466,,"time_left_min,mid_price,spread,volume_5min,price_velocity,hour_of_day,day_of_week,price_distance_from_max,price_velocity_lag1,price_momentum,spread_trend,volume_trend,price_deviation,deviation_x_time,price_deviation_sq,spread_pct,log_time_left,time_phase,is_final_phase,high_price_final,velocity_x_phase,dev_sq_x_phase"
172,DOGE_leaning,2,logreg,False,2026-07-14 07:10:27.750079+00,,15m,,22,22,MATCH,,,,UNKNOWN_TARGET,no_manifest_no_era_proof,none,6790d361cf2bada433fa67305ad888666a9268ca7fb737549e4b80c07551a4c4,5077,True,sklearn.calibration.CalibratedClassifierCV,True,0,,0.536114385203302,,"time_left_min,mid_price,spread,volume_5min,price_velocity,hour_of_day,day_of_week,price_distance_from_max,price_velocity_lag1,price_momentum,spread_trend,volume_trend,price_deviation,deviation_x_time,price_deviation_sq,spread_pct,log_time_left,time_phase,is_final_phase,high_price_final,velocity_x_phase,dev_sq_x_phase"
173,DOGE_decided,2,logreg,False,2026-07-14 07:10:32.023398+00,,15m,,22,22,MATCH,,,,UNKNOWN_TARGET,no_manifest_no_era_proof,none,1404757751e6c18dfe3912a5c1c37c6f81ca4aef70e02d52c1b1a09e71bdb088,16013,True,sklearn.calibration.CalibratedClassifierCV,True,0,,0.8048492361606783,,"time_left_min,mid_price,spread,volume_5min,price_velocity,hour_of_day,day_of_week,price_distance_from_max,price_velocity_lag1,price_momentum,spread_trend,volume_trend,price_deviation,deviation_x_time,price_deviation_sq,spread_pct,log_time_left,time_phase,is_final_phase,high_price_final,velocity_x_phase,dev_sq_x_phase"
174,DOGE,22,logreg,False,2026-07-15 03:14:43.95513+00,,15m,,22,22,MATCH,,,,UNKNOWN_TARGET,no_manifest_no_era_proof,none,d7811241184fed292ef539ad498787b0f9fdde67c6be002fa25b6e4d68410e53,52213,True,sklearn.calibration.CalibratedClassifierCV,True,0,,0.7518418393991333,,"time_left_min,mid_price,spread,volume_5min,price_velocity,hour_of_day,day_of_week,price_distance_from_max,price_velocity_lag1,price_momentum,spread_trend,volume_trend,price_deviation,deviation_x_time,price_deviation_sq,spread_pct,log_time_left,time_phase,is_final_phase,high_price_final,velocity_x_phase,dev_sq_x_phase"
175,DOGE_contested,3,logreg,False,2026-07-15 03:15:08.169547+00,,15m,,22,22,MATCH,,,,UNKNOWN_TARGET,no_manifest_no_era_proof,none,a0a17ce00ee8365d4089596456ffe0a9b0176231e1abd5e552aa7f7c2016fdbf,14477,True,sklearn.calibration.CalibratedClassifierCV,True,0,,0.5303616161981245,,"time_left_min,mid_price,spread,volume_5min,price_velocity,hour_of_day,day_of_week,price_distance_from_max,price_velocity_lag1,price_momentum,spread_trend,volume_trend,price_deviation,deviation_x_time,price_deviation_sq,spread_pct,log_time_left,time_phase,is_final_phase,high_price_final,velocity_x_phase,dev_sq_x_phase"
176,DOGE_leaning,3,logreg,False,2026-07-15 03:15:34.425145+00,,15m,,22,22,MATCH,,,,UNKNOWN_TARGET,no_manifest_no_era_proof,none,fc6a5e599dbdf7288234bf98553d4e705a30780b06b62546f6fe05cb8a3a18e2,15533,True,sklearn.calibration.CalibratedClassifierCV,True,0,,0.5393841423189866,,"time_left_min,mid_price,spread,volume_5min,price_velocity,hour_of_day,day_of_week,price_distance_from_max,price_velocity_lag1,price_momentum,spread_trend,volume_trend,price_deviation,deviation_x_time,price_deviation_sq,spread_pct,log_time_left,time_phase,is_final_phase,high_price_final,velocity_x_phase,dev_sq_x_phase"
177,DOGE_decided,3,logreg,False,2026-07-15 03:17:06.458679+00,,15m,,22,22,MATCH,,,,UNKNOWN_TARGET,no_manifest_no_era_proof,none,d0f2200aeb49bd54fa48e3a05ae99a689f01e7ec8433f3dfe1af70fe4a2e23d3,28485,True,sklearn.calibration.CalibratedClassifierCV,True,0,,0.7663070608662829,,"time_left_min,mid_price,spread,volume_5min,price_velocity,hour_of_day,day_of_week,price_distance_from_max,price_velocity_lag1,price_momentum,spread_trend,volume_trend,price_deviation,deviation_x_time,price_deviation_sq,spread_pct,log_time_left,time_phase,is_final_phase,high_price_final,velocity_x_phase,dev_sq_x_phase"
178,XRP,22,logreg,False,2026-07-15 03:51:18.272416+00,,15m,,22,22,MATCH,,,,UNKNOWN_TARGET,no_manifest_no_era_proof,none,dfde56e078b5504542455d6dac4d9993a4831fa9fcdb7c041becff85f2add896,52733,True,sklearn.calibration.CalibratedClassifierCV,True,0,,0.7467255257305524,,"time_left_min,mid_price,spread,volume_5min,price_velocity,hour_of_day,day_of_week,price_distance_from_max,price_velocity_lag1,price_momentum,spread_trend,volume_trend,price_deviation,deviation_x_time,price_deviation_sq,spread_pct,log_time_left,time_phase,is_final_phase,high_price_final,velocity_x_phase,dev_sq_x_phase"
179,XRP_leaning,3,logreg,False,2026-07-15 03:53:26.501464+00,,15m,,22,22,MATCH,,,,UNKNOWN_TARGET,no_manifest_no_era_proof,none,80c46165ccfb4bdedd555765cd3d1f3c401ab6ff830106f74d03db8311486a55,16461,True,sklearn.calibration.CalibratedClassifierCV,True,0,,0.539486860314774,,"time_left_min,mid_price,spread,volume_5min,price_velocity,hour_of_day,day_of_week,price_distance_from_max,price_velocity_lag1,price_momentum,spread_trend,volume_trend,price_deviation,deviation_x_time,price_deviation_sq,spread_pct,log_time_left,time_phase,is_final_phase,high_price_final,velocity_x_phase,dev_sq_x_phase"
180,XRP_decided,3,logreg,False,2026-07-15 03:54:54.003057+00,,15m,,22,22,MATCH,,,,UNKNOWN_TARGET,no_manifest_no_era_proof,none,8ef0eed17880e348c7ede00f11c943fc23532de05219ba749ee7a95ab8233aec,27917,True,sklearn.calibration.CalibratedClassifierCV,True,0,,0.7518324469692186,,"time_left_min,mid_price,spread,volume_5min,price_velocity,hour_of_day,day_of_week,price_distance_from_max,price_velocity_lag1,price_momentum,spread_trend,volume_trend,price_deviation,deviation_x_time,price_deviation_sq,spread_pct,log_time_left,time_phase,is_final_phase,high_price_final,velocity_x_phase,dev_sq_x_phase"
181,SOL,21,logreg,False,2026-07-15 04:22:31.379537+00,,15m,,22,22,MATCH,,,t,UNKNOWN_TARGET,no_manifest_no_era_proof,none,c0c60dd7497c9616a89fd1e599472ead7027020e525bd60e8a7cb3531620a3cb,52957,True,sklearn.calibration.CalibratedClassifierCV,True,0,,0.7458637373960219,,"time_left_min,mid_price,spread,volume_5min,price_velocity,hour_of_day,day_of_week,price_distance_from_max,price_velocity_lag1,price_momentum,spread_trend,volume_trend,price_deviation,deviation_x_time,price_deviation_sq,spread_pct,log_time_left,time_phase,is_final_phase,high_price_final,velocity_x_phase,dev_sq_x_phase"
182,SOL_leaning,2,logreg,False,2026-07-15 04:22:36.983256+00,,15m,,22,22,MATCH,,,,UNKNOWN_TARGET,no_manifest_no_era_proof,none,2714ec1a85861aeff324b03277b40f85aa494cd72db0c03a38549a9f8acc7315,15605,True,sklearn.calibration.CalibratedClassifierCV,True,0,,0.5584681713256907,,"time_left_min,mid_price,spread,volume_5min,price_velocity,hour_of_day,day_of_week,price_distance_from_max,price_velocity_lag1,price_momentum,spread_trend,volume_trend,price_deviation,deviation_x_time,price_deviation_sq,spread_pct,log_time_left,time_phase,is_final_phase,high_price_final,velocity_x_phase,dev_sq_x_phase"
183,SOL_decided,3,logreg,False,2026-07-15 04:23:22.059048+00,,15m,,22,22,MATCH,,,,UNKNOWN_TARGET,no_manifest_no_era_proof,none,9f0a2f3d1afbc1a82bee73c7dc4b754b3b3e24b637eefe5540bee07c7f555c4d,27245,True,sklearn.calibration.CalibratedClassifierCV,True,0,,0.7396026945000271,,"time_left_min,mid_price,spread,volume_5min,price_velocity,hour_of_day,day_of_week,price_distance_from_max,price_velocity_lag1,price_momentum,spread_trend,volume_trend,price_deviation,deviation_x_time,price_deviation_sq,spread_pct,log_time_left,time_phase,is_final_phase,high_price_final,velocity_x_phase,dev_sq_x_phase"
184,ETH,30,logreg,False,2026-07-15 04:44:12.253212+00,,15m,,22,22,MATCH,,,,UNKNOWN_TARGET,no_manifest_no_era_proof,none,1575510e10d8992b6c2830a235ded9360f1dae46d6bd4f72ee8bf082619f02a0,58061,True,sklearn.calibration.CalibratedClassifierCV,True,0,,0.76018368080657,,"time_left_min,mid_price,spread,volume_5min,price_velocity,hour_of_day,day_of_week,price_distance_from_max,price_velocity_lag1,price_momentum,spread_trend,volume_trend,price_deviation,deviation_x_time,price_deviation_sq,spread_pct,log_time_left,time_phase,is_final_phase,high_price_final,velocity_x_phase,dev_sq_x_phase"
185,ETH_leaning,1,logreg,False,2026-07-15 04:44:19.907936+00,,15m,,22,22,MATCH,,,,UNKNOWN_TARGET,no_manifest_no_era_proof,none,ce89ce248f368075baa4cc9e9274ae9984b8640e2c34a977bf547f7f7ad9ed53,17717,True,sklearn.calibration.CalibratedClassifierCV,True,0,,0.5563440032954423,,"time_left_min,mid_price,spread,volume_5min,price_velocity,hour_of_day,day_of_week,price_distance_from_max,price_velocity_lag1,price_momentum,spread_trend,volume_trend,price_deviation,deviation_x_time,price_deviation_sq,spread_pct,log_time_left,time_phase,is_final_phase,high_price_final,velocity_x_phase,dev_sq_x_phase"
186,ETH_decided,3,logreg,False,2026-07-15 04:44:26.603937+00,,15m,,22,22,MATCH,,,t,UNKNOWN_TARGET,no_manifest_no_era_proof,none,31db0865d12ef189cbbd52f48c070caf10f9b56c269b09f4107d35253be48af2,30533,True,sklearn.calibration.CalibratedClassifierCV,True,0,,0.7601461089027219,,"time_left_min,mid_price,spread,volume_5min,price_velocity,hour_of_day,day_of_week,price_distance_from_max,price_velocity_lag1,price_momentum,spread_trend,volume_trend,price_deviation,deviation_x_time,price_deviation_sq,spread_pct,log_time_left,time_phase,is_final_phase,high_price_final,velocity_x_phase,dev_sq_x_phase"
187,BTC,32,logreg,False,2026-07-15 04:55:12.610116+00,,15m,,22,22,MATCH,,,,UNKNOWN_TARGET,no_manifest_no_era_proof,none,f97b5945f75b12cc33a485443c179ebbbdf67f2ed4320fdb1627286b11887fda,58261,True,sklearn.calibration.CalibratedClassifierCV,True,0,,0.7519398577950704,,"time_left_min,mid_price,spread,volume_5min,price_velocity,hour_of_day,day_of_week,price_distance_from_max,price_velocity_lag1,price_momentum,spread_trend,volume_trend,price_deviation,deviation_x_time,price_deviation_sq,spread_pct,log_time_left,time_phase,is_final_phase,high_price_final,velocity_x_phase,dev_sq_x_phase"
188,BTC_decided,4,logreg,False,2026-07-15 04:58:45.837656+00,,15m,,22,22,MATCH,,,,UNKNOWN_TARGET,no_manifest_no_era_proof,none,73ab95da2b9fa7c1afb470170c12b5644defe4b407bcb506f211e9bb1802fc1c,29397,True,sklearn.calibration.CalibratedClassifierCV,True,0,,0.7545205756942228,,"time_left_min,mid_price,spread,volume_5min,price_velocity,hour_of_day,day_of_week,price_distance_from_max,price_velocity_lag1,price_momentum,spread_trend,volume_trend,price_deviation,deviation_x_time,price_deviation_sq,spread_pct,log_time_left,time_phase,is_final_phase,high_price_final,velocity_x_phase,dev_sq_x_phase"
189,BTCUSDT_low_vol,8,lgbm,False,2026-07-16 07:55:46.794913+00,,15m,low_vol,27,27,MATCH,,,,LEGACY_BINANCE_DIRECTION,era_code_482a6914_ret1_shift_minus1_plus_guard_hint_0968d065,next_15m_candle,928b5693bae709e5fab7b846bb1c2db3432da04ddeca09975e972c6c784fe68b,611794,True,sklearn.calibration.CalibratedClassifierCV,True,1,,0.51550838402545,,"ret_1,ret_3,ret_6,ret_12,ret_24,ret_48,vol_6,vol_24,vol_48,vol_ratio,vol_trend,vol_z_1,taker_buy_ratio,rsi_14,ema_ratio_9_21,bb_width,bb_position,dist_to_high_24,dist_to_low_24,dist_to_high_96,dist_to_low_96,range_1,range_avg_24,consec_up,consec_down,hour_utc,dow"
190,BTCUSDT_mid_vol,2,lgbm,False,2026-07-16 07:55:46.794913+00,,15m,mid_vol,27,27,MATCH,,,,LEGACY_BINANCE_DIRECTION,era_code_482a6914_ret1_shift_minus1_plus_guard_hint_0968d065,next_15m_candle,964f22e8a82483f4449cced3feea37b97aab6fab6ae5c858d0664c3a550087d3,620583,True,sklearn.calibration.CalibratedClassifierCV,True,1,,0.5324414617626324,,"ret_1,ret_3,ret_6,ret_12,ret_24,ret_48,vol_6,vol_24,vol_48,vol_ratio,vol_trend,vol_z_1,taker_buy_ratio,rsi_14,ema_ratio_9_21,bb_width,bb_position,dist_to_high_24,dist_to_low_24,dist_to_high_96,dist_to_low_96,range_1,range_avg_24,consec_up,consec_down,hour_utc,dow"
191,BTCUSDT_high_vol,8,lgbm,False,2026-07-16 07:55:46.794913+00,,15m,high_vol,27,27,MATCH,,,,LEGACY_BINANCE_DIRECTION,era_code_482a6914_ret1_shift_minus1_plus_guard_hint_0968d065,next_15m_candle,c1aecc48c1e04101dd83fd7f47b6d3facf63273c9320f95274f20c5cccc6b085,576969,True,sklearn.calibration.CalibratedClassifierCV,True,1,,0.5225815039358673,,"ret_1,ret_3,ret_6,ret_12,ret_24,ret_48,vol_6,vol_24,vol_48,vol_ratio,vol_trend,vol_z_1,taker_buy_ratio,rsi_14,ema_ratio_9_21,bb_width,bb_position,dist_to_high_24,dist_to_low_24,dist_to_high_96,dist_to_low_96,range_1,range_avg_24,consec_up,consec_down,hour_utc,dow"
192,BTCUSDT_low_vol,9,lgbm,False,2026-07-16 14:59:16.558984+00,,15m,low_vol,27,27,MATCH,,,,LEGACY_BINANCE_DIRECTION,era_code_482a6914_ret1_shift_minus1_plus_guard_hint_0968d065,next_15m_candle,f2a6e7f073e895bc4b52d3927073ce05a57a5f1903ac231845af5e9c9a0a1069,588573,True,sklearn.calibration.CalibratedClassifierCV,True,1,,0.5198412120800449,,"ret_1,ret_3,ret_6,ret_12,ret_24,ret_48,vol_6,vol_24,vol_48,vol_ratio,vol_trend,vol_z_1,taker_buy_ratio,rsi_14,ema_ratio_9_21,bb_width,bb_position,dist_to_high_24,dist_to_low_24,dist_to_high_96,dist_to_low_96,range_1,range_avg_24,consec_up,consec_down,hour_utc,dow"
193,BTCUSDT_mid_vol,3,lgbm,False,2026-07-16 14:59:16.558984+00,,15m,mid_vol,27,27,MATCH,,,,LEGACY_BINANCE_DIRECTION,era_code_482a6914_ret1_shift_minus1_plus_guard_hint_0968d065,next_15m_candle,a23527f90409ded002e30b813f128c68575a8999bb2cec4761b89d70a4aaea78,619340,True,sklearn.calibration.CalibratedClassifierCV,True,1,,0.5148324450237427,,"ret_1,ret_3,ret_6,ret_12,ret_24,ret_48,vol_6,vol_24,vol_48,vol_ratio,vol_trend,vol_z_1,taker_buy_ratio,rsi_14,ema_ratio_9_21,bb_width,bb_position,dist_to_high_24,dist_to_low_24,dist_to_high_96,dist_to_low_96,range_1,range_avg_24,consec_up,consec_down,hour_utc,dow"
194,BTCUSDT_high_vol,9,lgbm,False,2026-07-16 14:59:16.558984+00,,15m,high_vol,27,27,MATCH,,,,LEGACY_BINANCE_DIRECTION,era_code_482a6914_ret1_shift_minus1_plus_guard_hint_0968d065,next_15m_candle,e992a4a7660a9a27fa2e411362d10471a83e415a11ce2129ef76a471b59b1346,591323,True,sklearn.calibration.CalibratedClassifierCV,True,1,,0.5284503248579158,,"ret_1,ret_3,ret_6,ret_12,ret_24,ret_48,vol_6,vol_24,vol_48,vol_ratio,vol_trend,vol_z_1,taker_buy_ratio,rsi_14,ema_ratio_9_21,bb_width,bb_position,dist_to_high_24,dist_to_low_24,dist_to_high_96,dist_to_low_96,range_1,range_avg_24,consec_up,consec_down,hour_utc,dow"
195,ETHUSDT_low_vol,8,lgbm,False,2026-07-16 15:00:16.942248+00,,15m,low_vol,27,27,MATCH,,,,LEGACY_BINANCE_DIRECTION,era_code_482a6914_ret1_shift_minus1_plus_guard_hint_0968d065,next_15m_candle,850c76749a2c09a2b9b57443128be3288ff0730cd155eaf91faba6973426e12a,586201,True,sklearn.calibration.CalibratedClassifierCV,True,1,,0.513060638068287,,"ret_1,ret_3,ret_6,ret_12,ret_24,ret_48,vol_6,vol_24,vol_48,vol_ratio,vol_trend,vol_z_1,taker_buy_ratio,rsi_14,ema_ratio_9_21,bb_width,bb_position,dist_to_high_24,dist_to_low_24,dist_to_high_96,dist_to_low_96,range_1,range_avg_24,consec_up,consec_down,hour_utc,dow"
196,ETHUSDT_mid_vol,2,lgbm,False,2026-07-16 15:00:16.942248+00,,15m,mid_vol,27,27,MATCH,,,,LEGACY_BINANCE_DIRECTION,era_code_482a6914_ret1_shift_minus1_plus_guard_hint_0968d065,next_15m_candle,e2079d92694e175a6b192c9299abc95c705922d89ff4736849b73164fcef2cdb,607999,True,sklearn.calibration.CalibratedClassifierCV,True,1,,0.5089376022941218,,"ret_1,ret_3,ret_6,ret_12,ret_24,ret_48,vol_6,vol_24,vol_48,vol_ratio,vol_trend,vol_z_1,taker_buy_ratio,rsi_14,ema_ratio_9_21,bb_width,bb_position,dist_to_high_24,dist_to_low_24,dist_to_high_96,dist_to_low_96,range_1,range_avg_24,consec_up,consec_down,hour_utc,dow"
197,ETHUSDT_high_vol,8,lgbm,False,2026-07-16 15:00:16.942248+00,,15m,high_vol,27,27,MATCH,,,,LEGACY_BINANCE_DIRECTION,era_code_482a6914_ret1_shift_minus1_plus_guard_hint_0968d065,next_15m_candle,c62d607e6a2bc927f73dd4b9025eb1ae26b717e1a57ce66960a915ba55a4e9e7,594867,True,sklearn.calibration.CalibratedClassifierCV,True,1,,0.5209591140472133,,"ret_1,ret_3,ret_6,ret_12,ret_24,ret_48,vol_6,vol_24,vol_48,vol_ratio,vol_trend,vol_z_1,taker_buy_ratio,rsi_14,ema_ratio_9_21,bb_width,bb_position,dist_to_high_24,dist_to_low_24,dist_to_high_96,dist_to_low_96,range_1,range_avg_24,consec_up,consec_down,hour_utc,dow"
198,DOGE,23,logreg,False,2026-07-16 15:30:59.734718+00,,15m,,22,22,MATCH,,,,UNKNOWN_TARGET,no_manifest_no_era_proof,none,228dab5750964ce00e585efe5fd8ca1041fd775cd2cc3bf0e604a75dd509b47a,55606,True,sklearn.calibration.CalibratedClassifierCV,True,0,,0.7547051048965283,,"time_left_min,mid_price,spread,volume_5min,price_velocity,hour_of_day,day_of_week,price_distance_from_max,price_velocity_lag1,price_momentum,spread_trend,volume_trend,price_deviation,deviation_x_time,price_deviation_sq,spread_pct,log_time_left,time_phase,is_final_phase,high_price_final,velocity_x_phase,dev_sq_x_phase"
199,DOGE_leaning,4,logreg,False,2026-07-16 15:31:07.718168+00,,15m,,22,22,MATCH,,,,UNKNOWN_TARGET,no_manifest_no_era_proof,none,43f3ddda9fc86afbe0e6ef81bf49911c24639b0f6420075bfa882f38d6b9d1f8,16398,True,sklearn.calibration.CalibratedClassifierCV,True,0,,0.5490237102163561,,"time_left_min,mid_price,spread,volume_5min,price_velocity,hour_of_day,day_of_week,price_distance_from_max,price_velocity_lag1,price_momentum,spread_trend,volume_trend,price_deviation,deviation_x_time,price_deviation_sq,spread_pct,log_time_left,time_phase,is_final_phase,high_price_final,velocity_x_phase,dev_sq_x_phase"
200,DOGE_decided,4,logreg,False,2026-07-16 15:33:06.465093+00,,15m,,22,22,MATCH,,,,UNKNOWN_TARGET,no_manifest_no_era_proof,none,dd7fb03ff9b1f136209cbd4f95deb5ee04868bd5ab2fc436772be55821987f61,29870,True,sklearn.calibration.CalibratedClassifierCV,True,0,,0.7569682153023212,,"time_left_min,mid_price,spread,volume_5min,price_velocity,hour_of_day,day_of_week,price_distance_from_max,price_velocity_lag1,price_momentum,spread_trend,volume_trend,price_deviation,deviation_x_time,price_deviation_sq,spread_pct,log_time_left,time_phase,is_final_phase,high_price_final,velocity_x_phase,dev_sq_x_phase"
201,XRP,23,logreg,False,2026-07-16 15:37:31.196598+00,,15m,,22,22,MATCH,,,,UNKNOWN_TARGET,no_manifest_no_era_proof,none,53ad4fe98fa68c2a28f2b0a9659603e14befcd1b8ec77718e08d49f105b7726a,56022,True,sklearn.calibration.CalibratedClassifierCV,True,0,,0.7481255396225361,,"time_left_min,mid_price,spread,volume_5min,price_velocity,hour_of_day,day_of_week,price_distance_from_max,price_velocity_lag1,price_momentum,spread_trend,volume_trend,price_deviation,deviation_x_time,price_deviation_sq,spread_pct,log_time_left,time_phase,is_final_phase,high_price_final,velocity_x_phase,dev_sq_x_phase"
202,XRP_leaning,4,logreg,False,2026-07-16 15:40:09.7194+00,,15m,,22,22,MATCH,,,,UNKNOWN_TARGET,no_manifest_no_era_proof,none,080b53aeb99314c01eb319cfd171b0af2ce14605c0b7d750d32e167309f9e9d1,16998,True,sklearn.calibration.CalibratedClassifierCV,True,0,,0.5431620057607516,,"time_left_min,mid_price,spread,volume_5min,price_velocity,hour_of_day,day_of_week,price_distance_from_max,price_velocity_lag1,price_momentum,spread_trend,volume_trend,price_deviation,deviation_x_time,price_deviation_sq,spread_pct,log_time_left,time_phase,is_final_phase,high_price_final,velocity_x_phase,dev_sq_x_phase"
203,XRP_decided,4,logreg,False,2026-07-16 15:41:36.201433+00,,15m,,22,22,MATCH,,,,UNKNOWN_TARGET,no_manifest_no_era_proof,none,2be0e1cb6e6492448dc593b314dcb8b658aa70b657b41ef13b33856cc3a93354,29246,True,sklearn.calibration.CalibratedClassifierCV,True,0,,0.7563094743265253,,"time_left_min,mid_price,spread,volume_5min,price_velocity,hour_of_day,day_of_week,price_distance_from_max,price_velocity_lag1,price_momentum,spread_trend,volume_trend,price_deviation,deviation_x_time,price_deviation_sq,spread_pct,log_time_left,time_phase,is_final_phase,high_price_final,velocity_x_phase,dev_sq_x_phase"
204,ETH,31,logreg,False,2026-07-16 15:49:25.979277+00,,15m,,22,22,MATCH,,,,UNKNOWN_TARGET,no_manifest_no_era_proof,none,10f23a2bbab5254537afae197f34e9fdf7244dd4cd0cceb912b346e87dd7f224,61701,True,sklearn.calibration.CalibratedClassifierCV,True,0,,0.7598048855624687,,"time_left_min,mid_price,spread,volume_5min,price_velocity,hour_of_day,day_of_week,price_distance_from_max,price_velocity_lag1,price_momentum,spread_trend,volume_trend,price_deviation,deviation_x_time,price_deviation_sq,spread_pct,log_time_left,time_phase,is_final_phase,high_price_final,velocity_x_phase,dev_sq_x_phase"
205,ETH_leaning,2,logreg,False,2026-07-16 15:49:57.267262+00,,15m,,22,22,MATCH,,,,UNKNOWN_TARGET,no_manifest_no_era_proof,none,f1699e8e0f353353055688176c577ce214d02b32386e0353eefe353c69bd3089,18317,True,sklearn.calibration.CalibratedClassifierCV,True,0,,0.5564707287025754,,"time_left_min,mid_price,spread,volume_5min,price_velocity,hour_of_day,day_of_week,price_distance_from_max,price_velocity_lag1,price_momentum,spread_trend,volume_trend,price_deviation,deviation_x_time,price_deviation_sq,spread_pct,log_time_left,time_phase,is_final_phase,high_price_final,velocity_x_phase,dev_sq_x_phase"
206,ETH_decided,4,logreg,False,2026-07-16 15:50:35.536375+00,,15m,,22,22,MATCH,,,,UNKNOWN_TARGET,no_manifest_no_era_proof,none,fad071810678463296f8026f33ecf6b44d3c19e5ae2d3610b36162e86457e8d8,31669,True,sklearn.calibration.CalibratedClassifierCV,True,0,,0.7621941684392937,,"time_left_min,mid_price,spread,volume_5min,price_velocity,hour_of_day,day_of_week,price_distance_from_max,price_velocity_lag1,price_momentum,spread_trend,volume_trend,price_deviation,deviation_x_time,price_deviation_sq,spread_pct,log_time_left,time_phase,is_final_phase,high_price_final,velocity_x_phase,dev_sq_x_phase"
207,ETHUSDT_low_vol,9,lgbm,False,2026-07-16 16:55:02.630671+00,,15m,low_vol,27,27,MATCH,,,,LEGACY_BINANCE_DIRECTION,era_code_482a6914_ret1_shift_minus1_plus_guard_hint_0968d065,next_15m_candle,ea81304816c2bc0870bd21bf7e1377e178d1f2c3f0b663a086e5df0abf6e281b,579789,True,sklearn.calibration.CalibratedClassifierCV,True,1,,0.5199739327608546,,"ret_1,ret_3,ret_6,ret_12,ret_24,ret_48,vol_6,vol_24,vol_48,vol_ratio,vol_trend,vol_z_1,taker_buy_ratio,rsi_14,ema_ratio_9_21,bb_width,bb_position,dist_to_high_24,dist_to_low_24,dist_to_high_96,dist_to_low_96,range_1,range_avg_24,consec_up,consec_down,hour_utc,dow"
208,ETHUSDT_mid_vol,3,lgbm,False,2026-07-16 16:55:02.630671+00,,15m,mid_vol,27,27,MATCH,,,,LEGACY_BINANCE_DIRECTION,era_code_482a6914_ret1_shift_minus1_plus_guard_hint_0968d065,next_15m_candle,239bba1049139540fab6733349943987dc802f3f3f000201601920dd34b5dd55,604963,True,sklearn.calibration.CalibratedClassifierCV,True,1,,0.5164056665471761,,"ret_1,ret_3,ret_6,ret_12,ret_24,ret_48,vol_6,vol_24,vol_48,vol_ratio,vol_trend,vol_z_1,taker_buy_ratio,rsi_14,ema_ratio_9_21,bb_width,bb_position,dist_to_high_24,dist_to_low_24,dist_to_high_96,dist_to_low_96,range_1,range_avg_24,consec_up,consec_down,hour_utc,dow"
209,ETHUSDT_high_vol,9,lgbm,False,2026-07-16 16:55:02.630671+00,,15m,high_vol,27,27,MATCH,,,,LEGACY_BINANCE_DIRECTION,era_code_482a6914_ret1_shift_minus1_plus_guard_hint_0968d065,next_15m_candle,d3aee95b85e68c95c19aa7c376e344c16e823ad692c545ad9389573e5cf7a56f,612413,True,sklearn.calibration.CalibratedClassifierCV,True,1,,0.5139753566203998,,"ret_1,ret_3,ret_6,ret_12,ret_24,ret_48,vol_6,vol_24,vol_48,vol_ratio,vol_trend,vol_z_1,taker_buy_ratio,rsi_14,ema_ratio_9_21,bb_width,bb_position,dist_to_high_24,dist_to_low_24,dist_to_high_96,dist_to_low_96,range_1,range_avg_24,consec_up,consec_down,hour_utc,dow"
210,BTCUSDT_low_vol,10,lgbm,False,2026-07-16 17:02:13.467218+00,,15m,low_vol,27,27,MATCH,,,,LEGACY_BINANCE_DIRECTION,era_code_482a6914_ret1_shift_minus1_plus_guard_hint_0968d065,next_15m_candle,d7d4a23a59d8056cb742e36950b4e76e4e031fdb16282880be7aecfff8ad0bab,580065,True,sklearn.calibration.CalibratedClassifierCV,True,1,,0.5120461654252266,,"ret_1,ret_3,ret_6,ret_12,ret_24,ret_48,vol_6,vol_24,vol_48,vol_ratio,vol_trend,vol_z_1,taker_buy_ratio,rsi_14,ema_ratio_9_21,bb_width,bb_position,dist_to_high_24,dist_to_low_24,dist_to_high_96,dist_to_low_96,range_1,range_avg_24,consec_up,consec_down,hour_utc,dow"
211,BTCUSDT_mid_vol,4,lgbm,False,2026-07-16 17:02:13.467218+00,,15m,mid_vol,27,27,MATCH,,,,LEGACY_BINANCE_DIRECTION,era_code_482a6914_ret1_shift_minus1_plus_guard_hint_0968d065,next_15m_candle,d2de09e609564482290e88943fbca2f9ea338bb94a438085f56b793aefdd1274,625903,True,sklearn.calibration.CalibratedClassifierCV,True,1,,0.5249802048702075,,"ret_1,ret_3,ret_6,ret_12,ret_24,ret_48,vol_6,vol_24,vol_48,vol_ratio,vol_trend,vol_z_1,taker_buy_ratio,rsi_14,ema_ratio_9_21,bb_width,bb_position,dist_to_high_24,dist_to_low_24,dist_to_high_96,dist_to_low_96,range_1,range_avg_24,consec_up,consec_down,hour_utc,dow"
212,BTCUSDT_high_vol,10,lgbm,False,2026-07-16 17:02:13.467218+00,,15m,high_vol,27,27,MATCH,,,,LEGACY_BINANCE_DIRECTION,era_code_482a6914_ret1_shift_minus1_plus_guard_hint_0968d065,next_15m_candle,4fedf05ada9b637c653506c51cc238747a59e39cc0234107d80c1be543bb8750,590335,True,sklearn.calibration.CalibratedClassifierCV,True,1,,0.5213444845189678,,"ret_1,ret_3,ret_6,ret_12,ret_24,ret_48,vol_6,vol_24,vol_48,vol_ratio,vol_trend,vol_z_1,taker_buy_ratio,rsi_14,ema_ratio_9_21,bb_width,bb_position,dist_to_high_24,dist_to_low_24,dist_to_high_96,dist_to_low_96,range_1,range_avg_24,consec_up,consec_down,hour_utc,dow"
213,BTCUSDT_low_vol,11,lgbm,False,2026-07-16 17:04:30.461404+00,,15m,low_vol,27,27,MATCH,,,,LEGACY_BINANCE_DIRECTION,era_code_482a6914_ret1_shift_minus1_plus_guard_hint_0968d065,next_15m_candle,d7d4a23a59d8056cb742e36950b4e76e4e031fdb16282880be7aecfff8ad0bab,580065,True,sklearn.calibration.CalibratedClassifierCV,True,1,,0.5120461654252266,,"ret_1,ret_3,ret_6,ret_12,ret_24,ret_48,vol_6,vol_24,vol_48,vol_ratio,vol_trend,vol_z_1,taker_buy_ratio,rsi_14,ema_ratio_9_21,bb_width,bb_position,dist_to_high_24,dist_to_low_24,dist_to_high_96,dist_to_low_96,range_1,range_avg_24,consec_up,consec_down,hour_utc,dow"
214,ETHUSDT_low_vol,10,lgbm,False,2026-07-16 17:04:44.730948+00,,15m,low_vol,27,27,MATCH,,,,LEGACY_BINANCE_DIRECTION,era_code_482a6914_ret1_shift_minus1_plus_guard_hint_0968d065,next_15m_candle,ea81304816c2bc0870bd21bf7e1377e178d1f2c3f0b663a086e5df0abf6e281b,579789,True,sklearn.calibration.CalibratedClassifierCV,True,1,,0.5199739327608546,,"ret_1,ret_3,ret_6,ret_12,ret_24,ret_48,vol_6,vol_24,vol_48,vol_ratio,vol_trend,vol_z_1,taker_buy_ratio,rsi_14,ema_ratio_9_21,bb_width,bb_position,dist_to_high_24,dist_to_low_24,dist_to_high_96,dist_to_low_96,range_1,range_avg_24,consec_up,consec_down,hour_utc,dow"
215,BTCUSDT_mid_vol,5,lgbm,False,2026-07-16 17:04:30.461404+00,,15m,mid_vol,27,27,MATCH,,,,LEGACY_BINANCE_DIRECTION,era_code_482a6914_ret1_shift_minus1_plus_guard_hint_0968d065,next_15m_candle,d2de09e609564482290e88943fbca2f9ea338bb94a438085f56b793aefdd1274,625903,True,sklearn.calibration.CalibratedClassifierCV,True,1,,0.5249802048702075,,"ret_1,ret_3,ret_6,ret_12,ret_24,ret_48,vol_6,vol_24,vol_48,vol_ratio,vol_trend,vol_z_1,taker_buy_ratio,rsi_14,ema_ratio_9_21,bb_width,bb_position,dist_to_high_24,dist_to_low_24,dist_to_high_96,dist_to_low_96,range_1,range_avg_24,consec_up,consec_down,hour_utc,dow"
216,BTCUSDT_low_vol,12,lgbm,False,2026-07-16 17:05:18.758465+00,,15m,low_vol,27,27,MATCH,,,,LEGACY_BINANCE_DIRECTION,era_code_482a6914_ret1_shift_minus1_plus_guard_hint_0968d065,next_15m_candle,d7d4a23a59d8056cb742e36950b4e76e4e031fdb16282880be7aecfff8ad0bab,580065,True,sklearn.calibration.CalibratedClassifierCV,True,1,,0.5120461654252266,,"ret_1,ret_3,ret_6,ret_12,ret_24,ret_48,vol_6,vol_24,vol_48,vol_ratio,vol_trend,vol_z_1,taker_buy_ratio,rsi_14,ema_ratio_9_21,bb_width,bb_position,dist_to_high_24,dist_to_low_24,dist_to_high_96,dist_to_low_96,range_1,range_avg_24,consec_up,consec_down,hour_utc,dow"
217,ETHUSDT_mid_vol,4,lgbm,False,2026-07-16 17:04:44.730948+00,,15m,mid_vol,27,27,MATCH,,,,LEGACY_BINANCE_DIRECTION,era_code_482a6914_ret1_shift_minus1_plus_guard_hint_0968d065,next_15m_candle,239bba1049139540fab6733349943987dc802f3f3f000201601920dd34b5dd55,604963,True,sklearn.calibration.CalibratedClassifierCV,True,1,,0.5164056665471761,,"ret_1,ret_3,ret_6,ret_12,ret_24,ret_48,vol_6,vol_24,vol_48,vol_ratio,vol_trend,vol_z_1,taker_buy_ratio,rsi_14,ema_ratio_9_21,bb_width,bb_position,dist_to_high_24,dist_to_low_24,dist_to_high_96,dist_to_low_96,range_1,range_avg_24,consec_up,consec_down,hour_utc,dow"
218,ETHUSDT_low_vol,11,lgbm,False,2026-07-16 17:06:07.256113+00,,15m,low_vol,27,27,MATCH,,,,LEGACY_BINANCE_DIRECTION,era_code_482a6914_ret1_shift_minus1_plus_guard_hint_0968d065,next_15m_candle,ea81304816c2bc0870bd21bf7e1377e178d1f2c3f0b663a086e5df0abf6e281b,579789,True,sklearn.calibration.CalibratedClassifierCV,True,1,,0.5199739327608546,,"ret_1,ret_3,ret_6,ret_12,ret_24,ret_48,vol_6,vol_24,vol_48,vol_ratio,vol_trend,vol_z_1,taker_buy_ratio,rsi_14,ema_ratio_9_21,bb_width,bb_position,dist_to_high_24,dist_to_low_24,dist_to_high_96,dist_to_low_96,range_1,range_avg_24,consec_up,consec_down,hour_utc,dow"
219,BTCUSDT_high_vol,11,lgbm,False,2026-07-16 17:04:30.461404+00,,15m,high_vol,27,27,MATCH,,,,LEGACY_BINANCE_DIRECTION,era_code_482a6914_ret1_shift_minus1_plus_guard_hint_0968d065,next_15m_candle,4fedf05ada9b637c653506c51cc238747a59e39cc0234107d80c1be543bb8750,590335,True,sklearn.calibration.CalibratedClassifierCV,True,1,,0.5213444845189678,,"ret_1,ret_3,ret_6,ret_12,ret_24,ret_48,vol_6,vol_24,vol_48,vol_ratio,vol_trend,vol_z_1,taker_buy_ratio,rsi_14,ema_ratio_9_21,bb_width,bb_position,dist_to_high_24,dist_to_low_24,dist_to_high_96,dist_to_low_96,range_1,range_avg_24,consec_up,consec_down,hour_utc,dow"
220,ETHUSDT_high_vol,10,lgbm,False,2026-07-16 17:04:44.730948+00,,15m,high_vol,27,27,MATCH,,,,LEGACY_BINANCE_DIRECTION,era_code_482a6914_ret1_shift_minus1_plus_guard_hint_0968d065,next_15m_candle,d3aee95b85e68c95c19aa7c376e344c16e823ad692c545ad9389573e5cf7a56f,612413,True,sklearn.calibration.CalibratedClassifierCV,True,1,,0.5139753566203998,,"ret_1,ret_3,ret_6,ret_12,ret_24,ret_48,vol_6,vol_24,vol_48,vol_ratio,vol_trend,vol_z_1,taker_buy_ratio,rsi_14,ema_ratio_9_21,bb_width,bb_position,dist_to_high_24,dist_to_low_24,dist_to_high_96,dist_to_low_96,range_1,range_avg_24,consec_up,consec_down,hour_utc,dow"
221,BTCUSDT_mid_vol,6,lgbm,False,2026-07-16 17:05:18.758465+00,,15m,mid_vol,27,27,MATCH,,,,LEGACY_BINANCE_DIRECTION,era_code_482a6914_ret1_shift_minus1_plus_guard_hint_0968d065,next_15m_candle,d2de09e609564482290e88943fbca2f9ea338bb94a438085f56b793aefdd1274,625903,True,sklearn.calibration.CalibratedClassifierCV,True,1,,0.5249802048702075,,"ret_1,ret_3,ret_6,ret_12,ret_24,ret_48,vol_6,vol_24,vol_48,vol_ratio,vol_trend,vol_z_1,taker_buy_ratio,rsi_14,ema_ratio_9_21,bb_width,bb_position,dist_to_high_24,dist_to_low_24,dist_to_high_96,dist_to_low_96,range_1,range_avg_24,consec_up,consec_down,hour_utc,dow"
222,ETHUSDT_mid_vol,5,lgbm,False,2026-07-16 17:06:07.256113+00,,15m,mid_vol,27,27,MATCH,,,,LEGACY_BINANCE_DIRECTION,era_code_482a6914_ret1_shift_minus1_plus_guard_hint_0968d065,next_15m_candle,239bba1049139540fab6733349943987dc802f3f3f000201601920dd34b5dd55,604963,True,sklearn.calibration.CalibratedClassifierCV,True,1,,0.5164056665471761,,"ret_1,ret_3,ret_6,ret_12,ret_24,ret_48,vol_6,vol_24,vol_48,vol_ratio,vol_trend,vol_z_1,taker_buy_ratio,rsi_14,ema_ratio_9_21,bb_width,bb_position,dist_to_high_24,dist_to_low_24,dist_to_high_96,dist_to_low_96,range_1,range_avg_24,consec_up,consec_down,hour_utc,dow"
223,BTCUSDT_high_vol,12,lgbm,False,2026-07-16 17:05:18.758465+00,,15m,high_vol,27,27,MATCH,,,,LEGACY_BINANCE_DIRECTION,era_code_482a6914_ret1_shift_minus1_plus_guard_hint_0968d065,next_15m_candle,4fedf05ada9b637c653506c51cc238747a59e39cc0234107d80c1be543bb8750,590335,True,sklearn.calibration.CalibratedClassifierCV,True,1,,0.5213444845189678,,"ret_1,ret_3,ret_6,ret_12,ret_24,ret_48,vol_6,vol_24,vol_48,vol_ratio,vol_trend,vol_z_1,taker_buy_ratio,rsi_14,ema_ratio_9_21,bb_width,bb_position,dist_to_high_24,dist_to_low_24,dist_to_high_96,dist_to_low_96,range_1,range_avg_24,consec_up,consec_down,hour_utc,dow"
224,ETHUSDT_high_vol,11,lgbm,False,2026-07-16 17:06:07.256113+00,,15m,high_vol,27,27,MATCH,,,,LEGACY_BINANCE_DIRECTION,era_code_482a6914_ret1_shift_minus1_plus_guard_hint_0968d065,next_15m_candle,d3aee95b85e68c95c19aa7c376e344c16e823ad692c545ad9389573e5cf7a56f,612413,True,sklearn.calibration.CalibratedClassifierCV,True,1,,0.5139753566203998,,"ret_1,ret_3,ret_6,ret_12,ret_24,ret_48,vol_6,vol_24,vol_48,vol_ratio,vol_trend,vol_z_1,taker_buy_ratio,rsi_14,ema_ratio_9_21,bb_width,bb_position,dist_to_high_24,dist_to_low_24,dist_to_high_96,dist_to_low_96,range_1,range_avg_24,consec_up,consec_down,hour_utc,dow"
225,DOGEUSDT_low_vol,1,lgbm,False,2026-07-16 17:57:50.05767+00,,15m,low_vol,27,27,MATCH,,,,LEGACY_BINANCE_DIRECTION,era_code_482a6914_ret1_shift_minus1_plus_guard_hint_0968d065,next_15m_candle,4add7a76f60e276f5bbc1290696ead15dc8ba515698aaab6a5eff8cfcc61897c,528255,True,sklearn.calibration.CalibratedClassifierCV,True,1,,0.4803312264694092,,"ret_1,ret_3,ret_6,ret_12,ret_24,ret_48,vol_6,vol_24,vol_48,vol_ratio,vol_trend,vol_z_1,taker_buy_ratio,rsi_14,ema_ratio_9_21,bb_width,bb_position,dist_to_high_24,dist_to_low_24,dist_to_high_96,dist_to_low_96,range_1,range_avg_24,consec_up,consec_down,hour_utc,dow"
226,DOGEUSDT_mid_vol,1,lgbm,False,2026-07-16 17:57:50.05767+00,,15m,mid_vol,27,27,MATCH,,,,LEGACY_BINANCE_DIRECTION,era_code_482a6914_ret1_shift_minus1_plus_guard_hint_0968d065,next_15m_candle,850a1a2bc096686123993a74229abfd6e01eb044a4f3b11e07ffc3dd3ef2eb63,563513,True,sklearn.calibration.CalibratedClassifierCV,True,1,,0.5156796347094532,,"ret_1,ret_3,ret_6,ret_12,ret_24,ret_48,vol_6,vol_24,vol_48,vol_ratio,vol_trend,vol_z_1,taker_buy_ratio,rsi_14,ema_ratio_9_21,bb_width,bb_position,dist_to_high_24,dist_to_low_24,dist_to_high_96,dist_to_low_96,range_1,range_avg_24,consec_up,consec_down,hour_utc,dow"
227,DOGEUSDT_high_vol,1,lgbm,False,2026-07-16 17:57:50.05767+00,,15m,high_vol,27,27,MATCH,,,,LEGACY_BINANCE_DIRECTION,era_code_482a6914_ret1_shift_minus1_plus_guard_hint_0968d065,next_15m_candle,56196658548445bb77abe6d5b16ecddc7d4da78a9feae97b35d1188f96aecff4,585471,True,sklearn.calibration.CalibratedClassifierCV,True,1,,0.517986657880777,,"ret_1,ret_3,ret_6,ret_12,ret_24,ret_48,vol_6,vol_24,vol_48,vol_ratio,vol_trend,vol_z_1,taker_buy_ratio,rsi_14,ema_ratio_9_21,bb_width,bb_position,dist_to_high_24,dist_to_low_24,dist_to_high_96,dist_to_low_96,range_1,range_avg_24,consec_up,consec_down,hour_utc,dow"
228,XRPUSDT_low_vol,1,lgbm,False,2026-07-16 17:58:08.280234+00,,15m,low_vol,27,27,MATCH,,,,LEGACY_BINANCE_DIRECTION,era_code_482a6914_ret1_shift_minus1_plus_guard_hint_0968d065,next_15m_candle,99f5679b1abd3b8a5f8599dcfb92a32758c28d64039fcf7d7c7bde01a164d1a1,565578,True,sklearn.calibration.CalibratedClassifierCV,True,1,,0.4840789628318955,,"ret_1,ret_3,ret_6,ret_12,ret_24,ret_48,vol_6,vol_24,vol_48,vol_ratio,vol_trend,vol_z_1,taker_buy_ratio,rsi_14,ema_ratio_9_21,bb_width,bb_position,dist_to_high_24,dist_to_low_24,dist_to_high_96,dist_to_low_96,range_1,range_avg_24,consec_up,consec_down,hour_utc,dow"
229,XRPUSDT_mid_vol,1,lgbm,False,2026-07-16 17:58:08.280234+00,,15m,mid_vol,27,27,MATCH,,,,LEGACY_BINANCE_DIRECTION,era_code_482a6914_ret1_shift_minus1_plus_guard_hint_0968d065,next_15m_candle,8dd6df0a01f540394ea19aaeed638583ae9d205932fb2e092e82c02fdfd701b4,572023,True,sklearn.calibration.CalibratedClassifierCV,True,1,,0.5435435010094767,,"ret_1,ret_3,ret_6,ret_12,ret_24,ret_48,vol_6,vol_24,vol_48,vol_ratio,vol_trend,vol_z_1,taker_buy_ratio,rsi_14,ema_ratio_9_21,bb_width,bb_position,dist_to_high_24,dist_to_low_24,dist_to_high_96,dist_to_low_96,range_1,range_avg_24,consec_up,consec_down,hour_utc,dow"
230,XRPUSDT_high_vol,1,lgbm,False,2026-07-16 17:58:08.280234+00,,15m,high_vol,27,27,MATCH,,,,LEGACY_BINANCE_DIRECTION,era_code_482a6914_ret1_shift_minus1_plus_guard_hint_0968d065,next_15m_candle,1b0b937cc7d2a21c579f7c3eac7d458bb3cbb393c46a8c9c94e157ae93f253f5,596306,True,sklearn.calibration.CalibratedClassifierCV,True,1,,0.5177923996717941,,"ret_1,ret_3,ret_6,ret_12,ret_24,ret_48,vol_6,vol_24,vol_48,vol_ratio,vol_trend,vol_z_1,taker_buy_ratio,rsi_14,ema_ratio_9_21,bb_width,bb_position,dist_to_high_24,dist_to_low_24,dist_to_high_96,dist_to_low_96,range_1,range_avg_24,consec_up,consec_down,hour_utc,dow"
231,SOLUSDT_low_vol,1,lgbm,False,2026-07-16 17:58:30.169909+00,,15m,low_vol,27,27,MATCH,,,,LEGACY_BINANCE_DIRECTION,era_code_482a6914_ret1_shift_minus1_plus_guard_hint_0968d065,next_15m_candle,ce1c8ae16c41c1fb666140d83509758d4d74140f8877789efbe03ecaf8217e1b,642339,True,sklearn.calibration.CalibratedClassifierCV,True,1,,0.5216769726963346,,"ret_1,ret_3,ret_6,ret_12,ret_24,ret_48,vol_6,vol_24,vol_48,vol_ratio,vol_trend,vol_z_1,taker_buy_ratio,rsi_14,ema_ratio_9_21,bb_width,bb_position,dist_to_high_24,dist_to_low_24,dist_to_high_96,dist_to_low_96,range_1,range_avg_24,consec_up,consec_down,hour_utc,dow"
232,SOLUSDT_mid_vol,1,lgbm,False,2026-07-16 17:58:30.169909+00,,15m,mid_vol,27,27,MATCH,,,,LEGACY_BINANCE_DIRECTION,era_code_482a6914_ret1_shift_minus1_plus_guard_hint_0968d065,next_15m_candle,67832726b3d7f0e428d45327278a493772340568e57777929a6d2e0fa1448bb9,606244,True,sklearn.calibration.CalibratedClassifierCV,True,1,,0.5278311526912329,,"ret_1,ret_3,ret_6,ret_12,ret_24,ret_48,vol_6,vol_24,vol_48,vol_ratio,vol_trend,vol_z_1,taker_buy_ratio,rsi_14,ema_ratio_9_21,bb_width,bb_position,dist_to_high_24,dist_to_low_24,dist_to_high_96,dist_to_low_96,range_1,range_avg_24,consec_up,consec_down,hour_utc,dow"
233,SOLUSDT_high_vol,1,lgbm,False,2026-07-16 17:58:30.169909+00,,15m,high_vol,27,27,MATCH,,,,LEGACY_BINANCE_DIRECTION,era_code_482a6914_ret1_shift_minus1_plus_guard_hint_0968d065,next_15m_candle,26ef73b532e3841c5b04027abad8366b7a92279756f60ab015780dac8c354c47,590063,True,sklearn.calibration.CalibratedClassifierCV,True,1,,0.5013861360958114,,"ret_1,ret_3,ret_6,ret_12,ret_24,ret_48,vol_6,vol_24,vol_48,vol_ratio,vol_trend,vol_z_1,taker_buy_ratio,rsi_14,ema_ratio_9_21,bb_width,bb_position,dist_to_high_24,dist_to_low_24,dist_to_high_96,dist_to_low_96,range_1,range_avg_24,consec_up,consec_down,hour_utc,dow"
234,SOLUSDT_low_vol,2,lgbm,False,2026-07-16 17:59:14.108706+00,,15m,low_vol,27,27,MATCH,,,,LEGACY_BINANCE_DIRECTION,era_code_482a6914_ret1_shift_minus1_plus_guard_hint_0968d065,next_15m_candle,ce1c8ae16c41c1fb666140d83509758d4d74140f8877789efbe03ecaf8217e1b,642339,True,sklearn.calibration.CalibratedClassifierCV,True,1,,0.5216769726963346,,"ret_1,ret_3,ret_6,ret_12,ret_24,ret_48,vol_6,vol_24,vol_48,vol_ratio,vol_trend,vol_z_1,taker_buy_ratio,rsi_14,ema_ratio_9_21,bb_width,bb_position,dist_to_high_24,dist_to_low_24,dist_to_high_96,dist_to_low_96,range_1,range_avg_24,consec_up,consec_down,hour_utc,dow"
235,SOLUSDT_mid_vol,2,lgbm,False,2026-07-16 17:59:14.108706+00,,15m,mid_vol,27,27,MATCH,,,,LEGACY_BINANCE_DIRECTION,era_code_482a6914_ret1_shift_minus1_plus_guard_hint_0968d065,next_15m_candle,67832726b3d7f0e428d45327278a493772340568e57777929a6d2e0fa1448bb9,606244,True,sklearn.calibration.CalibratedClassifierCV,True,1,,0.5278311526912329,,"ret_1,ret_3,ret_6,ret_12,ret_24,ret_48,vol_6,vol_24,vol_48,vol_ratio,vol_trend,vol_z_1,taker_buy_ratio,rsi_14,ema_ratio_9_21,bb_width,bb_position,dist_to_high_24,dist_to_low_24,dist_to_high_96,dist_to_low_96,range_1,range_avg_24,consec_up,consec_down,hour_utc,dow"
236,SOLUSDT_high_vol,2,lgbm,False,2026-07-16 17:59:14.108706+00,,15m,high_vol,27,27,MATCH,,,,LEGACY_BINANCE_DIRECTION,era_code_482a6914_ret1_shift_minus1_plus_guard_hint_0968d065,next_15m_candle,26ef73b532e3841c5b04027abad8366b7a92279756f60ab015780dac8c354c47,590063,True,sklearn.calibration.CalibratedClassifierCV,True,1,,0.5013861360958114,,"ret_1,ret_3,ret_6,ret_12,ret_24,ret_48,vol_6,vol_24,vol_48,vol_ratio,vol_trend,vol_z_1,taker_buy_ratio,rsi_14,ema_ratio_9_21,bb_width,bb_position,dist_to_high_24,dist_to_low_24,dist_to_high_96,dist_to_low_96,range_1,range_avg_24,consec_up,consec_down,hour_utc,dow"
237,SOLUSDT_low_vol,3,lgbm,False,2026-07-17 01:42:48.171862+00,,15m,low_vol,27,27,MATCH,,,,LEGACY_BINANCE_DIRECTION,era_code_482a6914_ret1_shift_minus1_plus_guard_hint_0968d065,next_15m_candle,45aa4e3d5d93118fbf0c0e00f10d4b6921eb1a07fe4eb9798eb3af75d625867d,613986,True,sklearn.calibration.CalibratedClassifierCV,True,1,,0.5280020215090254,,"ret_1,ret_3,ret_6,ret_12,ret_24,ret_48,vol_6,vol_24,vol_48,vol_ratio,vol_trend,vol_z_1,taker_buy_ratio,rsi_14,ema_ratio_9_21,bb_width,bb_position,dist_to_high_24,dist_to_low_24,dist_to_high_96,dist_to_low_96,range_1,range_avg_24,consec_up,consec_down,hour_utc,dow"
238,SOLUSDT_mid_vol,3,lgbm,False,2026-07-17 01:42:48.171862+00,,15m,mid_vol,27,27,MATCH,,,,LEGACY_BINANCE_DIRECTION,era_code_482a6914_ret1_shift_minus1_plus_guard_hint_0968d065,next_15m_candle,4efb25e008119ecc66abf1c18ac008452b51a7ee0ced2c45de9756334e406084,595972,True,sklearn.calibration.CalibratedClassifierCV,True,1,,0.526867187507791,,"ret_1,ret_3,ret_6,ret_12,ret_24,ret_48,vol_6,vol_24,vol_48,vol_ratio,vol_trend,vol_z_1,taker_buy_ratio,rsi_14,ema_ratio_9_21,bb_width,bb_position,dist_to_high_24,dist_to_low_24,dist_to_high_96,dist_to_low_96,range_1,range_avg_24,consec_up,consec_down,hour_utc,dow"
239,SOLUSDT_high_vol,3,lgbm,False,2026-07-17 01:42:48.171862+00,,15m,high_vol,27,27,MATCH,,,,LEGACY_BINANCE_DIRECTION,era_code_482a6914_ret1_shift_minus1_plus_guard_hint_0968d065,next_15m_candle,b0b17dca7f908866acbbbf64a71d116462e2b068ee1344c93c3817b646e298a9,579486,True,sklearn.calibration.CalibratedClassifierCV,True,1,,0.49809280126064837,,"ret_1,ret_3,ret_6,ret_12,ret_24,ret_48,vol_6,vol_24,vol_48,vol_ratio,vol_trend,vol_z_1,taker_buy_ratio,rsi_14,ema_ratio_9_21,bb_width,bb_position,dist_to_high_24,dist_to_low_24,dist_to_high_96,dist_to_low_96,range_1,range_avg_24,consec_up,consec_down,hour_utc,dow"
240,XRPUSDT_low_vol,2,lgbm,False,2026-07-17 01:43:09.921199+00,,15m,low_vol,27,27,MATCH,,,,LEGACY_BINANCE_DIRECTION,era_code_482a6914_ret1_shift_minus1_plus_guard_hint_0968d065,next_15m_candle,087fece8bce97021796027d76f650621c814faa9242163250e41f349c5b205fc,556331,True,sklearn.calibration.CalibratedClassifierCV,True,1,,0.487420659623157,,"ret_1,ret_3,ret_6,ret_12,ret_24,ret_48,vol_6,vol_24,vol_48,vol_ratio,vol_trend,vol_z_1,taker_buy_ratio,rsi_14,ema_ratio_9_21,bb_width,bb_position,dist_to_high_24,dist_to_low_24,dist_to_high_96,dist_to_low_96,range_1,range_avg_24,consec_up,consec_down,hour_utc,dow"
241,XRPUSDT_mid_vol,2,lgbm,False,2026-07-17 01:43:09.921199+00,,15m,mid_vol,27,27,MATCH,,,,LEGACY_BINANCE_DIRECTION,era_code_482a6914_ret1_shift_minus1_plus_guard_hint_0968d065,next_15m_candle,3d9c2125e1b16b1ca554e70906b1dc56c300aeccef4907beb23d21c83ab59980,570557,True,sklearn.calibration.CalibratedClassifierCV,True,1,,0.5430766329689384,,"ret_1,ret_3,ret_6,ret_12,ret_24,ret_48,vol_6,vol_24,vol_48,vol_ratio,vol_trend,vol_z_1,taker_buy_ratio,rsi_14,ema_ratio_9_21,bb_width,bb_position,dist_to_high_24,dist_to_low_24,dist_to_high_96,dist_to_low_96,range_1,range_avg_24,consec_up,consec_down,hour_utc,dow"
242,XRPUSDT_high_vol,2,lgbm,False,2026-07-17 01:43:09.921199+00,,15m,high_vol,27,27,MATCH,,,,LEGACY_BINANCE_DIRECTION,era_code_482a6914_ret1_shift_minus1_plus_guard_hint_0968d065,next_15m_candle,0eb9afc42c76c5d332f21b66d06e8aa29d635080b516a8777ab8e17cc97dc65a,596593,True,sklearn.calibration.CalibratedClassifierCV,True,1,,0.5179625878858228,,"ret_1,ret_3,ret_6,ret_12,ret_24,ret_48,vol_6,vol_24,vol_48,vol_ratio,vol_trend,vol_z_1,taker_buy_ratio,rsi_14,ema_ratio_9_21,bb_width,bb_position,dist_to_high_24,dist_to_low_24,dist_to_high_96,dist_to_low_96,range_1,range_avg_24,consec_up,consec_down,hour_utc,dow"
243,DOGEUSDT_low_vol,2,lgbm,False,2026-07-17 01:43:36.187194+00,,15m,low_vol,27,27,MATCH,,,,LEGACY_BINANCE_DIRECTION,era_code_482a6914_ret1_shift_minus1_plus_guard_hint_0968d065,next_15m_candle,f1d605f1eb7966d4ed16cbc78f4317abbb3a139178ef2140a50083ba42b7cc77,533799,True,sklearn.calibration.CalibratedClassifierCV,True,1,,0.5052563922223937,,"ret_1,ret_3,ret_6,ret_12,ret_24,ret_48,vol_6,vol_24,vol_48,vol_ratio,vol_trend,vol_z_1,taker_buy_ratio,rsi_14,ema_ratio_9_21,bb_width,bb_position,dist_to_high_24,dist_to_low_24,dist_to_high_96,dist_to_low_96,range_1,range_avg_24,consec_up,consec_down,hour_utc,dow"
244,DOGEUSDT_mid_vol,2,lgbm,False,2026-07-17 01:43:36.187194+00,,15m,mid_vol,27,27,MATCH,,,,LEGACY_BINANCE_DIRECTION,era_code_482a6914_ret1_shift_minus1_plus_guard_hint_0968d065,next_15m_candle,9651ff02774396f76db103eaea12e8f789096595a73f6b419c3f81d2afa2967c,556510,True,sklearn.calibration.CalibratedClassifierCV,True,1,,0.5006726847185808,,"ret_1,ret_3,ret_6,ret_12,ret_24,ret_48,vol_6,vol_24,vol_48,vol_ratio,vol_trend,vol_z_1,taker_buy_ratio,rsi_14,ema_ratio_9_21,bb_width,bb_position,dist_to_high_24,dist_to_low_24,dist_to_high_96,dist_to_low_96,range_1,range_avg_24,consec_up,consec_down,hour_utc,dow"
245,DOGEUSDT_high_vol,2,lgbm,False,2026-07-17 01:43:36.187194+00,,15m,high_vol,27,27,MATCH,,,,LEGACY_BINANCE_DIRECTION,era_code_482a6914_ret1_shift_minus1_plus_guard_hint_0968d065,next_15m_candle,512f4150a4dd718193dc839fbb883d768c57ba762b00529d2f378bf01660d4eb,585871,True,sklearn.calibration.CalibratedClassifierCV,True,1,,0.516794883274498,,"ret_1,ret_3,ret_6,ret_12,ret_24,ret_48,vol_6,vol_24,vol_48,vol_ratio,vol_trend,vol_z_1,taker_buy_ratio,rsi_14,ema_ratio_9_21,bb_width,bb_position,dist_to_high_24,dist_to_low_24,dist_to_high_96,dist_to_low_96,range_1,range_avg_24,consec_up,consec_down,hour_utc,dow"
246,ETHUSDT_low_vol,12,lgbm,False,2026-07-17 01:44:50.136516+00,,15m,low_vol,27,27,MATCH,,,,LEGACY_BINANCE_DIRECTION,era_code_482a6914_ret1_shift_minus1_plus_guard_hint_0968d065,next_15m_candle,d1e827bfabce942c3d51c6d0353fbc9f00c0794c35be7e6a7c1d6278a8c79fd7,584386,True,sklearn.calibration.CalibratedClassifierCV,True,1,,0.5290842737133499,,"ret_1,ret_3,ret_6,ret_12,ret_24,ret_48,vol_6,vol_24,vol_48,vol_ratio,vol_trend,vol_z_1,taker_buy_ratio,rsi_14,ema_ratio_9_21,bb_width,bb_position,dist_to_high_24,dist_to_low_24,dist_to_high_96,dist_to_low_96,range_1,range_avg_24,consec_up,consec_down,hour_utc,dow"
247,ETHUSDT_mid_vol,6,lgbm,False,2026-07-17 01:44:50.136516+00,,15m,mid_vol,27,27,MATCH,,,,LEGACY_BINANCE_DIRECTION,era_code_482a6914_ret1_shift_minus1_plus_guard_hint_0968d065,next_15m_candle,e2b23b4c126e4e5b2cca073140dd5da9b2a6f973832c5f420fb1f3128c1b503a,597783,True,sklearn.calibration.CalibratedClassifierCV,True,1,,0.505395026573911,,"ret_1,ret_3,ret_6,ret_12,ret_24,ret_48,vol_6,vol_24,vol_48,vol_ratio,vol_trend,vol_z_1,taker_buy_ratio,rsi_14,ema_ratio_9_21,bb_width,bb_position,dist_to_high_24,dist_to_low_24,dist_to_high_96,dist_to_low_96,range_1,range_avg_24,consec_up,consec_down,hour_utc,dow"
248,ETHUSDT_high_vol,12,lgbm,False,2026-07-17 01:44:50.136516+00,,15m,high_vol,27,27,MATCH,,,,LEGACY_BINANCE_DIRECTION,era_code_482a6914_ret1_shift_minus1_plus_guard_hint_0968d065,next_15m_candle,0045f66c7f0f9d83fc74be9a532712577f15aa870dae1d595a808c776f650430,589983,True,sklearn.calibration.CalibratedClassifierCV,True,1,,0.5126336859276283,,"ret_1,ret_3,ret_6,ret_12,ret_24,ret_48,vol_6,vol_24,vol_48,vol_ratio,vol_trend,vol_z_1,taker_buy_ratio,rsi_14,ema_ratio_9_21,bb_width,bb_position,dist_to_high_24,dist_to_low_24,dist_to_high_96,dist_to_low_96,range_1,range_avg_24,consec_up,consec_down,hour_utc,dow"
249,BTCUSDT_low_vol,13,lgbm,False,2026-07-17 01:45:21.296424+00,,15m,low_vol,27,27,MATCH,,,,LEGACY_BINANCE_DIRECTION,era_code_482a6914_ret1_shift_minus1_plus_guard_hint_0968d065,next_15m_candle,f85a9f245bef4e0dcce85f00cb4ae43ecacd52839866fef3654b04ba060963d3,579887,True,sklearn.calibration.CalibratedClassifierCV,True,1,,0.5290434845218348,,"ret_1,ret_3,ret_6,ret_12,ret_24,ret_48,vol_6,vol_24,vol_48,vol_ratio,vol_trend,vol_z_1,taker_buy_ratio,rsi_14,ema_ratio_9_21,bb_width,bb_position,dist_to_high_24,dist_to_low_24,dist_to_high_96,dist_to_low_96,range_1,range_avg_24,consec_up,consec_down,hour_utc,dow"
250,BTCUSDT_mid_vol,7,lgbm,False,2026-07-17 01:45:21.296424+00,,15m,mid_vol,27,27,MATCH,,,,LEGACY_BINANCE_DIRECTION,era_code_482a6914_ret1_shift_minus1_plus_guard_hint_0968d065,next_15m_candle,a6ebb75c270410c1de2cee30f1f7c5c53a7b69384fdb2b6beff5b5905adfcfbc,597551,True,sklearn.calibration.CalibratedClassifierCV,True,1,,0.5183437530063653,,"ret_1,ret_3,ret_6,ret_12,ret_24,ret_48,vol_6,vol_24,vol_48,vol_ratio,vol_trend,vol_z_1,taker_buy_ratio,rsi_14,ema_ratio_9_21,bb_width,bb_position,dist_to_high_24,dist_to_low_24,dist_to_high_96,dist_to_low_96,range_1,range_avg_24,consec_up,consec_down,hour_utc,dow"
251,BTCUSDT_high_vol,13,lgbm,False,2026-07-17 01:45:21.296424+00,,15m,high_vol,27,27,MATCH,,,,LEGACY_BINANCE_DIRECTION,era_code_482a6914_ret1_shift_minus1_plus_guard_hint_0968d065,next_15m_candle,e1a69937c864d2a025f207ed1e6878d9f8b48097912785d67eeca9f75834f35c,590447,True,sklearn.calibration.CalibratedClassifierCV,True,1,,0.5284851807536886,,"ret_1,ret_3,ret_6,ret_12,ret_24,ret_48,vol_6,vol_24,vol_48,vol_ratio,vol_trend,vol_z_1,taker_buy_ratio,rsi_14,ema_ratio_9_21,bb_width,bb_position,dist_to_high_24,dist_to_low_24,dist_to_high_96,dist_to_low_96,range_1,range_avg_24,consec_up,consec_down,hour_utc,dow"
252,SOLUSDT_low_vol,4,lgbm,False,2026-07-19 07:26:19.71407+00,,15m,low_vol,27,27,MATCH,,,,LEGACY_BINANCE_DIRECTION,era_code_482a6914_ret1_shift_minus1_plus_guard_hint_0968d065,next_15m_candle,1c8cc94604cf01590353b561476a74949902a62177aa1e0e91f93cb9353342b4,636599,True,sklearn.calibration.CalibratedClassifierCV,True,1,,0.5329918080353435,,"ret_1,ret_3,ret_6,ret_12,ret_24,ret_48,vol_6,vol_24,vol_48,vol_ratio,vol_trend,vol_z_1,taker_buy_ratio,rsi_14,ema_ratio_9_21,bb_width,bb_position,dist_to_high_24,dist_to_low_24,dist_to_high_96,dist_to_low_96,range_1,range_avg_24,consec_up,consec_down,hour_utc,dow"
253,SOLUSDT_mid_vol,4,lgbm,False,2026-07-19 07:26:19.71407+00,,15m,mid_vol,27,27,MATCH,,,,LEGACY_BINANCE_DIRECTION,era_code_482a6914_ret1_shift_minus1_plus_guard_hint_0968d065,next_15m_candle,3851b680fcf77da89aeaf469ed8bd464ffa76f9b1bfff413404d9fd176196af7,600030,True,sklearn.calibration.CalibratedClassifierCV,True,1,,0.5070547034426098,,"ret_1,ret_3,ret_6,ret_12,ret_24,ret_48,vol_6,vol_24,vol_48,vol_ratio,vol_trend,vol_z_1,taker_buy_ratio,rsi_14,ema_ratio_9_21,bb_width,bb_position,dist_to_high_24,dist_to_low_24,dist_to_high_96,dist_to_low_96,range_1,range_avg_24,consec_up,consec_down,hour_utc,dow"
254,SOLUSDT_high_vol,4,lgbm,False,2026-07-19 07:26:19.71407+00,,15m,high_vol,27,27,MATCH,,,,LEGACY_BINANCE_DIRECTION,era_code_482a6914_ret1_shift_minus1_plus_guard_hint_0968d065,next_15m_candle,72a7e13b039cd78d07c4b7d7196f0fa1548c9b1744b9d6e459dec9807e25e4c0,576870,True,sklearn.calibration.CalibratedClassifierCV,True,1,,0.505422469906559,,"ret_1,ret_3,ret_6,ret_12,ret_24,ret_48,vol_6,vol_24,vol_48,vol_ratio,vol_trend,vol_z_1,taker_buy_ratio,rsi_14,ema_ratio_9_21,bb_width,bb_position,dist_to_high_24,dist_to_low_24,dist_to_high_96,dist_to_low_96,range_1,range_avg_24,consec_up,consec_down,hour_utc,dow"
255,XRPUSDT_low_vol,3,lgbm,False,2026-07-19 07:34:36.332252+00,,15m,low_vol,27,27,MATCH,,,,LEGACY_BINANCE_DIRECTION,era_code_482a6914_ret1_shift_minus1_plus_guard_hint_0968d065,next_15m_candle,de35c837983b7b352cc27b051379df10e73f5d5a226859467062a74888aa3155,526910,True,sklearn.calibration.CalibratedClassifierCV,True,1,,0.4889073365051054,,"ret_1,ret_3,ret_6,ret_12,ret_24,ret_48,vol_6,vol_24,vol_48,vol_ratio,vol_trend,vol_z_1,taker_buy_ratio,rsi_14,ema_ratio_9_21,bb_width,bb_position,dist_to_high_24,dist_to_low_24,dist_to_high_96,dist_to_low_96,range_1,range_avg_24,consec_up,consec_down,hour_utc,dow"
256,XRPUSDT_mid_vol,3,lgbm,False,2026-07-19 07:34:36.332252+00,,15m,mid_vol,27,27,MATCH,,,,LEGACY_BINANCE_DIRECTION,era_code_482a6914_ret1_shift_minus1_plus_guard_hint_0968d065,next_15m_candle,320d8d89dbe0d0e474e95f8af152798c5da07a241a8ed5401260bee86dd806dc,552970,True,sklearn.calibration.CalibratedClassifierCV,True,1,,0.554318838287439,,"ret_1,ret_3,ret_6,ret_12,ret_24,ret_48,vol_6,vol_24,vol_48,vol_ratio,vol_trend,vol_z_1,taker_buy_ratio,rsi_14,ema_ratio_9_21,bb_width,bb_position,dist_to_high_24,dist_to_low_24,dist_to_high_96,dist_to_low_96,range_1,range_avg_24,consec_up,consec_down,hour_utc,dow"
257,XRPUSDT_high_vol,3,lgbm,False,2026-07-19 07:34:36.332252+00,,15m,high_vol,27,27,MATCH,,,,LEGACY_BINANCE_DIRECTION,era_code_482a6914_ret1_shift_minus1_plus_guard_hint_0968d065,next_15m_candle,509a0d4d79a5f24e997f5c5347d9429ccd90d77454785fe6f7b86c5e3768f26e,577361,True,sklearn.calibration.CalibratedClassifierCV,True,1,,0.5184960282559364,,"ret_1,ret_3,ret_6,ret_12,ret_24,ret_48,vol_6,vol_24,vol_48,vol_ratio,vol_trend,vol_z_1,taker_buy_ratio,rsi_14,ema_ratio_9_21,bb_width,bb_position,dist_to_high_24,dist_to_low_24,dist_to_high_96,dist_to_low_96,range_1,range_avg_24,consec_up,consec_down,hour_utc,dow"
258,DOGE,24,logreg,False,2026-07-19 07:37:47.399343+00,,15m,,22,22,MATCH,,,,UNKNOWN_TARGET,no_manifest_no_era_proof,none,0878c7a265d21d4dc5f050a14e5cf94608422a80b7d76c762ba15582da44f849,53693,True,sklearn.calibration.CalibratedClassifierCV,True,0,,0.722848899230058,,"time_left_min,mid_price,spread,volume_5min,price_velocity,hour_of_day,day_of_week,price_distance_from_max,price_velocity_lag1,price_momentum,spread_trend,volume_trend,price_deviation,deviation_x_time,price_deviation_sq,spread_pct,log_time_left,time_phase,is_final_phase,high_price_final,velocity_x_phase,dev_sq_x_phase"
259,DOGE_leaning,5,logreg,False,2026-07-19 07:38:27.91024+00,,15m,,22,22,MATCH,,,,UNKNOWN_TARGET,no_manifest_no_era_proof,none,ca10cea92daa828f38b7fc9fe08b5f64c64c43bd919d5c37bf342aca931cf89a,17429,True,sklearn.calibration.CalibratedClassifierCV,True,0,,0.5459297332767612,,"time_left_min,mid_price,spread,volume_5min,price_velocity,hour_of_day,day_of_week,price_distance_from_max,price_velocity_lag1,price_momentum,spread_trend,volume_trend,price_deviation,deviation_x_time,price_deviation_sq,spread_pct,log_time_left,time_phase,is_final_phase,high_price_final,velocity_x_phase,dev_sq_x_phase"
260,DOGE_decided,5,logreg,False,2026-07-19 07:38:53.671982+00,,15m,,22,22,MATCH,,,,UNKNOWN_TARGET,no_manifest_no_era_proof,none,a652272d8f89eb82d0e56d51f66b4fb3fb6ade6f11d0f0885d1c5777101593f5,25453,True,sklearn.calibration.CalibratedClassifierCV,True,0,,0.7299610188204503,,"time_left_min,mid_price,spread,volume_5min,price_velocity,hour_of_day,day_of_week,price_distance_from_max,price_velocity_lag1,price_momentum,spread_trend,volume_trend,price_deviation,deviation_x_time,price_deviation_sq,spread_pct,log_time_left,time_phase,is_final_phase,high_price_final,velocity_x_phase,dev_sq_x_phase"
261,DOGEUSDT_low_vol,3,lgbm,False,2026-07-19 10:54:26.249215+00,,15m,low_vol,27,27,MATCH,,,,LEGACY_BINANCE_DIRECTION,era_code_482a6914_ret1_shift_minus1_plus_guard_hint_0968d065,next_15m_candle,82ae5e3ab0ce7fcc54c97a0c2ee47525aac98497afe77bcc75570ac1aecd80a1,576016,True,sklearn.calibration.CalibratedClassifierCV,True,1,,0.512778816921595,,"ret_1,ret_3,ret_6,ret_12,ret_24,ret_48,vol_6,vol_24,vol_48,vol_ratio,vol_trend,vol_z_1,taker_buy_ratio,rsi_14,ema_ratio_9_21,bb_width,bb_position,dist_to_high_24,dist_to_low_24,dist_to_high_96,dist_to_low_96,range_1,range_avg_24,consec_up,consec_down,hour_utc,dow"
262,DOGEUSDT_mid_vol,3,lgbm,False,2026-07-19 10:54:26.249215+00,,15m,mid_vol,27,27,MATCH,,,,LEGACY_BINANCE_DIRECTION,era_code_482a6914_ret1_shift_minus1_plus_guard_hint_0968d065,next_15m_candle,29c417fd8afac7c394350c225a02326cbbedfd714ea7b7d9ca134932092d09d8,573008,True,sklearn.calibration.CalibratedClassifierCV,True,1,,0.4969162452340801,,"ret_1,ret_3,ret_6,ret_12,ret_24,ret_48,vol_6,vol_24,vol_48,vol_ratio,vol_trend,vol_z_1,taker_buy_ratio,rsi_14,ema_ratio_9_21,bb_width,bb_position,dist_to_high_24,dist_to_low_24,dist_to_high_96,dist_to_low_96,range_1,range_avg_24,consec_up,consec_down,hour_utc,dow"
263,DOGEUSDT_high_vol,3,lgbm,False,2026-07-19 10:54:26.249215+00,,15m,high_vol,27,27,MATCH,,,,LEGACY_BINANCE_DIRECTION,era_code_482a6914_ret1_shift_minus1_plus_guard_hint_0968d065,next_15m_candle,a49f187144fa17b2799f07ae2523f026dee671f689560b82cf4200b20c4bbfe8,570263,True,sklearn.calibration.CalibratedClassifierCV,True,1,,0.5304350493866817,,"ret_1,ret_3,ret_6,ret_12,ret_24,ret_48,vol_6,vol_24,vol_48,vol_ratio,vol_trend,vol_z_1,taker_buy_ratio,rsi_14,ema_ratio_9_21,bb_width,bb_position,dist_to_high_24,dist_to_low_24,dist_to_high_96,dist_to_low_96,range_1,range_avg_24,consec_up,consec_down,hour_utc,dow"
264,XRP,24,logreg,False,2026-07-19 11:37:15.53408+00,,15m,,22,22,MATCH,,,,UNKNOWN_TARGET,no_manifest_no_era_proof,none,cafb70cb36782d394aa35aa4b17f6ec68e60be95198366c6b1d4273bd827c8bc,58565,True,sklearn.calibration.CalibratedClassifierCV,True,0,,0.7335518235171083,,"time_left_min,mid_price,spread,volume_5min,price_velocity,hour_of_day,day_of_week,price_distance_from_max,price_velocity_lag1,price_momentum,spread_trend,volume_trend,price_deviation,deviation_x_time,price_deviation_sq,spread_pct,log_time_left,time_phase,is_final_phase,high_price_final,velocity_x_phase,dev_sq_x_phase"
265,XRP_leaning,5,logreg,False,2026-07-19 11:37:22.164451+00,,15m,,22,22,MATCH,,,,UNKNOWN_TARGET,no_manifest_no_era_proof,none,060b814db7fed8390c9380bb5d009d9f97f9cae0f70bfe12a923fa051d8b8c26,18365,True,sklearn.calibration.CalibratedClassifierCV,True,0,,0.5507598493878963,,"time_left_min,mid_price,spread,volume_5min,price_velocity,hour_of_day,day_of_week,price_distance_from_max,price_velocity_lag1,price_momentum,spread_trend,volume_trend,price_deviation,deviation_x_time,price_deviation_sq,spread_pct,log_time_left,time_phase,is_final_phase,high_price_final,velocity_x_phase,dev_sq_x_phase"
266,XRP_decided,5,logreg,False,2026-07-19 11:37:39.361869+00,,15m,,22,22,MATCH,,,,UNKNOWN_TARGET,no_manifest_no_era_proof,none,be0d552b762de06a70bec4b3d2b125f4659d27284e5d852faab7612cacca8942,28269,True,sklearn.calibration.CalibratedClassifierCV,True,0,,0.729307270197884,,"time_left_min,mid_price,spread,volume_5min,price_velocity,hour_of_day,day_of_week,price_distance_from_max,price_velocity_lag1,price_momentum,spread_trend,volume_trend,price_deviation,deviation_x_time,price_deviation_sq,spread_pct,log_time_left,time_phase,is_final_phase,high_price_final,velocity_x_phase,dev_sq_x_phase"
267,SOLUSDT_low_vol,5,lgbm,False,2026-07-19 14:12:56.116493+00,,15m,low_vol,27,27,MATCH,,,,LEGACY_BINANCE_DIRECTION,era_code_482a6914_ret1_shift_minus1_plus_guard_hint_0968d065,next_15m_candle,53d35c1ef6786e7b9e02d411404c4557f79c6494f0812b9a8542f80af765e970,635046,True,sklearn.calibration.CalibratedClassifierCV,True,1,,0.5394090375374653,,"ret_1,ret_3,ret_6,ret_12,ret_24,ret_48,vol_6,vol_24,vol_48,vol_ratio,vol_trend,vol_z_1,taker_buy_ratio,rsi_14,ema_ratio_9_21,bb_width,bb_position,dist_to_high_24,dist_to_low_24,dist_to_high_96,dist_to_low_96,range_1,range_avg_24,consec_up,consec_down,hour_utc,dow"
268,SOLUSDT_mid_vol,5,lgbm,False,2026-07-19 14:12:56.116493+00,,15m,mid_vol,27,27,MATCH,,,,LEGACY_BINANCE_DIRECTION,era_code_482a6914_ret1_shift_minus1_plus_guard_hint_0968d065,next_15m_candle,f5883c6bc675c51dda34f44c3ea632be45b3fa81923d597de38bc9e91892d858,582465,True,sklearn.calibration.CalibratedClassifierCV,True,1,,0.508930976626936,,"ret_1,ret_3,ret_6,ret_12,ret_24,ret_48,vol_6,vol_24,vol_48,vol_ratio,vol_trend,vol_z_1,taker_buy_ratio,rsi_14,ema_ratio_9_21,bb_width,bb_position,dist_to_high_24,dist_to_low_24,dist_to_high_96,dist_to_low_96,range_1,range_avg_24,consec_up,consec_down,hour_utc,dow"
269,SOLUSDT_high_vol,5,lgbm,False,2026-07-19 14:12:56.116493+00,,15m,high_vol,27,27,MATCH,,,,LEGACY_BINANCE_DIRECTION,era_code_482a6914_ret1_shift_minus1_plus_guard_hint_0968d065,next_15m_candle,3978e0ec3c48a625e51915065a583cfc2eb672ffa02ac3364a684f2aee177390,591817,True,sklearn.calibration.CalibratedClassifierCV,True,1,,0.5127465152610979,,"ret_1,ret_3,ret_6,ret_12,ret_24,ret_48,vol_6,vol_24,vol_48,vol_ratio,vol_trend,vol_z_1,taker_buy_ratio,rsi_14,ema_ratio_9_21,bb_width,bb_position,dist_to_high_24,dist_to_low_24,dist_to_high_96,dist_to_low_96,range_1,range_avg_24,consec_up,consec_down,hour_utc,dow"
270,SOLUSDT_low_vol,6,lgbm,False,2026-07-20 15:33:00.790955+00,,15m,low_vol,27,27,MATCH,,,,LEGACY_BINANCE_DIRECTION,era_code_482a6914_ret1_shift_minus1_plus_guard_hint_0968d065,next_15m_candle,af942b9cc914880c00d256ea6c82d720bae1a6a6b941d160768c59b51a19f926,623790,True,sklearn.calibration.CalibratedClassifierCV,True,1,,0.53414044073515,,"ret_1,ret_3,ret_6,ret_12,ret_24,ret_48,vol_6,vol_24,vol_48,vol_ratio,vol_trend,vol_z_1,taker_buy_ratio,rsi_14,ema_ratio_9_21,bb_width,bb_position,dist_to_high_24,dist_to_low_24,dist_to_high_96,dist_to_low_96,range_1,range_avg_24,consec_up,consec_down,hour_utc,dow"
271,SOLUSDT_mid_vol,6,lgbm,False,2026-07-20 15:33:00.790955+00,,15m,mid_vol,27,27,MATCH,,,,LEGACY_BINANCE_DIRECTION,era_code_482a6914_ret1_shift_minus1_plus_guard_hint_0968d065,next_15m_candle,aac3ceab85f82dc6ef9ad544d15efa63ced02ee97a523947711aa0dda5a8c749,571911,True,sklearn.calibration.CalibratedClassifierCV,True,1,,0.5057004548230096,,"ret_1,ret_3,ret_6,ret_12,ret_24,ret_48,vol_6,vol_24,vol_48,vol_ratio,vol_trend,vol_z_1,taker_buy_ratio,rsi_14,ema_ratio_9_21,bb_width,bb_position,dist_to_high_24,dist_to_low_24,dist_to_high_96,dist_to_low_96,range_1,range_avg_24,consec_up,consec_down,hour_utc,dow"
272,SOLUSDT_high_vol,6,lgbm,False,2026-07-20 15:33:00.790955+00,,15m,high_vol,27,27,MATCH,,,,LEGACY_BINANCE_DIRECTION,era_code_482a6914_ret1_shift_minus1_plus_guard_hint_0968d065,next_15m_candle,8166719970a3edf29a2184ad508c0f7c0ab5d9da7b5540c527d28bd9be6d50d9,580186,True,sklearn.calibration.CalibratedClassifierCV,True,1,,0.5017410294320264,,"ret_1,ret_3,ret_6,ret_12,ret_24,ret_48,vol_6,vol_24,vol_48,vol_ratio,vol_trend,vol_z_1,taker_buy_ratio,rsi_14,ema_ratio_9_21,bb_width,bb_position,dist_to_high_24,dist_to_low_24,dist_to_high_96,dist_to_low_96,range_1,range_avg_24,consec_up,consec_down,hour_utc,dow"
273,SOL,22,logreg,False,2026-07-20 15:34:16.594956+00,,15m,,22,22,MATCH,,,,UNKNOWN_TARGET,no_manifest_no_era_proof,none,4473ac798907e9aa1288b1f6f3ef588d28285044cedab5bd9d38e0b53080a847,56549,True,sklearn.calibration.CalibratedClassifierCV,True,0,,0.7197615632525871,,"time_left_min,mid_price,spread,volume_5min,price_velocity,hour_of_day,day_of_week,price_distance_from_max,price_velocity_lag1,price_momentum,spread_trend,volume_trend,price_deviation,deviation_x_time,price_deviation_sq,spread_pct,log_time_left,time_phase,is_final_phase,high_price_final,velocity_x_phase,dev_sq_x_phase"
274,SOL_leaning,3,logreg,False,2026-07-20 15:34:24.928253+00,,15m,,22,22,MATCH,,,,UNKNOWN_TARGET,no_manifest_no_era_proof,none,80f443a37bf62392edb0c362f8abf14a5000e1b271436ca1ae1826318bcefc38,18981,True,sklearn.calibration.CalibratedClassifierCV,True,0,,0.5590713350295381,,"time_left_min,mid_price,spread,volume_5min,price_velocity,hour_of_day,day_of_week,price_distance_from_max,price_velocity_lag1,price_momentum,spread_trend,volume_trend,price_deviation,deviation_x_time,price_deviation_sq,spread_pct,log_time_left,time_phase,is_final_phase,high_price_final,velocity_x_phase,dev_sq_x_phase"
275,SOL_decided,4,logreg,False,2026-07-20 15:35:05.757437+00,,15m,,22,22,MATCH,,,,UNKNOWN_TARGET,no_manifest_no_era_proof,none,43a3e554e4766885c74e1a02a91f4d95d50ff488dd17a8e52eb1b60f446298fe,26253,True,sklearn.calibration.CalibratedClassifierCV,True,0,,0.7124585724212421,,"time_left_min,mid_price,spread,volume_5min,price_velocity,hour_of_day,day_of_week,price_distance_from_max,price_velocity_lag1,price_momentum,spread_trend,volume_trend,price_deviation,deviation_x_time,price_deviation_sq,spread_pct,log_time_left,time_phase,is_final_phase,high_price_final,velocity_x_phase,dev_sq_x_phase"
276,BTC,33,logreg,False,2026-07-20 23:24:24.317879+00,,15m,,22,22,MATCH,,,,UNKNOWN_TARGET,no_manifest_no_era_proof,none,f70b60d20e888c0fe3e6d4a4c7a7b8f76d6bd99da4576b4ffb2f7c8edf0bf101,61349,True,sklearn.calibration.CalibratedClassifierCV,True,0,,0.7225861070138639,,"time_left_min,mid_price,spread,volume_5min,price_velocity,hour_of_day,day_of_week,price_distance_from_max,price_velocity_lag1,price_momentum,spread_trend,volume_trend,price_deviation,deviation_x_time,price_deviation_sq,spread_pct,log_time_left,time_phase,is_final_phase,high_price_final,velocity_x_phase,dev_sq_x_phase"
277,BTC_contested,3,logreg,False,2026-07-20 23:24:38.330604+00,,15m,,22,22,MATCH,,,,UNKNOWN_TARGET,no_manifest_no_era_proof,none,efa46d8e64745a451d10185012f59f2b77bd453dabb83efea192e2ac4325c431,18773,True,sklearn.calibration.CalibratedClassifierCV,True,0,,0.5338935417691901,,"time_left_min,mid_price,spread,volume_5min,price_velocity,hour_of_day,day_of_week,price_distance_from_max,price_velocity_lag1,price_momentum,spread_trend,volume_trend,price_deviation,deviation_x_time,price_deviation_sq,spread_pct,log_time_left,time_phase,is_final_phase,high_price_final,velocity_x_phase,dev_sq_x_phase"
278,BTC_leaning,1,logreg,False,2026-07-20 23:24:52.279747+00,,15m,,22,22,MATCH,,,,UNKNOWN_TARGET,no_manifest_no_era_proof,none,4b44b791afe9600c06fbe78568234384c20f41378e3bbf1d37483b753d8900a1,21229,True,sklearn.calibration.CalibratedClassifierCV,True,0,,0.5459322092836544,,"time_left_min,mid_price,spread,volume_5min,price_velocity,hour_of_day,day_of_week,price_distance_from_max,price_velocity_lag1,price_momentum,spread_trend,volume_trend,price_deviation,deviation_x_time,price_deviation_sq,spread_pct,log_time_left,time_phase,is_final_phase,high_price_final,velocity_x_phase,dev_sq_x_phase"
279,BTC_decided,5,logreg,False,2026-07-20 23:25:19.30813+00,,15m,,22,22,MATCH,,,,UNKNOWN_TARGET,no_manifest_no_era_proof,none,d9057c4664d449cbfd1df834fcb2dff2ab66c4b49114fb79cf92d9fdd6058740,27869,True,sklearn.calibration.CalibratedClassifierCV,True,0,,0.7265204881527925,,"time_left_min,mid_price,spread,volume_5min,price_velocity,hour_of_day,day_of_week,price_distance_from_max,price_velocity_lag1,price_momentum,spread_trend,volume_trend,price_deviation,deviation_x_time,price_deviation_sq,spread_pct,log_time_left,time_phase,is_final_phase,high_price_final,velocity_x_phase,dev_sq_x_phase"
280,BTCUSDT_low_vol,14,lgbm,False,2026-07-20 23:26:33.784344+00,,15m,low_vol,27,27,MATCH,,,,LEGACY_BINANCE_DIRECTION,era_code_482a6914_ret1_shift_minus1_plus_guard_hint_0968d065,next_15m_candle,7b414cd7ce49d5f753d7a2b6d61cf29b04ff7ea7d847edd38d3045916fa05a47,553365,True,sklearn.calibration.CalibratedClassifierCV,True,1,,0.5210633075881204,,"ret_1,ret_3,ret_6,ret_12,ret_24,ret_48,vol_6,vol_24,vol_48,vol_ratio,vol_trend,vol_z_1,taker_buy_ratio,rsi_14,ema_ratio_9_21,bb_width,bb_position,dist_to_high_24,dist_to_low_24,dist_to_high_96,dist_to_low_96,range_1,range_avg_24,consec_up,consec_down,hour_utc,dow"
281,BTCUSDT_mid_vol,8,lgbm,False,2026-07-20 23:26:33.784344+00,,15m,mid_vol,27,27,MATCH,,,,LEGACY_BINANCE_DIRECTION,era_code_482a6914_ret1_shift_minus1_plus_guard_hint_0968d065,next_15m_candle,493d72065bf9dd1086759a3203135016250ef8f943ef294e0e2c3859e50502c5,601617,True,sklearn.calibration.CalibratedClassifierCV,True,1,,0.5145234236542219,,"ret_1,ret_3,ret_6,ret_12,ret_24,ret_48,vol_6,vol_24,vol_48,vol_ratio,vol_trend,vol_z_1,taker_buy_ratio,rsi_14,ema_ratio_9_21,bb_width,bb_position,dist_to_high_24,dist_to_low_24,dist_to_high_96,dist_to_low_96,range_1,range_avg_24,consec_up,consec_down,hour_utc,dow"
282,BTCUSDT_high_vol,14,lgbm,False,2026-07-20 23:26:33.784344+00,,15m,high_vol,27,27,MATCH,,,,LEGACY_BINANCE_DIRECTION,era_code_482a6914_ret1_shift_minus1_plus_guard_hint_0968d065,next_15m_candle,80a3a275b0b527dd38821de633492906f0f273ce3654ccb2fb48a9a688a139d4,570725,True,sklearn.calibration.CalibratedClassifierCV,True,1,,0.5114080106789697,,"ret_1,ret_3,ret_6,ret_12,ret_24,ret_48,vol_6,vol_24,vol_48,vol_ratio,vol_trend,vol_z_1,taker_buy_ratio,rsi_14,ema_ratio_9_21,bb_width,bb_position,dist_to_high_24,dist_to_low_24,dist_to_high_96,dist_to_low_96,range_1,range_avg_24,consec_up,consec_down,hour_utc,dow"
283,ETHUSDT_low_vol,13,lgbm,False,2026-07-21 06:00:50.425931+00,,15m,low_vol,27,27,MATCH,,,,LEGACY_BINANCE_DIRECTION,era_code_482a6914_ret1_shift_minus1_plus_guard_hint_0968d065,next_15m_candle,f3a04298ced33b45e9adb12791d8a3a8e825330afb437cded6b706f877057b3b,594268,True,sklearn.calibration.CalibratedClassifierCV,True,1,,0.5153840484410945,,"ret_1,ret_3,ret_6,ret_12,ret_24,ret_48,vol_6,vol_24,vol_48,vol_ratio,vol_trend,vol_z_1,taker_buy_ratio,rsi_14,ema_ratio_9_21,bb_width,bb_position,dist_to_high_24,dist_to_low_24,dist_to_high_96,dist_to_low_96,range_1,range_avg_24,consec_up,consec_down,hour_utc,dow"
284,ETHUSDT_mid_vol,7,lgbm,False,2026-07-21 06:00:50.425931+00,,15m,mid_vol,27,27,MATCH,,,,LEGACY_BINANCE_DIRECTION,era_code_482a6914_ret1_shift_minus1_plus_guard_hint_0968d065,next_15m_candle,71fef317a8101cd012e8c3a8efb8b72007e0da988463320e0428e9bca2d2589c,598047,True,sklearn.calibration.CalibratedClassifierCV,True,1,,0.4909718167711807,,"ret_1,ret_3,ret_6,ret_12,ret_24,ret_48,vol_6,vol_24,vol_48,vol_ratio,vol_trend,vol_z_1,taker_buy_ratio,rsi_14,ema_ratio_9_21,bb_width,bb_position,dist_to_high_24,dist_to_low_24,dist_to_high_96,dist_to_low_96,range_1,range_avg_24,consec_up,consec_down,hour_utc,dow"
285,ETHUSDT_high_vol,13,lgbm,False,2026-07-21 06:00:50.425931+00,,15m,high_vol,27,27,MATCH,,,,LEGACY_BINANCE_DIRECTION,era_code_482a6914_ret1_shift_minus1_plus_guard_hint_0968d065,next_15m_candle,c366a7fb9e9e7fc2e50b9738fb3739f711c3bf7d780d4a343d0ce92a39159ff0,571508,True,sklearn.calibration.CalibratedClassifierCV,True,1,,0.540301023229539,,"ret_1,ret_3,ret_6,ret_12,ret_24,ret_48,vol_6,vol_24,vol_48,vol_ratio,vol_trend,vol_z_1,taker_buy_ratio,rsi_14,ema_ratio_9_21,bb_width,bb_position,dist_to_high_24,dist_to_low_24,dist_to_high_96,dist_to_low_96,range_1,range_avg_24,consec_up,consec_down,hour_utc,dow"
286,XRP,25,logreg,False,2026-07-21 07:14:53.306821+00,,15m,,22,22,MATCH,,,,UNKNOWN_TARGET,no_manifest_no_era_proof,none,64c5061c60fdbefb92084d9bf9e782688b6c07df3b05331f2b64dee124cf9219,57613,True,sklearn.calibration.CalibratedClassifierCV,True,0,,0.7206673882280582,,"time_left_min,mid_price,spread,volume_5min,price_velocity,hour_of_day,day_of_week,price_distance_from_max,price_velocity_lag1,price_momentum,spread_trend,volume_trend,price_deviation,deviation_x_time,price_deviation_sq,spread_pct,log_time_left,time_phase,is_final_phase,high_price_final,velocity_x_phase,dev_sq_x_phase"
287,XRP_leaning,6,logreg,False,2026-07-21 07:15:02.919581+00,,15m,,22,22,MATCH,,,,UNKNOWN_TARGET,no_manifest_no_era_proof,none,e45544956a912f78fba4c32625fb890902b30a3006a9ff3034eaac9780184d81,18941,True,sklearn.calibration.CalibratedClassifierCV,True,0,,0.5483250307838271,,"time_left_min,mid_price,spread,volume_5min,price_velocity,hour_of_day,day_of_week,price_distance_from_max,price_velocity_lag1,price_momentum,spread_trend,volume_trend,price_deviation,deviation_x_time,price_deviation_sq,spread_pct,log_time_left,time_phase,is_final_phase,high_price_final,velocity_x_phase,dev_sq_x_phase"
288,XRP_decided,6,logreg,False,2026-07-21 07:15:09.614571+00,,15m,,22,22,MATCH,,,,UNKNOWN_TARGET,no_manifest_no_era_proof,none,4aff5d4c3370f9494673ac9bf8f724117ba9da4a6b2a45c5eaa9989b9ec56d20,27477,True,sklearn.calibration.CalibratedClassifierCV,True,0,,0.7226072932388561,,"time_left_min,mid_price,spread,volume_5min,price_velocity,hour_of_day,day_of_week,price_distance_from_max,price_velocity_lag1,price_momentum,spread_trend,volume_trend,price_deviation,deviation_x_time,price_deviation_sq,spread_pct,log_time_left,time_phase,is_final_phase,high_price_final,velocity_x_phase,dev_sq_x_phase"
289,SOL,23,logreg,False,2026-07-21 07:26:57.792398+00,,15m,,22,22,MATCH,,,,UNKNOWN_TARGET,no_manifest_no_era_proof,none,e4ff6ae4bf459b032871def8e613385bd75c68954afdda24beff904c18ed0094,57637,True,sklearn.calibration.CalibratedClassifierCV,True,0,,0.7184026766410423,,"time_left_min,mid_price,spread,volume_5min,price_velocity,hour_of_day,day_of_week,price_distance_from_max,price_velocity_lag1,price_momentum,spread_trend,volume_trend,price_deviation,deviation_x_time,price_deviation_sq,spread_pct,log_time_left,time_phase,is_final_phase,high_price_final,velocity_x_phase,dev_sq_x_phase"
290,SOL_leaning,4,logreg,False,2026-07-21 07:27:03.908345+00,,15m,,22,22,MATCH,,,t,UNKNOWN_TARGET,no_manifest_no_era_proof,none,f70cb8c397d75e644330b07dc327d995d5b6f299abbd1a402955ce91f52d60e1,18989,True,sklearn.calibration.CalibratedClassifierCV,True,0,,0.5627767880700496,,"time_left_min,mid_price,spread,volume_5min,price_velocity,hour_of_day,day_of_week,price_distance_from_max,price_velocity_lag1,price_momentum,spread_trend,volume_trend,price_deviation,deviation_x_time,price_deviation_sq,spread_pct,log_time_left,time_phase,is_final_phase,high_price_final,velocity_x_phase,dev_sq_x_phase"
291,SOL_decided,5,logreg,False,2026-07-21 07:27:17.132689+00,,15m,,22,22,MATCH,,,,UNKNOWN_TARGET,no_manifest_no_era_proof,none,ce51d97e1aadfa65315f44612686163ce69f69e386ee03be9fea730485db885e,26989,True,sklearn.calibration.CalibratedClassifierCV,True,0,,0.7093359385448338,,"time_left_min,mid_price,spread,volume_5min,price_velocity,hour_of_day,day_of_week,price_distance_from_max,price_velocity_lag1,price_momentum,spread_trend,volume_trend,price_deviation,deviation_x_time,price_deviation_sq,spread_pct,log_time_left,time_phase,is_final_phase,high_price_final,velocity_x_phase,dev_sq_x_phase"
292,BTCUSDT_low_vol,15,lgbm,False,2026-07-21 15:54:45.544015+00,,15m,low_vol,27,27,MATCH,,,,LEGACY_BINANCE_DIRECTION,era_code_482a6914_ret1_shift_minus1_plus_guard_hint_0968d065,next_15m_candle,58b0445d353ec17b1c7030bd0e6c5a38f163cab159f284965a2f2c1005f4ddc5,559903,True,sklearn.calibration.CalibratedClassifierCV,True,1,,0.5160523393595552,,"ret_1,ret_3,ret_6,ret_12,ret_24,ret_48,vol_6,vol_24,vol_48,vol_ratio,vol_trend,vol_z_1,taker_buy_ratio,rsi_14,ema_ratio_9_21,bb_width,bb_position,dist_to_high_24,dist_to_low_24,dist_to_high_96,dist_to_low_96,range_1,range_avg_24,consec_up,consec_down,hour_utc,dow"
293,DOGEUSDT_low_vol,4,lgbm,False,2026-07-21 15:55:08.515579+00,,15m,low_vol,27,27,MATCH,,,,LEGACY_BINANCE_DIRECTION,era_code_482a6914_ret1_shift_minus1_plus_guard_hint_0968d065,next_15m_candle,288aa1576e0a8b56d1db1122171f37a86f82927ac650932505349375e0435951,553064,True,sklearn.calibration.CalibratedClassifierCV,True,1,,0.5076973264875069,,"ret_1,ret_3,ret_6,ret_12,ret_24,ret_48,vol_6,vol_24,vol_48,vol_ratio,vol_trend,vol_z_1,taker_buy_ratio,rsi_14,ema_ratio_9_21,bb_width,bb_position,dist_to_high_24,dist_to_low_24,dist_to_high_96,dist_to_low_96,range_1,range_avg_24,consec_up,consec_down,hour_utc,dow"
294,XRPUSDT_low_vol,4,lgbm,False,2026-07-21 15:55:07.288499+00,,15m,low_vol,27,27,MATCH,,,,LEGACY_BINANCE_DIRECTION,era_code_482a6914_ret1_shift_minus1_plus_guard_hint_0968d065,next_15m_candle,7c777a3aca5e68a193f2b35e4469cbe122e5de8c8e2937e4021e8377d6048da2,528233,True,sklearn.calibration.CalibratedClassifierCV,True,1,,0.49524350483588914,,"ret_1,ret_3,ret_6,ret_12,ret_24,ret_48,vol_6,vol_24,vol_48,vol_ratio,vol_trend,vol_z_1,taker_buy_ratio,rsi_14,ema_ratio_9_21,bb_width,bb_position,dist_to_high_24,dist_to_low_24,dist_to_high_96,dist_to_low_96,range_1,range_avg_24,consec_up,consec_down,hour_utc,dow"
295,ETHUSDT_low_vol,14,lgbm,False,2026-07-21 15:55:13.777851+00,,15m,low_vol,27,27,MATCH,,,,LEGACY_BINANCE_DIRECTION,era_code_482a6914_ret1_shift_minus1_plus_guard_hint_0968d065,next_15m_candle,da26e717e434b6aac211cf3d58ee0561a2da6655c7d89ff419b614598d076faa,575411,True,sklearn.calibration.CalibratedClassifierCV,True,1,,0.5235344534200287,,"ret_1,ret_3,ret_6,ret_12,ret_24,ret_48,vol_6,vol_24,vol_48,vol_ratio,vol_trend,vol_z_1,taker_buy_ratio,rsi_14,ema_ratio_9_21,bb_width,bb_position,dist_to_high_24,dist_to_low_24,dist_to_high_96,dist_to_low_96,range_1,range_avg_24,consec_up,consec_down,hour_utc,dow"
296,SOLUSDT_low_vol,7,lgbm,False,2026-07-21 15:55:20.776635+00,,15m,low_vol,27,27,MATCH,,,,LEGACY_BINANCE_DIRECTION,era_code_482a6914_ret1_shift_minus1_plus_guard_hint_0968d065,next_15m_candle,36158a83f34e34fbf157985a75c313f24f272b8bdfc79be86f4b9425628622b8,612399,True,sklearn.calibration.CalibratedClassifierCV,True,1,,0.5359687463917211,,"ret_1,ret_3,ret_6,ret_12,ret_24,ret_48,vol_6,vol_24,vol_48,vol_ratio,vol_trend,vol_z_1,taker_buy_ratio,rsi_14,ema_ratio_9_21,bb_width,bb_position,dist_to_high_24,dist_to_low_24,dist_to_high_96,dist_to_low_96,range_1,range_avg_24,consec_up,consec_down,hour_utc,dow"
297,XRPUSDT_mid_vol,4,lgbm,False,2026-07-21 15:55:07.288499+00,,15m,mid_vol,27,27,MATCH,,,,LEGACY_BINANCE_DIRECTION,era_code_482a6914_ret1_shift_minus1_plus_guard_hint_0968d065,next_15m_candle,3704320d8986ce761d3785e32e0bb848fb538879a86cb022a7a4ca7411c8c019,582817,True,sklearn.calibration.CalibratedClassifierCV,True,1,,0.5446631236934549,,"ret_1,ret_3,ret_6,ret_12,ret_24,ret_48,vol_6,vol_24,vol_48,vol_ratio,vol_trend,vol_z_1,taker_buy_ratio,rsi_14,ema_ratio_9_21,bb_width,bb_position,dist_to_high_24,dist_to_low_24,dist_to_high_96,dist_to_low_96,range_1,range_avg_24,consec_up,consec_down,hour_utc,dow"
298,BTCUSDT_mid_vol,9,lgbm,False,2026-07-21 15:54:45.544015+00,,15m,mid_vol,27,27,MATCH,,,,LEGACY_BINANCE_DIRECTION,era_code_482a6914_ret1_shift_minus1_plus_guard_hint_0968d065,next_15m_candle,fbde49aeec1d251a476df9495d87f370aa58e324d5c2d3dc6aeff6f66d761cc9,598591,True,sklearn.calibration.CalibratedClassifierCV,True,1,,0.5245906050557018,,"ret_1,ret_3,ret_6,ret_12,ret_24,ret_48,vol_6,vol_24,vol_48,vol_ratio,vol_trend,vol_z_1,taker_buy_ratio,rsi_14,ema_ratio_9_21,bb_width,bb_position,dist_to_high_24,dist_to_low_24,dist_to_high_96,dist_to_low_96,range_1,range_avg_24,consec_up,consec_down,hour_utc,dow"
299,DOGEUSDT_mid_vol,4,lgbm,False,2026-07-21 15:55:08.515579+00,,15m,mid_vol,27,27,MATCH,,,,LEGACY_BINANCE_DIRECTION,era_code_482a6914_ret1_shift_minus1_plus_guard_hint_0968d065,next_15m_candle,22f9be966c17534a2f08f11e7423a07b10c36498b6a78f6cb03de43876d784dc,576656,True,sklearn.calibration.CalibratedClassifierCV,True,1,,0.5063133772786126,,"ret_1,ret_3,ret_6,ret_12,ret_24,ret_48,vol_6,vol_24,vol_48,vol_ratio,vol_trend,vol_z_1,taker_buy_ratio,rsi_14,ema_ratio_9_21,bb_width,bb_position,dist_to_high_24,dist_to_low_24,dist_to_high_96,dist_to_low_96,range_1,range_avg_24,consec_up,consec_down,hour_utc,dow"
300,ETHUSDT_mid_vol,8,lgbm,False,2026-07-21 15:55:13.777851+00,,15m,mid_vol,27,27,MATCH,,,,LEGACY_BINANCE_DIRECTION,era_code_482a6914_ret1_shift_minus1_plus_guard_hint_0968d065,next_15m_candle,dc84b4c57347ab622d71bbfaee823d7f671b166d12d23a84b083ebdccb3f0c2e,585813,True,sklearn.calibration.CalibratedClassifierCV,True,1,,0.4975270714237866,,"ret_1,ret_3,ret_6,ret_12,ret_24,ret_48,vol_6,vol_24,vol_48,vol_ratio,vol_trend,vol_z_1,taker_buy_ratio,rsi_14,ema_ratio_9_21,bb_width,bb_position,dist_to_high_24,dist_to_low_24,dist_to_high_96,dist_to_low_96,range_1,range_avg_24,consec_up,consec_down,hour_utc,dow"
301,SOLUSDT_mid_vol,7,lgbm,False,2026-07-21 15:55:20.776635+00,,15m,mid_vol,27,27,MATCH,,,,LEGACY_BINANCE_DIRECTION,era_code_482a6914_ret1_shift_minus1_plus_guard_hint_0968d065,next_15m_candle,3c81bf3f89f2d019533ebd6ec10c125494a0e454d8091c8f39de0d96a0e7fcd7,593334,True,sklearn.calibration.CalibratedClassifierCV,True,1,,0.5066933914471111,,"ret_1,ret_3,ret_6,ret_12,ret_24,ret_48,vol_6,vol_24,vol_48,vol_ratio,vol_trend,vol_z_1,taker_buy_ratio,rsi_14,ema_ratio_9_21,bb_width,bb_position,dist_to_high_24,dist_to_low_24,dist_to_high_96,dist_to_low_96,range_1,range_avg_24,consec_up,consec_down,hour_utc,dow"
302,XRPUSDT_high_vol,4,lgbm,False,2026-07-21 15:55:07.288499+00,,15m,high_vol,27,27,MATCH,,,,LEGACY_BINANCE_DIRECTION,era_code_482a6914_ret1_shift_minus1_plus_guard_hint_0968d065,next_15m_candle,5a6cd7e184900b4e4e6899666a4bae56eb1bb074141e733d3dc5e6a8c8892566,588101,True,sklearn.calibration.CalibratedClassifierCV,True,1,,0.5149226122110799,,"ret_1,ret_3,ret_6,ret_12,ret_24,ret_48,vol_6,vol_24,vol_48,vol_ratio,vol_trend,vol_z_1,taker_buy_ratio,rsi_14,ema_ratio_9_21,bb_width,bb_position,dist_to_high_24,dist_to_low_24,dist_to_high_96,dist_to_low_96,range_1,range_avg_24,consec_up,consec_down,hour_utc,dow"
303,BTCUSDT_high_vol,15,lgbm,False,2026-07-21 15:54:45.544015+00,,15m,high_vol,27,27,MATCH,,,,LEGACY_BINANCE_DIRECTION,era_code_482a6914_ret1_shift_minus1_plus_guard_hint_0968d065,next_15m_candle,1c50a8d838e15a5b3aecf5ecbde6e8275e9771ae8e5e9c50b41bfd2c71309dab,576009,True,sklearn.calibration.CalibratedClassifierCV,True,1,,0.5020372626373799,,"ret_1,ret_3,ret_6,ret_12,ret_24,ret_48,vol_6,vol_24,vol_48,vol_ratio,vol_trend,vol_z_1,taker_buy_ratio,rsi_14,ema_ratio_9_21,bb_width,bb_position,dist_to_high_24,dist_to_low_24,dist_to_high_96,dist_to_low_96,range_1,range_avg_24,consec_up,consec_down,hour_utc,dow"
304,ETHUSDT_high_vol,14,lgbm,False,2026-07-21 15:55:13.777851+00,,15m,high_vol,27,27,MATCH,,,,LEGACY_BINANCE_DIRECTION,era_code_482a6914_ret1_shift_minus1_plus_guard_hint_0968d065,next_15m_candle,ca311dd998e9448b6c5816b152ab35549014e7bd93ba26d7956908a5fc13cedc,590200,True,sklearn.calibration.CalibratedClassifierCV,True,1,,0.5213355883141042,,"ret_1,ret_3,ret_6,ret_12,ret_24,ret_48,vol_6,vol_24,vol_48,vol_ratio,vol_trend,vol_z_1,taker_buy_ratio,rsi_14,ema_ratio_9_21,bb_width,bb_position,dist_to_high_24,dist_to_low_24,dist_to_high_96,dist_to_low_96,range_1,range_avg_24,consec_up,consec_down,hour_utc,dow"
305,DOGEUSDT_high_vol,4,lgbm,False,2026-07-21 15:55:08.515579+00,,15m,high_vol,27,27,MATCH,,,,LEGACY_BINANCE_DIRECTION,era_code_482a6914_ret1_shift_minus1_plus_guard_hint_0968d065,next_15m_candle,ccaaec164075b5b5cda3ab7d41f035fe4b05a6704bc79defe52b29e37e8c2d29,581067,True,sklearn.calibration.CalibratedClassifierCV,True,1,,0.5036661686106536,,"ret_1,ret_3,ret_6,ret_12,ret_24,ret_48,vol_6,vol_24,vol_48,vol_ratio,vol_trend,vol_z_1,taker_buy_ratio,rsi_14,ema_ratio_9_21,bb_width,bb_position,dist_to_high_24,dist_to_low_24,dist_to_high_96,dist_to_low_96,range_1,range_avg_24,consec_up,consec_down,hour_utc,dow"
306,SOLUSDT_high_vol,7,lgbm,False,2026-07-21 15:55:20.776635+00,,15m,high_vol,27,27,MATCH,,,,LEGACY_BINANCE_DIRECTION,era_code_482a6914_ret1_shift_minus1_plus_guard_hint_0968d065,next_15m_candle,1a7325b68337fbb9ccd3c84582e0764c4ae2984ba4e0771bc6897e6ff25deec1,563206,True,sklearn.calibration.CalibratedClassifierCV,True,1,,0.4928968312349274,,"ret_1,ret_3,ret_6,ret_12,ret_24,ret_48,vol_6,vol_24,vol_48,vol_ratio,vol_trend,vol_z_1,taker_buy_ratio,rsi_14,ema_ratio_9_21,bb_width,bb_position,dist_to_high_24,dist_to_low_24,dist_to_high_96,dist_to_low_96,range_1,range_avg_24,consec_up,consec_down,hour_utc,dow"
307,BTCUSDT_low_vol,16,lgbm,False,2026-07-21 16:15:26.344554+00,,15m,low_vol,20,20,MATCH,,,,LEGACY_BINANCE_DIRECTION,era_code_482a6914_ret1_shift_minus1_plus_guard_hint_0968d065,next_15m_candle,adf4cc3ace2ff3697377062370977e407f0b2dba703104812043ea844b750775,380553,True,sklearn.calibration.CalibratedClassifierCV,True,1,,0.5350256551436481,,"ret_1,ret_3,ret_6,vol_6,vol_24,vol_z_1,taker_buy_ratio,cvd_1,cvd_6,cvd_trend,rsi_14,ema_ratio_9_21,bb_width,bb_position,dist_to_high_24,dist_to_low_24,range_1,range_avg_24,consec_up,consec_down"
308,ETHUSDT_low_vol,15,lgbm,False,2026-07-21 16:15:29.565833+00,,15m,low_vol,20,20,MATCH,,,,LEGACY_BINANCE_DIRECTION,era_code_482a6914_ret1_shift_minus1_plus_guard_hint_0968d065,next_15m_candle,128225633212faadd626e1a779489d15c463b72a3b44830bfce6b244715e8c30,382693,True,sklearn.calibration.CalibratedClassifierCV,True,1,,0.4948566215941249,,"ret_1,ret_3,ret_6,vol_6,vol_24,vol_z_1,taker_buy_ratio,cvd_1,cvd_6,cvd_trend,rsi_14,ema_ratio_9_21,bb_width,bb_position,dist_to_high_24,dist_to_low_24,range_1,range_avg_24,consec_up,consec_down"
309,XRPUSDT_low_vol,5,lgbm,False,2026-07-21 16:15:41.09944+00,,15m,low_vol,20,20,MATCH,,,,LEGACY_BINANCE_DIRECTION,era_code_482a6914_ret1_shift_minus1_plus_guard_hint_0968d065,next_15m_candle,b7ef525b810f048470e0ad087dbd13de6546c2e789110f00192398b1b9e5b1cb,387599,True,sklearn.calibration.CalibratedClassifierCV,True,1,,0.4740460978481812,,"ret_1,ret_3,ret_6,vol_6,vol_24,vol_z_1,taker_buy_ratio,cvd_1,cvd_6,cvd_trend,rsi_14,ema_ratio_9_21,bb_width,bb_position,dist_to_high_24,dist_to_low_24,range_1,range_avg_24,consec_up,consec_down"
310,DOGEUSDT_low_vol,5,lgbm,False,2026-07-21 16:15:39.326569+00,,15m,low_vol,20,20,MATCH,,,,LEGACY_BINANCE_DIRECTION,era_code_482a6914_ret1_shift_minus1_plus_guard_hint_0968d065,next_15m_candle,d13ddf47c9bc1672e8756f3a7d1d04a9e6cd934be344a8bf0b0368443d84c127,353179,True,sklearn.calibration.CalibratedClassifierCV,True,1,,0.5077676519485645,,"ret_1,ret_3,ret_6,vol_6,vol_24,vol_z_1,taker_buy_ratio,cvd_1,cvd_6,cvd_trend,rsi_14,ema_ratio_9_21,bb_width,bb_position,dist_to_high_24,dist_to_low_24,range_1,range_avg_24,consec_up,consec_down"
311,SOLUSDT_low_vol,8,lgbm,False,2026-07-21 16:15:47.565203+00,,15m,low_vol,20,20,MATCH,,,,LEGACY_BINANCE_DIRECTION,era_code_482a6914_ret1_shift_minus1_plus_guard_hint_0968d065,next_15m_candle,1ca4f3efe77a24f9009e38d544fea27c843928d612f16360acd0030bd088aeb9,405761,True,sklearn.calibration.CalibratedClassifierCV,True,1,,0.5449868131352527,,"ret_1,ret_3,ret_6,vol_6,vol_24,vol_z_1,taker_buy_ratio,cvd_1,cvd_6,cvd_trend,rsi_14,ema_ratio_9_21,bb_width,bb_position,dist_to_high_24,dist_to_low_24,range_1,range_avg_24,consec_up,consec_down"
312,BTCUSDT_mid_vol,10,lgbm,False,2026-07-21 16:15:26.344554+00,,15m,mid_vol,20,20,MATCH,,,,LEGACY_BINANCE_DIRECTION,era_code_482a6914_ret1_shift_minus1_plus_guard_hint_0968d065,next_15m_candle,814edfd7fe788edf542bc843463f450cbb2b5eab49d37138ada247d3a7477bb1,389528,True,sklearn.calibration.CalibratedClassifierCV,True,1,,0.4727300398544436,,"ret_1,ret_3,ret_6,vol_6,vol_24,vol_z_1,taker_buy_ratio,cvd_1,cvd_6,cvd_trend,rsi_14,ema_ratio_9_21,bb_width,bb_position,dist_to_high_24,dist_to_low_24,range_1,range_avg_24,consec_up,consec_down"
313,ETHUSDT_mid_vol,9,lgbm,False,2026-07-21 16:15:29.565833+00,,15m,mid_vol,20,20,MATCH,,,,LEGACY_BINANCE_DIRECTION,era_code_482a6914_ret1_shift_minus1_plus_guard_hint_0968d065,next_15m_candle,3369e85ea168132629ab8a57eeb93988deceea7e89938b0f9fd704c6f977ed08,371507,True,sklearn.calibration.CalibratedClassifierCV,True,1,,0.4567483557349702,,"ret_1,ret_3,ret_6,vol_6,vol_24,vol_z_1,taker_buy_ratio,cvd_1,cvd_6,cvd_trend,rsi_14,ema_ratio_9_21,bb_width,bb_position,dist_to_high_24,dist_to_low_24,range_1,range_avg_24,consec_up,consec_down"
314,DOGEUSDT_mid_vol,5,lgbm,False,2026-07-21 16:15:39.326569+00,,15m,mid_vol,20,20,MATCH,,,,LEGACY_BINANCE_DIRECTION,era_code_482a6914_ret1_shift_minus1_plus_guard_hint_0968d065,next_15m_candle,62c3f34cb8bd453e4f9a59ca93aa89990f4aa1a3ddc7e5650470f2ca8894d6ba,376316,True,sklearn.calibration.CalibratedClassifierCV,True,1,,0.463868144774345,,"ret_1,ret_3,ret_6,vol_6,vol_24,vol_z_1,taker_buy_ratio,cvd_1,cvd_6,cvd_trend,rsi_14,ema_ratio_9_21,bb_width,bb_position,dist_to_high_24,dist_to_low_24,range_1,range_avg_24,consec_up,consec_down"
315,XRPUSDT_mid_vol,5,lgbm,False,2026-07-21 16:15:41.09944+00,,15m,mid_vol,20,20,MATCH,,,,LEGACY_BINANCE_DIRECTION,era_code_482a6914_ret1_shift_minus1_plus_guard_hint_0968d065,next_15m_candle,9792a9b495e9e68eff01e249add51d3e6b3646fb09d076e6049b723c33e5de6d,404918,True,sklearn.calibration.CalibratedClassifierCV,True,1,,0.5353573647821859,,"ret_1,ret_3,ret_6,vol_6,vol_24,vol_z_1,taker_buy_ratio,cvd_1,cvd_6,cvd_trend,rsi_14,ema_ratio_9_21,bb_width,bb_position,dist_to_high_24,dist_to_low_24,range_1,range_avg_24,consec_up,consec_down"
316,BTCUSDT_low_vol,17,lgbm,False,2026-07-21 17:12:37.474786+00,,15m,low_vol,20,20,MATCH,,,,LEGACY_BINANCE_DIRECTION,era_code_482a6914_ret1_shift_minus1_plus_guard_hint_0968d065,next_15m_candle,80521993c0466f758fd5ba72bc58d70824788ca06f9dc42fc7955f1225bbe9a9,379391,True,sklearn.calibration.CalibratedClassifierCV,True,1,,0.5310808035390469,,"ret_1,ret_3,ret_6,vol_6,vol_24,vol_z_1,taker_buy_ratio,cvd_1,cvd_6,cvd_trend,rsi_14,ema_ratio_9_21,bb_width,bb_position,dist_to_high_24,dist_to_low_24,range_1,range_avg_24,consec_up,consec_down"
317,BTCUSDT_mid_vol,11,lgbm,False,2026-07-21 17:12:37.474786+00,,15m,mid_vol,20,20,MATCH,,,,LEGACY_BINANCE_DIRECTION,era_code_482a6914_ret1_shift_minus1_plus_guard_hint_0968d065,next_15m_candle,6576340cc43b4ad7cfcfae19190bfcdef27401ff70ce383ce8f13c81b6a11314,385181,True,sklearn.calibration.CalibratedClassifierCV,True,1,,0.4762658435839038,,"ret_1,ret_3,ret_6,vol_6,vol_24,vol_z_1,taker_buy_ratio,cvd_1,cvd_6,cvd_trend,rsi_14,ema_ratio_9_21,bb_width,bb_position,dist_to_high_24,dist_to_low_24,range_1,range_avg_24,consec_up,consec_down"
318,BTCUSDT_high_vol,16,lgbm,False,2026-07-21 17:12:37.474786+00,,15m,high_vol,20,20,MATCH,,,,LEGACY_BINANCE_DIRECTION,era_code_482a6914_ret1_shift_minus1_plus_guard_hint_0968d065,next_15m_candle,fcf91dcea438fd41fb176f932f9628cd04093b17384517f62a3abd7c9462f450,366914,True,sklearn.calibration.CalibratedClassifierCV,True,1,,0.5337110487110487,,"ret_1,ret_3,ret_6,vol_6,vol_24,vol_z_1,taker_buy_ratio,cvd_1,cvd_6,cvd_trend,rsi_14,ema_ratio_9_21,bb_width,bb_position,dist_to_high_24,dist_to_low_24,range_1,range_avg_24,consec_up,consec_down"
319,BTCUSDT_low_vol,18,lgbm,False,2026-07-21 17:12:53.228308+00,,15m,low_vol,20,20,MATCH,,,,LEGACY_BINANCE_DIRECTION,era_code_482a6914_ret1_shift_minus1_plus_guard_hint_0968d065,next_15m_candle,80521993c0466f758fd5ba72bc58d70824788ca06f9dc42fc7955f1225bbe9a9,379391,True,sklearn.calibration.CalibratedClassifierCV,True,1,,0.5310808035390469,,"ret_1,ret_3,ret_6,vol_6,vol_24,vol_z_1,taker_buy_ratio,cvd_1,cvd_6,cvd_trend,rsi_14,ema_ratio_9_21,bb_width,bb_position,dist_to_high_24,dist_to_low_24,range_1,range_avg_24,consec_up,consec_down"
320,BTCUSDT_mid_vol,12,lgbm,False,2026-07-21 17:12:53.228308+00,,15m,mid_vol,20,20,MATCH,,,,LEGACY_BINANCE_DIRECTION,era_code_482a6914_ret1_shift_minus1_plus_guard_hint_0968d065,next_15m_candle,6576340cc43b4ad7cfcfae19190bfcdef27401ff70ce383ce8f13c81b6a11314,385181,True,sklearn.calibration.CalibratedClassifierCV,True,1,,0.4762658435839038,,"ret_1,ret_3,ret_6,vol_6,vol_24,vol_z_1,taker_buy_ratio,cvd_1,cvd_6,cvd_trend,rsi_14,ema_ratio_9_21,bb_width,bb_position,dist_to_high_24,dist_to_low_24,range_1,range_avg_24,consec_up,consec_down"
321,BTCUSDT_high_vol,17,lgbm,False,2026-07-21 17:12:53.228308+00,,15m,high_vol,20,20,MATCH,,,,LEGACY_BINANCE_DIRECTION,era_code_482a6914_ret1_shift_minus1_plus_guard_hint_0968d065,next_15m_candle,fcf91dcea438fd41fb176f932f9628cd04093b17384517f62a3abd7c9462f450,366914,True,sklearn.calibration.CalibratedClassifierCV,True,1,,0.5337110487110487,,"ret_1,ret_3,ret_6,vol_6,vol_24,vol_z_1,taker_buy_ratio,cvd_1,cvd_6,cvd_trend,rsi_14,ema_ratio_9_21,bb_width,bb_position,dist_to_high_24,dist_to_low_24,range_1,range_avg_24,consec_up,consec_down"
322,BTCUSDT_low_vol,19,lgbm,False,2026-07-21 17:13:08.242322+00,,15m,low_vol,20,20,MATCH,,,,LEGACY_BINANCE_DIRECTION,era_code_482a6914_ret1_shift_minus1_plus_guard_hint_0968d065,next_15m_candle,80521993c0466f758fd5ba72bc58d70824788ca06f9dc42fc7955f1225bbe9a9,379391,True,sklearn.calibration.CalibratedClassifierCV,True,1,,0.5310808035390469,,"ret_1,ret_3,ret_6,vol_6,vol_24,vol_z_1,taker_buy_ratio,cvd_1,cvd_6,cvd_trend,rsi_14,ema_ratio_9_21,bb_width,bb_position,dist_to_high_24,dist_to_low_24,range_1,range_avg_24,consec_up,consec_down"
323,BTCUSDT_mid_vol,13,lgbm,False,2026-07-21 17:13:08.242322+00,,15m,mid_vol,20,20,MATCH,,,,LEGACY_BINANCE_DIRECTION,era_code_482a6914_ret1_shift_minus1_plus_guard_hint_0968d065,next_15m_candle,6576340cc43b4ad7cfcfae19190bfcdef27401ff70ce383ce8f13c81b6a11314,385181,True,sklearn.calibration.CalibratedClassifierCV,True,1,,0.4762658435839038,,"ret_1,ret_3,ret_6,vol_6,vol_24,vol_z_1,taker_buy_ratio,cvd_1,cvd_6,cvd_trend,rsi_14,ema_ratio_9_21,bb_width,bb_position,dist_to_high_24,dist_to_low_24,range_1,range_avg_24,consec_up,consec_down"
324,BTCUSDT_high_vol,18,lgbm,False,2026-07-21 17:13:08.242322+00,,15m,high_vol,20,20,MATCH,,,,LEGACY_BINANCE_DIRECTION,era_code_482a6914_ret1_shift_minus1_plus_guard_hint_0968d065,next_15m_candle,fcf91dcea438fd41fb176f932f9628cd04093b17384517f62a3abd7c9462f450,366914,True,sklearn.calibration.CalibratedClassifierCV,True,1,,0.5337110487110487,,"ret_1,ret_3,ret_6,vol_6,vol_24,vol_z_1,taker_buy_ratio,cvd_1,cvd_6,cvd_trend,rsi_14,ema_ratio_9_21,bb_width,bb_position,dist_to_high_24,dist_to_low_24,range_1,range_avg_24,consec_up,consec_down"
325,BTCUSDT_low_vol,20,lgbm,False,2026-07-21 17:13:23.600947+00,,15m,low_vol,20,20,MATCH,,,,LEGACY_BINANCE_DIRECTION,era_code_482a6914_ret1_shift_minus1_plus_guard_hint_0968d065,next_15m_candle,80521993c0466f758fd5ba72bc58d70824788ca06f9dc42fc7955f1225bbe9a9,379391,True,sklearn.calibration.CalibratedClassifierCV,True,1,,0.5310808035390469,,"ret_1,ret_3,ret_6,vol_6,vol_24,vol_z_1,taker_buy_ratio,cvd_1,cvd_6,cvd_trend,rsi_14,ema_ratio_9_21,bb_width,bb_position,dist_to_high_24,dist_to_low_24,range_1,range_avg_24,consec_up,consec_down"
326,BTCUSDT_mid_vol,14,lgbm,False,2026-07-21 17:13:23.600947+00,,15m,mid_vol,20,20,MATCH,,,,LEGACY_BINANCE_DIRECTION,era_code_482a6914_ret1_shift_minus1_plus_guard_hint_0968d065,next_15m_candle,6576340cc43b4ad7cfcfae19190bfcdef27401ff70ce383ce8f13c81b6a11314,385181,True,sklearn.calibration.CalibratedClassifierCV,True,1,,0.4762658435839038,,"ret_1,ret_3,ret_6,vol_6,vol_24,vol_z_1,taker_buy_ratio,cvd_1,cvd_6,cvd_trend,rsi_14,ema_ratio_9_21,bb_width,bb_position,dist_to_high_24,dist_to_low_24,range_1,range_avg_24,consec_up,consec_down"
327,BTCUSDT_high_vol,19,lgbm,False,2026-07-21 17:13:23.600947+00,,15m,high_vol,20,20,MATCH,,,,LEGACY_BINANCE_DIRECTION,era_code_482a6914_ret1_shift_minus1_plus_guard_hint_0968d065,next_15m_candle,fcf91dcea438fd41fb176f932f9628cd04093b17384517f62a3abd7c9462f450,366914,True,sklearn.calibration.CalibratedClassifierCV,True,1,,0.5337110487110487,,"ret_1,ret_3,ret_6,vol_6,vol_24,vol_z_1,taker_buy_ratio,cvd_1,cvd_6,cvd_trend,rsi_14,ema_ratio_9_21,bb_width,bb_position,dist_to_high_24,dist_to_low_24,range_1,range_avg_24,consec_up,consec_down"
328,ETHUSDT_low_vol,16,lgbm,False,2026-07-21 17:14:11.807446+00,,15m,low_vol,20,20,MATCH,,,,LEGACY_BINANCE_DIRECTION,era_code_482a6914_ret1_shift_minus1_plus_guard_hint_0968d065,next_15m_candle,07e918a9c6eb03f92c0b52d7263478f4d0548b63135cb6dd53de728dd7ed13c7,391863,True,sklearn.calibration.CalibratedClassifierCV,True,1,,0.47938532123926925,,"ret_1,ret_3,ret_6,vol_6,vol_24,vol_z_1,taker_buy_ratio,cvd_1,cvd_6,cvd_trend,rsi_14,ema_ratio_9_21,bb_width,bb_position,dist_to_high_24,dist_to_low_24,range_1,range_avg_24,consec_up,consec_down"
329,XRPUSDT_low_vol,6,lgbm,False,2026-07-21 17:14:24.762602+00,,15m,low_vol,20,20,MATCH,,,,LEGACY_BINANCE_DIRECTION,era_code_482a6914_ret1_shift_minus1_plus_guard_hint_0968d065,next_15m_candle,6089b463f0d71961e12ac537963c2bfbfa3d4b6cc1519937237505bc53d3aa77,387652,True,sklearn.calibration.CalibratedClassifierCV,True,1,,0.4740460978481812,,"ret_1,ret_3,ret_6,vol_6,vol_24,vol_z_1,taker_buy_ratio,cvd_1,cvd_6,cvd_trend,rsi_14,ema_ratio_9_21,bb_width,bb_position,dist_to_high_24,dist_to_low_24,range_1,range_avg_24,consec_up,consec_down"
330,ETHUSDT_mid_vol,10,lgbm,False,2026-07-21 17:14:11.807446+00,,15m,mid_vol,20,20,MATCH,,,,LEGACY_BINANCE_DIRECTION,era_code_482a6914_ret1_shift_minus1_plus_guard_hint_0968d065,next_15m_candle,f1946d746feb11358b770d2cbd0acc690688f99b35fbe3bdadef9cbbd80b2ebf,362264,True,sklearn.calibration.CalibratedClassifierCV,True,1,,0.45005102912542955,,"ret_1,ret_3,ret_6,vol_6,vol_24,vol_z_1,taker_buy_ratio,cvd_1,cvd_6,cvd_trend,rsi_14,ema_ratio_9_21,bb_width,bb_position,dist_to_high_24,dist_to_low_24,range_1,range_avg_24,consec_up,consec_down"
331,DOGEUSDT_low_vol,6,lgbm,False,2026-07-21 17:14:44.514976+00,,15m,low_vol,20,20,MATCH,,,,LEGACY_BINANCE_DIRECTION,era_code_482a6914_ret1_shift_minus1_plus_guard_hint_0968d065,next_15m_candle,0d1bc10e7e0c11d031365434f35f8c08bb7cce0126d46cc8160cf59b984591ac,353232,True,sklearn.calibration.CalibratedClassifierCV,True,1,,0.5077676519485645,,"ret_1,ret_3,ret_6,vol_6,vol_24,vol_z_1,taker_buy_ratio,cvd_1,cvd_6,cvd_trend,rsi_14,ema_ratio_9_21,bb_width,bb_position,dist_to_high_24,dist_to_low_24,range_1,range_avg_24,consec_up,consec_down"
332,XRPUSDT_mid_vol,6,lgbm,False,2026-07-21 17:14:24.762602+00,,15m,mid_vol,20,20,MATCH,,,,LEGACY_BINANCE_DIRECTION,era_code_482a6914_ret1_shift_minus1_plus_guard_hint_0968d065,next_15m_candle,2994c1a83499055564d41e76fed9bd19e5dcb7dbea060ddca9601e30f1b3b1df,402504,True,sklearn.calibration.CalibratedClassifierCV,True,1,,0.5261190813034353,,"ret_1,ret_3,ret_6,vol_6,vol_24,vol_z_1,taker_buy_ratio,cvd_1,cvd_6,cvd_trend,rsi_14,ema_ratio_9_21,bb_width,bb_position,dist_to_high_24,dist_to_low_24,range_1,range_avg_24,consec_up,consec_down"
333,ETHUSDT_high_vol,15,lgbm,False,2026-07-21 17:14:11.807446+00,,15m,high_vol,20,20,MATCH,,,,LEGACY_BINANCE_DIRECTION,era_code_482a6914_ret1_shift_minus1_plus_guard_hint_0968d065,next_15m_candle,d5f092daa44bc0f8267cf7f3cd34c7c093805d353a7abab80aaef51e20aa8117,393143,True,sklearn.calibration.CalibratedClassifierCV,True,1,,0.4923126493989927,,"ret_1,ret_3,ret_6,vol_6,vol_24,vol_z_1,taker_buy_ratio,cvd_1,cvd_6,cvd_trend,rsi_14,ema_ratio_9_21,bb_width,bb_position,dist_to_high_24,dist_to_low_24,range_1,range_avg_24,consec_up,consec_down"
334,DOGEUSDT_mid_vol,6,lgbm,False,2026-07-21 17:14:44.514976+00,2026-08-03 10:30:45.525218+00,15m,mid_vol,20,20,MATCH,,,,LEGACY_BINANCE_DIRECTION,era_code_482a6914_ret1_shift_minus1_plus_guard_hint_0968d065,next_15m_candle,8553f25baf19aa691fe223e26b66b1e02b99265ca76bd19747b36c4cbf7b1f4d,392402,True,sklearn.calibration.CalibratedClassifierCV,True,1,,0.4832124021237515,,"ret_1,ret_3,ret_6,vol_6,vol_24,vol_z_1,taker_buy_ratio,cvd_1,cvd_6,cvd_trend,rsi_14,ema_ratio_9_21,bb_width,bb_position,dist_to_high_24,dist_to_low_24,range_1,range_avg_24,consec_up,consec_down"
335,XRPUSDT_high_vol,5,lgbm,False,2026-07-21 17:14:24.762602+00,,15m,high_vol,20,20,MATCH,,,,LEGACY_BINANCE_DIRECTION,era_code_482a6914_ret1_shift_minus1_plus_guard_hint_0968d065,next_15m_candle,a0816ef9a7937af26e7aa947eba852aaee42fbcc77c7e5937aaa4de7413008e6,365377,True,sklearn.calibration.CalibratedClassifierCV,True,1,,0.4735987331454631,,"ret_1,ret_3,ret_6,vol_6,vol_24,vol_z_1,taker_buy_ratio,cvd_1,cvd_6,cvd_trend,rsi_14,ema_ratio_9_21,bb_width,bb_position,dist_to_high_24,dist_to_low_24,range_1,range_avg_24,consec_up,consec_down"
336,DOGEUSDT_high_vol,5,lgbm,False,2026-07-21 17:14:44.514976+00,,15m,high_vol,20,20,MATCH,,,,LEGACY_BINANCE_DIRECTION,era_code_482a6914_ret1_shift_minus1_plus_guard_hint_0968d065,next_15m_candle,1df0db260c1e4a6781b1a206e674d87d462de22cd98a4a895a30d117b50e62c1,392321,True,sklearn.calibration.CalibratedClassifierCV,True,1,,0.5223214420722593,,"ret_1,ret_3,ret_6,vol_6,vol_24,vol_z_1,taker_buy_ratio,cvd_1,cvd_6,cvd_trend,rsi_14,ema_ratio_9_21,bb_width,bb_position,dist_to_high_24,dist_to_low_24,range_1,range_avg_24,consec_up,consec_down"
337,DOGEUSDT_low_vol,7,lgbm,False,2026-07-21 17:27:26.279903+00,,15m,low_vol,23,23,MATCH,,,,LEGACY_BINANCE_DIRECTION,era_code_482a6914_ret1_shift_minus1_plus_guard_hint_0968d065,next_15m_candle,ddfc3aa5ef808f6577f192f54ea67b577e87fa2036b3a9b35a74980bf8a445e9,353565,True,sklearn.calibration.CalibratedClassifierCV,True,1,,0.5077676519485645,,"ret_1,ret_3,ret_6,vol_6,vol_24,vol_z_1,taker_buy_ratio,cvd_1,cvd_6,cvd_trend,rsi_14,ema_ratio_9_21,bb_width,bb_position,dist_to_high_24,dist_to_low_24,range_1,range_avg_24,consec_up,consec_down,funding_rate,funding_rate_ma3,funding_extreme"
338,BTCUSDT_low_vol,21,lgbm,False,2026-07-21 17:27:40.056216+00,,15m,low_vol,23,23,MATCH,,,,LEGACY_BINANCE_DIRECTION,era_code_482a6914_ret1_shift_minus1_plus_guard_hint_0968d065,next_15m_candle,515fd03d84fb12eec3882a6e5d129656b43b98313b7f47c553474660ecfa1c5b,379724,True,sklearn.calibration.CalibratedClassifierCV,True,1,,0.5310808035390469,,"ret_1,ret_3,ret_6,vol_6,vol_24,vol_z_1,taker_buy_ratio,cvd_1,cvd_6,cvd_trend,rsi_14,ema_ratio_9_21,bb_width,bb_position,dist_to_high_24,dist_to_low_24,range_1,range_avg_24,consec_up,consec_down,funding_rate,funding_rate_ma3,funding_extreme"
339,ETHUSDT_low_vol,17,lgbm,False,2026-07-21 17:27:49.276414+00,,15m,low_vol,23,23,MATCH,,,,LEGACY_BINANCE_DIRECTION,era_code_482a6914_ret1_shift_minus1_plus_guard_hint_0968d065,next_15m_candle,e7c406a00d7d9acdb5d445f70fd57d5a3f3bc1ef3bed093100bb86ff694dc775,392196,True,sklearn.calibration.CalibratedClassifierCV,True,1,,0.47938532123926925,,"ret_1,ret_3,ret_6,vol_6,vol_24,vol_z_1,taker_buy_ratio,cvd_1,cvd_6,cvd_trend,rsi_14,ema_ratio_9_21,bb_width,bb_position,dist_to_high_24,dist_to_low_24,range_1,range_avg_24,consec_up,consec_down,funding_rate,funding_rate_ma3,funding_extreme"
340,XRPUSDT_low_vol,7,lgbm,False,2026-07-21 17:28:03.548576+00,,15m,low_vol,23,23,MATCH,,,,LEGACY_BINANCE_DIRECTION,era_code_482a6914_ret1_shift_minus1_plus_guard_hint_0968d065,next_15m_candle,bef19f01e8940850dced4c9a7cbcfbd729c23038d8e2b15727de4d23879173bd,387985,True,sklearn.calibration.CalibratedClassifierCV,True,1,,0.4740460978481812,,"ret_1,ret_3,ret_6,vol_6,vol_24,vol_z_1,taker_buy_ratio,cvd_1,cvd_6,cvd_trend,rsi_14,ema_ratio_9_21,bb_width,bb_position,dist_to_high_24,dist_to_low_24,range_1,range_avg_24,consec_up,consec_down,funding_rate,funding_rate_ma3,funding_extreme"
341,DOGEUSDT_mid_vol,7,lgbm,False,2026-07-21 17:27:26.279903+00,2026-08-03 10:30:22.978905+00,15m,mid_vol,23,23,MATCH,,,,LEGACY_BINANCE_DIRECTION,era_code_482a6914_ret1_shift_minus1_plus_guard_hint_0968d065,next_15m_candle,de6ac90b4bb64d48bef223b142e256a4986141efafccf5d355f88c4229fc5d78,392735,True,sklearn.calibration.CalibratedClassifierCV,True,1,,0.4832124021237515,,"ret_1,ret_3,ret_6,vol_6,vol_24,vol_z_1,taker_buy_ratio,cvd_1,cvd_6,cvd_trend,rsi_14,ema_ratio_9_21,bb_width,bb_position,dist_to_high_24,dist_to_low_24,range_1,range_avg_24,consec_up,consec_down,funding_rate,funding_rate_ma3,funding_extreme"
342,BTCUSDT_mid_vol,15,lgbm,False,2026-07-21 17:27:40.056216+00,,15m,mid_vol,23,23,MATCH,,,,LEGACY_BINANCE_DIRECTION,era_code_482a6914_ret1_shift_minus1_plus_guard_hint_0968d065,next_15m_candle,2c4f2ebe5a880e6f5ab76be0255494a9986b6b3cca4fc8ca5f1bddda23fa3bee,385514,True,sklearn.calibration.CalibratedClassifierCV,True,1,,0.4762658435839038,,"ret_1,ret_3,ret_6,vol_6,vol_24,vol_z_1,taker_buy_ratio,cvd_1,cvd_6,cvd_trend,rsi_14,ema_ratio_9_21,bb_width,bb_position,dist_to_high_24,dist_to_low_24,range_1,range_avg_24,consec_up,consec_down,funding_rate,funding_rate_ma3,funding_extreme"
343,ETHUSDT_mid_vol,11,lgbm,False,2026-07-21 17:27:49.276414+00,,15m,mid_vol,23,23,MATCH,,,,LEGACY_BINANCE_DIRECTION,era_code_482a6914_ret1_shift_minus1_plus_guard_hint_0968d065,next_15m_candle,f936825229899332def7662beadb58c4484f4b2f00f9c8a50306c7e1388a3093,362597,True,sklearn.calibration.CalibratedClassifierCV,True,1,,0.45005102912542955,,"ret_1,ret_3,ret_6,vol_6,vol_24,vol_z_1,taker_buy_ratio,cvd_1,cvd_6,cvd_trend,rsi_14,ema_ratio_9_21,bb_width,bb_position,dist_to_high_24,dist_to_low_24,range_1,range_avg_24,consec_up,consec_down,funding_rate,funding_rate_ma3,funding_extreme"
344,XRPUSDT_mid_vol,7,lgbm,False,2026-07-21 17:28:03.548576+00,,15m,mid_vol,23,23,MATCH,,,,LEGACY_BINANCE_DIRECTION,era_code_482a6914_ret1_shift_minus1_plus_guard_hint_0968d065,next_15m_candle,6da2b6c8e823dd767b04ea6b5900ce023ace338ed116cab3980f48b299ca0fcb,402837,True,sklearn.calibration.CalibratedClassifierCV,True,1,,0.5261190813034353,,"ret_1,ret_3,ret_6,vol_6,vol_24,vol_z_1,taker_buy_ratio,cvd_1,cvd_6,cvd_trend,rsi_14,ema_ratio_9_21,bb_width,bb_position,dist_to_high_24,dist_to_low_24,range_1,range_avg_24,consec_up,consec_down,funding_rate,funding_rate_ma3,funding_extreme"
345,DOGEUSDT_high_vol,6,lgbm,False,2026-07-21 17:27:26.279903+00,,15m,high_vol,23,23,MATCH,,,,LEGACY_BINANCE_DIRECTION,era_code_482a6914_ret1_shift_minus1_plus_guard_hint_0968d065,next_15m_candle,78b373deff50bd821825447ded3c7ac7a6c8db00f780fc96455a76efb2bae61c,392654,True,sklearn.calibration.CalibratedClassifierCV,True,1,,0.5223214420722593,,"ret_1,ret_3,ret_6,vol_6,vol_24,vol_z_1,taker_buy_ratio,cvd_1,cvd_6,cvd_trend,rsi_14,ema_ratio_9_21,bb_width,bb_position,dist_to_high_24,dist_to_low_24,range_1,range_avg_24,consec_up,consec_down,funding_rate,funding_rate_ma3,funding_extreme"
346,BTCUSDT_high_vol,20,lgbm,False,2026-07-21 17:27:40.056216+00,,15m,high_vol,23,23,MATCH,,,,LEGACY_BINANCE_DIRECTION,era_code_482a6914_ret1_shift_minus1_plus_guard_hint_0968d065,next_15m_candle,b26339ed26ec91f3250580a16d59d2bf2003892899f2f7dade5fd52f92be8cb7,367247,True,sklearn.calibration.CalibratedClassifierCV,True,1,,0.5337110487110487,,"ret_1,ret_3,ret_6,vol_6,vol_24,vol_z_1,taker_buy_ratio,cvd_1,cvd_6,cvd_trend,rsi_14,ema_ratio_9_21,bb_width,bb_position,dist_to_high_24,dist_to_low_24,range_1,range_avg_24,consec_up,consec_down,funding_rate,funding_rate_ma3,funding_extreme"
347,ETHUSDT_high_vol,16,lgbm,False,2026-07-21 17:27:49.276414+00,,15m,high_vol,23,23,MATCH,,,,LEGACY_BINANCE_DIRECTION,era_code_482a6914_ret1_shift_minus1_plus_guard_hint_0968d065,next_15m_candle,ffa5123ff4d01b9a92cf10127e0326813bfc2521da2cff5fb5c7723a5374caa9,393476,True,sklearn.calibration.CalibratedClassifierCV,True,1,,0.4923126493989927,,"ret_1,ret_3,ret_6,vol_6,vol_24,vol_z_1,taker_buy_ratio,cvd_1,cvd_6,cvd_trend,rsi_14,ema_ratio_9_21,bb_width,bb_position,dist_to_high_24,dist_to_low_24,range_1,range_avg_24,consec_up,consec_down,funding_rate,funding_rate_ma3,funding_extreme"
348,XRPUSDT_high_vol,6,lgbm,False,2026-07-21 17:28:03.548576+00,,15m,high_vol,23,23,MATCH,,,,LEGACY_BINANCE_DIRECTION,era_code_482a6914_ret1_shift_minus1_plus_guard_hint_0968d065,next_15m_candle,0703401d31989beaf812528b0575c3c6b1ec638dea4d8abd3f72d060f1944f60,365710,True,sklearn.calibration.CalibratedClassifierCV,True,1,,0.4735987331454631,,"ret_1,ret_3,ret_6,vol_6,vol_24,vol_z_1,taker_buy_ratio,cvd_1,cvd_6,cvd_trend,rsi_14,ema_ratio_9_21,bb_width,bb_position,dist_to_high_24,dist_to_low_24,range_1,range_avg_24,consec_up,consec_down,funding_rate,funding_rate_ma3,funding_extreme"
349,BTC,34,logreg,False,2026-07-21 17:37:13.290541+00,,15m,,22,22,MATCH,,,,UNKNOWN_TARGET,no_manifest_no_era_proof,none,d5604f04a7fc2ed79d33b8c0ab83ec613df6634937996c6c500964dec1297e67,63270,True,sklearn.calibration.CalibratedClassifierCV,True,0,,0.7222682813141509,,"time_left_min,mid_price,spread,volume_5min,price_velocity,hour_of_day,day_of_week,price_distance_from_max,price_velocity_lag1,price_momentum,spread_trend,volume_trend,price_deviation,deviation_x_time,price_deviation_sq,spread_pct,log_time_left,time_phase,is_final_phase,high_price_final,velocity_x_phase,dev_sq_x_phase"
350,BTC_leaning,2,logreg,False,2026-07-21 17:38:06.785615+00,,15m,,22,22,MATCH,,,,UNKNOWN_TARGET,no_manifest_no_era_proof,none,1e5e490b6a57954b476ae6e0627ba50d42a31e4b3dd16bb25d4e741d9549be55,21214,True,sklearn.calibration.CalibratedClassifierCV,True,0,,0.5434162509711269,,"time_left_min,mid_price,spread,volume_5min,price_velocity,hour_of_day,day_of_week,price_distance_from_max,price_velocity_lag1,price_momentum,spread_trend,volume_trend,price_deviation,deviation_x_time,price_deviation_sq,spread_pct,log_time_left,time_phase,is_final_phase,high_price_final,velocity_x_phase,dev_sq_x_phase"
351,BTC_decided,6,logreg,False,2026-07-21 17:38:34.762782+00,,15m,,22,22,MATCH,,,,UNKNOWN_TARGET,no_manifest_no_era_proof,none,58b80264e8c975e55dd49b005dff716bb8e1bdb0f5e8e9e7f65115aec2aff934,28814,True,sklearn.calibration.CalibratedClassifierCV,True,0,,0.7245849633962341,,"time_left_min,mid_price,spread,volume_5min,price_velocity,hour_of_day,day_of_week,price_distance_from_max,price_velocity_lag1,price_momentum,spread_trend,volume_trend,price_deviation,deviation_x_time,price_deviation_sq,spread_pct,log_time_left,time_phase,is_final_phase,high_price_final,velocity_x_phase,dev_sq_x_phase"
352,BTCUSDT_low_vol,22,lgbm,False,2026-07-22 07:39:10.599883+00,,15m,low_vol,23,23,MATCH,,,,LEGACY_BINANCE_DIRECTION,era_code_482a6914_ret1_shift_minus1_plus_guard_hint_0968d065,next_15m_candle,90d76c969af757e3431e013ea49a1d4a19d47bdf8da3a9d0c904641f662fece8,383069,True,sklearn.calibration.CalibratedClassifierCV,True,1,,0.51352535403609,,"ret_1,ret_3,ret_6,vol_6,vol_24,vol_trend,vol_z_1,taker_buy_ratio,cvd_1,cvd_6,rsi_14,ema_ratio_9_21,bb_width,bb_position,dist_to_high_24,dist_to_low_24,range_1,range_avg_24,consec_balance,hour_sin,hour_cos,dow_sin,dow_cos"
353,BTCUSDT_mid_vol,16,lgbm,False,2026-07-22 07:39:10.599883+00,,15m,mid_vol,23,23,MATCH,,,,LEGACY_BINANCE_DIRECTION,era_code_482a6914_ret1_shift_minus1_plus_guard_hint_0968d065,next_15m_candle,df8917b82a69024218fae25bf591d106eac044f56e6c67683d6a07704dc0d373,416310,True,sklearn.calibration.CalibratedClassifierCV,True,1,,0.49974211088007053,,"ret_1,ret_3,ret_6,vol_6,vol_24,vol_trend,vol_z_1,taker_buy_ratio,cvd_1,cvd_6,rsi_14,ema_ratio_9_21,bb_width,bb_position,dist_to_high_24,dist_to_low_24,range_1,range_avg_24,consec_balance,hour_sin,hour_cos,dow_sin,dow_cos"
354,BTCUSDT_high_vol,21,lgbm,False,2026-07-22 07:39:10.599883+00,,15m,high_vol,23,23,MATCH,,,,LEGACY_BINANCE_DIRECTION,era_code_482a6914_ret1_shift_minus1_plus_guard_hint_0968d065,next_15m_candle,e04dde576c444ca3582700827aa91a2cd165a29917dff34381baa611dd388f52,390274,True,sklearn.calibration.CalibratedClassifierCV,True,1,,0.5549900652532231,,"ret_1,ret_3,ret_6,vol_6,vol_24,vol_trend,vol_z_1,taker_buy_ratio,cvd_1,cvd_6,rsi_14,ema_ratio_9_21,bb_width,bb_position,dist_to_high_24,dist_to_low_24,range_1,range_avg_24,consec_balance,hour_sin,hour_cos,dow_sin,dow_cos"
355,ETHUSDT_low_vol,18,lgbm,False,2026-07-22 07:39:16.395709+00,,15m,low_vol,23,23,MATCH,,,,LEGACY_BINANCE_DIRECTION,era_code_482a6914_ret1_shift_minus1_plus_guard_hint_0968d065,next_15m_candle,bda551e3b7fd343744e069e91b36fac960956c7f5d815eda8f4aced7bb9fda4e,408617,True,sklearn.calibration.CalibratedClassifierCV,True,1,,0.46445165809431455,,"ret_1,ret_3,ret_6,vol_6,vol_24,vol_trend,vol_z_1,taker_buy_ratio,cvd_1,cvd_6,rsi_14,ema_ratio_9_21,bb_width,bb_position,dist_to_high_24,dist_to_low_24,range_1,range_avg_24,consec_balance,hour_sin,hour_cos,dow_sin,dow_cos"
356,ETHUSDT_mid_vol,12,lgbm,False,2026-07-22 07:39:16.395709+00,,15m,mid_vol,23,23,MATCH,,,,LEGACY_BINANCE_DIRECTION,era_code_482a6914_ret1_shift_minus1_plus_guard_hint_0968d065,next_15m_candle,ed48d35f4d0d686a05de168ba13f6a0b2bda21304bfd6e1cfde64299d9abbc7d,403719,True,sklearn.calibration.CalibratedClassifierCV,True,1,,0.4785530273051496,,"ret_1,ret_3,ret_6,vol_6,vol_24,vol_trend,vol_z_1,taker_buy_ratio,cvd_1,cvd_6,rsi_14,ema_ratio_9_21,bb_width,bb_position,dist_to_high_24,dist_to_low_24,range_1,range_avg_24,consec_balance,hour_sin,hour_cos,dow_sin,dow_cos"
357,ETHUSDT_high_vol,17,lgbm,False,2026-07-22 07:39:16.395709+00,,15m,high_vol,23,23,MATCH,,,,LEGACY_BINANCE_DIRECTION,era_code_482a6914_ret1_shift_minus1_plus_guard_hint_0968d065,next_15m_candle,4b842cc2b881aed1943b539913019dbc7558c8e29bb118aeb8e09a39b869044c,413407,True,sklearn.calibration.CalibratedClassifierCV,True,1,,0.5014424700186658,,"ret_1,ret_3,ret_6,vol_6,vol_24,vol_trend,vol_z_1,taker_buy_ratio,cvd_1,cvd_6,rsi_14,ema_ratio_9_21,bb_width,bb_position,dist_to_high_24,dist_to_low_24,range_1,range_avg_24,consec_balance,hour_sin,hour_cos,dow_sin,dow_cos"
358,SOLUSDT_low_vol,9,lgbm,False,2026-07-22 07:39:21.017175+00,,15m,low_vol,23,23,MATCH,,,,LEGACY_BINANCE_DIRECTION,era_code_482a6914_ret1_shift_minus1_plus_guard_hint_0968d065,next_15m_candle,3bd6557821eb57ba61a128a5b793a46d959ef459d8ccf0ef9c36a55a8ed78ff6,425288,True,sklearn.calibration.CalibratedClassifierCV,True,1,,0.507123050740072,,"ret_1,ret_3,ret_6,vol_6,vol_24,vol_trend,vol_z_1,taker_buy_ratio,cvd_1,cvd_6,rsi_14,ema_ratio_9_21,bb_width,bb_position,dist_to_high_24,dist_to_low_24,range_1,range_avg_24,consec_balance,hour_sin,hour_cos,dow_sin,dow_cos"
359,SOLUSDT_mid_vol,8,lgbm,False,2026-07-22 07:39:21.017175+00,,15m,mid_vol,23,23,MATCH,,,,LEGACY_BINANCE_DIRECTION,era_code_482a6914_ret1_shift_minus1_plus_guard_hint_0968d065,next_15m_candle,5e9161fc4712725bfb6ed92bbe5b46dc954e6676bda5cdc2bde78cb3c14803db,392338,True,sklearn.calibration.CalibratedClassifierCV,True,1,,0.5129469112781051,,"ret_1,ret_3,ret_6,vol_6,vol_24,vol_trend,vol_z_1,taker_buy_ratio,cvd_1,cvd_6,rsi_14,ema_ratio_9_21,bb_width,bb_position,dist_to_high_24,dist_to_low_24,range_1,range_avg_24,consec_balance,hour_sin,hour_cos,dow_sin,dow_cos"
360,SOLUSDT_high_vol,8,lgbm,False,2026-07-22 07:39:21.017175+00,,15m,high_vol,23,23,MATCH,,,,LEGACY_BINANCE_DIRECTION,era_code_482a6914_ret1_shift_minus1_plus_guard_hint_0968d065,next_15m_candle,466bcc4e4605e38617ffab4f1aaecb533229f45ec30b2769c73b2fb051cb9264,398464,True,sklearn.calibration.CalibratedClassifierCV,True,1,,0.4984444543130687,,"ret_1,ret_3,ret_6,vol_6,vol_24,vol_trend,vol_z_1,taker_buy_ratio,cvd_1,cvd_6,rsi_14,ema_ratio_9_21,bb_width,bb_position,dist_to_high_24,dist_to_low_24,range_1,range_avg_24,consec_balance,hour_sin,hour_cos,dow_sin,dow_cos"
361,XRPUSDT_low_vol,8,lgbm,False,2026-07-22 07:39:25.693754+00,,15m,low_vol,23,23,MATCH,,,,LEGACY_BINANCE_DIRECTION,era_code_482a6914_ret1_shift_minus1_plus_guard_hint_0968d065,next_15m_candle,95f1e2628b46fb9ad9ea3db566a28d7eba49b9010e3dac6d7048ae63ccdf8471,394985,True,sklearn.calibration.CalibratedClassifierCV,True,1,,0.5152763835485049,,"ret_1,ret_3,ret_6,vol_6,vol_24,vol_trend,vol_z_1,taker_buy_ratio,cvd_1,cvd_6,rsi_14,ema_ratio_9_21,bb_width,bb_position,dist_to_high_24,dist_to_low_24,range_1,range_avg_24,consec_balance,hour_sin,hour_cos,dow_sin,dow_cos"
362,XRPUSDT_mid_vol,8,lgbm,False,2026-07-22 07:39:25.693754+00,,15m,mid_vol,23,23,MATCH,,,,LEGACY_BINANCE_DIRECTION,era_code_482a6914_ret1_shift_minus1_plus_guard_hint_0968d065,next_15m_candle,d18c775a9cc0d476146c567ebeabb04a426b042acad85209d5dc8c03b2ab7bc3,397696,True,sklearn.calibration.CalibratedClassifierCV,True,1,,0.4735015748783761,,"ret_1,ret_3,ret_6,vol_6,vol_24,vol_trend,vol_z_1,taker_buy_ratio,cvd_1,cvd_6,rsi_14,ema_ratio_9_21,bb_width,bb_position,dist_to_high_24,dist_to_low_24,range_1,range_avg_24,consec_balance,hour_sin,hour_cos,dow_sin,dow_cos"
363,XRPUSDT_high_vol,7,lgbm,False,2026-07-22 07:39:25.693754+00,,15m,high_vol,23,23,MATCH,,,,LEGACY_BINANCE_DIRECTION,era_code_482a6914_ret1_shift_minus1_plus_guard_hint_0968d065,next_15m_candle,0a27c116589dc9742cdc0508399e5f831fd7687bf9ea9da3ed4a5252912132a0,376836,True,sklearn.calibration.CalibratedClassifierCV,True,1,,0.4970784747058062,,"ret_1,ret_3,ret_6,vol_6,vol_24,vol_trend,vol_z_1,taker_buy_ratio,cvd_1,cvd_6,rsi_14,ema_ratio_9_21,bb_width,bb_position,dist_to_high_24,dist_to_low_24,range_1,range_avg_24,consec_balance,hour_sin,hour_cos,dow_sin,dow_cos"
364,DOGEUSDT_low_vol,8,lgbm,False,2026-07-22 07:39:30.338027+00,,15m,low_vol,23,23,MATCH,,,,LEGACY_BINANCE_DIRECTION,era_code_482a6914_ret1_shift_minus1_plus_guard_hint_0968d065,next_15m_candle,ae9b7726bf59fcca35205c1c30db5dd38770763dc921e38d31e9c2b215728407,388027,True,sklearn.calibration.CalibratedClassifierCV,True,1,,0.4448986444125104,,"ret_1,ret_3,ret_6,vol_6,vol_24,vol_trend,vol_z_1,taker_buy_ratio,cvd_1,cvd_6,rsi_14,ema_ratio_9_21,bb_width,bb_position,dist_to_high_24,dist_to_low_24,range_1,range_avg_24,consec_balance,hour_sin,hour_cos,dow_sin,dow_cos"
365,DOGEUSDT_mid_vol,8,lgbm,False,2026-07-22 07:39:30.338027+00,,15m,mid_vol,23,23,MATCH,,,,LEGACY_BINANCE_DIRECTION,era_code_482a6914_ret1_shift_minus1_plus_guard_hint_0968d065,next_15m_candle,efc1ba5962c83a4839d8cca2054327c9c7fe5a57061aa837356bb0583b6123d7,359689,True,sklearn.calibration.CalibratedClassifierCV,True,1,,0.5095773324267816,,"ret_1,ret_3,ret_6,vol_6,vol_24,vol_trend,vol_z_1,taker_buy_ratio,cvd_1,cvd_6,rsi_14,ema_ratio_9_21,bb_width,bb_position,dist_to_high_24,dist_to_low_24,range_1,range_avg_24,consec_balance,hour_sin,hour_cos,dow_sin,dow_cos"
366,DOGEUSDT_high_vol,7,lgbm,False,2026-07-22 07:39:30.338027+00,,15m,high_vol,23,23,MATCH,,,,LEGACY_BINANCE_DIRECTION,era_code_482a6914_ret1_shift_minus1_plus_guard_hint_0968d065,next_15m_candle,076d1c5b850d48c458ea0775c6c7c1e69a31077b702582b6c31c738684c19fbe,410675,True,sklearn.calibration.CalibratedClassifierCV,True,1,,0.5311536876071946,,"ret_1,ret_3,ret_6,vol_6,vol_24,vol_trend,vol_z_1,taker_buy_ratio,cvd_1,cvd_6,rsi_14,ema_ratio_9_21,bb_width,bb_position,dist_to_high_24,dist_to_low_24,range_1,range_avg_24,consec_balance,hour_sin,hour_cos,dow_sin,dow_cos"
367,SOLUSDT_low_vol,10,lgbm,False,2026-07-22 09:44:22.496604+00,,15m,low_vol,23,23,MATCH,,,,LEGACY_BINANCE_DIRECTION,era_code_482a6914_ret1_shift_minus1_plus_guard_hint_0968d065,next_15m_candle,b1e496fb1479170706d2c9865b9acbaefa262e84a41995d5e58cc0ce34a4118b,425321,True,sklearn.calibration.CalibratedClassifierCV,True,1,,0.4864864880950778,,"ret_1,ret_3,ret_6,vol_6,vol_24,vol_trend,vol_z_1,taker_buy_ratio,cvd_1,cvd_6,rsi_14,ema_ratio_9_21,bb_width,bb_position,dist_to_high_24,dist_to_low_24,range_1,range_avg_24,consec_balance,hour_sin,hour_cos,dow_sin,dow_cos"
368,SOLUSDT_mid_vol,9,lgbm,False,2026-07-22 09:44:22.496604+00,,15m,mid_vol,23,23,MATCH,,,,LEGACY_BINANCE_DIRECTION,era_code_482a6914_ret1_shift_minus1_plus_guard_hint_0968d065,next_15m_candle,0ee101a9f8400b865f328d95b74b3a02567c31d2a56776b0389ee65a945a6c9d,387692,True,sklearn.calibration.CalibratedClassifierCV,True,1,,0.48643005411426454,,"ret_1,ret_3,ret_6,vol_6,vol_24,vol_trend,vol_z_1,taker_buy_ratio,cvd_1,cvd_6,rsi_14,ema_ratio_9_21,bb_width,bb_position,dist_to_high_24,dist_to_low_24,range_1,range_avg_24,consec_balance,hour_sin,hour_cos,dow_sin,dow_cos"
369,SOLUSDT_high_vol,9,lgbm,False,2026-07-22 09:44:22.496604+00,,15m,high_vol,23,23,MATCH,,,,LEGACY_BINANCE_DIRECTION,era_code_482a6914_ret1_shift_minus1_plus_guard_hint_0968d065,next_15m_candle,908700deea9842c8ce942ada3bb80f18ce7157e68fe5606c2f134120a9359b3a,404511,True,sklearn.calibration.CalibratedClassifierCV,True,1,,0.5536738186789841,,"ret_1,ret_3,ret_6,vol_6,vol_24,vol_trend,vol_z_1,taker_buy_ratio,cvd_1,cvd_6,rsi_14,ema_ratio_9_21,bb_width,bb_position,dist_to_high_24,dist_to_low_24,range_1,range_avg_24,consec_balance,hour_sin,hour_cos,dow_sin,dow_cos"
370,XRPUSDT_low_vol,9,lgbm,False,2026-07-22 09:47:39.606872+00,,15m,low_vol,23,23,MATCH,,,,LEGACY_BINANCE_DIRECTION,era_code_482a6914_ret1_shift_minus1_plus_guard_hint_0968d065,next_15m_candle,b58e39870932bff2b978bff1abd7e6395d513ad21e8b81445c86530ef991cdf0,395018,True,sklearn.calibration.CalibratedClassifierCV,True,1,,0.4749705947824115,,"ret_1,ret_3,ret_6,vol_6,vol_24,vol_trend,vol_z_1,taker_buy_ratio,cvd_1,cvd_6,rsi_14,ema_ratio_9_21,bb_width,bb_position,dist_to_high_24,dist_to_low_24,range_1,range_avg_24,consec_balance,hour_sin,hour_cos,dow_sin,dow_cos"
371,XRPUSDT_mid_vol,9,lgbm,False,2026-07-22 09:47:39.606872+00,,15m,mid_vol,23,23,MATCH,,,,LEGACY_BINANCE_DIRECTION,era_code_482a6914_ret1_shift_minus1_plus_guard_hint_0968d065,next_15m_candle,5629d3dde5acb560a1c5d1f1ef1901f80ddac0889e6c552dfbe81b59cbb5ebea,412249,True,sklearn.calibration.CalibratedClassifierCV,True,1,,0.4623007836893615,,"ret_1,ret_3,ret_6,vol_6,vol_24,vol_trend,vol_z_1,taker_buy_ratio,cvd_1,cvd_6,rsi_14,ema_ratio_9_21,bb_width,bb_position,dist_to_high_24,dist_to_low_24,range_1,range_avg_24,consec_balance,hour_sin,hour_cos,dow_sin,dow_cos"
372,XRPUSDT_high_vol,8,lgbm,False,2026-07-22 09:47:39.606872+00,2026-08-03 10:31:13.483884+00,15m,high_vol,23,23,MATCH,,,,LEGACY_BINANCE_DIRECTION,era_code_482a6914_ret1_shift_minus1_plus_guard_hint_0968d065,next_15m_candle,f50df47eb247b50f93f90e290c9bbfbc4a36196ccc7e6eed4a5d830af5a4d13f,377815,True,sklearn.calibration.CalibratedClassifierCV,True,1,,0.5120141117474584,,"ret_1,ret_3,ret_6,vol_6,vol_24,vol_trend,vol_z_1,taker_buy_ratio,cvd_1,cvd_6,rsi_14,ema_ratio_9_21,bb_width,bb_position,dist_to_high_24,dist_to_low_24,range_1,range_avg_24,consec_balance,hour_sin,hour_cos,dow_sin,dow_cos"
373,DOGEUSDT_low_vol,9,lgbm,False,2026-07-22 09:47:57.434738+00,,15m,low_vol,23,23,MATCH,,,,LEGACY_BINANCE_DIRECTION,era_code_482a6914_ret1_shift_minus1_plus_guard_hint_0968d065,next_15m_candle,f0046188c1ccbc6fa27002bc88a02d9611c052acce79d66bc02bad1c997e642d,390925,True,sklearn.calibration.CalibratedClassifierCV,True,1,,0.47837032722679257,,"ret_1,ret_3,ret_6,vol_6,vol_24,vol_trend,vol_z_1,taker_buy_ratio,cvd_1,cvd_6,rsi_14,ema_ratio_9_21,bb_width,bb_position,dist_to_high_24,dist_to_low_24,range_1,range_avg_24,consec_balance,hour_sin,hour_cos,dow_sin,dow_cos"
374,DOGEUSDT_mid_vol,9,lgbm,False,2026-07-22 09:47:57.434738+00,,15m,mid_vol,23,23,MATCH,,,,LEGACY_BINANCE_DIRECTION,era_code_482a6914_ret1_shift_minus1_plus_guard_hint_0968d065,next_15m_candle,3ae499e177a09586444e15832b2a9757355fd2199f023964b984847123900079,371392,True,sklearn.calibration.CalibratedClassifierCV,True,1,,0.5275802195547951,,"ret_1,ret_3,ret_6,vol_6,vol_24,vol_trend,vol_z_1,taker_buy_ratio,cvd_1,cvd_6,rsi_14,ema_ratio_9_21,bb_width,bb_position,dist_to_high_24,dist_to_low_24,range_1,range_avg_24,consec_balance,hour_sin,hour_cos,dow_sin,dow_cos"
375,DOGEUSDT_high_vol,8,lgbm,False,2026-07-22 09:47:57.434738+00,,15m,high_vol,23,23,MATCH,,,,LEGACY_BINANCE_DIRECTION,era_code_482a6914_ret1_shift_minus1_plus_guard_hint_0968d065,next_15m_candle,9b6ef81055761c327d88baff692f078223fe31ed91d69f5ba21ce1e21a1099de,410475,True,sklearn.calibration.CalibratedClassifierCV,True,1,,0.546107315149698,,"ret_1,ret_3,ret_6,vol_6,vol_24,vol_trend,vol_z_1,taker_buy_ratio,cvd_1,cvd_6,rsi_14,ema_ratio_9_21,bb_width,bb_position,dist_to_high_24,dist_to_low_24,range_1,range_avg_24,consec_balance,hour_sin,hour_cos,dow_sin,dow_cos"
376,ETHUSDT_low_vol,19,lgbm,False,2026-07-22 09:49:44.128199+00,,15m,low_vol,23,23,MATCH,,,,LEGACY_BINANCE_DIRECTION,era_code_482a6914_ret1_shift_minus1_plus_guard_hint_0968d065,next_15m_candle,1aa8ae6cb9e0562c07bc43965033fdeeb060ce30b2ae4bb8f7f41c39cf28d765,413020,True,sklearn.calibration.CalibratedClassifierCV,True,1,,0.4534960798758882,,"ret_1,ret_3,ret_6,vol_6,vol_24,vol_trend,vol_z_1,taker_buy_ratio,cvd_1,cvd_6,rsi_14,ema_ratio_9_21,bb_width,bb_position,dist_to_high_24,dist_to_low_24,range_1,range_avg_24,consec_balance,hour_sin,hour_cos,dow_sin,dow_cos"
377,ETHUSDT_mid_vol,13,lgbm,False,2026-07-22 09:49:44.128199+00,,15m,mid_vol,23,23,MATCH,,,,LEGACY_BINANCE_DIRECTION,era_code_482a6914_ret1_shift_minus1_plus_guard_hint_0968d065,next_15m_candle,bc25db6d95f3745c9e053d790228c939d6c833528ad56e5b5e752ca553c3282f,402145,True,sklearn.calibration.CalibratedClassifierCV,True,1,,0.48703152310962156,,"ret_1,ret_3,ret_6,vol_6,vol_24,vol_trend,vol_z_1,taker_buy_ratio,cvd_1,cvd_6,rsi_14,ema_ratio_9_21,bb_width,bb_position,dist_to_high_24,dist_to_low_24,range_1,range_avg_24,consec_balance,hour_sin,hour_cos,dow_sin,dow_cos"
378,ETHUSDT_high_vol,18,lgbm,False,2026-07-22 09:49:44.128199+00,,15m,high_vol,23,23,MATCH,,,,LEGACY_BINANCE_DIRECTION,era_code_482a6914_ret1_shift_minus1_plus_guard_hint_0968d065,next_15m_candle,6bab57bbde5feb4f6b7e969506aed4ca3ace435d9ad646dff4e6df964c63b0ba,427756,True,sklearn.calibration.CalibratedClassifierCV,True,1,,0.504018487666986,,"ret_1,ret_3,ret_6,vol_6,vol_24,vol_trend,vol_z_1,taker_buy_ratio,cvd_1,cvd_6,rsi_14,ema_ratio_9_21,bb_width,bb_position,dist_to_high_24,dist_to_low_24,range_1,range_avg_24,consec_balance,hour_sin,hour_cos,dow_sin,dow_cos"
379,BTCUSDT_low_vol,23,lgbm,False,2026-07-22 09:50:09.40132+00,,15m,low_vol,23,23,MATCH,,,,LEGACY_BINANCE_DIRECTION,era_code_482a6914_ret1_shift_minus1_plus_guard_hint_0968d065,next_15m_candle,004ac9551c59e387fd485f466df20ec3338c273df1a02d24b75000e20528a58c,382990,True,sklearn.calibration.CalibratedClassifierCV,True,1,,0.5455031034746405,,"ret_1,ret_3,ret_6,vol_6,vol_24,vol_trend,vol_z_1,taker_buy_ratio,cvd_1,cvd_6,rsi_14,ema_ratio_9_21,bb_width,bb_position,dist_to_high_24,dist_to_low_24,range_1,range_avg_24,consec_balance,hour_sin,hour_cos,dow_sin,dow_cos"
380,BTCUSDT_mid_vol,17,lgbm,False,2026-07-22 09:50:09.40132+00,,15m,mid_vol,23,23,MATCH,,,,LEGACY_BINANCE_DIRECTION,era_code_482a6914_ret1_shift_minus1_plus_guard_hint_0968d065,next_15m_candle,310d1086e67cbd1f7d41001422e1e6a074bb9ac3365de4a8400ded302dfd9f01,423550,True,sklearn.calibration.CalibratedClassifierCV,True,1,,0.5081657336050333,,"ret_1,ret_3,ret_6,vol_6,vol_24,vol_trend,vol_z_1,taker_buy_ratio,cvd_1,cvd_6,rsi_14,ema_ratio_9_21,bb_width,bb_position,dist_to_high_24,dist_to_low_24,range_1,range_avg_24,consec_balance,hour_sin,hour_cos,dow_sin,dow_cos"
381,BTCUSDT_high_vol,22,lgbm,False,2026-07-22 09:50:09.40132+00,,15m,high_vol,23,23,MATCH,,,,LEGACY_BINANCE_DIRECTION,era_code_482a6914_ret1_shift_minus1_plus_guard_hint_0968d065,next_15m_candle,3d0f4123e876ad6c9a85d449724386d4580cec7ccb40ea4a5c7e9a99770618cd,400488,True,sklearn.calibration.CalibratedClassifierCV,True,1,,0.5617684068682254,,"ret_1,ret_3,ret_6,vol_6,vol_24,vol_trend,vol_z_1,taker_buy_ratio,cvd_1,cvd_6,rsi_14,ema_ratio_9_21,bb_width,bb_position,dist_to_high_24,dist_to_low_24,range_1,range_avg_24,consec_balance,hour_sin,hour_cos,dow_sin,dow_cos"
382,BTCUSDT_low_vol,24,lgbm,False,2026-07-22 09:54:45.584282+00,,15m,low_vol,23,23,MATCH,,,,LEGACY_BINANCE_DIRECTION,era_code_482a6914_ret1_shift_minus1_plus_guard_hint_0968d065,next_15m_candle,004ac9551c59e387fd485f466df20ec3338c273df1a02d24b75000e20528a58c,382990,True,sklearn.calibration.CalibratedClassifierCV,True,1,,0.5455031034746405,,"ret_1,ret_3,ret_6,vol_6,vol_24,vol_trend,vol_z_1,taker_buy_ratio,cvd_1,cvd_6,rsi_14,ema_ratio_9_21,bb_width,bb_position,dist_to_high_24,dist_to_low_24,range_1,range_avg_24,consec_balance,hour_sin,hour_cos,dow_sin,dow_cos"
383,BTCUSDT_mid_vol,18,lgbm,False,2026-07-22 09:54:45.584282+00,2026-08-03 10:31:00.255385+00,15m,mid_vol,23,23,MATCH,,,,LEGACY_BINANCE_DIRECTION,era_code_482a6914_ret1_shift_minus1_plus_guard_hint_0968d065,next_15m_candle,310d1086e67cbd1f7d41001422e1e6a074bb9ac3365de4a8400ded302dfd9f01,423550,True,sklearn.calibration.CalibratedClassifierCV,True,1,,0.5081657336050333,,"ret_1,ret_3,ret_6,vol_6,vol_24,vol_trend,vol_z_1,taker_buy_ratio,cvd_1,cvd_6,rsi_14,ema_ratio_9_21,bb_width,bb_position,dist_to_high_24,dist_to_low_24,range_1,range_avg_24,consec_balance,hour_sin,hour_cos,dow_sin,dow_cos"
384,BTCUSDT_high_vol,23,lgbm,False,2026-07-22 09:54:45.584282+00,,15m,high_vol,23,23,MATCH,,,,LEGACY_BINANCE_DIRECTION,era_code_482a6914_ret1_shift_minus1_plus_guard_hint_0968d065,next_15m_candle,3d0f4123e876ad6c9a85d449724386d4580cec7ccb40ea4a5c7e9a99770618cd,400488,True,sklearn.calibration.CalibratedClassifierCV,True,1,,0.5617684068682254,,"ret_1,ret_3,ret_6,vol_6,vol_24,vol_trend,vol_z_1,taker_buy_ratio,cvd_1,cvd_6,rsi_14,ema_ratio_9_21,bb_width,bb_position,dist_to_high_24,dist_to_low_24,range_1,range_avg_24,consec_balance,hour_sin,hour_cos,dow_sin,dow_cos"
385,DOGE,25,logreg,False,2026-07-22 09:58:31.408201+00,,15m,,22,22,MATCH,,,,UNKNOWN_TARGET,no_manifest_no_era_proof,none,2e54227d4b540a6ee7b0d8836aa039a30ab33258c98fc95b4f49b0b30f99b2ae,59430,True,sklearn.calibration.CalibratedClassifierCV,True,0,,0.7195974483398843,,"time_left_min,mid_price,spread,volume_5min,price_velocity,hour_of_day,day_of_week,price_distance_from_max,price_velocity_lag1,price_momentum,spread_trend,volume_trend,price_deviation,deviation_x_time,price_deviation_sq,spread_pct,log_time_left,time_phase,is_final_phase,high_price_final,velocity_x_phase,dev_sq_x_phase"
386,DOGE_leaning,6,logreg,False,2026-07-22 09:58:37.444448+00,,15m,,22,22,MATCH,,,,UNKNOWN_TARGET,no_manifest_no_era_proof,none,19c9db90522fb7b09431fbbe60fa443130266fc9b0894ebabbe2b5eb97a81f47,18886,True,sklearn.calibration.CalibratedClassifierCV,True,0,,0.555589285710965,,"time_left_min,mid_price,spread,volume_5min,price_velocity,hour_of_day,day_of_week,price_distance_from_max,price_velocity_lag1,price_momentum,spread_trend,volume_trend,price_deviation,deviation_x_time,price_deviation_sq,spread_pct,log_time_left,time_phase,is_final_phase,high_price_final,velocity_x_phase,dev_sq_x_phase"
387,DOGE_decided,6,logreg,False,2026-07-22 09:58:42.243633+00,,15m,,22,22,MATCH,,,,UNKNOWN_TARGET,no_manifest_no_era_proof,none,eeadc6ed399ce98bf6b1d726443600567379a67f7445ca6e5f9e31b7775a90ed,28086,True,sklearn.calibration.CalibratedClassifierCV,True,0,,0.7285670738920654,,"time_left_min,mid_price,spread,volume_5min,price_velocity,hour_of_day,day_of_week,price_distance_from_max,price_velocity_lag1,price_momentum,spread_trend,volume_trend,price_deviation,deviation_x_time,price_deviation_sq,spread_pct,log_time_left,time_phase,is_final_phase,high_price_final,velocity_x_phase,dev_sq_x_phase"
388,XRP,26,logreg,False,2026-07-22 10:02:57.898044+00,,15m,,22,22,MATCH,,,,UNKNOWN_TARGET,no_manifest_no_era_proof,none,5ec6b317499f7a157b5787c81f5cdefc054d5d6607fafaa4c9d1a64352796091,59670,True,sklearn.calibration.CalibratedClassifierCV,True,0,,0.7183009579908786,,"time_left_min,mid_price,spread,volume_5min,price_velocity,hour_of_day,day_of_week,price_distance_from_max,price_velocity_lag1,price_momentum,spread_trend,volume_trend,price_deviation,deviation_x_time,price_deviation_sq,spread_pct,log_time_left,time_phase,is_final_phase,high_price_final,velocity_x_phase,dev_sq_x_phase"
389,XRP_leaning,7,logreg,False,2026-07-22 10:03:40.944969+00,,15m,,22,22,MATCH,,,,UNKNOWN_TARGET,no_manifest_no_era_proof,none,84d0f360d8a88dc2e1b1629bca82f96656818ec906532458fdbb8e28ea254b7c,19918,True,sklearn.calibration.CalibratedClassifierCV,True,0,,0.5473977943796434,,"time_left_min,mid_price,spread,volume_5min,price_velocity,hour_of_day,day_of_week,price_distance_from_max,price_velocity_lag1,price_momentum,spread_trend,volume_trend,price_deviation,deviation_x_time,price_deviation_sq,spread_pct,log_time_left,time_phase,is_final_phase,high_price_final,velocity_x_phase,dev_sq_x_phase"
390,XRP_decided,7,logreg,False,2026-07-22 10:04:09.396779+00,,15m,,22,22,MATCH,,,,UNKNOWN_TARGET,no_manifest_no_era_proof,none,a5d5d5f0752862b556fa84c5a955a97278209857c6c068634f73b31279ca1022,27574,True,sklearn.calibration.CalibratedClassifierCV,True,0,,0.7167521628223779,,"time_left_min,mid_price,spread,volume_5min,price_velocity,hour_of_day,day_of_week,price_distance_from_max,price_velocity_lag1,price_momentum,spread_trend,volume_trend,price_deviation,deviation_x_time,price_deviation_sq,spread_pct,log_time_left,time_phase,is_final_phase,high_price_final,velocity_x_phase,dev_sq_x_phase"
391,SOL,24,logreg,False,2026-07-22 10:10:06.928443+00,,15m,,22,22,MATCH,,,,UNKNOWN_TARGET,no_manifest_no_era_proof,none,a0e11f54e2120979032a7d3a8319d7d2933cb168fdfbef3620c43e2ccf3de1b1,59598,True,sklearn.calibration.CalibratedClassifierCV,True,0,,0.7187184710499366,,"time_left_min,mid_price,spread,volume_5min,price_velocity,hour_of_day,day_of_week,price_distance_from_max,price_velocity_lag1,price_momentum,spread_trend,volume_trend,price_deviation,deviation_x_time,price_deviation_sq,spread_pct,log_time_left,time_phase,is_final_phase,high_price_final,velocity_x_phase,dev_sq_x_phase"
392,SOL_leaning,5,logreg,False,2026-07-22 10:10:31.429507+00,,15m,,22,22,MATCH,,,,UNKNOWN_TARGET,no_manifest_no_era_proof,none,c2196b4af8b722855bd77dc4ad260b4f27b3da26333ee47506fbeba644a57eaf,20006,True,sklearn.calibration.CalibratedClassifierCV,True,0,,0.5497830143800477,,"time_left_min,mid_price,spread,volume_5min,price_velocity,hour_of_day,day_of_week,price_distance_from_max,price_velocity_lag1,price_momentum,spread_trend,volume_trend,price_deviation,deviation_x_time,price_deviation_sq,spread_pct,log_time_left,time_phase,is_final_phase,high_price_final,velocity_x_phase,dev_sq_x_phase"
393,SOL_decided,6,logreg,False,2026-07-22 10:10:54.409537+00,,15m,,22,22,MATCH,,,t,UNKNOWN_TARGET,no_manifest_no_era_proof,none,6488e88b156ec59d13f555a826ecbf374131c71c2b0c1d7e4d6f41bae470ba2e,27470,True,sklearn.calibration.CalibratedClassifierCV,True,0,,0.7087742653313256,,"time_left_min,mid_price,spread,volume_5min,price_velocity,hour_of_day,day_of_week,price_distance_from_max,price_velocity_lag1,price_momentum,spread_trend,volume_trend,price_deviation,deviation_x_time,price_deviation_sq,spread_pct,log_time_left,time_phase,is_final_phase,high_price_final,velocity_x_phase,dev_sq_x_phase"
394,ETH,32,logreg,False,2026-07-22 10:15:11.746908+00,,15m,,22,22,MATCH,,,,UNKNOWN_TARGET,no_manifest_no_era_proof,none,fc23b4abe3519ba09748c9c15f615f44a97a4cefd3ff3c3132d69f81e0997521,64286,True,sklearn.calibration.CalibratedClassifierCV,True,0,,0.7310106319322569,,"time_left_min,mid_price,spread,volume_5min,price_velocity,hour_of_day,day_of_week,price_distance_from_max,price_velocity_lag1,price_momentum,spread_trend,volume_trend,price_deviation,deviation_x_time,price_deviation_sq,spread_pct,log_time_left,time_phase,is_final_phase,high_price_final,velocity_x_phase,dev_sq_x_phase"
395,DOGE,26,logreg,False,2026-07-23 07:19:42.427024+00,,15m,,22,22,MATCH,,,,UNKNOWN_TARGET,no_manifest_no_era_proof,none,092f1e4c2c78274cc15acbd164e5a84882ba15e77b1533bf260962f798739a75,71263,True,sklearn.calibration.CalibratedClassifierCV,True,0,,0.7477715415028046,,"time_left_min,mid_price,spread,volume_5min,price_velocity,hour_of_day,day_of_week,price_distance_from_max,price_velocity_lag1,price_momentum,spread_trend,volume_trend,price_deviation,deviation_x_time,price_deviation_sq,spread_pct,log_time_left,time_phase,is_final_phase,high_price_final,velocity_x_phase,dev_sq_x_phase"
396,DOGE_contested,4,logreg,False,2026-07-23 07:19:45.844981+00,2026-07-23 07:19:45.844981+00,15m,,22,22,MATCH,,,t,UNKNOWN_TARGET,no_manifest_no_era_proof,none,f40c1e5976e3ee1666b9fc63ed93267c59782f00c1240f2e6596255e886033ab,18718,True,sklearn.calibration.CalibratedClassifierCV,True,0,,0.533949446481927,,"time_left_min,mid_price,spread,volume_5min,price_velocity,hour_of_day,day_of_week,price_distance_from_max,price_velocity_lag1,price_momentum,spread_trend,volume_trend,price_deviation,deviation_x_time,price_deviation_sq,spread_pct,log_time_left,time_phase,is_final_phase,high_price_final,velocity_x_phase,dev_sq_x_phase"
397,DOGE_leaning,7,logreg,False,2026-07-23 07:19:49.205661+00,,15m,,22,22,MATCH,,,t,UNKNOWN_TARGET,no_manifest_no_era_proof,none,fa56fceac392fa0bfc42fdb55fdae4d90bffbc4281cd3fd7524565273f29abeb,20382,True,sklearn.calibration.CalibratedClassifierCV,True,0,,0.5571622405885603,,"time_left_min,mid_price,spread,volume_5min,price_velocity,hour_of_day,day_of_week,price_distance_from_max,price_velocity_lag1,price_momentum,spread_trend,volume_trend,price_deviation,deviation_x_time,price_deviation_sq,spread_pct,log_time_left,time_phase,is_final_phase,high_price_final,velocity_x_phase,dev_sq_x_phase"
398,DOGE_decided,7,logreg,False,2026-07-23 07:19:57.506941+00,,15m,,22,22,MATCH,,,,UNKNOWN_TARGET,no_manifest_no_era_proof,none,b384e1ac9855fbbe58f6bbd56c4f1f122da8248f9198c0764817c47722ed72f1,37358,True,sklearn.calibration.CalibratedClassifierCV,True,0,,0.763141951813165,,"time_left_min,mid_price,spread,volume_5min,price_velocity,hour_of_day,day_of_week,price_distance_from_max,price_velocity_lag1,price_momentum,spread_trend,volume_trend,price_deviation,deviation_x_time,price_deviation_sq,spread_pct,log_time_left,time_phase,is_final_phase,high_price_final,velocity_x_phase,dev_sq_x_phase"
399,XRP,27,logreg,False,2026-07-23 07:29:47.9467+00,2026-07-23 07:29:47.9467+00,15m,,22,22,MATCH,,,t,UNKNOWN_TARGET,no_manifest_no_era_proof,none,859b33d5b1d94e0ca4f13940d6075af165074976d6d391563855b7112440db5d,72087,True,sklearn.calibration.CalibratedClassifierCV,True,0,,0.7482386991588671,,"time_left_min,mid_price,spread,volume_5min,price_velocity,hour_of_day,day_of_week,price_distance_from_max,price_velocity_lag1,price_momentum,spread_trend,volume_trend,price_deviation,deviation_x_time,price_deviation_sq,spread_pct,log_time_left,time_phase,is_final_phase,high_price_final,velocity_x_phase,dev_sq_x_phase"
400,XRP_leaning,8,logreg,False,2026-07-23 07:30:07.418056+00,,15m,,22,22,MATCH,,,,UNKNOWN_TARGET,no_manifest_no_era_proof,none,b9220ec5dd202359b22dfb0b59e968fe00c74ed8f08aad25a0eb6a5d039ad7de,21726,True,sklearn.calibration.CalibratedClassifierCV,True,0,,0.5451132482528285,,"time_left_min,mid_price,spread,volume_5min,price_velocity,hour_of_day,day_of_week,price_distance_from_max,price_velocity_lag1,price_momentum,spread_trend,volume_trend,price_deviation,deviation_x_time,price_deviation_sq,spread_pct,log_time_left,time_phase,is_final_phase,high_price_final,velocity_x_phase,dev_sq_x_phase"
401,XRP_decided,8,logreg,False,2026-07-23 07:31:00.17846+00,,15m,,22,22,MATCH,,,,UNKNOWN_TARGET,no_manifest_no_era_proof,none,63deaaca041b1d088d857a7e92313a9f4b5dd83ac41460d721bedc59ff9b2ae9,36470,True,sklearn.calibration.CalibratedClassifierCV,True,0,,0.7525114373766797,,"time_left_min,mid_price,spread,volume_5min,price_velocity,hour_of_day,day_of_week,price_distance_from_max,price_velocity_lag1,price_momentum,spread_trend,volume_trend,price_deviation,deviation_x_time,price_deviation_sq,spread_pct,log_time_left,time_phase,is_final_phase,high_price_final,velocity_x_phase,dev_sq_x_phase"
402,SOL,25,logreg,False,2026-07-23 07:40:52.456938+00,,15m,,22,22,MATCH,,,,UNKNOWN_TARGET,no_manifest_no_era_proof,none,48ee097287e6ebc8a8a8b753341d140e721b7d555811639ba6d30a837d0241d5,71671,True,sklearn.calibration.CalibratedClassifierCV,True,0,,0.7443615068116911,,"time_left_min,mid_price,spread,volume_5min,price_velocity,hour_of_day,day_of_week,price_distance_from_max,price_velocity_lag1,price_momentum,spread_trend,volume_trend,price_deviation,deviation_x_time,price_deviation_sq,spread_pct,log_time_left,time_phase,is_final_phase,high_price_final,velocity_x_phase,dev_sq_x_phase"
403,SOL_leaning,6,logreg,False,2026-07-23 07:41:44.478343+00,,15m,,22,22,MATCH,,,,UNKNOWN_TARGET,no_manifest_no_era_proof,none,b46da0732e9a0cb9200f76504a41733f11c812ff4c5d39fc3510c893960baf30,21830,True,sklearn.calibration.CalibratedClassifierCV,True,0,,0.5504323157933945,,"time_left_min,mid_price,spread,volume_5min,price_velocity,hour_of_day,day_of_week,price_distance_from_max,price_velocity_lag1,price_momentum,spread_trend,volume_trend,price_deviation,deviation_x_time,price_deviation_sq,spread_pct,log_time_left,time_phase,is_final_phase,high_price_final,velocity_x_phase,dev_sq_x_phase"
404,SOL_decided,7,logreg,False,2026-07-23 07:42:48.22581+00,,15m,,22,22,MATCH,,,,UNKNOWN_TARGET,no_manifest_no_era_proof,none,f67d9933334089703ab840b2e08de5b37bb498d2d6543ced44d849c847f4882a,36766,True,sklearn.calibration.CalibratedClassifierCV,True,0,,0.7494556957984413,,"time_left_min,mid_price,spread,volume_5min,price_velocity,hour_of_day,day_of_week,price_distance_from_max,price_velocity_lag1,price_momentum,spread_trend,volume_trend,price_deviation,deviation_x_time,price_deviation_sq,spread_pct,log_time_left,time_phase,is_final_phase,high_price_final,velocity_x_phase,dev_sq_x_phase"
405,ETH,33,logreg,False,2026-07-23 07:49:13.483991+00,,15m,,22,22,MATCH,,,,UNKNOWN_TARGET,no_manifest_no_era_proof,none,66e968bf1cee1007377a3e2467ab38ffe4ee454637b31794382bcdd93baf72c1,77519,True,sklearn.calibration.CalibratedClassifierCV,True,0,,0.7559542771061729,,"time_left_min,mid_price,spread,volume_5min,price_velocity,hour_of_day,day_of_week,price_distance_from_max,price_velocity_lag1,price_momentum,spread_trend,volume_trend,price_deviation,deviation_x_time,price_deviation_sq,spread_pct,log_time_left,time_phase,is_final_phase,high_price_final,velocity_x_phase,dev_sq_x_phase"
406,ETH_leaning,3,logreg,False,2026-07-23 07:50:17.965688+00,,15m,,22,22,MATCH,,,t,UNKNOWN_TARGET,no_manifest_no_era_proof,none,e58a7cc9fde8edbce67195b6cc1ea33f8ab8ddc3a12e9e8bad9b2f0180468b15,23198,True,sklearn.calibration.CalibratedClassifierCV,True,0,,0.5582364974185089,,"time_left_min,mid_price,spread,volume_5min,price_velocity,hour_of_day,day_of_week,price_distance_from_max,price_velocity_lag1,price_momentum,spread_trend,volume_trend,price_deviation,deviation_x_time,price_deviation_sq,spread_pct,log_time_left,time_phase,is_final_phase,high_price_final,velocity_x_phase,dev_sq_x_phase"
407,ETH_decided,5,logreg,False,2026-07-23 07:50:57.987792+00,,15m,,22,22,MATCH,,,,UNKNOWN_TARGET,no_manifest_no_era_proof,none,f23ba3c7f4029b742518ea8fd161e521041b4b19b55a29d563b12f07bd758a33,39118,True,sklearn.calibration.CalibratedClassifierCV,True,0,,0.7536019164650123,,"time_left_min,mid_price,spread,volume_5min,price_velocity,hour_of_day,day_of_week,price_distance_from_max,price_velocity_lag1,price_momentum,spread_trend,volume_trend,price_deviation,deviation_x_time,price_deviation_sq,spread_pct,log_time_left,time_phase,is_final_phase,high_price_final,velocity_x_phase,dev_sq_x_phase"
408,BTC,35,logreg,False,2026-07-23 07:57:15.978292+00,,15m,,22,22,MATCH,,,,UNKNOWN_TARGET,no_manifest_no_era_proof,none,687b3407ea9ab14574e50a032f059a1b06bbb7fb9f21f4fd4683088f7fb8653a,77815,True,sklearn.calibration.CalibratedClassifierCV,True,0,,0.7503315972658766,,"time_left_min,mid_price,spread,volume_5min,price_velocity,hour_of_day,day_of_week,price_distance_from_max,price_velocity_lag1,price_momentum,spread_trend,volume_trend,price_deviation,deviation_x_time,price_deviation_sq,spread_pct,log_time_left,time_phase,is_final_phase,high_price_final,velocity_x_phase,dev_sq_x_phase"
410,SOLUSDT_low_vol,11,lgbm,False,2026-07-23 21:20:17.430083+00,,15m,low_vol,23,23,MATCH,,,,LEGACY_BINANCE_DIRECTION,era_code_482a6914_ret1_shift_minus1_plus_guard_hint_0968d065,next_15m_candle,c81d996da46c71cc888608bd2ddd529492fdb2ebadb383385f0251ba2241f133,406537,True,sklearn.calibration.CalibratedClassifierCV,True,1,,0.535626447070056,,"ret_1,ret_3,ret_6,vol_6,vol_24,vol_trend,vol_z_1,taker_buy_ratio,cvd_1,cvd_6,rsi_14,ema_ratio_9_21,bb_width,bb_position,dist_to_high_24,dist_to_low_24,range_1,range_avg_24,consec_balance,hour_sin,hour_cos,dow_sin,dow_cos"
411,SOLUSDT_mid_vol,10,lgbm,False,2026-07-23 21:20:17.430083+00,,15m,mid_vol,23,23,MATCH,,,,LEGACY_BINANCE_DIRECTION,era_code_482a6914_ret1_shift_minus1_plus_guard_hint_0968d065,next_15m_candle,205a69e92d8458916b42ce83c7ba55e5cb9a4738de348c305c9429a20ff0d846,400802,True,sklearn.calibration.CalibratedClassifierCV,True,1,,0.5256698788980392,,"ret_1,ret_3,ret_6,vol_6,vol_24,vol_trend,vol_z_1,taker_buy_ratio,cvd_1,cvd_6,rsi_14,ema_ratio_9_21,bb_width,bb_position,dist_to_high_24,dist_to_low_24,range_1,range_avg_24,consec_balance,hour_sin,hour_cos,dow_sin,dow_cos"
412,SOLUSDT_high_vol,10,lgbm,False,2026-07-23 21:20:17.430083+00,,15m,high_vol,23,23,MATCH,,,,LEGACY_BINANCE_DIRECTION,era_code_482a6914_ret1_shift_minus1_plus_guard_hint_0968d065,next_15m_candle,1a9f51971edb8a2281c7e25bdf70a4d1b4ebdc1f711275ffa90b2e6b295990cd,413236,True,sklearn.calibration.CalibratedClassifierCV,True,1,,0.5371419603425117,,"ret_1,ret_3,ret_6,vol_6,vol_24,vol_trend,vol_z_1,taker_buy_ratio,cvd_1,cvd_6,rsi_14,ema_ratio_9_21,bb_width,bb_position,dist_to_high_24,dist_to_low_24,range_1,range_avg_24,consec_balance,hour_sin,hour_cos,dow_sin,dow_cos"
413,XRPUSDT_low_vol,10,lgbm,False,2026-07-23 21:20:30.646823+00,,15m,low_vol,23,23,MATCH,,,,LEGACY_BINANCE_DIRECTION,era_code_482a6914_ret1_shift_minus1_plus_guard_hint_0968d065,next_15m_candle,c05cd11c81d57953a67df8c68d4e4576b700d001b541cf5616f72c97f0038f8d,390713,True,sklearn.calibration.CalibratedClassifierCV,True,1,,0.4893173254097243,,"ret_1,ret_3,ret_6,vol_6,vol_24,vol_trend,vol_z_1,taker_buy_ratio,cvd_1,cvd_6,rsi_14,ema_ratio_9_21,bb_width,bb_position,dist_to_high_24,dist_to_low_24,range_1,range_avg_24,consec_balance,hour_sin,hour_cos,dow_sin,dow_cos"
414,XRPUSDT_mid_vol,10,lgbm,False,2026-07-23 21:20:30.646823+00,,15m,mid_vol,23,23,MATCH,,,,LEGACY_BINANCE_DIRECTION,era_code_482a6914_ret1_shift_minus1_plus_guard_hint_0968d065,next_15m_candle,a36fb49ac112b1db0deabcc1dbc6400d89fc6f42ebff61c333c0841f898373aa,413869,True,sklearn.calibration.CalibratedClassifierCV,True,1,,0.4782208389443355,,"ret_1,ret_3,ret_6,vol_6,vol_24,vol_trend,vol_z_1,taker_buy_ratio,cvd_1,cvd_6,rsi_14,ema_ratio_9_21,bb_width,bb_position,dist_to_high_24,dist_to_low_24,range_1,range_avg_24,consec_balance,hour_sin,hour_cos,dow_sin,dow_cos"
415,XRPUSDT_high_vol,9,lgbm,False,2026-07-23 21:20:30.646823+00,,15m,high_vol,23,23,MATCH,,,,LEGACY_BINANCE_DIRECTION,era_code_482a6914_ret1_shift_minus1_plus_guard_hint_0968d065,next_15m_candle,a634e3457db1352b6b4dc4a7dcc37237e9e2ab13aeecfbbbcb20bde05cf69d6c,387322,True,sklearn.calibration.CalibratedClassifierCV,True,1,,0.4927851924498266,,"ret_1,ret_3,ret_6,vol_6,vol_24,vol_trend,vol_z_1,taker_buy_ratio,cvd_1,cvd_6,rsi_14,ema_ratio_9_21,bb_width,bb_position,dist_to_high_24,dist_to_low_24,range_1,range_avg_24,consec_balance,hour_sin,hour_cos,dow_sin,dow_cos"
416,DOGEUSDT_low_vol,10,lgbm,False,2026-07-23 21:20:39.87723+00,,15m,low_vol,23,23,MATCH,,,,LEGACY_BINANCE_DIRECTION,era_code_482a6914_ret1_shift_minus1_plus_guard_hint_0968d065,next_15m_candle,bc633e1bfc4215c71196689ae38364bc8f7c5aec398bc48c688506459524bf9c,403888,True,sklearn.calibration.CalibratedClassifierCV,True,1,,0.49646363106646174,,"ret_1,ret_3,ret_6,vol_6,vol_24,vol_trend,vol_z_1,taker_buy_ratio,cvd_1,cvd_6,rsi_14,ema_ratio_9_21,bb_width,bb_position,dist_to_high_24,dist_to_low_24,range_1,range_avg_24,consec_balance,hour_sin,hour_cos,dow_sin,dow_cos"
417,DOGEUSDT_mid_vol,10,lgbm,False,2026-07-23 21:20:39.87723+00,,15m,mid_vol,23,23,MATCH,,,,LEGACY_BINANCE_DIRECTION,era_code_482a6914_ret1_shift_minus1_plus_guard_hint_0968d065,next_15m_candle,e54ef5222db9ac5137f766cd4dcc6826059b604a116090e8580da0193d17512e,358987,True,sklearn.calibration.CalibratedClassifierCV,True,1,,0.4767227589483687,,"ret_1,ret_3,ret_6,vol_6,vol_24,vol_trend,vol_z_1,taker_buy_ratio,cvd_1,cvd_6,rsi_14,ema_ratio_9_21,bb_width,bb_position,dist_to_high_24,dist_to_low_24,range_1,range_avg_24,consec_balance,hour_sin,hour_cos,dow_sin,dow_cos"
418,DOGEUSDT_high_vol,9,lgbm,False,2026-07-23 21:20:39.87723+00,,15m,high_vol,23,23,MATCH,,,,LEGACY_BINANCE_DIRECTION,era_code_482a6914_ret1_shift_minus1_plus_guard_hint_0968d065,next_15m_candle,eb34af2438020175151949c275f3cf5648be866de376620ca961c814bbeb07bd,417646,True,sklearn.calibration.CalibratedClassifierCV,True,1,,0.5325858218853755,,"ret_1,ret_3,ret_6,vol_6,vol_24,vol_trend,vol_z_1,taker_buy_ratio,cvd_1,cvd_6,rsi_14,ema_ratio_9_21,bb_width,bb_position,dist_to_high_24,dist_to_low_24,range_1,range_avg_24,consec_balance,hour_sin,hour_cos,dow_sin,dow_cos"
419,ETHUSDT_low_vol,20,lgbm,False,2026-07-23 21:20:50.108713+00,,15m,low_vol,23,23,MATCH,,,,LEGACY_BINANCE_DIRECTION,era_code_482a6914_ret1_shift_minus1_plus_guard_hint_0968d065,next_15m_candle,18c3df3f914e871d5b944285b3b972befd9bbfa270e2cffae9972223dce179f3,415874,True,sklearn.calibration.CalibratedClassifierCV,True,1,,0.4787238708025671,,"ret_1,ret_3,ret_6,vol_6,vol_24,vol_trend,vol_z_1,taker_buy_ratio,cvd_1,cvd_6,rsi_14,ema_ratio_9_21,bb_width,bb_position,dist_to_high_24,dist_to_low_24,range_1,range_avg_24,consec_balance,hour_sin,hour_cos,dow_sin,dow_cos"
420,ETHUSDT_mid_vol,14,lgbm,False,2026-07-23 21:20:50.108713+00,,15m,mid_vol,23,23,MATCH,,,,LEGACY_BINANCE_DIRECTION,era_code_482a6914_ret1_shift_minus1_plus_guard_hint_0968d065,next_15m_candle,9e22fd0c60a155172cf3026841202819478e9692aa017ed7aa05cb050caf2ea2,387117,True,sklearn.calibration.CalibratedClassifierCV,True,1,,0.45934695880987436,,"ret_1,ret_3,ret_6,vol_6,vol_24,vol_trend,vol_z_1,taker_buy_ratio,cvd_1,cvd_6,rsi_14,ema_ratio_9_21,bb_width,bb_position,dist_to_high_24,dist_to_low_24,range_1,range_avg_24,consec_balance,hour_sin,hour_cos,dow_sin,dow_cos"
421,ETHUSDT_high_vol,19,lgbm,False,2026-07-23 21:20:50.108713+00,,15m,high_vol,23,23,MATCH,,,,LEGACY_BINANCE_DIRECTION,era_code_482a6914_ret1_shift_minus1_plus_guard_hint_0968d065,next_15m_candle,4a33e0a540641ae09e7002e34dee560ffbc648185136d91863eb9272197d72b9,420002,True,sklearn.calibration.CalibratedClassifierCV,True,1,,0.4335221469587732,,"ret_1,ret_3,ret_6,vol_6,vol_24,vol_trend,vol_z_1,taker_buy_ratio,cvd_1,cvd_6,rsi_14,ema_ratio_9_21,bb_width,bb_position,dist_to_high_24,dist_to_low_24,range_1,range_avg_24,consec_balance,hour_sin,hour_cos,dow_sin,dow_cos"
422,BTCUSDT_low_vol,25,lgbm,False,2026-07-23 21:21:00.63899+00,,15m,low_vol,23,23,MATCH,,,,LEGACY_BINANCE_DIRECTION,era_code_482a6914_ret1_shift_minus1_plus_guard_hint_0968d065,next_15m_candle,993b66da63e3d860755bfc0156723887251012282b401bf757b382e7d0bf8441,394077,True,sklearn.calibration.CalibratedClassifierCV,True,1,,0.4945540013474705,,"ret_1,ret_3,ret_6,vol_6,vol_24,vol_trend,vol_z_1,taker_buy_ratio,cvd_1,cvd_6,rsi_14,ema_ratio_9_21,bb_width,bb_position,dist_to_high_24,dist_to_low_24,range_1,range_avg_24,consec_balance,hour_sin,hour_cos,dow_sin,dow_cos"
423,BTCUSDT_mid_vol,19,lgbm,False,2026-07-23 21:21:00.63899+00,,15m,mid_vol,23,23,MATCH,,,,LEGACY_BINANCE_DIRECTION,era_code_482a6914_ret1_shift_minus1_plus_guard_hint_0968d065,next_15m_candle,ae6e537fcda10a5457dc78ab8d36be8c108c874513a0a14ddb1efb76d28cf494,425431,True,sklearn.calibration.CalibratedClassifierCV,True,1,,0.5258055690981477,,"ret_1,ret_3,ret_6,vol_6,vol_24,vol_trend,vol_z_1,taker_buy_ratio,cvd_1,cvd_6,rsi_14,ema_ratio_9_21,bb_width,bb_position,dist_to_high_24,dist_to_low_24,range_1,range_avg_24,consec_balance,hour_sin,hour_cos,dow_sin,dow_cos"
424,BTCUSDT_high_vol,24,lgbm,False,2026-07-23 21:21:00.63899+00,,15m,high_vol,23,23,MATCH,,,,LEGACY_BINANCE_DIRECTION,era_code_482a6914_ret1_shift_minus1_plus_guard_hint_0968d065,next_15m_candle,5abb792c434dfdd91d830cf7412f9707c1703fed1eb2ba604e162c61606ca191,386648,True,sklearn.calibration.CalibratedClassifierCV,True,1,,0.5472517550501141,,"ret_1,ret_3,ret_6,vol_6,vol_24,vol_trend,vol_z_1,taker_buy_ratio,cvd_1,cvd_6,rsi_14,ema_ratio_9_21,bb_width,bb_position,dist_to_high_24,dist_to_low_24,range_1,range_avg_24,consec_balance,hour_sin,hour_cos,dow_sin,dow_cos"
425,SOLUSDT_low_vol,12,lgbm,False,2026-07-24 12:10:47.530075+00,,15m,low_vol,22,22,MATCH,,,,LEGACY_BINANCE_DIRECTION,era_code_482a6914_ret1_shift_minus1_plus_guard_hint_0968d065,next_15m_candle,05ccde28aa39ecc246fdc01f39e8c2ae4d8dd8349eb36655563801838b09fee3,417245,True,sklearn.calibration.CalibratedClassifierCV,True,1,,0.5291661953589302,,"ret_1,ret_3,ret_6,vol_6,vol_24,vol_z_1,taker_buy_ratio,cvd_1,cvd_6,rsi_14,ema_ratio_9_21,bb_width,bb_position,dist_to_high_24,dist_to_low_24,range_1,range_avg_24,consec_balance,hour_sin,hour_cos,dow_sin,dow_cos"
426,SOLUSDT_mid_vol,11,lgbm,False,2026-07-24 12:10:47.530075+00,,15m,mid_vol,22,22,MATCH,,,,LEGACY_BINANCE_DIRECTION,era_code_482a6914_ret1_shift_minus1_plus_guard_hint_0968d065,next_15m_candle,ce4e1d55adfe04f3be0bdfe6b350e564a88e897644d72b36827c7c3a79808866,400296,True,sklearn.calibration.CalibratedClassifierCV,True,1,,0.4627232705950843,,"ret_1,ret_3,ret_6,vol_6,vol_24,vol_z_1,taker_buy_ratio,cvd_1,cvd_6,rsi_14,ema_ratio_9_21,bb_width,bb_position,dist_to_high_24,dist_to_low_24,range_1,range_avg_24,consec_balance,hour_sin,hour_cos,dow_sin,dow_cos"
427,SOLUSDT_high_vol,11,lgbm,False,2026-07-24 12:10:47.530075+00,,15m,high_vol,22,22,MATCH,,,,LEGACY_BINANCE_DIRECTION,era_code_482a6914_ret1_shift_minus1_plus_guard_hint_0968d065,next_15m_candle,bf03049dddd3f558c92cdb9d3cae8741a7631de14c0664cbe3482e340d59171b,403179,True,sklearn.calibration.CalibratedClassifierCV,True,1,,0.48178999383650656,,"ret_1,ret_3,ret_6,vol_6,vol_24,vol_z_1,taker_buy_ratio,cvd_1,cvd_6,rsi_14,ema_ratio_9_21,bb_width,bb_position,dist_to_high_24,dist_to_low_24,range_1,range_avg_24,consec_balance,hour_sin,hour_cos,dow_sin,dow_cos"
428,XRPUSDT_low_vol,11,lgbm,False,2026-07-24 12:12:54.329565+00,,15m,low_vol,22,22,MATCH,,,,LEGACY_BINANCE_DIRECTION,era_code_482a6914_ret1_shift_minus1_plus_guard_hint_0968d065,next_15m_candle,c43154b5295c90c766eb77a0465fae2b710ec30c847bfba799cb7f9c82cbdb41,394325,True,sklearn.calibration.CalibratedClassifierCV,True,1,,0.4987444037444037,,"ret_1,ret_3,ret_6,vol_6,vol_24,vol_z_1,taker_buy_ratio,cvd_1,cvd_6,rsi_14,ema_ratio_9_21,bb_width,bb_position,dist_to_high_24,dist_to_low_24,range_1,range_avg_24,consec_balance,hour_sin,hour_cos,dow_sin,dow_cos"
429,XRPUSDT_mid_vol,11,lgbm,False,2026-07-24 12:12:54.329565+00,,15m,mid_vol,22,22,MATCH,,,,LEGACY_BINANCE_DIRECTION,era_code_482a6914_ret1_shift_minus1_plus_guard_hint_0968d065,next_15m_candle,b8c01da7a32d4733f30d44e58800e180222bb7bbb770fc77310580226503650c,388117,True,sklearn.calibration.CalibratedClassifierCV,True,1,,0.4459244501216156,,"ret_1,ret_3,ret_6,vol_6,vol_24,vol_z_1,taker_buy_ratio,cvd_1,cvd_6,rsi_14,ema_ratio_9_21,bb_width,bb_position,dist_to_high_24,dist_to_low_24,range_1,range_avg_24,consec_balance,hour_sin,hour_cos,dow_sin,dow_cos"
430,XRPUSDT_high_vol,10,lgbm,False,2026-07-24 12:12:54.329565+00,,15m,high_vol,22,22,MATCH,,,,LEGACY_BINANCE_DIRECTION,era_code_482a6914_ret1_shift_minus1_plus_guard_hint_0968d065,next_15m_candle,b4807b9e8c426c2c595ee0286f859c7bdd89afcc36f66ef946bb045af56139a3,373563,True,sklearn.calibration.CalibratedClassifierCV,True,1,,0.46664501398971386,,"ret_1,ret_3,ret_6,vol_6,vol_24,vol_z_1,taker_buy_ratio,cvd_1,cvd_6,rsi_14,ema_ratio_9_21,bb_width,bb_position,dist_to_high_24,dist_to_low_24,range_1,range_avg_24,consec_balance,hour_sin,hour_cos,dow_sin,dow_cos"
431,DOGEUSDT_low_vol,11,lgbm,False,2026-07-24 12:13:12.088154+00,,15m,low_vol,22,22,MATCH,,,,LEGACY_BINANCE_DIRECTION,era_code_482a6914_ret1_shift_minus1_plus_guard_hint_0968d065,next_15m_candle,7966346c3e3526bea14a12a595729244525647586367291fbdbe7c0ff1eb0a02,401788,True,sklearn.calibration.CalibratedClassifierCV,True,1,,0.46117005833672503,,"ret_1,ret_3,ret_6,vol_6,vol_24,vol_z_1,taker_buy_ratio,cvd_1,cvd_6,rsi_14,ema_ratio_9_21,bb_width,bb_position,dist_to_high_24,dist_to_low_24,range_1,range_avg_24,consec_balance,hour_sin,hour_cos,dow_sin,dow_cos"
432,DOGEUSDT_mid_vol,11,lgbm,False,2026-07-24 12:13:12.088154+00,2026-08-10 04:39:21.443901+00,15m,mid_vol,22,22,MATCH,,,,LEGACY_BINANCE_DIRECTION,era_code_482a6914_ret1_shift_minus1_plus_guard_hint_0968d065,next_15m_candle,216983ce184c46dcb6e37219a81835dce255f10c47ab79cc5d1f8632b8579345,366676,True,sklearn.calibration.CalibratedClassifierCV,True,1,,0.5157416611345702,,"ret_1,ret_3,ret_6,vol_6,vol_24,vol_z_1,taker_buy_ratio,cvd_1,cvd_6,rsi_14,ema_ratio_9_21,bb_width,bb_position,dist_to_high_24,dist_to_low_24,range_1,range_avg_24,consec_balance,hour_sin,hour_cos,dow_sin,dow_cos"
433,DOGEUSDT_high_vol,10,lgbm,False,2026-07-24 12:13:12.088154+00,,15m,high_vol,22,22,MATCH,,,,LEGACY_BINANCE_DIRECTION,era_code_482a6914_ret1_shift_minus1_plus_guard_hint_0968d065,next_15m_candle,1c78e910678e9d22c6d4f7c6a1497e44bf3af559fd5a7ea173f17152da982263,416447,True,sklearn.calibration.CalibratedClassifierCV,True,1,,0.5014783157941054,,"ret_1,ret_3,ret_6,vol_6,vol_24,vol_z_1,taker_buy_ratio,cvd_1,cvd_6,rsi_14,ema_ratio_9_21,bb_width,bb_position,dist_to_high_24,dist_to_low_24,range_1,range_avg_24,consec_balance,hour_sin,hour_cos,dow_sin,dow_cos"
434,ETHUSDT_low_vol,21,lgbm,False,2026-07-24 12:13:24.210925+00,,15m,low_vol,22,22,MATCH,,,,LEGACY_BINANCE_DIRECTION,era_code_482a6914_ret1_shift_minus1_plus_guard_hint_0968d065,next_15m_candle,8b10ef8b2f178728ee71a70c18aeabd7a123614e9da829ff0889f991cd423288,410977,True,sklearn.calibration.CalibratedClassifierCV,True,1,,0.4621200301920439,,"ret_1,ret_3,ret_6,vol_6,vol_24,vol_z_1,taker_buy_ratio,cvd_1,cvd_6,rsi_14,ema_ratio_9_21,bb_width,bb_position,dist_to_high_24,dist_to_low_24,range_1,range_avg_24,consec_balance,hour_sin,hour_cos,dow_sin,dow_cos"
435,ETHUSDT_mid_vol,15,lgbm,False,2026-07-24 12:13:24.210925+00,,15m,mid_vol,22,22,MATCH,,,,LEGACY_BINANCE_DIRECTION,era_code_482a6914_ret1_shift_minus1_plus_guard_hint_0968d065,next_15m_candle,f5b7c0c753a77a9bf1d3de6c4a9e4a72f29a0d8639e1d758aa4de558da063f9f,389241,True,sklearn.calibration.CalibratedClassifierCV,True,1,,0.4888495799634505,,"ret_1,ret_3,ret_6,vol_6,vol_24,vol_z_1,taker_buy_ratio,cvd_1,cvd_6,rsi_14,ema_ratio_9_21,bb_width,bb_position,dist_to_high_24,dist_to_low_24,range_1,range_avg_24,consec_balance,hour_sin,hour_cos,dow_sin,dow_cos"
436,ETHUSDT_high_vol,20,lgbm,False,2026-07-24 12:13:24.210925+00,2026-08-10 04:39:52.318863+00,15m,high_vol,22,22,MATCH,,,,LEGACY_BINANCE_DIRECTION,era_code_482a6914_ret1_shift_minus1_plus_guard_hint_0968d065,next_15m_candle,3ab0a00e87caab0d71d4e1bbf9965b5bd94102aa99518abbbbc61b077fe620fc,417928,True,sklearn.calibration.CalibratedClassifierCV,True,1,,0.4692891638177392,,"ret_1,ret_3,ret_6,vol_6,vol_24,vol_z_1,taker_buy_ratio,cvd_1,cvd_6,rsi_14,ema_ratio_9_21,bb_width,bb_position,dist_to_high_24,dist_to_low_24,range_1,range_avg_24,consec_balance,hour_sin,hour_cos,dow_sin,dow_cos"
437,BTCUSDT_low_vol,26,lgbm,False,2026-07-24 12:13:37.872751+00,,15m,low_vol,22,22,MATCH,,,,LEGACY_BINANCE_DIRECTION,era_code_482a6914_ret1_shift_minus1_plus_guard_hint_0968d065,next_15m_candle,73db6bd85511685e8b5946ac52de18e0125cffe5be91cf67a49e34114fe6c5d7,386491,True,sklearn.calibration.CalibratedClassifierCV,True,1,,0.5138037086915739,,"ret_1,ret_3,ret_6,vol_6,vol_24,vol_z_1,taker_buy_ratio,cvd_1,cvd_6,rsi_14,ema_ratio_9_21,bb_width,bb_position,dist_to_high_24,dist_to_low_24,range_1,range_avg_24,consec_balance,hour_sin,hour_cos,dow_sin,dow_cos"
438,BTCUSDT_mid_vol,20,lgbm,False,2026-07-24 12:13:37.872751+00,,15m,mid_vol,22,22,MATCH,,,,LEGACY_BINANCE_DIRECTION,era_code_482a6914_ret1_shift_minus1_plus_guard_hint_0968d065,next_15m_candle,72b1d5440b81d90c03c09a6294d8238ae6c3ba7c76c1a68bef7167494471cc57,417617,True,sklearn.calibration.CalibratedClassifierCV,True,1,,0.4858454565197966,,"ret_1,ret_3,ret_6,vol_6,vol_24,vol_z_1,taker_buy_ratio,cvd_1,cvd_6,rsi_14,ema_ratio_9_21,bb_width,bb_position,dist_to_high_24,dist_to_low_24,range_1,range_avg_24,consec_balance,hour_sin,hour_cos,dow_sin,dow_cos"
439,BTCUSDT_high_vol,25,lgbm,False,2026-07-24 12:13:37.872751+00,,15m,high_vol,22,22,MATCH,,,,LEGACY_BINANCE_DIRECTION,era_code_482a6914_ret1_shift_minus1_plus_guard_hint_0968d065,next_15m_candle,9bec512f3f155a67b94777e27b408c68709ba776bacb6e2ec8bc0537ec211a09,387916,True,sklearn.calibration.CalibratedClassifierCV,True,1,,0.4769178582862793,,"ret_1,ret_3,ret_6,vol_6,vol_24,vol_z_1,taker_buy_ratio,cvd_1,cvd_6,rsi_14,ema_ratio_9_21,bb_width,bb_position,dist_to_high_24,dist_to_low_24,range_1,range_avg_24,consec_balance,hour_sin,hour_cos,dow_sin,dow_cos"
440,DOGE,27,logreg,False,2026-07-24 12:25:15.123146+00,,15m,,22,22,MATCH,,,,UNKNOWN_TARGET,no_manifest_no_era_proof,none,99385f3052878fcc3045ba3472a2120e33703f2cc6d1549329e68fa55e39fdc0,73807,True,sklearn.calibration.CalibratedClassifierCV,True,0,,0.7479731664917193,,"time_left_min,mid_price,spread,volume_5min,price_velocity,hour_of_day,day_of_week,price_distance_from_max,price_velocity_lag1,price_momentum,spread_trend,volume_trend,price_deviation,deviation_x_time,price_deviation_sq,spread_pct,log_time_left,time_phase,is_final_phase,high_price_final,velocity_x_phase,dev_sq_x_phase"
441,DOGE_leaning,8,logreg,False,2026-07-24 12:25:28.632397+00,,15m,,22,22,MATCH,,,,UNKNOWN_TARGET,no_manifest_no_era_proof,none,9d9210e96bdd01481f33ec27b633c2889fef301d1bfe30889f6a70a9da45e435,21494,True,sklearn.calibration.CalibratedClassifierCV,True,0,,0.5519029716028286,,"time_left_min,mid_price,spread,volume_5min,price_velocity,hour_of_day,day_of_week,price_distance_from_max,price_velocity_lag1,price_momentum,spread_trend,volume_trend,price_deviation,deviation_x_time,price_deviation_sq,spread_pct,log_time_left,time_phase,is_final_phase,high_price_final,velocity_x_phase,dev_sq_x_phase"
442,DOGE_decided,8,logreg,False,2026-07-24 12:27:13.411827+00,,15m,,22,22,MATCH,,,t,UNKNOWN_TARGET,no_manifest_no_era_proof,none,502e9cf1ee55d7dc7a72d2442e571873e89b75293e0ac4640e8858825261aff1,38094,True,sklearn.calibration.CalibratedClassifierCV,True,0,,0.7592766276004893,,"time_left_min,mid_price,spread,volume_5min,price_velocity,hour_of_day,day_of_week,price_distance_from_max,price_velocity_lag1,price_momentum,spread_trend,volume_trend,price_deviation,deviation_x_time,price_deviation_sq,spread_pct,log_time_left,time_phase,is_final_phase,high_price_final,velocity_x_phase,dev_sq_x_phase"
443,XRP,28,logreg,False,2026-07-24 12:40:04.190545+00,,15m,,22,22,MATCH,,,,UNKNOWN_TARGET,no_manifest_no_era_proof,none,56c7a40b84ac893fe274ef3ddb092dad62b18e14e469dafe23401b34e471f7e5,75039,True,sklearn.calibration.CalibratedClassifierCV,True,0,,0.7484239279382832,,"time_left_min,mid_price,spread,volume_5min,price_velocity,hour_of_day,day_of_week,price_distance_from_max,price_velocity_lag1,price_momentum,spread_trend,volume_trend,price_deviation,deviation_x_time,price_deviation_sq,spread_pct,log_time_left,time_phase,is_final_phase,high_price_final,velocity_x_phase,dev_sq_x_phase"
444,XRP_leaning,9,logreg,False,2026-07-24 12:42:21.417004+00,,15m,,22,22,MATCH,,,t,UNKNOWN_TARGET,no_manifest_no_era_proof,none,c3d81aa235cd941f931a476746e977a0fb0f91506f09b030803caac222463993,22102,True,sklearn.calibration.CalibratedClassifierCV,True,0,,0.5377297800125047,,"time_left_min,mid_price,spread,volume_5min,price_velocity,hour_of_day,day_of_week,price_distance_from_max,price_velocity_lag1,price_momentum,spread_trend,volume_trend,price_deviation,deviation_x_time,price_deviation_sq,spread_pct,log_time_left,time_phase,is_final_phase,high_price_final,velocity_x_phase,dev_sq_x_phase"
445,XRP_decided,9,logreg,False,2026-07-24 12:43:25.215602+00,,15m,,22,22,MATCH,,,t,UNKNOWN_TARGET,no_manifest_no_era_proof,none,e1e498ceaac3307c6bbf8f0deb1a6226eb9c5affa69e8c9073f1ad1d12e3f4d2,38822,True,sklearn.calibration.CalibratedClassifierCV,True,0,,0.7523862137882357,,"time_left_min,mid_price,spread,volume_5min,price_velocity,hour_of_day,day_of_week,price_distance_from_max,price_velocity_lag1,price_momentum,spread_trend,volume_trend,price_deviation,deviation_x_time,price_deviation_sq,spread_pct,log_time_left,time_phase,is_final_phase,high_price_final,velocity_x_phase,dev_sq_x_phase"
446,SOL,26,logreg,False,2026-07-24 12:51:37.406832+00,,15m,,22,22,MATCH,,,,UNKNOWN_TARGET,no_manifest_no_era_proof,none,823093c7e2dad039042483419aa01864dda40f8d1f68b6723c644c92a2f4598d,74743,True,sklearn.calibration.CalibratedClassifierCV,True,0,,0.7439210482942105,,"time_left_min,mid_price,spread,volume_5min,price_velocity,hour_of_day,day_of_week,price_distance_from_max,price_velocity_lag1,price_momentum,spread_trend,volume_trend,price_deviation,deviation_x_time,price_deviation_sq,spread_pct,log_time_left,time_phase,is_final_phase,high_price_final,velocity_x_phase,dev_sq_x_phase"
447,SOL_leaning,7,logreg,False,2026-07-24 12:52:18.694744+00,,15m,,22,22,MATCH,,,,UNKNOWN_TARGET,no_manifest_no_era_proof,none,13029f24658fd46575f5859d75adcd9e7b508cc77eb52c787896723317400aab,21998,True,sklearn.calibration.CalibratedClassifierCV,True,0,,0.5529351744358126,,"time_left_min,mid_price,spread,volume_5min,price_velocity,hour_of_day,day_of_week,price_distance_from_max,price_velocity_lag1,price_momentum,spread_trend,volume_trend,price_deviation,deviation_x_time,price_deviation_sq,spread_pct,log_time_left,time_phase,is_final_phase,high_price_final,velocity_x_phase,dev_sq_x_phase"
448,SOL_decided,8,logreg,False,2026-07-24 12:53:11.900344+00,,15m,,22,22,MATCH,,,,UNKNOWN_TARGET,no_manifest_no_era_proof,none,23f86d8f20beecbc247a5ed0449ea74ec957fb3dfa45a5c6fdb9675493f106a0,38790,True,sklearn.calibration.CalibratedClassifierCV,True,0,,0.7453646290460778,,"time_left_min,mid_price,spread,volume_5min,price_velocity,hour_of_day,day_of_week,price_distance_from_max,price_velocity_lag1,price_momentum,spread_trend,volume_trend,price_deviation,deviation_x_time,price_deviation_sq,spread_pct,log_time_left,time_phase,is_final_phase,high_price_final,velocity_x_phase,dev_sq_x_phase"
449,ETH,34,logreg,False,2026-07-24 12:58:49.707618+00,,15m,,22,22,MATCH,,,,UNKNOWN_TARGET,no_manifest_no_era_proof,none,58b5f838022fe904c16fb8bfdb926fd0760a447b9cd794ba01d1fd6af046bb10,78375,True,sklearn.calibration.CalibratedClassifierCV,True,0,,0.7559328763247531,,"time_left_min,mid_price,spread,volume_5min,price_velocity,hour_of_day,day_of_week,price_distance_from_max,price_velocity_lag1,price_momentum,spread_trend,volume_trend,price_deviation,deviation_x_time,price_deviation_sq,spread_pct,log_time_left,time_phase,is_final_phase,high_price_final,velocity_x_phase,dev_sq_x_phase"
450,ETH_leaning,4,logreg,False,2026-07-24 12:59:31.720746+00,,15m,,22,22,MATCH,,,,UNKNOWN_TARGET,no_manifest_no_era_proof,none,552a3ee1479a2293ed6bbe224e5d8e99238fa828a2380d995d0d3dd45754ae20,24694,True,sklearn.calibration.CalibratedClassifierCV,True,0,,0.5517443915688994,,"time_left_min,mid_price,spread,volume_5min,price_velocity,hour_of_day,day_of_week,price_distance_from_max,price_velocity_lag1,price_momentum,spread_trend,volume_trend,price_deviation,deviation_x_time,price_deviation_sq,spread_pct,log_time_left,time_phase,is_final_phase,high_price_final,velocity_x_phase,dev_sq_x_phase"
451,ETH_decided,6,logreg,False,2026-07-24 13:00:53.445631+00,,15m,,22,22,MATCH,,,,UNKNOWN_TARGET,no_manifest_no_era_proof,none,a93df857eb749460d783159f24483e73f9fe598d6412875390357db8e2b485ae,39390,True,sklearn.calibration.CalibratedClassifierCV,True,0,,0.7542328059162704,,"time_left_min,mid_price,spread,volume_5min,price_velocity,hour_of_day,day_of_week,price_distance_from_max,price_velocity_lag1,price_momentum,spread_trend,volume_trend,price_deviation,deviation_x_time,price_deviation_sq,spread_pct,log_time_left,time_phase,is_final_phase,high_price_final,velocity_x_phase,dev_sq_x_phase"
452,BTC,36,logreg,False,2026-07-24 13:07:23.576326+00,,15m,,22,22,MATCH,,,,UNKNOWN_TARGET,no_manifest_no_era_proof,none,3995f98b7f430e624b52303fb28f3e9cc242a6b2f247f211eeacaf350512403a,79719,True,sklearn.calibration.CalibratedClassifierCV,True,0,,0.7515452979356808,,"time_left_min,mid_price,spread,volume_5min,price_velocity,hour_of_day,day_of_week,price_distance_from_max,price_velocity_lag1,price_momentum,spread_trend,volume_trend,price_deviation,deviation_x_time,price_deviation_sq,spread_pct,log_time_left,time_phase,is_final_phase,high_price_final,velocity_x_phase,dev_sq_x_phase"
453,BTC_leaning,3,logreg,False,2026-07-24 13:08:22.53696+00,2026-07-24 13:08:22.53696+00,15m,,22,22,MATCH,,,t,UNKNOWN_TARGET,no_manifest_no_era_proof,none,994199b15c6a32e67aaaf77463be50cc783966b84c4495056fa3459c2c950b16,23398,True,sklearn.calibration.CalibratedClassifierCV,True,0,,0.5431379925283807,,"time_left_min,mid_price,spread,volume_5min,price_velocity,hour_of_day,day_of_week,price_distance_from_max,price_velocity_lag1,price_momentum,spread_trend,volume_trend,price_deviation,deviation_x_time,price_deviation_sq,spread_pct,log_time_left,time_phase,is_final_phase,high_price_final,velocity_x_phase,dev_sq_x_phase"
454,BTC_decided,7,logreg,False,2026-07-24 13:09:11.540178+00,,15m,,22,22,MATCH,,,,UNKNOWN_TARGET,no_manifest_no_era_proof,none,e765cc320f8e6026e9a27e9120fd8e1356f982ce24e2f2ee8532643dd8fbe3e3,39662,True,sklearn.calibration.CalibratedClassifierCV,True,0,,0.7529046035359828,,"time_left_min,mid_price,spread,volume_5min,price_velocity,hour_of_day,day_of_week,price_distance_from_max,price_velocity_lag1,price_momentum,spread_trend,volume_trend,price_deviation,deviation_x_time,price_deviation_sq,spread_pct,log_time_left,time_phase,is_final_phase,high_price_final,velocity_x_phase,dev_sq_x_phase"
455,BTC,37,logreg,False,2026-07-24 17:14:28.353822+00,,15m,,22,22,MATCH,,,,UNKNOWN_TARGET,no_manifest_no_era_proof,none,d5541fb70380c54fd30ff6e29f29d4a928f8c58c60610e776156bdf20b5b6910,80623,True,sklearn.calibration.CalibratedClassifierCV,True,0,,0.7514117559936391,d4f83c9f54a89a72606ec45c800d8ec5,"time_left_min,mid_price,spread,volume_5min,price_velocity,hour_of_day,day_of_week,price_distance_from_max,price_velocity_lag1,price_momentum,spread_trend,volume_trend,price_deviation,deviation_x_time,price_deviation_sq,spread_pct,log_time_left,time_phase,is_final_phase,high_price_final,velocity_x_phase,dev_sq_x_phase"
456,ETH,35,logreg,False,2026-07-24 17:23:38.952451+00,,15m,,22,22,MATCH,,,,UNKNOWN_TARGET,no_manifest_no_era_proof,none,51c9ec1825c5c14ec0b0245f78b9dfaa28251ea83c9ce35ff11ecdbd8b1d83e1,79711,True,sklearn.calibration.CalibratedClassifierCV,True,0,,0.7546653016229949,9527ea5c87133a0363ec4c1c693d882b,"time_left_min,mid_price,spread,volume_5min,price_velocity,hour_of_day,day_of_week,price_distance_from_max,price_velocity_lag1,price_momentum,spread_trend,volume_trend,price_deviation,deviation_x_time,price_deviation_sq,spread_pct,log_time_left,time_phase,is_final_phase,high_price_final,velocity_x_phase,dev_sq_x_phase"
457,SOL,27,logreg,False,2026-07-24 17:32:32.728232+00,,15m,,22,22,MATCH,,,,UNKNOWN_TARGET,no_manifest_no_era_proof,none,d03184eb1ea269d8fc0a490d0133800cdb348de8a9acc164fb9a2d70d195296b,74895,True,sklearn.calibration.CalibratedClassifierCV,True,0,,0.7424430935842743,cc3a360dcf7f22ac0b7aab54fe3240d2,"time_left_min,mid_price,spread,volume_5min,price_velocity,hour_of_day,day_of_week,price_distance_from_max,price_velocity_lag1,price_momentum,spread_trend,volume_trend,price_deviation,deviation_x_time,price_deviation_sq,spread_pct,log_time_left,time_phase,is_final_phase,high_price_final,velocity_x_phase,dev_sq_x_phase"
458,XRP,29,logreg,False,2026-07-24 17:41:18.485155+00,,15m,,22,22,MATCH,,,,UNKNOWN_TARGET,no_manifest_no_era_proof,none,c07eacc164df022add90465c01f5a2427df0f2f510882abfbea70db127f50604,75327,True,sklearn.calibration.CalibratedClassifierCV,True,0,,0.7482662300145269,47a855f67c6e82d8836522b3564e8345,"time_left_min,mid_price,spread,volume_5min,price_velocity,hour_of_day,day_of_week,price_distance_from_max,price_velocity_lag1,price_momentum,spread_trend,volume_trend,price_deviation,deviation_x_time,price_deviation_sq,spread_pct,log_time_left,time_phase,is_final_phase,high_price_final,velocity_x_phase,dev_sq_x_phase"
459,BTC,38,logreg,False,2026-07-25 04:39:44.10649+00,,15m,,22,22,MATCH,,,,UNKNOWN_TARGET,no_manifest_no_era_proof,none,eea64a459d2bf26ab01273c7efcdff0f9902ac430c484d62c16d2b1c0687bf7b,82215,True,sklearn.calibration.CalibratedClassifierCV,True,0,,0.7510616152238105,7a1c290a3df130ac8a0be651eafc80f3,"time_left_min,mid_price,spread,volume_5min,price_velocity,hour_of_day,day_of_week,price_distance_from_max,price_velocity_lag1,price_momentum,spread_trend,volume_trend,price_deviation,deviation_x_time,price_deviation_sq,spread_pct,log_time_left,time_phase,is_final_phase,high_price_final,velocity_x_phase,dev_sq_x_phase"
460,BTCUSDT_low_vol,27,lgbm,False,2026-07-25 11:42:57.792722+00,,15m,low_vol,22,22,MATCH,,,,LEGACY_BINANCE_DIRECTION,era_code_482a6914_ret1_shift_minus1_plus_guard_hint_0968d065,next_15m_candle,1ab25cfee0c299f81f1f0e10cbb3b26a6eb330a6f6b0d1b3493ac89422825bf0,389963,True,sklearn.calibration.CalibratedClassifierCV,True,1,,0.5101662543912359,,"ret_1,ret_3,ret_6,vol_6,vol_24,vol_z_1,taker_buy_ratio,cvd_1,cvd_6,rsi_14,ema_ratio_9_21,bb_width,bb_position,dist_to_high_24,dist_to_low_24,range_1,range_avg_24,consec_balance,hour_sin,hour_cos,dow_sin,dow_cos"
461,BTCUSDT_mid_vol,21,lgbm,False,2026-07-25 11:42:57.792722+00,,15m,mid_vol,22,22,MATCH,,,,LEGACY_BINANCE_DIRECTION,era_code_482a6914_ret1_shift_minus1_plus_guard_hint_0968d065,next_15m_candle,b63dce1c501294a07ba815a689752f0310082467974b7b38f03ddc22f591c219,417383,True,sklearn.calibration.CalibratedClassifierCV,True,1,,0.5257907705540418,,"ret_1,ret_3,ret_6,vol_6,vol_24,vol_z_1,taker_buy_ratio,cvd_1,cvd_6,rsi_14,ema_ratio_9_21,bb_width,bb_position,dist_to_high_24,dist_to_low_24,range_1,range_avg_24,consec_balance,hour_sin,hour_cos,dow_sin,dow_cos"
462,BTCUSDT_high_vol,26,lgbm,False,2026-07-25 11:42:57.792722+00,,15m,high_vol,22,22,MATCH,,,,LEGACY_BINANCE_DIRECTION,era_code_482a6914_ret1_shift_minus1_plus_guard_hint_0968d065,next_15m_candle,0a4ed0b72d9b994671050e7f9c6b9f6d59f42063f08033d0cf009487825d0626,399212,True,sklearn.calibration.CalibratedClassifierCV,True,1,,0.4861109470990625,,"ret_1,ret_3,ret_6,vol_6,vol_24,vol_z_1,taker_buy_ratio,cvd_1,cvd_6,rsi_14,ema_ratio_9_21,bb_width,bb_position,dist_to_high_24,dist_to_low_24,range_1,range_avg_24,consec_balance,hour_sin,hour_cos,dow_sin,dow_cos"
463,SOLUSDT_low_vol,13,lgbm,False,2026-07-26 11:12:56.813422+00,,15m,low_vol,22,22,MATCH,,,,LEGACY_BINANCE_DIRECTION,era_code_482a6914_ret1_shift_minus1_plus_guard_hint_0968d065,next_15m_candle,0328750dd9caeea4af89be55e35c9ed84a4727a21b6acbe1d2a9fb0f44756164,437969,True,sklearn.calibration.CalibratedClassifierCV,True,1,,0.5112206866032963,,"ret_1,ret_3,ret_6,vol_6,vol_24,vol_z_1,taker_buy_ratio,cvd_1,cvd_6,rsi_14,ema_ratio_9_21,bb_width,bb_position,dist_to_high_24,dist_to_low_24,range_1,range_avg_24,consec_balance,hour_sin,hour_cos,dow_sin,dow_cos"
464,SOLUSDT_mid_vol,12,lgbm,False,2026-07-26 11:12:56.813422+00,,15m,mid_vol,22,22,MATCH,,,,LEGACY_BINANCE_DIRECTION,era_code_482a6914_ret1_shift_minus1_plus_guard_hint_0968d065,next_15m_candle,b8f5f34f7be2288eb802820796da3ce0f28ce9f89a3d99ffb659cf836e3e37d5,393836,True,sklearn.calibration.CalibratedClassifierCV,True,1,,0.4714713242804862,,"ret_1,ret_3,ret_6,vol_6,vol_24,vol_z_1,taker_buy_ratio,cvd_1,cvd_6,rsi_14,ema_ratio_9_21,bb_width,bb_position,dist_to_high_24,dist_to_low_24,range_1,range_avg_24,consec_balance,hour_sin,hour_cos,dow_sin,dow_cos"
465,SOLUSDT_high_vol,12,lgbm,False,2026-07-26 11:12:56.813422+00,,15m,high_vol,22,22,MATCH,,,,LEGACY_BINANCE_DIRECTION,era_code_482a6914_ret1_shift_minus1_plus_guard_hint_0968d065,next_15m_candle,8b42553a233dc77a11465099d9ac7861979478947c57ddc3f4eebee403a9ed74,401320,True,sklearn.calibration.CalibratedClassifierCV,True,1,,0.4864693902551142,,"ret_1,ret_3,ret_6,vol_6,vol_24,vol_z_1,taker_buy_ratio,cvd_1,cvd_6,rsi_14,ema_ratio_9_21,bb_width,bb_position,dist_to_high_24,dist_to_low_24,range_1,range_avg_24,consec_balance,hour_sin,hour_cos,dow_sin,dow_cos"
466,XRPUSDT_low_vol,12,lgbm,False,2026-07-26 11:13:18.409731+00,,15m,low_vol,22,22,MATCH,,,,LEGACY_BINANCE_DIRECTION,era_code_482a6914_ret1_shift_minus1_plus_guard_hint_0968d065,next_15m_candle,79e754fe401d874a186a3dc33380ef753dc62431932772d932037550998e0c91,385359,True,sklearn.calibration.CalibratedClassifierCV,True,1,,0.5608338845007894,,"ret_1,ret_3,ret_6,vol_6,vol_24,vol_z_1,taker_buy_ratio,cvd_1,cvd_6,rsi_14,ema_ratio_9_21,bb_width,bb_position,dist_to_high_24,dist_to_low_24,range_1,range_avg_24,consec_balance,hour_sin,hour_cos,dow_sin,dow_cos"
467,XRPUSDT_mid_vol,12,lgbm,False,2026-07-26 11:13:18.409731+00,,15m,mid_vol,22,22,MATCH,,,,LEGACY_BINANCE_DIRECTION,era_code_482a6914_ret1_shift_minus1_plus_guard_hint_0968d065,next_15m_candle,f36588d26236555cc3924ad556a2ed3780bbe46fa795d765aa6423f7f021ac2c,402296,True,sklearn.calibration.CalibratedClassifierCV,True,1,,0.4586295981992392,,"ret_1,ret_3,ret_6,vol_6,vol_24,vol_z_1,taker_buy_ratio,cvd_1,cvd_6,rsi_14,ema_ratio_9_21,bb_width,bb_position,dist_to_high_24,dist_to_low_24,range_1,range_avg_24,consec_balance,hour_sin,hour_cos,dow_sin,dow_cos"
468,XRPUSDT_high_vol,11,lgbm,False,2026-07-26 11:13:18.409731+00,,15m,high_vol,22,22,MATCH,,,,LEGACY_BINANCE_DIRECTION,era_code_482a6914_ret1_shift_minus1_plus_guard_hint_0968d065,next_15m_candle,ccf491eaacca4cf772b36c0c1de2a06475ec4ad1d1c0c96c78a9a9d85b24e013,364325,True,sklearn.calibration.CalibratedClassifierCV,True,1,,0.47596375775081856,,"ret_1,ret_3,ret_6,vol_6,vol_24,vol_z_1,taker_buy_ratio,cvd_1,cvd_6,rsi_14,ema_ratio_9_21,bb_width,bb_position,dist_to_high_24,dist_to_low_24,range_1,range_avg_24,consec_balance,hour_sin,hour_cos,dow_sin,dow_cos"
469,DOGEUSDT_low_vol,12,lgbm,False,2026-07-26 11:13:32.484455+00,,15m,low_vol,22,22,MATCH,,,,LEGACY_BINANCE_DIRECTION,era_code_482a6914_ret1_shift_minus1_plus_guard_hint_0968d065,next_15m_candle,f45b92aa9cb4fd21aa26bb5ef5f52766765218d58cd421ef08301aa0f2b38680,406058,True,sklearn.calibration.CalibratedClassifierCV,True,1,,0.49424433139154383,,"ret_1,ret_3,ret_6,vol_6,vol_24,vol_z_1,taker_buy_ratio,cvd_1,cvd_6,rsi_14,ema_ratio_9_21,bb_width,bb_position,dist_to_high_24,dist_to_low_24,range_1,range_avg_24,consec_balance,hour_sin,hour_cos,dow_sin,dow_cos"
470,DOGEUSDT_mid_vol,12,lgbm,False,2026-07-26 11:13:32.484455+00,,15m,mid_vol,22,22,MATCH,,,,LEGACY_BINANCE_DIRECTION,era_code_482a6914_ret1_shift_minus1_plus_guard_hint_0968d065,next_15m_candle,5e75a0f06606f1912e0674756f06b9fb525dadb4e51e428e27a4f70de69d1c69,353804,True,sklearn.calibration.CalibratedClassifierCV,True,1,,0.511068590124629,,"ret_1,ret_3,ret_6,vol_6,vol_24,vol_z_1,taker_buy_ratio,cvd_1,cvd_6,rsi_14,ema_ratio_9_21,bb_width,bb_position,dist_to_high_24,dist_to_low_24,range_1,range_avg_24,consec_balance,hour_sin,hour_cos,dow_sin,dow_cos"
471,DOGEUSDT_high_vol,11,lgbm,False,2026-07-26 11:13:32.484455+00,,15m,high_vol,22,22,MATCH,,,,LEGACY_BINANCE_DIRECTION,era_code_482a6914_ret1_shift_minus1_plus_guard_hint_0968d065,next_15m_candle,79af154db5a7156264e746d3fc6903a586887a0b7db3f2d3a804400fbcb9e578,432323,True,sklearn.calibration.CalibratedClassifierCV,True,1,,0.4625852430465808,,"ret_1,ret_3,ret_6,vol_6,vol_24,vol_z_1,taker_buy_ratio,cvd_1,cvd_6,rsi_14,ema_ratio_9_21,bb_width,bb_position,dist_to_high_24,dist_to_low_24,range_1,range_avg_24,consec_balance,hour_sin,hour_cos,dow_sin,dow_cos"
472,DOGE,28,logreg,False,2026-07-26 12:26:13.788402+00,,15m,,16,16,MATCH,,,,UNKNOWN_TARGET,no_manifest_no_era_proof,none,3110680151433427b900190208c25d255d93d45eaf3c3f51ec50861b80c9f15a,2375,True,sklearn.calibration.CalibratedClassifierCV,True,0,,0.7437811702580348,0f9c673ef7f89b5d1e68204d13e9ee03,"time_left_min,mid_price,spread,volume_5min,price_velocity,hour_of_day,day_of_week,price_distance_from_max,price_momentum,spread_trend,volume_trend,price_deviation,spread_pct,log_time_left,is_final_phase,high_price_final"
473,ETH,36,logreg,False,2026-07-26 12:40:49.805056+00,,15m,,16,16,MATCH,,,,UNKNOWN_TARGET,no_manifest_no_era_proof,none,cf7ff79d4a64020cab19e0935322b447a20db0472dc1913b176e19544d928f29,2375,True,sklearn.calibration.CalibratedClassifierCV,True,0,,0.7546554839102326,81ffda335992cb1596c5ec8d068705a8,"time_left_min,mid_price,spread,volume_5min,price_velocity,hour_of_day,day_of_week,price_distance_from_max,price_momentum,spread_trend,volume_trend,price_deviation,spread_pct,log_time_left,is_final_phase,high_price_final"
474,BTC,39,logreg,False,2026-07-26 14:42:27.825218+00,,15m,,16,16,MATCH,,,,UNKNOWN_TARGET,no_manifest_no_era_proof,none,c6363d9d9ca418d96823de9d433555f8976647ba2c95a162f175fe0e27cc9af6,2375,True,sklearn.calibration.CalibratedClassifierCV,True,0,,0.751328562534477,c87c4d75df0083e88d13a089ae7a8425,"time_left_min,mid_price,spread,volume_5min,price_velocity,hour_of_day,day_of_week,price_distance_from_max,price_momentum,spread_trend,volume_trend,price_deviation,spread_pct,log_time_left,is_final_phase,high_price_final"
475,ETH,37,logreg,False,2026-07-26 15:00:54.151023+00,,15m,,16,16,MATCH,,,,UNKNOWN_TARGET,no_manifest_no_era_proof,none,d77a78a3d8d14c1af44b8a85a6062550d244f7bd7c01b37c2a7b28b08b30397d,2375,True,sklearn.calibration.CalibratedClassifierCV,True,0,,0.7544565301822667,d70228726a2c8436ec5e21163d8cdea3,"time_left_min,mid_price,spread,volume_5min,price_velocity,hour_of_day,day_of_week,price_distance_from_max,price_momentum,spread_trend,volume_trend,price_deviation,spread_pct,log_time_left,is_final_phase,high_price_final"
476,BTCUSDT_low_vol,28,lgbm,False,2026-07-28 15:24:01.310323+00,,15m,low_vol,22,22,MATCH,,,,LEGACY_BINANCE_DIRECTION,era_code_482a6914_ret1_shift_minus1_plus_guard_hint_0968d065,next_15m_candle,e5ff1920b9fe822eab0f200c9a8038a5b919c804ed6a208abc35a5701be85ff8,385363,True,sklearn.calibration.CalibratedClassifierCV,True,1,,0.5011841107824639,,"ret_1,ret_3,ret_6,vol_6,vol_24,vol_z_1,taker_buy_ratio,cvd_1,cvd_6,rsi_14,ema_ratio_9_21,bb_width,bb_position,dist_to_high_24,dist_to_low_24,range_1,range_avg_24,consec_balance,hour_sin,hour_cos,dow_sin,dow_cos"
477,BTCUSDT_mid_vol,22,lgbm,False,2026-07-28 15:24:01.310323+00,2026-08-10 04:39:25.438081+00,15m,mid_vol,22,22,MATCH,,,,LEGACY_BINANCE_DIRECTION,era_code_482a6914_ret1_shift_minus1_plus_guard_hint_0968d065,next_15m_candle,6645570b71b73748045876b80ba00e645d177f3b77ab6c8693d18e38dbb5b881,388134,True,sklearn.calibration.CalibratedClassifierCV,True,1,,0.496775880427103,,"ret_1,ret_3,ret_6,vol_6,vol_24,vol_z_1,taker_buy_ratio,cvd_1,cvd_6,rsi_14,ema_ratio_9_21,bb_width,bb_position,dist_to_high_24,dist_to_low_24,range_1,range_avg_24,consec_balance,hour_sin,hour_cos,dow_sin,dow_cos"
478,BTCUSDT_high_vol,27,lgbm,False,2026-07-28 15:24:01.310323+00,,15m,high_vol,22,22,MATCH,,,,LEGACY_BINANCE_DIRECTION,era_code_482a6914_ret1_shift_minus1_plus_guard_hint_0968d065,next_15m_candle,657fc164a0468533784d39b3dc4a260ffae2d9fba65985d4d948394ca8f2aa0f,379718,True,sklearn.calibration.CalibratedClassifierCV,True,1,,0.49887579089097916,,"ret_1,ret_3,ret_6,vol_6,vol_24,vol_z_1,taker_buy_ratio,cvd_1,cvd_6,rsi_14,ema_ratio_9_21,bb_width,bb_position,dist_to_high_24,dist_to_low_24,range_1,range_avg_24,consec_balance,hour_sin,hour_cos,dow_sin,dow_cos"
479,ETHUSDT_low_vol,22,lgbm,False,2026-07-28 15:24:24.333881+00,,15m,low_vol,22,22,MATCH,,,,LEGACY_BINANCE_DIRECTION,era_code_482a6914_ret1_shift_minus1_plus_guard_hint_0968d065,next_15m_candle,9f4c2a3684f575ef93b1b8074b08d108d024bf8f509248a132467861541f2550,424538,True,sklearn.calibration.CalibratedClassifierCV,True,1,,0.4882344074913735,,"ret_1,ret_3,ret_6,vol_6,vol_24,vol_z_1,taker_buy_ratio,cvd_1,cvd_6,rsi_14,ema_ratio_9_21,bb_width,bb_position,dist_to_high_24,dist_to_low_24,range_1,range_avg_24,consec_balance,hour_sin,hour_cos,dow_sin,dow_cos"
480,ETHUSDT_mid_vol,16,lgbm,False,2026-07-28 15:24:24.333881+00,,15m,mid_vol,22,22,MATCH,,,,LEGACY_BINANCE_DIRECTION,era_code_482a6914_ret1_shift_minus1_plus_guard_hint_0968d065,next_15m_candle,5756bfcdfa7646c8441de9d1076edc9ff54db7b8b2beda3790d09d357052b62b,397053,True,sklearn.calibration.CalibratedClassifierCV,True,1,,0.48358713596147956,,"ret_1,ret_3,ret_6,vol_6,vol_24,vol_z_1,taker_buy_ratio,cvd_1,cvd_6,rsi_14,ema_ratio_9_21,bb_width,bb_position,dist_to_high_24,dist_to_low_24,range_1,range_avg_24,consec_balance,hour_sin,hour_cos,dow_sin,dow_cos"
481,ETHUSDT_high_vol,21,lgbm,False,2026-07-28 15:24:24.333881+00,,15m,high_vol,22,22,MATCH,,,t,LEGACY_BINANCE_DIRECTION,era_code_482a6914_ret1_shift_minus1_plus_guard_hint_0968d065,next_15m_candle,e264ee65765f668479b8df4938d8e5053ad38f2058fd8d12d76cabe9ea5fb562,412426,True,sklearn.calibration.CalibratedClassifierCV,True,1,,0.4992238171185539,,"ret_1,ret_3,ret_6,vol_6,vol_24,vol_z_1,taker_buy_ratio,cvd_1,cvd_6,rsi_14,ema_ratio_9_21,bb_width,bb_position,dist_to_high_24,dist_to_low_24,range_1,range_avg_24,consec_balance,hour_sin,hour_cos,dow_sin,dow_cos"
482,SOLUSDT_low_vol,14,lgbm,False,2026-07-28 15:24:47.072812+00,,15m,low_vol,22,22,MATCH,,,,LEGACY_BINANCE_DIRECTION,era_code_482a6914_ret1_shift_minus1_plus_guard_hint_0968d065,next_15m_candle,7fa246aa3c22782a3bdd210c0bac21e1e7c15dcabe64293f0159c7b891b165f1,405093,True,sklearn.calibration.CalibratedClassifierCV,True,1,,0.5334206454420867,,"ret_1,ret_3,ret_6,vol_6,vol_24,vol_z_1,taker_buy_ratio,cvd_1,cvd_6,rsi_14,ema_ratio_9_21,bb_width,bb_position,dist_to_high_24,dist_to_low_24,range_1,range_avg_24,consec_balance,hour_sin,hour_cos,dow_sin,dow_cos"
483,SOLUSDT_mid_vol,13,lgbm,False,2026-07-28 15:24:47.072812+00,,15m,mid_vol,22,22,MATCH,,,,LEGACY_BINANCE_DIRECTION,era_code_482a6914_ret1_shift_minus1_plus_guard_hint_0968d065,next_15m_candle,6e490beb5a2fc3260603a10f3883bd0f39ed575e3affb14fda0421a4034b7d16,394354,True,sklearn.calibration.CalibratedClassifierCV,True,1,,0.4589003128645072,,"ret_1,ret_3,ret_6,vol_6,vol_24,vol_z_1,taker_buy_ratio,cvd_1,cvd_6,rsi_14,ema_ratio_9_21,bb_width,bb_position,dist_to_high_24,dist_to_low_24,range_1,range_avg_24,consec_balance,hour_sin,hour_cos,dow_sin,dow_cos"
484,SOLUSDT_high_vol,13,lgbm,False,2026-07-28 15:24:47.072812+00,,15m,high_vol,22,22,MATCH,,,,LEGACY_BINANCE_DIRECTION,era_code_482a6914_ret1_shift_minus1_plus_guard_hint_0968d065,next_15m_candle,ad695d2c285204b33581b059c17b529ad1e8ad512840025e3ea830caae68be13,385622,True,sklearn.calibration.CalibratedClassifierCV,True,1,,0.49065591984322643,,"ret_1,ret_3,ret_6,vol_6,vol_24,vol_z_1,taker_buy_ratio,cvd_1,cvd_6,rsi_14,ema_ratio_9_21,bb_width,bb_position,dist_to_high_24,dist_to_low_24,range_1,range_avg_24,consec_balance,hour_sin,hour_cos,dow_sin,dow_cos"
485,XRPUSDT_low_vol,13,lgbm,False,2026-07-28 15:25:09.587828+00,,15m,low_vol,22,22,MATCH,,,,LEGACY_BINANCE_DIRECTION,era_code_482a6914_ret1_shift_minus1_plus_guard_hint_0968d065,next_15m_candle,d4f00d7f50b4b504927e7caf2d9abf770cd4593c4b0d462946a8f653cb41eca9,384175,True,sklearn.calibration.CalibratedClassifierCV,True,1,,0.5295067061006166,,"ret_1,ret_3,ret_6,vol_6,vol_24,vol_z_1,taker_buy_ratio,cvd_1,cvd_6,rsi_14,ema_ratio_9_21,bb_width,bb_position,dist_to_high_24,dist_to_low_24,range_1,range_avg_24,consec_balance,hour_sin,hour_cos,dow_sin,dow_cos"
486,XRPUSDT_mid_vol,13,lgbm,False,2026-07-28 15:25:09.587828+00,,15m,mid_vol,22,22,MATCH,,,,LEGACY_BINANCE_DIRECTION,era_code_482a6914_ret1_shift_minus1_plus_guard_hint_0968d065,next_15m_candle,7d1c40e3281bf61117f0b5c6738ca6424cfbad382a01dd6ab4a8c7ede0a30458,391993,True,sklearn.calibration.CalibratedClassifierCV,True,1,,0.5338731403680941,,"ret_1,ret_3,ret_6,vol_6,vol_24,vol_z_1,taker_buy_ratio,cvd_1,cvd_6,rsi_14,ema_ratio_9_21,bb_width,bb_position,dist_to_high_24,dist_to_low_24,range_1,range_avg_24,consec_balance,hour_sin,hour_cos,dow_sin,dow_cos"
487,XRPUSDT_high_vol,12,lgbm,False,2026-07-28 15:25:09.587828+00,,15m,high_vol,22,22,MATCH,,,,LEGACY_BINANCE_DIRECTION,era_code_482a6914_ret1_shift_minus1_plus_guard_hint_0968d065,next_15m_candle,5975311640d64a9c7c72cd93a5eb766bf26132a9074273c411f5ef95665ce38a,374495,True,sklearn.calibration.CalibratedClassifierCV,True,1,,0.4706616387581134,,"ret_1,ret_3,ret_6,vol_6,vol_24,vol_z_1,taker_buy_ratio,cvd_1,cvd_6,rsi_14,ema_ratio_9_21,bb_width,bb_position,dist_to_high_24,dist_to_low_24,range_1,range_avg_24,consec_balance,hour_sin,hour_cos,dow_sin,dow_cos"
488,DOGEUSDT_low_vol,13,lgbm,False,2026-07-28 15:25:40.070715+00,,15m,low_vol,22,22,MATCH,,,,LEGACY_BINANCE_DIRECTION,era_code_482a6914_ret1_shift_minus1_plus_guard_hint_0968d065,next_15m_candle,c054bf7b8dc7b90b1aa7c4df6dd1f717deb713415a99dcfcd9841de36ba881b4,414884,True,sklearn.calibration.CalibratedClassifierCV,True,1,,0.5448348111542037,,"ret_1,ret_3,ret_6,vol_6,vol_24,vol_z_1,taker_buy_ratio,cvd_1,cvd_6,rsi_14,ema_ratio_9_21,bb_width,bb_position,dist_to_high_24,dist_to_low_24,range_1,range_avg_24,consec_balance,hour_sin,hour_cos,dow_sin,dow_cos"
489,DOGEUSDT_mid_vol,13,lgbm,False,2026-07-28 15:25:40.070715+00,,15m,mid_vol,22,22,MATCH,,,t,LEGACY_BINANCE_DIRECTION,era_code_482a6914_ret1_shift_minus1_plus_guard_hint_0968d065,next_15m_candle,d80abacef54349e50e0a63e08a42b0f5ecc3117803bde37148e3f3ee836a238c,357670,True,sklearn.calibration.CalibratedClassifierCV,True,1,,0.5045019445114778,,"ret_1,ret_3,ret_6,vol_6,vol_24,vol_z_1,taker_buy_ratio,cvd_1,cvd_6,rsi_14,ema_ratio_9_21,bb_width,bb_position,dist_to_high_24,dist_to_low_24,range_1,range_avg_24,consec_balance,hour_sin,hour_cos,dow_sin,dow_cos"
490,DOGEUSDT_high_vol,12,lgbm,False,2026-07-28 15:25:40.070715+00,,15m,high_vol,22,22,MATCH,,,,LEGACY_BINANCE_DIRECTION,era_code_482a6914_ret1_shift_minus1_plus_guard_hint_0968d065,next_15m_candle,519745c096cd13efbdce3fb116fd681c108a15759d94506540ac42d0d70fc1ed,413405,True,sklearn.calibration.CalibratedClassifierCV,True,1,,0.5148761416077654,,"ret_1,ret_3,ret_6,vol_6,vol_24,vol_z_1,taker_buy_ratio,cvd_1,cvd_6,rsi_14,ema_ratio_9_21,bb_width,bb_position,dist_to_high_24,dist_to_low_24,range_1,range_avg_24,consec_balance,hour_sin,hour_cos,dow_sin,dow_cos"
491,SOL,28,logreg,False,2026-07-29 15:16:28.734554+00,,15m,,16,16,MATCH,,,,UNKNOWN_TARGET,no_manifest_no_era_proof,none,47fa6d30b2c498c1e3353afb1272cceb1130fff7a5777ec576cf401d09e9f52d,2375,True,sklearn.calibration.CalibratedClassifierCV,True,0,,0.7428490275851602,c9991d120588aad66c9a93441bda5997,"time_left_min,mid_price,spread,volume_5min,price_velocity,hour_of_day,day_of_week,price_distance_from_max,price_momentum,spread_trend,volume_trend,price_deviation,spread_pct,log_time_left,is_final_phase,high_price_final"
492,BTC,40,logreg,False,2026-07-30 06:23:35.908954+00,,15m,,16,16,MATCH,,,,UNKNOWN_TARGET,no_manifest_no_era_proof,none,e47cafc802471a2685dd0da9eef2da99b803538d79c0e909fb3d437708914eda,2375,True,sklearn.calibration.CalibratedClassifierCV,True,0,,0.7500597994613079,872a9b48e44a3fd2774fd51ff8d584e3,"time_left_min,mid_price,spread,volume_5min,price_velocity,hour_of_day,day_of_week,price_distance_from_max,price_momentum,spread_trend,volume_trend,price_deviation,spread_pct,log_time_left,is_final_phase,high_price_final"
493,SOL,29,logreg,False,2026-07-31 13:10:23.657581+00,,15m,,16,16,MATCH,,,,UNKNOWN_TARGET,no_manifest_no_era_proof,none,21465bdbdb896993f3f420dd154a9d3dcb61148ae7d8fa42c7676b7fbd06bf74,2375,True,sklearn.calibration.CalibratedClassifierCV,True,0,,0.7434031036706618,9dfb570df3af9db33136d03b1393f52e,"time_left_min,mid_price,spread,volume_5min,price_velocity,hour_of_day,day_of_week,price_distance_from_max,price_momentum,spread_trend,volume_trend,price_deviation,spread_pct,log_time_left,is_final_phase,high_price_final"
494,SOLUSDT_low_vol,15,lgbm,False,2026-07-31 13:23:45.947349+00,,15m,low_vol,22,22,MATCH,,,,LEGACY_BINANCE_DIRECTION,era_code_482a6914_ret1_shift_minus1_plus_guard_hint_0968d065,next_15m_candle,27cbb5cff0cd2de6c36ca8fde26a4b260f5e1b3f0db0439c8802857862be34c4,440382,True,sklearn.calibration.CalibratedClassifierCV,True,1,,0.5469459095871635,,"ret_1,ret_3,ret_6,vol_6,vol_24,vol_z_1,taker_buy_ratio,cvd_1,cvd_6,rsi_14,ema_ratio_9_21,bb_width,bb_position,dist_to_high_24,dist_to_low_24,range_1,range_avg_24,consec_balance,hour_sin,hour_cos,dow_sin,dow_cos"
495,SOLUSDT_mid_vol,14,lgbm,False,2026-07-31 13:23:45.947349+00,,15m,mid_vol,22,22,MATCH,,,,LEGACY_BINANCE_DIRECTION,era_code_482a6914_ret1_shift_minus1_plus_guard_hint_0968d065,next_15m_candle,627112034b37214cbaaf53a64ea43fa1c86ea3839b239749f7214d5c153c0c4b,391208,True,sklearn.calibration.CalibratedClassifierCV,True,1,,0.4559279136755917,,"ret_1,ret_3,ret_6,vol_6,vol_24,vol_z_1,taker_buy_ratio,cvd_1,cvd_6,rsi_14,ema_ratio_9_21,bb_width,bb_position,dist_to_high_24,dist_to_low_24,range_1,range_avg_24,consec_balance,hour_sin,hour_cos,dow_sin,dow_cos"
496,SOLUSDT_high_vol,14,lgbm,False,2026-07-31 13:23:45.947349+00,,15m,high_vol,22,22,MATCH,,,,LEGACY_BINANCE_DIRECTION,era_code_482a6914_ret1_shift_minus1_plus_guard_hint_0968d065,next_15m_candle,f8ada8da50fe70f12eb09d732794c7ab146110a0564d866dd50c6d3e5cdbd496,363946,True,sklearn.calibration.CalibratedClassifierCV,True,1,,0.5210904307934103,,"ret_1,ret_3,ret_6,vol_6,vol_24,vol_z_1,taker_buy_ratio,cvd_1,cvd_6,rsi_14,ema_ratio_9_21,bb_width,bb_position,dist_to_high_24,dist_to_low_24,range_1,range_avg_24,consec_balance,hour_sin,hour_cos,dow_sin,dow_cos"
497,ETH,38,logreg,False,2026-08-01 14:00:52.44792+00,,15m,,16,16,MATCH,,,,UNKNOWN_TARGET,no_manifest_no_era_proof,none,dc937fb7ef82ef73a2337ad82a3019b43a86fb545688f4979c14b0c30efcef6d,2375,True,sklearn.calibration.CalibratedClassifierCV,True,0,,0.7529215774336442,a590a8580b1273899ca19bcc86c326e2,"time_left_min,mid_price,spread,volume_5min,price_velocity,hour_of_day,day_of_week,price_distance_from_max,price_momentum,spread_trend,volume_trend,price_deviation,spread_pct,log_time_left,is_final_phase,high_price_final"
498,DOGEUSDT_low_vol,14,lgbm,False,2026-08-02 03:28:03.752391+00,2026-08-03 12:37:27.337634+00,15m,low_vol,22,22,MATCH,,,,LEGACY_BINANCE_DIRECTION,era_code_482a6914_ret1_shift_minus1_plus_guard_hint_0968d065,next_15m_candle,6aa79dd0a08d6bffa566bb6966e32eaefe5315dd8f0852a6a0520b30a0f4f7b6,401685,True,sklearn.calibration.CalibratedClassifierCV,True,1,,0.5026590737126081,,"ret_1,ret_3,ret_6,vol_6,vol_24,vol_z_1,taker_buy_ratio,cvd_1,cvd_6,rsi_14,ema_ratio_9_21,bb_width,bb_position,dist_to_high_24,dist_to_low_24,range_1,range_avg_24,consec_balance,hour_sin,hour_cos,dow_sin,dow_cos"
499,DOGEUSDT_mid_vol,14,lgbm,False,2026-08-02 03:28:03.752391+00,2026-08-03 12:37:35.811754+00,15m,mid_vol,22,22,MATCH,,,,LEGACY_BINANCE_DIRECTION,era_code_482a6914_ret1_shift_minus1_plus_guard_hint_0968d065,next_15m_candle,5f8d392f0ed83d820cea157dbd76b4f88077bd6c10e11222c0372e46df090dcb,387050,True,sklearn.calibration.CalibratedClassifierCV,True,1,,0.4931936090623699,,"ret_1,ret_3,ret_6,vol_6,vol_24,vol_z_1,taker_buy_ratio,cvd_1,cvd_6,rsi_14,ema_ratio_9_21,bb_width,bb_position,dist_to_high_24,dist_to_low_24,range_1,range_avg_24,consec_balance,hour_sin,hour_cos,dow_sin,dow_cos"
500,DOGEUSDT_high_vol,13,lgbm,False,2026-08-02 03:28:03.752391+00,2026-08-03 12:37:44.057977+00,15m,high_vol,22,22,MATCH,,,,LEGACY_BINANCE_DIRECTION,era_code_482a6914_ret1_shift_minus1_plus_guard_hint_0968d065,next_15m_candle,2cddcbef2cbb59d906316c7539d43339a5d7aa807c8ad65465f7ca74e871f779,407585,True,sklearn.calibration.CalibratedClassifierCV,True,1,,0.5239292829163185,,"ret_1,ret_3,ret_6,vol_6,vol_24,vol_z_1,taker_buy_ratio,cvd_1,cvd_6,rsi_14,ema_ratio_9_21,bb_width,bb_position,dist_to_high_24,dist_to_low_24,range_1,range_avg_24,consec_balance,hour_sin,hour_cos,dow_sin,dow_cos"
501,BTC,41,logreg,False,2026-08-02 16:00:19.159242+00,,15m,,16,16,MATCH,,,,UNKNOWN_TARGET,no_manifest_no_era_proof,none,4a53ea41873f849dfde32cec5a2101813dc28485fb277dd4d4c808e641066964,2375,True,sklearn.calibration.CalibratedClassifierCV,True,0,,0.7504928808258586,1ca78c5adceebaebe25df28587ac45c6,"time_left_min,mid_price,spread,volume_5min,price_velocity,hour_of_day,day_of_week,price_distance_from_max,price_momentum,spread_trend,volume_trend,price_deviation,spread_pct,log_time_left,is_final_phase,high_price_final"
502,BTCUSDT_low_vol,29,lgbm,False,2026-08-03 09:01:00.182583+00,2026-08-03 12:37:14.569971+00,15m,low_vol,22,22,MATCH,0.5272495576405531,,,LEGACY_BINANCE_DIRECTION,era_code_482a6914_ret1_shift_minus1_plus_guard_hint_0968d065,next_15m_candle,46490d9fb4ac8bb5733f5a50b8ee6f21a3e872de617af03ce98dbfd8bde11def,386072,True,sklearn.calibration.CalibratedClassifierCV,True,1,,0.4769640592109569,,"ret_1,ret_3,ret_6,vol_6,vol_24,vol_z_1,taker_buy_ratio,cvd_1,cvd_6,rsi_14,ema_ratio_9_21,bb_width,bb_position,dist_to_high_24,dist_to_low_24,range_1,range_avg_24,consec_balance,hour_sin,hour_cos,dow_sin,dow_cos"
503,BTCUSDT_mid_vol,23,lgbm,False,2026-08-03 09:01:00.182583+00,,15m,mid_vol,22,22,MATCH,0.5214560743091241,,t,LEGACY_BINANCE_DIRECTION,era_code_482a6914_ret1_shift_minus1_plus_guard_hint_0968d065,next_15m_candle,8cf4eeb5d440dd97668a3da15d5454e8bf60f2f41eec7b2a4a98fc03f7e5e6af,395340,True,sklearn.calibration.CalibratedClassifierCV,True,1,,0.5039554481910676,,"ret_1,ret_3,ret_6,vol_6,vol_24,vol_z_1,taker_buy_ratio,cvd_1,cvd_6,rsi_14,ema_ratio_9_21,bb_width,bb_position,dist_to_high_24,dist_to_low_24,range_1,range_avg_24,consec_balance,hour_sin,hour_cos,dow_sin,dow_cos"
504,BTCUSDT_high_vol,28,lgbm,False,2026-08-03 09:01:00.182583+00,2026-08-03 12:14:57.852508+00,15m,high_vol,22,22,MATCH,0.45,,,LEGACY_BINANCE_DIRECTION,era_code_482a6914_ret1_shift_minus1_plus_guard_hint_0968d065,next_15m_candle,3efed4ab83047b5fa5176604676ac56304ff9c79aa64344c88fc02f812f207a4,383224,True,sklearn.calibration.CalibratedClassifierCV,True,1,,0.4965581817115711,,"ret_1,ret_3,ret_6,vol_6,vol_24,vol_z_1,taker_buy_ratio,cvd_1,cvd_6,rsi_14,ema_ratio_9_21,bb_width,bb_position,dist_to_high_24,dist_to_low_24,range_1,range_avg_24,consec_balance,hour_sin,hour_cos,dow_sin,dow_cos"
505,SOLUSDT_low_vol,16,lgbm,False,2026-08-03 09:01:59.699766+00,2026-08-10 04:39:55.752777+00,15m,low_vol,22,22,MATCH,0.65,,,LEGACY_BINANCE_DIRECTION,era_code_482a6914_ret1_shift_minus1_plus_guard_hint_0968d065,next_15m_candle,5606b988c6d8e579e12c5267778cd99cc3987e023f38c78d4a752025258582bf,424730,True,sklearn.calibration.CalibratedClassifierCV,True,1,,0.5302395310553205,,"ret_1,ret_3,ret_6,vol_6,vol_24,vol_z_1,taker_buy_ratio,cvd_1,cvd_6,rsi_14,ema_ratio_9_21,bb_width,bb_position,dist_to_high_24,dist_to_low_24,range_1,range_avg_24,consec_balance,hour_sin,hour_cos,dow_sin,dow_cos"
506,SOLUSDT_mid_vol,15,lgbm,False,2026-08-03 09:01:59.699766+00,,15m,mid_vol,22,22,MATCH,0.45,,,LEGACY_BINANCE_DIRECTION,era_code_482a6914_ret1_shift_minus1_plus_guard_hint_0968d065,next_15m_candle,13fd32197059c4332110260007f20bf8c4e8601958b1d111f61abc0a81224ce3,406426,True,sklearn.calibration.CalibratedClassifierCV,True,1,,0.4808817490772815,,"ret_1,ret_3,ret_6,vol_6,vol_24,vol_z_1,taker_buy_ratio,cvd_1,cvd_6,rsi_14,ema_ratio_9_21,bb_width,bb_position,dist_to_high_24,dist_to_low_24,range_1,range_avg_24,consec_balance,hour_sin,hour_cos,dow_sin,dow_cos"
507,SOLUSDT_high_vol,15,lgbm,False,2026-08-03 09:01:59.699766+00,,15m,high_vol,22,22,MATCH,0.55,,,LEGACY_BINANCE_DIRECTION,era_code_482a6914_ret1_shift_minus1_plus_guard_hint_0968d065,next_15m_candle,e1c732baedfd2ad4938d76554fd5066f67766f0d8335eed244a291d5868fe20c,386577,True,sklearn.calibration.CalibratedClassifierCV,True,1,,0.502996314997539,,"ret_1,ret_3,ret_6,vol_6,vol_24,vol_z_1,taker_buy_ratio,cvd_1,cvd_6,rsi_14,ema_ratio_9_21,bb_width,bb_position,dist_to_high_24,dist_to_low_24,range_1,range_avg_24,consec_balance,hour_sin,hour_cos,dow_sin,dow_cos"
508,ETHUSDT_low_vol,23,lgbm,False,2026-08-03 09:38:44.583322+00,2026-08-03 12:35:27.810228+00,15m,low_vol,22,22,MATCH,0.65,,,LEGACY_BINANCE_DIRECTION,era_code_482a6914_ret1_shift_minus1_plus_guard_hint_0968d065,next_15m_candle,90f0b735e0de5ba2c8c0ed0111b1b8da8396cc9a1fc755e81a4bd68cebae3794,429920,True,sklearn.calibration.CalibratedClassifierCV,True,1,,0.5370369472067266,,"ret_1,ret_3,ret_6,vol_6,vol_24,vol_z_1,taker_buy_ratio,cvd_1,cvd_6,rsi_14,ema_ratio_9_21,bb_width,bb_position,dist_to_high_24,dist_to_low_24,range_1,range_avg_24,consec_balance,hour_sin,hour_cos,dow_sin,dow_cos"
509,ETHUSDT_mid_vol,17,lgbm,False,2026-08-03 09:38:44.583322+00,,15m,mid_vol,22,22,MATCH,0.65,,,LEGACY_BINANCE_DIRECTION,era_code_482a6914_ret1_shift_minus1_plus_guard_hint_0968d065,next_15m_candle,113fa89aad782a0066fe0b6c7c461e96c37e7f5bf56e84bdef95f54feb22bf4f,399476,True,sklearn.calibration.CalibratedClassifierCV,True,1,,0.5084843984843985,,"ret_1,ret_3,ret_6,vol_6,vol_24,vol_z_1,taker_buy_ratio,cvd_1,cvd_6,rsi_14,ema_ratio_9_21,bb_width,bb_position,dist_to_high_24,dist_to_low_24,range_1,range_avg_24,consec_balance,hour_sin,hour_cos,dow_sin,dow_cos"
510,ETHUSDT_high_vol,22,lgbm,False,2026-08-03 09:38:44.583322+00,,15m,high_vol,22,22,MATCH,0.5576793320383943,,,LEGACY_BINANCE_DIRECTION,era_code_482a6914_ret1_shift_minus1_plus_guard_hint_0968d065,next_15m_candle,73def6659d4cb349c9d7b4c373560cf95f36d827d6768746c7b71794aa2120a3,407890,True,sklearn.calibration.CalibratedClassifierCV,True,1,,0.527902909175139,,"ret_1,ret_3,ret_6,vol_6,vol_24,vol_z_1,taker_buy_ratio,cvd_1,cvd_6,rsi_14,ema_ratio_9_21,bb_width,bb_position,dist_to_high_24,dist_to_low_24,range_1,range_avg_24,consec_balance,hour_sin,hour_cos,dow_sin,dow_cos"
511,XRPUSDT_low_vol,14,lgbm,False,2026-08-03 09:41:57.091904+00,,15m,low_vol,22,22,MATCH,0.65,,t,LEGACY_BINANCE_DIRECTION,era_code_482a6914_ret1_shift_minus1_plus_guard_hint_0968d065,next_15m_candle,f3f9b576d42d6d258098e5ceadfca7972507f011b604c5b67684f8957e7e6c3b,387805,True,sklearn.calibration.CalibratedClassifierCV,True,1,,0.5041679901245117,,"ret_1,ret_3,ret_6,vol_6,vol_24,vol_z_1,taker_buy_ratio,cvd_1,cvd_6,rsi_14,ema_ratio_9_21,bb_width,bb_position,dist_to_high_24,dist_to_low_24,range_1,range_avg_24,consec_balance,hour_sin,hour_cos,dow_sin,dow_cos"
512,XRPUSDT_mid_vol,14,lgbm,False,2026-08-03 09:41:57.091904+00,,15m,mid_vol,22,22,MATCH,0.65,,t,LEGACY_BINANCE_DIRECTION,era_code_482a6914_ret1_shift_minus1_plus_guard_hint_0968d065,next_15m_candle,8cd30f06eb3734d1c18b1a4a2ef92ce477c1cda8159dab5555b8bb66daf51d02,394261,True,sklearn.calibration.CalibratedClassifierCV,True,1,,0.5169109405348695,,"ret_1,ret_3,ret_6,vol_6,vol_24,vol_z_1,taker_buy_ratio,cvd_1,cvd_6,rsi_14,ema_ratio_9_21,bb_width,bb_position,dist_to_high_24,dist_to_low_24,range_1,range_avg_24,consec_balance,hour_sin,hour_cos,dow_sin,dow_cos"
513,XRPUSDT_high_vol,13,lgbm,False,2026-08-03 09:41:57.091904+00,,15m,high_vol,22,22,MATCH,0.55,,,LEGACY_BINANCE_DIRECTION,era_code_482a6914_ret1_shift_minus1_plus_guard_hint_0968d065,next_15m_candle,9ea3c4d1e90ec2f5d947076b4f7ee70573ea2f05264244aa74f48f860002bfb2,375067,True,sklearn.calibration.CalibratedClassifierCV,True,1,,0.5103927786759523,,"ret_1,ret_3,ret_6,vol_6,vol_24,vol_z_1,taker_buy_ratio,cvd_1,cvd_6,rsi_14,ema_ratio_9_21,bb_width,bb_position,dist_to_high_24,dist_to_low_24,range_1,range_avg_24,consec_balance,hour_sin,hour_cos,dow_sin,dow_cos"
514,XRPUSDT_low_vol,15,lgbm,False,2026-08-03 10:10:58.686237+00,,15m,low_vol,22,22,MATCH,0.65,,,LEGACY_BINANCE_DIRECTION,era_code_482a6914_ret1_shift_minus1_plus_guard_hint_0968d065,next_15m_candle,f3f9b576d42d6d258098e5ceadfca7972507f011b604c5b67684f8957e7e6c3b,387805,True,sklearn.calibration.CalibratedClassifierCV,True,1,,0.5041679901245117,,"ret_1,ret_3,ret_6,vol_6,vol_24,vol_z_1,taker_buy_ratio,cvd_1,cvd_6,rsi_14,ema_ratio_9_21,bb_width,bb_position,dist_to_high_24,dist_to_low_24,range_1,range_avg_24,consec_balance,hour_sin,hour_cos,dow_sin,dow_cos"
515,XRPUSDT_mid_vol,15,lgbm,False,2026-08-03 10:10:58.686237+00,,15m,mid_vol,22,22,MATCH,0.65,,,LEGACY_BINANCE_DIRECTION,era_code_482a6914_ret1_shift_minus1_plus_guard_hint_0968d065,next_15m_candle,8cd30f06eb3734d1c18b1a4a2ef92ce477c1cda8159dab5555b8bb66daf51d02,394261,True,sklearn.calibration.CalibratedClassifierCV,True,1,,0.5169109405348695,,"ret_1,ret_3,ret_6,vol_6,vol_24,vol_z_1,taker_buy_ratio,cvd_1,cvd_6,rsi_14,ema_ratio_9_21,bb_width,bb_position,dist_to_high_24,dist_to_low_24,range_1,range_avg_24,consec_balance,hour_sin,hour_cos,dow_sin,dow_cos"
516,XRPUSDT_high_vol,14,lgbm,False,2026-08-03 10:10:58.686237+00,2026-08-03 12:34:49.592419+00,15m,high_vol,22,22,MATCH,0.55,,,LEGACY_BINANCE_DIRECTION,era_code_482a6914_ret1_shift_minus1_plus_guard_hint_0968d065,next_15m_candle,0276b3aa56e19fc763e3f9556629f05e7e8a02d0516fca3bcfede9bf0195122e,375067,True,sklearn.calibration.CalibratedClassifierCV,True,1,,0.5081303352370383,,"ret_1,ret_3,ret_6,vol_6,vol_24,vol_z_1,taker_buy_ratio,cvd_1,cvd_6,rsi_14,ema_ratio_9_21,bb_width,bb_position,dist_to_high_24,dist_to_low_24,range_1,range_avg_24,consec_balance,hour_sin,hour_cos,dow_sin,dow_cos"
517,BTCUSDT_low_vol,30,lgbm,False,2026-08-03 16:44:41.096244+00,,15m,low_vol,22,22,MATCH,0.5517761495875468,0.4058703557550246,f,LEGACY_BINANCE_DIRECTION,era_code_482a6914_ret1_shift_minus1_plus_guard_hint_0968d065,next_15m_candle,6565976d08cb366925dc5e5308f1d8f83c5dc3317fc03fd7b75b807c0c586313,373196,True,sklearn.calibration.CalibratedClassifierCV,True,1,,0.49433464410386996,,"ret_1,ret_3,ret_6,vol_6,vol_24,vol_z_1,taker_buy_ratio,cvd_1,cvd_6,rsi_14,ema_ratio_9_21,bb_width,bb_position,dist_to_high_24,dist_to_low_24,range_1,range_avg_24,consec_balance,hour_sin,hour_cos,dow_sin,dow_cos"
518,BTCUSDT_mid_vol,24,lgbm,False,2026-08-03 16:44:41.096244+00,2026-08-03 16:44:41.096244+00,15m,mid_vol,22,22,MATCH,0.6159329062046585,0.6651498233440067,f,LEGACY_BINANCE_DIRECTION,era_code_482a6914_ret1_shift_minus1_plus_guard_hint_0968d065,next_15m_candle,fc1b894c95af679c4b4e16f4dac935f8d32271cf4c87ecd7ff37e8cf7956a754,388463,True,sklearn.calibration.CalibratedClassifierCV,True,1,,0.5030680984884716,,"ret_1,ret_3,ret_6,vol_6,vol_24,vol_z_1,taker_buy_ratio,cvd_1,cvd_6,rsi_14,ema_ratio_9_21,bb_width,bb_position,dist_to_high_24,dist_to_low_24,range_1,range_avg_24,consec_balance,hour_sin,hour_cos,dow_sin,dow_cos"
519,BTCUSDT_high_vol,29,lgbm,False,2026-08-03 16:44:41.096244+00,,15m,high_vol,22,22,MATCH,0.45,0.5200911528350352,f,LEGACY_BINANCE_DIRECTION,era_code_482a6914_ret1_shift_minus1_plus_guard_hint_0968d065,next_15m_candle,ff8e12b8756cb30a02d19fce9d468600322ac59c09cb2aded2bed2e0356e16d0,394271,True,sklearn.calibration.CalibratedClassifierCV,True,1,,0.5035419782679753,,"ret_1,ret_3,ret_6,vol_6,vol_24,vol_z_1,taker_buy_ratio,cvd_1,cvd_6,rsi_14,ema_ratio_9_21,bb_width,bb_position,dist_to_high_24,dist_to_low_24,range_1,range_avg_24,consec_balance,hour_sin,hour_cos,dow_sin,dow_cos"
520,SOLUSDT_low_vol,17,lgbm,False,2026-08-03 16:47:29.150496+00,,15m,low_vol,22,22,MATCH,0.65,0.4865915517688475,f,LEGACY_BINANCE_DIRECTION,era_code_482a6914_ret1_shift_minus1_plus_guard_hint_0968d065,next_15m_candle,e42c56e110738f5f8f1d7121bd80d991e4a601b161531d670a7ffb1b68c57e87,438437,True,sklearn.calibration.CalibratedClassifierCV,True,1,,0.5317233983620537,,"ret_1,ret_3,ret_6,vol_6,vol_24,vol_z_1,taker_buy_ratio,cvd_1,cvd_6,rsi_14,ema_ratio_9_21,bb_width,bb_position,dist_to_high_24,dist_to_low_24,range_1,range_avg_24,consec_balance,hour_sin,hour_cos,dow_sin,dow_cos"
522,SOLUSDT_high_vol,16,lgbm,False,2026-08-03 16:47:29.150496+00,2026-08-03 16:51:28.850929+00,15m,high_vol,22,22,MATCH,0.65,0.6437824477229195,f,LEGACY_BINANCE_DIRECTION,era_code_482a6914_ret1_shift_minus1_plus_guard_hint_0968d065,next_15m_candle,c88bb9963dca7c15b2162231f3e50518fd34ecae59c34b911a912e425ed02b64,364522,True,sklearn.calibration.CalibratedClassifierCV,True,1,,0.4671874334657832,,"ret_1,ret_3,ret_6,vol_6,vol_24,vol_z_1,taker_buy_ratio,cvd_1,cvd_6,rsi_14,ema_ratio_9_21,bb_width,bb_position,dist_to_high_24,dist_to_low_24,range_1,range_avg_24,consec_balance,hour_sin,hour_cos,dow_sin,dow_cos"
523,ETHUSDT_low_vol,24,lgbm,False,2026-08-03 16:52:35.100409+00,2026-08-09 08:03:36.927346+00,15m,low_vol,22,22,MATCH,0.6253900673450962,0.5334650723823791,f,LEGACY_BINANCE_DIRECTION,era_code_482a6914_ret1_shift_minus1_plus_guard_hint_0968d065,next_15m_candle,715c2058ca5646924aaf33acf949d12531e6e896cbaceb6edc39cc1614995818,416065,True,sklearn.calibration.CalibratedClassifierCV,True,1,,0.5135607185401291,,"ret_1,ret_3,ret_6,vol_6,vol_24,vol_z_1,taker_buy_ratio,cvd_1,cvd_6,rsi_14,ema_ratio_9_21,bb_width,bb_position,dist_to_high_24,dist_to_low_24,range_1,range_avg_24,consec_balance,hour_sin,hour_cos,dow_sin,dow_cos"
524,ETHUSDT_mid_vol,18,lgbm,False,2026-08-03 16:52:35.100409+00,2026-08-03 16:59:29.028722+00,15m,mid_vol,22,22,MATCH,0.65,0.5472280856747356,f,LEGACY_BINANCE_DIRECTION,era_code_482a6914_ret1_shift_minus1_plus_guard_hint_0968d065,next_15m_candle,82bac155ce10321884345689ec13c82dabb26c3f05b22f977162f0e68809a3fe,402273,True,sklearn.calibration.CalibratedClassifierCV,True,1,,0.47528798394006466,,"ret_1,ret_3,ret_6,vol_6,vol_24,vol_z_1,taker_buy_ratio,cvd_1,cvd_6,rsi_14,ema_ratio_9_21,bb_width,bb_position,dist_to_high_24,dist_to_low_24,range_1,range_avg_24,consec_balance,hour_sin,hour_cos,dow_sin,dow_cos"
525,ETHUSDT_high_vol,23,lgbm,False,2026-08-03 16:52:35.100409+00,,15m,high_vol,22,22,MATCH,0.4974825052824072,0.584715878598403,f,LEGACY_BINANCE_DIRECTION,era_code_482a6914_ret1_shift_minus1_plus_guard_hint_0968d065,next_15m_candle,ac876349f4ff763e1c2bb6bbf6b284f27015d01d58deee3501aa2c925d8cc624,406559,True,sklearn.calibration.CalibratedClassifierCV,True,1,,0.5519029943146498,,"ret_1,ret_3,ret_6,vol_6,vol_24,vol_z_1,taker_buy_ratio,cvd_1,cvd_6,rsi_14,ema_ratio_9_21,bb_width,bb_position,dist_to_high_24,dist_to_low_24,range_1,range_avg_24,consec_balance,hour_sin,hour_cos,dow_sin,dow_cos"
526,DOGE,29,logreg,False,2026-08-03 17:21:12.288353+00,,15m,,16,16,MATCH,,,,UNKNOWN_TARGET,no_manifest_no_era_proof,none,dddd46e9589ca5e784092626461d5ed3d9bf3684ab38a69f59dc75ad56c8b93a,2358,True,sklearn.calibration.CalibratedClassifierCV,True,0,,0.738819993674474,a6fdbfc7de223f9ba72cc52726094743,"time_left_min,mid_price,spread,volume_5min,price_velocity,hour_of_day,day_of_week,price_distance_from_max,price_momentum,spread_trend,volume_trend,price_deviation,spread_pct,log_time_left,is_final_phase,high_price_final"
527,DOGE_leaning,9,logreg,False,2026-08-03 17:22:21.556013+00,,15m,,16,16,MATCH,,,,UNKNOWN_TARGET,no_manifest_no_era_proof,none,e239755e17d05fd14f032aebc08abbd05b6f7547410f6e4bd0354a3d382484a7,2358,True,sklearn.calibration.CalibratedClassifierCV,True,0,,0.5546226523477923,,"time_left_min,mid_price,spread,volume_5min,price_velocity,hour_of_day,day_of_week,price_distance_from_max,price_momentum,spread_trend,volume_trend,price_deviation,spread_pct,log_time_left,is_final_phase,high_price_final"
528,DOGE_decided,9,logreg,False,2026-08-03 17:25:03.545536+00,,15m,,16,16,MATCH,,,,UNKNOWN_TARGET,no_manifest_no_era_proof,none,a677a6733abdca7de6c2999e6d7630f6bb71af13a6b8bb4120a343d5fcba218f,2358,True,sklearn.calibration.CalibratedClassifierCV,True,0,,0.7439535743752443,,"time_left_min,mid_price,spread,volume_5min,price_velocity,hour_of_day,day_of_week,price_distance_from_max,price_momentum,spread_trend,volume_trend,price_deviation,spread_pct,log_time_left,is_final_phase,high_price_final"
529,BTC,42,logreg,False,2026-08-04 11:58:58.92344+00,,15m,,16,16,MATCH,,,,UNKNOWN_TARGET,no_manifest_no_era_proof,none,0e27dacc71bce3eba58343a759c1fc6c6715bf0e67c045950399b54fe36a4464,2424,True,sklearn.calibration.CalibratedClassifierCV,True,0,,0.7500509544766472,c3b2bde672b969cc239581f501bef7ee,"time_left_min,mid_price,spread,volume_5min,price_velocity,hour_of_day,day_of_week,price_distance_from_max,price_momentum,spread_trend,volume_trend,price_deviation,spread_pct,log_time_left,is_final_phase,high_price_final"
530,BTC_leaning,4,logreg,False,2026-08-04 12:01:55.645772+00,,15m,,16,16,MATCH,,,,UNKNOWN_TARGET,no_manifest_no_era_proof,none,1ecc82a325e6eb48d4e7b12b7136e8e7dfc232fdf8960f7ef942a5bc4874b9fc,2424,True,sklearn.calibration.CalibratedClassifierCV,True,0,,0.5465007054383635,,"time_left_min,mid_price,spread,volume_5min,price_velocity,hour_of_day,day_of_week,price_distance_from_max,price_momentum,spread_trend,volume_trend,price_deviation,spread_pct,log_time_left,is_final_phase,high_price_final"
531,BTC_decided,8,logreg,False,2026-08-04 12:11:27.676595+00,,15m,,16,16,MATCH,,,,UNKNOWN_TARGET,no_manifest_no_era_proof,none,3d671123ed3385894874635d91106bc8fda189492ee38143f5bfcb51d25e8845,2424,True,sklearn.calibration.CalibratedClassifierCV,True,0,,0.7498980874248111,,"time_left_min,mid_price,spread,volume_5min,price_velocity,hour_of_day,day_of_week,price_distance_from_max,price_momentum,spread_trend,volume_trend,price_deviation,spread_pct,log_time_left,is_final_phase,high_price_final"
532,SOL,30,logreg,False,2026-08-04 13:04:24.452442+00,,15m,,16,16,MATCH,,,,UNKNOWN_TARGET,no_manifest_no_era_proof,none,f1e66b62338393303e6509d0ea7c3ae3ddfa3d053122b77ffbe481c85bf51155,2424,True,sklearn.calibration.CalibratedClassifierCV,True,0,,0.7448235158775305,8be091cb8977eb3cb639229fc502205a,"time_left_min,mid_price,spread,volume_5min,price_velocity,hour_of_day,day_of_week,price_distance_from_max,price_momentum,spread_trend,volume_trend,price_deviation,spread_pct,log_time_left,is_final_phase,high_price_final"
533,SOL_leaning,8,logreg,False,2026-08-04 13:10:47.425669+00,,15m,,16,16,MATCH,,,,UNKNOWN_TARGET,no_manifest_no_era_proof,none,13be4cad6a875f47e07d63a0377c8bc5b80ebbf5fc6658951a2182804d70ff20,2424,True,sklearn.calibration.CalibratedClassifierCV,True,0,,0.5571938087122282,,"time_left_min,mid_price,spread,volume_5min,price_velocity,hour_of_day,day_of_week,price_distance_from_max,price_momentum,spread_trend,volume_trend,price_deviation,spread_pct,log_time_left,is_final_phase,high_price_final"
534,SOL_decided,9,logreg,False,2026-08-04 13:16:32.702241+00,,15m,,16,16,MATCH,,,,UNKNOWN_TARGET,no_manifest_no_era_proof,none,d5f6cd746e1b15207c12210b3a36e51524e1f862cf584377bc8bc2d79d53b257,2424,True,sklearn.calibration.CalibratedClassifierCV,True,0,,0.7508688578906879,,"time_left_min,mid_price,spread,volume_5min,price_velocity,hour_of_day,day_of_week,price_distance_from_max,price_momentum,spread_trend,volume_trend,price_deviation,spread_pct,log_time_left,is_final_phase,high_price_final"
535,ETH,39,logreg,False,2026-08-04 13:29:58.672594+00,,15m,,16,16,MATCH,,,,UNKNOWN_TARGET,no_manifest_no_era_proof,none,51cbb7ec4551c0f504b41c017f53ccf514170533b72150599f128dea604d0341,2424,True,sklearn.calibration.CalibratedClassifierCV,True,0,,0.752873737549222,8ccee6f59bfcd348958cbaffa1b3c025,"time_left_min,mid_price,spread,volume_5min,price_velocity,hour_of_day,day_of_week,price_distance_from_max,price_momentum,spread_trend,volume_trend,price_deviation,spread_pct,log_time_left,is_final_phase,high_price_final"
536,ETH_leaning,5,logreg,False,2026-08-04 13:33:34.660765+00,,15m,,16,16,MATCH,,,,UNKNOWN_TARGET,no_manifest_no_era_proof,none,292514a470bb7e4b884867e5c3e50f3627f35233a67ba210667a47c5aa4f0461,2424,True,sklearn.calibration.CalibratedClassifierCV,True,0,,0.5600943376220489,,"time_left_min,mid_price,spread,volume_5min,price_velocity,hour_of_day,day_of_week,price_distance_from_max,price_momentum,spread_trend,volume_trend,price_deviation,spread_pct,log_time_left,is_final_phase,high_price_final"
537,ETH_decided,7,logreg,False,2026-08-04 13:36:00.425058+00,,15m,,16,16,MATCH,,,,UNKNOWN_TARGET,no_manifest_no_era_proof,none,cb2dd3c205115eb011c8550e2f744dad2d81984ae315160d37ca6d29a1f80d16,2424,True,sklearn.calibration.CalibratedClassifierCV,True,0,,0.7506515057258074,,"time_left_min,mid_price,spread,volume_5min,price_velocity,hour_of_day,day_of_week,price_distance_from_max,price_momentum,spread_trend,volume_trend,price_deviation,spread_pct,log_time_left,is_final_phase,high_price_final"
538,SOLUSDT_low_vol,18,lgbm,False,2026-08-04 14:59:50.376007+00,2026-08-04 15:09:16.581541+00,15m,low_vol,22,22,MATCH,0.5496846543777796,0.4838328720305046,f,LEGACY_BINANCE_DIRECTION,era_code_482a6914_ret1_shift_minus1_plus_guard_hint_0968d065,next_15m_candle,356e27bcb55db5b225aaaafc0d876b698e99b07e3ce293a2e726d0fb6e2d66ad,436531,True,sklearn.calibration.CalibratedClassifierCV,True,1,,0.5499987261755096,,"ret_1,ret_3,ret_6,vol_6,vol_24,vol_z_1,taker_buy_ratio,cvd_1,cvd_6,rsi_14,ema_ratio_9_21,bb_width,bb_position,dist_to_high_24,dist_to_low_24,range_1,range_avg_24,consec_balance,hour_sin,hour_cos,dow_sin,dow_cos"
539,SOLUSDT_mid_vol,17,lgbm,False,2026-08-04 14:59:50.376007+00,2026-08-04 15:09:29.054443+00,15m,mid_vol,22,22,MATCH,0.45,0.40086546332845086,f,LEGACY_BINANCE_DIRECTION,era_code_482a6914_ret1_shift_minus1_plus_guard_hint_0968d065,next_15m_candle,bdcfceff1d733fe8f4505cd16cc2ac7bccfda875483b74aaab5ea8f7c7e0a2a5,401499,True,sklearn.calibration.CalibratedClassifierCV,True,1,,0.43711369144218787,,"ret_1,ret_3,ret_6,vol_6,vol_24,vol_z_1,taker_buy_ratio,cvd_1,cvd_6,rsi_14,ema_ratio_9_21,bb_width,bb_position,dist_to_high_24,dist_to_low_24,range_1,range_avg_24,consec_balance,hour_sin,hour_cos,dow_sin,dow_cos"
540,SOLUSDT_high_vol,17,lgbm,False,2026-08-04 14:59:50.376007+00,,15m,high_vol,22,22,MATCH,0.55,0.6491305906224031,f,LEGACY_BINANCE_DIRECTION,era_code_482a6914_ret1_shift_minus1_plus_guard_hint_0968d065,next_15m_candle,df07690d3035f2db697e2d611518e6738cb064da07334f3240d4e2cc8bfec403,360930,True,sklearn.calibration.CalibratedClassifierCV,True,1,,0.5421174731701048,,"ret_1,ret_3,ret_6,vol_6,vol_24,vol_z_1,taker_buy_ratio,cvd_1,cvd_6,rsi_14,ema_ratio_9_21,bb_width,bb_position,dist_to_high_24,dist_to_low_24,range_1,range_avg_24,consec_balance,hour_sin,hour_cos,dow_sin,dow_cos"
541,DOGE,30,logreg,False,2026-08-05 05:36:26.854654+00,,15m,,16,16,MATCH,,,,UNKNOWN_TARGET,no_manifest_no_era_proof,none,6464ae5bbf1794b0edb505864fe540445836ddaea33147875272d51bbbdc9fb2,2424,True,sklearn.calibration.CalibratedClassifierCV,True,0,,0.7396692855094267,2f9459bdc65cbda0b9d24ba702d77e20,"time_left_min,mid_price,spread,volume_5min,price_velocity,hour_of_day,day_of_week,price_distance_from_max,price_momentum,spread_trend,volume_trend,price_deviation,spread_pct,log_time_left,is_final_phase,high_price_final"
542,DOGE_leaning,10,logreg,False,2026-08-05 05:41:38.308106+00,,15m,,16,16,MATCH,,,,UNKNOWN_TARGET,no_manifest_no_era_proof,none,78897fc3c07f74f544c04335f9e01b39fa0d9f41ab8fad9ab3a6b1c454755e07,2424,True,sklearn.calibration.CalibratedClassifierCV,True,0,,0.5531425514131513,,"time_left_min,mid_price,spread,volume_5min,price_velocity,hour_of_day,day_of_week,price_distance_from_max,price_momentum,spread_trend,volume_trend,price_deviation,spread_pct,log_time_left,is_final_phase,high_price_final"
543,DOGE_decided,10,logreg,False,2026-08-05 05:43:24.853273+00,2026-08-05 05:43:24.853273+00,15m,,16,16,MATCH,,,,UNKNOWN_TARGET,no_manifest_no_era_proof,none,d36964a5e80ffe8e20d79ed37a68501670074ad1a8ce58803930dc9abb450737,2424,True,sklearn.calibration.CalibratedClassifierCV,True,0,,0.7451358972277763,,"time_left_min,mid_price,spread,volume_5min,price_velocity,hour_of_day,day_of_week,price_distance_from_max,price_momentum,spread_trend,volume_trend,price_deviation,spread_pct,log_time_left,is_final_phase,high_price_final"
544,XRP,30,logreg,False,2026-08-05 10:02:35.521932+00,,15m,,16,16,MATCH,,,,UNKNOWN_TARGET,no_manifest_no_era_proof,none,714d676e48bed90874fb22179bbadc71ff0b32889f88d163474b1c2029338655,2424,True,sklearn.calibration.CalibratedClassifierCV,True,0,,0.7417603425776076,a214ac55a29b8f311d50c281b7574907,"time_left_min,mid_price,spread,volume_5min,price_velocity,hour_of_day,day_of_week,price_distance_from_max,price_momentum,spread_trend,volume_trend,price_deviation,spread_pct,log_time_left,is_final_phase,high_price_final"
545,XRP_leaning,10,logreg,False,2026-08-05 10:08:30.521404+00,,15m,,16,16,MATCH,,,,UNKNOWN_TARGET,no_manifest_no_era_proof,none,a50fc11d5fcfa0fe4bd22013182256476a31850c12e6dbc3112cfe1997beb08a,2424,True,sklearn.calibration.CalibratedClassifierCV,True,0,,0.5429676252979474,,"time_left_min,mid_price,spread,volume_5min,price_velocity,hour_of_day,day_of_week,price_distance_from_max,price_momentum,spread_trend,volume_trend,price_deviation,spread_pct,log_time_left,is_final_phase,high_price_final"
546,XRP_decided,10,logreg,False,2026-08-05 10:13:09.515976+00,,15m,,16,16,MATCH,,,,UNKNOWN_TARGET,no_manifest_no_era_proof,none,86547c4ece5f8c8ac056d1cd3b841c7bdef00d22cbf126a1196393c9e94f2b95,2424,True,sklearn.calibration.CalibratedClassifierCV,True,0,,0.7475956263459953,,"time_left_min,mid_price,spread,volume_5min,price_velocity,hour_of_day,day_of_week,price_distance_from_max,price_momentum,spread_trend,volume_trend,price_deviation,spread_pct,log_time_left,is_final_phase,high_price_final"
547,DOGEUSDT_low_vol,15,lgbm,False,2026-08-05 11:14:56.933334+00,2026-08-06 09:30:43.261625+00,15m,low_vol,22,22,MATCH,0.5266851091548442,0.75,f,LEGACY_BINANCE_DIRECTION,era_code_482a6914_ret1_shift_minus1_plus_guard_hint_0968d065,next_15m_candle,507d56f7561c9385f7fedb801cd245b084273f58b3901b9f92ed7a418d171d53,394951,True,sklearn.calibration.CalibratedClassifierCV,True,1,,0.5101125056697075,,"ret_1,ret_3,ret_6,vol_6,vol_24,vol_z_1,taker_buy_ratio,cvd_1,cvd_6,rsi_14,ema_ratio_9_21,bb_width,bb_position,dist_to_high_24,dist_to_low_24,range_1,range_avg_24,consec_balance,hour_sin,hour_cos,dow_sin,dow_cos"
548,DOGEUSDT_mid_vol,15,lgbm,False,2026-08-05 11:14:56.933334+00,2026-08-06 09:30:31.162386+00,15m,mid_vol,22,22,MATCH,0.45,0.560850494673661,f,LEGACY_BINANCE_DIRECTION,era_code_482a6914_ret1_shift_minus1_plus_guard_hint_0968d065,next_15m_candle,54c417c0bf9071889ab5fbf8fe689d2bc9499b4df6c933400a7d11f6eeadf2fa,386727,True,sklearn.calibration.CalibratedClassifierCV,True,1,,0.4944407694423825,,"ret_1,ret_3,ret_6,vol_6,vol_24,vol_z_1,taker_buy_ratio,cvd_1,cvd_6,rsi_14,ema_ratio_9_21,bb_width,bb_position,dist_to_high_24,dist_to_low_24,range_1,range_avg_24,consec_balance,hour_sin,hour_cos,dow_sin,dow_cos"
549,DOGEUSDT_high_vol,14,lgbm,False,2026-08-05 11:14:56.933334+00,2026-08-05 11:14:56.933334+00,15m,high_vol,22,22,MATCH,0.6191934846437711,0.5299505726852956,t,LEGACY_BINANCE_DIRECTION,era_code_482a6914_ret1_shift_minus1_plus_guard_hint_0968d065,next_15m_candle,326ca4e3ea32f4c0701608785b5f123335d50ec0593c5a28185bfdafdba3dd5d,417556,True,sklearn.calibration.CalibratedClassifierCV,True,1,,0.5200950740931984,,"ret_1,ret_3,ret_6,vol_6,vol_24,vol_z_1,taker_buy_ratio,cvd_1,cvd_6,rsi_14,ema_ratio_9_21,bb_width,bb_position,dist_to_high_24,dist_to_low_24,range_1,range_avg_24,consec_balance,hour_sin,hour_cos,dow_sin,dow_cos"
550,ETHUSDT_low_vol,25,lgbm,False,2026-08-05 11:36:46.809945+00,2026-08-05 11:36:46.809945+00,15m,low_vol,22,22,MATCH,0.6453428692045828,0.5921922740358166,t,LEGACY_BINANCE_DIRECTION,era_code_482a6914_ret1_shift_minus1_plus_guard_hint_0968d065,next_15m_candle,ac46b930e5c2e3bbfe99394e24fdaf788b23dc7bd2126371cc71b9acae86cc5d,433655,True,sklearn.calibration.CalibratedClassifierCV,True,1,,0.5203370228125282,,"ret_1,ret_3,ret_6,vol_6,vol_24,vol_z_1,taker_buy_ratio,cvd_1,cvd_6,rsi_14,ema_ratio_9_21,bb_width,bb_position,dist_to_high_24,dist_to_low_24,range_1,range_avg_24,consec_balance,hour_sin,hour_cos,dow_sin,dow_cos"
551,ETHUSDT_mid_vol,19,lgbm,False,2026-08-05 11:36:46.809945+00,2026-08-09 08:03:53.527647+00,15m,mid_vol,22,22,MATCH,0.65,0.75,f,LEGACY_BINANCE_DIRECTION,era_code_482a6914_ret1_shift_minus1_plus_guard_hint_0968d065,next_15m_candle,f917eff4b442f2a069f166314ecdacc7e7ef46c34f1debaee14c3948d384355b,404891,True,sklearn.calibration.CalibratedClassifierCV,True,1,,0.4868225962290169,,"ret_1,ret_3,ret_6,vol_6,vol_24,vol_z_1,taker_buy_ratio,cvd_1,cvd_6,rsi_14,ema_ratio_9_21,bb_width,bb_position,dist_to_high_24,dist_to_low_24,range_1,range_avg_24,consec_balance,hour_sin,hour_cos,dow_sin,dow_cos"
552,ETHUSDT_high_vol,24,lgbm,False,2026-08-05 11:36:46.809945+00,,15m,high_vol,22,22,MATCH,0.45,0.5840852715147814,f,LEGACY_BINANCE_DIRECTION,era_code_482a6914_ret1_shift_minus1_plus_guard_hint_0968d065,next_15m_candle,527670212f1ed2b19f8797a466a7d70aaee810de1b1db5bef058061795a93f07,411745,True,sklearn.calibration.CalibratedClassifierCV,True,1,,0.5367890675216256,,"ret_1,ret_3,ret_6,vol_6,vol_24,vol_z_1,taker_buy_ratio,cvd_1,cvd_6,rsi_14,ema_ratio_9_21,bb_width,bb_position,dist_to_high_24,dist_to_low_24,range_1,range_avg_24,consec_balance,hour_sin,hour_cos,dow_sin,dow_cos"
553,XRPUSDT_low_vol,16,lgbm,False,2026-08-05 23:59:32.817182+00,2026-08-07 06:43:23.976414+00,15m,low_vol,22,22,MATCH,0.55,0.4831831156466194,f,LEGACY_BINANCE_DIRECTION,era_code_482a6914_ret1_shift_minus1_plus_guard_hint_0968d065,next_15m_candle,e77dc61f30a1a48b59ea40e290c2dda831a15d1fa1bd80915df1ed86f557b833,391659,True,sklearn.calibration.CalibratedClassifierCV,True,1,,0.4971893714620192,,"ret_1,ret_3,ret_6,vol_6,vol_24,vol_z_1,taker_buy_ratio,cvd_1,cvd_6,rsi_14,ema_ratio_9_21,bb_width,bb_position,dist_to_high_24,dist_to_low_24,range_1,range_avg_24,consec_balance,hour_sin,hour_cos,dow_sin,dow_cos"
554,XRPUSDT_mid_vol,16,lgbm,False,2026-08-05 23:59:32.817182+00,2026-08-06 00:14:26.493941+00,15m,mid_vol,22,22,MATCH,0.65,0.6313479358595548,f,LEGACY_BINANCE_DIRECTION,era_code_482a6914_ret1_shift_minus1_plus_guard_hint_0968d065,next_15m_candle,fe9469b89b01523d169250479d1c4f784be404393ea6dfba98efd5b22ac16d83,400967,True,sklearn.calibration.CalibratedClassifierCV,True,1,,0.5555371723197406,,"ret_1,ret_3,ret_6,vol_6,vol_24,vol_z_1,taker_buy_ratio,cvd_1,cvd_6,rsi_14,ema_ratio_9_21,bb_width,bb_position,dist_to_high_24,dist_to_low_24,range_1,range_avg_24,consec_balance,hour_sin,hour_cos,dow_sin,dow_cos"
555,XRPUSDT_high_vol,15,lgbm,False,2026-08-05 23:59:32.817182+00,2026-08-06 00:13:48.996908+00,15m,high_vol,22,22,MATCH,0.65,0.75,f,LEGACY_BINANCE_DIRECTION,era_code_482a6914_ret1_shift_minus1_plus_guard_hint_0968d065,next_15m_candle,f23061ce92e57cbd72af177343915dcac2f8d12d8c50d409957d427de818469c,392874,True,sklearn.calibration.CalibratedClassifierCV,True,1,,0.5043411409155576,,"ret_1,ret_3,ret_6,vol_6,vol_24,vol_z_1,taker_buy_ratio,cvd_1,cvd_6,rsi_14,ema_ratio_9_21,bb_width,bb_position,dist_to_high_24,dist_to_low_24,range_1,range_avg_24,consec_balance,hour_sin,hour_cos,dow_sin,dow_cos"
556,XRP,31,logreg,False,2026-08-06 04:57:08.477667+00,,15m,,16,16,MATCH,,,,UNKNOWN_TARGET,no_manifest_no_era_proof,none,e38b9ab0c02bc3d592668d57d1cf6124607970f9ce3701a2183f647612567ac4,2424,True,sklearn.calibration.CalibratedClassifierCV,True,0,,0.7405903061291397,288cc0294ccbf71e561ff9a8107f8b7f,"time_left_min,mid_price,spread,volume_5min,price_velocity,hour_of_day,day_of_week,price_distance_from_max,price_momentum,spread_trend,volume_trend,price_deviation,spread_pct,log_time_left,is_final_phase,high_price_final"
557,XRP_leaning,11,logreg,False,2026-08-06 04:59:06.766384+00,,15m,,16,16,MATCH,,,,UNKNOWN_TARGET,no_manifest_no_era_proof,none,71c1d2673b972ea6178ffb014a748265328f359dddac9b7067149324701866e3,2424,True,sklearn.calibration.CalibratedClassifierCV,True,0,,0.5394255929010123,,"time_left_min,mid_price,spread,volume_5min,price_velocity,hour_of_day,day_of_week,price_distance_from_max,price_momentum,spread_trend,volume_trend,price_deviation,spread_pct,log_time_left,is_final_phase,high_price_final"
558,XRP_decided,11,logreg,False,2026-08-06 05:00:58.74243+00,,15m,,16,16,MATCH,,,,UNKNOWN_TARGET,no_manifest_no_era_proof,none,1aea2681f8a63896c6945bd1abb9486a72679cad42a5585961ab8bde75d71684,2424,True,sklearn.calibration.CalibratedClassifierCV,True,0,,0.7464052386411446,,"time_left_min,mid_price,spread,volume_5min,price_velocity,hour_of_day,day_of_week,price_distance_from_max,price_momentum,spread_trend,volume_trend,price_deviation,spread_pct,log_time_left,is_final_phase,high_price_final"
560,ETHUSDT_mid_vol,20,lgbm,False,2026-08-06 07:00:55.800388+00,2026-08-06 07:04:10.272472+00,15m,mid_vol,22,22,MATCH,0.585940524084498,0.75,f,LEGACY_BINANCE_DIRECTION,era_code_482a6914_ret1_shift_minus1_plus_guard_hint_0968d065,next_15m_candle,a51c873bb9d001b6b3efaf7f3962125fde2e065763589993903d7df19046d173,401236,True,sklearn.calibration.CalibratedClassifierCV,True,1,,0.4847268077626147,,"ret_1,ret_3,ret_6,vol_6,vol_24,vol_z_1,taker_buy_ratio,cvd_1,cvd_6,rsi_14,ema_ratio_9_21,bb_width,bb_position,dist_to_high_24,dist_to_low_24,range_1,range_avg_24,consec_balance,hour_sin,hour_cos,dow_sin,dow_cos"
561,ETHUSDT_high_vol,25,lgbm,False,2026-08-06 07:00:55.800388+00,2026-08-10 09:23:20.965874+00,15m,high_vol,22,22,MATCH,0.5357977193331835,0.5335995606376753,t,LEGACY_BINANCE_DIRECTION,era_code_482a6914_ret1_shift_minus1_plus_guard_hint_0968d065,next_15m_candle,22a66ce4755727551b6a632a7213dd8cb1151c61f74e0db9c8a853b3a7606655,400850,True,sklearn.calibration.CalibratedClassifierCV,True,1,,0.5471288175273802,,"ret_1,ret_3,ret_6,vol_6,vol_24,vol_z_1,taker_buy_ratio,cvd_1,cvd_6,rsi_14,ema_ratio_9_21,bb_width,bb_position,dist_to_high_24,dist_to_low_24,range_1,range_avg_24,consec_balance,hour_sin,hour_cos,dow_sin,dow_cos"
562,XRPUSDT_low_vol,17,lgbm,False,2026-08-06 07:08:01.021843+00,2026-08-06 07:10:19.2788+00,15m,low_vol,22,22,MATCH,0.55,0.5140332355595126,f,LEGACY_BINANCE_DIRECTION,era_code_482a6914_ret1_shift_minus1_plus_guard_hint_0968d065,next_15m_candle,a5e5d5b4b883a76a07f6015cbb03f31c741527f0a2d63c4c1cb4de29cba112b5,385972,True,sklearn.calibration.CalibratedClassifierCV,True,1,,0.5035317011283793,,"ret_1,ret_3,ret_6,vol_6,vol_24,vol_z_1,taker_buy_ratio,cvd_1,cvd_6,rsi_14,ema_ratio_9_21,bb_width,bb_position,dist_to_high_24,dist_to_low_24,range_1,range_avg_24,consec_balance,hour_sin,hour_cos,dow_sin,dow_cos"
563,XRPUSDT_mid_vol,17,lgbm,False,2026-08-06 07:08:01.021843+00,2026-08-06 07:10:03.874553+00,15m,mid_vol,22,22,MATCH,0.65,0.5959661572988595,f,LEGACY_BINANCE_DIRECTION,era_code_482a6914_ret1_shift_minus1_plus_guard_hint_0968d065,next_15m_candle,10382c0838236f86491ece7f3cbf38097ad905bf13a77a4234739916b29e70e7,400293,True,sklearn.calibration.CalibratedClassifierCV,True,1,,0.5384981854236919,,"ret_1,ret_3,ret_6,vol_6,vol_24,vol_z_1,taker_buy_ratio,cvd_1,cvd_6,rsi_14,ema_ratio_9_21,bb_width,bb_position,dist_to_high_24,dist_to_low_24,range_1,range_avg_24,consec_balance,hour_sin,hour_cos,dow_sin,dow_cos"
564,XRPUSDT_high_vol,16,lgbm,False,2026-08-06 07:08:01.021843+00,2026-08-06 07:10:10.298388+00,15m,high_vol,22,22,MATCH,0.55,0.75,f,LEGACY_BINANCE_DIRECTION,era_code_482a6914_ret1_shift_minus1_plus_guard_hint_0968d065,next_15m_candle,cee11f1ffdcb52a0f4dac3ef225cb49de4d199125cc546d1d1dee5562f6ca2a1,378042,True,sklearn.calibration.CalibratedClassifierCV,True,1,,0.5046788174196204,,"ret_1,ret_3,ret_6,vol_6,vol_24,vol_z_1,taker_buy_ratio,cvd_1,cvd_6,rsi_14,ema_ratio_9_21,bb_width,bb_position,dist_to_high_24,dist_to_low_24,range_1,range_avg_24,consec_balance,hour_sin,hour_cos,dow_sin,dow_cos"
565,ETH,40,logreg,False,2026-08-06 23:52:41.59217+00,,15m,,16,16,MATCH,,,,UNKNOWN_TARGET,no_manifest_no_era_proof,none,d1fa6e0ae890d811927943c67c69100af3faf1f6fa8952c0592cbfc5c0d400fd,2424,True,sklearn.calibration.CalibratedClassifierCV,True,0,,0.7526113992612992,92299ec620f7115e049201574ae30e45,"time_left_min,mid_price,spread,volume_5min,price_velocity,hour_of_day,day_of_week,price_distance_from_max,price_momentum,spread_trend,volume_trend,price_deviation,spread_pct,log_time_left,is_final_phase,high_price_final"
566,ETH_leaning,6,logreg,False,2026-08-06 23:55:03.654287+00,,15m,,16,16,MATCH,,,,UNKNOWN_TARGET,no_manifest_no_era_proof,none,8d8fcdae876022e5ea5a8b677d39a5ff2eb6ae9ea4b60918b279d81b549ce1f2,2424,True,sklearn.calibration.CalibratedClassifierCV,True,0,,0.5648552829824542,,"time_left_min,mid_price,spread,volume_5min,price_velocity,hour_of_day,day_of_week,price_distance_from_max,price_momentum,spread_trend,volume_trend,price_deviation,spread_pct,log_time_left,is_final_phase,high_price_final"
567,ETH_decided,8,logreg,False,2026-08-06 23:56:36.620208+00,,15m,,16,16,MATCH,,,,UNKNOWN_TARGET,no_manifest_no_era_proof,none,d4344bc5bb8350d6546d51c9ddcee2a96425f0c6d6d6c7358c3d70e14a8a982d,2424,True,sklearn.calibration.CalibratedClassifierCV,True,0,,0.7511857457475347,,"time_left_min,mid_price,spread,volume_5min,price_velocity,hour_of_day,day_of_week,price_distance_from_max,price_momentum,spread_trend,volume_trend,price_deviation,spread_pct,log_time_left,is_final_phase,high_price_final"
568,ETH,41,logreg,False,2026-08-08 06:19:00.278363+00,,15m,,16,16,MATCH,,,,UNKNOWN_TARGET,no_manifest_no_era_proof,none,d9c705e105e419b24814b9f228ab0078cac12887c74a3a333c330d16a7ade3a3,2424,True,sklearn.calibration.CalibratedClassifierCV,True,0,,0.7525726175473574,a1618a46f7047bbf81dfd7641757ab1e,"time_left_min,mid_price,spread,volume_5min,price_velocity,hour_of_day,day_of_week,price_distance_from_max,price_momentum,spread_trend,volume_trend,price_deviation,spread_pct,log_time_left,is_final_phase,high_price_final"
569,ETH_leaning,7,logreg,False,2026-08-08 06:26:59.296216+00,,15m,,16,16,MATCH,,,,UNKNOWN_TARGET,no_manifest_no_era_proof,none,5d34bcd8fa00d5af16f2d78d26c8dd2f6268eb6ca648eb3bb058fe960cb5f5ba,2424,True,sklearn.calibration.CalibratedClassifierCV,True,0,,0.5627891753882199,,"time_left_min,mid_price,spread,volume_5min,price_velocity,hour_of_day,day_of_week,price_distance_from_max,price_momentum,spread_trend,volume_trend,price_deviation,spread_pct,log_time_left,is_final_phase,high_price_final"
570,ETH_decided,9,logreg,False,2026-08-08 06:32:33.498351+00,,15m,,16,16,MATCH,,,,UNKNOWN_TARGET,no_manifest_no_era_proof,none,51842962601e6700de7039cb96696ddeb5a303ccda257dc6322ae918618ea6d3,2424,True,sklearn.calibration.CalibratedClassifierCV,True,0,,0.7499409944378208,,"time_left_min,mid_price,spread,volume_5min,price_velocity,hour_of_day,day_of_week,price_distance_from_max,price_momentum,spread_trend,volume_trend,price_deviation,spread_pct,log_time_left,is_final_phase,high_price_final"
571,ETH,42,logreg,False,2026-08-09 05:33:18.394692+00,,15m,,16,16,MATCH,,,,UNKNOWN_TARGET,no_manifest_no_era_proof,none,e1ef680da31e9bcfb7aef49f983341b433c0240d0d432964eab20ed1a0c692d5,2425,True,sklearn.calibration.CalibratedClassifierCV,True,0,,0.7539635590748728,f6b16e2bbe8d68edbe648dd2e28206a4,"time_left_min,mid_price,spread,volume_5min,price_velocity,hour_of_day,day_of_week,price_distance_from_max,price_momentum,spread_trend,volume_trend,price_deviation,spread_pct,log_time_left,is_final_phase,high_price_final"
572,ETH_leaning,8,logreg,False,2026-08-09 05:33:20.612394+00,,15m,,16,16,MATCH,,,,UNKNOWN_TARGET,no_manifest_no_era_proof,none,a258d76706a985d8b7dbb73b303198055103251aa57437082f0b97af65e6f7db,2425,True,sklearn.calibration.CalibratedClassifierCV,True,0,,0.5629782240131718,,"time_left_min,mid_price,spread,volume_5min,price_velocity,hour_of_day,day_of_week,price_distance_from_max,price_momentum,spread_trend,volume_trend,price_deviation,spread_pct,log_time_left,is_final_phase,high_price_final"
573,ETH_decided,10,logreg,False,2026-08-09 05:33:22.714866+00,,15m,,16,16,MATCH,,,,UNKNOWN_TARGET,no_manifest_no_era_proof,none,9d53996db5646fef455952690537612e82912189cd23767642d6928dfed86029,2425,True,sklearn.calibration.CalibratedClassifierCV,True,0,,0.7519391951085387,,"time_left_min,mid_price,spread,volume_5min,price_velocity,hour_of_day,day_of_week,price_distance_from_max,price_momentum,spread_trend,volume_trend,price_deviation,spread_pct,log_time_left,is_final_phase,high_price_final"
574,SOL,31,logreg,False,2026-08-09 11:21:48.559739+00,,15m,,16,16,MATCH,,,,UNKNOWN_TARGET,no_manifest_no_era_proof,none,0ddb04733184be09d5ebb187fa0d238cad6883c76293e9e4104dc0cc0b6d6584,2359,True,sklearn.calibration.CalibratedClassifierCV,True,0,,0.7468254766922187,825250a532024fa83e5a0afdf902b38a,"time_left_min,mid_price,spread,volume_5min,price_velocity,hour_of_day,day_of_week,price_distance_from_max,price_momentum,spread_trend,volume_trend,price_deviation,spread_pct,log_time_left,is_final_phase,high_price_final"
575,SOL_leaning,9,logreg,False,2026-08-09 11:21:50.748565+00,,15m,,16,16,MATCH,,,,UNKNOWN_TARGET,no_manifest_no_era_proof,none,ac6451b3eec94726271c3469661d78f753f448344fa8198e6d73d59ccb1f0296,2359,True,sklearn.calibration.CalibratedClassifierCV,True,0,,0.5601010737220367,,"time_left_min,mid_price,spread,volume_5min,price_velocity,hour_of_day,day_of_week,price_distance_from_max,price_momentum,spread_trend,volume_trend,price_deviation,spread_pct,log_time_left,is_final_phase,high_price_final"
576,SOL_decided,10,logreg,False,2026-08-09 11:21:52.731791+00,,15m,,16,16,MATCH,,,,UNKNOWN_TARGET,no_manifest_no_era_proof,none,f7eff05f2e54f5d6d66f29dc7e0479bb8e06dbc1c72071cafc4beca613bc0cfa,2359,True,sklearn.calibration.CalibratedClassifierCV,True,0,,0.7550770675578227,,"time_left_min,mid_price,spread,volume_5min,price_velocity,hour_of_day,day_of_week,price_distance_from_max,price_momentum,spread_trend,volume_trend,price_deviation,spread_pct,log_time_left,is_final_phase,high_price_final"
577,BTC,43,logreg,False,2026-08-09 11:22:46.01356+00,,15m,,16,16,MATCH,,,,UNKNOWN_TARGET,no_manifest_no_era_proof,none,8a120fabc30e718b84ec9e856e9fa51b64a9186ddd071e2927c1226eb8ed1d27,2359,True,sklearn.calibration.CalibratedClassifierCV,True,0,,0.7510554801563731,93b53783b3803df3c9a5a1ef2e3e01d3,"time_left_min,mid_price,spread,volume_5min,price_velocity,hour_of_day,day_of_week,price_distance_from_max,price_momentum,spread_trend,volume_trend,price_deviation,spread_pct,log_time_left,is_final_phase,high_price_final"
578,BTC_contested,4,logreg,False,2026-08-09 11:23:00.403866+00,,15m,,16,16,MATCH,,,,UNKNOWN_TARGET,no_manifest_no_era_proof,none,5d25162e9747166520cb3eebb8b51fd8f2305533c6eca7ee1ae7425970e333df,2359,True,sklearn.calibration.CalibratedClassifierCV,True,0,,0.5345898610880628,,"time_left_min,mid_price,spread,volume_5min,price_velocity,hour_of_day,day_of_week,price_distance_from_max,price_momentum,spread_trend,volume_trend,price_deviation,spread_pct,log_time_left,is_final_phase,high_price_final"
579,BTC_leaning,5,logreg,False,2026-08-09 11:23:05.67829+00,,15m,,16,16,MATCH,,,,UNKNOWN_TARGET,no_manifest_no_era_proof,none,3eaf64bc950e16ae01ecc7f96f9b76452f4a7ed3135d10663d53ef5c15268c9b,2359,True,sklearn.calibration.CalibratedClassifierCV,True,0,,0.5480677085397415,,"time_left_min,mid_price,spread,volume_5min,price_velocity,hour_of_day,day_of_week,price_distance_from_max,price_momentum,spread_trend,volume_trend,price_deviation,spread_pct,log_time_left,is_final_phase,high_price_final"
580,BTC_decided,9,logreg,False,2026-08-09 11:23:14.938958+00,,15m,,16,16,MATCH,,,,UNKNOWN_TARGET,no_manifest_no_era_proof,none,8877d8dc74822aa630a9038ebd233086e180b2e2d916f177a0f3a18b0950daa5,2359,True,sklearn.calibration.CalibratedClassifierCV,True,0,,0.7494225304737465,,"time_left_min,mid_price,spread,volume_5min,price_velocity,hour_of_day,day_of_week,price_distance_from_max,price_momentum,spread_trend,volume_trend,price_deviation,spread_pct,log_time_left,is_final_phase,high_price_final"
581,DOGE,31,logreg,False,2026-08-09 11:24:51.420419+00,,15m,,16,16,MATCH,,,,UNKNOWN_TARGET,no_manifest_no_era_proof,none,61cfa6e8e98cc9ac1106cbfecdb02822864873a1cfc964535e3355e1c86e99d1,2359,True,sklearn.calibration.CalibratedClassifierCV,True,0,,0.7388477280097234,51c51bfc728aff3ddb86d36ab1ea2edf,"time_left_min,mid_price,spread,volume_5min,price_velocity,hour_of_day,day_of_week,price_distance_from_max,price_momentum,spread_trend,volume_trend,price_deviation,spread_pct,log_time_left,is_final_phase,high_price_final"
582,DOGE_leaning,11,logreg,False,2026-08-09 11:25:06.178505+00,,15m,,16,16,MATCH,,,,UNKNOWN_TARGET,no_manifest_no_era_proof,none,2decfa516a553a303ceb2fcc46bfbea983faa7f5f8f2cadfaa21d907ae50c2aa,2359,True,sklearn.calibration.CalibratedClassifierCV,True,0,,0.5563895609306306,,"time_left_min,mid_price,spread,volume_5min,price_velocity,hour_of_day,day_of_week,price_distance_from_max,price_momentum,spread_trend,volume_trend,price_deviation,spread_pct,log_time_left,is_final_phase,high_price_final"
583,DOGE_decided,11,logreg,False,2026-08-09 11:25:16.932612+00,,15m,,16,16,MATCH,,,,UNKNOWN_TARGET,no_manifest_no_era_proof,none,d4383e588153f88bf9bb43c2f3478d1450f52b30baed19afc00816f8eadbe262,2359,True,sklearn.calibration.CalibratedClassifierCV,True,0,,0.7435748733623917,,"time_left_min,mid_price,spread,volume_5min,price_velocity,hour_of_day,day_of_week,price_distance_from_max,price_momentum,spread_trend,volume_trend,price_deviation,spread_pct,log_time_left,is_final_phase,high_price_final"
584,ETH,43,logreg,False,2026-08-09 11:27:56.931482+00,,15m,,16,16,MATCH,,,,UNKNOWN_TARGET,no_manifest_no_era_proof,none,8ca3c0bcdb7062949892081cd3d98603c8ba3b4f744fe66db21853eedd319556,2359,True,sklearn.calibration.CalibratedClassifierCV,True,0,,0.7539674061721647,f1560a822bfb4ef8fd3b9d4f5eb41442,"time_left_min,mid_price,spread,volume_5min,price_velocity,hour_of_day,day_of_week,price_distance_from_max,price_momentum,spread_trend,volume_trend,price_deviation,spread_pct,log_time_left,is_final_phase,high_price_final"
585,ETH_leaning,9,logreg,False,2026-08-09 11:28:08.959426+00,,15m,,16,16,MATCH,,,,UNKNOWN_TARGET,no_manifest_no_era_proof,none,fd9128750cc7b9dff78dd00a6da7dd7dda05470b849e4d8ef11f60fadf515392,2359,True,sklearn.calibration.CalibratedClassifierCV,True,0,,0.5646902223255333,,"time_left_min,mid_price,spread,volume_5min,price_velocity,hour_of_day,day_of_week,price_distance_from_max,price_momentum,spread_trend,volume_trend,price_deviation,spread_pct,log_time_left,is_final_phase,high_price_final"
586,ETH_decided,11,logreg,False,2026-08-09 11:28:21.194914+00,,15m,,16,16,MATCH,,,,UNKNOWN_TARGET,no_manifest_no_era_proof,none,622de4d65115b655a10ed09c0e0b381ef446d7cb60daad6595c228079a435fc8,2359,True,sklearn.calibration.CalibratedClassifierCV,True,0,,0.7515580260421159,,"time_left_min,mid_price,spread,volume_5min,price_velocity,hour_of_day,day_of_week,price_distance_from_max,price_momentum,spread_trend,volume_trend,price_deviation,spread_pct,log_time_left,is_final_phase,high_price_final"
587,XRP,32,logreg,False,2026-08-09 11:29:53.189797+00,,15m,,16,16,MATCH,,,,UNKNOWN_TARGET,no_manifest_no_era_proof,none,6d9f7b61dd2471082aa32b120170f0eb9f6d36a8467f87c6a9f916d4183d948b,2359,True,sklearn.calibration.CalibratedClassifierCV,True,0,,0.7423061538459841,7e48f6be5066f69a27c8a869c966ca41,"time_left_min,mid_price,spread,volume_5min,price_velocity,hour_of_day,day_of_week,price_distance_from_max,price_momentum,spread_trend,volume_trend,price_deviation,spread_pct,log_time_left,is_final_phase,high_price_final"
588,XRP_leaning,12,logreg,False,2026-08-09 11:30:04.951142+00,,15m,,16,16,MATCH,,,,UNKNOWN_TARGET,no_manifest_no_era_proof,none,2389b653b56b6cea25af16d4e22996a1bf814476aba51f4c49f16ee4069aaf24,2359,True,sklearn.calibration.CalibratedClassifierCV,True,0,,0.5430152391229146,,"time_left_min,mid_price,spread,volume_5min,price_velocity,hour_of_day,day_of_week,price_distance_from_max,price_momentum,spread_trend,volume_trend,price_deviation,spread_pct,log_time_left,is_final_phase,high_price_final"
589,XRP_decided,12,logreg,False,2026-08-09 11:30:12.937448+00,,15m,,16,16,MATCH,,,,UNKNOWN_TARGET,no_manifest_no_era_proof,none,d114df5b91c1576cc09e246d49e962f7cbf8f502c5663efaccda5ef0c741af33,2359,True,sklearn.calibration.CalibratedClassifierCV,True,0,,0.7476990576764384,,"time_left_min,mid_price,spread,volume_5min,price_velocity,hour_of_day,day_of_week,price_distance_from_max,price_momentum,spread_trend,volume_trend,price_deviation,spread_pct,log_time_left,is_final_phase,high_price_final"
590,SOL,32,logreg,False,2026-08-09 11:33:07.44613+00,,15m,,16,16,MATCH,,,,UNKNOWN_TARGET,no_manifest_no_era_proof,none,0ddb04733184be09d5ebb187fa0d238cad6883c76293e9e4104dc0cc0b6d6584,2359,True,sklearn.calibration.CalibratedClassifierCV,True,0,,0.7468254766922187,825250a532024fa83e5a0afdf902b38a,"time_left_min,mid_price,spread,volume_5min,price_velocity,hour_of_day,day_of_week,price_distance_from_max,price_momentum,spread_trend,volume_trend,price_deviation,spread_pct,log_time_left,is_final_phase,high_price_final"
591,SOL_leaning,10,logreg,False,2026-08-09 11:33:43.194777+00,2026-08-09 11:33:43.194777+00,15m,,16,16,MATCH,,,,UNKNOWN_TARGET,no_manifest_no_era_proof,none,ac6451b3eec94726271c3469661d78f753f448344fa8198e6d73d59ccb1f0296,2359,True,sklearn.calibration.CalibratedClassifierCV,True,0,,0.5601010737220367,,"time_left_min,mid_price,spread,volume_5min,price_velocity,hour_of_day,day_of_week,price_distance_from_max,price_momentum,spread_trend,volume_trend,price_deviation,spread_pct,log_time_left,is_final_phase,high_price_final"
592,SOL_decided,11,logreg,False,2026-08-09 11:33:57.695444+00,2026-08-09 11:33:57.695444+00,15m,,16,16,MATCH,,,,UNKNOWN_TARGET,no_manifest_no_era_proof,none,f7eff05f2e54f5d6d66f29dc7e0479bb8e06dbc1c72071cafc4beca613bc0cfa,2359,True,sklearn.calibration.CalibratedClassifierCV,True,0,,0.7550770675578227,,"time_left_min,mid_price,spread,volume_5min,price_velocity,hour_of_day,day_of_week,price_distance_from_max,price_momentum,spread_trend,volume_trend,price_deviation,spread_pct,log_time_left,is_final_phase,high_price_final"
593,DOGE,32,logreg,False,2026-08-09 11:35:34.412714+00,2026-08-09 11:35:34.412714+00,15m,,16,16,MATCH,,,,UNKNOWN_TARGET,no_manifest_no_era_proof,none,bd5f463c914bbf48d2ff82fa50b7ac2aba7be575cf85f8ddcf55999773a82894,2359,True,sklearn.calibration.CalibratedClassifierCV,True,0,,0.738508730292114,f20eb78f512d59b3ffaeb5c362e89171,"time_left_min,mid_price,spread,volume_5min,price_velocity,hour_of_day,day_of_week,price_distance_from_max,price_momentum,spread_trend,volume_trend,price_deviation,spread_pct,log_time_left,is_final_phase,high_price_final"
594,DOGE_leaning,12,logreg,False,2026-08-09 11:35:52.459305+00,2026-08-09 11:35:52.459305+00,15m,,16,16,MATCH,,,,UNKNOWN_TARGET,no_manifest_no_era_proof,none,8a8607226e4a72f94a76fd957e3c33fea39558121bc6b7918fec3870d93ed98e,2359,True,sklearn.calibration.CalibratedClassifierCV,True,0,,0.5531945829420284,,"time_left_min,mid_price,spread,volume_5min,price_velocity,hour_of_day,day_of_week,price_distance_from_max,price_momentum,spread_trend,volume_trend,price_deviation,spread_pct,log_time_left,is_final_phase,high_price_final"
595,DOGE_decided,12,logreg,False,2026-08-09 11:36:09.407515+00,,15m,,16,16,MATCH,,,,UNKNOWN_TARGET,no_manifest_no_era_proof,none,450cf5b274eed96212b75571db2b0d7744c90a5a20b0a222e9d4031655cd2ba2,2359,True,sklearn.calibration.CalibratedClassifierCV,True,0,,0.7449109135847736,,"time_left_min,mid_price,spread,volume_5min,price_velocity,hour_of_day,day_of_week,price_distance_from_max,price_momentum,spread_trend,volume_trend,price_deviation,spread_pct,log_time_left,is_final_phase,high_price_final"
596,ETH,44,logreg,False,2026-08-09 11:38:44.656627+00,2026-08-09 11:38:44.656627+00,15m,,16,16,MATCH,,,,UNKNOWN_TARGET,no_manifest_no_era_proof,none,f38faa99b90e7bb71169a50cdbe93c9ef35dc80693ff99bfcdf2902c375ddaaa,2359,True,sklearn.calibration.CalibratedClassifierCV,True,0,,0.7535514373537323,82bb62034cd4e8c22343907aac68faeb,"time_left_min,mid_price,spread,volume_5min,price_velocity,hour_of_day,day_of_week,price_distance_from_max,price_momentum,spread_trend,volume_trend,price_deviation,spread_pct,log_time_left,is_final_phase,high_price_final"
597,ETH_leaning,10,logreg,False,2026-08-09 11:39:05.681385+00,2026-08-09 11:39:05.681385+00,15m,,16,16,MATCH,,,,UNKNOWN_TARGET,no_manifest_no_era_proof,none,470522f95968ff20e55505cb459535a2e7091d277d53527a808920a2b367bd2f,2359,True,sklearn.calibration.CalibratedClassifierCV,True,0,,0.5650293818366577,,"time_left_min,mid_price,spread,volume_5min,price_velocity,hour_of_day,day_of_week,price_distance_from_max,price_momentum,spread_trend,volume_trend,price_deviation,spread_pct,log_time_left,is_final_phase,high_price_final"
598,ETH_decided,12,logreg,False,2026-08-09 11:39:29.941691+00,2026-08-09 11:39:29.941691+00,15m,,16,16,MATCH,,,,UNKNOWN_TARGET,no_manifest_no_era_proof,none,0e15c7c5f318f1624d0471e72727063f4bf5d8371b937866f7ab2e3aec6b55b9,2359,True,sklearn.calibration.CalibratedClassifierCV,True,0,,0.7503951290804936,,"time_left_min,mid_price,spread,volume_5min,price_velocity,hour_of_day,day_of_week,price_distance_from_max,price_momentum,spread_trend,volume_trend,price_deviation,spread_pct,log_time_left,is_final_phase,high_price_final"
599,XRP,33,logreg,False,2026-08-09 11:41:48.959245+00,,15m,,16,16,MATCH,,,,UNKNOWN_TARGET,no_manifest_no_era_proof,none,d1e44149c35a836f59894980da814da64d495ced3cbf42ec4a57322a52609959,2359,True,sklearn.calibration.CalibratedClassifierCV,True,0,,0.7429474688756956,1654954fda31e458e63ebb2688d17821,"time_left_min,mid_price,spread,volume_5min,price_velocity,hour_of_day,day_of_week,price_distance_from_max,price_momentum,spread_trend,volume_trend,price_deviation,spread_pct,log_time_left,is_final_phase,high_price_final"
600,XRP_leaning,13,logreg,False,2026-08-09 11:42:06.956277+00,2026-08-09 11:42:06.956277+00,15m,,16,16,MATCH,,,,UNKNOWN_TARGET,no_manifest_no_era_proof,none,2912ae33cd7fc9b471e385e04d68ae3c8551b24f819fbd9a1e06b16bd2e6915a,2359,True,sklearn.calibration.CalibratedClassifierCV,True,0,,0.5428562769921608,,"time_left_min,mid_price,spread,volume_5min,price_velocity,hour_of_day,day_of_week,price_distance_from_max,price_momentum,spread_trend,volume_trend,price_deviation,spread_pct,log_time_left,is_final_phase,high_price_final"
601,XRP_decided,13,logreg,False,2026-08-09 11:42:22.671296+00,2026-08-09 11:42:22.671296+00,15m,,16,16,MATCH,,,,UNKNOWN_TARGET,no_manifest_no_era_proof,none,af35c2a5ae2367bd1acf5f65964c11334bd93150137fcc463749b35b6e5bfcf2,2359,True,sklearn.calibration.CalibratedClassifierCV,True,0,,0.7479797022303414,,"time_left_min,mid_price,spread,volume_5min,price_velocity,hour_of_day,day_of_week,price_distance_from_max,price_momentum,spread_trend,volume_trend,price_deviation,spread_pct,log_time_left,is_final_phase,high_price_final"
602,BTC,44,logreg,False,2026-08-09 11:45:29.707961+00,,15m,,16,16,MATCH,,,,UNKNOWN_TARGET,no_manifest_no_era_proof,none,dd195d2d026a9b204cda83dac2796c98a8726030bf9ef77efa00178047510f8d,2359,True,sklearn.calibration.CalibratedClassifierCV,True,0,,0.750543274281435,8bec4af24d83931b297b8c12cbe0e2d8,"time_left_min,mid_price,spread,volume_5min,price_velocity,hour_of_day,day_of_week,price_distance_from_max,price_momentum,spread_trend,volume_trend,price_deviation,spread_pct,log_time_left,is_final_phase,high_price_final"
603,BTC_contested,5,logreg,False,2026-08-09 11:45:42.912097+00,,15m,,16,16,MATCH,,,,UNKNOWN_TARGET,no_manifest_no_era_proof,none,8276b38704887f27dbdc87e1add881def555f50214e25c11a9b4006a099ab526,2359,True,sklearn.calibration.CalibratedClassifierCV,True,0,,0.5332728923898314,,"time_left_min,mid_price,spread,volume_5min,price_velocity,hour_of_day,day_of_week,price_distance_from_max,price_momentum,spread_trend,volume_trend,price_deviation,spread_pct,log_time_left,is_final_phase,high_price_final"
604,BTC_leaning,6,logreg,False,2026-08-09 11:45:51.924318+00,,15m,,16,16,MATCH,,,,UNKNOWN_TARGET,no_manifest_no_era_proof,none,ce7f446493310b0c104744eb0bdca0c7fd9a7f382789d4556f5c0c8a0d6cef38,2359,True,sklearn.calibration.CalibratedClassifierCV,True,0,,0.5496665760550786,,"time_left_min,mid_price,spread,volume_5min,price_velocity,hour_of_day,day_of_week,price_distance_from_max,price_momentum,spread_trend,volume_trend,price_deviation,spread_pct,log_time_left,is_final_phase,high_price_final"
605,BTC_decided,10,logreg,False,2026-08-09 11:46:13.209982+00,2026-08-09 11:46:13.209982+00,15m,,16,16,MATCH,,,,UNKNOWN_TARGET,no_manifest_no_era_proof,none,49c613981928cd4d414eb9af7dd181824e62cc3f2cc51694030c732fcdf6c3e4,2359,True,sklearn.calibration.CalibratedClassifierCV,True,0,,0.7478260544726547,,"time_left_min,mid_price,spread,volume_5min,price_velocity,hour_of_day,day_of_week,price_distance_from_max,price_momentum,spread_trend,volume_trend,price_deviation,spread_pct,log_time_left,is_final_phase,high_price_final"
612,SOLUSDT_low_vol,19,lgbm,False,2026-08-09 16:51:08.169445+00,,15m,low_vol,22,22,MATCH,0.65,0.65,f,CANONICAL_POLYMARKET_DIRECTION,manifest_target_source,contract_outcome,e93d8e9b880686684e0b2e2c55536c4d9da1578fedacd6492ab30545411a8c80,306056,True,sklearn.calibration.CalibratedClassifierCV,True,1,,0.5569218430052848,,"ret_1,ret_3,ret_6,vol_6,vol_24,vol_z_1,taker_buy_ratio,cvd_1,cvd_6,rsi_14,ema_ratio_9_21,bb_width,bb_position,dist_to_high_24,dist_to_low_24,range_1,range_avg_24,consec_balance,hour_sin,hour_cos,dow_sin,dow_cos"
613,SOLUSDT_mid_vol,18,lgbm,False,2026-08-09 16:51:08.169445+00,,15m,mid_vol,22,22,MATCH,0.65,0.5973667581630542,f,CANONICAL_POLYMARKET_DIRECTION,manifest_target_source,contract_outcome,2ebc41b1094380b916d55a147da8a839e30a7eafc64450089cc736bf69b38ca2,288469,True,sklearn.calibration.CalibratedClassifierCV,True,1,,0.5146432491329467,,"ret_1,ret_3,ret_6,vol_6,vol_24,vol_z_1,taker_buy_ratio,cvd_1,cvd_6,rsi_14,ema_ratio_9_21,bb_width,bb_position,dist_to_high_24,dist_to_low_24,range_1,range_avg_24,consec_balance,hour_sin,hour_cos,dow_sin,dow_cos"
614,SOLUSDT_high_vol,18,lgbm,False,2026-08-09 16:51:08.169445+00,2026-08-09 16:51:08.169445+00,15m,high_vol,22,22,MATCH,0.6331322289197893,0.6089853097218919,t,CANONICAL_POLYMARKET_DIRECTION,manifest_target_source,contract_outcome,3b2a345929057609cc6f750d5e521a4f9f98c75b5c3181fe6ba20c2508c995f2,315288,True,sklearn.calibration.CalibratedClassifierCV,True,1,,0.5119075754250157,,"ret_1,ret_3,ret_6,vol_6,vol_24,vol_z_1,taker_buy_ratio,cvd_1,cvd_6,rsi_14,ema_ratio_9_21,bb_width,bb_position,dist_to_high_24,dist_to_low_24,range_1,range_avg_24,consec_balance,hour_sin,hour_cos,dow_sin,dow_cos"
636,BTC,45,logreg,False,2026-08-10 11:54:32.409553+00,2026-08-10 11:54:32.408504+00,15m,,16,16,MATCH,0.8422424642654197,,f,POLYMARKET_FLIP_VS_FINAL_OUTCOME,manifest_target_source,market_end_favorite_loses,153b092b66bceefdf4956433d5bb8a536378aaba2bd20b3c10bc50a4bcaef5cb,2376,True,sklearn.calibration.CalibratedClassifierCV,True,0,,0.750018279539089,b2fcc9c2e43c2cc0610cb388bee123b8,"time_left_min,mid_price,spread,volume_5min,price_velocity,hour_of_day,day_of_week,price_distance_from_max,price_momentum,spread_trend,volume_trend,price_deviation,spread_pct,log_time_left,is_final_phase,high_price_final"
637,BTC_contested,6,logreg,True,2026-08-10 11:56:47.930781+00,2026-09-12 06:36:47.880225+00,15m,,16,16,MATCH,0.526541067028029,,t,POLYMARKET_FLIP_VS_FINAL_OUTCOME,manifest_target_source,market_end_favorite_loses,7570e515e9599250852db3577124b0ab3a3a6b5a27e5d942b0a2685bcd380803,2376,True,sklearn.calibration.CalibratedClassifierCV,True,0,,0.5313444695731897,,"time_left_min,mid_price,spread,volume_5min,price_velocity,hour_of_day,day_of_week,price_distance_from_max,price_momentum,spread_trend,volume_trend,price_deviation,spread_pct,log_time_left,is_final_phase,high_price_final"
638,BTC_leaning,7,logreg,False,2026-08-10 12:00:51.652312+00,2026-08-10 12:00:51.652336+00,15m,,16,16,MATCH,0.7027613188780392,,f,POLYMARKET_FLIP_VS_FINAL_OUTCOME,manifest_target_source,market_end_favorite_loses,0d4da36242c778b3f8ef174bae72482ebef4d142caf6d213231625641ade0a24,2376,True,sklearn.calibration.CalibratedClassifierCV,True,0,,0.5437733917945186,,"time_left_min,mid_price,spread,volume_5min,price_velocity,hour_of_day,day_of_week,price_distance_from_max,price_momentum,spread_trend,volume_trend,price_deviation,spread_pct,log_time_left,is_final_phase,high_price_final"
639,BTC_decided,11,logreg,False,2026-08-10 12:10:21.176635+00,2026-08-10 12:10:21.176655+00,15m,,16,16,MATCH,0.9999994316069625,,f,POLYMARKET_FLIP_VS_FINAL_OUTCOME,manifest_target_source,market_end_favorite_loses,d310cc4c5941bc3bc85a4f027be0a63122431817164d2dbb25fee95bb536c7a1,2376,True,sklearn.calibration.CalibratedClassifierCV,True,0,,0.7453083595860936,,"time_left_min,mid_price,spread,volume_5min,price_velocity,hour_of_day,day_of_week,price_distance_from_max,price_momentum,spread_trend,volume_trend,price_deviation,spread_pct,log_time_left,is_final_phase,high_price_final"
640,BTC,46,logreg,False,2026-08-10 12:32:53.381009+00,2026-08-10 12:32:53.166613+00,15m,,23,23,MATCH,0.8427984006544231,,f,POLYMARKET_FLIP_VS_FINAL_OUTCOME,manifest_target_source,market_end_favorite_loses,6df349f095b4cf988e524cdeb6116909e6c9917a58a125d5fe39fb323f885549,2724,True,sklearn.calibration.CalibratedClassifierCV,True,0,,0.74861724628785,e79e44c8bfaae184a15e83f4b7bd3c74,"time_left_min,mid_price,spread,volume_5min,price_velocity,hour_of_day,day_of_week,price_distance_from_max,price_momentum,spread_trend,volume_trend,price_deviation,spread_pct,log_time_left,is_final_phase,high_price_final,direction_lag_1,direction_lag_2,direction_lag_3,consecutive_up,consecutive_down,up_ratio_4,alternation_rate_6"
641,BTC_contested,7,logreg,False,2026-08-10 12:37:20.666163+00,2026-08-10 12:37:20.666187+00,15m,,23,23,MATCH,0.5810936262100062,,t,POLYMARKET_FLIP_VS_FINAL_OUTCOME,manifest_target_source,market_end_favorite_loses,b8aa4129b2d2b0a124fbcaf04ef9038af1d55488afecc8457abaca0f6f8215ef,2724,True,sklearn.calibration.CalibratedClassifierCV,True,0,,0.5309558008314905,,"time_left_min,mid_price,spread,volume_5min,price_velocity,hour_of_day,day_of_week,price_distance_from_max,price_momentum,spread_trend,volume_trend,price_deviation,spread_pct,log_time_left,is_final_phase,high_price_final,direction_lag_1,direction_lag_2,direction_lag_3,consecutive_up,consecutive_down,up_ratio_4,alternation_rate_6"
642,BTC_leaning,8,logreg,False,2026-08-10 12:39:58.652642+00,2026-08-10 12:39:58.652658+00,15m,,23,23,MATCH,0.6248562505568409,,t,POLYMARKET_FLIP_VS_FINAL_OUTCOME,manifest_target_source,market_end_favorite_loses,09eabae4c1381d2d0bc018b6b8d48a8216171575dd5ea14da3f0da2d9efba26a,2724,True,sklearn.calibration.CalibratedClassifierCV,True,0,,0.540740518285664,,"time_left_min,mid_price,spread,volume_5min,price_velocity,hour_of_day,day_of_week,price_distance_from_max,price_momentum,spread_trend,volume_trend,price_deviation,spread_pct,log_time_left,is_final_phase,high_price_final,direction_lag_1,direction_lag_2,direction_lag_3,consecutive_up,consecutive_down,up_ratio_4,alternation_rate_6"
643,BTC_decided,12,logreg,False,2026-08-10 12:43:57.424858+00,2026-08-10 12:43:57.424879+00,15m,,23,23,MATCH,0.9970796222775962,,f,POLYMARKET_FLIP_VS_FINAL_OUTCOME,manifest_target_source,market_end_favorite_loses,63b2be8b0bbc4df861a4a9deedb9bbe9f50eac15df916458a85fba922225f461,2724,True,sklearn.calibration.CalibratedClassifierCV,True,0,,0.739276035635036,,"time_left_min,mid_price,spread,volume_5min,price_velocity,hour_of_day,day_of_week,price_distance_from_max,price_momentum,spread_trend,volume_trend,price_deviation,spread_pct,log_time_left,is_final_phase,high_price_final,direction_lag_1,direction_lag_2,direction_lag_3,consecutive_up,consecutive_down,up_ratio_4,alternation_rate_6"
644,BTC,47,logreg,True,2026-08-10 13:00:26.958044+00,2026-08-10 13:00:26.95719+00,15m,,26,26,MATCH,0.8729104474340957,,f,POLYMARKET_FLIP_VS_FINAL_OUTCOME,manifest_target_source,market_end_favorite_loses,110cf4fbdab8e76d3aed4cff493c56d4d21d3f5f35cd2d7595ca60638ee5fbbf,2882,True,sklearn.calibration.CalibratedClassifierCV,True,0,,0.7486855244736657,ebc6941ceeab5659e9a50d82cc528501,"time_left_min,mid_price,spread,volume_5min,price_velocity,hour_of_day,day_of_week,price_distance_from_max,price_momentum,spread_trend,volume_trend,price_deviation,spread_pct,log_time_left,is_final_phase,high_price_final,direction_lag_1,direction_lag_2,direction_lag_3,consecutive_up,consecutive_down,up_ratio_4,alternation_rate_6,signed_trend_efficiency_6,signed_body_pct,body_to_range"
645,BTC_contested,8,logreg,False,2026-08-10 13:05:01.244052+00,2026-08-10 13:05:01.244081+00,15m,,26,26,MATCH,0.558357252262919,,t,POLYMARKET_FLIP_VS_FINAL_OUTCOME,manifest_target_source,market_end_favorite_loses,0a3081cc193bf0176b5df759b498245d5f317b7ec4e01f095fa9b693b87ac43f,2882,True,sklearn.calibration.CalibratedClassifierCV,True,0,,0.5311482074313931,,"time_left_min,mid_price,spread,volume_5min,price_velocity,hour_of_day,day_of_week,price_distance_from_max,price_momentum,spread_trend,volume_trend,price_deviation,spread_pct,log_time_left,is_final_phase,high_price_final,direction_lag_1,direction_lag_2,direction_lag_3,consecutive_up,consecutive_down,up_ratio_4,alternation_rate_6,signed_trend_efficiency_6,signed_body_pct,body_to_range"
646,BTC_leaning,9,logreg,False,2026-08-10 13:09:01.007166+00,2026-08-10 13:09:01.00718+00,15m,,26,26,MATCH,0.6389530798635263,,t,POLYMARKET_FLIP_VS_FINAL_OUTCOME,manifest_target_source,market_end_favorite_loses,6d695455f806f31521228f98b92bb71743a3b30431e83364bf22a18d38ac7b93,2882,True,sklearn.calibration.CalibratedClassifierCV,True,0,,0.5423429466314877,,"time_left_min,mid_price,spread,volume_5min,price_velocity,hour_of_day,day_of_week,price_distance_from_max,price_momentum,spread_trend,volume_trend,price_deviation,spread_pct,log_time_left,is_final_phase,high_price_final,direction_lag_1,direction_lag_2,direction_lag_3,consecutive_up,consecutive_down,up_ratio_4,alternation_rate_6,signed_trend_efficiency_6,signed_body_pct,body_to_range"
647,BTC_decided,13,logreg,False,2026-08-10 13:12:58.231943+00,2026-08-10 13:12:58.231962+00,15m,,26,26,MATCH,0.9999992503542645,,f,POLYMARKET_FLIP_VS_FINAL_OUTCOME,manifest_target_source,market_end_favorite_loses,8ace827dfd6efd1fb93af8b0ef17e67220441af037a3112914069f29aa13b7a4,2882,True,sklearn.calibration.CalibratedClassifierCV,True,0,,0.7382592427429111,,"time_left_min,mid_price,spread,volume_5min,price_velocity,hour_of_day,day_of_week,price_distance_from_max,price_momentum,spread_trend,volume_trend,price_deviation,spread_pct,log_time_left,is_final_phase,high_price_final,direction_lag_1,direction_lag_2,direction_lag_3,consecutive_up,consecutive_down,up_ratio_4,alternation_rate_6,signed_trend_efficiency_6,signed_body_pct,body_to_range"
648,ETH,45,logreg,False,2026-08-10 13:22:32.797322+00,2026-08-10 13:22:32.783894+00,15m,,16,16,MATCH,0.25527677093037526,,f,POLYMARKET_FLIP_VS_FINAL_OUTCOME,manifest_target_source,market_end_favorite_loses,87b486221a27fe8193174ef5cc8c489212a5d240c1d303c7bdbee445f149a0b0,2376,True,sklearn.calibration.CalibratedClassifierCV,True,0,,0.750969259803149,9b65725da890a0a09bbb17f30cef00c5,"time_left_min,mid_price,spread,volume_5min,price_velocity,hour_of_day,day_of_week,price_distance_from_max,price_momentum,spread_trend,volume_trend,price_deviation,spread_pct,log_time_left,is_final_phase,high_price_final"
649,ETH_contested,2,logreg,False,2026-08-10 13:25:05.026273+00,2026-08-10 13:25:05.026288+00,15m,,16,16,MATCH,0.2955725529904158,,f,POLYMARKET_FLIP_VS_FINAL_OUTCOME,manifest_target_source,market_end_favorite_loses,8a2dd466c8beb27c0218cf19aa6938639519f023da9d7f92ecfef459c6081d7f,2376,True,sklearn.calibration.CalibratedClassifierCV,True,0,,0.5208601383532697,,"time_left_min,mid_price,spread,volume_5min,price_velocity,hour_of_day,day_of_week,price_distance_from_max,price_momentum,spread_trend,volume_trend,price_deviation,spread_pct,log_time_left,is_final_phase,high_price_final"
650,ETH_leaning,11,logreg,True,2026-08-10 13:27:50.783347+00,2026-08-10 13:27:50.783361+00,15m,,16,16,MATCH,0.19440538247473652,,f,POLYMARKET_FLIP_VS_FINAL_OUTCOME,manifest_target_source,market_end_favorite_loses,a976069abeec1f90afb8d29ae38c38f313c9b48f99b1dae508e4c693be5c5863,2376,True,sklearn.calibration.CalibratedClassifierCV,True,0,,0.5560650185659206,,"time_left_min,mid_price,spread,volume_5min,price_velocity,hour_of_day,day_of_week,price_distance_from_max,price_momentum,spread_trend,volume_trend,price_deviation,spread_pct,log_time_left,is_final_phase,high_price_final"
651,ETH_decided,13,logreg,False,2026-08-10 13:32:08.516531+00,2026-08-10 13:32:08.516546+00,15m,,16,16,MATCH,0.14418361769954557,,f,POLYMARKET_FLIP_VS_FINAL_OUTCOME,manifest_target_source,market_end_favorite_loses,405ee0ed897121c27933f537fdd1dc748c665ec3a9c5faf3999b8fc039dbdd8d,2376,True,sklearn.calibration.CalibratedClassifierCV,True,0,,0.7495251580433502,,"time_left_min,mid_price,spread,volume_5min,price_velocity,hour_of_day,day_of_week,price_distance_from_max,price_momentum,spread_trend,volume_trend,price_deviation,spread_pct,log_time_left,is_final_phase,high_price_final"
652,ETH,46,logreg,False,2026-08-10 13:42:14.085555+00,2026-08-10 13:42:14.080109+00,15m,,23,23,MATCH,0.25551335772034733,,f,POLYMARKET_FLIP_VS_FINAL_OUTCOME,manifest_target_source,market_end_favorite_loses,a5af9b11de820f8f46a8f71d1ae2db8a358c063a0b4621b2ff5a22bc7174b94e,2724,True,sklearn.calibration.CalibratedClassifierCV,True,0,,0.7500983121242045,d6adb8166cb7e0da16bae2d9995c2c5d,"time_left_min,mid_price,spread,volume_5min,price_velocity,hour_of_day,day_of_week,price_distance_from_max,price_momentum,spread_trend,volume_trend,price_deviation,spread_pct,log_time_left,is_final_phase,high_price_final,direction_lag_1,direction_lag_2,direction_lag_3,consecutive_up,consecutive_down,up_ratio_4,alternation_rate_6"
653,ETH_contested,3,logreg,False,2026-08-10 13:44:35.364461+00,2026-08-10 13:44:35.364477+00,15m,,23,23,MATCH,0.530258069274626,,f,POLYMARKET_FLIP_VS_FINAL_OUTCOME,manifest_target_source,market_end_favorite_loses,726036b9bdfe6a8f292cc737227ce589c33ef002fa71463a11cff5d66e8a4829,2724,True,sklearn.calibration.CalibratedClassifierCV,True,0,,0.5195009045110782,,"time_left_min,mid_price,spread,volume_5min,price_velocity,hour_of_day,day_of_week,price_distance_from_max,price_momentum,spread_trend,volume_trend,price_deviation,spread_pct,log_time_left,is_final_phase,high_price_final,direction_lag_1,direction_lag_2,direction_lag_3,consecutive_up,consecutive_down,up_ratio_4,alternation_rate_6"
654,ETH_leaning,12,logreg,False,2026-08-10 13:48:40.841647+00,2026-08-10 13:48:40.84166+00,15m,,23,23,MATCH,0.19874979908449414,,f,POLYMARKET_FLIP_VS_FINAL_OUTCOME,manifest_target_source,market_end_favorite_loses,918d560a63d43eb0c4e42a7665f207d4cc6f7fe57a98b0fb62119e104569423b,2724,True,sklearn.calibration.CalibratedClassifierCV,True,0,,0.5546113166109654,,"time_left_min,mid_price,spread,volume_5min,price_velocity,hour_of_day,day_of_week,price_distance_from_max,price_momentum,spread_trend,volume_trend,price_deviation,spread_pct,log_time_left,is_final_phase,high_price_final,direction_lag_1,direction_lag_2,direction_lag_3,consecutive_up,consecutive_down,up_ratio_4,alternation_rate_6"
655,ETH_decided,14,logreg,False,2026-08-10 13:54:59.871881+00,2026-08-10 13:54:59.871903+00,15m,,23,23,MATCH,0.13480863206918642,,f,POLYMARKET_FLIP_VS_FINAL_OUTCOME,manifest_target_source,market_end_favorite_loses,254ba9ef2e82d16958e6f622bcd44994561271b3d6278c4466bdd84a3b0abe9a,2724,True,sklearn.calibration.CalibratedClassifierCV,True,0,,0.7487811245139836,,"time_left_min,mid_price,spread,volume_5min,price_velocity,hour_of_day,day_of_week,price_distance_from_max,price_momentum,spread_trend,volume_trend,price_deviation,spread_pct,log_time_left,is_final_phase,high_price_final,direction_lag_1,direction_lag_2,direction_lag_3,consecutive_up,consecutive_down,up_ratio_4,alternation_rate_6"
656,ETH,47,logreg,True,2026-08-10 14:03:41.360011+00,2026-08-10 14:03:41.348683+00,15m,,26,26,MATCH,0.22922831221233606,,f,POLYMARKET_FLIP_VS_FINAL_OUTCOME,manifest_target_source,market_end_favorite_loses,f4955fdc65b37d5493e37f3ede6419abb16f3776afab084cee26266cec085616,2882,True,sklearn.calibration.CalibratedClassifierCV,True,0,,0.7489080385905773,299e33e40aefcb64b6b3dced828a890f,"time_left_min,mid_price,spread,volume_5min,price_velocity,hour_of_day,day_of_week,price_distance_from_max,price_momentum,spread_trend,volume_trend,price_deviation,spread_pct,log_time_left,is_final_phase,high_price_final,direction_lag_1,direction_lag_2,direction_lag_3,consecutive_up,consecutive_down,up_ratio_4,alternation_rate_6,signed_trend_efficiency_6,signed_body_pct,body_to_range"
657,ETH_contested,4,logreg,False,2026-08-10 14:05:59.870003+00,2026-08-10 14:05:59.870023+00,15m,,26,26,MATCH,0.5218657829594465,,f,POLYMARKET_FLIP_VS_FINAL_OUTCOME,manifest_target_source,market_end_favorite_loses,18932708a1e3d50fc7a8402912955ba72f6ceac90fea64497e7dbc67c7cc4d19,2882,True,sklearn.calibration.CalibratedClassifierCV,True,0,,0.5029167859559033,,"time_left_min,mid_price,spread,volume_5min,price_velocity,hour_of_day,day_of_week,price_distance_from_max,price_momentum,spread_trend,volume_trend,price_deviation,spread_pct,log_time_left,is_final_phase,high_price_final,direction_lag_1,direction_lag_2,direction_lag_3,consecutive_up,consecutive_down,up_ratio_4,alternation_rate_6,signed_trend_efficiency_6,signed_body_pct,body_to_range"
658,ETH_leaning,13,logreg,False,2026-08-10 14:08:22.575474+00,2026-08-10 14:08:22.575494+00,15m,,26,26,MATCH,0.22627556508295033,,f,POLYMARKET_FLIP_VS_FINAL_OUTCOME,manifest_target_source,market_end_favorite_loses,e9661b9ed33a4e53272b72775410531f13d4f60237b3ffdfaeb3b56366a86681,2882,True,sklearn.calibration.CalibratedClassifierCV,True,0,,0.5516282140118569,,"time_left_min,mid_price,spread,volume_5min,price_velocity,hour_of_day,day_of_week,price_distance_from_max,price_momentum,spread_trend,volume_trend,price_deviation,spread_pct,log_time_left,is_final_phase,high_price_final,direction_lag_1,direction_lag_2,direction_lag_3,consecutive_up,consecutive_down,up_ratio_4,alternation_rate_6,signed_trend_efficiency_6,signed_body_pct,body_to_range"
659,ETH_decided,15,logreg,False,2026-08-10 14:12:12.123854+00,2026-08-10 14:12:12.123868+00,15m,,26,26,MATCH,0.13055357223224898,,f,POLYMARKET_FLIP_VS_FINAL_OUTCOME,manifest_target_source,market_end_favorite_loses,69f33479b3cd62d5798e495d802a91282270f637a6ac34978454e82801cb3e67,2882,True,sklearn.calibration.CalibratedClassifierCV,True,0,,0.7428401758082146,,"time_left_min,mid_price,spread,volume_5min,price_velocity,hour_of_day,day_of_week,price_distance_from_max,price_momentum,spread_trend,volume_trend,price_deviation,spread_pct,log_time_left,is_final_phase,high_price_final,direction_lag_1,direction_lag_2,direction_lag_3,consecutive_up,consecutive_down,up_ratio_4,alternation_rate_6,signed_trend_efficiency_6,signed_body_pct,body_to_range"
660,SOL,33,logreg,False,2026-08-10 14:21:06.193264+00,2026-08-10 14:21:06.19229+00,15m,,16,16,MATCH,0.7741325194437803,,f,POLYMARKET_FLIP_VS_FINAL_OUTCOME,manifest_target_source,market_end_favorite_loses,2b8efe335187a0b03b818fa15d3f27aa1d49cc4fd5c16a27dddae93a538f032c,2376,True,sklearn.calibration.CalibratedClassifierCV,True,0,,0.7470237081260456,c840a630c002225ef6a9c57c043bdb33,"time_left_min,mid_price,spread,volume_5min,price_velocity,hour_of_day,day_of_week,price_distance_from_max,price_momentum,spread_trend,volume_trend,price_deviation,spread_pct,log_time_left,is_final_phase,high_price_final"
661,SOL_contested,1,logreg,False,2026-08-10 14:23:43.109139+00,2026-08-10 14:23:43.109167+00,15m,,16,16,MATCH,0.23311816664272572,,f,POLYMARKET_FLIP_VS_FINAL_OUTCOME,manifest_target_source,market_end_favorite_loses,03a6966737597b163a00e8bfa6fe0dd149b498038fdbb0ba72f33f23218af989,2376,True,sklearn.calibration.CalibratedClassifierCV,True,0,,0.5262285084421617,,"time_left_min,mid_price,spread,volume_5min,price_velocity,hour_of_day,day_of_week,price_distance_from_max,price_momentum,spread_trend,volume_trend,price_deviation,spread_pct,log_time_left,is_final_phase,high_price_final"
662,SOL_leaning,11,logreg,False,2026-08-10 14:25:58.584926+00,2026-08-10 14:25:58.58495+00,15m,,16,16,MATCH,0.18006129637478901,,f,POLYMARKET_FLIP_VS_FINAL_OUTCOME,manifest_target_source,market_end_favorite_loses,072e6ab1980a860853dcc208d20b8ec9f04ebfaa3dea99b80525fe725f132ede,2376,True,sklearn.calibration.CalibratedClassifierCV,True,0,,0.549835318953191,,"time_left_min,mid_price,spread,volume_5min,price_velocity,hour_of_day,day_of_week,price_distance_from_max,price_momentum,spread_trend,volume_trend,price_deviation,spread_pct,log_time_left,is_final_phase,high_price_final"
663,SOL_decided,12,logreg,False,2026-08-10 14:29:01.848891+00,2026-08-10 14:29:01.848912+00,15m,,16,16,MATCH,0.9074859227971437,,f,POLYMARKET_FLIP_VS_FINAL_OUTCOME,manifest_target_source,market_end_favorite_loses,98639ec7602eb25f4a8936550ebf9208c13c6fa46e09a1ec7dc762eb55333e09,2376,True,sklearn.calibration.CalibratedClassifierCV,True,0,,0.7572466886234699,,"time_left_min,mid_price,spread,volume_5min,price_velocity,hour_of_day,day_of_week,price_distance_from_max,price_momentum,spread_trend,volume_trend,price_deviation,spread_pct,log_time_left,is_final_phase,high_price_final"
664,SOL,34,logreg,False,2026-08-10 14:41:48.391544+00,2026-08-10 14:41:48.388433+00,15m,,23,23,MATCH,0.7321758604574713,,f,POLYMARKET_FLIP_VS_FINAL_OUTCOME,manifest_target_source,market_end_favorite_loses,af9dc6d19ac053187ab9de7bf6aa4b4c86b45f8accae7b8b4b525691d6e0dd84,2724,True,sklearn.calibration.CalibratedClassifierCV,True,0,,0.7439403379807968,a3624af9e4aacb5ed31848f55c2c8b7e,"time_left_min,mid_price,spread,volume_5min,price_velocity,hour_of_day,day_of_week,price_distance_from_max,price_momentum,spread_trend,volume_trend,price_deviation,spread_pct,log_time_left,is_final_phase,high_price_final,direction_lag_1,direction_lag_2,direction_lag_3,consecutive_up,consecutive_down,up_ratio_4,alternation_rate_6"
665,SOL_contested,2,logreg,True,2026-08-10 14:44:20.863462+00,2026-08-10 14:44:20.863476+00,15m,,23,23,MATCH,0.5146183600225944,,f,POLYMARKET_FLIP_VS_FINAL_OUTCOME,manifest_target_source,market_end_favorite_loses,3b2fe1f4e2490c563bb9cbe107eaace1480af26562a32f12cf228e71ec20e2b6,2724,True,sklearn.calibration.CalibratedClassifierCV,True,0,,0.5233978418830042,,"time_left_min,mid_price,spread,volume_5min,price_velocity,hour_of_day,day_of_week,price_distance_from_max,price_momentum,spread_trend,volume_trend,price_deviation,spread_pct,log_time_left,is_final_phase,high_price_final,direction_lag_1,direction_lag_2,direction_lag_3,consecutive_up,consecutive_down,up_ratio_4,alternation_rate_6"
666,SOL_leaning,12,logreg,True,2026-08-10 14:46:51.313757+00,2026-08-10 14:46:51.313773+00,15m,,23,23,MATCH,0.6244753690556031,,t,POLYMARKET_FLIP_VS_FINAL_OUTCOME,manifest_target_source,market_end_favorite_loses,1c3bd669fbfc0b5fac0d3de5e2f8bd193866f1166240d96c420b4041062448a4,2724,True,sklearn.calibration.CalibratedClassifierCV,True,0,,0.5485462148453935,,"time_left_min,mid_price,spread,volume_5min,price_velocity,hour_of_day,day_of_week,price_distance_from_max,price_momentum,spread_trend,volume_trend,price_deviation,spread_pct,log_time_left,is_final_phase,high_price_final,direction_lag_1,direction_lag_2,direction_lag_3,consecutive_up,consecutive_down,up_ratio_4,alternation_rate_6"
667,SOL_decided,13,logreg,False,2026-08-10 14:50:25.315908+00,2026-08-10 14:50:25.315926+00,15m,,23,23,MATCH,0.8831693556444389,,f,POLYMARKET_FLIP_VS_FINAL_OUTCOME,manifest_target_source,market_end_favorite_loses,a311d0e043bd5b161f8fa0aa8462cbce64835d8cebb7f8a5a212c39340246640,2724,True,sklearn.calibration.CalibratedClassifierCV,True,0,,0.7517936595591312,,"time_left_min,mid_price,spread,volume_5min,price_velocity,hour_of_day,day_of_week,price_distance_from_max,price_momentum,spread_trend,volume_trend,price_deviation,spread_pct,log_time_left,is_final_phase,high_price_final,direction_lag_1,direction_lag_2,direction_lag_3,consecutive_up,consecutive_down,up_ratio_4,alternation_rate_6"
668,SOL,35,logreg,False,2026-08-10 15:00:18.316733+00,2026-08-10 15:00:18.311357+00,15m,,26,26,MATCH,0.729685647937774,,f,POLYMARKET_FLIP_VS_FINAL_OUTCOME,manifest_target_source,market_end_favorite_loses,1926694e252e6bcccdee7b12a229bc7d7a8c72dd06df82cbe3979a19fe824fda,2882,True,sklearn.calibration.CalibratedClassifierCV,True,0,,0.7440832344318612,dffdb336cdc9ba1a5468deae3090f11a,"time_left_min,mid_price,spread,volume_5min,price_velocity,hour_of_day,day_of_week,price_distance_from_max,price_momentum,spread_trend,volume_trend,price_deviation,spread_pct,log_time_left,is_final_phase,high_price_final,direction_lag_1,direction_lag_2,direction_lag_3,consecutive_up,consecutive_down,up_ratio_4,alternation_rate_6,signed_trend_efficiency_6,signed_body_pct,body_to_range"
669,SOL_contested,3,logreg,False,2026-08-10 15:02:34.079687+00,2026-08-10 15:02:34.079708+00,15m,,26,26,MATCH,0.2741821987808137,,f,POLYMARKET_FLIP_VS_FINAL_OUTCOME,manifest_target_source,market_end_favorite_loses,6dd76a9e72aa7f68cc04e10965d5ec582bb3bc9afe52e74090e4236c25946953,2882,True,sklearn.calibration.CalibratedClassifierCV,True,0,,0.521952777011055,,"time_left_min,mid_price,spread,volume_5min,price_velocity,hour_of_day,day_of_week,price_distance_from_max,price_momentum,spread_trend,volume_trend,price_deviation,spread_pct,log_time_left,is_final_phase,high_price_final,direction_lag_1,direction_lag_2,direction_lag_3,consecutive_up,consecutive_down,up_ratio_4,alternation_rate_6,signed_trend_efficiency_6,signed_body_pct,body_to_range"
670,SOL_leaning,13,logreg,False,2026-08-10 15:05:31.80623+00,2026-08-10 15:05:31.806251+00,15m,,26,26,MATCH,0.6031066847064067,,t,POLYMARKET_FLIP_VS_FINAL_OUTCOME,manifest_target_source,market_end_favorite_loses,e1482f34112771ccbda7fa420a8a4a88138c4cf72c9e2551ae85a9d69504863d,2882,True,sklearn.calibration.CalibratedClassifierCV,True,0,,0.5509540466125051,,"time_left_min,mid_price,spread,volume_5min,price_velocity,hour_of_day,day_of_week,price_distance_from_max,price_momentum,spread_trend,volume_trend,price_deviation,spread_pct,log_time_left,is_final_phase,high_price_final,direction_lag_1,direction_lag_2,direction_lag_3,consecutive_up,consecutive_down,up_ratio_4,alternation_rate_6,signed_trend_efficiency_6,signed_body_pct,body_to_range"
671,SOL_decided,14,logreg,False,2026-08-10 15:09:33.335976+00,2026-08-10 15:09:33.335997+00,15m,,26,26,MATCH,0.8639031503462403,,f,POLYMARKET_FLIP_VS_FINAL_OUTCOME,manifest_target_source,market_end_favorite_loses,9dfbfc5a28b194d31bc4e7575f9d78ec59b7ca46696e3c2eb11326f3051b1046,2882,True,sklearn.calibration.CalibratedClassifierCV,True,0,,0.7519840829637532,,"time_left_min,mid_price,spread,volume_5min,price_velocity,hour_of_day,day_of_week,price_distance_from_max,price_momentum,spread_trend,volume_trend,price_deviation,spread_pct,log_time_left,is_final_phase,high_price_final,direction_lag_1,direction_lag_2,direction_lag_3,consecutive_up,consecutive_down,up_ratio_4,alternation_rate_6,signed_trend_efficiency_6,signed_body_pct,body_to_range"
672,XRP,34,logreg,False,2026-08-10 15:19:19.916611+00,2026-08-10 15:19:19.913241+00,15m,,16,16,MATCH,0.23870139889233966,,f,POLYMARKET_FLIP_VS_FINAL_OUTCOME,manifest_target_source,market_end_favorite_loses,797935e153f725f09312ad1764d185ff0f02459c9d95982ce342ecc987e7d21f,2376,True,sklearn.calibration.CalibratedClassifierCV,True,0,,0.743766090490769,0e532647c88698f99b64fb5d1a732b64,"time_left_min,mid_price,spread,volume_5min,price_velocity,hour_of_day,day_of_week,price_distance_from_max,price_momentum,spread_trend,volume_trend,price_deviation,spread_pct,log_time_left,is_final_phase,high_price_final"
673,XRP_contested,1,logreg,False,2026-08-10 15:21:26.065999+00,2026-08-10 15:21:26.066016+00,15m,,16,16,MATCH,0.5235428033079763,,f,POLYMARKET_FLIP_VS_FINAL_OUTCOME,manifest_target_source,market_end_favorite_loses,5060593da883130f7c858c7b2af16d4ef29dbd2f5701aa0f61a363055913c9c9,2376,True,sklearn.calibration.CalibratedClassifierCV,True,0,,0.5158564275479558,,"time_left_min,mid_price,spread,volume_5min,price_velocity,hour_of_day,day_of_week,price_distance_from_max,price_momentum,spread_trend,volume_trend,price_deviation,spread_pct,log_time_left,is_final_phase,high_price_final"
674,XRP_leaning,14,logreg,False,2026-08-10 15:24:31.565632+00,2026-08-10 15:24:31.56568+00,15m,,16,16,MATCH,0.448402979501784,,f,POLYMARKET_FLIP_VS_FINAL_OUTCOME,manifest_target_source,market_end_favorite_loses,e6846113f36d12ee543fbb4efde9171e102f4531c2713b82e01096d90cc503cd,2376,True,sklearn.calibration.CalibratedClassifierCV,True,0,,0.537506188132233,,"time_left_min,mid_price,spread,volume_5min,price_velocity,hour_of_day,day_of_week,price_distance_from_max,price_momentum,spread_trend,volume_trend,price_deviation,spread_pct,log_time_left,is_final_phase,high_price_final"
675,XRP_decided,14,logreg,False,2026-08-10 15:27:40.610488+00,2026-08-10 15:27:40.610504+00,15m,,16,16,MATCH,0.126044896808754,,f,POLYMARKET_FLIP_VS_FINAL_OUTCOME,manifest_target_source,market_end_favorite_loses,313dad435a8b0469d48e413d389c24ef11c9f70f3a27fed5eb40cf302568c9dd,2376,True,sklearn.calibration.CalibratedClassifierCV,True,0,,0.7453567870885057,,"time_left_min,mid_price,spread,volume_5min,price_velocity,hour_of_day,day_of_week,price_distance_from_max,price_momentum,spread_trend,volume_trend,price_deviation,spread_pct,log_time_left,is_final_phase,high_price_final"
676,XRP,35,logreg,False,2026-08-10 15:38:02.807754+00,2026-08-10 15:38:02.806885+00,15m,,23,23,MATCH,0.23709654483703865,,f,POLYMARKET_FLIP_VS_FINAL_OUTCOME,manifest_target_source,market_end_favorite_loses,b3f872c073812ac443e2c4f3f25fee74b1828264e39e1132e735234c27d75661,2724,True,sklearn.calibration.CalibratedClassifierCV,True,0,,0.7420422432892634,44b1ab1453f5145cfdffcf00b45a5f94,"time_left_min,mid_price,spread,volume_5min,price_velocity,hour_of_day,day_of_week,price_distance_from_max,price_momentum,spread_trend,volume_trend,price_deviation,spread_pct,log_time_left,is_final_phase,high_price_final,direction_lag_1,direction_lag_2,direction_lag_3,consecutive_up,consecutive_down,up_ratio_4,alternation_rate_6"
677,XRP_contested,2,logreg,False,2026-08-10 15:40:17.319953+00,2026-08-10 15:40:17.319969+00,15m,,23,23,MATCH,0.5471604997566258,,f,POLYMARKET_FLIP_VS_FINAL_OUTCOME,manifest_target_source,market_end_favorite_loses,8def9f33f82366b66d19e4caa9b0fa87db845de3e256d7bc1c0ea2c57a59f0c5,2724,True,sklearn.calibration.CalibratedClassifierCV,True,0,,0.5173759902768154,,"time_left_min,mid_price,spread,volume_5min,price_velocity,hour_of_day,day_of_week,price_distance_from_max,price_momentum,spread_trend,volume_trend,price_deviation,spread_pct,log_time_left,is_final_phase,high_price_final,direction_lag_1,direction_lag_2,direction_lag_3,consecutive_up,consecutive_down,up_ratio_4,alternation_rate_6"
678,XRP_leaning,15,logreg,False,2026-08-10 15:42:35.339525+00,2026-08-10 15:42:35.339546+00,15m,,23,23,MATCH,0.45036718086599037,,t,POLYMARKET_FLIP_VS_FINAL_OUTCOME,manifest_target_source,market_end_favorite_loses,b32e74c3c5c37fcb875769de0fc996f1f9d77006483bf5b7ebb26b810bab7dde,2724,True,sklearn.calibration.CalibratedClassifierCV,True,0,,0.5353586424506547,,"time_left_min,mid_price,spread,volume_5min,price_velocity,hour_of_day,day_of_week,price_distance_from_max,price_momentum,spread_trend,volume_trend,price_deviation,spread_pct,log_time_left,is_final_phase,high_price_final,direction_lag_1,direction_lag_2,direction_lag_3,consecutive_up,consecutive_down,up_ratio_4,alternation_rate_6"
679,XRP_decided,15,logreg,False,2026-08-10 15:46:27.810767+00,2026-08-10 15:46:27.810784+00,15m,,23,23,MATCH,0.12240661700700387,,f,POLYMARKET_FLIP_VS_FINAL_OUTCOME,manifest_target_source,market_end_favorite_loses,ab689ca12425a1c7ada7bef74fc9f833bd9fb88237cb4d0f5e6ced3807c0752b,2724,True,sklearn.calibration.CalibratedClassifierCV,True,0,,0.7385475767751934,,"time_left_min,mid_price,spread,volume_5min,price_velocity,hour_of_day,day_of_week,price_distance_from_max,price_momentum,spread_trend,volume_trend,price_deviation,spread_pct,log_time_left,is_final_phase,high_price_final,direction_lag_1,direction_lag_2,direction_lag_3,consecutive_up,consecutive_down,up_ratio_4,alternation_rate_6"
680,XRP,36,logreg,False,2026-08-10 15:56:27.857665+00,2026-08-10 15:56:27.844471+00,15m,,26,26,MATCH,0.21966686755650547,,f,POLYMARKET_FLIP_VS_FINAL_OUTCOME,manifest_target_source,market_end_favorite_loses,cce62308dbf043a24e159a0f7a411cabb23ac2adc2688250d80f67b6e6a3c0c5,2882,True,sklearn.calibration.CalibratedClassifierCV,True,0,,0.7418838918779298,6fa5dff62f27f9f7a9b4a8be569cd71b,"time_left_min,mid_price,spread,volume_5min,price_velocity,hour_of_day,day_of_week,price_distance_from_max,price_momentum,spread_trend,volume_trend,price_deviation,spread_pct,log_time_left,is_final_phase,high_price_final,direction_lag_1,direction_lag_2,direction_lag_3,consecutive_up,consecutive_down,up_ratio_4,alternation_rate_6,signed_trend_efficiency_6,signed_body_pct,body_to_range"
681,XRP_contested,3,logreg,False,2026-08-10 15:58:33.866787+00,2026-08-10 15:58:33.866833+00,15m,,26,26,MATCH,0.3245842349871509,,f,POLYMARKET_FLIP_VS_FINAL_OUTCOME,manifest_target_source,market_end_favorite_loses,d29fab9fc129f7f0132cbcc4de73c278f1d1225fac342972943d7449754ea01b,2882,True,sklearn.calibration.CalibratedClassifierCV,True,0,,0.5154359043222682,,"time_left_min,mid_price,spread,volume_5min,price_velocity,hour_of_day,day_of_week,price_distance_from_max,price_momentum,spread_trend,volume_trend,price_deviation,spread_pct,log_time_left,is_final_phase,high_price_final,direction_lag_1,direction_lag_2,direction_lag_3,consecutive_up,consecutive_down,up_ratio_4,alternation_rate_6,signed_trend_efficiency_6,signed_body_pct,body_to_range"
682,XRP_leaning,16,logreg,False,2026-08-10 16:00:47.366631+00,2026-08-10 16:00:47.36665+00,15m,,26,26,MATCH,0.4424355801874694,,f,POLYMARKET_FLIP_VS_FINAL_OUTCOME,manifest_target_source,market_end_favorite_loses,2811f543f2af085fb1bf514acfe9437a5f63139c281a5461a412935cdd3fe47b,2882,True,sklearn.calibration.CalibratedClassifierCV,True,0,,0.5350780374556523,,"time_left_min,mid_price,spread,volume_5min,price_velocity,hour_of_day,day_of_week,price_distance_from_max,price_momentum,spread_trend,volume_trend,price_deviation,spread_pct,log_time_left,is_final_phase,high_price_final,direction_lag_1,direction_lag_2,direction_lag_3,consecutive_up,consecutive_down,up_ratio_4,alternation_rate_6,signed_trend_efficiency_6,signed_body_pct,body_to_range"
683,XRP_decided,16,logreg,False,2026-08-10 16:09:14.603304+00,2026-08-10 16:09:14.603331+00,15m,,26,26,MATCH,0.1210212479870237,,f,POLYMARKET_FLIP_VS_FINAL_OUTCOME,manifest_target_source,market_end_favorite_loses,a3ffa6f2c9806d70c0270f190aaad02480bcfc63ec8a7fa76c79f4c1a1d7aa96,2882,True,sklearn.calibration.CalibratedClassifierCV,True,0,,0.7350227883746324,,"time_left_min,mid_price,spread,volume_5min,price_velocity,hour_of_day,day_of_week,price_distance_from_max,price_momentum,spread_trend,volume_trend,price_deviation,spread_pct,log_time_left,is_final_phase,high_price_final,direction_lag_1,direction_lag_2,direction_lag_3,consecutive_up,consecutive_down,up_ratio_4,alternation_rate_6,signed_trend_efficiency_6,signed_body_pct,body_to_range"
684,DOGE,33,logreg,False,2026-08-10 17:03:59.322559+00,2026-08-10 17:03:59.305163+00,15m,,16,16,MATCH,0.682537405593184,,f,POLYMARKET_FLIP_VS_FINAL_OUTCOME,manifest_target_source,market_end_favorite_loses,b0919a6c28a1d63f03d373f4fa5490cc57ff58d7dff662d25ebd172ef9cc00dc,2376,True,sklearn.calibration.CalibratedClassifierCV,True,0,,0.7319233737202223,cb09e67bb20ebf075573cc85126cc30d,"time_left_min,mid_price,spread,volume_5min,price_velocity,hour_of_day,day_of_week,price_distance_from_max,price_momentum,spread_trend,volume_trend,price_deviation,spread_pct,log_time_left,is_final_phase,high_price_final"
685,DOGE_contested,5,logreg,False,2026-08-10 17:06:00.563233+00,2026-08-10 17:06:00.56325+00,15m,,16,16,MATCH,0.28104166962779664,,f,POLYMARKET_FLIP_VS_FINAL_OUTCOME,manifest_target_source,market_end_favorite_loses,09348579b28fc299b52184c9a2ca905c178e0000f2077d7ff1ed7511260100ce,2376,True,sklearn.calibration.CalibratedClassifierCV,True,0,,0.4931409888009145,,"time_left_min,mid_price,spread,volume_5min,price_velocity,hour_of_day,day_of_week,price_distance_from_max,price_momentum,spread_trend,volume_trend,price_deviation,spread_pct,log_time_left,is_final_phase,high_price_final"
686,DOGE_leaning,13,logreg,False,2026-08-10 17:08:13.33844+00,2026-08-10 17:08:13.338457+00,15m,,16,16,MATCH,0.13204911399586425,,f,POLYMARKET_FLIP_VS_FINAL_OUTCOME,manifest_target_source,market_end_favorite_loses,1a7839d9ca71d380a0c01d7e880988428c08b79e0d0eb3823cec921bc3872657,2376,True,sklearn.calibration.CalibratedClassifierCV,True,0,,0.5491657049524153,,"time_left_min,mid_price,spread,volume_5min,price_velocity,hour_of_day,day_of_week,price_distance_from_max,price_momentum,spread_trend,volume_trend,price_deviation,spread_pct,log_time_left,is_final_phase,high_price_final"
687,DOGE_decided,13,logreg,False,2026-08-10 17:11:07.339574+00,2026-08-10 17:11:07.339593+00,15m,,16,16,MATCH,0.13146415345737672,,f,POLYMARKET_FLIP_VS_FINAL_OUTCOME,manifest_target_source,market_end_favorite_loses,784fc7081ed81af70e7113f2185657f6efe593dfa2c9dde1cab09ee5f33a82a6,2376,True,sklearn.calibration.CalibratedClassifierCV,True,0,,0.7382567900141525,,"time_left_min,mid_price,spread,volume_5min,price_velocity,hour_of_day,day_of_week,price_distance_from_max,price_momentum,spread_trend,volume_trend,price_deviation,spread_pct,log_time_left,is_final_phase,high_price_final"
688,DOGE,34,logreg,False,2026-08-10 17:19:15.33068+00,2026-08-10 17:19:15.328775+00,15m,,23,23,MATCH,0.6913940049111369,,f,POLYMARKET_FLIP_VS_FINAL_OUTCOME,manifest_target_source,market_end_favorite_loses,4035f942adebfdda7f0591ed6f28106e6a3e28d42c0d333534a149cfa95c0b93,2724,True,sklearn.calibration.CalibratedClassifierCV,True,0,,0.7310632108266046,c755ccc539ccc2570506e5ca3a76ac08,"time_left_min,mid_price,spread,volume_5min,price_velocity,hour_of_day,day_of_week,price_distance_from_max,price_momentum,spread_trend,volume_trend,price_deviation,spread_pct,log_time_left,is_final_phase,high_price_final,direction_lag_1,direction_lag_2,direction_lag_3,consecutive_up,consecutive_down,up_ratio_4,alternation_rate_6"
689,DOGE_contested,6,logreg,False,2026-08-10 17:21:25.117603+00,2026-08-10 17:21:25.117621+00,15m,,23,23,MATCH,0.5360239245377906,,f,POLYMARKET_FLIP_VS_FINAL_OUTCOME,manifest_target_source,market_end_favorite_loses,6031ba4994a8e4de57a0186919b74139c750e00f06c9d1aeb7eac3c377b1fc0b,2724,True,sklearn.calibration.CalibratedClassifierCV,True,0,,0.494767353626575,,"time_left_min,mid_price,spread,volume_5min,price_velocity,hour_of_day,day_of_week,price_distance_from_max,price_momentum,spread_trend,volume_trend,price_deviation,spread_pct,log_time_left,is_final_phase,high_price_final,direction_lag_1,direction_lag_2,direction_lag_3,consecutive_up,consecutive_down,up_ratio_4,alternation_rate_6"
690,DOGE_leaning,14,logreg,False,2026-08-10 17:24:07.864887+00,2026-08-10 17:24:07.864901+00,15m,,23,23,MATCH,0.07439391250213884,,f,POLYMARKET_FLIP_VS_FINAL_OUTCOME,manifest_target_source,market_end_favorite_loses,40359917e05d227880309ba0592446e24a880e799c6ef9271323aa5e4416aba9,2724,True,sklearn.calibration.CalibratedClassifierCV,True,0,,0.545625228879668,,"time_left_min,mid_price,spread,volume_5min,price_velocity,hour_of_day,day_of_week,price_distance_from_max,price_momentum,spread_trend,volume_trend,price_deviation,spread_pct,log_time_left,is_final_phase,high_price_final,direction_lag_1,direction_lag_2,direction_lag_3,consecutive_up,consecutive_down,up_ratio_4,alternation_rate_6"
691,DOGE_decided,14,logreg,False,2026-08-10 17:27:32.361757+00,2026-08-10 17:27:32.361779+00,15m,,23,23,MATCH,0.4544452133168029,,t,POLYMARKET_FLIP_VS_FINAL_OUTCOME,manifest_target_source,market_end_favorite_loses,ede42e8428ef390c0ac5ac7b89c63fae8b131f4ee3fbf1186f55aa6a97398056,2724,True,sklearn.calibration.CalibratedClassifierCV,True,0,,0.7355743268177326,,"time_left_min,mid_price,spread,volume_5min,price_velocity,hour_of_day,day_of_week,price_distance_from_max,price_momentum,spread_trend,volume_trend,price_deviation,spread_pct,log_time_left,is_final_phase,high_price_final,direction_lag_1,direction_lag_2,direction_lag_3,consecutive_up,consecutive_down,up_ratio_4,alternation_rate_6"
692,DOGE,35,logreg,True,2026-08-10 17:38:05.387502+00,2026-08-10 17:38:05.383092+00,15m,,26,26,MATCH,0.7379101764174901,,f,POLYMARKET_FLIP_VS_FINAL_OUTCOME,manifest_target_source,market_end_favorite_loses,a21f3fee8815be9315d960ca703448a9c594a7ba4c1fd9b95e215e1a9cac827c,2882,True,sklearn.calibration.CalibratedClassifierCV,True,0,,0.73011582856971,291d47e0851ddccf57d57331dbc4626c,"time_left_min,mid_price,spread,volume_5min,price_velocity,hour_of_day,day_of_week,price_distance_from_max,price_momentum,spread_trend,volume_trend,price_deviation,spread_pct,log_time_left,is_final_phase,high_price_final,direction_lag_1,direction_lag_2,direction_lag_3,consecutive_up,consecutive_down,up_ratio_4,alternation_rate_6,signed_trend_efficiency_6,signed_body_pct,body_to_range"
693,DOGE_contested,7,logreg,False,2026-08-10 17:41:54.910752+00,2026-08-10 17:41:54.91077+00,15m,,26,26,MATCH,0.5323354873138286,,f,POLYMARKET_FLIP_VS_FINAL_OUTCOME,manifest_target_source,market_end_favorite_loses,6886f4709c4466216e87fdc995bf46aa9f40adf41df9f9546ff7c14e49747b91,2882,True,sklearn.calibration.CalibratedClassifierCV,True,0,,0.4929826760084574,,"time_left_min,mid_price,spread,volume_5min,price_velocity,hour_of_day,day_of_week,price_distance_from_max,price_momentum,spread_trend,volume_trend,price_deviation,spread_pct,log_time_left,is_final_phase,high_price_final,direction_lag_1,direction_lag_2,direction_lag_3,consecutive_up,consecutive_down,up_ratio_4,alternation_rate_6,signed_trend_efficiency_6,signed_body_pct,body_to_range"
694,DOGE_leaning,15,logreg,False,2026-08-10 17:47:12.896614+00,2026-08-10 17:47:12.896634+00,15m,,26,26,MATCH,0.7349154329080538,,f,POLYMARKET_FLIP_VS_FINAL_OUTCOME,manifest_target_source,market_end_favorite_loses,a7fa670e2e11230f851175536d86bf829d38edd509ce258d59bb00370e9a1365,2882,True,sklearn.calibration.CalibratedClassifierCV,True,0,,0.5442040543531593,,"time_left_min,mid_price,spread,volume_5min,price_velocity,hour_of_day,day_of_week,price_distance_from_max,price_momentum,spread_trend,volume_trend,price_deviation,spread_pct,log_time_left,is_final_phase,high_price_final,direction_lag_1,direction_lag_2,direction_lag_3,consecutive_up,consecutive_down,up_ratio_4,alternation_rate_6,signed_trend_efficiency_6,signed_body_pct,body_to_range"
695,DOGE_decided,15,logreg,False,2026-08-10 17:54:24.671545+00,2026-08-10 17:54:24.671566+00,15m,,26,26,MATCH,0.14307712740293457,,f,POLYMARKET_FLIP_VS_FINAL_OUTCOME,manifest_target_source,market_end_favorite_loses,2b5b7d3c96b1fe28943d362d0eb9946902b8752d96930a93d487741b97106882,2882,True,sklearn.calibration.CalibratedClassifierCV,True,0,,0.7307697448358449,,"time_left_min,mid_price,spread,volume_5min,price_velocity,hour_of_day,day_of_week,price_distance_from_max,price_momentum,spread_trend,volume_trend,price_deviation,spread_pct,log_time_left,is_final_phase,high_price_final,direction_lag_1,direction_lag_2,direction_lag_3,consecutive_up,consecutive_down,up_ratio_4,alternation_rate_6,signed_trend_efficiency_6,signed_body_pct,body_to_range"
696,BTCUSDT_low_vol,31,lgbm,False,2026-08-11 16:43:45.306612+00,2026-08-11 23:59:28.805269+00,15m,low_vol,22,22,MATCH,0.6444340794623943,0.7271226724750806,f,CANONICAL_POLYMARKET_DIRECTION,manifest_target_source,contract_outcome,4ecf4ca65accd3d47422d5d467573c9ee78169b120442d3ee75ab02492ea1c67,295976,True,sklearn.calibration.CalibratedClassifierCV,True,1,1487,0.5119700779296122,0960d345097b255114ff13c39775a58f,"ret_1,ret_3,ret_6,vol_6,vol_24,vol_z_1,taker_buy_ratio,cvd_1,cvd_6,rsi_14,ema_ratio_9_21,bb_width,bb_position,dist_to_high_24,dist_to_low_24,range_1,range_avg_24,consec_balance,hour_sin,hour_cos,dow_sin,dow_cos"
697,BTCUSDT_mid_vol,25,lgbm,False,2026-08-11 16:43:45.306612+00,2026-08-11 23:59:19.950065+00,15m,mid_vol,22,22,MATCH,0.36358901853951103,0.6461893472089368,f,CANONICAL_POLYMARKET_DIRECTION,manifest_target_source,contract_outcome,c46e25eee92ca007bdee1fb96d3d461f7faaafabc45dd5b7446f258b7d0acc3a,312182,True,sklearn.calibration.CalibratedClassifierCV,True,1,1532,0.49464418133560334,98c842e3224d1b7df388981f6d67c6f3,"ret_1,ret_3,ret_6,vol_6,vol_24,vol_z_1,taker_buy_ratio,cvd_1,cvd_6,rsi_14,ema_ratio_9_21,bb_width,bb_position,dist_to_high_24,dist_to_low_24,range_1,range_avg_24,consec_balance,hour_sin,hour_cos,dow_sin,dow_cos"
698,BTCUSDT_high_vol,30,lgbm,False,2026-08-11 16:43:45.306612+00,2026-08-11 23:59:31.847743+00,15m,high_vol,22,22,MATCH,0.5778829782102658,0.53170527834061,t,CANONICAL_POLYMARKET_DIRECTION,manifest_target_source,contract_outcome,8c754902f3151dede97d2e9b46574d8e33f45648b91bea30bb653302e68cc259,302706,True,sklearn.calibration.CalibratedClassifierCV,True,1,1487,0.5248371535348642,1a0e63115591c9070a823a0bd4031fa9,"ret_1,ret_3,ret_6,vol_6,vol_24,vol_z_1,taker_buy_ratio,cvd_1,cvd_6,rsi_14,ema_ratio_9_21,bb_width,bb_position,dist_to_high_24,dist_to_low_24,range_1,range_avg_24,consec_balance,hour_sin,hour_cos,dow_sin,dow_cos"
699,BTCUSDT_low_vol,32,lgbm,False,2026-08-11 18:12:10.737632+00,,15m,low_vol,29,29,MATCH,0.6010159515972717,0.6629264692801096,f,CANONICAL_POLYMARKET_DIRECTION,manifest_target_source,contract_outcome,5f2caf202af90562e3401e116e043b6e0aba9183761b17a1365e1eb1d1024d96,305850,True,sklearn.calibration.CalibratedClassifierCV,True,1,1489,0.5144710158993444,36ba3b6ed83c1e10254866ab3dd74db8,"ret_1,ret_3,ret_6,vol_6,vol_24,vol_z_1,taker_buy_ratio,cvd_1,cvd_6,rsi_14,ema_ratio_9_21,bb_width,bb_position,dist_to_high_24,dist_to_low_24,range_1,range_avg_24,consec_balance,hour_sin,hour_cos,dow_sin,dow_cos,direction_lag_1,direction_lag_2,direction_lag_3,consecutive_up,consecutive_down,up_ratio_4,alternation_rate_6"
700,BTCUSDT_mid_vol,26,lgbm,False,2026-08-11 18:12:10.737632+00,,15m,mid_vol,29,29,MATCH,0.5446588692640942,0.5822537672942685,f,CANONICAL_POLYMARKET_DIRECTION,manifest_target_source,contract_outcome,05c0bdfaf03dd2c0ec67e4f15ecfa04b6e998883c6e4aecf2bcd59589ad9dc5f,316478,True,sklearn.calibration.CalibratedClassifierCV,True,1,1534,0.5038665581909699,2ab1dbaf9f5a39cbdfa3b4d132cf93b3,"ret_1,ret_3,ret_6,vol_6,vol_24,vol_z_1,taker_buy_ratio,cvd_1,cvd_6,rsi_14,ema_ratio_9_21,bb_width,bb_position,dist_to_high_24,dist_to_low_24,range_1,range_avg_24,consec_balance,hour_sin,hour_cos,dow_sin,dow_cos,direction_lag_1,direction_lag_2,direction_lag_3,consecutive_up,consecutive_down,up_ratio_4,alternation_rate_6"
701,BTCUSDT_high_vol,31,lgbm,True,2026-08-11 18:12:10.737632+00,2026-08-20 17:19:28.533716+00,15m,high_vol,29,29,MATCH,0.5724042066234722,0.5359809894209913,t,CANONICAL_POLYMARKET_DIRECTION,manifest_target_source,contract_outcome,55de3bcf905994151b20a2accd7e6803d8a5fc91617de2fbc41b64e26ff1c893,289797,True,sklearn.calibration.CalibratedClassifierCV,True,1,1489,0.5186023244768038,8531cab106521b40b90d69839596efa6,"ret_1,ret_3,ret_6,vol_6,vol_24,vol_z_1,taker_buy_ratio,cvd_1,cvd_6,rsi_14,ema_ratio_9_21,bb_width,bb_position,dist_to_high_24,dist_to_low_24,range_1,range_avg_24,consec_balance,hour_sin,hour_cos,dow_sin,dow_cos,direction_lag_1,direction_lag_2,direction_lag_3,consecutive_up,consecutive_down,up_ratio_4,alternation_rate_6"
702,BTCUSDT_low_vol,33,lgbm,False,2026-08-11 18:34:50.179042+00,,15m,low_vol,32,32,MATCH,0.611086608776378,0.5953069456563305,t,CANONICAL_POLYMARKET_DIRECTION,manifest_target_source,contract_outcome,9d62be8806b6c7c41fdbe2b97b8abb258d2fe66d721cb4d3ec8e8b93ef295cfe,299966,True,sklearn.calibration.CalibratedClassifierCV,True,1,1489,0.5131827232993355,9e6f9f89960b8d28feb9173a573b4895,"ret_1,ret_3,ret_6,vol_6,vol_24,vol_z_1,taker_buy_ratio,cvd_1,cvd_6,rsi_14,ema_ratio_9_21,bb_width,bb_position,dist_to_high_24,dist_to_low_24,range_1,range_avg_24,consec_balance,hour_sin,hour_cos,dow_sin,dow_cos,direction_lag_1,direction_lag_2,direction_lag_3,consecutive_up,consecutive_down,up_ratio_4,alternation_rate_6,signed_trend_efficiency_6,signed_body_pct,body_to_range"
703,BTCUSDT_mid_vol,27,lgbm,False,2026-08-11 18:34:50.179042+00,,15m,mid_vol,32,32,MATCH,0.5839231703313746,0.597358455857096,f,CANONICAL_POLYMARKET_DIRECTION,manifest_target_source,contract_outcome,eea2c522dda0cdc1d2af33b58b1278a7d61ff49d3716e63f580807b1316b1322,310833,True,sklearn.calibration.CalibratedClassifierCV,True,1,1535,0.5117779917683177,a5a0d10e9aaf32c2793ff17df04e0c12,"ret_1,ret_3,ret_6,vol_6,vol_24,vol_z_1,taker_buy_ratio,cvd_1,cvd_6,rsi_14,ema_ratio_9_21,bb_width,bb_position,dist_to_high_24,dist_to_low_24,range_1,range_avg_24,consec_balance,hour_sin,hour_cos,dow_sin,dow_cos,direction_lag_1,direction_lag_2,direction_lag_3,consecutive_up,consecutive_down,up_ratio_4,alternation_rate_6,signed_trend_efficiency_6,signed_body_pct,body_to_range"
704,BTCUSDT_high_vol,32,lgbm,False,2026-08-11 18:34:50.179042+00,,15m,high_vol,32,32,MATCH,0.5813646796424707,0.5412939496573459,t,CANONICAL_POLYMARKET_DIRECTION,manifest_target_source,contract_outcome,3213d18c52a48fe23a06aed483b58132752174050995f85c59c668a548a4b13c,300412,True,sklearn.calibration.CalibratedClassifierCV,True,1,1489,0.48256497785760305,3bac68c5c114b76c666a218a97b40fd6,"ret_1,ret_3,ret_6,vol_6,vol_24,vol_z_1,taker_buy_ratio,cvd_1,cvd_6,rsi_14,ema_ratio_9_21,bb_width,bb_position,dist_to_high_24,dist_to_low_24,range_1,range_avg_24,consec_balance,hour_sin,hour_cos,dow_sin,dow_cos,direction_lag_1,direction_lag_2,direction_lag_3,consecutive_up,consecutive_down,up_ratio_4,alternation_rate_6,signed_trend_efficiency_6,signed_body_pct,body_to_range"
705,ETHUSDT_low_vol,27,lgbm,False,2026-08-11 23:52:12.774563+00,2026-08-11 23:52:12.774563+00,15m,low_vol,22,22,MATCH,0.6523817608347745,0.3357904661626082,t,CANONICAL_POLYMARKET_DIRECTION,manifest_target_source,contract_outcome,98cd68b18c16e379bc0fe60b8bcfb439b5d51a49039515a227da23b1c583e72e,324883,True,sklearn.calibration.CalibratedClassifierCV,True,1,1496,0.4961829768814045,798aca65f8a70bebee71b05b6c4c23ca,"ret_1,ret_3,ret_6,vol_6,vol_24,vol_z_1,taker_buy_ratio,cvd_1,cvd_6,rsi_14,ema_ratio_9_21,bb_width,bb_position,dist_to_high_24,dist_to_low_24,range_1,range_avg_24,consec_balance,hour_sin,hour_cos,dow_sin,dow_cos"
706,ETHUSDT_mid_vol,21,lgbm,False,2026-08-11 23:52:12.774563+00,2026-08-11 23:52:12.774563+00,15m,mid_vol,22,22,MATCH,0.6406231650120295,0.6553209205408617,f,CANONICAL_POLYMARKET_DIRECTION,manifest_target_source,contract_outcome,75b69b678bdb5809398455261c574ce21a3f87177a00aa0fe3ab443458088591,315882,True,sklearn.calibration.CalibratedClassifierCV,True,1,1541,0.5367871419709026,abc5f9990f9010ea7cc2887544b0bd25,"ret_1,ret_3,ret_6,vol_6,vol_24,vol_z_1,taker_buy_ratio,cvd_1,cvd_6,rsi_14,ema_ratio_9_21,bb_width,bb_position,dist_to_high_24,dist_to_low_24,range_1,range_avg_24,consec_balance,hour_sin,hour_cos,dow_sin,dow_cos"
707,ETHUSDT_high_vol,26,lgbm,False,2026-08-11 23:52:12.774563+00,2026-08-11 23:52:12.774563+00,15m,high_vol,22,22,MATCH,0.690260270920638,0.6725770993929718,t,CANONICAL_POLYMARKET_DIRECTION,manifest_target_source,contract_outcome,9b330d3fe0b77f76564e6f3a81070654b389fdd15db4dc434ef4db73344a4f92,315904,True,sklearn.calibration.CalibratedClassifierCV,True,1,1496,0.5042593220389414,221aa7ecac3d4e6a0af536b693cafea7,"ret_1,ret_3,ret_6,vol_6,vol_24,vol_z_1,taker_buy_ratio,cvd_1,cvd_6,rsi_14,ema_ratio_9_21,bb_width,bb_position,dist_to_high_24,dist_to_low_24,range_1,range_avg_24,consec_balance,hour_sin,hour_cos,dow_sin,dow_cos"
708,ETHUSDT_low_vol,28,lgbm,False,2026-08-11 23:53:14.846709+00,2026-08-19 04:27:42.865176+00,15m,low_vol,29,29,MATCH,0.6636430559942181,0.65052668980524,t,CANONICAL_POLYMARKET_DIRECTION,manifest_target_source,contract_outcome,6035e67f7d0554558063111fcb5bc1c8a1fae7f0839774461fd5e07143c6ad77,331230,True,sklearn.calibration.CalibratedClassifierCV,True,1,1496,0.5011326571407924,f4c6164bc40db7bdb363f81c229e4a96,"ret_1,ret_3,ret_6,vol_6,vol_24,vol_z_1,taker_buy_ratio,cvd_1,cvd_6,rsi_14,ema_ratio_9_21,bb_width,bb_position,dist_to_high_24,dist_to_low_24,range_1,range_avg_24,consec_balance,hour_sin,hour_cos,dow_sin,dow_cos,direction_lag_1,direction_lag_2,direction_lag_3,consecutive_up,consecutive_down,up_ratio_4,alternation_rate_6"
709,ETHUSDT_mid_vol,22,lgbm,False,2026-08-11 23:53:14.846709+00,,15m,mid_vol,29,29,MATCH,0.6160694345383119,0.5768080508155087,t,CANONICAL_POLYMARKET_DIRECTION,manifest_target_source,contract_outcome,6c8a815f2ae30a6b2b31bd6f49fa5661f9adaf71a3c64290a0246f25cc97486e,317747,True,sklearn.calibration.CalibratedClassifierCV,True,1,1541,0.5362957098042519,de745d5e6bdd563d4020b6858bc18eec,"ret_1,ret_3,ret_6,vol_6,vol_24,vol_z_1,taker_buy_ratio,cvd_1,cvd_6,rsi_14,ema_ratio_9_21,bb_width,bb_position,dist_to_high_24,dist_to_low_24,range_1,range_avg_24,consec_balance,hour_sin,hour_cos,dow_sin,dow_cos,direction_lag_1,direction_lag_2,direction_lag_3,consecutive_up,consecutive_down,up_ratio_4,alternation_rate_6"
710,ETHUSDT_high_vol,27,lgbm,False,2026-08-11 23:53:14.846709+00,,15m,high_vol,29,29,MATCH,0.6472945353936305,0.34520037603804543,t,CANONICAL_POLYMARKET_DIRECTION,manifest_target_source,contract_outcome,29e9cc050775739f406db94e86f5f800236fd880258bf65370da295d34524b69,316585,True,sklearn.calibration.CalibratedClassifierCV,True,1,1496,0.5127052258159761,b40e172c9403cfd8043b17b496be7673,"ret_1,ret_3,ret_6,vol_6,vol_24,vol_z_1,taker_buy_ratio,cvd_1,cvd_6,rsi_14,ema_ratio_9_21,bb_width,bb_position,dist_to_high_24,dist_to_low_24,range_1,range_avg_24,consec_balance,hour_sin,hour_cos,dow_sin,dow_cos,direction_lag_1,direction_lag_2,direction_lag_3,consecutive_up,consecutive_down,up_ratio_4,alternation_rate_6"
711,ETHUSDT_low_vol,29,lgbm,False,2026-08-11 23:56:00.063495+00,,15m,low_vol,32,32,MATCH,0.5872455564252533,0.5824298380595005,t,CANONICAL_POLYMARKET_DIRECTION,manifest_target_source,contract_outcome,45a23e344585b479a53fe12d48c059109030ae7e3d00fc7be825e95a6ce1ef75,335541,True,sklearn.calibration.CalibratedClassifierCV,True,1,1496,0.4718108405893878,71ba0b13ee865e092ef8cf5530370ec6,"ret_1,ret_3,ret_6,vol_6,vol_24,vol_z_1,taker_buy_ratio,cvd_1,cvd_6,rsi_14,ema_ratio_9_21,bb_width,bb_position,dist_to_high_24,dist_to_low_24,range_1,range_avg_24,consec_balance,hour_sin,hour_cos,dow_sin,dow_cos,direction_lag_1,direction_lag_2,direction_lag_3,consecutive_up,consecutive_down,up_ratio_4,alternation_rate_6,signed_trend_efficiency_6,signed_body_pct,body_to_range"
712,ETHUSDT_mid_vol,23,lgbm,False,2026-08-11 23:56:00.063495+00,,15m,mid_vol,32,32,MATCH,0.5719724571193759,0.5896328148263159,f,CANONICAL_POLYMARKET_DIRECTION,manifest_target_source,contract_outcome,bbe6339ca2512f8cf6ed858eed650e218bfc5f003d28604eddc45a370874db7c,313647,True,sklearn.calibration.CalibratedClassifierCV,True,1,1541,0.5376775444011587,0be7fc89e02acd9ab3f6423a818406a6,"ret_1,ret_3,ret_6,vol_6,vol_24,vol_z_1,taker_buy_ratio,cvd_1,cvd_6,rsi_14,ema_ratio_9_21,bb_width,bb_position,dist_to_high_24,dist_to_low_24,range_1,range_avg_24,consec_balance,hour_sin,hour_cos,dow_sin,dow_cos,direction_lag_1,direction_lag_2,direction_lag_3,consecutive_up,consecutive_down,up_ratio_4,alternation_rate_6,signed_trend_efficiency_6,signed_body_pct,body_to_range"
713,ETHUSDT_high_vol,28,lgbm,False,2026-08-11 23:56:00.063495+00,2026-08-19 16:39:02.711491+00,15m,high_vol,32,32,MATCH,0.6431952662184949,0.358639510637351,t,CANONICAL_POLYMARKET_DIRECTION,manifest_target_source,contract_outcome,50e07841a181fcb524dd15092bcce7e2053f299aa2bf55c0e829bd6b0ff2d4f7,314431,True,sklearn.calibration.CalibratedClassifierCV,True,1,1496,0.521979575026611,c3d8d8e72458ad70e707849128ae8d67,"ret_1,ret_3,ret_6,vol_6,vol_24,vol_z_1,taker_buy_ratio,cvd_1,cvd_6,rsi_14,ema_ratio_9_21,bb_width,bb_position,dist_to_high_24,dist_to_low_24,range_1,range_avg_24,consec_balance,hour_sin,hour_cos,dow_sin,dow_cos,direction_lag_1,direction_lag_2,direction_lag_3,consecutive_up,consecutive_down,up_ratio_4,alternation_rate_6,signed_trend_efficiency_6,signed_body_pct,body_to_range"
714,DOGEUSDT_low_vol,16,lgbm,False,2026-08-12 00:06:10.344771+00,,15m,low_vol,22,22,MATCH,0.75,0.6718761892406265,t,CANONICAL_POLYMARKET_DIRECTION,manifest_target_source,contract_outcome,8b41fc4f1255ae52fc8038f4cf1c4a4331c389561534bad41bdfbdc07abf9b8e,320578,True,sklearn.calibration.CalibratedClassifierCV,True,1,1467,0.5200164385954723,e8925f9a9dcb422e71c268e8cf0cb086,"ret_1,ret_3,ret_6,vol_6,vol_24,vol_z_1,taker_buy_ratio,cvd_1,cvd_6,rsi_14,ema_ratio_9_21,bb_width,bb_position,dist_to_high_24,dist_to_low_24,range_1,range_avg_24,consec_balance,hour_sin,hour_cos,dow_sin,dow_cos"
715,DOGEUSDT_mid_vol,16,lgbm,False,2026-08-12 00:06:10.344771+00,,15m,mid_vol,22,22,MATCH,0.5695893878312719,0.43055450757215763,t,CANONICAL_POLYMARKET_DIRECTION,manifest_target_source,contract_outcome,cf6b51489ffa559402f5b688d7c19872ca05a5a480fa806c9a7c5962e83f3d2b,296719,True,sklearn.calibration.CalibratedClassifierCV,True,1,1511,0.4902121867579098,4fe3e3ad71561e2391a1cc39125e8b2c,"ret_1,ret_3,ret_6,vol_6,vol_24,vol_z_1,taker_buy_ratio,cvd_1,cvd_6,rsi_14,ema_ratio_9_21,bb_width,bb_position,dist_to_high_24,dist_to_low_24,range_1,range_avg_24,consec_balance,hour_sin,hour_cos,dow_sin,dow_cos"
716,DOGEUSDT_high_vol,15,lgbm,False,2026-08-12 00:06:10.344771+00,,15m,high_vol,22,22,MATCH,0.5714123252528452,0.5718389173884848,f,CANONICAL_POLYMARKET_DIRECTION,manifest_target_source,contract_outcome,2940db1c305b16f0148118d681d93d281a2f9420fb90ed82c76523ccb29d83bc,315125,True,sklearn.calibration.CalibratedClassifierCV,True,1,1467,0.5049577313296225,7e02301c8a8f40a14acbe525cdf90441,"ret_1,ret_3,ret_6,vol_6,vol_24,vol_z_1,taker_buy_ratio,cvd_1,cvd_6,rsi_14,ema_ratio_9_21,bb_width,bb_position,dist_to_high_24,dist_to_low_24,range_1,range_avg_24,consec_balance,hour_sin,hour_cos,dow_sin,dow_cos"
717,DOGEUSDT_low_vol,17,lgbm,False,2026-08-12 00:24:29.337082+00,2026-08-12 00:24:29.337082+00,15m,low_vol,29,29,MATCH,0.75,0.6910477713842724,t,CANONICAL_POLYMARKET_DIRECTION,manifest_target_source,contract_outcome,01eb770e0e644e72782e45323f6fb91e2f4960f23bb69a9dec395fd17eb4f18c,330016,True,sklearn.calibration.CalibratedClassifierCV,True,1,1467,0.5214253782881227,967e4fca8f3ea3b60b3249b784b82949,"ret_1,ret_3,ret_6,vol_6,vol_24,vol_z_1,taker_buy_ratio,cvd_1,cvd_6,rsi_14,ema_ratio_9_21,bb_width,bb_position,dist_to_high_24,dist_to_low_24,range_1,range_avg_24,consec_balance,hour_sin,hour_cos,dow_sin,dow_cos,direction_lag_1,direction_lag_2,direction_lag_3,consecutive_up,consecutive_down,up_ratio_4,alternation_rate_6"
718,DOGEUSDT_mid_vol,17,lgbm,False,2026-08-12 00:24:29.337082+00,2026-08-12 00:24:29.337082+00,15m,mid_vol,29,29,MATCH,0.5841820601760643,0.4157029511621114,t,CANONICAL_POLYMARKET_DIRECTION,manifest_target_source,contract_outcome,87e1d42f26dee5ed70c6ed092c4a792a0b8795664001c3097602a94d4e0002fa,291757,True,sklearn.calibration.CalibratedClassifierCV,True,1,1512,0.4737681727203672,df22c2c8ade3580038273adfd2d35bc7,"ret_1,ret_3,ret_6,vol_6,vol_24,vol_z_1,taker_buy_ratio,cvd_1,cvd_6,rsi_14,ema_ratio_9_21,bb_width,bb_position,dist_to_high_24,dist_to_low_24,range_1,range_avg_24,consec_balance,hour_sin,hour_cos,dow_sin,dow_cos,direction_lag_1,direction_lag_2,direction_lag_3,consecutive_up,consecutive_down,up_ratio_4,alternation_rate_6"
719,DOGEUSDT_high_vol,16,lgbm,False,2026-08-12 00:24:29.337082+00,2026-08-12 00:24:29.337082+00,15m,high_vol,29,29,MATCH,0.5730261539319774,0.33497140269429637,t,CANONICAL_POLYMARKET_DIRECTION,manifest_target_source,contract_outcome,78ec7c4a1ba4030a516d6c43a6546e45854302963ee0cb5e2e8f3cd2e7e4f16c,315974,True,sklearn.calibration.CalibratedClassifierCV,True,1,1467,0.4786208782456427,ddc67f067e42e8f1cc4bc644e1ac72dc,"ret_1,ret_3,ret_6,vol_6,vol_24,vol_z_1,taker_buy_ratio,cvd_1,cvd_6,rsi_14,ema_ratio_9_21,bb_width,bb_position,dist_to_high_24,dist_to_low_24,range_1,range_avg_24,consec_balance,hour_sin,hour_cos,dow_sin,dow_cos,direction_lag_1,direction_lag_2,direction_lag_3,consecutive_up,consecutive_down,up_ratio_4,alternation_rate_6"
720,DOGEUSDT_low_vol,18,lgbm,False,2026-08-12 00:31:08.837786+00,2026-08-12 00:31:08.837786+00,15m,low_vol,32,32,MATCH,0.6874187575592233,0.6977643206031074,f,CANONICAL_POLYMARKET_DIRECTION,manifest_target_source,contract_outcome,0db44c64279232343bc02e3ef961ae36f8dc6f8f2cc4932fb9a2a3168d4a91e6,323283,True,sklearn.calibration.CalibratedClassifierCV,True,1,1468,0.5327171791763293,6347a65e2c863aa181116311a69c6bd6,"ret_1,ret_3,ret_6,vol_6,vol_24,vol_z_1,taker_buy_ratio,cvd_1,cvd_6,rsi_14,ema_ratio_9_21,bb_width,bb_position,dist_to_high_24,dist_to_low_24,range_1,range_avg_24,consec_balance,hour_sin,hour_cos,dow_sin,dow_cos,direction_lag_1,direction_lag_2,direction_lag_3,consecutive_up,consecutive_down,up_ratio_4,alternation_rate_6,signed_trend_efficiency_6,signed_body_pct,body_to_range"
721,DOGEUSDT_mid_vol,18,lgbm,False,2026-08-12 00:31:08.837786+00,2026-08-12 00:31:08.837786+00,15m,mid_vol,32,32,MATCH,0.5855980428819508,0.6007775810107993,f,CANONICAL_POLYMARKET_DIRECTION,manifest_target_source,contract_outcome,8742cd4b5a074804b4f92234d01818facd9e19e58170772b1f74c5d12b7d7141,288852,True,sklearn.calibration.CalibratedClassifierCV,True,1,1511,0.49702481719588876,813f496297a869ceaf36a76c87730356,"ret_1,ret_3,ret_6,vol_6,vol_24,vol_z_1,taker_buy_ratio,cvd_1,cvd_6,rsi_14,ema_ratio_9_21,bb_width,bb_position,dist_to_high_24,dist_to_low_24,range_1,range_avg_24,consec_balance,hour_sin,hour_cos,dow_sin,dow_cos,direction_lag_1,direction_lag_2,direction_lag_3,consecutive_up,consecutive_down,up_ratio_4,alternation_rate_6,signed_trend_efficiency_6,signed_body_pct,body_to_range"
722,DOGEUSDT_high_vol,17,lgbm,False,2026-08-12 00:31:08.837786+00,2026-08-12 00:31:08.837786+00,15m,high_vol,32,32,MATCH,0.5673179876116027,0.565631910555688,t,CANONICAL_POLYMARKET_DIRECTION,manifest_target_source,contract_outcome,b8cfc2397ab710f0a003c3ca064ff910d2b650708687f4a4cadb6ec6131de4a9,313330,True,sklearn.calibration.CalibratedClassifierCV,True,1,1468,0.48158129806857203,9f2017b1972a48c754ae9aa1af7119fc,"ret_1,ret_3,ret_6,vol_6,vol_24,vol_z_1,taker_buy_ratio,cvd_1,cvd_6,rsi_14,ema_ratio_9_21,bb_width,bb_position,dist_to_high_24,dist_to_low_24,range_1,range_avg_24,consec_balance,hour_sin,hour_cos,dow_sin,dow_cos,direction_lag_1,direction_lag_2,direction_lag_3,consecutive_up,consecutive_down,up_ratio_4,alternation_rate_6,signed_trend_efficiency_6,signed_body_pct,body_to_range"
723,XRPUSDT_low_vol,18,lgbm,False,2026-08-12 00:43:44.565635+00,2026-08-19 05:00:24.061502+00,15m,low_vol,22,22,MATCH,0.6680559323619293,0.6484621643230045,t,CANONICAL_POLYMARKET_DIRECTION,manifest_target_source,contract_outcome,8f8573a6d4ab1a0103c8c1ebad31ae81958c198804053364dd9f676567592590,291730,True,sklearn.calibration.CalibratedClassifierCV,True,1,1468,0.5292155639545736,3b4c2713be1c1ff39d7e6122172c9700,"ret_1,ret_3,ret_6,vol_6,vol_24,vol_z_1,taker_buy_ratio,cvd_1,cvd_6,rsi_14,ema_ratio_9_21,bb_width,bb_position,dist_to_high_24,dist_to_low_24,range_1,range_avg_24,consec_balance,hour_sin,hour_cos,dow_sin,dow_cos"
724,XRPUSDT_mid_vol,18,lgbm,True,2026-08-12 00:43:44.565635+00,2026-08-19 16:42:51.326329+00,15m,mid_vol,22,22,MATCH,0.6087238400695851,0.55,t,CANONICAL_POLYMARKET_DIRECTION,manifest_target_source,contract_outcome,82664fa494388e393dde62d9be05679bde1906c15fd881abae59bbc83a30a037,291483,True,sklearn.calibration.CalibratedClassifierCV,True,1,1512,0.5062718275276497,3430abf65b7fa2777fa03fe2fd809674,"ret_1,ret_3,ret_6,vol_6,vol_24,vol_z_1,taker_buy_ratio,cvd_1,cvd_6,rsi_14,ema_ratio_9_21,bb_width,bb_position,dist_to_high_24,dist_to_low_24,range_1,range_avg_24,consec_balance,hour_sin,hour_cos,dow_sin,dow_cos"
725,XRPUSDT_high_vol,17,lgbm,False,2026-08-12 00:43:44.565635+00,2026-08-12 00:43:44.565635+00,15m,high_vol,22,22,MATCH,0.5667632074520645,0.6231995396158616,f,CANONICAL_POLYMARKET_DIRECTION,manifest_target_source,contract_outcome,329a6ce0292e0e9059dc3e428d1cdd0acecb46c8c7c0d4dc2392db93c26e4d0b,298839,True,sklearn.calibration.CalibratedClassifierCV,True,1,1468,0.5016083467999535,66ce79a7b45d0fef22b038fbaec06729,"ret_1,ret_3,ret_6,vol_6,vol_24,vol_z_1,taker_buy_ratio,cvd_1,cvd_6,rsi_14,ema_ratio_9_21,bb_width,bb_position,dist_to_high_24,dist_to_low_24,range_1,range_avg_24,consec_balance,hour_sin,hour_cos,dow_sin,dow_cos"
726,XRPUSDT_low_vol,19,lgbm,False,2026-08-12 00:44:31.971073+00,,15m,low_vol,29,29,MATCH,0.5977913699758444,0.6160524263704412,f,CANONICAL_POLYMARKET_DIRECTION,manifest_target_source,contract_outcome,850899421b29c72c5c6eb15f35a4e4e179c5ddfd57fcdc449180a8438527c5a9,294513,True,sklearn.calibration.CalibratedClassifierCV,True,1,1468,0.4885001551136754,2f9a17f84cbcf945db75b4710dfe3edd,"ret_1,ret_3,ret_6,vol_6,vol_24,vol_z_1,taker_buy_ratio,cvd_1,cvd_6,rsi_14,ema_ratio_9_21,bb_width,bb_position,dist_to_high_24,dist_to_low_24,range_1,range_avg_24,consec_balance,hour_sin,hour_cos,dow_sin,dow_cos,direction_lag_1,direction_lag_2,direction_lag_3,consecutive_up,consecutive_down,up_ratio_4,alternation_rate_6"
727,XRPUSDT_mid_vol,19,lgbm,False,2026-08-12 00:44:31.971073+00,,15m,mid_vol,29,29,MATCH,0.651568465518723,0.30012736673483176,t,CANONICAL_POLYMARKET_DIRECTION,manifest_target_source,contract_outcome,4ce130e2e01ccfbf8f3119a3dcf123ca97d0947ad7e385fc0ab3c05986bfab4f,291208,True,sklearn.calibration.CalibratedClassifierCV,True,1,1512,0.4985823140539999,c7d4fcde9d14cd622504859b31f9128c,"ret_1,ret_3,ret_6,vol_6,vol_24,vol_z_1,taker_buy_ratio,cvd_1,cvd_6,rsi_14,ema_ratio_9_21,bb_width,bb_position,dist_to_high_24,dist_to_low_24,range_1,range_avg_24,consec_balance,hour_sin,hour_cos,dow_sin,dow_cos,direction_lag_1,direction_lag_2,direction_lag_3,consecutive_up,consecutive_down,up_ratio_4,alternation_rate_6"
728,XRPUSDT_high_vol,18,lgbm,False,2026-08-12 00:44:31.971073+00,,15m,high_vol,29,29,MATCH,0.33005154475436843,0.6246684818080517,f,CANONICAL_POLYMARKET_DIRECTION,manifest_target_source,contract_outcome,c58736aad252c79837e6c34e8de1657aa06d154fe9e896ebd4f9c1af97908ec4,297048,True,sklearn.calibration.CalibratedClassifierCV,True,1,1468,0.5017222129823395,352734d60a42e9dbb4d2cae15eb8932f,"ret_1,ret_3,ret_6,vol_6,vol_24,vol_z_1,taker_buy_ratio,cvd_1,cvd_6,rsi_14,ema_ratio_9_21,bb_width,bb_position,dist_to_high_24,dist_to_low_24,range_1,range_avg_24,consec_balance,hour_sin,hour_cos,dow_sin,dow_cos,direction_lag_1,direction_lag_2,direction_lag_3,consecutive_up,consecutive_down,up_ratio_4,alternation_rate_6"
729,XRPUSDT_low_vol,20,lgbm,False,2026-08-12 00:47:14.293988+00,,15m,low_vol,32,32,MATCH,0.5671586314392383,0.6468261121948411,f,CANONICAL_POLYMARKET_DIRECTION,manifest_target_source,contract_outcome,5a1dc6887c7dee93764171c5375f2d7f0ffe5f9b0fe4d60110758b89fdb0a74c,307490,True,sklearn.calibration.CalibratedClassifierCV,True,1,1468,0.4890238993892374,5acfea7db51a9292657fcf7fbecc1611,"ret_1,ret_3,ret_6,vol_6,vol_24,vol_z_1,taker_buy_ratio,cvd_1,cvd_6,rsi_14,ema_ratio_9_21,bb_width,bb_position,dist_to_high_24,dist_to_low_24,range_1,range_avg_24,consec_balance,hour_sin,hour_cos,dow_sin,dow_cos,direction_lag_1,direction_lag_2,direction_lag_3,consecutive_up,consecutive_down,up_ratio_4,alternation_rate_6,signed_trend_efficiency_6,signed_body_pct,body_to_range"
730,XRPUSDT_mid_vol,20,lgbm,False,2026-08-12 00:47:14.293988+00,,15m,mid_vol,32,32,MATCH,0.34345805886226993,0.6515741009455014,f,CANONICAL_POLYMARKET_DIRECTION,manifest_target_source,contract_outcome,8a445ee5d90a67f3b2f025d3da63ea4a20f658eccfd1734147305452c25e9aa6,296840,True,sklearn.calibration.CalibratedClassifierCV,True,1,1512,0.521024461608931,98a61c8400d2503bdcdee38a1a559de5,"ret_1,ret_3,ret_6,vol_6,vol_24,vol_z_1,taker_buy_ratio,cvd_1,cvd_6,rsi_14,ema_ratio_9_21,bb_width,bb_position,dist_to_high_24,dist_to_low_24,range_1,range_avg_24,consec_balance,hour_sin,hour_cos,dow_sin,dow_cos,direction_lag_1,direction_lag_2,direction_lag_3,consecutive_up,consecutive_down,up_ratio_4,alternation_rate_6,signed_trend_efficiency_6,signed_body_pct,body_to_range"
731,XRPUSDT_high_vol,19,lgbm,False,2026-08-12 00:47:14.293988+00,,15m,high_vol,32,32,MATCH,0.5230083951675925,0.6190350748715068,f,CANONICAL_POLYMARKET_DIRECTION,manifest_target_source,contract_outcome,4b73afb13f66e3c49a8e2ee718c7096d0dadf2c8ea381c7cc27c5896e9eabb30,292954,True,sklearn.calibration.CalibratedClassifierCV,True,1,1468,0.5009419912620621,c30cfb5327953f00574b834032bb4c1d,"ret_1,ret_3,ret_6,vol_6,vol_24,vol_z_1,taker_buy_ratio,cvd_1,cvd_6,rsi_14,ema_ratio_9_21,bb_width,bb_position,dist_to_high_24,dist_to_low_24,range_1,range_avg_24,consec_balance,hour_sin,hour_cos,dow_sin,dow_cos,direction_lag_1,direction_lag_2,direction_lag_3,consecutive_up,consecutive_down,up_ratio_4,alternation_rate_6,signed_trend_efficiency_6,signed_body_pct,body_to_range"
732,SOLUSDT_low_vol,20,lgbm,False,2026-08-12 02:43:46.829231+00,2026-08-19 04:27:42.922551+00,15m,low_vol,22,22,MATCH,0.5049864926747446,0.5933746895587957,f,CANONICAL_POLYMARKET_DIRECTION,manifest_target_source,contract_outcome,d2b90896a93c4e6f7b8b13617a3afccb0f590fe67fa0bb8951791a3ad38bf67b,306715,True,sklearn.calibration.CalibratedClassifierCV,True,1,1470,0.5843556821142091,8ea171740fc8abfe88cfb2d8ab0d0a8e,"ret_1,ret_3,ret_6,vol_6,vol_24,vol_z_1,taker_buy_ratio,cvd_1,cvd_6,rsi_14,ema_ratio_9_21,bb_width,bb_position,dist_to_high_24,dist_to_low_24,range_1,range_avg_24,consec_balance,hour_sin,hour_cos,dow_sin,dow_cos"
733,SOLUSDT_mid_vol,19,lgbm,True,2026-08-12 02:43:46.829231+00,2026-08-19 16:37:16.716648+00,15m,mid_vol,22,22,MATCH,0.6203059716735032,0.38182869586489965,t,CANONICAL_POLYMARKET_DIRECTION,manifest_target_source,contract_outcome,8bbf6406ca24ced6ea93b2081df1aa819c396e0e93a77d6653051156afa01d45,287698,True,sklearn.calibration.CalibratedClassifierCV,True,1,1515,0.49314283035968653,0b6d0456672483ca6c94758f8661fa58,"ret_1,ret_3,ret_6,vol_6,vol_24,vol_z_1,taker_buy_ratio,cvd_1,cvd_6,rsi_14,ema_ratio_9_21,bb_width,bb_position,dist_to_high_24,dist_to_low_24,range_1,range_avg_24,consec_balance,hour_sin,hour_cos,dow_sin,dow_cos"
734,SOLUSDT_high_vol,19,lgbm,False,2026-08-12 02:43:46.829231+00,,15m,high_vol,22,22,MATCH,0.43152425958863233,0.5426935825522355,f,CANONICAL_POLYMARKET_DIRECTION,manifest_target_source,contract_outcome,de6664c134d8bf533a97d49e9cb98974b51225fc640fa6455a26dac379e55fc8,311477,True,sklearn.calibration.CalibratedClassifierCV,True,1,1470,0.4891371785960514,6a05378106fba985f484d6143f1ad59e,"ret_1,ret_3,ret_6,vol_6,vol_24,vol_z_1,taker_buy_ratio,cvd_1,cvd_6,rsi_14,ema_ratio_9_21,bb_width,bb_position,dist_to_high_24,dist_to_low_24,range_1,range_avg_24,consec_balance,hour_sin,hour_cos,dow_sin,dow_cos"
735,SOLUSDT_low_vol,21,lgbm,False,2026-08-12 02:45:26.660289+00,2026-08-12 02:45:26.660289+00,15m,low_vol,29,29,MATCH,0.5090632031201651,0.59438764719768,f,CANONICAL_POLYMARKET_DIRECTION,manifest_target_source,contract_outcome,e3552fdea28e5c9024f4be44b56a6c9a8e307a316f091eebfe9cdffbe3b78537,304061,True,sklearn.calibration.CalibratedClassifierCV,True,1,1470,0.5362675862739651,e6975933075eb5e1a438b171d27b8cfc,"ret_1,ret_3,ret_6,vol_6,vol_24,vol_z_1,taker_buy_ratio,cvd_1,cvd_6,rsi_14,ema_ratio_9_21,bb_width,bb_position,dist_to_high_24,dist_to_low_24,range_1,range_avg_24,consec_balance,hour_sin,hour_cos,dow_sin,dow_cos,direction_lag_1,direction_lag_2,direction_lag_3,consecutive_up,consecutive_down,up_ratio_4,alternation_rate_6"
736,SOLUSDT_mid_vol,20,lgbm,False,2026-08-12 02:45:26.660289+00,2026-08-12 02:45:26.660289+00,15m,mid_vol,29,29,MATCH,0.6389238538822838,0.699348070731086,f,CANONICAL_POLYMARKET_DIRECTION,manifest_target_source,contract_outcome,4d8d4166d0498dee4d85132aff2df510f3d95b85723e9f73567b480777d26454,292157,True,sklearn.calibration.CalibratedClassifierCV,True,1,1515,0.4967594920772734,f62514ff807d7b90ac66d0ca86a633f2,"ret_1,ret_3,ret_6,vol_6,vol_24,vol_z_1,taker_buy_ratio,cvd_1,cvd_6,rsi_14,ema_ratio_9_21,bb_width,bb_position,dist_to_high_24,dist_to_low_24,range_1,range_avg_24,consec_balance,hour_sin,hour_cos,dow_sin,dow_cos,direction_lag_1,direction_lag_2,direction_lag_3,consecutive_up,consecutive_down,up_ratio_4,alternation_rate_6"
737,SOLUSDT_high_vol,20,lgbm,False,2026-08-12 02:45:26.660289+00,2026-08-12 02:45:26.660289+00,15m,high_vol,29,29,MATCH,0.4516597464149005,0.5476007369860849,f,CANONICAL_POLYMARKET_DIRECTION,manifest_target_source,contract_outcome,f49e4fec73f231d76dd87fbdd4c3a16aaa8499cc72965d515b97fe22919cb89e,312969,True,sklearn.calibration.CalibratedClassifierCV,True,1,1470,0.4887401903131005,0faba6d9610c9cf385d8fef3c6f4638b,"ret_1,ret_3,ret_6,vol_6,vol_24,vol_z_1,taker_buy_ratio,cvd_1,cvd_6,rsi_14,ema_ratio_9_21,bb_width,bb_position,dist_to_high_24,dist_to_low_24,range_1,range_avg_24,consec_balance,hour_sin,hour_cos,dow_sin,dow_cos,direction_lag_1,direction_lag_2,direction_lag_3,consecutive_up,consecutive_down,up_ratio_4,alternation_rate_6"
738,SOLUSDT_low_vol,22,lgbm,False,2026-08-12 03:14:28.847325+00,,15m,low_vol,32,32,MATCH,0.49547619242982527,0.6210142504436189,f,CANONICAL_POLYMARKET_DIRECTION,manifest_target_source,contract_outcome,9f93bd73bdb401984ced65ff2b344f134842629bb68e232209f524a193ce5106,309843,True,sklearn.calibration.CalibratedClassifierCV,True,1,1471,0.5395108310343381,f7923b9c6113d51fa8298161e6dc1966,"ret_1,ret_3,ret_6,vol_6,vol_24,vol_z_1,taker_buy_ratio,cvd_1,cvd_6,rsi_14,ema_ratio_9_21,bb_width,bb_position,dist_to_high_24,dist_to_low_24,range_1,range_avg_24,consec_balance,hour_sin,hour_cos,dow_sin,dow_cos,direction_lag_1,direction_lag_2,direction_lag_3,consecutive_up,consecutive_down,up_ratio_4,alternation_rate_6,signed_trend_efficiency_6,signed_body_pct,body_to_range"
739,SOLUSDT_mid_vol,21,lgbm,False,2026-08-12 03:14:28.847325+00,2026-08-12 03:35:54.248275+00,15m,mid_vol,32,32,MATCH,0.5791215205704928,0.6129903398650607,f,CANONICAL_POLYMARKET_DIRECTION,manifest_target_source,contract_outcome,40426d5e8bb3f1b8576a90d21196fd14ba2d2fec67d955f81e40d64045a0c06f,289076,True,sklearn.calibration.CalibratedClassifierCV,True,1,1515,0.5091173476224261,6f905e25c0e244208aa83a3a0f9df04b,"ret_1,ret_3,ret_6,vol_6,vol_24,vol_z_1,taker_buy_ratio,cvd_1,cvd_6,rsi_14,ema_ratio_9_21,bb_width,bb_position,dist_to_high_24,dist_to_low_24,range_1,range_avg_24,consec_balance,hour_sin,hour_cos,dow_sin,dow_cos,direction_lag_1,direction_lag_2,direction_lag_3,consecutive_up,consecutive_down,up_ratio_4,alternation_rate_6,signed_trend_efficiency_6,signed_body_pct,body_to_range"
740,SOLUSDT_high_vol,21,lgbm,False,2026-08-12 03:14:28.847325+00,2026-08-19 04:27:42.928466+00,15m,high_vol,32,32,MATCH,0.5783436356748113,0.5715024081302973,t,CANONICAL_POLYMARKET_DIRECTION,manifest_target_source,contract_outcome,3896934620a86fb67de81507a62edccb26956d81446f2ed84108047a4b73003a,309112,True,sklearn.calibration.CalibratedClassifierCV,True,1,1471,0.5296583353401039,c789de077507cf834b055b373d46d930,"ret_1,ret_3,ret_6,vol_6,vol_24,vol_z_1,taker_buy_ratio,cvd_1,cvd_6,rsi_14,ema_ratio_9_21,bb_width,bb_position,dist_to_high_24,dist_to_low_24,range_1,range_avg_24,consec_balance,hour_sin,hour_cos,dow_sin,dow_cos,direction_lag_1,direction_lag_2,direction_lag_3,consecutive_up,consecutive_down,up_ratio_4,alternation_rate_6,signed_trend_efficiency_6,signed_body_pct,body_to_range"
741,BTCUSDT_low_vol,34,lgbm,False,2026-08-13 13:08:04.343199+00,,15m,low_vol,24,24,MATCH,0.6912271760886101,0.3161836372145068,t,CANONICAL_POLYMARKET_DIRECTION,manifest_target_source,contract_outcome,d74adc6cf1433d80391cad66d7d869b587215915621066dfc28c3f25c9493c0d,11547,True,sklearn.calibration.CalibratedClassifierCV,True,1,1546,0.4794263613177117,1e19580b360734c545b57fc919b35ad7,"ret_1,ret_3,ret_6,vol_6,vol_24,vol_z_1,taker_buy_ratio,cvd_1,cvd_6,rsi_14,ema_ratio_9_21,bb_width,bb_position,dist_to_high_24,dist_to_low_24,range_1,range_avg_24,consec_balance,hour_sin,hour_cos,dow_sin,dow_cos,strike_gap_pct,log_moneyness"
742,BTCUSDT_mid_vol,28,lgbm,False,2026-08-13 13:08:04.343199+00,,15m,mid_vol,24,24,MATCH,0.5862682667360836,0.6053654755397692,f,CANONICAL_POLYMARKET_DIRECTION,manifest_target_source,contract_outcome,ec7021e3d7450c551ae1b9078c1f04e648e9a964e9d9d79f7ce625f2b3c5373d,9914,True,sklearn.calibration.CalibratedClassifierCV,True,1,1591,0.4942222511939055,f1970b2e945d8485b29336a9aa72e5e3,"ret_1,ret_3,ret_6,vol_6,vol_24,vol_z_1,taker_buy_ratio,cvd_1,cvd_6,rsi_14,ema_ratio_9_21,bb_width,bb_position,dist_to_high_24,dist_to_low_24,range_1,range_avg_24,consec_balance,hour_sin,hour_cos,dow_sin,dow_cos,strike_gap_pct,log_moneyness"
743,BTCUSDT_high_vol,33,lgbm,False,2026-08-13 13:08:04.343199+00,,15m,high_vol,24,24,MATCH,0.3728668107172244,0.38089061297851157,f,CANONICAL_POLYMARKET_DIRECTION,manifest_target_source,contract_outcome,cd3597a9cf3bc85b390ac3e1824dcc41aef5f98c38144fc52191a4bbf5ad4053,11484,True,sklearn.calibration.CalibratedClassifierCV,True,1,1546,0.48110217810383615,7712a7fb76483586a76a909f6fb08557,"ret_1,ret_3,ret_6,vol_6,vol_24,vol_z_1,taker_buy_ratio,cvd_1,cvd_6,rsi_14,ema_ratio_9_21,bb_width,bb_position,dist_to_high_24,dist_to_low_24,range_1,range_avg_24,consec_balance,hour_sin,hour_cos,dow_sin,dow_cos,strike_gap_pct,log_moneyness"
744,BTCUSDT_low_vol,35,lgbm,False,2026-08-13 13:18:42.635343+00,2026-08-13 13:39:49.295344+00,15m,low_vol,31,31,MATCH,0.6912271760886101,0.567832374874671,t,CANONICAL_POLYMARKET_DIRECTION,manifest_target_source,contract_outcome,74136fbe84b7c0ae895ab8c6f222760cbf7d13be25a3de0e6732da3ea2f8fa5e,12514,True,sklearn.calibration.CalibratedClassifierCV,True,1,1546,0.47801032642341595,dfac1bf430e14f27628a38fffc505b80,"ret_1,ret_3,ret_6,vol_6,vol_24,vol_z_1,taker_buy_ratio,cvd_1,cvd_6,rsi_14,ema_ratio_9_21,bb_width,bb_position,dist_to_high_24,dist_to_low_24,range_1,range_avg_24,consec_balance,hour_sin,hour_cos,dow_sin,dow_cos,strike_gap_pct,log_moneyness,direction_lag_1,direction_lag_2,direction_lag_3,consecutive_up,consecutive_down,up_ratio_4,alternation_rate_6"
745,BTCUSDT_mid_vol,29,lgbm,False,2026-08-13 13:18:42.635343+00,2026-08-13 13:40:27.379895+00,15m,mid_vol,31,31,MATCH,0.3558930793209139,0.6076773650034321,f,CANONICAL_POLYMARKET_DIRECTION,manifest_target_source,contract_outcome,632b11e3177a80d16885f5a1c603aafd1b664594eb64b63c6884f78544de6947,10861,True,sklearn.calibration.CalibratedClassifierCV,True,1,1592,0.5069370393979485,06281e9991f17dca55916201d1af2f39,"ret_1,ret_3,ret_6,vol_6,vol_24,vol_z_1,taker_buy_ratio,cvd_1,cvd_6,rsi_14,ema_ratio_9_21,bb_width,bb_position,dist_to_high_24,dist_to_low_24,range_1,range_avg_24,consec_balance,hour_sin,hour_cos,dow_sin,dow_cos,strike_gap_pct,log_moneyness,direction_lag_1,direction_lag_2,direction_lag_3,consecutive_up,consecutive_down,up_ratio_4,alternation_rate_6"
746,BTCUSDT_high_vol,34,lgbm,False,2026-08-13 13:18:42.635343+00,2026-08-13 13:40:50.516646+00,15m,high_vol,31,31,MATCH,0.4373493778737486,0.5617704039775596,f,CANONICAL_POLYMARKET_DIRECTION,manifest_target_source,contract_outcome,81f6ab2651bcaef686c22fb424efbc8540a0b66325b5bd92c49f67dcaa1d42b8,12431,True,sklearn.calibration.CalibratedClassifierCV,True,1,1546,0.4858639441156022,0d52d4939ff1e9e5bad5e755a7e63fe3,"ret_1,ret_3,ret_6,vol_6,vol_24,vol_z_1,taker_buy_ratio,cvd_1,cvd_6,rsi_14,ema_ratio_9_21,bb_width,bb_position,dist_to_high_24,dist_to_low_24,range_1,range_avg_24,consec_balance,hour_sin,hour_cos,dow_sin,dow_cos,strike_gap_pct,log_moneyness,direction_lag_1,direction_lag_2,direction_lag_3,consecutive_up,consecutive_down,up_ratio_4,alternation_rate_6"
747,BTCUSDT_low_vol,36,lgbm,False,2026-08-13 13:29:03.888737+00,,15m,low_vol,34,34,MATCH,0.561784147325461,0.5571984926276944,t,CANONICAL_POLYMARKET_DIRECTION,manifest_target_source,contract_outcome,ef255c23edcea21b396b96a06e308d122587a03d37d96f409c1169872f334abb,11914,True,sklearn.calibration.CalibratedClassifierCV,True,1,1546,0.497078797613525,2e596aa6b6d34bd8f9e4d91fc40694bc,"ret_1,ret_3,ret_6,vol_6,vol_24,vol_z_1,taker_buy_ratio,cvd_1,cvd_6,rsi_14,ema_ratio_9_21,bb_width,bb_position,dist_to_high_24,dist_to_low_24,range_1,range_avg_24,consec_balance,hour_sin,hour_cos,dow_sin,dow_cos,strike_gap_pct,log_moneyness,direction_lag_1,direction_lag_2,direction_lag_3,consecutive_up,consecutive_down,up_ratio_4,alternation_rate_6,signed_trend_efficiency_6,signed_body_pct,body_to_range"
748,BTCUSDT_mid_vol,30,lgbm,False,2026-08-13 13:29:03.888737+00,,15m,mid_vol,34,34,MATCH,0.3932618784449223,0.5991148878135655,f,CANONICAL_POLYMARKET_DIRECTION,manifest_target_source,contract_outcome,eb7471904acec248ad0d8e35203ecdc9c4caf37746908076af210b50c6816c08,12145,True,sklearn.calibration.CalibratedClassifierCV,True,1,1592,0.49354233804266245,05439b66299132f555f116709655676a,"ret_1,ret_3,ret_6,vol_6,vol_24,vol_z_1,taker_buy_ratio,cvd_1,cvd_6,rsi_14,ema_ratio_9_21,bb_width,bb_position,dist_to_high_24,dist_to_low_24,range_1,range_avg_24,consec_balance,hour_sin,hour_cos,dow_sin,dow_cos,strike_gap_pct,log_moneyness,direction_lag_1,direction_lag_2,direction_lag_3,consecutive_up,consecutive_down,up_ratio_4,alternation_rate_6,signed_trend_efficiency_6,signed_body_pct,body_to_range"
749,BTCUSDT_high_vol,35,lgbm,False,2026-08-13 13:29:03.888737+00,,15m,high_vol,34,34,MATCH,0.6241744779610062,0.5636232563144239,t,CANONICAL_POLYMARKET_DIRECTION,manifest_target_source,contract_outcome,0eeea9a68f4cdc24d74224e54bf26ee62d70c23c6b955e497bdcc0ac47aacb6a,19895,True,sklearn.calibration.CalibratedClassifierCV,True,1,1546,0.47029714326347527,1ed151a7150436d646258c194d8baab0,"ret_1,ret_3,ret_6,vol_6,vol_24,vol_z_1,taker_buy_ratio,cvd_1,cvd_6,rsi_14,ema_ratio_9_21,bb_width,bb_position,dist_to_high_24,dist_to_low_24,range_1,range_avg_24,consec_balance,hour_sin,hour_cos,dow_sin,dow_cos,strike_gap_pct,log_moneyness,direction_lag_1,direction_lag_2,direction_lag_3,consecutive_up,consecutive_down,up_ratio_4,alternation_rate_6,signed_trend_efficiency_6,signed_body_pct,body_to_range"
750,ETHUSDT_low_vol,30,lgbm,False,2026-08-13 14:16:39.464269+00,,15m,low_vol,24,24,MATCH,0.647421849488029,0.6704305038813737,f,CANONICAL_POLYMARKET_DIRECTION,manifest_target_source,contract_outcome,d216b211aec32be822d9a39663f828f1f5ac7e82b431f819a41950344bf31ff3,11433,True,sklearn.calibration.CalibratedClassifierCV,True,1,1546,0.5005980258972837,21ca5806d408fc5dcfdab1c7cdb3f513,"ret_1,ret_3,ret_6,vol_6,vol_24,vol_z_1,taker_buy_ratio,cvd_1,cvd_6,rsi_14,ema_ratio_9_21,bb_width,bb_position,dist_to_high_24,dist_to_low_24,range_1,range_avg_24,consec_balance,hour_sin,hour_cos,dow_sin,dow_cos,strike_gap_pct,log_moneyness"
751,ETHUSDT_mid_vol,24,lgbm,False,2026-08-13 14:16:39.464269+00,,15m,mid_vol,24,24,MATCH,0.3556544304126315,0.6039328896337937,f,CANONICAL_POLYMARKET_DIRECTION,manifest_target_source,contract_outcome,752bfdb5c91c16aa0620fab38c9b730d245c87a5ebff8e113e92149b3d7de766,15885,True,sklearn.calibration.CalibratedClassifierCV,True,1,1593,0.5309971469376393,079238275137f3fda9b99e9a1afdc622,"ret_1,ret_3,ret_6,vol_6,vol_24,vol_z_1,taker_buy_ratio,cvd_1,cvd_6,rsi_14,ema_ratio_9_21,bb_width,bb_position,dist_to_high_24,dist_to_low_24,range_1,range_avg_24,consec_balance,hour_sin,hour_cos,dow_sin,dow_cos,strike_gap_pct,log_moneyness"
752,ETHUSDT_high_vol,29,lgbm,False,2026-08-13 14:16:39.464269+00,,15m,high_vol,24,24,MATCH,0.5957470341578941,0.5239756865605644,t,CANONICAL_POLYMARKET_DIRECTION,manifest_target_source,contract_outcome,cb2b6e3e9895409241ce582b55151509a084c4e97b57d010b4fbcf964c566893,11919,True,sklearn.calibration.CalibratedClassifierCV,True,1,1546,0.5347853226871064,0d427a22d150718974af9589d6d7157e,"ret_1,ret_3,ret_6,vol_6,vol_24,vol_z_1,taker_buy_ratio,cvd_1,cvd_6,rsi_14,ema_ratio_9_21,bb_width,bb_position,dist_to_high_24,dist_to_low_24,range_1,range_avg_24,consec_balance,hour_sin,hour_cos,dow_sin,dow_cos,strike_gap_pct,log_moneyness"
753,ETHUSDT_low_vol,31,lgbm,False,2026-08-13 14:26:17.128387+00,,15m,low_vol,31,31,MATCH,0.5786924222955313,0.6420814327772254,f,CANONICAL_POLYMARKET_DIRECTION,manifest_target_source,contract_outcome,cff21fa64af729d03a6da5aab5810a7a29c9f963aa05fe56ed17cd4e2ade82ff,12412,True,sklearn.calibration.CalibratedClassifierCV,True,1,1547,0.4797259535499013,6427279b8c0a9b245f0e11075a1d6d28,"ret_1,ret_3,ret_6,vol_6,vol_24,vol_z_1,taker_buy_ratio,cvd_1,cvd_6,rsi_14,ema_ratio_9_21,bb_width,bb_position,dist_to_high_24,dist_to_low_24,range_1,range_avg_24,consec_balance,hour_sin,hour_cos,dow_sin,dow_cos,strike_gap_pct,log_moneyness,direction_lag_1,direction_lag_2,direction_lag_3,consecutive_up,consecutive_down,up_ratio_4,alternation_rate_6"
754,ETHUSDT_mid_vol,25,lgbm,False,2026-08-13 14:26:17.128387+00,,15m,mid_vol,31,31,MATCH,0.35323877015355715,0.648537860433005,f,CANONICAL_POLYMARKET_DIRECTION,manifest_target_source,contract_outcome,8b289892a61f14e8fc5729407bc60a0926de8d3f33e0108c2d70a857bc68f2f1,13745,True,sklearn.calibration.CalibratedClassifierCV,True,1,1592,0.5111576272059248,b31315b70b952bee383242bb83cc52b7,"ret_1,ret_3,ret_6,vol_6,vol_24,vol_z_1,taker_buy_ratio,cvd_1,cvd_6,rsi_14,ema_ratio_9_21,bb_width,bb_position,dist_to_high_24,dist_to_low_24,range_1,range_avg_24,consec_balance,hour_sin,hour_cos,dow_sin,dow_cos,strike_gap_pct,log_moneyness,direction_lag_1,direction_lag_2,direction_lag_3,consecutive_up,consecutive_down,up_ratio_4,alternation_rate_6"
755,ETHUSDT_high_vol,30,lgbm,False,2026-08-13 14:26:17.128387+00,,15m,high_vol,31,31,MATCH,0.6025871541385963,0.3986306774585582,t,CANONICAL_POLYMARKET_DIRECTION,manifest_target_source,contract_outcome,158b09c526ff828a0df7f1f935687b9416ed4799e4f75d367f11f5a110ee1141,16118,True,sklearn.calibration.CalibratedClassifierCV,True,1,1547,0.5161656279713677,11122e389f0b12f874f4e5451b0cfae8,"ret_1,ret_3,ret_6,vol_6,vol_24,vol_z_1,taker_buy_ratio,cvd_1,cvd_6,rsi_14,ema_ratio_9_21,bb_width,bb_position,dist_to_high_24,dist_to_low_24,range_1,range_avg_24,consec_balance,hour_sin,hour_cos,dow_sin,dow_cos,strike_gap_pct,log_moneyness,direction_lag_1,direction_lag_2,direction_lag_3,consecutive_up,consecutive_down,up_ratio_4,alternation_rate_6"
756,ETHUSDT_low_vol,32,lgbm,False,2026-08-13 14:35:37.16815+00,,15m,low_vol,34,34,MATCH,0.5973146184298718,0.649422834835166,f,CANONICAL_POLYMARKET_DIRECTION,manifest_target_source,contract_outcome,3fdb5a6e36371732c5e006493d82b0161163d12ccd83572c619e60f531f4bdfa,12562,True,sklearn.calibration.CalibratedClassifierCV,True,1,1547,0.48643719064979507,4dda66098140756d581fdc2a0b9a8b8b,"ret_1,ret_3,ret_6,vol_6,vol_24,vol_z_1,taker_buy_ratio,cvd_1,cvd_6,rsi_14,ema_ratio_9_21,bb_width,bb_position,dist_to_high_24,dist_to_low_24,range_1,range_avg_24,consec_balance,hour_sin,hour_cos,dow_sin,dow_cos,strike_gap_pct,log_moneyness,direction_lag_1,direction_lag_2,direction_lag_3,consecutive_up,consecutive_down,up_ratio_4,alternation_rate_6,signed_trend_efficiency_6,signed_body_pct,body_to_range"
757,ETHUSDT_mid_vol,26,lgbm,False,2026-08-13 14:35:37.16815+00,,15m,mid_vol,34,34,MATCH,0.6638938319967334,0.32031261981187487,t,CANONICAL_POLYMARKET_DIRECTION,manifest_target_source,contract_outcome,a15d5b627ea9734fb338153752b42e0b16610bcfa8f6e350041867d6ac0a3991,18644,True,sklearn.calibration.CalibratedClassifierCV,True,1,1593,0.538246698488706,27d3668b7e855b34e44d1afb46d49d53,"ret_1,ret_3,ret_6,vol_6,vol_24,vol_z_1,taker_buy_ratio,cvd_1,cvd_6,rsi_14,ema_ratio_9_21,bb_width,bb_position,dist_to_high_24,dist_to_low_24,range_1,range_avg_24,consec_balance,hour_sin,hour_cos,dow_sin,dow_cos,strike_gap_pct,log_moneyness,direction_lag_1,direction_lag_2,direction_lag_3,consecutive_up,consecutive_down,up_ratio_4,alternation_rate_6,signed_trend_efficiency_6,signed_body_pct,body_to_range"
758,ETHUSDT_high_vol,31,lgbm,False,2026-08-13 14:35:37.16815+00,,15m,high_vol,34,34,MATCH,0.6329782264904306,0.5786574977236834,t,CANONICAL_POLYMARKET_DIRECTION,manifest_target_source,contract_outcome,fa951da6db0c2dd61e9205a80208f03f9d6e726216bf47dbd603d3c21d9e44dd,14204,True,sklearn.calibration.CalibratedClassifierCV,True,1,1547,0.5314437727558846,011c8c4c266cfad6b640d02c8497e1ed,"ret_1,ret_3,ret_6,vol_6,vol_24,vol_z_1,taker_buy_ratio,cvd_1,cvd_6,rsi_14,ema_ratio_9_21,bb_width,bb_position,dist_to_high_24,dist_to_low_24,range_1,range_avg_24,consec_balance,hour_sin,hour_cos,dow_sin,dow_cos,strike_gap_pct,log_moneyness,direction_lag_1,direction_lag_2,direction_lag_3,consecutive_up,consecutive_down,up_ratio_4,alternation_rate_6,signed_trend_efficiency_6,signed_body_pct,body_to_range"
759,SOLUSDT_low_vol,23,lgbm,False,2026-08-13 14:44:37.919468+00,,15m,low_vol,24,24,MATCH,0.5796544242450796,0.6141754163009283,f,CANONICAL_POLYMARKET_DIRECTION,manifest_target_source,contract_outcome,d188b85859c2b77038845dc078e229b00cf8bd69949e229af9295436bf45c6a6,25409,True,sklearn.calibration.CalibratedClassifierCV,True,1,1518,0.5535458180453088,020ae08abcecee49fe47e5ed83629887,"ret_1,ret_3,ret_6,vol_6,vol_24,vol_z_1,taker_buy_ratio,cvd_1,cvd_6,rsi_14,ema_ratio_9_21,bb_width,bb_position,dist_to_high_24,dist_to_low_24,range_1,range_avg_24,consec_balance,hour_sin,hour_cos,dow_sin,dow_cos,strike_gap_pct,log_moneyness"
760,SOLUSDT_mid_vol,22,lgbm,False,2026-08-13 14:44:37.919468+00,,15m,mid_vol,24,24,MATCH,0.5906997102335235,0.5771462188013876,t,CANONICAL_POLYMARKET_DIRECTION,manifest_target_source,contract_outcome,e6b89d68abac6b78ce84cd3c710ae27e6e19642340af4ed0e4b7b76b26156e13,10124,True,sklearn.calibration.CalibratedClassifierCV,True,1,1562,0.48352032365817477,923fb198719bdfd3ae228e5a6e1665da,"ret_1,ret_3,ret_6,vol_6,vol_24,vol_z_1,taker_buy_ratio,cvd_1,cvd_6,rsi_14,ema_ratio_9_21,bb_width,bb_position,dist_to_high_24,dist_to_low_24,range_1,range_avg_24,consec_balance,hour_sin,hour_cos,dow_sin,dow_cos,strike_gap_pct,log_moneyness"
761,SOLUSDT_high_vol,22,lgbm,False,2026-08-13 14:44:37.919468+00,,15m,high_vol,24,24,MATCH,0.40033461798018666,0.401365844919077,f,CANONICAL_POLYMARKET_DIRECTION,manifest_target_source,contract_outcome,c4127e84639509d4e077a5a42269598076b5e042e8df68fb04213f665dbcb462,10073,True,sklearn.calibration.CalibratedClassifierCV,True,1,1518,0.49935422656249384,2b0feb1119adbc1359ab8418c312fca7,"ret_1,ret_3,ret_6,vol_6,vol_24,vol_z_1,taker_buy_ratio,cvd_1,cvd_6,rsi_14,ema_ratio_9_21,bb_width,bb_position,dist_to_high_24,dist_to_low_24,range_1,range_avg_24,consec_balance,hour_sin,hour_cos,dow_sin,dow_cos,strike_gap_pct,log_moneyness"
762,SOLUSDT_low_vol,24,lgbm,False,2026-08-13 14:53:14.160126+00,,15m,low_vol,31,31,MATCH,0.5565122795423109,0.6680574695975784,f,CANONICAL_POLYMARKET_DIRECTION,manifest_target_source,contract_outcome,85a2551ee625bd8709a5cfc2ec636875f431c77e284ffe3157b4448c5f916429,26262,True,sklearn.calibration.CalibratedClassifierCV,True,1,1518,0.5339442291342655,672971945983b9804633be3de25e94d4,"ret_1,ret_3,ret_6,vol_6,vol_24,vol_z_1,taker_buy_ratio,cvd_1,cvd_6,rsi_14,ema_ratio_9_21,bb_width,bb_position,dist_to_high_24,dist_to_low_24,range_1,range_avg_24,consec_balance,hour_sin,hour_cos,dow_sin,dow_cos,strike_gap_pct,log_moneyness,direction_lag_1,direction_lag_2,direction_lag_3,consecutive_up,consecutive_down,up_ratio_4,alternation_rate_6"
763,SOLUSDT_mid_vol,23,lgbm,False,2026-08-13 14:53:14.160126+00,,15m,mid_vol,31,31,MATCH,0.5718638108371643,0.564056647500434,t,CANONICAL_POLYMARKET_DIRECTION,manifest_target_source,contract_outcome,f8e2075798a945c422f2ac03f9a3998542b78ba94b833118f8156a67b5e9d00d,11035,True,sklearn.calibration.CalibratedClassifierCV,True,1,1563,0.48379526256755917,2375766582a10acbb4f5811a3ec556ad,"ret_1,ret_3,ret_6,vol_6,vol_24,vol_z_1,taker_buy_ratio,cvd_1,cvd_6,rsi_14,ema_ratio_9_21,bb_width,bb_position,dist_to_high_24,dist_to_low_24,range_1,range_avg_24,consec_balance,hour_sin,hour_cos,dow_sin,dow_cos,strike_gap_pct,log_moneyness,direction_lag_1,direction_lag_2,direction_lag_3,consecutive_up,consecutive_down,up_ratio_4,alternation_rate_6"
764,SOLUSDT_high_vol,23,lgbm,False,2026-08-13 14:53:14.160126+00,,15m,high_vol,31,31,MATCH,0.4099789503596042,0.39780377836652536,t,CANONICAL_POLYMARKET_DIRECTION,manifest_target_source,contract_outcome,c16bb5c36b81e7bb9b4f11e495e9b1fa2611a0e0c038e0205005775303b7972c,11026,True,sklearn.calibration.CalibratedClassifierCV,True,1,1518,0.49453506390855156,2a7a8ff5b572e35178a53ad7a5a743aa,"ret_1,ret_3,ret_6,vol_6,vol_24,vol_z_1,taker_buy_ratio,cvd_1,cvd_6,rsi_14,ema_ratio_9_21,bb_width,bb_position,dist_to_high_24,dist_to_low_24,range_1,range_avg_24,consec_balance,hour_sin,hour_cos,dow_sin,dow_cos,strike_gap_pct,log_moneyness,direction_lag_1,direction_lag_2,direction_lag_3,consecutive_up,consecutive_down,up_ratio_4,alternation_rate_6"
765,SOLUSDT_low_vol,25,lgbm,False,2026-08-13 15:01:22.423144+00,,15m,low_vol,34,34,MATCH,0.5452179940120502,0.6007612759371729,f,CANONICAL_POLYMARKET_DIRECTION,manifest_target_source,contract_outcome,1b11131a544066101b463f9243b1ddaa28b6524f05b298d809707c3781fba0c1,28546,True,sklearn.calibration.CalibratedClassifierCV,True,1,1518,0.557124319581367,e00945397f4eb442e5a6322561e41a6b,"ret_1,ret_3,ret_6,vol_6,vol_24,vol_z_1,taker_buy_ratio,cvd_1,cvd_6,rsi_14,ema_ratio_9_21,bb_width,bb_position,dist_to_high_24,dist_to_low_24,range_1,range_avg_24,consec_balance,hour_sin,hour_cos,dow_sin,dow_cos,strike_gap_pct,log_moneyness,direction_lag_1,direction_lag_2,direction_lag_3,consecutive_up,consecutive_down,up_ratio_4,alternation_rate_6,signed_trend_efficiency_6,signed_body_pct,body_to_range"
766,SOLUSDT_mid_vol,24,lgbm,False,2026-08-13 15:01:22.423144+00,,15m,mid_vol,34,34,MATCH,0.5508590115402656,0.580703445844784,f,CANONICAL_POLYMARKET_DIRECTION,manifest_target_source,contract_outcome,c531f84652f028a7f7ead75cdfbcbb66fc6eb3c7d352bce78f1e9d83ab9728c6,12481,True,sklearn.calibration.CalibratedClassifierCV,True,1,1563,0.5014576825422344,5922bc66ebadbf34eaead2cacd4854c8,"ret_1,ret_3,ret_6,vol_6,vol_24,vol_z_1,taker_buy_ratio,cvd_1,cvd_6,rsi_14,ema_ratio_9_21,bb_width,bb_position,dist_to_high_24,dist_to_low_24,range_1,range_avg_24,consec_balance,hour_sin,hour_cos,dow_sin,dow_cos,strike_gap_pct,log_moneyness,direction_lag_1,direction_lag_2,direction_lag_3,consecutive_up,consecutive_down,up_ratio_4,alternation_rate_6,signed_trend_efficiency_6,signed_body_pct,body_to_range"
767,SOLUSDT_high_vol,24,lgbm,False,2026-08-13 15:01:22.423144+00,,15m,high_vol,34,34,MATCH,0.4032298467859803,0.35426365449968833,t,CANONICAL_POLYMARKET_DIRECTION,manifest_target_source,contract_outcome,8b9155cae598f4db1c23bfb5dd7811257363c8e998077eb3dee18a6084fc34f6,12228,True,sklearn.calibration.CalibratedClassifierCV,True,1,1518,0.497131769087526,b516edf8e87764096c49ea6dacc78516,"ret_1,ret_3,ret_6,vol_6,vol_24,vol_z_1,taker_buy_ratio,cvd_1,cvd_6,rsi_14,ema_ratio_9_21,bb_width,bb_position,dist_to_high_24,dist_to_low_24,range_1,range_avg_24,consec_balance,hour_sin,hour_cos,dow_sin,dow_cos,strike_gap_pct,log_moneyness,direction_lag_1,direction_lag_2,direction_lag_3,consecutive_up,consecutive_down,up_ratio_4,alternation_rate_6,signed_trend_efficiency_6,signed_body_pct,body_to_range"
768,XRPUSDT_low_vol,21,lgbm,False,2026-08-13 15:10:06.421694+00,,15m,low_vol,24,24,MATCH,0.6310248785981295,0.6388858293749644,f,CANONICAL_POLYMARKET_DIRECTION,manifest_target_source,contract_outcome,5e89fd25a8e834b621a250fd7d97a476814689e1843454eb9ca9fc2a5bb57ec2,17917,True,sklearn.calibration.CalibratedClassifierCV,True,1,1519,0.509541100475522,01589d09e8333a61c3e5e6f29259de05,"ret_1,ret_3,ret_6,vol_6,vol_24,vol_z_1,taker_buy_ratio,cvd_1,cvd_6,rsi_14,ema_ratio_9_21,bb_width,bb_position,dist_to_high_24,dist_to_low_24,range_1,range_avg_24,consec_balance,hour_sin,hour_cos,dow_sin,dow_cos,strike_gap_pct,log_moneyness"
769,XRPUSDT_mid_vol,21,lgbm,False,2026-08-13 15:10:06.421694+00,,15m,mid_vol,24,24,MATCH,0.6228039029920139,0.3886646474395681,t,CANONICAL_POLYMARKET_DIRECTION,manifest_target_source,contract_outcome,f5087d051cfcf5beb9aeff2ae3eac6254c734383bf2af1a7e4d94beb41571da6,26778,True,sklearn.calibration.CalibratedClassifierCV,True,1,1564,0.5332982908019003,c49eecd1f236e358dd0699bc0c697d0c,"ret_1,ret_3,ret_6,vol_6,vol_24,vol_z_1,taker_buy_ratio,cvd_1,cvd_6,rsi_14,ema_ratio_9_21,bb_width,bb_position,dist_to_high_24,dist_to_low_24,range_1,range_avg_24,consec_balance,hour_sin,hour_cos,dow_sin,dow_cos,strike_gap_pct,log_moneyness"
770,XRPUSDT_high_vol,20,lgbm,False,2026-08-13 15:10:06.421694+00,,15m,high_vol,24,24,MATCH,0.32224290653253,0.5707738702520748,f,CANONICAL_POLYMARKET_DIRECTION,manifest_target_source,contract_outcome,95c0d7c4730abb61014466b3de17e987a9ba700b9f5e541ce88d829883e19769,16900,True,sklearn.calibration.CalibratedClassifierCV,True,1,1518,0.5099725907666329,a668229393b2293376e0f67289ecb494,"ret_1,ret_3,ret_6,vol_6,vol_24,vol_z_1,taker_buy_ratio,cvd_1,cvd_6,rsi_14,ema_ratio_9_21,bb_width,bb_position,dist_to_high_24,dist_to_low_24,range_1,range_avg_24,consec_balance,hour_sin,hour_cos,dow_sin,dow_cos,strike_gap_pct,log_moneyness"
771,XRPUSDT_low_vol,22,lgbm,False,2026-08-13 15:19:08.937575+00,,15m,low_vol,31,31,MATCH,0.61471152836188,0.6388858293749644,f,CANONICAL_POLYMARKET_DIRECTION,manifest_target_source,contract_outcome,d41e5b8f728db86d84fad808fc0e219ff5307b73b407fb85537b4551e0fa66b0,18864,True,sklearn.calibration.CalibratedClassifierCV,True,1,1519,0.5096155052374268,55e7b1ae57bb74d3dca382a402c50bda,"ret_1,ret_3,ret_6,vol_6,vol_24,vol_z_1,taker_buy_ratio,cvd_1,cvd_6,rsi_14,ema_ratio_9_21,bb_width,bb_position,dist_to_high_24,dist_to_low_24,range_1,range_avg_24,consec_balance,hour_sin,hour_cos,dow_sin,dow_cos,strike_gap_pct,log_moneyness,direction_lag_1,direction_lag_2,direction_lag_3,consecutive_up,consecutive_down,up_ratio_4,alternation_rate_6"
772,XRPUSDT_mid_vol,22,lgbm,False,2026-08-13 15:19:08.937575+00,,15m,mid_vol,31,31,MATCH,0.3457737120042096,0.35180486292319235,f,CANONICAL_POLYMARKET_DIRECTION,manifest_target_source,contract_outcome,782b5f1e0e5cfd59bb501f895e1c1618417489c94d77b1bbbab94ceaae92fb0e,12644,True,sklearn.calibration.CalibratedClassifierCV,True,1,1564,0.5453832314292286,4c0793218b7c723a81880dada3164c6f,"ret_1,ret_3,ret_6,vol_6,vol_24,vol_z_1,taker_buy_ratio,cvd_1,cvd_6,rsi_14,ema_ratio_9_21,bb_width,bb_position,dist_to_high_24,dist_to_low_24,range_1,range_avg_24,consec_balance,hour_sin,hour_cos,dow_sin,dow_cos,strike_gap_pct,log_moneyness,direction_lag_1,direction_lag_2,direction_lag_3,consecutive_up,consecutive_down,up_ratio_4,alternation_rate_6"
773,XRPUSDT_high_vol,21,lgbm,False,2026-08-13 15:19:08.937575+00,2026-08-13 17:16:27.210443+00,15m,high_vol,31,31,MATCH,0.6283153044624894,0.7052661280772137,f,CANONICAL_POLYMARKET_DIRECTION,manifest_target_source,contract_outcome,47111d1a379d67c8c526c0560258ec6da36d2d8d3809d3fdf538ec72314dcc41,14966,True,sklearn.calibration.CalibratedClassifierCV,True,1,1519,0.5167488548848385,1558295b74b80102774ff9c53240c705,"ret_1,ret_3,ret_6,vol_6,vol_24,vol_z_1,taker_buy_ratio,cvd_1,cvd_6,rsi_14,ema_ratio_9_21,bb_width,bb_position,dist_to_high_24,dist_to_low_24,range_1,range_avg_24,consec_balance,hour_sin,hour_cos,dow_sin,dow_cos,strike_gap_pct,log_moneyness,direction_lag_1,direction_lag_2,direction_lag_3,consecutive_up,consecutive_down,up_ratio_4,alternation_rate_6"
774,XRPUSDT_low_vol,23,lgbm,False,2026-08-13 15:28:10.919672+00,,15m,low_vol,34,34,MATCH,0.6223125064387338,0.39512082199561116,t,CANONICAL_POLYMARKET_DIRECTION,manifest_target_source,contract_outcome,91677ddae306f643d1b4efdae826ec1fb3d85f9e19abe38c4fc56befcd3d3e6b,21801,True,sklearn.calibration.CalibratedClassifierCV,True,1,1519,0.4927099533843388,6976d82abc6985314f2640cd4b85f8b0,"ret_1,ret_3,ret_6,vol_6,vol_24,vol_z_1,taker_buy_ratio,cvd_1,cvd_6,rsi_14,ema_ratio_9_21,bb_width,bb_position,dist_to_high_24,dist_to_low_24,range_1,range_avg_24,consec_balance,hour_sin,hour_cos,dow_sin,dow_cos,strike_gap_pct,log_moneyness,direction_lag_1,direction_lag_2,direction_lag_3,consecutive_up,consecutive_down,up_ratio_4,alternation_rate_6,signed_trend_efficiency_6,signed_body_pct,body_to_range"
775,XRPUSDT_mid_vol,23,lgbm,False,2026-08-13 15:28:10.919672+00,,15m,mid_vol,34,34,MATCH,0.55,0.711425419552238,f,CANONICAL_POLYMARKET_DIRECTION,manifest_target_source,contract_outcome,9cb1634c57d527ef14806ec91b0814265cf43d4f409f6a049acb1d374281a5e9,17779,True,sklearn.calibration.CalibratedClassifierCV,True,1,1564,0.5163165119999151,77f634e8e555cbd359477f02d252a215,"ret_1,ret_3,ret_6,vol_6,vol_24,vol_z_1,taker_buy_ratio,cvd_1,cvd_6,rsi_14,ema_ratio_9_21,bb_width,bb_position,dist_to_high_24,dist_to_low_24,range_1,range_avg_24,consec_balance,hour_sin,hour_cos,dow_sin,dow_cos,strike_gap_pct,log_moneyness,direction_lag_1,direction_lag_2,direction_lag_3,consecutive_up,consecutive_down,up_ratio_4,alternation_rate_6,signed_trend_efficiency_6,signed_body_pct,body_to_range"
776,XRPUSDT_high_vol,22,lgbm,False,2026-08-13 15:28:10.919672+00,,15m,high_vol,34,34,MATCH,0.6611835452331066,0.6921895186201446,f,CANONICAL_POLYMARKET_DIRECTION,manifest_target_source,contract_outcome,52581efde3790da4d2b4d5e2a899fffe420f348f69dd30546910f5f07d57e709,12218,True,sklearn.calibration.CalibratedClassifierCV,True,1,1519,0.5002343241899307,376fd8ba615a0e49ff6d132c88101f6d,"ret_1,ret_3,ret_6,vol_6,vol_24,vol_z_1,taker_buy_ratio,cvd_1,cvd_6,rsi_14,ema_ratio_9_21,bb_width,bb_position,dist_to_high_24,dist_to_low_24,range_1,range_avg_24,consec_balance,hour_sin,hour_cos,dow_sin,dow_cos,strike_gap_pct,log_moneyness,direction_lag_1,direction_lag_2,direction_lag_3,consecutive_up,consecutive_down,up_ratio_4,alternation_rate_6,signed_trend_efficiency_6,signed_body_pct,body_to_range"
777,DOGEUSDT_low_vol,19,lgbm,False,2026-08-13 15:37:41.401808+00,,15m,low_vol,24,24,MATCH,0.4787859088531948,0.75,f,CANONICAL_POLYMARKET_DIRECTION,manifest_target_source,contract_outcome,5640d1bf2aa6390e0fcaddea53c0c003a3ea772f3918b05e480adb879c4c555e,70508,True,sklearn.calibration.CalibratedClassifierCV,True,1,1519,0.5317040089026399,911643cf89d2fdbc2b08d42b77e8e35b,"ret_1,ret_3,ret_6,vol_6,vol_24,vol_z_1,taker_buy_ratio,cvd_1,cvd_6,rsi_14,ema_ratio_9_21,bb_width,bb_position,dist_to_high_24,dist_to_low_24,range_1,range_avg_24,consec_balance,hour_sin,hour_cos,dow_sin,dow_cos,strike_gap_pct,log_moneyness"
778,DOGEUSDT_mid_vol,19,lgbm,False,2026-08-13 15:37:41.401808+00,,15m,mid_vol,24,24,MATCH,0.6546925014457367,0.5359215904328802,t,CANONICAL_POLYMARKET_DIRECTION,manifest_target_source,contract_outcome,16ccc43bdfdb63f10cd5c39607009ecc167c17cbfb486d90ffd96bf80259cfcf,12822,True,sklearn.calibration.CalibratedClassifierCV,True,1,1565,0.525968389730293,ba440ee9662414f04b09132a64cf78ec,"ret_1,ret_3,ret_6,vol_6,vol_24,vol_z_1,taker_buy_ratio,cvd_1,cvd_6,rsi_14,ema_ratio_9_21,bb_width,bb_position,dist_to_high_24,dist_to_low_24,range_1,range_avg_24,consec_balance,hour_sin,hour_cos,dow_sin,dow_cos,strike_gap_pct,log_moneyness"
779,DOGEUSDT_high_vol,18,lgbm,False,2026-08-13 15:37:41.401808+00,,15m,high_vol,24,24,MATCH,0.34350774787773797,0.555523629636299,f,CANONICAL_POLYMARKET_DIRECTION,manifest_target_source,contract_outcome,14ef1ad5ec825cabb12d3b0354bf36f653d7e36da6da26baaff1c1e74b38dda5,9862,True,sklearn.calibration.CalibratedClassifierCV,True,1,1519,0.5008731487063043,ae5f11d8e3dfd8cbc867580b185299c6,"ret_1,ret_3,ret_6,vol_6,vol_24,vol_z_1,taker_buy_ratio,cvd_1,cvd_6,rsi_14,ema_ratio_9_21,bb_width,bb_position,dist_to_high_24,dist_to_low_24,range_1,range_avg_24,consec_balance,hour_sin,hour_cos,dow_sin,dow_cos,strike_gap_pct,log_moneyness"
780,DOGEUSDT_low_vol,20,lgbm,False,2026-08-13 15:46:24.451225+00,,15m,low_vol,31,31,MATCH,0.4745500954084021,0.6768941582153558,f,CANONICAL_POLYMARKET_DIRECTION,manifest_target_source,contract_outcome,ba9b52d5ea8a50d1e57516743c62a65f3da96e87256f71f6641603c6b11f31b1,58222,True,sklearn.calibration.CalibratedClassifierCV,True,1,1519,0.5382192960351931,9059c7aae239b34ce3d52dfaa6ca8dc5,"ret_1,ret_3,ret_6,vol_6,vol_24,vol_z_1,taker_buy_ratio,cvd_1,cvd_6,rsi_14,ema_ratio_9_21,bb_width,bb_position,dist_to_high_24,dist_to_low_24,range_1,range_avg_24,consec_balance,hour_sin,hour_cos,dow_sin,dow_cos,strike_gap_pct,log_moneyness,direction_lag_1,direction_lag_2,direction_lag_3,consecutive_up,consecutive_down,up_ratio_4,alternation_rate_6"
781,DOGEUSDT_mid_vol,20,lgbm,False,2026-08-13 15:46:24.451225+00,,15m,mid_vol,31,31,MATCH,0.6148999621807002,0.6133381925509983,t,CANONICAL_POLYMARKET_DIRECTION,manifest_target_source,contract_outcome,d263f0658dd97ef2c1a3875f50da473c2be56710e61b644b58ee1e8530225a3f,10489,True,sklearn.calibration.CalibratedClassifierCV,True,1,1566,0.5297131620133022,be1b7c77f4d38df7deb293b78d2cdf88,"ret_1,ret_3,ret_6,vol_6,vol_24,vol_z_1,taker_buy_ratio,cvd_1,cvd_6,rsi_14,ema_ratio_9_21,bb_width,bb_position,dist_to_high_24,dist_to_low_24,range_1,range_avg_24,consec_balance,hour_sin,hour_cos,dow_sin,dow_cos,strike_gap_pct,log_moneyness,direction_lag_1,direction_lag_2,direction_lag_3,consecutive_up,consecutive_down,up_ratio_4,alternation_rate_6"
782,DOGEUSDT_high_vol,19,lgbm,False,2026-08-13 15:46:24.451225+00,,15m,high_vol,31,31,MATCH,0.7194732289621545,0.7394085484644214,f,CANONICAL_POLYMARKET_DIRECTION,manifest_target_source,contract_outcome,db107fddca50bdcd383c5a006f43a8763dbe1e2e0cc3145892fefc9f08415e1d,10820,True,sklearn.calibration.CalibratedClassifierCV,True,1,1519,0.4941981173884159,d2e10b63d0169b8523d971810fc9644a,"ret_1,ret_3,ret_6,vol_6,vol_24,vol_z_1,taker_buy_ratio,cvd_1,cvd_6,rsi_14,ema_ratio_9_21,bb_width,bb_position,dist_to_high_24,dist_to_low_24,range_1,range_avg_24,consec_balance,hour_sin,hour_cos,dow_sin,dow_cos,strike_gap_pct,log_moneyness,direction_lag_1,direction_lag_2,direction_lag_3,consecutive_up,consecutive_down,up_ratio_4,alternation_rate_6"
783,DOGEUSDT_low_vol,21,lgbm,False,2026-08-13 15:55:23.945059+00,,15m,low_vol,34,34,MATCH,0.45338704664782875,0.75,f,CANONICAL_POLYMARKET_DIRECTION,manifest_target_source,contract_outcome,d84fbcdc261e8479a86a56ab0a0dfb8bc8d21bf96d1c7d51f98578511fbd7904,40088,True,sklearn.calibration.CalibratedClassifierCV,True,1,1519,0.5387770756291121,09e380d71a87f9d5121bcbae3d3e184f,"ret_1,ret_3,ret_6,vol_6,vol_24,vol_z_1,taker_buy_ratio,cvd_1,cvd_6,rsi_14,ema_ratio_9_21,bb_width,bb_position,dist_to_high_24,dist_to_low_24,range_1,range_avg_24,consec_balance,hour_sin,hour_cos,dow_sin,dow_cos,strike_gap_pct,log_moneyness,direction_lag_1,direction_lag_2,direction_lag_3,consecutive_up,consecutive_down,up_ratio_4,alternation_rate_6,signed_trend_efficiency_6,signed_body_pct,body_to_range"
784,DOGEUSDT_mid_vol,21,lgbm,False,2026-08-13 15:55:23.945059+00,,15m,mid_vol,34,34,MATCH,0.39576729692319257,0.5988683638296027,f,CANONICAL_POLYMARKET_DIRECTION,manifest_target_source,contract_outcome,00e9bd5a5d57ef8ff3cdf296bf9875fa1649e4e8b8ee57f1350b986e1e73cece,18388,True,sklearn.calibration.CalibratedClassifierCV,True,1,1566,0.5129706713706439,a835e8411ecebf1e571186158f83767e,"ret_1,ret_3,ret_6,vol_6,vol_24,vol_z_1,taker_buy_ratio,cvd_1,cvd_6,rsi_14,ema_ratio_9_21,bb_width,bb_position,dist_to_high_24,dist_to_low_24,range_1,range_avg_24,consec_balance,hour_sin,hour_cos,dow_sin,dow_cos,strike_gap_pct,log_moneyness,direction_lag_1,direction_lag_2,direction_lag_3,consecutive_up,consecutive_down,up_ratio_4,alternation_rate_6,signed_trend_efficiency_6,signed_body_pct,body_to_range"
785,DOGEUSDT_high_vol,20,lgbm,False,2026-08-13 15:55:23.945059+00,2026-08-13 17:19:19.437619+00,15m,high_vol,34,34,MATCH,0.5774508735197502,0.34242793475026756,t,CANONICAL_POLYMARKET_DIRECTION,manifest_target_source,contract_outcome,4173121debeffcf6371080aa21f083f3b9f8c3c28e80a940061c23a38917f4f2,12069,True,sklearn.calibration.CalibratedClassifierCV,True,1,1519,0.48956700874344794,42e49f58505e6a3c292f6526019f83a7,"ret_1,ret_3,ret_6,vol_6,vol_24,vol_z_1,taker_buy_ratio,cvd_1,cvd_6,rsi_14,ema_ratio_9_21,bb_width,bb_position,dist_to_high_24,dist_to_low_24,range_1,range_avg_24,consec_balance,hour_sin,hour_cos,dow_sin,dow_cos,strike_gap_pct,log_moneyness,direction_lag_1,direction_lag_2,direction_lag_3,consecutive_up,consecutive_down,up_ratio_4,alternation_rate_6,signed_trend_efficiency_6,signed_body_pct,body_to_range"
786,XRPUSDT_low_vol,24,lgbm,False,2026-08-14 04:17:04.417966+00,,15m,low_vol,22,22,MATCH,0.5732187540737342,0.6242004176622751,f,CANONICAL_POLYMARKET_DIRECTION,manifest_target_source,contract_outcome,7e970c971ab78be644e1426327dabd1e07d1f0b8b3cd42bc42cbde3a71d22581,40929,True,sklearn.calibration.CalibratedClassifierCV,True,1,1536,0.5170631879329497,41c2f42defccbbfe14ca98636941e0cf,"ret_1,ret_3,ret_6,vol_6,vol_24,vol_z_1,taker_buy_ratio,cvd_1,cvd_6,rsi_14,ema_ratio_9_21,bb_width,bb_position,dist_to_high_24,dist_to_low_24,range_1,range_avg_24,consec_balance,hour_sin,hour_cos,dow_sin,dow_cos"
787,XRPUSDT_mid_vol,24,lgbm,False,2026-08-14 04:17:04.417966+00,,15m,mid_vol,22,22,MATCH,0.6106580281958767,0.39160960446644,t,CANONICAL_POLYMARKET_DIRECTION,manifest_target_source,contract_outcome,5fd681be9dc882f6b344e85dec40d5b0fa6f37d677db422aa885b9d84f473f64,59439,True,sklearn.calibration.CalibratedClassifierCV,True,1,1582,0.5371356684722558,17b3fdcf43b18e0bfb1b409571640670,"ret_1,ret_3,ret_6,vol_6,vol_24,vol_z_1,taker_buy_ratio,cvd_1,cvd_6,rsi_14,ema_ratio_9_21,bb_width,bb_position,dist_to_high_24,dist_to_low_24,range_1,range_avg_24,consec_balance,hour_sin,hour_cos,dow_sin,dow_cos"
788,XRPUSDT_high_vol,23,lgbm,False,2026-08-14 04:17:04.417966+00,2026-08-14 06:57:00.528808+00,15m,high_vol,22,22,MATCH,0.616687935790639,0.6471273641312696,f,CANONICAL_POLYMARKET_DIRECTION,manifest_target_source,contract_outcome,ba52a34518526324eedd8ac21c1f5c4de34555af666b4c153bf4bd67f94ff2d6,16672,True,sklearn.calibration.CalibratedClassifierCV,True,1,1536,0.507674286153506,f0d890819f4fc4c257fbd3e0515ca162,"ret_1,ret_3,ret_6,vol_6,vol_24,vol_z_1,taker_buy_ratio,cvd_1,cvd_6,rsi_14,ema_ratio_9_21,bb_width,bb_position,dist_to_high_24,dist_to_low_24,range_1,range_avg_24,consec_balance,hour_sin,hour_cos,dow_sin,dow_cos"
789,XRPUSDT_low_vol,25,lgbm,False,2026-08-14 04:27:52.48854+00,,15m,low_vol,24,24,MATCH,0.5732187540737342,0.6242004176622751,f,CANONICAL_POLYMARKET_DIRECTION,manifest_target_source,contract_outcome,5d2f78dd01d7a51c300a183136d1b75a702b68ebbe07e6f8d4474cf80f90bfbb,41088,True,sklearn.calibration.CalibratedClassifierCV,True,1,1536,0.5170631879329497,31a6060e165744e8fb8ca4751f733f95,"ret_1,ret_3,ret_6,vol_6,vol_24,vol_z_1,taker_buy_ratio,cvd_1,cvd_6,rsi_14,ema_ratio_9_21,bb_width,bb_position,dist_to_high_24,dist_to_low_24,range_1,range_avg_24,consec_balance,hour_sin,hour_cos,dow_sin,dow_cos,strike_gap_pct,log_moneyness"
790,XRPUSDT_mid_vol,25,lgbm,False,2026-08-14 04:27:52.48854+00,,15m,mid_vol,24,24,MATCH,0.6106580281958767,0.39160960446644,t,CANONICAL_POLYMARKET_DIRECTION,manifest_target_source,contract_outcome,b956a644699d6a2fec3863ada2dabdd1efe61803849d9615e894bcaa034fa8ac,59598,True,sklearn.calibration.CalibratedClassifierCV,True,1,1582,0.5371356684722558,3737d3f7ba8a93043b2a7247fd86af49,"ret_1,ret_3,ret_6,vol_6,vol_24,vol_z_1,taker_buy_ratio,cvd_1,cvd_6,rsi_14,ema_ratio_9_21,bb_width,bb_position,dist_to_high_24,dist_to_low_24,range_1,range_avg_24,consec_balance,hour_sin,hour_cos,dow_sin,dow_cos,strike_gap_pct,log_moneyness"
791,XRPUSDT_high_vol,24,lgbm,False,2026-08-14 04:27:52.48854+00,,15m,high_vol,24,24,MATCH,0.616687935790639,0.6471273641312696,f,CANONICAL_POLYMARKET_DIRECTION,manifest_target_source,contract_outcome,61a7076ff1fa7c98aa00903797ecfa3b3b5be62cb8457cb5c6f4d07dea89c8ee,16831,True,sklearn.calibration.CalibratedClassifierCV,True,1,1536,0.507674286153506,2a43a54a138fa7afa0a412f7b365a6e2,"ret_1,ret_3,ret_6,vol_6,vol_24,vol_z_1,taker_buy_ratio,cvd_1,cvd_6,rsi_14,ema_ratio_9_21,bb_width,bb_position,dist_to_high_24,dist_to_low_24,range_1,range_avg_24,consec_balance,hour_sin,hour_cos,dow_sin,dow_cos,strike_gap_pct,log_moneyness"
792,XRPUSDT_low_vol,26,lgbm,False,2026-08-14 04:38:20.047431+00,,15m,low_vol,30,30,MATCH,0.5713814741520229,0.6258477693594491,f,CANONICAL_POLYMARKET_DIRECTION,manifest_target_source,contract_outcome,dcdca670c67edc634235d148d7bc168664638ddff6443d344aaefcced909f4b5,35492,True,sklearn.calibration.CalibratedClassifierCV,True,1,1536,0.5163003013480271,4d02c63a877f8fff6e3b864d403cd5fd,"ret_1,ret_3,ret_6,vol_6,vol_24,vol_z_1,taker_buy_ratio,cvd_1,cvd_6,rsi_14,ema_ratio_9_21,bb_width,bb_position,dist_to_high_24,dist_to_low_24,range_1,range_avg_24,consec_balance,hour_sin,hour_cos,dow_sin,dow_cos,strike_gap_pct,log_moneyness,pm_momentum_5m,pm_volume_5m,pm_spread_pct,pm_quote_pressure,pm_best_bid,pm_best_ask"
793,XRPUSDT_mid_vol,26,lgbm,False,2026-08-14 04:38:20.047431+00,2026-08-19 04:27:42.906403+00,15m,mid_vol,30,30,MATCH,0.6269904954558835,0.36860573388624285,t,CANONICAL_POLYMARKET_DIRECTION,manifest_target_source,contract_outcome,c2758af72bc28a874e83e1b88875d7140be764c23d79cbb67578303df38a7724,31923,True,sklearn.calibration.CalibratedClassifierCV,True,1,1583,0.5353865900077482,4fa4244a2b7f54ac08f1b39e6b2372c0,"ret_1,ret_3,ret_6,vol_6,vol_24,vol_z_1,taker_buy_ratio,cvd_1,cvd_6,rsi_14,ema_ratio_9_21,bb_width,bb_position,dist_to_high_24,dist_to_low_24,range_1,range_avg_24,consec_balance,hour_sin,hour_cos,dow_sin,dow_cos,strike_gap_pct,log_moneyness,pm_momentum_5m,pm_volume_5m,pm_spread_pct,pm_quote_pressure,pm_best_bid,pm_best_ask"
794,XRPUSDT_high_vol,25,lgbm,False,2026-08-14 04:38:20.047431+00,2026-08-19 04:27:42.918356+00,15m,high_vol,30,30,MATCH,0.616687935790639,0.5308040494670895,t,CANONICAL_POLYMARKET_DIRECTION,manifest_target_source,contract_outcome,8650debfb87eebf7d35bbc8216af78eb22dd43f0b674ad122ebadb7f2e81057e,17831,True,sklearn.calibration.CalibratedClassifierCV,True,1,1536,0.5128799934364191,826748872c686a47a57a660260ff3399,"ret_1,ret_3,ret_6,vol_6,vol_24,vol_z_1,taker_buy_ratio,cvd_1,cvd_6,rsi_14,ema_ratio_9_21,bb_width,bb_position,dist_to_high_24,dist_to_low_24,range_1,range_avg_24,consec_balance,hour_sin,hour_cos,dow_sin,dow_cos,strike_gap_pct,log_moneyness,pm_momentum_5m,pm_volume_5m,pm_spread_pct,pm_quote_pressure,pm_best_bid,pm_best_ask"
795,DOGEUSDT_low_vol,22,lgbm,False,2026-08-14 04:49:34.146625+00,,15m,low_vol,22,22,MATCH,0.4826075214442978,0.7390972637879935,f,CANONICAL_POLYMARKET_DIRECTION,manifest_target_source,contract_outcome,de4c5fed48a57355c653d1103b2bcee2fb99753a8541e442a453b068f1843062,43998,True,sklearn.calibration.CalibratedClassifierCV,True,1,1537,0.5175622320037265,445e8bc5abfda43ed34a4e383fda6114,"ret_1,ret_3,ret_6,vol_6,vol_24,vol_z_1,taker_buy_ratio,cvd_1,cvd_6,rsi_14,ema_ratio_9_21,bb_width,bb_position,dist_to_high_24,dist_to_low_24,range_1,range_avg_24,consec_balance,hour_sin,hour_cos,dow_sin,dow_cos"
796,DOGEUSDT_mid_vol,22,lgbm,False,2026-08-14 04:49:34.146625+00,,15m,mid_vol,22,22,MATCH,0.619868838204445,0.6380564178809578,f,CANONICAL_POLYMARKET_DIRECTION,manifest_target_source,contract_outcome,8638eee017ce76d19b1862450837e6a39e8c1217f0458e24077f4508c2f193d9,18398,True,sklearn.calibration.CalibratedClassifierCV,True,1,1582,0.5021335432142785,cd902f82627b52ddff0bf0e9e1d841d8,"ret_1,ret_3,ret_6,vol_6,vol_24,vol_z_1,taker_buy_ratio,cvd_1,cvd_6,rsi_14,ema_ratio_9_21,bb_width,bb_position,dist_to_high_24,dist_to_low_24,range_1,range_avg_24,consec_balance,hour_sin,hour_cos,dow_sin,dow_cos"
797,DOGEUSDT_high_vol,21,lgbm,False,2026-08-14 04:49:34.146625+00,,15m,high_vol,22,22,MATCH,0.6691142036661367,0.6139326216674543,t,CANONICAL_POLYMARKET_DIRECTION,manifest_target_source,contract_outcome,f21b8bf362a4c1d9e183ca4e1782c7fd73157706ef13ae576596904f8b694d20,8951,True,sklearn.calibration.CalibratedClassifierCV,True,1,1537,0.4563488217153612,6a453f31baaf8ca6eaae11ccf5db6aa6,"ret_1,ret_3,ret_6,vol_6,vol_24,vol_z_1,taker_buy_ratio,cvd_1,cvd_6,rsi_14,ema_ratio_9_21,bb_width,bb_position,dist_to_high_24,dist_to_low_24,range_1,range_avg_24,consec_balance,hour_sin,hour_cos,dow_sin,dow_cos"
798,DOGEUSDT_low_vol,23,lgbm,False,2026-08-14 05:00:22.958738+00,,15m,low_vol,24,24,MATCH,0.4826075214442978,0.7390972637879935,f,CANONICAL_POLYMARKET_DIRECTION,manifest_target_source,contract_outcome,4d65fa56f197bc3cc984420fd897480f0bfc310bdb56d9bd6c86c7a9b599b6a4,44157,True,sklearn.calibration.CalibratedClassifierCV,True,1,1537,0.5175622320037265,e967ed7480f30e3189018f898f4c5c54,"ret_1,ret_3,ret_6,vol_6,vol_24,vol_z_1,taker_buy_ratio,cvd_1,cvd_6,rsi_14,ema_ratio_9_21,bb_width,bb_position,dist_to_high_24,dist_to_low_24,range_1,range_avg_24,consec_balance,hour_sin,hour_cos,dow_sin,dow_cos,strike_gap_pct,log_moneyness"
799,DOGEUSDT_mid_vol,23,lgbm,False,2026-08-14 05:00:22.958738+00,,15m,mid_vol,24,24,MATCH,0.6070138201040246,0.629243535831002,f,CANONICAL_POLYMARKET_DIRECTION,manifest_target_source,contract_outcome,8da5d49d8f23e6350806d0b1b95b3621e7364fa8bbe30ba065d407093d76494c,18747,True,sklearn.calibration.CalibratedClassifierCV,True,1,1583,0.4921632490506941,64e0efb71f977a45cc099d35018f8bbf,"ret_1,ret_3,ret_6,vol_6,vol_24,vol_z_1,taker_buy_ratio,cvd_1,cvd_6,rsi_14,ema_ratio_9_21,bb_width,bb_position,dist_to_high_24,dist_to_low_24,range_1,range_avg_24,consec_balance,hour_sin,hour_cos,dow_sin,dow_cos,strike_gap_pct,log_moneyness"
800,DOGEUSDT_high_vol,22,lgbm,False,2026-08-14 05:00:22.958738+00,,15m,high_vol,24,24,MATCH,0.6691142036661367,0.6139326216674543,t,CANONICAL_POLYMARKET_DIRECTION,manifest_target_source,contract_outcome,f80e4326a0f01ca40f5bd1479307d323e1726e6545efa8bbda72ff59fba1385a,9110,True,sklearn.calibration.CalibratedClassifierCV,True,1,1537,0.4563488217153612,126b42bbd1f8214ab10a61732352e38a,"ret_1,ret_3,ret_6,vol_6,vol_24,vol_z_1,taker_buy_ratio,cvd_1,cvd_6,rsi_14,ema_ratio_9_21,bb_width,bb_position,dist_to_high_24,dist_to_low_24,range_1,range_avg_24,consec_balance,hour_sin,hour_cos,dow_sin,dow_cos,strike_gap_pct,log_moneyness"
801,DOGEUSDT_low_vol,24,lgbm,False,2026-08-14 05:11:06.858136+00,,15m,low_vol,30,30,MATCH,0.5225633388189628,0.6654627715906352,f,CANONICAL_POLYMARKET_DIRECTION,manifest_target_source,contract_outcome,4c5cda52f268478981aaabf73f89cf0359ae930ada7b1dba9945a0708d637b9a,87166,True,sklearn.calibration.CalibratedClassifierCV,True,1,1537,0.5478793583074627,9f06d00ba07d0cde6f0847c39db4c888,"ret_1,ret_3,ret_6,vol_6,vol_24,vol_z_1,taker_buy_ratio,cvd_1,cvd_6,rsi_14,ema_ratio_9_21,bb_width,bb_position,dist_to_high_24,dist_to_low_24,range_1,range_avg_24,consec_balance,hour_sin,hour_cos,dow_sin,dow_cos,strike_gap_pct,log_moneyness,pm_momentum_5m,pm_volume_5m,pm_spread_pct,pm_quote_pressure,pm_best_bid,pm_best_ask"
802,DOGEUSDT_mid_vol,24,lgbm,False,2026-08-14 05:11:06.858136+00,,15m,mid_vol,30,30,MATCH,0.6768368422202791,0.33715661467351343,t,CANONICAL_POLYMARKET_DIRECTION,manifest_target_source,contract_outcome,4ffe24f238a3332920d713d7b5c46a6bd95a34ab8c6964fea6a9ee6a3b933959,9747,True,sklearn.calibration.CalibratedClassifierCV,True,1,1583,0.4767566039611621,066c4c802aafb82027a9a02ff41faba8,"ret_1,ret_3,ret_6,vol_6,vol_24,vol_z_1,taker_buy_ratio,cvd_1,cvd_6,rsi_14,ema_ratio_9_21,bb_width,bb_position,dist_to_high_24,dist_to_low_24,range_1,range_avg_24,consec_balance,hour_sin,hour_cos,dow_sin,dow_cos,strike_gap_pct,log_moneyness,pm_momentum_5m,pm_volume_5m,pm_spread_pct,pm_quote_pressure,pm_best_bid,pm_best_ask"
803,DOGEUSDT_high_vol,23,lgbm,False,2026-08-14 05:11:06.858136+00,,15m,high_vol,30,30,MATCH,0.3176081424677178,0.5515133226945244,f,CANONICAL_POLYMARKET_DIRECTION,manifest_target_source,contract_outcome,2adc377fc846ca29e5485b76c4d11e840e488b4a570f7b6abed46ff94934d14d,10362,True,sklearn.calibration.CalibratedClassifierCV,True,1,1537,0.4558611047985135,acb400dd95d767929a6c29ba814783e1,"ret_1,ret_3,ret_6,vol_6,vol_24,vol_z_1,taker_buy_ratio,cvd_1,cvd_6,rsi_14,ema_ratio_9_21,bb_width,bb_position,dist_to_high_24,dist_to_low_24,range_1,range_avg_24,consec_balance,hour_sin,hour_cos,dow_sin,dow_cos,strike_gap_pct,log_moneyness,pm_momentum_5m,pm_volume_5m,pm_spread_pct,pm_quote_pressure,pm_best_bid,pm_best_ask"
804,BTCUSDT_low_vol,37,lgbm,True,2026-08-15 11:34:09.73209+00,2026-08-15 14:32:37.529128+00,15m,low_vol,24,,MATCH,0.48930259765580814,0.4320014652241827,t,CANONICAL_POLYMARKET_DIRECTION,manifest_target_source,contract_outcome,4208ddf284370e2a7f542eb3f9083df4cab5163ba974b2ab68811fb57ea2fa3e,8861,True,polyflip.crypto.trainer.CalibratedLightGBMModel,,1,1607,0.508738609689059,c2287ec116b0d39984a4e9b89d2092e3,"ret_1,ret_3,ret_6,vol_6,vol_24,vol_z_1,taker_buy_ratio,cvd_1,cvd_6,rsi_14,ema_ratio_9_21,bb_width,bb_position,dist_to_high_24,dist_to_low_24,range_1,range_avg_24,consec_balance,hour_sin,hour_cos,dow_sin,dow_cos,strike_gap_pct,log_moneyness"
805,BTCUSDT_mid_vol,31,lgbm,True,2026-08-15 11:34:09.73209+00,2026-08-19 04:27:42.859499+00,15m,mid_vol,24,,MATCH,0.5455926431639465,0.47615023766135806,t,CANONICAL_POLYMARKET_DIRECTION,manifest_target_source,contract_outcome,4af1407fa13d197439aa75e7a4e23fb3e975522be23ec9623541eb0de18a7c65,8807,True,polyflip.crypto.trainer.CalibratedLightGBMModel,,1,1655,0.5207548910177335,b76906eba06f77a8eecb78e1162fe969,"ret_1,ret_3,ret_6,vol_6,vol_24,vol_z_1,taker_buy_ratio,cvd_1,cvd_6,rsi_14,ema_ratio_9_21,bb_width,bb_position,dist_to_high_24,dist_to_low_24,range_1,range_avg_24,consec_balance,hour_sin,hour_cos,dow_sin,dow_cos,strike_gap_pct,log_moneyness"
806,BTCUSDT_high_vol,36,lgbm,False,2026-08-15 11:34:09.73209+00,2026-08-15 14:32:43.65666+00,15m,high_vol,24,,MATCH,0.533257379940861,0.5100599242216777,t,CANONICAL_POLYMARKET_DIRECTION,manifest_target_source,contract_outcome,7690d5720ebfb5c6d461a302ea4b2d34fc93382bd8106d54afaf5dc4b5ed14b4,26781,True,polyflip.crypto.trainer.CalibratedLightGBMModel,,1,1607,0.5181150505266967,90d22017309086571119d0331b3263d5,"ret_1,ret_3,ret_6,vol_6,vol_24,vol_z_1,taker_buy_ratio,cvd_1,cvd_6,rsi_14,ema_ratio_9_21,bb_width,bb_position,dist_to_high_24,dist_to_low_24,range_1,range_avg_24,consec_balance,hour_sin,hour_cos,dow_sin,dow_cos,strike_gap_pct,log_moneyness"
807,ETHUSDT_low_vol,33,lgbm,True,2026-08-15 11:51:16.939012+00,2026-08-19 05:00:24.061502+00,15m,low_vol,24,,MATCH,0.5166827662250805,0.4443227842430807,t,CANONICAL_POLYMARKET_DIRECTION,manifest_target_source,contract_outcome,31483f2fa5b8c6286abf5abeed2d8b5a39a2bb6aef139dd2faabc206f9168db5,8976,True,polyflip.crypto.trainer.CalibratedLightGBMModel,,1,1607,0.5009080876630481,4e7cdae8c9932f6fd6aae260acb50b44,"ret_1,ret_3,ret_6,vol_6,vol_24,vol_z_1,taker_buy_ratio,cvd_1,cvd_6,rsi_14,ema_ratio_9_21,bb_width,bb_position,dist_to_high_24,dist_to_low_24,range_1,range_avg_24,consec_balance,hour_sin,hour_cos,dow_sin,dow_cos,strike_gap_pct,log_moneyness"
808,ETHUSDT_mid_vol,27,lgbm,True,2026-08-15 11:51:16.939012+00,2026-08-19 05:00:24.061502+00,15m,mid_vol,24,,MATCH,0.5371709182282587,0.4629746567479058,t,CANONICAL_POLYMARKET_DIRECTION,manifest_target_source,contract_outcome,35e8e3616d4e2af66b4cf2dd8bd6536b97bb100006b76a72140b559984f66242,8942,True,polyflip.crypto.trainer.CalibratedLightGBMModel,,1,1654,0.5493522936617756,cefcae7ac8c398058e3c47ee89f7545e,"ret_1,ret_3,ret_6,vol_6,vol_24,vol_z_1,taker_buy_ratio,cvd_1,cvd_6,rsi_14,ema_ratio_9_21,bb_width,bb_position,dist_to_high_24,dist_to_low_24,range_1,range_avg_24,consec_balance,hour_sin,hour_cos,dow_sin,dow_cos,strike_gap_pct,log_moneyness"
809,ETHUSDT_high_vol,32,lgbm,False,2026-08-15 11:51:16.939012+00,2026-08-19 05:00:24.061502+00,15m,high_vol,24,,MATCH,0.5955836139312326,0.4614278835474698,t,CANONICAL_POLYMARKET_DIRECTION,manifest_target_source,contract_outcome,04aa3d352a7f3444e3d96d2a2cdea6567b722c1b1fb19eca37e2f6b5e4dfa3eb,43162,True,polyflip.crypto.trainer.CalibratedLightGBMModel,,1,1607,0.5105734915327323,4198798fc1e05df590d0feb84faee197,"ret_1,ret_3,ret_6,vol_6,vol_24,vol_z_1,taker_buy_ratio,cvd_1,cvd_6,rsi_14,ema_ratio_9_21,bb_width,bb_position,dist_to_high_24,dist_to_low_24,range_1,range_avg_24,consec_balance,hour_sin,hour_cos,dow_sin,dow_cos,strike_gap_pct,log_moneyness"
810,SOLUSDT_low_vol,26,lgbm,False,2026-08-15 12:26:44.168363+00,2026-08-19 05:00:24.061502+00,15m,low_vol,24,,MATCH,0.5279615760507894,0.4541956215776086,t,CANONICAL_POLYMARKET_DIRECTION,manifest_target_source,contract_outcome,d97c4908a93e2387a1c2b8778bf167b6c57b83688884f7b6df4708a2af9470db,32911,True,polyflip.crypto.trainer.CalibratedLightGBMModel,,1,1578,0.5591104989094942,1719db1fc52c5ea957420bcb123a4b28,"ret_1,ret_3,ret_6,vol_6,vol_24,vol_z_1,taker_buy_ratio,cvd_1,cvd_6,rsi_14,ema_ratio_9_21,bb_width,bb_position,dist_to_high_24,dist_to_low_24,range_1,range_avg_24,consec_balance,hour_sin,hour_cos,dow_sin,dow_cos,strike_gap_pct,log_moneyness"
811,SOLUSDT_mid_vol,25,lgbm,False,2026-08-15 12:26:44.168363+00,2026-08-19 05:00:24.061502+00,15m,mid_vol,24,,MATCH,0.5860821828631417,0.48711247514738865,t,CANONICAL_POLYMARKET_DIRECTION,manifest_target_source,contract_outcome,4137927b6fb511e8b5912085ce6a5e53f2fd87015a5cccf14098edb362122463,9416,True,polyflip.crypto.trainer.CalibratedLightGBMModel,,1,1624,0.49855657519884344,851a681e223e1bcf4ad753c5787294a5,"ret_1,ret_3,ret_6,vol_6,vol_24,vol_z_1,taker_buy_ratio,cvd_1,cvd_6,rsi_14,ema_ratio_9_21,bb_width,bb_position,dist_to_high_24,dist_to_low_24,range_1,range_avg_24,consec_balance,hour_sin,hour_cos,dow_sin,dow_cos,strike_gap_pct,log_moneyness"
812,SOLUSDT_high_vol,25,lgbm,True,2026-08-15 12:26:44.168363+00,2026-08-19 05:00:24.061502+00,15m,high_vol,24,,MATCH,0.5302608936049,0.4892638779168202,t,CANONICAL_POLYMARKET_DIRECTION,manifest_target_source,contract_outcome,e2bdbfe6ff7a45021fab89dc7e218dcb71f3d91736ee6a45f7685a5a320c9f12,11655,True,polyflip.crypto.trainer.CalibratedLightGBMModel,,1,1578,0.5076929340273815,26bc8008bc817337f801ee2ce90e6918,"ret_1,ret_3,ret_6,vol_6,vol_24,vol_z_1,taker_buy_ratio,cvd_1,cvd_6,rsi_14,ema_ratio_9_21,bb_width,bb_position,dist_to_high_24,dist_to_low_24,range_1,range_avg_24,consec_balance,hour_sin,hour_cos,dow_sin,dow_cos,strike_gap_pct,log_moneyness"
813,XRPUSDT_low_vol,27,lgbm,False,2026-08-15 12:46:12.030809+00,,15m,low_vol,24,,MATCH,0.4854964151673242,0.44727728638485253,t,CANONICAL_POLYMARKET_DIRECTION,manifest_target_source,contract_outcome,6ba4ff64c055d891c104d7ba504682268b97c2f01ede2956df9a76e21d97d302,26221,True,polyflip.crypto.trainer.CalibratedLightGBMModel,,1,1579,0.48474327506150494,353ccc7d90f2fd2258e1141b7096e0dd,"ret_1,ret_3,ret_6,vol_6,vol_24,vol_z_1,taker_buy_ratio,cvd_1,cvd_6,rsi_14,ema_ratio_9_21,bb_width,bb_position,dist_to_high_24,dist_to_low_24,range_1,range_avg_24,consec_balance,hour_sin,hour_cos,dow_sin,dow_cos,strike_gap_pct,log_moneyness"
814,XRPUSDT_mid_vol,27,lgbm,False,2026-08-15 12:46:12.030809+00,,15m,mid_vol,24,,MATCH,0.5528625417673416,0.47907717756481416,t,CANONICAL_POLYMARKET_DIRECTION,manifest_target_source,contract_outcome,aeda68f8d24e111398fb4a4afe2d66801c58c4ae1ddf220792553948d18a3009,9040,True,polyflip.crypto.trainer.CalibratedLightGBMModel,,1,1626,0.5394761102468731,67f9b11a2c1522d39302401a988ce8c0,"ret_1,ret_3,ret_6,vol_6,vol_24,vol_z_1,taker_buy_ratio,cvd_1,cvd_6,rsi_14,ema_ratio_9_21,bb_width,bb_position,dist_to_high_24,dist_to_low_24,range_1,range_avg_24,consec_balance,hour_sin,hour_cos,dow_sin,dow_cos,strike_gap_pct,log_moneyness"
815,XRPUSDT_high_vol,26,lgbm,True,2026-08-15 12:46:12.030809+00,2026-08-20 10:56:23.081278+00,15m,high_vol,24,,MATCH,0.5166948461585732,0.476905630719774,t,CANONICAL_POLYMARKET_DIRECTION,manifest_target_source,contract_outcome,3cd629e6f21bb00f6bed75283646b3940238e0e4ff9bdb9a5fb3077a244edfc8,15093,True,polyflip.crypto.trainer.CalibratedLightGBMModel,,1,1579,0.49877843715711345,167fb76d7e2451dccf6d35874ee00f5c,"ret_1,ret_3,ret_6,vol_6,vol_24,vol_z_1,taker_buy_ratio,cvd_1,cvd_6,rsi_14,ema_ratio_9_21,bb_width,bb_position,dist_to_high_24,dist_to_low_24,range_1,range_avg_24,consec_balance,hour_sin,hour_cos,dow_sin,dow_cos,strike_gap_pct,log_moneyness"
816,DOGEUSDT_low_vol,25,lgbm,True,2026-08-15 13:04:08.155219+00,2026-08-19 04:27:42.882208+00,15m,low_vol,24,,MATCH,0.4906053087978177,0.4463200780609736,t,CANONICAL_POLYMARKET_DIRECTION,manifest_target_source,contract_outcome,1ad5d4be0752cc3d7dc6b8f3c42beafe929e23324b247ae6e0af7876939ce720,59059,True,polyflip.crypto.trainer.CalibratedLightGBMModel,,1,1579,0.5486557675129661,746faf0378cd9bff18c5e439a7b6e308,"ret_1,ret_3,ret_6,vol_6,vol_24,vol_z_1,taker_buy_ratio,cvd_1,cvd_6,rsi_14,ema_ratio_9_21,bb_width,bb_position,dist_to_high_24,dist_to_low_24,range_1,range_avg_24,consec_balance,hour_sin,hour_cos,dow_sin,dow_cos,strike_gap_pct,log_moneyness"
817,DOGEUSDT_mid_vol,25,lgbm,True,2026-08-15 13:04:08.155219+00,2026-08-19 04:27:42.894683+00,15m,mid_vol,24,,MATCH,0.5287890923038604,0.4808783537675141,t,CANONICAL_POLYMARKET_DIRECTION,manifest_target_source,contract_outcome,a9ed8b8195f30d02a1747dadf18b74d4b6109f25a6cc02c446496c49f21291a7,20414,True,polyflip.crypto.trainer.CalibratedLightGBMModel,,1,1627,0.5165404874722311,2a8141f7a7ccf94440595a83642d6422,"ret_1,ret_3,ret_6,vol_6,vol_24,vol_z_1,taker_buy_ratio,cvd_1,cvd_6,rsi_14,ema_ratio_9_21,bb_width,bb_position,dist_to_high_24,dist_to_low_24,range_1,range_avg_24,consec_balance,hour_sin,hour_cos,dow_sin,dow_cos,strike_gap_pct,log_moneyness"
818,DOGEUSDT_high_vol,24,lgbm,True,2026-08-15 13:04:08.155219+00,2026-08-17 13:45:48.313384+00,15m,high_vol,24,,MATCH,0.532135482783302,0.5000838719012815,t,CANONICAL_POLYMARKET_DIRECTION,manifest_target_source,contract_outcome,06fa2aa2e626731a3eb0ccb72f0ed30ec6505d35ad32e1b2185fc673c436ff2a,9388,True,polyflip.crypto.trainer.CalibratedLightGBMModel,,1,1579,0.5397173537682778,d03f1646170b7a5b2c6f4d1eed7384fe,"ret_1,ret_3,ret_6,vol_6,vol_24,vol_z_1,taker_buy_ratio,cvd_1,cvd_6,rsi_14,ema_ratio_9_21,bb_width,bb_position,dist_to_high_24,dist_to_low_24,range_1,range_avg_24,consec_balance,hour_sin,hour_cos,dow_sin,dow_cos,strike_gap_pct,log_moneyness"
820,BTC,48,logreg,False,2026-08-16 01:01:09.033717+00,,15m,,3,3,MATCH,0.55,,f,POLYMARKET_FLIP_VS_FINAL_OUTCOME,manifest_target_source,market_end_favorite_loses,04998e4d464090740ef17d10e1ade5eb05ce2326185974c4336332dc06835ec6,854,True,sklearn.linear_model._logistic.LogisticRegression,True,0,,0.6449,,"mid_price,spread,time_left_min"
821,BTC,49,logreg,False,2026-08-16 01:01:21.005387+00,,15m,,3,3,MATCH,0.55,,f,POLYMARKET_FLIP_VS_FINAL_OUTCOME,manifest_target_source,market_end_favorite_loses,04998e4d464090740ef17d10e1ade5eb05ce2326185974c4336332dc06835ec6,854,True,sklearn.linear_model._logistic.LogisticRegression,True,0,,0.6449,,"mid_price,spread,time_left_min"
822,BTC,50,logreg,False,2026-08-16 01:01:33.255424+00,,15m,,3,3,MATCH,0.55,,f,POLYMARKET_FLIP_VS_FINAL_OUTCOME,manifest_target_source,market_end_favorite_loses,65a78b8a4d25dbc955a3920bb29067154efdb70ebe598640b445509c99932cd0,854,True,sklearn.linear_model._logistic.LogisticRegression,True,0,,0.645,,"mid_price,spread,time_left_min"
823,BTC_decided,14,logreg,False,2026-08-16 02:17:24.719364+00,,15m,,3,3,MATCH,0.55,,f,POLYMARKET_FLIP_VS_FINAL_OUTCOME,manifest_target_source,market_end_favorite_loses,26c647d0c287cd47c216b109e5aee13fcb823115152a53e4b883ebc9754db73e,854,True,sklearn.linear_model._logistic.LogisticRegression,True,0,,0.616,,"mid_price,spread,time_left_min"
824,BTC_decided,15,logreg,False,2026-08-16 02:17:30.490829+00,,15m,,3,3,MATCH,0.55,,f,POLYMARKET_FLIP_VS_FINAL_OUTCOME,manifest_target_source,market_end_favorite_loses,26c647d0c287cd47c216b109e5aee13fcb823115152a53e4b883ebc9754db73e,854,True,sklearn.linear_model._logistic.LogisticRegression,True,0,,0.616,,"mid_price,spread,time_left_min"
825,BTC_decided,16,logreg,False,2026-08-16 02:17:35.986584+00,,15m,,3,3,MATCH,0.55,,f,POLYMARKET_FLIP_VS_FINAL_OUTCOME,manifest_target_source,market_end_favorite_loses,25e31da7e884d000a5cc74ba87eeaca66144451790c465ded498eb41e098c295,854,True,sklearn.linear_model._logistic.LogisticRegression,True,0,,0.6175,,"mid_price,spread,time_left_min"
826,BTC_leaning,10,logreg,False,2026-08-16 03:03:44.974042+00,,15m,,3,3,MATCH,0.55,,f,POLYMARKET_FLIP_VS_FINAL_OUTCOME,manifest_target_source,market_end_favorite_loses,bfc8ec943644f0cf2cad53d2e9dca18a443418ee1c0a2b26f711c343985218c8,854,True,sklearn.linear_model._logistic.LogisticRegression,True,0,,0.5067,,"mid_price,spread,time_left_min"
827,BTC_leaning,11,logreg,True,2026-08-16 03:03:48.456634+00,,15m,,3,3,MATCH,0.55,,f,POLYMARKET_FLIP_VS_FINAL_OUTCOME,manifest_target_source,market_end_favorite_loses,bfc8ec943644f0cf2cad53d2e9dca18a443418ee1c0a2b26f711c343985218c8,854,True,sklearn.linear_model._logistic.LogisticRegression,True,0,,0.5067,,"mid_price,spread,time_left_min"
828,BTC_leaning,12,logreg,False,2026-08-16 03:03:51.966491+00,,15m,,3,3,MATCH,0.55,,f,POLYMARKET_FLIP_VS_FINAL_OUTCOME,manifest_target_source,market_end_favorite_loses,ebeec4615bd6137352dfbf02cf3a0b0344e13592df2ed25fc210449d0aa20008,854,True,sklearn.linear_model._logistic.LogisticRegression,True,0,,0.5075,,"mid_price,spread,time_left_min"
829,BTC_contested,9,logreg,False,2026-08-16 03:40:59.232176+00,,15m,,3,3,MATCH,0.55,,f,POLYMARKET_FLIP_VS_FINAL_OUTCOME,manifest_target_source,market_end_favorite_loses,ee7e719ff14a284ed97cfc5bc611e5dc0cb8cf023de0412a22e21a2f7a84ce09,854,True,sklearn.linear_model._logistic.LogisticRegression,True,0,,0.5021,,"mid_price,spread,time_left_min"
830,BTC_contested,10,logreg,False,2026-08-16 03:41:01.985754+00,,15m,,3,3,MATCH,0.55,,f,POLYMARKET_FLIP_VS_FINAL_OUTCOME,manifest_target_source,market_end_favorite_loses,ee7e719ff14a284ed97cfc5bc611e5dc0cb8cf023de0412a22e21a2f7a84ce09,854,True,sklearn.linear_model._logistic.LogisticRegression,True,0,,0.5021,,"mid_price,spread,time_left_min"
831,BTC_contested,11,logreg,False,2026-08-16 03:41:04.728812+00,,15m,,3,3,MATCH,0.55,,f,POLYMARKET_FLIP_VS_FINAL_OUTCOME,manifest_target_source,market_end_favorite_loses,d149856e07d18533cc1085a470eef6137b8721b73305a2624677c97cef30d8ca,854,True,sklearn.linear_model._logistic.LogisticRegression,True,0,,0.4961,,"mid_price,spread,time_left_min"
832,ETH,48,logreg,False,2026-08-16 06:33:37.492212+00,,15m,,3,3,MATCH,0.55,,f,POLYMARKET_FLIP_VS_FINAL_OUTCOME,manifest_target_source,market_end_favorite_loses,93bfdf059974be2584c41a515a716264489740e3e17ce4d7aacda07968db9ce5,854,True,sklearn.linear_model._logistic.LogisticRegression,True,0,,0.646,,"mid_price,spread,time_left_min"
833,ETH,49,logreg,False,2026-08-16 06:33:54.490111+00,,15m,,3,3,MATCH,0.55,,f,POLYMARKET_FLIP_VS_FINAL_OUTCOME,manifest_target_source,market_end_favorite_loses,93bfdf059974be2584c41a515a716264489740e3e17ce4d7aacda07968db9ce5,854,True,sklearn.linear_model._logistic.LogisticRegression,True,0,,0.646,,"mid_price,spread,time_left_min"
834,ETH,50,logreg,False,2026-08-16 06:34:06.483059+00,,15m,,3,3,MATCH,0.55,,f,POLYMARKET_FLIP_VS_FINAL_OUTCOME,manifest_target_source,market_end_favorite_loses,4995d96c68fb440fc4ab84961e5c74d1b5ce13383d3708296ed47ec6501ac834,854,True,sklearn.linear_model._logistic.LogisticRegression,True,0,,0.6462,,"mid_price,spread,time_left_min"
835,ETH_decided,16,logreg,False,2026-08-16 07:49:42.75363+00,,15m,,3,3,MATCH,0.55,,f,POLYMARKET_FLIP_VS_FINAL_OUTCOME,manifest_target_source,market_end_favorite_loses,7fec58748c412b1e9595fbd085359390386471afee48f7208baf3e990f83c9c0,854,True,sklearn.linear_model._logistic.LogisticRegression,True,0,,0.6175,,"mid_price,spread,time_left_min"
836,ETH_decided,17,logreg,False,2026-08-16 07:49:48.497653+00,,15m,,3,3,MATCH,0.55,,f,POLYMARKET_FLIP_VS_FINAL_OUTCOME,manifest_target_source,market_end_favorite_loses,7fec58748c412b1e9595fbd085359390386471afee48f7208baf3e990f83c9c0,854,True,sklearn.linear_model._logistic.LogisticRegression,True,0,,0.6175,,"mid_price,spread,time_left_min"
837,ETH_decided,18,logreg,True,2026-08-16 07:49:55.24077+00,,15m,,3,3,MATCH,0.55,,f,POLYMARKET_FLIP_VS_FINAL_OUTCOME,manifest_target_source,market_end_favorite_loses,d6a76cf1a72bf5a55b5bc00cfbe259c9a5cdec8375341189461b1c081079639a,854,True,sklearn.linear_model._logistic.LogisticRegression,True,0,,0.618,,"mid_price,spread,time_left_min"
838,ETH_leaning,14,logreg,False,2026-08-16 08:37:30.222138+00,,15m,,3,3,MATCH,0.55,,f,POLYMARKET_FLIP_VS_FINAL_OUTCOME,manifest_target_source,market_end_favorite_loses,c25ead4e39791ed878b6ac425040ddeaa5c1cdfd7b4e4aa62ba938ec18b91b79,854,True,sklearn.linear_model._logistic.LogisticRegression,True,0,,0.5111,,"mid_price,spread,time_left_min"
839,ETH_leaning,15,logreg,False,2026-08-16 08:37:33.748757+00,,15m,,3,3,MATCH,0.55,,f,POLYMARKET_FLIP_VS_FINAL_OUTCOME,manifest_target_source,market_end_favorite_loses,c25ead4e39791ed878b6ac425040ddeaa5c1cdfd7b4e4aa62ba938ec18b91b79,854,True,sklearn.linear_model._logistic.LogisticRegression,True,0,,0.5111,,"mid_price,spread,time_left_min"
840,ETH_leaning,16,logreg,False,2026-08-16 08:37:38.223983+00,,15m,,3,3,MATCH,0.55,,f,POLYMARKET_FLIP_VS_FINAL_OUTCOME,manifest_target_source,market_end_favorite_loses,789d6c5b53be39b7a39ae79e78d5e884d1f6e2bbc53e9d2fcef926357089d820,854,True,sklearn.linear_model._logistic.LogisticRegression,True,0,,0.5102,,"mid_price,spread,time_left_min"
841,ETH_contested,5,logreg,False,2026-08-16 09:15:49.756846+00,,15m,,3,3,MATCH,0.55,,f,POLYMARKET_FLIP_VS_FINAL_OUTCOME,manifest_target_source,market_end_favorite_loses,79f82e368e68956026eb82d2789b1328fb2d78803d79422b648cb5a933613e74,854,True,sklearn.linear_model._logistic.LogisticRegression,True,0,,0.4964,,"mid_price,spread,time_left_min"
842,ETH_contested,6,logreg,False,2026-08-16 09:15:53.25051+00,,15m,,3,3,MATCH,0.55,,f,POLYMARKET_FLIP_VS_FINAL_OUTCOME,manifest_target_source,market_end_favorite_loses,79f82e368e68956026eb82d2789b1328fb2d78803d79422b648cb5a933613e74,854,True,sklearn.linear_model._logistic.LogisticRegression,True,0,,0.4964,,"mid_price,spread,time_left_min"
843,ETH_contested,7,logreg,False,2026-08-16 09:15:55.972708+00,,15m,,3,3,MATCH,0.55,,f,POLYMARKET_FLIP_VS_FINAL_OUTCOME,manifest_target_source,market_end_favorite_loses,9ed8767692a20786e9a5047d24431f1c0c5645341b98bc6ee8f49ad1887e2b07,854,True,sklearn.linear_model._logistic.LogisticRegression,True,0,,0.4991,,"mid_price,spread,time_left_min"
844,SOL,36,logreg,False,2026-08-16 11:31:13.511582+00,,15m,,3,3,MATCH,0.55,,f,POLYMARKET_FLIP_VS_FINAL_OUTCOME,manifest_target_source,market_end_favorite_loses,e7bd55a7bbaf95fd42699f660875789a4ea75908f936563644b8a18024f082a1,854,True,sklearn.linear_model._logistic.LogisticRegression,True,0,,0.6408,,"mid_price,spread,time_left_min"
845,SOL,37,logreg,False,2026-08-16 11:31:25.756368+00,,15m,,3,3,MATCH,0.55,,f,POLYMARKET_FLIP_VS_FINAL_OUTCOME,manifest_target_source,market_end_favorite_loses,e7bd55a7bbaf95fd42699f660875789a4ea75908f936563644b8a18024f082a1,854,True,sklearn.linear_model._logistic.LogisticRegression,True,0,,0.6408,,"mid_price,spread,time_left_min"
846,SOL,38,logreg,False,2026-08-16 11:31:37.755392+00,,15m,,3,3,MATCH,0.55,,f,POLYMARKET_FLIP_VS_FINAL_OUTCOME,manifest_target_source,market_end_favorite_loses,04e6865cb41f1b457009e4b6a22efcf20d3833dc1f026bb0d85eecae0cdf1d21,854,True,sklearn.linear_model._logistic.LogisticRegression,True,0,,0.6416,,"mid_price,spread,time_left_min"
847,SOL_decided,15,logreg,False,2026-08-16 13:08:37.286614+00,,15m,,3,3,MATCH,0.55,,f,POLYMARKET_FLIP_VS_FINAL_OUTCOME,manifest_target_source,market_end_favorite_loses,13b8edf0b6f87a6678cbf4cf7931fecdd4499a2a25ce1e211317976e938be1f1,854,True,sklearn.linear_model._logistic.LogisticRegression,True,0,,0.6255,,"mid_price,spread,time_left_min"
848,SOL_decided,16,logreg,False,2026-08-16 13:08:44.9867+00,,15m,,3,3,MATCH,0.55,,f,POLYMARKET_FLIP_VS_FINAL_OUTCOME,manifest_target_source,market_end_favorite_loses,13b8edf0b6f87a6678cbf4cf7931fecdd4499a2a25ce1e211317976e938be1f1,854,True,sklearn.linear_model._logistic.LogisticRegression,True,0,,0.6255,,"mid_price,spread,time_left_min"
849,SOL_decided,17,logreg,False,2026-08-16 13:08:51.005258+00,,15m,,3,3,MATCH,0.55,,f,POLYMARKET_FLIP_VS_FINAL_OUTCOME,manifest_target_source,market_end_favorite_loses,c00e50a9630daeb2c67d4370ac00a4e3be25e8906fa6bf9f6d18df4d1ec12bbc,854,True,sklearn.linear_model._logistic.LogisticRegression,True,0,,0.6268,,"mid_price,spread,time_left_min"
850,SOL_leaning,14,logreg,False,2026-08-16 13:56:07.254196+00,,15m,,3,3,MATCH,0.55,,f,POLYMARKET_FLIP_VS_FINAL_OUTCOME,manifest_target_source,market_end_favorite_loses,d014c548feba366c38087d68366006adb0788a33ee5bb09887d8df6b3f4c8c29,854,True,sklearn.linear_model._logistic.LogisticRegression,True,0,,0.4854,,"mid_price,spread,time_left_min"
851,SOL_leaning,15,logreg,False,2026-08-16 13:56:11.198335+00,,15m,,3,3,MATCH,0.55,,f,POLYMARKET_FLIP_VS_FINAL_OUTCOME,manifest_target_source,market_end_favorite_loses,d014c548feba366c38087d68366006adb0788a33ee5bb09887d8df6b3f4c8c29,854,True,sklearn.linear_model._logistic.LogisticRegression,True,0,,0.4854,,"mid_price,spread,time_left_min"
852,SOL_leaning,16,logreg,False,2026-08-16 13:56:14.483299+00,,15m,,3,3,MATCH,0.55,,f,POLYMARKET_FLIP_VS_FINAL_OUTCOME,manifest_target_source,market_end_favorite_loses,4ce2d058b295a54076b9e8f02075c7122076202a3b676941d9e00cb0eb35fad8,854,True,sklearn.linear_model._logistic.LogisticRegression,True,0,,0.493,,"mid_price,spread,time_left_min"
853,SOL_contested,4,logreg,False,2026-08-16 14:32:42.484266+00,,15m,,3,3,MATCH,0.55,,f,POLYMARKET_FLIP_VS_FINAL_OUTCOME,manifest_target_source,market_end_favorite_loses,0caee3ff53ec35c3931b54e730527a33b65ab2ed314a64e193355ed7bbe22540,854,True,sklearn.linear_model._logistic.LogisticRegression,True,0,,0.4959,,"mid_price,spread,time_left_min"
854,SOL_contested,5,logreg,False,2026-08-16 14:32:47.984618+00,,15m,,3,3,MATCH,0.55,,f,POLYMARKET_FLIP_VS_FINAL_OUTCOME,manifest_target_source,market_end_favorite_loses,0caee3ff53ec35c3931b54e730527a33b65ab2ed314a64e193355ed7bbe22540,854,True,sklearn.linear_model._logistic.LogisticRegression,True,0,,0.4959,,"mid_price,spread,time_left_min"
855,SOL_contested,6,logreg,False,2026-08-16 14:32:52.990726+00,,15m,,3,3,MATCH,0.55,,f,POLYMARKET_FLIP_VS_FINAL_OUTCOME,manifest_target_source,market_end_favorite_loses,a11f74b578495f666a8213c5fa7f943c7bac24b21e899cce2a5a792ceb1aaec2,854,True,sklearn.linear_model._logistic.LogisticRegression,True,0,,0.4896,,"mid_price,spread,time_left_min"
856,XRP,37,logreg,False,2026-08-16 17:18:52.720764+00,,15m,,3,3,MATCH,0.55,,f,POLYMARKET_FLIP_VS_FINAL_OUTCOME,manifest_target_source,market_end_favorite_loses,ab8468e3b577ad20f986fd640257711dba6ef13a5510fc88f4d333996ca8de07,854,True,sklearn.linear_model._logistic.LogisticRegression,True,0,,0.6399,,"mid_price,spread,time_left_min"
857,XRP,38,logreg,False,2026-08-16 17:19:04.038175+00,,15m,,3,3,MATCH,0.55,,f,POLYMARKET_FLIP_VS_FINAL_OUTCOME,manifest_target_source,market_end_favorite_loses,ab8468e3b577ad20f986fd640257711dba6ef13a5510fc88f4d333996ca8de07,854,True,sklearn.linear_model._logistic.LogisticRegression,True,0,,0.6399,,"mid_price,spread,time_left_min"
858,XRP,39,logreg,False,2026-08-16 17:19:15.512188+00,,15m,,3,3,MATCH,0.55,,f,POLYMARKET_FLIP_VS_FINAL_OUTCOME,manifest_target_source,market_end_favorite_loses,4a568b9abd4bb78764b789cb9adfe9da5913b9304a739fac8e16b8881324baaa,854,True,sklearn.linear_model._logistic.LogisticRegression,True,0,,0.6408,,"mid_price,spread,time_left_min"
859,XRP_decided,17,logreg,False,2026-08-16 18:57:01.009695+00,,15m,,3,3,MATCH,0.55,,f,POLYMARKET_FLIP_VS_FINAL_OUTCOME,manifest_target_source,market_end_favorite_loses,58e9f039009b0b3cba9cdfdc124ed93a018bf5188a8b5588d83cc9b270950b66,854,True,sklearn.linear_model._logistic.LogisticRegression,True,0,,0.6264,,"mid_price,spread,time_left_min"
860,XRP_decided,18,logreg,False,2026-08-16 18:57:07.500496+00,,15m,,3,3,MATCH,0.55,,f,POLYMARKET_FLIP_VS_FINAL_OUTCOME,manifest_target_source,market_end_favorite_loses,58e9f039009b0b3cba9cdfdc124ed93a018bf5188a8b5588d83cc9b270950b66,854,True,sklearn.linear_model._logistic.LogisticRegression,True,0,,0.6264,,"mid_price,spread,time_left_min"
861,XRP_decided,19,logreg,False,2026-08-16 18:57:13.447494+00,,15m,,3,3,MATCH,0.55,,f,POLYMARKET_FLIP_VS_FINAL_OUTCOME,manifest_target_source,market_end_favorite_loses,4b4cc16059f0feea2541e7ccb39e27674b604394b977a0f95206c181ef408a58,854,True,sklearn.linear_model._logistic.LogisticRegression,True,0,,0.6285,,"mid_price,spread,time_left_min"
862,XRP_leaning,17,logreg,False,2026-08-16 19:41:32.702524+00,,15m,,3,3,MATCH,0.55,,f,POLYMARKET_FLIP_VS_FINAL_OUTCOME,manifest_target_source,market_end_favorite_loses,9f55648ade2ba19d66c148c2da44ef4697d4dabb80a077b7f6c31d54cbefa24e,854,True,sklearn.linear_model._logistic.LogisticRegression,True,0,,0.4874,,"mid_price,spread,time_left_min"
863,XRP_leaning,18,logreg,False,2026-08-16 19:41:36.252406+00,,15m,,3,3,MATCH,0.55,,f,POLYMARKET_FLIP_VS_FINAL_OUTCOME,manifest_target_source,market_end_favorite_loses,9f55648ade2ba19d66c148c2da44ef4697d4dabb80a077b7f6c31d54cbefa24e,854,True,sklearn.linear_model._logistic.LogisticRegression,True,0,,0.4874,,"mid_price,spread,time_left_min"
864,XRP_leaning,19,logreg,False,2026-08-16 19:41:40.473615+00,,15m,,3,3,MATCH,0.55,,f,POLYMARKET_FLIP_VS_FINAL_OUTCOME,manifest_target_source,market_end_favorite_loses,e4d2c3694d8455c73d3d9a7accb77c0874733a486df7978e8dd23f84470182eb,854,True,sklearn.linear_model._logistic.LogisticRegression,True,0,,0.4916,,"mid_price,spread,time_left_min"
865,XRP_contested,4,logreg,False,2026-08-16 20:17:51.487193+00,,15m,,3,3,MATCH,0.55,,f,POLYMARKET_FLIP_VS_FINAL_OUTCOME,manifest_target_source,market_end_favorite_loses,dc3163beae078a81e16fbffb96ddae1fdb8ae55f2fb869601f7d207c77eec04a,854,True,sklearn.linear_model._logistic.LogisticRegression,True,0,,0.5038,,"mid_price,spread,time_left_min"
866,XRP_contested,5,logreg,False,2026-08-16 20:17:54.477369+00,,15m,,3,3,MATCH,0.55,,f,POLYMARKET_FLIP_VS_FINAL_OUTCOME,manifest_target_source,market_end_favorite_loses,dc3163beae078a81e16fbffb96ddae1fdb8ae55f2fb869601f7d207c77eec04a,854,True,sklearn.linear_model._logistic.LogisticRegression,True,0,,0.5038,,"mid_price,spread,time_left_min"
867,XRP_contested,6,logreg,True,2026-08-16 20:17:57.479816+00,,15m,,3,3,MATCH,0.55,,f,POLYMARKET_FLIP_VS_FINAL_OUTCOME,manifest_target_source,market_end_favorite_loses,dd5a68c6f4405de21ca20d9a2effb53b7553d297ee3b80c97a827e4c3821a1d2,854,True,sklearn.linear_model._logistic.LogisticRegression,True,0,,0.5049,,"mid_price,spread,time_left_min"
868,DOGE,36,logreg,False,2026-08-16 22:58:43.513578+00,,15m,,3,3,MATCH,0.55,,f,POLYMARKET_FLIP_VS_FINAL_OUTCOME,manifest_target_source,market_end_favorite_loses,0eea26de054506bb361d3a235cb678da38048c1848f2d4de2ff122e2641d15f6,854,True,sklearn.linear_model._logistic.LogisticRegression,True,0,,0.6483,,"mid_price,spread,time_left_min"
869,DOGE,37,logreg,False,2026-08-16 22:58:55.746119+00,,15m,,3,3,MATCH,0.55,,f,POLYMARKET_FLIP_VS_FINAL_OUTCOME,manifest_target_source,market_end_favorite_loses,0eea26de054506bb361d3a235cb678da38048c1848f2d4de2ff122e2641d15f6,854,True,sklearn.linear_model._logistic.LogisticRegression,True,0,,0.6483,,"mid_price,spread,time_left_min"
870,DOGE,38,logreg,False,2026-08-16 22:59:08.209045+00,,15m,,3,3,MATCH,0.55,,f,POLYMARKET_FLIP_VS_FINAL_OUTCOME,manifest_target_source,market_end_favorite_loses,7708bdee353f709c4972f70c3edb496c926ed6e7f2bc91c788f51f2cbd51ada0,854,True,sklearn.linear_model._logistic.LogisticRegression,True,0,,0.6486,,"mid_price,spread,time_left_min"
871,DOGE_decided,16,logreg,False,2026-08-17 00:40:40.238556+00,,15m,,3,3,MATCH,0.55,,f,POLYMARKET_FLIP_VS_FINAL_OUTCOME,manifest_target_source,market_end_favorite_loses,e0c3d87cfc770d5ef7fe7ed262fcd90ccee34bd83cc75c67fa575330884e53f0,854,True,sklearn.linear_model._logistic.LogisticRegression,True,0,,0.6389,,"mid_price,spread,time_left_min"
872,DOGE_decided,17,logreg,True,2026-08-17 00:40:46.489979+00,,15m,,3,3,MATCH,0.55,,f,POLYMARKET_FLIP_VS_FINAL_OUTCOME,manifest_target_source,market_end_favorite_loses,e0c3d87cfc770d5ef7fe7ed262fcd90ccee34bd83cc75c67fa575330884e53f0,854,True,sklearn.linear_model._logistic.LogisticRegression,True,0,,0.6389,,"mid_price,spread,time_left_min"
873,DOGE_decided,18,logreg,False,2026-08-17 00:40:52.244963+00,,15m,,3,3,MATCH,0.55,,f,POLYMARKET_FLIP_VS_FINAL_OUTCOME,manifest_target_source,market_end_favorite_loses,255691de6ece3d40f6200ba4437e9ea179a09d33495c4def6eebe7f943af449f,854,True,sklearn.linear_model._logistic.LogisticRegression,True,0,,0.6391,,"mid_price,spread,time_left_min"
874,DOGE_leaning,16,logreg,False,2026-08-17 01:29:02.754542+00,,15m,,3,3,MATCH,0.55,,f,POLYMARKET_FLIP_VS_FINAL_OUTCOME,manifest_target_source,market_end_favorite_loses,4ce8b249b83ed8f8189ca9652f9f2fdff219a480998a10fd908c42e77f1a99eb,854,True,sklearn.linear_model._logistic.LogisticRegression,True,0,,0.4908,,"mid_price,spread,time_left_min"
875,DOGE_leaning,17,logreg,False,2026-08-17 01:29:06.504654+00,,15m,,3,3,MATCH,0.55,,f,POLYMARKET_FLIP_VS_FINAL_OUTCOME,manifest_target_source,market_end_favorite_loses,4ce8b249b83ed8f8189ca9652f9f2fdff219a480998a10fd908c42e77f1a99eb,854,True,sklearn.linear_model._logistic.LogisticRegression,True,0,,0.4908,,"mid_price,spread,time_left_min"
876,DOGE_leaning,18,logreg,False,2026-08-17 01:29:10.495786+00,,15m,,3,3,MATCH,0.55,,f,POLYMARKET_FLIP_VS_FINAL_OUTCOME,manifest_target_source,market_end_favorite_loses,8bc9ea01a8a3f75cda377f501a636de39f604a6ea5d4d8ae78ef2db208ffaf18,854,True,sklearn.linear_model._logistic.LogisticRegression,True,0,,0.4948,,"mid_price,spread,time_left_min"
877,DOGE_contested,8,logreg,False,2026-08-17 02:05:04.467061+00,,15m,,3,3,MATCH,0.55,,f,POLYMARKET_FLIP_VS_FINAL_OUTCOME,manifest_target_source,market_end_favorite_loses,97db67bb0462e4cbbcc716f350f5210a5e304e1f58ed7740fdbdd58a75abc17a,854,True,sklearn.linear_model._logistic.LogisticRegression,True,0,,0.4933,,"mid_price,spread,time_left_min"
878,DOGE_contested,9,logreg,False,2026-08-17 02:05:07.226233+00,,15m,,3,3,MATCH,0.55,,f,POLYMARKET_FLIP_VS_FINAL_OUTCOME,manifest_target_source,market_end_favorite_loses,97db67bb0462e4cbbcc716f350f5210a5e304e1f58ed7740fdbdd58a75abc17a,854,True,sklearn.linear_model._logistic.LogisticRegression,True,0,,0.4933,,"mid_price,spread,time_left_min"
879,DOGE_contested,10,logreg,False,2026-08-17 02:05:10.237299+00,,15m,,3,3,MATCH,0.55,,f,POLYMARKET_FLIP_VS_FINAL_OUTCOME,manifest_target_source,market_end_favorite_loses,bbf14df7206789663723aefb55fd3cb18b06110fbf74bc0f7c9919a81f9f1a24,854,True,sklearn.linear_model._logistic.LogisticRegression,True,0,,0.4964,,"mid_price,spread,time_left_min"
880,BTC,51,logreg,False,2026-08-18 16:42:30.38968+00,,15m,,3,3,MATCH,0.2026044240806892,,f,UNKNOWN_TARGET,no_manifest_no_era_proof,none,90dd2571f54670884436637ad022747fcf62e5317e11d32c0d65e10240ff8ab7,1297,True,sklearn.pipeline.Pipeline,True,0,,0.6465161697871369,048451803ffff3c610cf7cce2a8aedf7,"mid_price,spread,time_left_min"
881,BTC,52,logreg,False,2026-08-18 16:42:30.954601+00,,15m,,3,3,MATCH,0.20121158309752352,,f,UNKNOWN_TARGET,no_manifest_no_era_proof,none,8c51767a6fcce0112d4a145f2f4742349807be553ff5b88bc20f1197485919c7,1714,True,sklearn.calibration.CalibratedClassifierCV,True,0,,0.6465161697871369,048451803ffff3c610cf7cce2a8aedf7,"mid_price,spread,time_left_min"
882,BTC,53,logreg,False,2026-08-18 16:42:31.451791+00,,15m,,3,3,MATCH,0.19366655038087327,,f,UNKNOWN_TARGET,no_manifest_no_era_proof,none,2f911b84ca2593e8ee1ca510f07e5b5ed3aa9f5c8edb8c132abfca8260f1d84a,1297,True,sklearn.pipeline.Pipeline,True,0,,0.6465849344755916,048451803ffff3c610cf7cce2a8aedf7,"mid_price,spread,time_left_min"
883,BTC_decided,17,logreg,False,2026-08-18 16:42:31.96571+00,,15m,,3,3,MATCH,0.13959772727250633,,f,UNKNOWN_TARGET,no_manifest_no_era_proof,none,47714810893087ab2aced80775d8cdbca0586d2bca82ecd290e379a1ec005b20,1297,True,sklearn.pipeline.Pipeline,True,0,,0.6341748778205779,efbc04803bd93844c1bc95ea7e90b53c,"mid_price,spread,time_left_min"
884,BTC_decided,18,logreg,False,2026-08-18 16:42:32.36866+00,,15m,,3,3,MATCH,0.09052840578944152,,f,UNKNOWN_TARGET,no_manifest_no_era_proof,none,270667542ccb811bc5288e5326b2448164afeaf2abc0a357f318471f09beaac3,1714,True,sklearn.calibration.CalibratedClassifierCV,True,0,,0.6341748778205779,efbc04803bd93844c1bc95ea7e90b53c,"mid_price,spread,time_left_min"
885,BTC_decided,19,logreg,True,2026-08-18 16:42:32.793502+00,,15m,,3,3,MATCH,0.13953102429277328,,f,UNKNOWN_TARGET,no_manifest_no_era_proof,none,9d6375a5d93684d58309e375de9125cd4d78953ffaf4bd9f1c58d547e8c61391,1297,True,sklearn.pipeline.Pipeline,True,0,,0.634719124564536,efbc04803bd93844c1bc95ea7e90b53c,"mid_price,spread,time_left_min"
886,BTC_leaning,13,logreg,False,2026-08-18 16:42:33.150628+00,,15m,,3,3,MATCH,0.23331809441813248,,f,UNKNOWN_TARGET,no_manifest_no_era_proof,none,06361094c883eba61d8e77565b0b3f2f79598ec03f35c4bfad417ad9764e0da9,1297,True,sklearn.pipeline.Pipeline,True,0,,0.48939440247195576,7ee8976897f64a25ffe0fae6bc8e4cff,"mid_price,spread,time_left_min"
887,BTC_leaning,14,logreg,False,2026-08-18 16:42:33.551524+00,,15m,,3,3,MATCH,0.12667444059278463,,f,UNKNOWN_TARGET,no_manifest_no_era_proof,none,62a4e4260169b537e520137d19967fecd58e82cc9d48a0c387ced117addda16b,1714,True,sklearn.calibration.CalibratedClassifierCV,True,0,,0.5106055975280444,7ee8976897f64a25ffe0fae6bc8e4cff,"mid_price,spread,time_left_min"
888,BTC_leaning,15,logreg,False,2026-08-18 16:42:33.959682+00,,15m,,3,3,MATCH,0.20193261911393653,,f,UNKNOWN_TARGET,no_manifest_no_era_proof,none,3759e3f2abbfe4348557039a8cd1f4e8b8e4dcbbfa4dd656ef7dd7f192db6a8a,1297,True,sklearn.pipeline.Pipeline,True,0,,0.4904169597177327,7ee8976897f64a25ffe0fae6bc8e4cff,"mid_price,spread,time_left_min"
889,BTC_contested,12,logreg,False,2026-08-18 16:42:34.363686+00,,15m,,3,3,MATCH,0.3720876869218602,,f,UNKNOWN_TARGET,no_manifest_no_era_proof,none,c94147df9798b0c9cc7a3dc52035ca4adaa5f8c1a6120ae0c70536de6cc8faca,1297,True,sklearn.pipeline.Pipeline,True,0,,0.49632047414752495,a7a12a735cb463c7209ed508dc49be70,"mid_price,spread,time_left_min"
890,BTC_contested,13,logreg,False,2026-08-18 16:42:34.797889+00,,15m,,3,3,MATCH,0.3797552952274878,,f,UNKNOWN_TARGET,no_manifest_no_era_proof,none,ed795b4e55f7e12f72db2b8cbc2ce8d48ae004e21d848d01b12f38f97bcf9a67,1714,True,sklearn.calibration.CalibratedClassifierCV,True,0,,0.5022195478366095,a7a12a735cb463c7209ed508dc49be70,"mid_price,spread,time_left_min"
891,BTC_contested,14,logreg,False,2026-08-18 16:42:35.199763+00,,15m,,3,3,MATCH,0.3652728844540249,,f,UNKNOWN_TARGET,no_manifest_no_era_proof,none,dc615b4e4f2e24ae19be8654673003186b084d5ce89ad0e48f613d52983eab0f,1297,True,sklearn.pipeline.Pipeline,True,0,,0.4958969388863322,a7a12a735cb463c7209ed508dc49be70,"mid_price,spread,time_left_min"
892,ETH,51,logreg,False,2026-08-18 16:42:35.600666+00,,15m,,3,3,MATCH,0.1924778145305858,,f,UNKNOWN_TARGET,no_manifest_no_era_proof,none,261fcbe17bcdfaa92602c22d795008d4623d826aa8394c74327b327b6e7a4c4b,1297,True,sklearn.pipeline.Pipeline,True,0,,0.6469062978642752,abc241dfc5ec34e6a7e09380918e28bf,"mid_price,spread,time_left_min"
893,ETH,52,logreg,False,2026-08-18 16:42:36.001558+00,,15m,,3,3,MATCH,0.21845910662777354,,f,UNKNOWN_TARGET,no_manifest_no_era_proof,none,6f6a4c2699fe1c3bcd883a7086478928b58e01133bf10f5c8ef17220ab3cd541,1714,True,sklearn.calibration.CalibratedClassifierCV,True,0,,0.6469062978642752,abc241dfc5ec34e6a7e09380918e28bf,"mid_price,spread,time_left_min"
894,ETH,53,logreg,False,2026-08-18 16:42:36.409521+00,,15m,,3,3,MATCH,0.18418951777649042,,f,UNKNOWN_TARGET,no_manifest_no_era_proof,none,f054f42b81f19541d84e7feb89bb3e15c68a96f029c5dc06abf223ad2309ed46,1297,True,sklearn.pipeline.Pipeline,True,0,,0.6469813956438815,abc241dfc5ec34e6a7e09380918e28bf,"mid_price,spread,time_left_min"
895,ETH_decided,19,logreg,False,2026-08-18 16:42:36.840208+00,,15m,,3,3,MATCH,0.13843643606968484,,f,UNKNOWN_TARGET,no_manifest_no_era_proof,none,07f37e75026270d487b83ec3b6d4810d0177dae20eeb99754708d8b3f79ed0a1,1297,True,sklearn.pipeline.Pipeline,True,0,,0.6298522804063199,997863efa38d1e166d77b3a404c37a67,"mid_price,spread,time_left_min"
896,ETH_decided,20,logreg,False,2026-08-18 16:42:37.238652+00,,15m,,3,3,MATCH,0.10785367247434176,,f,UNKNOWN_TARGET,no_manifest_no_era_proof,none,10ad4c57a0d41bf830b7f10d27b5bae2474de914c622aa221b85f477cce60a1e,1714,True,sklearn.calibration.CalibratedClassifierCV,True,0,,0.6298522804063199,997863efa38d1e166d77b3a404c37a67,"mid_price,spread,time_left_min"
897,ETH_decided,21,logreg,False,2026-08-18 16:42:37.648865+00,,15m,,3,3,MATCH,0.1389860288942783,,f,UNKNOWN_TARGET,no_manifest_no_era_proof,none,b75c3913f25acfbe91112a8c4a5ebcd8c0bc8cdd4f99b847a1f1d3deb29b9d2f,1297,True,sklearn.pipeline.Pipeline,True,0,,0.6304225342059266,997863efa38d1e166d77b3a404c37a67,"mid_price,spread,time_left_min"
898,ETH_leaning,17,logreg,False,2026-08-18 16:42:38.059797+00,,15m,,3,3,MATCH,0.20953685697469887,,f,UNKNOWN_TARGET,no_manifest_no_era_proof,none,3adf3ca3c282d248109d541340c4218fa61e595f3b882bc38401440471229fef,1297,True,sklearn.pipeline.Pipeline,True,0,,0.49878443266711814,b00c5746bf4408e1ee7267f591397aed,"mid_price,spread,time_left_min"
899,ETH_leaning,18,logreg,False,2026-08-18 16:42:38.467749+00,,15m,,3,3,MATCH,0.2871367342052335,,f,UNKNOWN_TARGET,no_manifest_no_era_proof,none,cb1e6be9e81c24b806e404e988b7cb16bf0579a6ff61bfd76271623980db9880,1714,True,sklearn.calibration.CalibratedClassifierCV,True,0,,0.4890916423252989,b00c5746bf4408e1ee7267f591397aed,"mid_price,spread,time_left_min"
900,ETH_leaning,19,logreg,False,2026-08-18 16:42:38.864904+00,,15m,,3,3,MATCH,0.17086733725164402,,f,UNKNOWN_TARGET,no_manifest_no_era_proof,none,b6e9d20e28f0424e64211bfb264674c4f3b1630857c156a5ff7b01e601b16d2a,1297,True,sklearn.pipeline.Pipeline,True,0,,0.49655915867500705,b00c5746bf4408e1ee7267f591397aed,"mid_price,spread,time_left_min"
901,ETH_contested,8,logreg,False,2026-08-18 16:42:39.269054+00,,15m,,3,3,MATCH,0.36454046138270957,,f,UNKNOWN_TARGET,no_manifest_no_era_proof,none,1f17fc39427812e702f7fb2ffdf0d40736250585e5bd0725f127c15dacd2411b,1297,True,sklearn.pipeline.Pipeline,True,0,,0.4920139667734439,3edff4cd95709995440f5cb22d3ab185,"mid_price,spread,time_left_min"
902,ETH_contested,9,logreg,False,2026-08-18 16:42:39.678853+00,,15m,,3,3,MATCH,0.3909011042640632,,f,UNKNOWN_TARGET,no_manifest_no_era_proof,none,644e51c484bf4fa981c65cc3123f03b45a589772ae162e5bcc164cb662347f93,1714,True,sklearn.calibration.CalibratedClassifierCV,True,0,,0.50688501897986,3edff4cd95709995440f5cb22d3ab185,"mid_price,spread,time_left_min"
903,ETH_contested,10,logreg,False,2026-08-18 16:42:40.086818+00,,15m,,3,3,MATCH,0.34355898251982986,,f,UNKNOWN_TARGET,no_manifest_no_era_proof,none,8437808395cd0870f0fd7a4441e7fbe2f89695d62bb1e20737f401cae6c44319,1297,True,sklearn.pipeline.Pipeline,True,0,,0.49300009720690185,3edff4cd95709995440f5cb22d3ab185,"mid_price,spread,time_left_min"
904,SOL,39,logreg,False,2026-08-18 16:42:40.501588+00,,15m,,3,3,MATCH,0.19201470939755397,,f,UNKNOWN_TARGET,no_manifest_no_era_proof,none,04879119899fdb4a97778095248ade30e7ce04e90f31efd17f629f20258ecb3a,1297,True,sklearn.pipeline.Pipeline,True,0,,0.6438843625922722,713aadb8f2bff5b9eac5e241add74bf1,"mid_price,spread,time_left_min"
905,SOL,40,logreg,False,2026-08-18 16:42:40.900915+00,,15m,,3,3,MATCH,0.21315588720754466,,f,UNKNOWN_TARGET,no_manifest_no_era_proof,none,9231491b4541ef520b81c90a0c40de75dc2306be9252d518a3e21508e06d7338,1714,True,sklearn.calibration.CalibratedClassifierCV,True,0,,0.6438843625922722,713aadb8f2bff5b9eac5e241add74bf1,"mid_price,spread,time_left_min"
906,SOL,41,logreg,False,2026-08-18 16:42:41.309059+00,,15m,,3,3,MATCH,0.18478698746586109,,f,UNKNOWN_TARGET,no_manifest_no_era_proof,none,c39bc36f65ebb9dcd697e79af289cb5006037a39f0efc9ccdbea92dbb592ddce,1297,True,sklearn.pipeline.Pipeline,True,0,,0.6423561581367665,713aadb8f2bff5b9eac5e241add74bf1,"mid_price,spread,time_left_min"
907,SOL_decided,18,logreg,False,2026-08-18 16:42:41.720017+00,,15m,,3,3,MATCH,0.13346654639725683,,f,UNKNOWN_TARGET,no_manifest_no_era_proof,none,a0995d5495b05025a02308fcb795684c9b766d4c77a38c5692de696783f924d9,1297,True,sklearn.pipeline.Pipeline,True,0,,0.6355088680658886,e3582c8ce8dacb500f975504809cebca,"mid_price,spread,time_left_min"
908,SOL_decided,19,logreg,False,2026-08-18 16:42:42.137029+00,,15m,,3,3,MATCH,0.09750655460621081,,f,UNKNOWN_TARGET,no_manifest_no_era_proof,none,3de57642c18470c13305e82fec1323e976b718ca3d9cdb8e7169984661106eed,1714,True,sklearn.calibration.CalibratedClassifierCV,True,0,,0.6355088680658886,e3582c8ce8dacb500f975504809cebca,"mid_price,spread,time_left_min"
909,SOL_decided,20,logreg,False,2026-08-18 16:42:42.631158+00,,15m,,3,3,MATCH,0.13069628746954068,,f,UNKNOWN_TARGET,no_manifest_no_era_proof,none,a7defe21f102275d8317397fce1762b6371cbfb699c114d25d9bd8531256f60b,1297,True,sklearn.pipeline.Pipeline,True,0,,0.6364522682785012,e3582c8ce8dacb500f975504809cebca,"mid_price,spread,time_left_min"
910,SOL_leaning,17,logreg,False,2026-08-18 16:42:43.02887+00,,15m,,3,3,MATCH,0.19407001551643133,,f,UNKNOWN_TARGET,no_manifest_no_era_proof,none,a48fc8d9b56a306090edcbf908b83daf4c0a3b1271039578455204ef0a2175f9,1297,True,sklearn.pipeline.Pipeline,True,0,,0.48884563811748494,7c5f8e9b5022e2ce881c8b518f86057a,"mid_price,spread,time_left_min"
911,SOL_leaning,18,logreg,False,2026-08-18 16:42:43.427349+00,,15m,,3,3,MATCH,0.26289480962905987,,f,UNKNOWN_TARGET,no_manifest_no_era_proof,none,d8fa07ca5b105c4353c8cdd14c3dde599afd9817d95d406fcf051a0c7a9872fb,1714,True,sklearn.calibration.CalibratedClassifierCV,True,0,,0.511638224039199,7c5f8e9b5022e2ce881c8b518f86057a,"mid_price,spread,time_left_min"
912,SOL_leaning,19,logreg,False,2026-08-18 16:42:43.823041+00,,15m,,3,3,MATCH,0.17004807739473868,,f,UNKNOWN_TARGET,no_manifest_no_era_proof,none,8b1d0a00e76a69111eb5992c88e0d4470bdd9e53df482352b7ffb1b91ddf734b,1297,True,sklearn.pipeline.Pipeline,True,0,,0.48729409208538177,7c5f8e9b5022e2ce881c8b518f86057a,"mid_price,spread,time_left_min"
913,SOL_contested,7,logreg,False,2026-08-18 16:42:44.232923+00,,15m,,3,3,MATCH,0.03931308285908237,,f,UNKNOWN_TARGET,no_manifest_no_era_proof,none,8c6dfb24638d0eb1b669927772142001a7435734414f49ce861f85e5fe506268,1297,True,sklearn.pipeline.Pipeline,True,0,,0.49645662446043276,6d60ba5f39c0527cd4752ba9a5c3c766,"mid_price,spread,time_left_min"
914,SOL_contested,8,logreg,False,2026-08-18 16:42:44.62828+00,,15m,,3,3,MATCH,0.1913387874566652,,f,UNKNOWN_TARGET,no_manifest_no_era_proof,none,1c3b6b38105be124544d34975d23a47d5709b0017cf3d1c51d14d0268234f5a0,1714,True,sklearn.calibration.CalibratedClassifierCV,True,0,,0.49540891132663845,6d60ba5f39c0527cd4752ba9a5c3c766,"mid_price,spread,time_left_min"
915,SOL_contested,9,logreg,False,2026-08-18 16:42:45.031992+00,,15m,,3,3,MATCH,0.0680185660215611,,f,UNKNOWN_TARGET,no_manifest_no_era_proof,none,599448ff6b32e8034a292b4f947d50f905c8a235b4d31e0831a806435fab2e3b,1297,True,sklearn.pipeline.Pipeline,True,0,,0.49670959486710187,6d60ba5f39c0527cd4752ba9a5c3c766,"mid_price,spread,time_left_min"
916,XRP,40,logreg,False,2026-08-18 16:42:45.44096+00,,15m,,3,3,MATCH,0.216089831259346,,f,UNKNOWN_TARGET,no_manifest_no_era_proof,none,302876eb4d379dd2810bdd6b08170a7a130d74d7cde54686c73d2bfc4a66298c,1297,True,sklearn.pipeline.Pipeline,True,0,,0.6419195779122864,77707eb16c907e9d38675b115cc8525a,"mid_price,spread,time_left_min"
917,XRP,41,logreg,False,2026-08-18 16:42:45.854029+00,,15m,,3,3,MATCH,0.20008584213141692,,f,UNKNOWN_TARGET,no_manifest_no_era_proof,none,993131b56827cc57b83aa490855df6fceaadd3e9b1a62608b06cf8b81c94aaf5,1714,True,sklearn.calibration.CalibratedClassifierCV,True,0,,0.6419195779122864,77707eb16c907e9d38675b115cc8525a,"mid_price,spread,time_left_min"
918,XRP,42,logreg,False,2026-08-18 16:42:46.253983+00,,15m,,3,3,MATCH,0.1893841579255892,,f,UNKNOWN_TARGET,no_manifest_no_era_proof,none,be79e1b64e34b99a1a513d5a70717b094804e00aff7304c1bbb4332e3112fa9c,1297,True,sklearn.pipeline.Pipeline,True,0,,0.6419435714636049,77707eb16c907e9d38675b115cc8525a,"mid_price,spread,time_left_min"
919,XRP_decided,20,logreg,False,2026-08-18 16:42:46.656223+00,,15m,,3,3,MATCH,0.15814817045235227,,f,UNKNOWN_TARGET,no_manifest_no_era_proof,none,3999163f204a64deeeac7a877dd54e80c934c2b03c03a027f26dc772bd0b43cd,1297,True,sklearn.pipeline.Pipeline,True,0,,0.6389810924638929,890c536f330e4e6b7e9415cbbb93aa9e,"mid_price,spread,time_left_min"
920,XRP_decided,21,logreg,False,2026-08-18 16:42:47.065978+00,,15m,,3,3,MATCH,0.103583641449697,,f,UNKNOWN_TARGET,no_manifest_no_era_proof,none,d6b4c78d8cef28be142fa6faa17784be8c9c50c0a597170dded40259a0eeac71,1714,True,sklearn.calibration.CalibratedClassifierCV,True,0,,0.6389810924638929,890c536f330e4e6b7e9415cbbb93aa9e,"mid_price,spread,time_left_min"
921,XRP_decided,22,logreg,False,2026-08-18 16:42:47.461248+00,,15m,,3,3,MATCH,0.1627156554359542,,f,UNKNOWN_TARGET,no_manifest_no_era_proof,none,96f8acff77f22fa2c7879f53c38c795ed6caa86935a05df085dd9018055904f2,1297,True,sklearn.pipeline.Pipeline,True,0,,0.6402754802216901,890c536f330e4e6b7e9415cbbb93aa9e,"mid_price,spread,time_left_min"
922,XRP_leaning,20,logreg,False,2026-08-18 16:42:47.864316+00,,15m,,3,3,MATCH,0.24537447751822306,,f,UNKNOWN_TARGET,no_manifest_no_era_proof,none,4d654934a8302ffababf361e9e63f7c45f531ede34e20fb42fce3ac5172d8418,1297,True,sklearn.pipeline.Pipeline,True,0,,0.49233637727982843,6d07916751478fa498b9ca1b05f23b5f,"mid_price,spread,time_left_min"
923,XRP_leaning,21,logreg,False,2026-08-18 16:42:48.260274+00,,15m,,3,3,MATCH,0.16757179653005974,,f,UNKNOWN_TARGET,no_manifest_no_era_proof,none,9c10e20f167d7ff5674e198a711d8cb1ecdd3c419cf9ad868ac4b343ef907604,1714,True,sklearn.calibration.CalibratedClassifierCV,True,0,,0.5028662192347146,6d07916751478fa498b9ca1b05f23b5f,"mid_price,spread,time_left_min"
924,XRP_leaning,22,logreg,False,2026-08-18 16:42:48.685374+00,,15m,,3,3,MATCH,0.20887496332153047,,f,UNKNOWN_TARGET,no_manifest_no_era_proof,none,86d74bed8c56a980a75e85166c8cf49b909536866055801263b9b20c78438440,1297,True,sklearn.pipeline.Pipeline,True,0,,0.49260194328791834,6d07916751478fa498b9ca1b05f23b5f,"mid_price,spread,time_left_min"
925,XRP_contested,7,logreg,False,2026-08-18 16:42:49.087336+00,,15m,,3,3,MATCH,0.028483612807960027,,f,UNKNOWN_TARGET,no_manifest_no_era_proof,none,8c9bd18b2a1fe06f356b9766de2ca57002dcf7e65c844f8f4517df390b30c1a8,1297,True,sklearn.pipeline.Pipeline,True,0,,0.5042182768460857,6a51cd35a76348b9383faabb443eea13,"mid_price,spread,time_left_min"
926,XRP_contested,8,logreg,False,2026-08-18 16:42:49.482319+00,,15m,,3,3,MATCH,0.03928740374222151,,f,UNKNOWN_TARGET,no_manifest_no_era_proof,none,494bffb890fd8131ad97c2ead9ad1f4ae1ec90ac4ef0a9a84f5dd3595f3a2417,1714,True,sklearn.calibration.CalibratedClassifierCV,True,0,,0.49884321957169986,6a51cd35a76348b9383faabb443eea13,"mid_price,spread,time_left_min"
927,XRP_contested,9,logreg,False,2026-08-18 16:42:49.880327+00,,15m,,3,3,MATCH,0.048533284752971896,,f,UNKNOWN_TARGET,no_manifest_no_era_proof,none,2e8a55678792503f13f83aadd63007aa519637e69892490b379332e330b990bc,1297,True,sklearn.pipeline.Pipeline,True,0,,0.5032849547628192,6a51cd35a76348b9383faabb443eea13,"mid_price,spread,time_left_min"
928,DOGE,39,logreg,False,2026-08-18 16:42:50.281158+00,,15m,,3,3,MATCH,0.18452712449306916,,f,UNKNOWN_TARGET,no_manifest_no_era_proof,none,b7b0827b9fcc2d610cbada4c28a604447db0e6a5270c37e0bc5f97398ef74578,1297,True,sklearn.pipeline.Pipeline,True,0,,0.6463582856944962,c338b23edac4ee80d80282b32b2749d5,"mid_price,spread,time_left_min"
929,DOGE,40,logreg,False,2026-08-18 16:42:50.715234+00,,15m,,3,3,MATCH,0.19411954613596816,,f,UNKNOWN_TARGET,no_manifest_no_era_proof,none,005ddf9c56502f3e332a52ef18307734b246255b8356b879167c0b76f57138f9,1714,True,sklearn.calibration.CalibratedClassifierCV,True,0,,0.6463582856944962,c338b23edac4ee80d80282b32b2749d5,"mid_price,spread,time_left_min"
930,DOGE,41,logreg,False,2026-08-18 16:42:51.117229+00,,15m,,3,3,MATCH,0.17741763412382983,,f,UNKNOWN_TARGET,no_manifest_no_era_proof,none,2b812dccbc34a83fa5506d8abb2ed002b61a605b46d66803dfed93897df956a5,1297,True,sklearn.pipeline.Pipeline,True,0,,0.6460559366783817,c338b23edac4ee80d80282b32b2749d5,"mid_price,spread,time_left_min"
931,DOGE_decided,19,logreg,False,2026-08-18 16:42:51.520407+00,,15m,,3,3,MATCH,0.12903632974817555,,f,UNKNOWN_TARGET,no_manifest_no_era_proof,none,06f9c4a24f78a891bbd728a0dd2d8ea7ccb36bf5ab58eccc5bea7ccd3dc092b0,1297,True,sklearn.pipeline.Pipeline,True,0,,0.6387446922637046,9f0fa6d9cf32db87e6395fca71a77c05,"mid_price,spread,time_left_min"
932,DOGE_decided,20,logreg,False,2026-08-18 16:42:51.922278+00,,15m,,3,3,MATCH,0.10102915724557748,,f,UNKNOWN_TARGET,no_manifest_no_era_proof,none,cd1247502095e2e7606a307f7fb134982c27a2c7f918655283e30a0bfda19e57,1714,True,sklearn.calibration.CalibratedClassifierCV,True,0,,0.6387446922637046,9f0fa6d9cf32db87e6395fca71a77c05,"mid_price,spread,time_left_min"
933,DOGE_decided,21,logreg,False,2026-08-18 16:42:52.324272+00,,15m,,3,3,MATCH,0.11943435120603432,,f,UNKNOWN_TARGET,no_manifest_no_era_proof,none,a0c53466530a06d14386620eab33e0278c155c3c6bc5b080df0dfb1149c8bfd5,1297,True,sklearn.pipeline.Pipeline,True,0,,0.6381405678277264,9f0fa6d9cf32db87e6395fca71a77c05,"mid_price,spread,time_left_min"
934,DOGE_leaning,19,logreg,False,2026-08-18 16:42:52.756321+00,,15m,,3,3,MATCH,0.20151840267095636,,f,UNKNOWN_TARGET,no_manifest_no_era_proof,none,578cfbe643aa66f14efc5edf1c5d618a7746b9bd7ee6c7d2f8e73afcd6aff5d8,1297,True,sklearn.pipeline.Pipeline,True,0,,0.5042448839854476,52a43a64a448cf21acc85f88e81ed82c,"mid_price,spread,time_left_min"
935,DOGE_leaning,20,logreg,False,2026-08-18 16:42:53.157309+00,,15m,,3,3,MATCH,0.22587623878545698,,f,UNKNOWN_TARGET,no_manifest_no_era_proof,none,f7fae19330ff7e6964c813cd0f82ce18146dd121909502bf3d15b41d4b3738a0,1714,True,sklearn.calibration.CalibratedClassifierCV,True,0,,0.49434085245178727,52a43a64a448cf21acc85f88e81ed82c,"mid_price,spread,time_left_min"
936,DOGE_leaning,21,logreg,False,2026-08-18 16:42:53.555836+00,,15m,,3,3,MATCH,0.17066756860504795,,f,UNKNOWN_TARGET,no_manifest_no_era_proof,none,ca9d3fc27457103429731b02e06f486068691226293708c3938726789ec24594,1297,True,sklearn.pipeline.Pipeline,True,0,,0.5027176830263254,52a43a64a448cf21acc85f88e81ed82c,"mid_price,spread,time_left_min"
937,DOGE_contested,11,logreg,False,2026-08-18 16:42:54.089219+00,,15m,,3,3,MATCH,0.3723853648887718,,f,UNKNOWN_TARGET,no_manifest_no_era_proof,none,89b59c1458ce8161119f8cf9b60df2bd8ee77eeb70e9304987cf0158b39b97cb,1297,True,sklearn.pipeline.Pipeline,True,0,,0.48996866466445194,11c8e0daa55484db80313417eb35bba8,"mid_price,spread,time_left_min"
938,DOGE_contested,12,logreg,False,2026-08-18 16:42:54.493307+00,,15m,,3,3,MATCH,0.3322998839644711,,f,UNKNOWN_TARGET,no_manifest_no_era_proof,none,d5cabb4c2637a8e60c7c56d1c9e5ec0936e5ca69416ce33f814d0b1840aa6fc2,1714,True,sklearn.calibration.CalibratedClassifierCV,True,0,,0.5017552495166051,11c8e0daa55484db80313417eb35bba8,"mid_price,spread,time_left_min"
939,DOGE_contested,13,logreg,False,2026-08-18 16:42:54.896279+00,,15m,,3,3,MATCH,0.36817163036218986,,f,UNKNOWN_TARGET,no_manifest_no_era_proof,none,3ee5c64bcfad5a413ba698234d43cb7ecc0e8e015f971815c26ac36ea7d2ef40,1297,True,sklearn.pipeline.Pipeline,True,0,,0.4931350381412507,11c8e0daa55484db80313417eb35bba8,"mid_price,spread,time_left_min"
940,BTC,54,logreg,False,2026-08-19 04:14:52.964974+00,,15m,,3,3,MATCH,0.2026044240806892,,f,UNKNOWN_TARGET,no_manifest_no_era_proof,none,90dd2571f54670884436637ad022747fcf62e5317e11d32c0d65e10240ff8ab7,1297,True,sklearn.pipeline.Pipeline,True,0,,0.6465161697871369,048451803ffff3c610cf7cce2a8aedf7,"mid_price,spread,time_left_min"
941,BTC,55,logreg,False,2026-08-19 04:14:53.56475+00,,15m,,3,3,MATCH,0.2026044240806892,,f,UNKNOWN_TARGET,no_manifest_no_era_proof,none,90dd2571f54670884436637ad022747fcf62e5317e11d32c0d65e10240ff8ab7,1297,True,sklearn.pipeline.Pipeline,True,0,,0.6465161697871369,048451803ffff3c610cf7cce2a8aedf7,"mid_price,spread,time_left_min"
942,BTC,56,logreg,False,2026-08-19 04:14:54.063672+00,,15m,,3,3,MATCH,0.19366655038087327,,f,UNKNOWN_TARGET,no_manifest_no_era_proof,none,2f911b84ca2593e8ee1ca510f07e5b5ed3aa9f5c8edb8c132abfca8260f1d84a,1297,True,sklearn.pipeline.Pipeline,True,0,,0.6465849344755916,048451803ffff3c610cf7cce2a8aedf7,"mid_price,spread,time_left_min"
943,BTC_decided,20,logreg,False,2026-08-19 04:14:54.48198+00,,15m,,3,3,MATCH,0.13959772727250633,,f,UNKNOWN_TARGET,no_manifest_no_era_proof,none,47714810893087ab2aced80775d8cdbca0586d2bca82ecd290e379a1ec005b20,1297,True,sklearn.pipeline.Pipeline,True,0,,0.6341748778205779,efbc04803bd93844c1bc95ea7e90b53c,"mid_price,spread,time_left_min"
944,BTC_decided,21,logreg,False,2026-08-19 04:14:54.887086+00,,15m,,3,3,MATCH,0.13959772727250633,,f,UNKNOWN_TARGET,no_manifest_no_era_proof,none,47714810893087ab2aced80775d8cdbca0586d2bca82ecd290e379a1ec005b20,1297,True,sklearn.pipeline.Pipeline,True,0,,0.6341748778205779,efbc04803bd93844c1bc95ea7e90b53c,"mid_price,spread,time_left_min"
945,BTC_decided,22,logreg,False,2026-08-19 04:14:55.305836+00,,15m,,3,3,MATCH,0.13953102429277328,,f,UNKNOWN_TARGET,no_manifest_no_era_proof,none,9d6375a5d93684d58309e375de9125cd4d78953ffaf4bd9f1c58d547e8c61391,1297,True,sklearn.pipeline.Pipeline,True,0,,0.634719124564536,efbc04803bd93844c1bc95ea7e90b53c,"mid_price,spread,time_left_min"
946,BTC_leaning,16,logreg,False,2026-08-19 04:14:55.674078+00,,15m,,3,3,MATCH,0.23331809441813248,,f,UNKNOWN_TARGET,no_manifest_no_era_proof,none,06361094c883eba61d8e77565b0b3f2f79598ec03f35c4bfad417ad9764e0da9,1297,True,sklearn.pipeline.Pipeline,True,0,,0.48939440247195576,7ee8976897f64a25ffe0fae6bc8e4cff,"mid_price,spread,time_left_min"
947,BTC_leaning,17,logreg,False,2026-08-19 04:14:56.084029+00,,15m,,3,3,MATCH,0.23331809441813248,,f,UNKNOWN_TARGET,no_manifest_no_era_proof,none,06361094c883eba61d8e77565b0b3f2f79598ec03f35c4bfad417ad9764e0da9,1297,True,sklearn.pipeline.Pipeline,True,0,,0.48939440247195576,7ee8976897f64a25ffe0fae6bc8e4cff,"mid_price,spread,time_left_min"
948,BTC_leaning,18,logreg,False,2026-08-19 04:14:56.625875+00,,15m,,3,3,MATCH,0.20193261911393653,,f,UNKNOWN_TARGET,no_manifest_no_era_proof,none,3759e3f2abbfe4348557039a8cd1f4e8b8e4dcbbfa4dd656ef7dd7f192db6a8a,1297,True,sklearn.pipeline.Pipeline,True,0,,0.4904169597177327,7ee8976897f64a25ffe0fae6bc8e4cff,"mid_price,spread,time_left_min"
949,BTC_contested,15,logreg,False,2026-08-19 04:14:57.167535+00,,15m,,3,3,MATCH,0.3720876869218602,,f,UNKNOWN_TARGET,no_manifest_no_era_proof,none,c94147df9798b0c9cc7a3dc52035ca4adaa5f8c1a6120ae0c70536de6cc8faca,1297,True,sklearn.pipeline.Pipeline,True,0,,0.49632047414752495,a7a12a735cb463c7209ed508dc49be70,"mid_price,spread,time_left_min"
950,BTC_contested,16,logreg,False,2026-08-19 04:14:57.706534+00,,15m,,3,3,MATCH,0.3720876869218602,,f,UNKNOWN_TARGET,no_manifest_no_era_proof,none,c94147df9798b0c9cc7a3dc52035ca4adaa5f8c1a6120ae0c70536de6cc8faca,1297,True,sklearn.pipeline.Pipeline,True,0,,0.49632047414752495,a7a12a735cb463c7209ed508dc49be70,"mid_price,spread,time_left_min"
951,BTC_contested,17,logreg,False,2026-08-19 04:14:58.108289+00,,15m,,3,3,MATCH,0.3652728844540249,,f,UNKNOWN_TARGET,no_manifest_no_era_proof,none,dc615b4e4f2e24ae19be8654673003186b084d5ce89ad0e48f613d52983eab0f,1297,True,sklearn.pipeline.Pipeline,True,0,,0.4958969388863322,a7a12a735cb463c7209ed508dc49be70,"mid_price,spread,time_left_min"
952,ETH,54,logreg,False,2026-08-19 04:14:58.516802+00,,15m,,3,3,MATCH,0.1924778145305858,,f,UNKNOWN_TARGET,no_manifest_no_era_proof,none,261fcbe17bcdfaa92602c22d795008d4623d826aa8394c74327b327b6e7a4c4b,1297,True,sklearn.pipeline.Pipeline,True,0,,0.6469062978642752,abc241dfc5ec34e6a7e09380918e28bf,"mid_price,spread,time_left_min"
953,ETH,55,logreg,False,2026-08-19 04:14:58.919162+00,,15m,,3,3,MATCH,0.1924778145305858,,f,UNKNOWN_TARGET,no_manifest_no_era_proof,none,261fcbe17bcdfaa92602c22d795008d4623d826aa8394c74327b327b6e7a4c4b,1297,True,sklearn.pipeline.Pipeline,True,0,,0.6469062978642752,abc241dfc5ec34e6a7e09380918e28bf,"mid_price,spread,time_left_min"
954,ETH,56,logreg,False,2026-08-19 04:14:59.331356+00,,15m,,3,3,MATCH,0.18418951777649042,,f,UNKNOWN_TARGET,no_manifest_no_era_proof,none,f054f42b81f19541d84e7feb89bb3e15c68a96f029c5dc06abf223ad2309ed46,1297,True,sklearn.pipeline.Pipeline,True,0,,0.6469813956438815,abc241dfc5ec34e6a7e09380918e28bf,"mid_price,spread,time_left_min"
955,ETH_decided,22,logreg,False,2026-08-19 04:14:59.734678+00,,15m,,3,3,MATCH,0.13843643606968484,,f,UNKNOWN_TARGET,no_manifest_no_era_proof,none,07f37e75026270d487b83ec3b6d4810d0177dae20eeb99754708d8b3f79ed0a1,1297,True,sklearn.pipeline.Pipeline,True,0,,0.6298522804063199,997863efa38d1e166d77b3a404c37a67,"mid_price,spread,time_left_min"
956,ETH_decided,23,logreg,False,2026-08-19 04:15:00.139003+00,,15m,,3,3,MATCH,0.13843643606968484,,f,UNKNOWN_TARGET,no_manifest_no_era_proof,none,07f37e75026270d487b83ec3b6d4810d0177dae20eeb99754708d8b3f79ed0a1,1297,True,sklearn.pipeline.Pipeline,True,0,,0.6298522804063199,997863efa38d1e166d77b3a404c37a67,"mid_price,spread,time_left_min"
957,ETH_decided,24,logreg,False,2026-08-19 04:15:00.55759+00,,15m,,3,3,MATCH,0.1389860288942783,,f,UNKNOWN_TARGET,no_manifest_no_era_proof,none,b75c3913f25acfbe91112a8c4a5ebcd8c0bc8cdd4f99b847a1f1d3deb29b9d2f,1297,True,sklearn.pipeline.Pipeline,True,0,,0.6304225342059266,997863efa38d1e166d77b3a404c37a67,"mid_price,spread,time_left_min"
958,ETH_leaning,20,logreg,False,2026-08-19 04:15:00.977719+00,,15m,,3,3,MATCH,0.20953685697469887,,f,UNKNOWN_TARGET,no_manifest_no_era_proof,none,3adf3ca3c282d248109d541340c4218fa61e595f3b882bc38401440471229fef,1297,True,sklearn.pipeline.Pipeline,True,0,,0.49878443266711814,b00c5746bf4408e1ee7267f591397aed,"mid_price,spread,time_left_min"
959,ETH_leaning,21,logreg,False,2026-08-19 04:15:01.397075+00,,15m,,3,3,MATCH,0.20953685697469887,,f,UNKNOWN_TARGET,no_manifest_no_era_proof,none,3adf3ca3c282d248109d541340c4218fa61e595f3b882bc38401440471229fef,1297,True,sklearn.pipeline.Pipeline,True,0,,0.49878443266711814,b00c5746bf4408e1ee7267f591397aed,"mid_price,spread,time_left_min"
960,ETH_leaning,22,logreg,False,2026-08-19 04:15:01.903409+00,,15m,,3,3,MATCH,0.17086733725164402,,f,UNKNOWN_TARGET,no_manifest_no_era_proof,none,b6e9d20e28f0424e64211bfb264674c4f3b1630857c156a5ff7b01e601b16d2a,1297,True,sklearn.pipeline.Pipeline,True,0,,0.49655915867500705,b00c5746bf4408e1ee7267f591397aed,"mid_price,spread,time_left_min"
961,ETH_contested,11,logreg,False,2026-08-19 04:15:02.448586+00,,15m,,3,3,MATCH,0.36454046138270957,,f,UNKNOWN_TARGET,no_manifest_no_era_proof,none,1f17fc39427812e702f7fb2ffdf0d40736250585e5bd0725f127c15dacd2411b,1297,True,sklearn.pipeline.Pipeline,True,0,,0.4920139667734439,3edff4cd95709995440f5cb22d3ab185,"mid_price,spread,time_left_min"
962,ETH_contested,12,logreg,False,2026-08-19 04:15:02.870055+00,,15m,,3,3,MATCH,0.36454046138270957,,f,UNKNOWN_TARGET,no_manifest_no_era_proof,none,1f17fc39427812e702f7fb2ffdf0d40736250585e5bd0725f127c15dacd2411b,1297,True,sklearn.pipeline.Pipeline,True,0,,0.4920139667734439,3edff4cd95709995440f5cb22d3ab185,"mid_price,spread,time_left_min"
963,ETH_contested,13,logreg,False,2026-08-19 04:15:03.273779+00,,15m,,3,3,MATCH,0.34355898251982986,,f,UNKNOWN_TARGET,no_manifest_no_era_proof,none,8437808395cd0870f0fd7a4441e7fbe2f89695d62bb1e20737f401cae6c44319,1297,True,sklearn.pipeline.Pipeline,True,0,,0.49300009720690185,3edff4cd95709995440f5cb22d3ab185,"mid_price,spread,time_left_min"
964,SOL,42,logreg,False,2026-08-19 04:15:03.828637+00,,15m,,3,3,MATCH,0.19201470939755397,,f,UNKNOWN_TARGET,no_manifest_no_era_proof,none,04879119899fdb4a97778095248ade30e7ce04e90f31efd17f629f20258ecb3a,1297,True,sklearn.pipeline.Pipeline,True,0,,0.6438843625922722,713aadb8f2bff5b9eac5e241add74bf1,"mid_price,spread,time_left_min"
965,SOL,43,logreg,False,2026-08-19 04:15:04.235965+00,,15m,,3,3,MATCH,0.19201470939755397,,f,UNKNOWN_TARGET,no_manifest_no_era_proof,none,04879119899fdb4a97778095248ade30e7ce04e90f31efd17f629f20258ecb3a,1297,True,sklearn.pipeline.Pipeline,True,0,,0.6438843625922722,713aadb8f2bff5b9eac5e241add74bf1,"mid_price,spread,time_left_min"
966,SOL,44,logreg,False,2026-08-19 04:15:04.675937+00,,15m,,3,3,MATCH,0.18478698746586109,,f,UNKNOWN_TARGET,no_manifest_no_era_proof,none,c39bc36f65ebb9dcd697e79af289cb5006037a39f0efc9ccdbea92dbb592ddce,1297,True,sklearn.pipeline.Pipeline,True,0,,0.6423561581367665,713aadb8f2bff5b9eac5e241add74bf1,"mid_price,spread,time_left_min"
967,SOL_decided,21,logreg,False,2026-08-19 04:15:05.095613+00,,15m,,3,3,MATCH,0.13346654639725683,,f,UNKNOWN_TARGET,no_manifest_no_era_proof,none,a0995d5495b05025a02308fcb795684c9b766d4c77a38c5692de696783f924d9,1297,True,sklearn.pipeline.Pipeline,True,0,,0.6355088680658886,e3582c8ce8dacb500f975504809cebca,"mid_price,spread,time_left_min"
968,SOL_decided,22,logreg,False,2026-08-19 04:15:05.519194+00,,15m,,3,3,MATCH,0.13346654639725683,,f,UNKNOWN_TARGET,no_manifest_no_era_proof,none,a0995d5495b05025a02308fcb795684c9b766d4c77a38c5692de696783f924d9,1297,True,sklearn.pipeline.Pipeline,True,0,,0.6355088680658886,e3582c8ce8dacb500f975504809cebca,"mid_price,spread,time_left_min"
969,SOL_decided,23,logreg,False,2026-08-19 04:15:05.922412+00,,15m,,3,3,MATCH,0.13069628746954068,,f,UNKNOWN_TARGET,no_manifest_no_era_proof,none,a7defe21f102275d8317397fce1762b6371cbfb699c114d25d9bd8531256f60b,1297,True,sklearn.pipeline.Pipeline,True,0,,0.6364522682785012,e3582c8ce8dacb500f975504809cebca,"mid_price,spread,time_left_min"
970,SOL_leaning,20,logreg,False,2026-08-19 04:15:06.324162+00,,15m,,3,3,MATCH,0.19407001551643133,,f,UNKNOWN_TARGET,no_manifest_no_era_proof,none,a48fc8d9b56a306090edcbf908b83daf4c0a3b1271039578455204ef0a2175f9,1297,True,sklearn.pipeline.Pipeline,True,0,,0.48884563811748494,7c5f8e9b5022e2ce881c8b518f86057a,"mid_price,spread,time_left_min"
971,SOL_leaning,21,logreg,False,2026-08-19 04:15:06.726407+00,,15m,,3,3,MATCH,0.19407001551643133,,f,UNKNOWN_TARGET,no_manifest_no_era_proof,none,a48fc8d9b56a306090edcbf908b83daf4c0a3b1271039578455204ef0a2175f9,1297,True,sklearn.pipeline.Pipeline,True,0,,0.48884563811748494,7c5f8e9b5022e2ce881c8b518f86057a,"mid_price,spread,time_left_min"
972,SOL_leaning,22,logreg,False,2026-08-19 04:15:07.129896+00,,15m,,3,3,MATCH,0.17004807739473868,,f,UNKNOWN_TARGET,no_manifest_no_era_proof,none,8b1d0a00e76a69111eb5992c88e0d4470bdd9e53df482352b7ffb1b91ddf734b,1297,True,sklearn.pipeline.Pipeline,True,0,,0.48729409208538177,7c5f8e9b5022e2ce881c8b518f86057a,"mid_price,spread,time_left_min"
973,SOL_contested,10,logreg,False,2026-08-19 04:15:07.547772+00,,15m,,3,3,MATCH,0.03931308285908237,,t,UNKNOWN_TARGET,no_manifest_no_era_proof,none,8c6dfb24638d0eb1b669927772142001a7435734414f49ce861f85e5fe506268,1297,True,sklearn.pipeline.Pipeline,True,0,,0.49645662446043276,6d60ba5f39c0527cd4752ba9a5c3c766,"mid_price,spread,time_left_min"
974,SOL_contested,11,logreg,False,2026-08-19 04:15:07.906196+00,,15m,,3,3,MATCH,0.03931308285908237,,t,UNKNOWN_TARGET,no_manifest_no_era_proof,none,8c6dfb24638d0eb1b669927772142001a7435734414f49ce861f85e5fe506268,1297,True,sklearn.pipeline.Pipeline,True,0,,0.49645662446043276,6d60ba5f39c0527cd4752ba9a5c3c766,"mid_price,spread,time_left_min"
975,SOL_contested,12,logreg,False,2026-08-19 04:15:08.314522+00,,15m,,3,3,MATCH,0.0680185660215611,,t,UNKNOWN_TARGET,no_manifest_no_era_proof,none,599448ff6b32e8034a292b4f947d50f905c8a235b4d31e0831a806435fab2e3b,1297,True,sklearn.pipeline.Pipeline,True,0,,0.49670959486710187,6d60ba5f39c0527cd4752ba9a5c3c766,"mid_price,spread,time_left_min"
976,XRP,43,logreg,False,2026-08-19 04:15:08.71884+00,,15m,,3,3,MATCH,0.216089831259346,,f,UNKNOWN_TARGET,no_manifest_no_era_proof,none,302876eb4d379dd2810bdd6b08170a7a130d74d7cde54686c73d2bfc4a66298c,1297,True,sklearn.pipeline.Pipeline,True,0,,0.6419195779122864,77707eb16c907e9d38675b115cc8525a,"mid_price,spread,time_left_min"
977,XRP,44,logreg,True,2026-08-19 04:15:09.12788+00,,15m,,3,3,MATCH,0.216089831259346,,f,UNKNOWN_TARGET,no_manifest_no_era_proof,none,302876eb4d379dd2810bdd6b08170a7a130d74d7cde54686c73d2bfc4a66298c,1297,True,sklearn.pipeline.Pipeline,True,0,,0.6419195779122864,77707eb16c907e9d38675b115cc8525a,"mid_price,spread,time_left_min"
978,XRP,45,logreg,False,2026-08-19 04:15:09.534815+00,,15m,,3,3,MATCH,0.1893841579255892,,f,UNKNOWN_TARGET,no_manifest_no_era_proof,none,be79e1b64e34b99a1a513d5a70717b094804e00aff7304c1bbb4332e3112fa9c,1297,True,sklearn.pipeline.Pipeline,True,0,,0.6419435714636049,77707eb16c907e9d38675b115cc8525a,"mid_price,spread,time_left_min"
979,XRP_decided,23,logreg,False,2026-08-19 04:15:09.954566+00,,15m,,3,3,MATCH,0.15814817045235227,,f,UNKNOWN_TARGET,no_manifest_no_era_proof,none,3999163f204a64deeeac7a877dd54e80c934c2b03c03a027f26dc772bd0b43cd,1297,True,sklearn.pipeline.Pipeline,True,0,,0.6389810924638929,890c536f330e4e6b7e9415cbbb93aa9e,"mid_price,spread,time_left_min"
980,XRP_decided,24,logreg,False,2026-08-19 04:15:10.356749+00,,15m,,3,3,MATCH,0.15814817045235227,,f,UNKNOWN_TARGET,no_manifest_no_era_proof,none,3999163f204a64deeeac7a877dd54e80c934c2b03c03a027f26dc772bd0b43cd,1297,True,sklearn.pipeline.Pipeline,True,0,,0.6389810924638929,890c536f330e4e6b7e9415cbbb93aa9e,"mid_price,spread,time_left_min"
981,XRP_decided,25,logreg,False,2026-08-19 04:15:10.761554+00,,15m,,3,3,MATCH,0.1627156554359542,,f,UNKNOWN_TARGET,no_manifest_no_era_proof,none,96f8acff77f22fa2c7879f53c38c795ed6caa86935a05df085dd9018055904f2,1297,True,sklearn.pipeline.Pipeline,True,0,,0.6402754802216901,890c536f330e4e6b7e9415cbbb93aa9e,"mid_price,spread,time_left_min"
982,XRP_leaning,23,logreg,False,2026-08-19 04:15:11.165517+00,,15m,,3,3,MATCH,0.24537447751822306,,f,UNKNOWN_TARGET,no_manifest_no_era_proof,none,4d654934a8302ffababf361e9e63f7c45f531ede34e20fb42fce3ac5172d8418,1297,True,sklearn.pipeline.Pipeline,True,0,,0.49233637727982843,6d07916751478fa498b9ca1b05f23b5f,"mid_price,spread,time_left_min"
983,XRP_leaning,24,logreg,False,2026-08-19 04:15:11.567798+00,,15m,,3,3,MATCH,0.24537447751822306,,f,UNKNOWN_TARGET,no_manifest_no_era_proof,none,4d654934a8302ffababf361e9e63f7c45f531ede34e20fb42fce3ac5172d8418,1297,True,sklearn.pipeline.Pipeline,True,0,,0.49233637727982843,6d07916751478fa498b9ca1b05f23b5f,"mid_price,spread,time_left_min"
984,XRP_leaning,25,logreg,False,2026-08-19 04:15:11.971052+00,,15m,,3,3,MATCH,0.20887496332153047,,f,UNKNOWN_TARGET,no_manifest_no_era_proof,none,86d74bed8c56a980a75e85166c8cf49b909536866055801263b9b20c78438440,1297,True,sklearn.pipeline.Pipeline,True,0,,0.49260194328791834,6d07916751478fa498b9ca1b05f23b5f,"mid_price,spread,time_left_min"
985,XRP_contested,10,logreg,False,2026-08-19 04:15:12.392979+00,,15m,,3,3,MATCH,0.028483612807960027,,f,UNKNOWN_TARGET,no_manifest_no_era_proof,none,8c9bd18b2a1fe06f356b9766de2ca57002dcf7e65c844f8f4517df390b30c1a8,1297,True,sklearn.pipeline.Pipeline,True,0,,0.5042182768460857,6a51cd35a76348b9383faabb443eea13,"mid_price,spread,time_left_min"
986,XRP_contested,11,logreg,False,2026-08-19 04:15:12.814584+00,,15m,,3,3,MATCH,0.028483612807960027,,f,UNKNOWN_TARGET,no_manifest_no_era_proof,none,8c9bd18b2a1fe06f356b9766de2ca57002dcf7e65c844f8f4517df390b30c1a8,1297,True,sklearn.pipeline.Pipeline,True,0,,0.5042182768460857,6a51cd35a76348b9383faabb443eea13,"mid_price,spread,time_left_min"
987,XRP_contested,12,logreg,False,2026-08-19 04:15:13.215232+00,,15m,,3,3,MATCH,0.048533284752971896,,f,UNKNOWN_TARGET,no_manifest_no_era_proof,none,2e8a55678792503f13f83aadd63007aa519637e69892490b379332e330b990bc,1297,True,sklearn.pipeline.Pipeline,True,0,,0.5032849547628192,6a51cd35a76348b9383faabb443eea13,"mid_price,spread,time_left_min"
988,DOGE,42,logreg,False,2026-08-19 04:15:13.630065+00,,15m,,3,3,MATCH,0.18452712449306916,,f,UNKNOWN_TARGET,no_manifest_no_era_proof,none,b7b0827b9fcc2d610cbada4c28a604447db0e6a5270c37e0bc5f97398ef74578,1297,True,sklearn.pipeline.Pipeline,True,0,,0.6463582856944962,c338b23edac4ee80d80282b32b2749d5,"mid_price,spread,time_left_min"
989,DOGE,43,logreg,False,2026-08-19 04:15:14.03252+00,,15m,,3,3,MATCH,0.18452712449306916,,f,UNKNOWN_TARGET,no_manifest_no_era_proof,none,b7b0827b9fcc2d610cbada4c28a604447db0e6a5270c37e0bc5f97398ef74578,1297,True,sklearn.pipeline.Pipeline,True,0,,0.6463582856944962,c338b23edac4ee80d80282b32b2749d5,"mid_price,spread,time_left_min"
990,DOGE,44,logreg,False,2026-08-19 04:15:14.454986+00,,15m,,3,3,MATCH,0.17741763412382983,,f,UNKNOWN_TARGET,no_manifest_no_era_proof,none,2b812dccbc34a83fa5506d8abb2ed002b61a605b46d66803dfed93897df956a5,1297,True,sklearn.pipeline.Pipeline,True,0,,0.6460559366783817,c338b23edac4ee80d80282b32b2749d5,"mid_price,spread,time_left_min"
991,DOGE_decided,22,logreg,False,2026-08-19 04:15:14.880056+00,,15m,,3,3,MATCH,0.12903632974817555,,f,UNKNOWN_TARGET,no_manifest_no_era_proof,none,06f9c4a24f78a891bbd728a0dd2d8ea7ccb36bf5ab58eccc5bea7ccd3dc092b0,1297,True,sklearn.pipeline.Pipeline,True,0,,0.6387446922637046,9f0fa6d9cf32db87e6395fca71a77c05,"mid_price,spread,time_left_min"
992,DOGE_decided,23,logreg,False,2026-08-19 04:15:15.295025+00,,15m,,3,3,MATCH,0.12903632974817555,,f,UNKNOWN_TARGET,no_manifest_no_era_proof,none,06f9c4a24f78a891bbd728a0dd2d8ea7ccb36bf5ab58eccc5bea7ccd3dc092b0,1297,True,sklearn.pipeline.Pipeline,True,0,,0.6387446922637046,9f0fa6d9cf32db87e6395fca71a77c05,"mid_price,spread,time_left_min"
993,DOGE_decided,24,logreg,False,2026-08-19 04:15:15.655212+00,,15m,,3,3,MATCH,0.11943435120603432,,f,UNKNOWN_TARGET,no_manifest_no_era_proof,none,a0c53466530a06d14386620eab33e0278c155c3c6bc5b080df0dfb1149c8bfd5,1297,True,sklearn.pipeline.Pipeline,True,0,,0.6381405678277264,9f0fa6d9cf32db87e6395fca71a77c05,"mid_price,spread,time_left_min"
994,DOGE_leaning,22,logreg,False,2026-08-19 04:15:16.201113+00,,15m,,3,3,MATCH,0.20151840267095636,,f,UNKNOWN_TARGET,no_manifest_no_era_proof,none,578cfbe643aa66f14efc5edf1c5d618a7746b9bd7ee6c7d2f8e73afcd6aff5d8,1297,True,sklearn.pipeline.Pipeline,True,0,,0.5042448839854476,52a43a64a448cf21acc85f88e81ed82c,"mid_price,spread,time_left_min"
995,DOGE_leaning,23,logreg,False,2026-08-19 04:15:16.620253+00,,15m,,3,3,MATCH,0.20151840267095636,,f,UNKNOWN_TARGET,no_manifest_no_era_proof,none,578cfbe643aa66f14efc5edf1c5d618a7746b9bd7ee6c7d2f8e73afcd6aff5d8,1297,True,sklearn.pipeline.Pipeline,True,0,,0.5042448839854476,52a43a64a448cf21acc85f88e81ed82c,"mid_price,spread,time_left_min"
996,DOGE_leaning,24,logreg,False,2026-08-19 04:15:17.039194+00,,15m,,3,3,MATCH,0.17066756860504795,,f,UNKNOWN_TARGET,no_manifest_no_era_proof,none,ca9d3fc27457103429731b02e06f486068691226293708c3938726789ec24594,1297,True,sklearn.pipeline.Pipeline,True,0,,0.5027176830263254,52a43a64a448cf21acc85f88e81ed82c,"mid_price,spread,time_left_min"
997,DOGE_contested,14,logreg,False,2026-08-19 04:15:17.455451+00,,15m,,3,3,MATCH,0.3723853648887718,,f,UNKNOWN_TARGET,no_manifest_no_era_proof,none,89b59c1458ce8161119f8cf9b60df2bd8ee77eeb70e9304987cf0158b39b97cb,1297,True,sklearn.pipeline.Pipeline,True,0,,0.48996866466445194,11c8e0daa55484db80313417eb35bba8,"mid_price,spread,time_left_min"
998,DOGE_contested,15,logreg,False,2026-08-19 04:15:17.863144+00,,15m,,3,3,MATCH,0.3723853648887718,,f,UNKNOWN_TARGET,no_manifest_no_era_proof,none,89b59c1458ce8161119f8cf9b60df2bd8ee77eeb70e9304987cf0158b39b97cb,1297,True,sklearn.pipeline.Pipeline,True,0,,0.48996866466445194,11c8e0daa55484db80313417eb35bba8,"mid_price,spread,time_left_min"
999,DOGE_contested,16,logreg,False,2026-08-19 04:15:18.270009+00,,15m,,3,3,MATCH,0.36817163036218986,,f,UNKNOWN_TARGET,no_manifest_no_era_proof,none,3ee5c64bcfad5a413ba698234d43cb7ecc0e8e015f971815c26ac36ea7d2ef40,1297,True,sklearn.pipeline.Pipeline,True,0,,0.4931350381412507,11c8e0daa55484db80313417eb35bba8,"mid_price,spread,time_left_min"
1000,BTC,57,logreg,False,2026-08-20 15:18:32.413193+00,,15m,,23,23,MATCH,0.8484231778618206,0.45,f,POLYMARKET_FLIP_VS_FINAL_OUTCOME,manifest_target_source,market_end_favorite_loses,a0869368db1e3cbf76e6014b00843bc41be324e89e032d30e564c71dfea87dd1,2707,True,sklearn.calibration.CalibratedClassifierCV,True,0,,0.7415448588644961,a73f4b521dcd6a6f2cf06169fb11ea2d,"time_left_min,mid_price,spread,volume_5min,price_velocity,hour_of_day,day_of_week,price_distance_from_max,price_momentum,spread_trend,volume_trend,price_deviation,spread_pct,log_time_left,is_final_phase,high_price_final,direction_lag_1,direction_lag_2,direction_lag_3,consecutive_up,consecutive_down,up_ratio_4,alternation_rate_6"
1001,BTC_contested,18,logreg,False,2026-08-20 15:22:41.657721+00,,15m,,23,23,MATCH,0.5340294476862959,0.45,f,POLYMARKET_FLIP_VS_FINAL_OUTCOME,manifest_target_source,market_end_favorite_loses,50118e82533712539773917029921014ddf2dd4494e5c1394668d53f7d252015,2707,True,sklearn.calibration.CalibratedClassifierCV,True,0,,0.5260253716078787,,"time_left_min,mid_price,spread,volume_5min,price_velocity,hour_of_day,day_of_week,price_distance_from_max,price_momentum,spread_trend,volume_trend,price_deviation,spread_pct,log_time_left,is_final_phase,high_price_final,direction_lag_1,direction_lag_2,direction_lag_3,consecutive_up,consecutive_down,up_ratio_4,alternation_rate_6"
1002,BTC_leaning,19,logreg,False,2026-08-20 15:26:15.004064+00,,15m,,23,23,MATCH,0.1930432666345502,0.45,f,POLYMARKET_FLIP_VS_FINAL_OUTCOME,manifest_target_source,market_end_favorite_loses,b5ea5a014de9b4128e0e906734f8ce7d0c24754ead35388dd9169321a5b8ca38,2707,True,sklearn.calibration.CalibratedClassifierCV,True,0,,0.5418801175887654,,"time_left_min,mid_price,spread,volume_5min,price_velocity,hour_of_day,day_of_week,price_distance_from_max,price_momentum,spread_trend,volume_trend,price_deviation,spread_pct,log_time_left,is_final_phase,high_price_final,direction_lag_1,direction_lag_2,direction_lag_3,consecutive_up,consecutive_down,up_ratio_4,alternation_rate_6"
1003,BTC_decided,23,logreg,False,2026-08-20 15:31:39.476976+00,,15m,,23,23,MATCH,0.9999999919691204,0.45,f,POLYMARKET_FLIP_VS_FINAL_OUTCOME,manifest_target_source,market_end_favorite_loses,87b1dae69c1e0557cafeee5db6ee945c3defe61cd9ad03277af2b65ae19388de,2707,True,sklearn.calibration.CalibratedClassifierCV,True,0,,0.7340470121046154,,"time_left_min,mid_price,spread,volume_5min,price_velocity,hour_of_day,day_of_week,price_distance_from_max,price_momentum,spread_trend,volume_trend,price_deviation,spread_pct,log_time_left,is_final_phase,high_price_final,direction_lag_1,direction_lag_2,direction_lag_3,consecutive_up,consecutive_down,up_ratio_4,alternation_rate_6"
1004,ETH,57,logreg,False,2026-08-20 15:42:48.580727+00,,15m,,23,23,MATCH,0.2178628376928106,0.45,f,POLYMARKET_FLIP_VS_FINAL_OUTCOME,manifest_target_source,market_end_favorite_loses,7cd032dac43f8188277a74bd324c06bf0010bd57713c0080a59127bd964ad7fd,2707,True,sklearn.calibration.CalibratedClassifierCV,True,0,,0.7446148177847377,ddf413facd96079e09fc8b9801d6b122,"time_left_min,mid_price,spread,volume_5min,price_velocity,hour_of_day,day_of_week,price_distance_from_max,price_momentum,spread_trend,volume_trend,price_deviation,spread_pct,log_time_left,is_final_phase,high_price_final,direction_lag_1,direction_lag_2,direction_lag_3,consecutive_up,consecutive_down,up_ratio_4,alternation_rate_6"
1005,ETH_contested,14,logreg,False,2026-08-20 15:49:47.541339+00,,15m,,23,23,MATCH,0.5449295200649651,0.45,f,POLYMARKET_FLIP_VS_FINAL_OUTCOME,manifest_target_source,market_end_favorite_loses,d53d709116d7e5c08475b48612a5a328f2c4e36e7838a65397a43ce308088486,2707,True,sklearn.calibration.CalibratedClassifierCV,True,0,,0.5152579105228328,,"time_left_min,mid_price,spread,volume_5min,price_velocity,hour_of_day,day_of_week,price_distance_from_max,price_momentum,spread_trend,volume_trend,price_deviation,spread_pct,log_time_left,is_final_phase,high_price_final,direction_lag_1,direction_lag_2,direction_lag_3,consecutive_up,consecutive_down,up_ratio_4,alternation_rate_6"
1006,ETH_leaning,23,logreg,False,2026-08-20 16:01:20.540899+00,,15m,,23,23,MATCH,0.17536679927628243,0.45,f,POLYMARKET_FLIP_VS_FINAL_OUTCOME,manifest_target_source,market_end_favorite_loses,0c003ef0c6a3023abd50721ede06233913e6017ca7bbb709ffdb5057ffe148c4,2707,True,sklearn.calibration.CalibratedClassifierCV,True,0,,0.5476338104202769,,"time_left_min,mid_price,spread,volume_5min,price_velocity,hour_of_day,day_of_week,price_distance_from_max,price_momentum,spread_trend,volume_trend,price_deviation,spread_pct,log_time_left,is_final_phase,high_price_final,direction_lag_1,direction_lag_2,direction_lag_3,consecutive_up,consecutive_down,up_ratio_4,alternation_rate_6"
1007,ETH_decided,25,logreg,False,2026-08-20 16:06:53.324191+00,,15m,,23,23,MATCH,0.10619998363362548,0.45,f,POLYMARKET_FLIP_VS_FINAL_OUTCOME,manifest_target_source,market_end_favorite_loses,48e3f451ec29a8419ec171615658b542c9d10875d3e83371dfbb3e0a2a51ed89,2707,True,sklearn.calibration.CalibratedClassifierCV,True,0,,0.7433216127394844,,"time_left_min,mid_price,spread,volume_5min,price_velocity,hour_of_day,day_of_week,price_distance_from_max,price_momentum,spread_trend,volume_trend,price_deviation,spread_pct,log_time_left,is_final_phase,high_price_final,direction_lag_1,direction_lag_2,direction_lag_3,consecutive_up,consecutive_down,up_ratio_4,alternation_rate_6"
1008,SOL,45,logreg,False,2026-08-20 16:17:31.390387+00,,15m,,23,23,MATCH,0.79796249815253,0.45,f,POLYMARKET_FLIP_VS_FINAL_OUTCOME,manifest_target_source,market_end_favorite_loses,f3c73476bea9d9e1ae477a6fb0d0246a7fb1ac7d412efbf8b32f442f935afc30,2707,True,sklearn.calibration.CalibratedClassifierCV,True,0,,0.7382403782351423,f7166fb7ecf6992417b859aa78a25c65,"time_left_min,mid_price,spread,volume_5min,price_velocity,hour_of_day,day_of_week,price_distance_from_max,price_momentum,spread_trend,volume_trend,price_deviation,spread_pct,log_time_left,is_final_phase,high_price_final,direction_lag_1,direction_lag_2,direction_lag_3,consecutive_up,consecutive_down,up_ratio_4,alternation_rate_6"
1009,SOL_contested,13,logreg,False,2026-08-20 16:21:55.320026+00,,15m,,23,23,MATCH,0.29051207783613653,0.45,f,POLYMARKET_FLIP_VS_FINAL_OUTCOME,manifest_target_source,market_end_favorite_loses,fcdfb68364b306fd413432f156f5b16337a02c56c2e71013a799090314679402,2707,True,sklearn.calibration.CalibratedClassifierCV,True,0,,0.517685792069557,,"time_left_min,mid_price,spread,volume_5min,price_velocity,hour_of_day,day_of_week,price_distance_from_max,price_momentum,spread_trend,volume_trend,price_deviation,spread_pct,log_time_left,is_final_phase,high_price_final,direction_lag_1,direction_lag_2,direction_lag_3,consecutive_up,consecutive_down,up_ratio_4,alternation_rate_6"
1010,SOL_leaning,23,logreg,False,2026-08-20 16:26:19.872641+00,,15m,,23,23,MATCH,0.5293022156995758,0.45,t,POLYMARKET_FLIP_VS_FINAL_OUTCOME,manifest_target_source,market_end_favorite_loses,157d70ae2482ecb73e0a5b9aa8a4f113503f2c93b961050343668bc71751bc56,2707,True,sklearn.calibration.CalibratedClassifierCV,True,0,,0.5432671481535525,,"time_left_min,mid_price,spread,volume_5min,price_velocity,hour_of_day,day_of_week,price_distance_from_max,price_momentum,spread_trend,volume_trend,price_deviation,spread_pct,log_time_left,is_final_phase,high_price_final,direction_lag_1,direction_lag_2,direction_lag_3,consecutive_up,consecutive_down,up_ratio_4,alternation_rate_6"
1011,SOL_decided,24,logreg,False,2026-08-20 16:31:28.066025+00,,15m,,23,23,MATCH,0.7904836261877184,0.45,f,POLYMARKET_FLIP_VS_FINAL_OUTCOME,manifest_target_source,market_end_favorite_loses,43485f697c8245e7a10833f820969f51267783e590e9b90ba99061c4ef8a0710,2707,True,sklearn.calibration.CalibratedClassifierCV,True,0,,0.7430749697161056,,"time_left_min,mid_price,spread,volume_5min,price_velocity,hour_of_day,day_of_week,price_distance_from_max,price_momentum,spread_trend,volume_trend,price_deviation,spread_pct,log_time_left,is_final_phase,high_price_final,direction_lag_1,direction_lag_2,direction_lag_3,consecutive_up,consecutive_down,up_ratio_4,alternation_rate_6"
1012,DOGE,45,logreg,False,2026-08-21 02:22:28.955555+00,,15m,,23,23,MATCH,0.2417933221283225,0.45,f,POLYMARKET_FLIP_VS_FINAL_OUTCOME,manifest_target_source,market_end_favorite_loses,1b86d112003d1ca994412f1442ac8802557c1837da0c338396ad5509ba46ddf6,2707,True,sklearn.calibration.CalibratedClassifierCV,True,0,,0.7301094358229628,23f30c4142852e00da8ce6f710cd2116,"time_left_min,mid_price,spread,volume_5min,price_velocity,hour_of_day,day_of_week,price_distance_from_max,price_momentum,spread_trend,volume_trend,price_deviation,spread_pct,log_time_left,is_final_phase,high_price_final,direction_lag_1,direction_lag_2,direction_lag_3,consecutive_up,consecutive_down,up_ratio_4,alternation_rate_6"
1013,DOGE_contested,17,logreg,False,2026-08-21 02:25:49.988123+00,,15m,,23,23,MATCH,0.5504663710802892,0.45,f,POLYMARKET_FLIP_VS_FINAL_OUTCOME,manifest_target_source,market_end_favorite_loses,4dc0147d76a489c46a197ff2349b5d92d7ffdb735be85f942880cf4305951c78,2707,True,sklearn.calibration.CalibratedClassifierCV,True,0,,0.4940323752719603,,"time_left_min,mid_price,spread,volume_5min,price_velocity,hour_of_day,day_of_week,price_distance_from_max,price_momentum,spread_trend,volume_trend,price_deviation,spread_pct,log_time_left,is_final_phase,high_price_final,direction_lag_1,direction_lag_2,direction_lag_3,consecutive_up,consecutive_down,up_ratio_4,alternation_rate_6"
1014,DOGE_leaning,25,logreg,False,2026-08-21 02:29:11.204208+00,,15m,,23,23,MATCH,0.1847458494479391,0.45,f,POLYMARKET_FLIP_VS_FINAL_OUTCOME,manifest_target_source,market_end_favorite_loses,cf7d9be12abd2103746482124f92c8060ae031a449b6875a11127a550e71f58d,2707,True,sklearn.calibration.CalibratedClassifierCV,True,0,,0.5442842736942135,,"time_left_min,mid_price,spread,volume_5min,price_velocity,hour_of_day,day_of_week,price_distance_from_max,price_momentum,spread_trend,volume_trend,price_deviation,spread_pct,log_time_left,is_final_phase,high_price_final,direction_lag_1,direction_lag_2,direction_lag_3,consecutive_up,consecutive_down,up_ratio_4,alternation_rate_6"
1015,DOGE_decided,25,logreg,False,2026-08-21 02:34:14.480758+00,,15m,,23,23,MATCH,0.12847709403303378,0.45,f,POLYMARKET_FLIP_VS_FINAL_OUTCOME,manifest_target_source,market_end_favorite_loses,94e65f448593a2245beee5b50bdef557391d6446eb1320bcd63e5150acf5bc22,2707,True,sklearn.calibration.CalibratedClassifierCV,True,0,,0.7366824234715397,,"time_left_min,mid_price,spread,volume_5min,price_velocity,hour_of_day,day_of_week,price_distance_from_max,price_momentum,spread_trend,volume_trend,price_deviation,spread_pct,log_time_left,is_final_phase,high_price_final,direction_lag_1,direction_lag_2,direction_lag_3,consecutive_up,consecutive_down,up_ratio_4,alternation_rate_6"
1016,XRPUSDT_low_vol,28,lgbm,True,2026-08-23 18:00:36.824176+00,2026-08-23 18:16:27.782779+00,15m,low_vol,24,,MATCH,0.5233393827974927,0.45478151475439677,t,CANONICAL_POLYMARKET_DIRECTION,manifest_target_source,contract_outcome,ce7259b66752915e963cf30bc520c687ee9d02a2d0d5f81ee2f9cb193df3dd13,9191,True,polyflip.crypto.trainer.CalibratedLightGBMModel,,1,1835,0.5068232195692646,bbc5bccea660eb9864ce1a5fd696bb27,"ret_1,ret_3,ret_6,vol_6,vol_24,vol_z_1,taker_buy_ratio,cvd_1,cvd_6,rsi_14,ema_ratio_9_21,bb_width,bb_position,dist_to_high_24,dist_to_low_24,range_1,range_avg_24,consec_balance,hour_sin,hour_cos,dow_sin,dow_cos,strike_gap_pct,log_moneyness"
1017,XRPUSDT_mid_vol,28,lgbm,False,2026-08-23 18:00:36.824176+00,,15m,mid_vol,24,,MATCH,0.5242584091435931,0.44397064989094714,t,CANONICAL_POLYMARKET_DIRECTION,manifest_target_source,contract_outcome,66361270ac603bd585d56d43c7be9b2d9601ba3395d3904a890948946e1c5914,14017,True,polyflip.crypto.trainer.CalibratedLightGBMModel,,1,1891,0.4808031381164447,7a59b19f5e7b7b514940be9cf939b79d,"ret_1,ret_3,ret_6,vol_6,vol_24,vol_z_1,taker_buy_ratio,cvd_1,cvd_6,rsi_14,ema_ratio_9_21,bb_width,bb_position,dist_to_high_24,dist_to_low_24,range_1,range_avg_24,consec_balance,hour_sin,hour_cos,dow_sin,dow_cos,strike_gap_pct,log_moneyness"
1018,XRPUSDT_high_vol,27,lgbm,False,2026-08-23 18:00:36.824176+00,,15m,high_vol,24,,MATCH,0.5385881041228453,0.43449173383889256,t,CANONICAL_POLYMARKET_DIRECTION,manifest_target_source,contract_outcome,a9e58b78bb4877b293cef3ecfe1ea92db93f49a8b33905926f3ffe14fb632020,11366,True,polyflip.crypto.trainer.CalibratedLightGBMModel,,1,1835,0.4894610698071604,0c6a8e999d266d6d7bab4fe523239e2b,"ret_1,ret_3,ret_6,vol_6,vol_24,vol_z_1,taker_buy_ratio,cvd_1,cvd_6,rsi_14,ema_ratio_9_21,bb_width,bb_position,dist_to_high_24,dist_to_low_24,range_1,range_avg_24,consec_balance,hour_sin,hour_cos,dow_sin,dow_cos,strike_gap_pct,log_moneyness"
1019,SOLUSDT_low_vol,27,lgbm,True,2026-08-24 02:15:56.594295+00,2026-08-24 02:20:40.435501+00,15m,low_vol,24,,MATCH,0.5082681432962867,0.46285653011238814,t,CANONICAL_POLYMARKET_DIRECTION,manifest_target_source,contract_outcome,9fc82956ae2c8e8ba9d3a784423f3c90128ab3a8140cab85b1d780e17f13e950,16829,True,polyflip.crypto.trainer.CalibratedLightGBMModel,,1,1846,0.48307523815606845,4ca786b63e57d31d778c8e0c240f4d89,"ret_1,ret_3,ret_6,vol_6,vol_24,vol_z_1,taker_buy_ratio,cvd_1,cvd_6,rsi_14,ema_ratio_9_21,bb_width,bb_position,dist_to_high_24,dist_to_low_24,range_1,range_avg_24,consec_balance,hour_sin,hour_cos,dow_sin,dow_cos,strike_gap_pct,log_moneyness"
1020,SOLUSDT_mid_vol,26,lgbm,False,2026-08-24 02:15:56.594295+00,,15m,mid_vol,24,,MATCH,0.5752314564795127,0.4886232950053859,t,CANONICAL_POLYMARKET_DIRECTION,manifest_target_source,contract_outcome,d091286856dd17ef3a268f72812c6a783d99b6af85fef8d6badc4095641165f5,10235,True,polyflip.crypto.trainer.CalibratedLightGBMModel,,1,1900,0.5262006725082935,22261b00ae8508e2ba08e02494017827,"ret_1,ret_3,ret_6,vol_6,vol_24,vol_z_1,taker_buy_ratio,cvd_1,cvd_6,rsi_14,ema_ratio_9_21,bb_width,bb_position,dist_to_high_24,dist_to_low_24,range_1,range_avg_24,consec_balance,hour_sin,hour_cos,dow_sin,dow_cos,strike_gap_pct,log_moneyness"
1021,SOLUSDT_high_vol,26,lgbm,False,2026-08-24 02:15:56.594295+00,,15m,high_vol,24,,MATCH,0.5181428637493398,0.47315682059447567,t,CANONICAL_POLYMARKET_DIRECTION,manifest_target_source,contract_outcome,fdfa7828d14c84844bf6a1e4d6bd7b01a86aa45a7da5084264065c16640a9c3e,9404,True,polyflip.crypto.trainer.CalibratedLightGBMModel,,1,1846,0.5179886395745427,0821e2a7929f9a980eb7fd6746a6a176,"ret_1,ret_3,ret_6,vol_6,vol_24,vol_z_1,taker_buy_ratio,cvd_1,cvd_6,rsi_14,ema_ratio_9_21,bb_width,bb_position,dist_to_high_24,dist_to_low_24,range_1,range_avg_24,consec_balance,hour_sin,hour_cos,dow_sin,dow_cos,strike_gap_pct,log_moneyness"
1022,ETHUSDT_low_vol,34,lgbm,False,2026-08-24 16:12:27.025681+00,,15m,low_vol,24,,MATCH,0.5419252343680722,0.46108112099670034,t,CANONICAL_POLYMARKET_DIRECTION,manifest_target_source,contract_outcome,7613d9f99ba679f8fa4f74c66642b0f869dcf500db6f412244d8e83a1f2a3ac1,26914,True,polyflip.crypto.trainer.CalibratedLightGBMModel,,1,1894,0.4936286187219922,886ee3f0f1d81e56b7347bc4d75da470,"ret_1,ret_3,ret_6,vol_6,vol_24,vol_z_1,taker_buy_ratio,cvd_1,cvd_6,rsi_14,ema_ratio_9_21,bb_width,bb_position,dist_to_high_24,dist_to_low_24,range_1,range_avg_24,consec_balance,hour_sin,hour_cos,dow_sin,dow_cos,strike_gap_pct,log_moneyness"
1023,ETHUSDT_mid_vol,28,lgbm,False,2026-08-24 16:12:27.025681+00,,15m,mid_vol,24,,MATCH,0.5361287655330599,0.4719049867714142,t,CANONICAL_POLYMARKET_DIRECTION,manifest_target_source,contract_outcome,31b2b9eb8d2059eff296c1c820fc924d5fb35efbd8b31d3f30839f225819b57f,37004,True,polyflip.crypto.trainer.CalibratedLightGBMModel,,1,1950,0.5257040845133837,d20039e516adc09e9bee45f635e2459e,"ret_1,ret_3,ret_6,vol_6,vol_24,vol_z_1,taker_buy_ratio,cvd_1,cvd_6,rsi_14,ema_ratio_9_21,bb_width,bb_position,dist_to_high_24,dist_to_low_24,range_1,range_avg_24,consec_balance,hour_sin,hour_cos,dow_sin,dow_cos,strike_gap_pct,log_moneyness"
1024,ETHUSDT_high_vol,33,lgbm,True,2026-08-24 16:12:27.025681+00,2026-08-24 16:15:07.18997+00,15m,high_vol,24,,MATCH,0.5572027780434334,0.472296755266897,t,CANONICAL_POLYMARKET_DIRECTION,manifest_target_source,contract_outcome,6ac10de1d4ad8bc3b7a96ffbd4f3ea94992866187b18c10fd938927304b480a4,21935,True,polyflip.crypto.trainer.CalibratedLightGBMModel,,1,1894,0.529997372808921,931b1922504f64d5afaea189903cc43e,"ret_1,ret_3,ret_6,vol_6,vol_24,vol_z_1,taker_buy_ratio,cvd_1,cvd_6,rsi_14,ema_ratio_9_21,bb_width,bb_position,dist_to_high_24,dist_to_low_24,range_1,range_avg_24,consec_balance,hour_sin,hour_cos,dow_sin,dow_cos,strike_gap_pct,log_moneyness"
1025,SOL,46,lgbm,True,2026-08-27 12:26:54.766636+00,,15m,,1,,MISMATCH,0.5,,t,UNKNOWN_TARGET,unverifiable_F_schema_no_manifest,none,34761041db92eb638253ad6609434b9fcfa19ffb827d7f3e87530165d4428ec7,407107,True,builtins.dict,,0,,0.5378461538461539,,F
1026,XRP,46,lgbm,True,2026-08-27 12:27:15.16568+00,,15m,,1,,MISMATCH,0.5,,t,UNKNOWN_TARGET,unverifiable_F_schema_no_manifest,none,1851c026a3de89612c112edde925e7ef19507b75ea1cb014d723c8c9b73886dd,421585,True,builtins.dict,,0,,0.5224615384615384,,F
1027,BTC,58,lgbm,False,2026-08-27 12:53:59.407256+00,,15m,,1,,MISMATCH,0.5,,t,UNKNOWN_TARGET,unverifiable_F_schema_no_manifest,none,848d6733b2d5d50f03833b055ed99c0c4abe72c03916e198ef25824caddb679e,42083,True,builtins.dict,,0,,0.5406060606060606,,F
1028,BTC,59,lgbm,False,2026-08-27 12:54:03.556569+00,,15m,,1,,MISMATCH,0.5,,t,UNKNOWN_TARGET,unverifiable_F_schema_no_manifest,none,9c9eb06bcac86ac612a0fec29180c79a7fa2bff3299494343d3032ef38873b96,7687,True,builtins.dict,,0,,0.5358823529411765,,F
1029,BTC,60,lgbm,False,2026-08-27 12:54:06.888392+00,,15m,,1,,MISMATCH,0.5,,t,UNKNOWN_TARGET,unverifiable_F_schema_no_manifest,none,d3f7f50a751a67573a647c22cd9f522bf208816a8c044d5c1873f94bc5f75ee6,6902,True,builtins.dict,,0,,0.5163636363636364,,F
1030,BTC,61,logreg,False,2026-08-30 09:59:03.754419+00,,15m,,16,16,MATCH,0.8441475017211773,0.45,f,POLYMARKET_FLIP_VS_FINAL_OUTCOME,manifest_target_source,market_end_favorite_loses,5372ef574d4b9fd92d1b7eb122683d221b8c7c851f5a650ede38474050da2dda,2359,True,sklearn.calibration.CalibratedClassifierCV,True,0,,0.7402169043724838,dcba87f6c822efc3f55b902914dfebf5,"time_left_min,mid_price,spread,volume_5min,price_velocity,hour_of_day,day_of_week,price_distance_from_max,price_momentum,spread_trend,volume_trend,price_deviation,spread_pct,log_time_left,is_final_phase,high_price_final"
1033,BTC,62,logreg,False,2026-08-30 10:06:52.720014+00,,15m,,16,16,MATCH,0.8441475017211773,0.45,f,POLYMARKET_FLIP_VS_FINAL_OUTCOME,manifest_target_source,market_end_favorite_loses,5372ef574d4b9fd92d1b7eb122683d221b8c7c851f5a650ede38474050da2dda,2359,True,sklearn.calibration.CalibratedClassifierCV,True,0,,0.7402169043724838,dcba87f6c822efc3f55b902914dfebf5,"time_left_min,mid_price,spread,volume_5min,price_velocity,hour_of_day,day_of_week,price_distance_from_max,price_momentum,spread_trend,volume_trend,price_deviation,spread_pct,log_time_left,is_final_phase,high_price_final"
1034,BTC_contested,19,logreg,False,2026-08-30 10:07:15.815177+00,,15m,,16,16,MATCH,0.5377703608038655,0.45,f,POLYMARKET_FLIP_VS_FINAL_OUTCOME,manifest_target_source,market_end_favorite_loses,7b7b569c8c7c8d1295d38166fe0245b1fce563efcb6ce34a34528079aba9de1a,2359,True,sklearn.calibration.CalibratedClassifierCV,True,0,,0.5258494999268329,,"time_left_min,mid_price,spread,volume_5min,price_velocity,hour_of_day,day_of_week,price_distance_from_max,price_momentum,spread_trend,volume_trend,price_deviation,spread_pct,log_time_left,is_final_phase,high_price_final"
1035,BTC_leaning,20,logreg,False,2026-08-30 10:07:36.631443+00,,15m,,16,16,MATCH,0.22515236672269648,0.45,f,POLYMARKET_FLIP_VS_FINAL_OUTCOME,manifest_target_source,market_end_favorite_loses,0b95fe4d2d9aed124f052c510b9b9bc9e65fd9730969eea6f7b9a64c44e2e0fa,2359,True,sklearn.calibration.CalibratedClassifierCV,True,0,,0.5440993917854244,,"time_left_min,mid_price,spread,volume_5min,price_velocity,hour_of_day,day_of_week,price_distance_from_max,price_momentum,spread_trend,volume_trend,price_deviation,spread_pct,log_time_left,is_final_phase,high_price_final"
1036,BTC_decided,24,logreg,False,2026-08-30 10:08:07.611758+00,,15m,,16,16,MATCH,0.9999998055033871,0.45,f,POLYMARKET_FLIP_VS_FINAL_OUTCOME,manifest_target_source,market_end_favorite_loses,5a2232878cc52b1335bfd458195150bfbddb12ef024dec1637f6178465c08dd6,2359,True,sklearn.calibration.CalibratedClassifierCV,True,0,,0.7383344210566507,,"time_left_min,mid_price,spread,volume_5min,price_velocity,hour_of_day,day_of_week,price_distance_from_max,price_momentum,spread_trend,volume_trend,price_deviation,spread_pct,log_time_left,is_final_phase,high_price_final"
1037,BTC,63,logreg,False,2026-08-30 10:09:42.985744+00,,15m,,23,23,MATCH,0.8466847702283599,0.45,f,POLYMARKET_FLIP_VS_FINAL_OUTCOME,manifest_target_source,market_end_favorite_loses,39bea26d86422ff393d1bd56ba42a9dddce4c863c2c1628d9dbfe425ef6f93f5,2707,True,sklearn.calibration.CalibratedClassifierCV,True,0,,0.7390653965836066,eed57fbf90d6a366ad73e7b598810c36,"time_left_min,mid_price,spread,volume_5min,price_velocity,hour_of_day,day_of_week,price_distance_from_max,price_momentum,spread_trend,volume_trend,price_deviation,spread_pct,log_time_left,is_final_phase,high_price_final,direction_lag_1,direction_lag_2,direction_lag_3,consecutive_up,consecutive_down,up_ratio_4,alternation_rate_6"
1038,BTC_contested,20,logreg,False,2026-08-30 10:10:05.717265+00,,15m,,23,23,MATCH,0.5415107110444235,0.45,f,POLYMARKET_FLIP_VS_FINAL_OUTCOME,manifest_target_source,market_end_favorite_loses,974443e569f9dabd12d70c7a29ec80e7867923461a65bf98937501ef7cdd363c,2707,True,sklearn.calibration.CalibratedClassifierCV,True,0,,0.5248508153308838,,"time_left_min,mid_price,spread,volume_5min,price_velocity,hour_of_day,day_of_week,price_distance_from_max,price_momentum,spread_trend,volume_trend,price_deviation,spread_pct,log_time_left,is_final_phase,high_price_final,direction_lag_1,direction_lag_2,direction_lag_3,consecutive_up,consecutive_down,up_ratio_4,alternation_rate_6"
1039,BTC_leaning,21,logreg,False,2026-08-30 10:10:27.234063+00,,15m,,23,23,MATCH,0.2188080536653946,0.45,f,POLYMARKET_FLIP_VS_FINAL_OUTCOME,manifest_target_source,market_end_favorite_loses,4c69764485f4988334624f2dcd1e9a06154644d10b23ddc85d5e0d4ff30b05c4,2707,True,sklearn.calibration.CalibratedClassifierCV,True,0,,0.5410945522639911,,"time_left_min,mid_price,spread,volume_5min,price_velocity,hour_of_day,day_of_week,price_distance_from_max,price_momentum,spread_trend,volume_trend,price_deviation,spread_pct,log_time_left,is_final_phase,high_price_final,direction_lag_1,direction_lag_2,direction_lag_3,consecutive_up,consecutive_down,up_ratio_4,alternation_rate_6"
1040,BTC_decided,25,logreg,False,2026-08-30 10:10:57.940527+00,,15m,,23,23,MATCH,0.9999995720954568,0.45,f,POLYMARKET_FLIP_VS_FINAL_OUTCOME,manifest_target_source,market_end_favorite_loses,34ebd4b031d5521f5e5d7db295831fdd8e8839a9472cdd04d81e54ac7f2e55dd,2707,True,sklearn.calibration.CalibratedClassifierCV,True,0,,0.7320348850684463,,"time_left_min,mid_price,spread,volume_5min,price_velocity,hour_of_day,day_of_week,price_distance_from_max,price_momentum,spread_trend,volume_trend,price_deviation,spread_pct,log_time_left,is_final_phase,high_price_final,direction_lag_1,direction_lag_2,direction_lag_3,consecutive_up,consecutive_down,up_ratio_4,alternation_rate_6"
1041,BTC,64,logreg,False,2026-08-30 10:12:40.773431+00,,15m,,26,26,MATCH,0.8479021287581673,0.45,f,POLYMARKET_FLIP_VS_FINAL_OUTCOME,manifest_target_source,market_end_favorite_loses,06691953833291774b0ca4b6fa0b72c78ae62855d415b5d0b941f1250fe5a350,2865,True,sklearn.calibration.CalibratedClassifierCV,True,0,,0.7390948058476569,04727d3ff454b41d3b02af7225b77f39,"time_left_min,mid_price,spread,volume_5min,price_velocity,hour_of_day,day_of_week,price_distance_from_max,price_momentum,spread_trend,volume_trend,price_deviation,spread_pct,log_time_left,is_final_phase,high_price_final,direction_lag_1,direction_lag_2,direction_lag_3,consecutive_up,consecutive_down,up_ratio_4,alternation_rate_6,signed_trend_efficiency_6,signed_body_pct,body_to_range"
1042,BTC_contested,21,logreg,False,2026-08-30 10:13:02.096417+00,,15m,,26,26,MATCH,0.5517957026523173,0.45,f,POLYMARKET_FLIP_VS_FINAL_OUTCOME,manifest_target_source,market_end_favorite_loses,5b75ddc57543573969f653ff6ba6e2ddcb6c721fa0d8a67b1ad518704ff1d085,2865,True,sklearn.calibration.CalibratedClassifierCV,True,0,,0.525632289900664,,"time_left_min,mid_price,spread,volume_5min,price_velocity,hour_of_day,day_of_week,price_distance_from_max,price_momentum,spread_trend,volume_trend,price_deviation,spread_pct,log_time_left,is_final_phase,high_price_final,direction_lag_1,direction_lag_2,direction_lag_3,consecutive_up,consecutive_down,up_ratio_4,alternation_rate_6,signed_trend_efficiency_6,signed_body_pct,body_to_range"
1043,BTC_leaning,22,logreg,False,2026-08-30 10:13:26.144555+00,,15m,,26,26,MATCH,0.21718162334104035,0.45,f,POLYMARKET_FLIP_VS_FINAL_OUTCOME,manifest_target_source,market_end_favorite_loses,05622e8bdc94ffe8753bd0cb7b17a015a33c26a59babecfcbb8a9dd0aa59a586,2865,True,sklearn.calibration.CalibratedClassifierCV,True,0,,0.5427548523140462,,"time_left_min,mid_price,spread,volume_5min,price_velocity,hour_of_day,day_of_week,price_distance_from_max,price_momentum,spread_trend,volume_trend,price_deviation,spread_pct,log_time_left,is_final_phase,high_price_final,direction_lag_1,direction_lag_2,direction_lag_3,consecutive_up,consecutive_down,up_ratio_4,alternation_rate_6,signed_trend_efficiency_6,signed_body_pct,body_to_range"
1044,BTC_decided,26,logreg,False,2026-08-30 10:13:58.971164+00,,15m,,26,26,MATCH,0.9999997599783627,0.45,f,POLYMARKET_FLIP_VS_FINAL_OUTCOME,manifest_target_source,market_end_favorite_loses,1254e9376003007e451e2f5a851e2fd0a8be8e2c258d56a10c5ec10599035def,2865,True,sklearn.calibration.CalibratedClassifierCV,True,0,,0.7317673196870541,,"time_left_min,mid_price,spread,volume_5min,price_velocity,hour_of_day,day_of_week,price_distance_from_max,price_momentum,spread_trend,volume_trend,price_deviation,spread_pct,log_time_left,is_final_phase,high_price_final,direction_lag_1,direction_lag_2,direction_lag_3,consecutive_up,consecutive_down,up_ratio_4,alternation_rate_6,signed_trend_efficiency_6,signed_body_pct,body_to_range"
1045,DOGE,46,logreg,False,2026-08-30 10:15:36.464718+00,,15m,,16,16,MATCH,0.2323870694498347,0.45,f,POLYMARKET_FLIP_VS_FINAL_OUTCOME,manifest_target_source,market_end_favorite_loses,9e79dbfdb2b87e1f969bf69a1578eaf4aaf656fa5d7ea127ffdeba8f751f19c3,2359,True,sklearn.calibration.CalibratedClassifierCV,True,0,,0.73027364016699,157210c707cb015cf2045300993ec6b1,"time_left_min,mid_price,spread,volume_5min,price_velocity,hour_of_day,day_of_week,price_distance_from_max,price_momentum,spread_trend,volume_trend,price_deviation,spread_pct,log_time_left,is_final_phase,high_price_final"
1046,DOGE_contested,18,logreg,False,2026-08-30 10:15:57.624669+00,,15m,,16,16,MATCH,0.6329957464364756,0.45,f,POLYMARKET_FLIP_VS_FINAL_OUTCOME,manifest_target_source,market_end_favorite_loses,b7bd3c222eaacffc720dd98248678f22beb7eac2dc0725df91e9a0c4ed5244cb,2359,True,sklearn.calibration.CalibratedClassifierCV,True,0,,0.5049094485351142,,"time_left_min,mid_price,spread,volume_5min,price_velocity,hour_of_day,day_of_week,price_distance_from_max,price_momentum,spread_trend,volume_trend,price_deviation,spread_pct,log_time_left,is_final_phase,high_price_final"
1047,DOGE_leaning,26,logreg,False,2026-08-30 10:16:19.405359+00,,15m,,16,16,MATCH,0.44019021279636766,0.45,f,POLYMARKET_FLIP_VS_FINAL_OUTCOME,manifest_target_source,market_end_favorite_loses,b7f49052311896aea7809bb21b48215b18ee58af0720a4f7af4c6905355641c6,2359,True,sklearn.calibration.CalibratedClassifierCV,True,0,,0.551147454938451,,"time_left_min,mid_price,spread,volume_5min,price_velocity,hour_of_day,day_of_week,price_distance_from_max,price_momentum,spread_trend,volume_trend,price_deviation,spread_pct,log_time_left,is_final_phase,high_price_final"
1048,DOGE_decided,26,logreg,False,2026-08-30 10:16:51.016103+00,,15m,,16,16,MATCH,0.13623697832273107,0.45,f,POLYMARKET_FLIP_VS_FINAL_OUTCOME,manifest_target_source,market_end_favorite_loses,a8a5d61553204b84f5a5bdc20e76d196b78b40fa3b6fbc4cb2d28068e332f70f,2359,True,sklearn.calibration.CalibratedClassifierCV,True,0,,0.732049855611358,,"time_left_min,mid_price,spread,volume_5min,price_velocity,hour_of_day,day_of_week,price_distance_from_max,price_momentum,spread_trend,volume_trend,price_deviation,spread_pct,log_time_left,is_final_phase,high_price_final"
1049,DOGE,47,logreg,False,2026-08-30 10:18:37.431345+00,,15m,,23,23,MATCH,0.23220444821474764,0.45,f,POLYMARKET_FLIP_VS_FINAL_OUTCOME,manifest_target_source,market_end_favorite_loses,e9a8399589265bc3359774b19b793c4206d271f76deda66282d31c970ed5c072,2707,True,sklearn.calibration.CalibratedClassifierCV,True,0,,0.7293703092527016,ce7d098104b6c02fd27731bb28b81189,"time_left_min,mid_price,spread,volume_5min,price_velocity,hour_of_day,day_of_week,price_distance_from_max,price_momentum,spread_trend,volume_trend,price_deviation,spread_pct,log_time_left,is_final_phase,high_price_final,direction_lag_1,direction_lag_2,direction_lag_3,consecutive_up,consecutive_down,up_ratio_4,alternation_rate_6"
1050,DOGE_contested,19,logreg,False,2026-08-30 10:18:59.934675+00,,15m,,23,23,MATCH,0.5762951682154855,0.45,f,POLYMARKET_FLIP_VS_FINAL_OUTCOME,manifest_target_source,market_end_favorite_loses,ba467105fce4020e8d8072ad41f3e6a53a3b74e2c68d71e7640b611be8d8a27a,2707,True,sklearn.calibration.CalibratedClassifierCV,True,0,,0.5068712848784489,,"time_left_min,mid_price,spread,volume_5min,price_velocity,hour_of_day,day_of_week,price_distance_from_max,price_momentum,spread_trend,volume_trend,price_deviation,spread_pct,log_time_left,is_final_phase,high_price_final,direction_lag_1,direction_lag_2,direction_lag_3,consecutive_up,consecutive_down,up_ratio_4,alternation_rate_6"
1051,DOGE_leaning,27,logreg,False,2026-08-30 10:19:22.871536+00,,15m,,23,23,MATCH,0.4364305203909041,0.45,f,POLYMARKET_FLIP_VS_FINAL_OUTCOME,manifest_target_source,market_end_favorite_loses,7dbd6729783e6fcd975e8114194b3b4464a422939d3632cbd20ddd9059c3a937,2707,True,sklearn.calibration.CalibratedClassifierCV,True,0,,0.5461224180964134,,"time_left_min,mid_price,spread,volume_5min,price_velocity,hour_of_day,day_of_week,price_distance_from_max,price_momentum,spread_trend,volume_trend,price_deviation,spread_pct,log_time_left,is_final_phase,high_price_final,direction_lag_1,direction_lag_2,direction_lag_3,consecutive_up,consecutive_down,up_ratio_4,alternation_rate_6"
1052,DOGE_decided,27,logreg,False,2026-08-30 10:20:01.577089+00,,15m,,23,23,MATCH,0.14265934699344768,0.45,f,POLYMARKET_FLIP_VS_FINAL_OUTCOME,manifest_target_source,market_end_favorite_loses,89a0626e97412fafd7390feb90e371710f46c75e1467e0f0933c586820d89f72,2707,True,sklearn.calibration.CalibratedClassifierCV,True,0,,0.73012640239793,,"time_left_min,mid_price,spread,volume_5min,price_velocity,hour_of_day,day_of_week,price_distance_from_max,price_momentum,spread_trend,volume_trend,price_deviation,spread_pct,log_time_left,is_final_phase,high_price_final,direction_lag_1,direction_lag_2,direction_lag_3,consecutive_up,consecutive_down,up_ratio_4,alternation_rate_6"
1053,DOGE,48,logreg,False,2026-08-30 10:22:00.129166+00,,15m,,26,26,MATCH,0.2295804247997023,0.45,f,POLYMARKET_FLIP_VS_FINAL_OUTCOME,manifest_target_source,market_end_favorite_loses,2a9fd04edeeb4043f239ddc4244d2f20066499070d441414a70ed2ef7747c596,2865,True,sklearn.calibration.CalibratedClassifierCV,True,0,,0.7288432579970491,5d7803d683935c8f21e6bb8126e3ccb5,"time_left_min,mid_price,spread,volume_5min,price_velocity,hour_of_day,day_of_week,price_distance_from_max,price_momentum,spread_trend,volume_trend,price_deviation,spread_pct,log_time_left,is_final_phase,high_price_final,direction_lag_1,direction_lag_2,direction_lag_3,consecutive_up,consecutive_down,up_ratio_4,alternation_rate_6,signed_trend_efficiency_6,signed_body_pct,body_to_range"
1056,DOGE,49,logreg,False,2026-08-30 10:39:46.644749+00,,15m,,26,26,MATCH,0.22706361848839077,0.45,f,POLYMARKET_FLIP_VS_FINAL_OUTCOME,manifest_target_source,market_end_favorite_loses,987246a5a23dcdd06547d2a6790ecbff8aa8b0e894003095f9663f64bed777a8,2865,True,sklearn.calibration.CalibratedClassifierCV,True,0,,0.7287919114609833,dd26e1c7f589140ab2cf260004e5e71d,"time_left_min,mid_price,spread,volume_5min,price_velocity,hour_of_day,day_of_week,price_distance_from_max,price_momentum,spread_trend,volume_trend,price_deviation,spread_pct,log_time_left,is_final_phase,high_price_final,direction_lag_1,direction_lag_2,direction_lag_3,consecutive_up,consecutive_down,up_ratio_4,alternation_rate_6,signed_trend_efficiency_6,signed_body_pct,body_to_range"
1057,DOGE_contested,20,logreg,True,2026-08-30 10:40:10.097352+00,,15m,,26,26,MATCH,0.56463956064729,0.45,f,POLYMARKET_FLIP_VS_FINAL_OUTCOME,manifest_target_source,market_end_favorite_loses,a49af88999d671849cb49bca42e18b5493e3ef9aaa63f35a9579ec5d675d8375,2865,True,sklearn.calibration.CalibratedClassifierCV,True,0,,0.5149015845112448,,"time_left_min,mid_price,spread,volume_5min,price_velocity,hour_of_day,day_of_week,price_distance_from_max,price_momentum,spread_trend,volume_trend,price_deviation,spread_pct,log_time_left,is_final_phase,high_price_final,direction_lag_1,direction_lag_2,direction_lag_3,consecutive_up,consecutive_down,up_ratio_4,alternation_rate_6,signed_trend_efficiency_6,signed_body_pct,body_to_range"
1058,DOGE_leaning,28,logreg,False,2026-08-30 10:40:30.550312+00,,15m,,26,26,MATCH,0.43760958952159246,0.45,f,POLYMARKET_FLIP_VS_FINAL_OUTCOME,manifest_target_source,market_end_favorite_loses,ed2d9d70f9c1f8b5627dcda9a249ca217c23b295d7b36059830c336f02978d2e,2865,True,sklearn.calibration.CalibratedClassifierCV,True,0,,0.5362526211949052,,"time_left_min,mid_price,spread,volume_5min,price_velocity,hour_of_day,day_of_week,price_distance_from_max,price_momentum,spread_trend,volume_trend,price_deviation,spread_pct,log_time_left,is_final_phase,high_price_final,direction_lag_1,direction_lag_2,direction_lag_3,consecutive_up,consecutive_down,up_ratio_4,alternation_rate_6,signed_trend_efficiency_6,signed_body_pct,body_to_range"
1059,DOGE_decided,28,logreg,False,2026-08-30 10:40:59.554214+00,,15m,,26,26,MATCH,0.13038071292630374,0.45,f,POLYMARKET_FLIP_VS_FINAL_OUTCOME,manifest_target_source,market_end_favorite_loses,2fc9c478c31f2ad45f29b9aa1e35449e6c7de501b905722d725ee87ffd577d50,2865,True,sklearn.calibration.CalibratedClassifierCV,True,0,,0.7261450109659124,,"time_left_min,mid_price,spread,volume_5min,price_velocity,hour_of_day,day_of_week,price_distance_from_max,price_momentum,spread_trend,volume_trend,price_deviation,spread_pct,log_time_left,is_final_phase,high_price_final,direction_lag_1,direction_lag_2,direction_lag_3,consecutive_up,consecutive_down,up_ratio_4,alternation_rate_6,signed_trend_efficiency_6,signed_body_pct,body_to_range"
1060,SOL,47,logreg,False,2026-08-30 10:43:40.085713+00,,15m,,16,16,MATCH,0.9381848737009264,0.45,f,POLYMARKET_FLIP_VS_FINAL_OUTCOME,manifest_target_source,market_end_favorite_loses,40f64ee50aa144190688af66a5d1bec97a25da04807519303268677bc4d40558,2359,True,sklearn.calibration.CalibratedClassifierCV,True,0,,0.7397590069012094,92d680af4ca6b78d1466be8af64010a6,"time_left_min,mid_price,spread,volume_5min,price_velocity,hour_of_day,day_of_week,price_distance_from_max,price_momentum,spread_trend,volume_trend,price_deviation,spread_pct,log_time_left,is_final_phase,high_price_final"
1061,SOL_contested,14,logreg,False,2026-08-30 10:44:02.043539+00,,15m,,16,16,MATCH,0.3326341634846869,0.45,f,POLYMARKET_FLIP_VS_FINAL_OUTCOME,manifest_target_source,market_end_favorite_loses,7f9a18ed412d6b1e3f3a55cf40399af50c9c2b2f136e2731b8cb72e4305d3d14,2359,True,sklearn.calibration.CalibratedClassifierCV,True,0,,0.5245098277351852,,"time_left_min,mid_price,spread,volume_5min,price_velocity,hour_of_day,day_of_week,price_distance_from_max,price_momentum,spread_trend,volume_trend,price_deviation,spread_pct,log_time_left,is_final_phase,high_price_final"
1062,SOL_leaning,24,logreg,False,2026-08-30 10:44:23.687398+00,,15m,,16,16,MATCH,0.46757986409586433,0.45,t,POLYMARKET_FLIP_VS_FINAL_OUTCOME,manifest_target_source,market_end_favorite_loses,462f7c15fbf471e11a9d5671f02361969ccd1e368627dff5e5b4b9382a2e23ab,2359,True,sklearn.calibration.CalibratedClassifierCV,True,0,,0.5502592246909871,,"time_left_min,mid_price,spread,volume_5min,price_velocity,hour_of_day,day_of_week,price_distance_from_max,price_momentum,spread_trend,volume_trend,price_deviation,spread_pct,log_time_left,is_final_phase,high_price_final"
1063,SOL_decided,25,logreg,False,2026-08-30 10:44:57.799128+00,,15m,,16,16,MATCH,0.12947649717405146,0.45,f,POLYMARKET_FLIP_VS_FINAL_OUTCOME,manifest_target_source,market_end_favorite_loses,376b996d92d88f52973c882680ff3e9cf7d1469acc60841a164527a64d7f3608,2359,True,sklearn.calibration.CalibratedClassifierCV,True,0,,0.7443628605473084,,"time_left_min,mid_price,spread,volume_5min,price_velocity,hour_of_day,day_of_week,price_distance_from_max,price_momentum,spread_trend,volume_trend,price_deviation,spread_pct,log_time_left,is_final_phase,high_price_final"
1064,SOL,48,logreg,False,2026-08-30 10:47:05.026493+00,,15m,,23,23,MATCH,0.22348381795886432,0.45,f,POLYMARKET_FLIP_VS_FINAL_OUTCOME,manifest_target_source,market_end_favorite_loses,ca116619d410d409fb30b9ae7c795d53acc0622340a446978647237dc07fcbd4,2707,True,sklearn.calibration.CalibratedClassifierCV,True,0,,0.7382832838824638,48ac682fc11ce19c4477737e232474b3,"time_left_min,mid_price,spread,volume_5min,price_velocity,hour_of_day,day_of_week,price_distance_from_max,price_momentum,spread_trend,volume_trend,price_deviation,spread_pct,log_time_left,is_final_phase,high_price_final,direction_lag_1,direction_lag_2,direction_lag_3,consecutive_up,consecutive_down,up_ratio_4,alternation_rate_6"
1065,SOL_contested,15,logreg,False,2026-08-30 10:47:27.2024+00,,15m,,23,23,MATCH,0.5263173161999326,0.45,f,POLYMARKET_FLIP_VS_FINAL_OUTCOME,manifest_target_source,market_end_favorite_loses,06027635a60da93c7b6aaffb6016fe51661f6befd60b8716e65c9ff4c4e6732e,2707,True,sklearn.calibration.CalibratedClassifierCV,True,0,,0.5235313687061468,,"time_left_min,mid_price,spread,volume_5min,price_velocity,hour_of_day,day_of_week,price_distance_from_max,price_momentum,spread_trend,volume_trend,price_deviation,spread_pct,log_time_left,is_final_phase,high_price_final,direction_lag_1,direction_lag_2,direction_lag_3,consecutive_up,consecutive_down,up_ratio_4,alternation_rate_6"
1066,SOL_leaning,25,logreg,False,2026-08-30 10:47:47.853087+00,,15m,,23,23,MATCH,0.4790906091320044,0.45,t,POLYMARKET_FLIP_VS_FINAL_OUTCOME,manifest_target_source,market_end_favorite_loses,323be4cba7fe227d27afbaf91e58a0b99257fce7efeda2e6dfce8407c4939cbb,2707,True,sklearn.calibration.CalibratedClassifierCV,True,0,,0.549404239761585,,"time_left_min,mid_price,spread,volume_5min,price_velocity,hour_of_day,day_of_week,price_distance_from_max,price_momentum,spread_trend,volume_trend,price_deviation,spread_pct,log_time_left,is_final_phase,high_price_final,direction_lag_1,direction_lag_2,direction_lag_3,consecutive_up,consecutive_down,up_ratio_4,alternation_rate_6"
1067,SOL_decided,26,logreg,False,2026-08-30 10:48:19.593729+00,,15m,,23,23,MATCH,0.12293386309118741,0.45,f,POLYMARKET_FLIP_VS_FINAL_OUTCOME,manifest_target_source,market_end_favorite_loses,cbd2b7af6d3698231badb9d8a0100c94bfade3d42dd70558c44aec553ad884c8,2707,True,sklearn.calibration.CalibratedClassifierCV,True,0,,0.7418671086471894,,"time_left_min,mid_price,spread,volume_5min,price_velocity,hour_of_day,day_of_week,price_distance_from_max,price_momentum,spread_trend,volume_trend,price_deviation,spread_pct,log_time_left,is_final_phase,high_price_final,direction_lag_1,direction_lag_2,direction_lag_3,consecutive_up,consecutive_down,up_ratio_4,alternation_rate_6"
1068,SOL,49,logreg,False,2026-08-30 10:50:16.877818+00,,15m,,26,26,MATCH,0.2314339285457633,0.45,f,POLYMARKET_FLIP_VS_FINAL_OUTCOME,manifest_target_source,market_end_favorite_loses,3708c156be63ad5b692c81b2422379b1093b0ef1f12b5be48f81a63ed2c95099,2865,True,sklearn.calibration.CalibratedClassifierCV,True,0,,0.7376959399530248,05ed2b24295b074826015030265e2c33,"time_left_min,mid_price,spread,volume_5min,price_velocity,hour_of_day,day_of_week,price_distance_from_max,price_momentum,spread_trend,volume_trend,price_deviation,spread_pct,log_time_left,is_final_phase,high_price_final,direction_lag_1,direction_lag_2,direction_lag_3,consecutive_up,consecutive_down,up_ratio_4,alternation_rate_6,signed_trend_efficiency_6,signed_body_pct,body_to_range"
1069,SOL_contested,16,logreg,False,2026-08-30 10:50:39.239401+00,,15m,,26,26,MATCH,0.2682035454047807,0.45,f,POLYMARKET_FLIP_VS_FINAL_OUTCOME,manifest_target_source,market_end_favorite_loses,54e90ad46f6aaac70b7c44a11f3b0a34fff94e19b46aa44cb9cb6fcfe68b7ca7,2865,True,sklearn.calibration.CalibratedClassifierCV,True,0,,0.5227011244030195,,"time_left_min,mid_price,spread,volume_5min,price_velocity,hour_of_day,day_of_week,price_distance_from_max,price_momentum,spread_trend,volume_trend,price_deviation,spread_pct,log_time_left,is_final_phase,high_price_final,direction_lag_1,direction_lag_2,direction_lag_3,consecutive_up,consecutive_down,up_ratio_4,alternation_rate_6,signed_trend_efficiency_6,signed_body_pct,body_to_range"
1070,SOL_leaning,26,logreg,False,2026-08-30 10:51:02.778861+00,,15m,,26,26,MATCH,0.4886575701916712,0.45,t,POLYMARKET_FLIP_VS_FINAL_OUTCOME,manifest_target_source,market_end_favorite_loses,ca420595ab909960e69a4c7b7c38070ca164d27c6e0a8db8c8ab8c78215d2685,2865,True,sklearn.calibration.CalibratedClassifierCV,True,0,,0.5490847135944585,,"time_left_min,mid_price,spread,volume_5min,price_velocity,hour_of_day,day_of_week,price_distance_from_max,price_momentum,spread_trend,volume_trend,price_deviation,spread_pct,log_time_left,is_final_phase,high_price_final,direction_lag_1,direction_lag_2,direction_lag_3,consecutive_up,consecutive_down,up_ratio_4,alternation_rate_6,signed_trend_efficiency_6,signed_body_pct,body_to_range"
1071,SOL_decided,27,logreg,False,2026-08-30 10:51:32.106088+00,,15m,,26,26,MATCH,0.9079400555631996,0.45,f,POLYMARKET_FLIP_VS_FINAL_OUTCOME,manifest_target_source,market_end_favorite_loses,c56f4f3cdcf47de839ec48c3ce9d20015bd97a082547e72d22be98758e757ba7,2865,True,sklearn.calibration.CalibratedClassifierCV,True,0,,0.74007701892642,,"time_left_min,mid_price,spread,volume_5min,price_velocity,hour_of_day,day_of_week,price_distance_from_max,price_momentum,spread_trend,volume_trend,price_deviation,spread_pct,log_time_left,is_final_phase,high_price_final,direction_lag_1,direction_lag_2,direction_lag_3,consecutive_up,consecutive_down,up_ratio_4,alternation_rate_6,signed_trend_efficiency_6,signed_body_pct,body_to_range"
1072,XRP,47,logreg,False,2026-08-30 10:53:35.367007+00,,15m,,16,16,MATCH,0.22150271794545442,0.45,f,POLYMARKET_FLIP_VS_FINAL_OUTCOME,manifest_target_source,market_end_favorite_loses,40fd5b00b47d28b8211a00a259ee860bfe58d1a66c676332cceb4fb5be6b5624,2359,True,sklearn.calibration.CalibratedClassifierCV,True,0,,0.737617471521408,0228d089568f9cb7e2c1722295d02c90,"time_left_min,mid_price,spread,volume_5min,price_velocity,hour_of_day,day_of_week,price_distance_from_max,price_momentum,spread_trend,volume_trend,price_deviation,spread_pct,log_time_left,is_final_phase,high_price_final"
1073,XRP_contested,13,logreg,False,2026-08-30 10:53:59.41659+00,,15m,,16,16,MATCH,0.48345138745514105,0.45,f,POLYMARKET_FLIP_VS_FINAL_OUTCOME,manifest_target_source,market_end_favorite_loses,e13ce8c09edb5c847f1992eb75edccbbdcb199ce0b546097652d7a308f2587dc,2359,True,sklearn.calibration.CalibratedClassifierCV,True,0,,0.5145758778416974,,"time_left_min,mid_price,spread,volume_5min,price_velocity,hour_of_day,day_of_week,price_distance_from_max,price_momentum,spread_trend,volume_trend,price_deviation,spread_pct,log_time_left,is_final_phase,high_price_final"
1074,XRP_leaning,26,logreg,False,2026-08-30 10:54:20.586525+00,,15m,,16,16,MATCH,0.46374926317394605,0.45,f,POLYMARKET_FLIP_VS_FINAL_OUTCOME,manifest_target_source,market_end_favorite_loses,1c57206d238babc30e21e04c959c3ab53f9eb43e50ad03d23b623ef7289e9050,2359,True,sklearn.calibration.CalibratedClassifierCV,True,0,,0.5228452633848155,,"time_left_min,mid_price,spread,volume_5min,price_velocity,hour_of_day,day_of_week,price_distance_from_max,price_momentum,spread_trend,volume_trend,price_deviation,spread_pct,log_time_left,is_final_phase,high_price_final"
1075,XRP_decided,26,logreg,False,2026-08-30 10:54:53.868786+00,,15m,,16,16,MATCH,0.14496350681470893,0.45,f,POLYMARKET_FLIP_VS_FINAL_OUTCOME,manifest_target_source,market_end_favorite_loses,5d983b262b1017a8254dfe98739a12524a778078f9d54995b1818a88f5b0e287,2359,True,sklearn.calibration.CalibratedClassifierCV,True,0,,0.7419804015916076,,"time_left_min,mid_price,spread,volume_5min,price_velocity,hour_of_day,day_of_week,price_distance_from_max,price_momentum,spread_trend,volume_trend,price_deviation,spread_pct,log_time_left,is_final_phase,high_price_final"
1076,XRP,48,logreg,False,2026-08-30 10:57:02.014124+00,,15m,,23,23,MATCH,0.24397672026867986,0.45,f,POLYMARKET_FLIP_VS_FINAL_OUTCOME,manifest_target_source,market_end_favorite_loses,18aec4233260544907f3e1e64a03e0ac29be8fa999c84e4c5e9d78f355b692d4,2707,True,sklearn.calibration.CalibratedClassifierCV,True,0,,0.7357580014788372,ddeaf98e742721f0025064791000921c,"time_left_min,mid_price,spread,volume_5min,price_velocity,hour_of_day,day_of_week,price_distance_from_max,price_momentum,spread_trend,volume_trend,price_deviation,spread_pct,log_time_left,is_final_phase,high_price_final,direction_lag_1,direction_lag_2,direction_lag_3,consecutive_up,consecutive_down,up_ratio_4,alternation_rate_6"
1077,XRP_contested,14,logreg,False,2026-08-30 10:57:24.081736+00,,15m,,23,23,MATCH,0.29218908880826827,0.45,f,POLYMARKET_FLIP_VS_FINAL_OUTCOME,manifest_target_source,market_end_favorite_loses,7fd02556fa31a9b54eb2b1fca2047df4fc4c6cd5a9328e6b545ed213582ab3d5,2707,True,sklearn.calibration.CalibratedClassifierCV,True,0,,0.5158015498220021,,"time_left_min,mid_price,spread,volume_5min,price_velocity,hour_of_day,day_of_week,price_distance_from_max,price_momentum,spread_trend,volume_trend,price_deviation,spread_pct,log_time_left,is_final_phase,high_price_final,direction_lag_1,direction_lag_2,direction_lag_3,consecutive_up,consecutive_down,up_ratio_4,alternation_rate_6"
1078,XRP_leaning,27,logreg,False,2026-08-30 10:57:46.908074+00,,15m,,23,23,MATCH,0.4455981908111156,0.45,f,POLYMARKET_FLIP_VS_FINAL_OUTCOME,manifest_target_source,market_end_favorite_loses,ef7c2decb244b3597fe961d68a67221e86c4565fa1545099916578c53beaeed2,2707,True,sklearn.calibration.CalibratedClassifierCV,True,0,,0.5405543191056851,,"time_left_min,mid_price,spread,volume_5min,price_velocity,hour_of_day,day_of_week,price_distance_from_max,price_momentum,spread_trend,volume_trend,price_deviation,spread_pct,log_time_left,is_final_phase,high_price_final,direction_lag_1,direction_lag_2,direction_lag_3,consecutive_up,consecutive_down,up_ratio_4,alternation_rate_6"
1079,XRP_decided,27,logreg,False,2026-08-30 10:58:24.793451+00,,15m,,23,23,MATCH,0.13463332038399134,0.45,f,POLYMARKET_FLIP_VS_FINAL_OUTCOME,manifest_target_source,market_end_favorite_loses,a1e6c8d40f287805a31b752ddbbfb985140e5cdd5d2d5787b3e2374ba23973ba,2707,True,sklearn.calibration.CalibratedClassifierCV,True,0,,0.735672298881339,,"time_left_min,mid_price,spread,volume_5min,price_velocity,hour_of_day,day_of_week,price_distance_from_max,price_momentum,spread_trend,volume_trend,price_deviation,spread_pct,log_time_left,is_final_phase,high_price_final,direction_lag_1,direction_lag_2,direction_lag_3,consecutive_up,consecutive_down,up_ratio_4,alternation_rate_6"
1080,XRP,49,logreg,False,2026-08-30 11:01:40.353973+00,,15m,,26,26,MATCH,0.21718705174469566,0.45,f,POLYMARKET_FLIP_VS_FINAL_OUTCOME,manifest_target_source,market_end_favorite_loses,2cf1b76ae1d86a092ea9a0d26f8e60934b05caaa8ee3fd02edb8f2f762e5141d,2865,True,sklearn.calibration.CalibratedClassifierCV,True,0,,0.7351896775563502,ee0becdd825d9f1d2684afc42e1f4f5b,"time_left_min,mid_price,spread,volume_5min,price_velocity,hour_of_day,day_of_week,price_distance_from_max,price_momentum,spread_trend,volume_trend,price_deviation,spread_pct,log_time_left,is_final_phase,high_price_final,direction_lag_1,direction_lag_2,direction_lag_3,consecutive_up,consecutive_down,up_ratio_4,alternation_rate_6,signed_trend_efficiency_6,signed_body_pct,body_to_range"
1081,XRP_contested,15,logreg,False,2026-08-30 11:02:04.07492+00,,15m,,26,26,MATCH,0.28315906549340925,0.45,f,POLYMARKET_FLIP_VS_FINAL_OUTCOME,manifest_target_source,market_end_favorite_loses,251be3e21d0a4d91aee1f7eaed218d999d4f9d017c7d256506dc2ea820aa78f5,2865,True,sklearn.calibration.CalibratedClassifierCV,True,0,,0.5149379641388353,,"time_left_min,mid_price,spread,volume_5min,price_velocity,hour_of_day,day_of_week,price_distance_from_max,price_momentum,spread_trend,volume_trend,price_deviation,spread_pct,log_time_left,is_final_phase,high_price_final,direction_lag_1,direction_lag_2,direction_lag_3,consecutive_up,consecutive_down,up_ratio_4,alternation_rate_6,signed_trend_efficiency_6,signed_body_pct,body_to_range"
1082,XRP_leaning,28,logreg,True,2026-08-30 11:02:25.465906+00,,15m,,26,26,MATCH,0.43741245246968957,0.45,f,POLYMARKET_FLIP_VS_FINAL_OUTCOME,manifest_target_source,market_end_favorite_loses,ceb7d3e8229ba3b76a304aeb559d586de25e06d3ba47fac8e61c55a429281e1e,2865,True,sklearn.calibration.CalibratedClassifierCV,True,0,,0.5406980576522256,,"time_left_min,mid_price,spread,volume_5min,price_velocity,hour_of_day,day_of_week,price_distance_from_max,price_momentum,spread_trend,volume_trend,price_deviation,spread_pct,log_time_left,is_final_phase,high_price_final,direction_lag_1,direction_lag_2,direction_lag_3,consecutive_up,consecutive_down,up_ratio_4,alternation_rate_6,signed_trend_efficiency_6,signed_body_pct,body_to_range"
1083,XRP_decided,28,logreg,False,2026-08-30 11:03:04.478778+00,,15m,,26,26,MATCH,0.13985227559952432,0.45,f,POLYMARKET_FLIP_VS_FINAL_OUTCOME,manifest_target_source,market_end_favorite_loses,817508c081c8301d1399c89e32a909e605dc278219be277e5479b4831c2a2d70,2865,True,sklearn.calibration.CalibratedClassifierCV,True,0,,0.7339015878572226,,"time_left_min,mid_price,spread,volume_5min,price_velocity,hour_of_day,day_of_week,price_distance_from_max,price_momentum,spread_trend,volume_trend,price_deviation,spread_pct,log_time_left,is_final_phase,high_price_final,direction_lag_1,direction_lag_2,direction_lag_3,consecutive_up,consecutive_down,up_ratio_4,alternation_rate_6,signed_trend_efficiency_6,signed_body_pct,body_to_range"
1084,XRP,50,logreg,False,2026-08-30 11:22:03.733424+00,,15m,,16,16,MATCH,0.22150270549259005,0.45,f,POLYMARKET_FLIP_VS_FINAL_OUTCOME,manifest_target_source,market_end_favorite_loses,e23a207c0e21346c4a8df04afdf39753e845a0687b12936835b3e68b75d349ce,2359,True,sklearn.calibration.CalibratedClassifierCV,True,0,,0.7376508333008601,9e2122c2ac7b54d3feee016bc98b2c84,"time_left_min,mid_price,spread,volume_5min,price_velocity,hour_of_day,day_of_week,price_distance_from_max,price_momentum,spread_trend,volume_trend,price_deviation,spread_pct,log_time_left,is_final_phase,high_price_final"
1085,XRP,51,logreg,False,2026-08-30 11:25:48.579162+00,,15m,,16,16,MATCH,0.22150269215173435,0.45,f,POLYMARKET_FLIP_VS_FINAL_OUTCOME,manifest_target_source,market_end_favorite_loses,691925d0b471d11ec58236f15b2ff7ced958eac15688a8b95ef3adc9412ab6ae,2359,True,sklearn.calibration.CalibratedClassifierCV,True,0,,0.7376636006605868,db76de67c019d6aa259d6d55b7b4e7a5,"time_left_min,mid_price,spread,volume_5min,price_velocity,hour_of_day,day_of_week,price_distance_from_max,price_momentum,spread_trend,volume_trend,price_deviation,spread_pct,log_time_left,is_final_phase,high_price_final"
1086,XRP_decided,29,logreg,False,2026-08-30 11:26:26.292203+00,,15m,,16,16,MATCH,0.14423209253295058,0.45,f,POLYMARKET_FLIP_VS_FINAL_OUTCOME,manifest_target_source,market_end_favorite_loses,25f4a15e1c4af760cb76602d7291007495d8903fae46d07db849903f89cb443d,2359,True,sklearn.calibration.CalibratedClassifierCV,True,0,,0.7419623364100257,,"time_left_min,mid_price,spread,volume_5min,price_velocity,hour_of_day,day_of_week,price_distance_from_max,price_momentum,spread_trend,volume_trend,price_deviation,spread_pct,log_time_left,is_final_phase,high_price_final"
1087,XRP,52,logreg,False,2026-08-30 11:28:21.233571+00,,15m,,16,16,MATCH,0.22150269215173435,0.45,f,POLYMARKET_FLIP_VS_FINAL_OUTCOME,manifest_target_source,market_end_favorite_loses,691925d0b471d11ec58236f15b2ff7ced958eac15688a8b95ef3adc9412ab6ae,2359,True,sklearn.calibration.CalibratedClassifierCV,True,0,,0.7376636006605868,db76de67c019d6aa259d6d55b7b4e7a5,"time_left_min,mid_price,spread,volume_5min,price_velocity,hour_of_day,day_of_week,price_distance_from_max,price_momentum,spread_trend,volume_trend,price_deviation,spread_pct,log_time_left,is_final_phase,high_price_final"
1088,XRP_decided,30,logreg,False,2026-08-30 11:28:53.473034+00,,15m,,16,16,MATCH,0.14423209253295058,0.45,f,POLYMARKET_FLIP_VS_FINAL_OUTCOME,manifest_target_source,market_end_favorite_loses,25f4a15e1c4af760cb76602d7291007495d8903fae46d07db849903f89cb443d,2359,True,sklearn.calibration.CalibratedClassifierCV,True,0,,0.7419623364100257,,"time_left_min,mid_price,spread,volume_5min,price_velocity,hour_of_day,day_of_week,price_distance_from_max,price_momentum,spread_trend,volume_trend,price_deviation,spread_pct,log_time_left,is_final_phase,high_price_final"
1089,XRP,53,logreg,False,2026-08-30 11:42:02.442284+00,,15m,,16,16,MATCH,0.2211387916696589,0.45,f,POLYMARKET_FLIP_VS_FINAL_OUTCOME,manifest_target_source,market_end_favorite_loses,222dd18cab8b4862cbf90db6419637bef6f9e1cf4d062b04faee176c3686b6f9,2359,True,sklearn.calibration.CalibratedClassifierCV,True,0,,0.7375957387813942,c63aca078de0bbce9098a25001417c1b,"time_left_min,mid_price,spread,volume_5min,price_velocity,hour_of_day,day_of_week,price_distance_from_max,price_momentum,spread_trend,volume_trend,price_deviation,spread_pct,log_time_left,is_final_phase,high_price_final"
1090,XRP_decided,31,logreg,True,2026-08-30 11:56:17.615375+00,2026-08-30 12:18:14.582693+00,15m,,16,16,MATCH,0.3527117967988645,0.45,f,POLYMARKET_FLIP_VS_FINAL_OUTCOME,manifest_target_source,market_end_favorite_loses,25f4a15e1c4af760cb76602d7291007495d8903fae46d07db849903f89cb443d,2359,True,sklearn.calibration.CalibratedClassifierCV,True,0,,0.7419623364100257,,"time_left_min,mid_price,spread,volume_5min,price_velocity,hour_of_day,day_of_week,price_distance_from_max,price_momentum,spread_trend,volume_trend,price_deviation,spread_pct,log_time_left,is_final_phase,high_price_final"
1091,DOGE,50,logreg,False,2026-09-02 18:31:10.937865+00,,15m,,26,26,MATCH,0.23323695311718476,0.45,f,POLYMARKET_FLIP_VS_FINAL_OUTCOME,manifest_target_source,market_end_favorite_loses,aa4b4ec5f8f51a67684ddd434877b4d1b82b827ff21d9a0de86281ecd226367e,2931,True,sklearn.calibration.CalibratedClassifierCV,True,0,,0.7228825869995584,b03e7edb3bd365a317896dd44259c46c,"time_left_min,mid_price,spread,volume_5min,price_velocity,hour_of_day,day_of_week,price_distance_from_max,price_momentum,spread_trend,volume_trend,price_deviation,spread_pct,log_time_left,is_final_phase,high_price_final,direction_lag_1,direction_lag_2,direction_lag_3,consecutive_up,consecutive_down,up_ratio_4,alternation_rate_6,signed_trend_efficiency_6,signed_body_pct,body_to_range"
1092,DOGE_contested,21,logreg,False,2026-09-02 18:37:53.71495+00,,15m,,26,26,MATCH,0.5047305694255628,0.45,f,POLYMARKET_FLIP_VS_FINAL_OUTCOME,manifest_target_source,market_end_favorite_loses,ccd938d410eca3c31b63890ce2998997d8e2d32da38e6ebb3f4d7c714050b5e7,2931,True,sklearn.calibration.CalibratedClassifierCV,True,0,,0.49733284266019273,,"time_left_min,mid_price,spread,volume_5min,price_velocity,hour_of_day,day_of_week,price_distance_from_max,price_momentum,spread_trend,volume_trend,price_deviation,spread_pct,log_time_left,is_final_phase,high_price_final,direction_lag_1,direction_lag_2,direction_lag_3,consecutive_up,consecutive_down,up_ratio_4,alternation_rate_6,signed_trend_efficiency_6,signed_body_pct,body_to_range"
1093,DOGE_leaning,29,logreg,True,2026-09-02 18:44:42.964398+00,,15m,,26,26,MATCH,0.47873408529730627,0.45,t,POLYMARKET_FLIP_VS_FINAL_OUTCOME,manifest_target_source,market_end_favorite_loses,5d90cb0ce27e806da6151ef7e204cbfc3a918be619a62ced198bd3fbcb6f65c9,2931,True,sklearn.calibration.CalibratedClassifierCV,True,0,,0.5377150814841051,,"time_left_min,mid_price,spread,volume_5min,price_velocity,hour_of_day,day_of_week,price_distance_from_max,price_momentum,spread_trend,volume_trend,price_deviation,spread_pct,log_time_left,is_final_phase,high_price_final,direction_lag_1,direction_lag_2,direction_lag_3,consecutive_up,consecutive_down,up_ratio_4,alternation_rate_6,signed_trend_efficiency_6,signed_body_pct,body_to_range"
1094,DOGE_decided,29,logreg,False,2026-09-02 18:54:44.965945+00,,15m,,26,26,MATCH,0.12691381387064557,0.45,f,POLYMARKET_FLIP_VS_FINAL_OUTCOME,manifest_target_source,market_end_favorite_loses,5c41200520ef8777010b11a73aa620dea227e6983805203d70e2ab528cb23307,2931,True,sklearn.calibration.CalibratedClassifierCV,True,0,,0.723089315484706,,"time_left_min,mid_price,spread,volume_5min,price_velocity,hour_of_day,day_of_week,price_distance_from_max,price_momentum,spread_trend,volume_trend,price_deviation,spread_pct,log_time_left,is_final_phase,high_price_final,direction_lag_1,direction_lag_2,direction_lag_3,consecutive_up,consecutive_down,up_ratio_4,alternation_rate_6,signed_trend_efficiency_6,signed_body_pct,body_to_range"
1095,XRP,54,logreg,False,2026-09-08 06:06:10.475889+00,,15m,,26,26,MATCH,0.24216494662888421,0.45,f,POLYMARKET_FLIP_VS_FINAL_OUTCOME,manifest_target_source,market_end_favorite_loses,64b7dd1645240b232d0ad30115d9bff730288c410aa557995358bfc472795c4f,2931,True,sklearn.calibration.CalibratedClassifierCV,True,0,,0.7288321446613241,f9bac274f5447209980895caf141f23a,"time_left_min,mid_price,spread,volume_5min,price_velocity,hour_of_day,day_of_week,price_distance_from_max,price_momentum,spread_trend,volume_trend,price_deviation,spread_pct,log_time_left,is_final_phase,high_price_final,direction_lag_1,direction_lag_2,direction_lag_3,consecutive_up,consecutive_down,up_ratio_4,alternation_rate_6,signed_trend_efficiency_6,signed_body_pct,body_to_range"
1096,XRP_contested,16,logreg,False,2026-09-08 06:13:34.218989+00,,15m,,26,26,MATCH,0.32345985781131364,0.45,f,POLYMARKET_FLIP_VS_FINAL_OUTCOME,manifest_target_source,market_end_favorite_loses,2666f4d1d2606166efb196fb7b12d64986cc4300cef78f9a3106a9440b39ec24,2931,True,sklearn.calibration.CalibratedClassifierCV,True,0,,0.5022640787600869,,"time_left_min,mid_price,spread,volume_5min,price_velocity,hour_of_day,day_of_week,price_distance_from_max,price_momentum,spread_trend,volume_trend,price_deviation,spread_pct,log_time_left,is_final_phase,high_price_final,direction_lag_1,direction_lag_2,direction_lag_3,consecutive_up,consecutive_down,up_ratio_4,alternation_rate_6,signed_trend_efficiency_6,signed_body_pct,body_to_range"
1097,XRP_leaning,29,logreg,False,2026-09-08 06:21:33.988493+00,,15m,,26,26,MATCH,0.47877242752410637,0.45,t,POLYMARKET_FLIP_VS_FINAL_OUTCOME,manifest_target_source,market_end_favorite_loses,d2fd5d8bea83fc03000d0af7d2ddc2337532ab1db9539b51f6fb31f0b8838c96,2931,True,sklearn.calibration.CalibratedClassifierCV,True,0,,0.5437592591670477,,"time_left_min,mid_price,spread,volume_5min,price_velocity,hour_of_day,day_of_week,price_distance_from_max,price_momentum,spread_trend,volume_trend,price_deviation,spread_pct,log_time_left,is_final_phase,high_price_final,direction_lag_1,direction_lag_2,direction_lag_3,consecutive_up,consecutive_down,up_ratio_4,alternation_rate_6,signed_trend_efficiency_6,signed_body_pct,body_to_range"
1098,XRP_decided,32,logreg,False,2026-09-08 06:33:40.229841+00,,15m,,26,26,MATCH,0.7177041250794365,0.45,f,POLYMARKET_FLIP_VS_FINAL_OUTCOME,manifest_target_source,market_end_favorite_loses,a800ffa9a53acda091725282c47c600f295e1cfead942431eb90c58271af335e,2931,True,sklearn.calibration.CalibratedClassifierCV,True,0,,0.7282289347407934,,"time_left_min,mid_price,spread,volume_5min,price_velocity,hour_of_day,day_of_week,price_distance_from_max,price_momentum,spread_trend,volume_trend,price_deviation,spread_pct,log_time_left,is_final_phase,high_price_final,direction_lag_1,direction_lag_2,direction_lag_3,consecutive_up,consecutive_down,up_ratio_4,alternation_rate_6,signed_trend_efficiency_6,signed_body_pct,body_to_range"
1099,DOGEUSDT_low_vol,26,lgbm,False,2026-09-08 23:26:31.168462+00,,15m,low_vol,24,,MATCH,0.4874077510109587,0.46180985929146334,t,CANONICAL_POLYMARKET_DIRECTION,manifest_target_source,contract_outcome,076ad0a4a6c40a22f33f6b777bb2afbff4025bb859d57dbd85acbb21f7b7413e,13826,True,polyflip.crypto.trainer.CalibratedLightGBMModel,,1,1835,0.5441641219576162,7a2c7e941f4db03be2e2205175015d2e,"ret_1,ret_3,ret_6,vol_6,vol_24,vol_z_1,taker_buy_ratio,cvd_1,cvd_6,rsi_14,ema_ratio_9_21,bb_width,bb_position,dist_to_high_24,dist_to_low_24,range_1,range_avg_24,consec_balance,hour_sin,hour_cos,dow_sin,dow_cos,strike_gap_pct,log_moneyness"
1100,DOGEUSDT_mid_vol,26,lgbm,False,2026-09-08 23:26:31.168462+00,,15m,mid_vol,24,,MATCH,0.5530078480327354,0.4361814873124333,t,CANONICAL_POLYMARKET_DIRECTION,manifest_target_source,contract_outcome,0adec63018648f559523c13b4a02177ecf6d77831a442d0a0ea1c1247c3472c9,19278,True,polyflip.crypto.trainer.CalibratedLightGBMModel,,1,1890,0.5092045328358953,d8cc853ef845fde7de87831412c2a952,"ret_1,ret_3,ret_6,vol_6,vol_24,vol_z_1,taker_buy_ratio,cvd_1,cvd_6,rsi_14,ema_ratio_9_21,bb_width,bb_position,dist_to_high_24,dist_to_low_24,range_1,range_avg_24,consec_balance,hour_sin,hour_cos,dow_sin,dow_cos,strike_gap_pct,log_moneyness"
1101,DOGEUSDT_high_vol,25,lgbm,False,2026-09-08 23:26:31.168462+00,,15m,high_vol,24,,MATCH,0.5503124874785686,0.496337707015419,t,CANONICAL_POLYMARKET_DIRECTION,manifest_target_source,contract_outcome,e6e9df3a25bac60e87220ef3f45f58c0ac6288799326d25c175e653687575b11,72140,True,polyflip.crypto.trainer.CalibratedLightGBMModel,,1,1835,0.5140365209633257,308700378e5d18621cd7f26d3be9270b,"ret_1,ret_3,ret_6,vol_6,vol_24,vol_z_1,taker_buy_ratio,cvd_1,cvd_6,rsi_14,ema_ratio_9_21,bb_width,bb_position,dist_to_high_24,dist_to_low_24,range_1,range_avg_24,consec_balance,hour_sin,hour_cos,dow_sin,dow_cos,strike_gap_pct,log_moneyness"
1102,XRPUSDT_low_vol,29,lgbm,False,2026-09-09 00:06:05.591542+00,,15m,low_vol,24,,MATCH,0.4939331990621635,0.4227035388219732,t,CANONICAL_POLYMARKET_DIRECTION,manifest_target_source,contract_outcome,6f733cb934bbfca81e473010d26cdd0dc04ccd7e8da309f6831529bf288f5c96,9286,True,polyflip.crypto.trainer.CalibratedLightGBMModel,,1,1836,0.4888772867442278,3c1f70253ff2b08d66e0b9d92d785274,"ret_1,ret_3,ret_6,vol_6,vol_24,vol_z_1,taker_buy_ratio,cvd_1,cvd_6,rsi_14,ema_ratio_9_21,bb_width,bb_position,dist_to_high_24,dist_to_low_24,range_1,range_avg_24,consec_balance,hour_sin,hour_cos,dow_sin,dow_cos,strike_gap_pct,log_moneyness"
1103,XRPUSDT_mid_vol,29,lgbm,False,2026-09-09 00:06:05.591542+00,,15m,mid_vol,24,,MATCH,0.5128154900401551,0.4680023168589454,t,CANONICAL_POLYMARKET_DIRECTION,manifest_target_source,contract_outcome,a47109c83290fdadb90b92eb15f611a159114344588638d05246222bbe4ceb18,39431,True,polyflip.crypto.trainer.CalibratedLightGBMModel,,1,1891,0.4897821589232009,7673bd5b054f3b86c67514c46a492d03,"ret_1,ret_3,ret_6,vol_6,vol_24,vol_z_1,taker_buy_ratio,cvd_1,cvd_6,rsi_14,ema_ratio_9_21,bb_width,bb_position,dist_to_high_24,dist_to_low_24,range_1,range_avg_24,consec_balance,hour_sin,hour_cos,dow_sin,dow_cos,strike_gap_pct,log_moneyness"
1104,XRPUSDT_high_vol,28,lgbm,False,2026-09-09 00:06:05.591542+00,,15m,high_vol,24,,MATCH,0.5234051402389239,0.49948524607238204,t,CANONICAL_POLYMARKET_DIRECTION,manifest_target_source,contract_outcome,de79cf2d83da90c9090dc45ad443a8b4615e733e0f109756d93e6aed8a69d87a,22011,True,polyflip.crypto.trainer.CalibratedLightGBMModel,,1,1836,0.48316986289254693,cf59477f1a51d8329929393e65c26e58,"ret_1,ret_3,ret_6,vol_6,vol_24,vol_z_1,taker_buy_ratio,cvd_1,cvd_6,rsi_14,ema_ratio_9_21,bb_width,bb_position,dist_to_high_24,dist_to_low_24,range_1,range_avg_24,consec_balance,hour_sin,hour_cos,dow_sin,dow_cos,strike_gap_pct,log_moneyness"
