opportunity_id,market_id,asset,calendar_date,decision_at,time_left_min,best_bid,best_ask,executable_ask,spread,final_outcome,target,is_candidate_price,former_favorite_group,token_regime_CT,token_er,token_sign_flips,token_autocorr,spot_regime_CS,spot_er,spot_regime_CS_short,spot_short_reason,spot_price_at_decision,proxy_strike,proxy_reversion_helps,shares,gross_pnl,taker_fee,net_pnl,cohort_tag,neither_subgroup,variants,execution_sim,exclusion_reason,reproduced_fee,reproduced_net_pnl,new_fee,purchase_cash,settlement_proceeds,new_net_pnl,unknown_fee,gross_positive,net_positive,sign_changed
2729491_2026-06-30T11:40:34.883223+00:00,2729491,BTC,2026-06-30,2026-06-30T11:40:34.883223+00:00,4.42,0.29,0.3,0.3,0.01,YES,1,True,FORMER_FAVORITE,REVERSION,0.2014,0.5833,-0.1437,UNCERTAIN,,UNCERTAIN,INSUFFICIENT_CANDLES,,,False,3.3333,2.3333,0.002,2.3313,CT-only,,"{'C0': True, 'CT': True, 'CS': False, 'CS_short': False, 'C1': True, 'CT_plus_canonical_strike': False, 'CT_plus_proxy_strike': False}",BLOCKED_DATA,,0.0019999799999999997,2.33130002,0.0,0.9999899999999999,3.3333,2.33331,,True,True,False
2732119_2026-06-30T16:25:22.808314+00:00,2732119,BTC,2026-06-30,2026-06-30T16:25:22.808314+00:00,4.62,0.06,0.07,0.07,0.01,NO,0,True,FORMER_FAVORITE,REVERSION,0.2632,0.5833,-0.0745,UNCERTAIN,,UNCERTAIN,INSUFFICIENT_CANDLES,,,False,14.2857,-1.0,0.002,-1.002,CT-only,,"{'C0': True, 'CT': True, 'CS': False, 'CS_short': False, 'C1': True, 'CT_plus_canonical_strike': False, 'CT_plus_proxy_strike': False}",BLOCKED_DATA,,0.0019999980000000002,-1.001999998,0.0,0.9999990000000001,0.0,-0.9999990000000001,,False,False,False
2734302_2026-06-30T19:10:23.085173+00:00,2734302,BTC,2026-06-30,2026-06-30T19:10:23.085173+00:00,4.62,0.29,0.3,0.3,0.01,NO,0,True,FORMER_FAVORITE,REVERSION,0.0791,0.7273,-0.1862,UNCERTAIN,,UNCERTAIN,INSUFFICIENT_CANDLES,,,False,3.3333,-1.0,0.002,-1.002,CT-only,,"{'C0': True, 'CT': True, 'CS': False, 'CS_short': False, 'C1': True, 'CT_plus_canonical_strike': False, 'CT_plus_proxy_strike': False}",BLOCKED_DATA,,0.0019999799999999997,-1.00199998,0.0,0.9999899999999999,0.0,-0.9999899999999999,,False,False,False
2734393_2026-06-30T19:25:23.550867+00:00,2734393,BTC,2026-06-30,2026-06-30T19:25:23.550867+00:00,4.61,0.25,0.26,0.26,0.01,YES,1,True,OTHER_TRAJECTORY,REVERSION,0.3067,0.6364,-0.3407,UNCERTAIN,,UNCERTAIN,INSUFFICIENT_CANDLES,,,False,3.8462,2.8462,0.002,2.8442,CT-only,,"{'C0': True, 'CT': True, 'CS': False, 'CS_short': False, 'C1': True, 'CT_plus_canonical_strike': False, 'CT_plus_proxy_strike': False}",BLOCKED_DATA,,0.0020000240000000004,2.844199976,0.0,1.0000120000000001,3.8462,2.8461879999999997,,True,True,False
2736143_2026-06-30T22:40:23.743935+00:00,2736143,BTC,2026-06-30,2026-06-30T22:40:23.743935+00:00,4.6,0.12,0.13,0.13,0.01,NO,0,True,PERSISTENT_CHEAP,REVERSION,0.3333,0.7,-0.0865,UNCERTAIN,,UNCERTAIN,INSUFFICIENT_CANDLES,,,False,7.6923,-1.0,0.002,-1.002,CT-only,,"{'C0': True, 'CT': True, 'CS': False, 'CS_short': False, 'C1': True, 'CT_plus_canonical_strike': False, 'CT_plus_proxy_strike': False}",BLOCKED_DATA,,0.0019999980000000002,-1.001999998,0.0,0.9999990000000001,0.0,-0.9999990000000001,,False,False,False
2737182_2026-06-30T23:40:23.990463+00:00,2737182,BTC,2026-06-30,2026-06-30T23:40:23.990463+00:00,4.6,0.21,0.22,0.22,0.01,NO,0,True,FORMER_FAVORITE,REVERSION,0.1944,0.5,-0.2622,UNCERTAIN,,UNCERTAIN,INSUFFICIENT_CANDLES,,,False,4.5455,-1.0,0.002,-1.002,CT-only,,"{'C0': True, 'CT': True, 'CS': False, 'CS_short': False, 'C1': True, 'CT_plus_canonical_strike': False, 'CT_plus_proxy_strike': False}",BLOCKED_DATA,,0.00200002,-1.00200002,0.0,1.0000099999999998,0.0,-1.0000099999999998,,False,False,False
2738782_2026-07-01T04:10:34.377049+00:00,2738782,BTC,2026-07-01,2026-07-01T04:10:34.377049+00:00,4.43,0.19,0.2,0.2,0.01,NO,0,True,PERSISTENT_CHEAP,REVERSION,0.3846,0.4545,-0.1076,UNCERTAIN,,UNCERTAIN,INSUFFICIENT_CANDLES,,,False,5.0,-1.0,0.002,-1.002,CT-only,,"{'C0': True, 'CT': True, 'CS': False, 'CS_short': False, 'C1': True, 'CT_plus_canonical_strike': False, 'CT_plus_proxy_strike': False}",BLOCKED_DATA,,0.002,-1.002,0.0,1.0,0.0,-1.0,,False,False,False
2740364_2026-07-01T07:40:34.861360+00:00,2740364,BTC,2026-07-01,2026-07-01T07:40:34.861360+00:00,4.42,0.22,0.23,0.23,0.01,NO,0,True,OTHER_TRAJECTORY,REVERSION,0.122,0.4615,-0.2481,UNCERTAIN,,UNCERTAIN,INSUFFICIENT_CANDLES,,,False,4.3478,-1.0,0.002,-1.002,CT-only,,"{'C0': True, 'CT': True, 'CS': False, 'CS_short': False, 'C1': True, 'CT_plus_canonical_strike': False, 'CT_plus_proxy_strike': False}",BLOCKED_DATA,,0.0019999880000000003,-1.001999988,0.0,0.9999940000000002,0.0,-0.9999940000000002,,False,False,False
2740508_2026-07-01T08:10:34.858134+00:00,2740508,BTC,2026-07-01,2026-07-01T08:10:34.858134+00:00,4.42,0.27,0.29,0.29,0.02,NO,0,True,FORMER_FAVORITE,REVERSION,0.0602,0.4615,-0.288,UNCERTAIN,,UNCERTAIN,INSUFFICIENT_CANDLES,,,False,3.4483,-1.0,0.002,-1.002,CT-only,,"{'C0': True, 'CT': True, 'CS': False, 'CS_short': False, 'C1': True, 'CT_plus_canonical_strike': False, 'CT_plus_proxy_strike': False}",BLOCKED_DATA,,0.0020000139999999996,-1.002000014,0.0,1.0000069999999999,0.0,-1.0000069999999999,,False,False,False
2740748_2026-07-01T09:25:35.429858+00:00,2740748,BTC,2026-07-01,2026-07-01T09:25:35.429858+00:00,4.41,0.12,0.13,0.13,0.01,NO,0,True,FORMER_FAVORITE,REVERSION,0.3608,0.5833,-0.187,UNCERTAIN,,UNCERTAIN,INSUFFICIENT_CANDLES,,,False,7.6923,-1.0,0.002,-1.002,CT-only,,"{'C0': True, 'CT': True, 'CS': False, 'CS_short': False, 'C1': True, 'CT_plus_canonical_strike': False, 'CT_plus_proxy_strike': False}",BLOCKED_DATA,,0.0019999980000000002,-1.001999998,0.0,0.9999990000000001,0.0,-0.9999990000000001,,False,False,False
2741338_2026-07-01T10:40:34.357132+00:00,2741338,BTC,2026-07-01,2026-07-01T10:40:34.357132+00:00,4.43,0.23,0.24,0.24,0.01,NO,0,True,FORMER_FAVORITE,REVERSION,0.2547,0.6154,-0.2925,UNCERTAIN,,UNCERTAIN,INSUFFICIENT_CANDLES,,,False,4.1667,-1.0,0.002,-1.002,CT-only,,"{'C0': True, 'CT': True, 'CS': False, 'CS_short': False, 'C1': True, 'CT_plus_canonical_strike': False, 'CT_plus_proxy_strike': False}",BLOCKED_DATA,,0.0020000159999999994,-1.002000016,0.0,1.0000079999999998,0.0,-1.0000079999999998,,False,False,False
2743819_2026-07-01T14:25:34.871227+00:00,2743819,BTC,2026-07-01,2026-07-01T14:25:34.871227+00:00,4.42,0.38,0.4,0.4,0.02,NO,0,True,FORMER_FAVORITE,REVERSION,0.0514,0.6364,-0.152,UNCERTAIN,,UNCERTAIN,INSUFFICIENT_CANDLES,,,False,2.5,-1.0,0.002,-1.002,CT-only,,"{'C0': True, 'CT': True, 'CS': False, 'CS_short': False, 'C1': True, 'CT_plus_canonical_strike': False, 'CT_plus_proxy_strike': False}",BLOCKED_DATA,,0.002,-1.002,0.0,1.0,0.0,-1.0,,False,False,False
2743860_2026-07-01T14:40:34.895885+00:00,2743860,BTC,2026-07-01,2026-07-01T14:40:34.895885+00:00,4.42,0.13,0.14,0.14,0.01,NO,0,True,OTHER_TRAJECTORY,REVERSION,0.3109,0.5,-0.3591,UNCERTAIN,,UNCERTAIN,INSUFFICIENT_CANDLES,,,False,7.1429,-1.0,0.002,-1.002,CT-only,,"{'C0': True, 'CT': True, 'CS': False, 'CS_short': False, 'C1': True, 'CT_plus_canonical_strike': False, 'CT_plus_proxy_strike': False}",BLOCKED_DATA,,0.0020000120000000002,-1.002000012,0.0,1.0000060000000002,0.0,-1.0000060000000002,,False,False,False
2746789_2026-07-01T19:55:36.036541+00:00,2746789,BTC,2026-07-01,2026-07-01T19:55:36.036541+00:00,4.4,0.03,0.04,0.04,0.01,NO,0,True,PERSISTENT_CHEAP,REVERSION,0.3982,0.4615,-0.1904,UNCERTAIN,,UNCERTAIN,INSUFFICIENT_CANDLES,,,False,25.0,-1.0,0.002,-1.002,CT-only,,"{'C0': True, 'CT': True, 'CS': False, 'CS_short': False, 'C1': True, 'CT_plus_canonical_strike': False, 'CT_plus_proxy_strike': False}",BLOCKED_DATA,,0.002,-1.002,0.0,1.0,0.0,-1.0,,False,False,False
2753490_2026-07-02T05:55:35.270411+00:00,2753490,BTC,2026-07-02,2026-07-02T05:55:35.270411+00:00,4.41,0.21,0.22,0.22,0.01,NO,0,True,FORMER_FAVORITE,REVERSION,0.3036,0.5385,-0.4045,UNCERTAIN,,UNCERTAIN,INSUFFICIENT_CANDLES,,,False,4.5455,-1.0,0.002,-1.002,CT-only,,"{'C0': True, 'CT': True, 'CS': False, 'CS_short': False, 'C1': True, 'CT_plus_canonical_strike': False, 'CT_plus_proxy_strike': False}",BLOCKED_DATA,,0.00200002,-1.00200002,0.0,1.0000099999999998,0.0,-1.0000099999999998,,False,False,False
2754100_2026-07-02T07:40:12.670888+00:00,2754100,BTC,2026-07-02,2026-07-02T07:40:12.670888+00:00,4.79,0.2,0.21,0.21,0.01,NO,0,True,FORMER_FAVORITE,REVERSION,0.2333,0.5833,-0.2993,UNCERTAIN,,UNCERTAIN,INSUFFICIENT_CANDLES,,,False,4.7619,-1.0,0.002,-1.002,CT-only,,"{'C0': True, 'CT': True, 'CS': False, 'CS_short': False, 'C1': True, 'CT_plus_canonical_strike': False, 'CT_plus_proxy_strike': False}",BLOCKED_DATA,,0.001999998,-1.001999998,0.0,0.999999,0.0,-0.999999,,False,False,False
2754776_2026-07-02T10:10:06.692821+00:00,2754776,BTC,2026-07-02,2026-07-02T10:10:06.692821+00:00,4.89,0.08,0.09,0.09,0.01,YES,1,True,OTHER_TRAJECTORY,REVERSION,0.383,0.6667,-0.2485,UNCERTAIN,,UNCERTAIN,INSUFFICIENT_CANDLES,,,False,11.1111,10.1111,0.002,10.1091,CT-only,,"{'C0': True, 'CT': True, 'CS': False, 'CS_short': False, 'C1': True, 'CT_plus_canonical_strike': False, 'CT_plus_proxy_strike': False}",BLOCKED_DATA,,0.001999998,10.109100002,0.0,0.999999,11.1111,10.111101,,True,True,False
2759997_2026-07-02T18:25:35.789104+00:00,2759997,BTC,2026-07-02,2026-07-02T18:25:35.789104+00:00,4.4,0.24,0.25,0.25,0.01,YES,1,True,OTHER_TRAJECTORY,REVERSION,0.2473,0.4615,-0.3004,UNCERTAIN,,UNCERTAIN,INSUFFICIENT_CANDLES,,,False,4.0,3.0,0.002,2.998,CT-only,,"{'C0': True, 'CT': True, 'CS': False, 'CS_short': False, 'C1': True, 'CT_plus_canonical_strike': False, 'CT_plus_proxy_strike': False}",BLOCKED_DATA,,0.002,2.998,0.0,1.0,4.0,3.0,,True,True,False
2760417_2026-07-02T19:40:35.824446+00:00,2760417,BTC,2026-07-02,2026-07-02T19:40:35.824446+00:00,4.4,0.2,0.21,0.21,0.01,NO,0,True,FORMER_FAVORITE,REVERSION,0.2459,0.4615,-0.1982,UNCERTAIN,,UNCERTAIN,INSUFFICIENT_CANDLES,,,False,4.7619,-1.0,0.002,-1.002,CT-only,,"{'C0': True, 'CT': True, 'CS': False, 'CS_short': False, 'C1': True, 'CT_plus_canonical_strike': False, 'CT_plus_proxy_strike': False}",BLOCKED_DATA,,0.001999998,-1.001999998,0.0,0.999999,0.0,-0.999999,,False,False,False
2763456_2026-07-03T00:25:37.072545+00:00,2763456,BTC,2026-07-03,2026-07-03T00:25:37.072545+00:00,4.38,0.08,0.09,0.09,0.01,NO,0,True,FORMER_FAVORITE,REVERSION,0.3893,0.4615,-0.0907,UNCERTAIN,,UNCERTAIN,INSUFFICIENT_CANDLES,,,False,11.1111,-1.0,0.002,-1.002,CT-only,,"{'C0': True, 'CT': True, 'CS': False, 'CS_short': False, 'C1': True, 'CT_plus_canonical_strike': False, 'CT_plus_proxy_strike': False}",BLOCKED_DATA,,0.001999998,-1.001999998,0.0,0.999999,0.0,-0.999999,,False,False,False
2763736_2026-07-03T01:55:35.830278+00:00,2763736,BTC,2026-07-03,2026-07-03T01:55:35.830278+00:00,4.4,0.28,0.29,0.29,0.01,NO,0,True,OTHER_TRAJECTORY,REVERSION,0.2687,0.8333,-0.3602,UNCERTAIN,,UNCERTAIN,INSUFFICIENT_CANDLES,,,False,3.4483,-1.0,0.002,-1.002,CT-only,,"{'C0': True, 'CT': True, 'CS': False, 'CS_short': False, 'C1': True, 'CT_plus_canonical_strike': False, 'CT_plus_proxy_strike': False}",BLOCKED_DATA,,0.0020000139999999996,-1.002000014,0.0,1.0000069999999999,0.0,-1.0000069999999999,,False,False,False
2764051_2026-07-03T02:40:35.841703+00:00,2764051,BTC,2026-07-03,2026-07-03T02:40:35.841703+00:00,4.4,0.39,0.4,0.4,0.01,NO,0,True,FORMER_FAVORITE,REVERSION,0.025,0.6364,-0.1454,UNCERTAIN,,UNCERTAIN,INSUFFICIENT_CANDLES,,,False,2.5,-1.0,0.002,-1.002,CT-only,,"{'C0': True, 'CT': True, 'CS': False, 'CS_short': False, 'C1': True, 'CT_plus_canonical_strike': False, 'CT_plus_proxy_strike': False}",BLOCKED_DATA,,0.002,-1.002,0.0,1.0,0.0,-1.0,,False,False,False
2764331_2026-07-03T03:55:38.107675+00:00,2764331,BTC,2026-07-03,2026-07-03T03:55:38.107675+00:00,4.36,0.27,0.28,0.28,0.01,YES,1,True,FORMER_FAVORITE,REVERSION,0.2346,0.5455,-0.2182,UNCERTAIN,,UNCERTAIN,INSUFFICIENT_CANDLES,,,False,3.5714,2.5714,0.002,2.5694,CT-only,,"{'C0': True, 'CT': True, 'CS': False, 'CS_short': False, 'C1': True, 'CT_plus_canonical_strike': False, 'CT_plus_proxy_strike': False}",BLOCKED_DATA,,0.0019999840000000002,2.5694000160000003,0.0,0.9999920000000001,3.5714,2.571408,,True,True,False
2766389_2026-07-03T07:55:36.918483+00:00,2766389,BTC,2026-07-03,2026-07-03T07:55:36.918483+00:00,4.38,0.18,0.19,0.19,0.01,NO,0,True,FORMER_FAVORITE,REVERSION,0.3187,0.7273,-0.0927,UNCERTAIN,,UNCERTAIN,INSUFFICIENT_CANDLES,,,False,5.2632,-1.0,0.002,-1.002,CT-only,,"{'C0': True, 'CT': True, 'CS': False, 'CS_short': False, 'C1': True, 'CT_plus_canonical_strike': False, 'CT_plus_proxy_strike': False}",BLOCKED_DATA,,0.002000016,-1.002000016,0.0,1.000008,0.0,-1.000008,,False,False,False
2766514_2026-07-03T08:40:36.865026+00:00,2766514,BTC,2026-07-03,2026-07-03T08:40:36.865026+00:00,4.39,0.19,0.2,0.2,0.01,YES,1,True,OTHER_TRAJECTORY,REVERSION,0.2449,0.6154,-0.142,UNCERTAIN,,UNCERTAIN,INSUFFICIENT_CANDLES,,,False,5.0,4.0,0.002,3.998,CT-only,,"{'C0': True, 'CT': True, 'CS': False, 'CS_short': False, 'C1': True, 'CT_plus_canonical_strike': False, 'CT_plus_proxy_strike': False}",BLOCKED_DATA,,0.002,3.998,0.0,1.0,5.0,4.0,,True,True,False
2766900_2026-07-03T10:10:36.898219+00:00,2766900,BTC,2026-07-03,2026-07-03T10:10:36.898219+00:00,4.39,0.31,0.32,0.32,0.01,YES,1,True,FORMER_FAVORITE,REVERSION,0.1698,0.5,-0.3163,UNCERTAIN,,UNCERTAIN,INSUFFICIENT_CANDLES,,,False,3.125,2.125,0.002,2.123,CT-only,,"{'C0': True, 'CT': True, 'CS': False, 'CS_short': False, 'C1': True, 'CT_plus_canonical_strike': False, 'CT_plus_proxy_strike': False}",BLOCKED_DATA,,0.002,2.123,0.0,1.0,3.125,2.125,,True,True,False
2767513_2026-07-03T10:55:36.891824+00:00,2767513,BTC,2026-07-03,2026-07-03T10:55:36.891824+00:00,4.39,0.13,0.14,0.14,0.01,NO,0,True,PERSISTENT_CHEAP,REVERSION,0.3407,0.6667,-0.108,UNCERTAIN,,UNCERTAIN,INSUFFICIENT_CANDLES,,,False,7.1429,-1.0,0.002,-1.002,CT-only,,"{'C0': True, 'CT': True, 'CS': False, 'CS_short': False, 'C1': True, 'CT_plus_canonical_strike': False, 'CT_plus_proxy_strike': False}",BLOCKED_DATA,,0.0020000120000000002,-1.002000012,0.0,1.0000060000000002,0.0,-1.0000060000000002,,False,False,False
2768466_2026-07-03T12:40:36.330740+00:00,2768466,BTC,2026-07-03,2026-07-03T12:40:36.330740+00:00,4.39,0.31,0.32,0.32,0.01,NO,0,True,OTHER_TRAJECTORY,REVERSION,0.1552,0.5833,-0.3414,UNCERTAIN,,UNCERTAIN,INSUFFICIENT_CANDLES,,,False,3.125,-1.0,0.002,-1.002,CT-only,,"{'C0': True, 'CT': True, 'CS': False, 'CS_short': False, 'C1': True, 'CT_plus_canonical_strike': False, 'CT_plus_proxy_strike': False}",BLOCKED_DATA,,0.002,-1.002,0.0,1.0,0.0,-1.0,,False,False,False
2769371_2026-07-03T15:40:36.296843+00:00,2769371,BTC,2026-07-03,2026-07-03T15:40:36.296843+00:00,4.4,0.13,0.14,0.14,0.01,NO,0,True,FORMER_FAVORITE,REVERSION,0.2405,0.6154,-0.1878,UNCERTAIN,,UNCERTAIN,INSUFFICIENT_CANDLES,,,False,7.1429,-1.0,0.002,-1.002,CT-only,,"{'C0': True, 'CT': True, 'CS': False, 'CS_short': False, 'C1': True, 'CT_plus_canonical_strike': False, 'CT_plus_proxy_strike': False}",BLOCKED_DATA,,0.0020000120000000002,-1.002000012,0.0,1.0000060000000002,0.0,-1.0000060000000002,,False,False,False
2770083_2026-07-03T16:40:36.381175+00:00,2770083,BTC,2026-07-03,2026-07-03T16:40:36.381175+00:00,4.39,0.23,0.24,0.24,0.01,NO,0,True,FORMER_FAVORITE,REVERSION,0.1831,0.75,-0.1185,UNCERTAIN,,UNCERTAIN,INSUFFICIENT_CANDLES,,,False,4.1667,-1.0,0.002,-1.002,CT-only,,"{'C0': True, 'CT': True, 'CS': False, 'CS_short': False, 'C1': True, 'CT_plus_canonical_strike': False, 'CT_plus_proxy_strike': False}",BLOCKED_DATA,,0.0020000159999999994,-1.002000016,0.0,1.0000079999999998,0.0,-1.0000079999999998,,False,False,False
2771626_2026-07-03T18:25:35.786973+00:00,2771626,BTC,2026-07-03,2026-07-03T18:25:35.786973+00:00,4.4,0.39,0.4,0.4,0.01,YES,1,True,FORMER_FAVORITE,REVERSION,0.1456,0.4615,-0.4559,UNCERTAIN,,UNCERTAIN,INSUFFICIENT_CANDLES,,,False,2.5,1.5,0.002,1.498,CT-only,,"{'C0': True, 'CT': True, 'CS': False, 'CS_short': False, 'C1': True, 'CT_plus_canonical_strike': False, 'CT_plus_proxy_strike': False}",BLOCKED_DATA,,0.002,1.498,0.0,1.0,2.5,1.5,,True,True,False
2773248_2026-07-03T19:10:35.903171+00:00,2773248,BTC,2026-07-03,2026-07-03T19:10:35.903171+00:00,4.4,0.13,0.14,0.14,0.01,NO,0,True,FORMER_FAVORITE,REVERSION,0.2329,0.6923,-0.071,UNCERTAIN,,UNCERTAIN,INSUFFICIENT_CANDLES,,,False,7.1429,-1.0,0.002,-1.002,CT-only,,"{'C0': True, 'CT': True, 'CS': False, 'CS_short': False, 'C1': True, 'CT_plus_canonical_strike': False, 'CT_plus_proxy_strike': False}",BLOCKED_DATA,,0.0020000120000000002,-1.002000012,0.0,1.0000060000000002,0.0,-1.0000060000000002,,False,False,False
2777564_2026-07-04T00:25:36.695648+00:00,2777564,BTC,2026-07-04,2026-07-04T00:25:36.695648+00:00,4.39,0.15,0.16,0.16,0.01,NO,0,True,OTHER_TRAJECTORY,REVERSION,0.3947,0.4615,-0.1065,UNCERTAIN,,UNCERTAIN,INSUFFICIENT_CANDLES,,,False,6.25,-1.0,0.002,-1.002,CT-only,,"{'C0': True, 'CT': True, 'CS': False, 'CS_short': False, 'C1': True, 'CT_plus_canonical_strike': False, 'CT_plus_proxy_strike': False}",BLOCKED_DATA,,0.002,-1.002,0.0,1.0,0.0,-1.0,,False,False,False
2777971_2026-07-04T01:40:37.165442+00:00,2777971,BTC,2026-07-04,2026-07-04T01:40:37.165442+00:00,4.38,0.26,0.27,0.27,0.01,NO,0,True,FORMER_FAVORITE,REVERSION,0.2,0.5833,-0.3192,UNCERTAIN,,UNCERTAIN,INSUFFICIENT_CANDLES,,,False,3.7037,-1.0,0.002,-1.002,CT-only,,"{'C0': True, 'CT': True, 'CS': False, 'CS_short': False, 'C1': True, 'CT_plus_canonical_strike': False, 'CT_plus_proxy_strike': False}",BLOCKED_DATA,,0.0019999980000000002,-1.001999998,0.0,0.9999990000000001,0.0,-0.9999990000000001,,False,False,False
2778136_2026-07-04T02:40:35.790180+00:00,2778136,BTC,2026-07-04,2026-07-04T02:40:35.790180+00:00,4.4,0.19,0.2,0.2,0.01,YES,1,True,OTHER_TRAJECTORY,REVERSION,0.1566,0.6923,-0.57,UNCERTAIN,,UNCERTAIN,INSUFFICIENT_CANDLES,,,False,5.0,4.0,0.002,3.998,CT-only,,"{'C0': True, 'CT': True, 'CS': False, 'CS_short': False, 'C1': True, 'CT_plus_canonical_strike': False, 'CT_plus_proxy_strike': False}",BLOCKED_DATA,,0.002,3.998,0.0,1.0,5.0,4.0,,True,True,False
2778391_2026-07-04T03:25:35.849865+00:00,2778391,BTC,2026-07-04,2026-07-04T03:25:35.849865+00:00,4.4,0.38,0.39,0.39,0.01,YES,1,True,FORMER_FAVORITE,REVERSION,0.1136,0.75,-0.3201,UNCERTAIN,,UNCERTAIN,INSUFFICIENT_CANDLES,,,False,2.5641,1.5641,0.002,1.5621,CT-only,,"{'C0': True, 'CT': True, 'CS': False, 'CS_short': False, 'C1': True, 'CT_plus_canonical_strike': False, 'CT_plus_proxy_strike': False}",BLOCKED_DATA,,0.001999998,1.562100002,0.0,0.999999,2.5641,1.564101,,True,True,False
2783265_2026-07-04T12:25:35.792530+00:00,2783265,BTC,2026-07-04,2026-07-04T12:25:35.792530+00:00,4.4,0.33,0.34,0.34,0.01,YES,1,True,FORMER_FAVORITE,REVERSION,0.1398,0.6364,-0.2634,UNCERTAIN,,UNCERTAIN,INSUFFICIENT_CANDLES,,,False,2.9412,1.9412,0.002,1.9392,CT-only,,"{'C0': True, 'CT': True, 'CS': False, 'CS_short': False, 'C1': True, 'CT_plus_canonical_strike': False, 'CT_plus_proxy_strike': False}",BLOCKED_DATA,,0.002000016,1.939199984,0.0,1.000008,2.9412,1.9411919999999998,,True,True,False
2783925_2026-07-04T13:55:15.181661+00:00,2783925,BTC,2026-07-04,2026-07-04T13:55:15.181661+00:00,4.75,0.17,0.18,0.18,0.01,NO,0,True,OTHER_TRAJECTORY,REVERSION,0.2162,0.6364,-0.2635,UNCERTAIN,,UNCERTAIN,INSUFFICIENT_CANDLES,,,False,5.5556,-1.0,0.002,-1.002,CT-only,,"{'C0': True, 'CT': True, 'CS': False, 'CS_short': False, 'C1': True, 'CT_plus_canonical_strike': False, 'CT_plus_proxy_strike': False}",BLOCKED_DATA,,0.002000016,-1.002000016,0.0,1.000008,0.0,-1.000008,,False,False,False
2784128_2026-07-04T14:40:13.807308+00:00,2784128,BTC,2026-07-04,2026-07-04T14:40:13.807308+00:00,4.77,0.38,0.39,0.39,0.01,YES,1,True,OTHER_TRAJECTORY,REVERSION,0.0732,0.5,-0.106,UNCERTAIN,,UNCERTAIN,INSUFFICIENT_CANDLES,,,False,2.5641,1.5641,0.002,1.5621,CT-only,,"{'C0': True, 'CT': True, 'CS': False, 'CS_short': False, 'C1': True, 'CT_plus_canonical_strike': False, 'CT_plus_proxy_strike': False}",BLOCKED_DATA,,0.001999998,1.562100002,0.0,0.999999,2.5641,1.564101,,True,True,False
2784211_2026-07-04T14:55:14.711592+00:00,2784211,BTC,2026-07-04,2026-07-04T14:55:14.711592+00:00,4.75,0.21,0.22,0.22,0.01,YES,1,True,FORMER_FAVORITE,REVERSION,0.2121,0.5833,-0.1701,UNCERTAIN,,UNCERTAIN,INSUFFICIENT_CANDLES,,,False,4.5455,3.5455,0.002,3.5435,CT-only,,"{'C0': True, 'CT': True, 'CS': False, 'CS_short': False, 'C1': True, 'CT_plus_canonical_strike': False, 'CT_plus_proxy_strike': False}",BLOCKED_DATA,,0.00200002,3.54349998,0.0,1.0000099999999998,4.5455,3.54549,,True,True,False
2784973_2026-07-04T16:10:21.808931+00:00,2784973,BTC,2026-07-04,2026-07-04T16:10:21.808931+00:00,4.64,0.16,0.17,0.17,0.01,NO,0,True,OTHER_TRAJECTORY,REVERSION,0.1087,0.4545,-0.1254,UNCERTAIN,,UNCERTAIN,INSUFFICIENT_CANDLES,,,False,5.8824,-1.0,0.002,-1.002,CT-only,,"{'C0': True, 'CT': True, 'CS': False, 'CS_short': False, 'C1': True, 'CT_plus_canonical_strike': False, 'CT_plus_proxy_strike': False}",BLOCKED_DATA,,0.002000016,-1.002000016,0.0,1.000008,0.0,-1.000008,,False,False,False
2786402_2026-07-04T18:10:15.108125+00:00,2786402,BTC,2026-07-04,2026-07-04T18:10:15.108125+00:00,4.75,0.06,0.07,0.07,0.01,YES,1,True,OTHER_TRAJECTORY,REVERSION,0.36,0.6667,-0.3086,UNCERTAIN,,UNCERTAIN,INSUFFICIENT_CANDLES,,,False,14.2857,13.2857,0.002,13.2837,CT-only,,"{'C0': True, 'CT': True, 'CS': False, 'CS_short': False, 'C1': True, 'CT_plus_canonical_strike': False, 'CT_plus_proxy_strike': False}",BLOCKED_DATA,,0.0019999980000000002,13.283700002,0.0,0.9999990000000001,14.2857,13.285701,,True,True,False
2787083_2026-07-04T19:55:15.071657+00:00,2787083,BTC,2026-07-04,2026-07-04T19:55:15.071657+00:00,4.75,0.04,0.05,0.05,0.01,NO,0,True,PERSISTENT_CHEAP,REVERSION,0.3636,0.6667,-0.138,UNCERTAIN,,UNCERTAIN,INSUFFICIENT_CANDLES,,,False,20.0,-1.0,0.002,-1.002,CT-only,,"{'C0': True, 'CT': True, 'CS': False, 'CS_short': False, 'C1': True, 'CT_plus_canonical_strike': False, 'CT_plus_proxy_strike': False}",BLOCKED_DATA,,0.002,-1.002,0.0,1.0,0.0,-1.0,,False,False,False
2787744_2026-07-04T21:10:14.608511+00:00,2787744,BTC,2026-07-04,2026-07-04T21:10:14.608511+00:00,4.76,0.39,0.4,0.4,0.01,YES,1,True,FORMER_FAVORITE,REVERSION,0.1395,0.5,-0.1174,UNCERTAIN,,UNCERTAIN,INSUFFICIENT_CANDLES,,,False,2.5,1.5,0.002,1.498,CT-only,,"{'C0': True, 'CT': True, 'CS': False, 'CS_short': False, 'C1': True, 'CT_plus_canonical_strike': False, 'CT_plus_proxy_strike': False}",BLOCKED_DATA,,0.002,1.498,0.0,1.0,2.5,1.5,,True,True,False
2788876_2026-07-04T22:55:15.667936+00:00,2788876,BTC,2026-07-04,2026-07-04T22:55:15.667936+00:00,4.74,0.33,0.34,0.34,0.01,NO,0,True,FORMER_FAVORITE,REVERSION,0.1228,0.5,-0.1007,UNCERTAIN,,UNCERTAIN,INSUFFICIENT_CANDLES,,,False,2.9412,-1.0,0.002,-1.002,CT-only,,"{'C0': True, 'CT': True, 'CS': False, 'CS_short': False, 'C1': True, 'CT_plus_canonical_strike': False, 'CT_plus_proxy_strike': False}",BLOCKED_DATA,,0.002000016,-1.002000016,0.0,1.000008,0.0,-1.000008,,False,False,False
2789784_2026-07-04T23:55:15.052470+00:00,2789784,BTC,2026-07-04,2026-07-04T23:55:15.052470+00:00,4.75,0.29,0.3,0.3,0.01,NO,0,True,FORMER_FAVORITE,REVERSION,0.2778,0.5,-0.2393,UNCERTAIN,,UNCERTAIN,INSUFFICIENT_CANDLES,,,False,3.3333,-1.0,0.002,-1.002,CT-only,,"{'C0': True, 'CT': True, 'CS': False, 'CS_short': False, 'C1': True, 'CT_plus_canonical_strike': False, 'CT_plus_proxy_strike': False}",BLOCKED_DATA,,0.0019999799999999997,-1.00199998,0.0,0.9999899999999999,0.0,-0.9999899999999999,,False,False,False
2789886_2026-07-05T00:25:15.617933+00:00,2789886,BTC,2026-07-05,2026-07-05T00:25:15.617933+00:00,4.74,0.24,0.25,0.25,0.01,NO,0,True,OTHER_TRAJECTORY,REVERSION,0.2407,0.6364,-0.232,UNCERTAIN,,UNCERTAIN,INSUFFICIENT_CANDLES,,,False,4.0,-1.0,0.002,-1.002,CT-only,,"{'C0': True, 'CT': True, 'CS': False, 'CS_short': False, 'C1': True, 'CT_plus_canonical_strike': False, 'CT_plus_proxy_strike': False}",BLOCKED_DATA,,0.002,-1.002,0.0,1.0,0.0,-1.0,,False,False,False
2790324_2026-07-05T01:40:16.041001+00:00,2790324,BTC,2026-07-05,2026-07-05T01:40:16.041001+00:00,4.73,0.03,0.031,0.031,0.001,NO,0,True,PERSISTENT_CHEAP,REVERSION,0.3672,0.6364,-0.562,UNCERTAIN,,UNCERTAIN,INSUFFICIENT_CANDLES,,,False,32.2581,-1.0,0.002,-1.002,CT-only,,"{'C0': True, 'CT': True, 'CS': False, 'CS_short': False, 'C1': True, 'CT_plus_canonical_strike': False, 'CT_plus_proxy_strike': False}",BLOCKED_DATA,,0.0020000022,-1.0020000022,0.0,1.0000011,0.0,-1.0000011,,False,False,False
2793180_2026-07-05T08:10:03.147520+00:00,2793180,BTC,2026-07-05,2026-07-05T08:10:03.147520+00:00,4.95,0.17,0.18,0.18,0.01,NO,0,True,FORMER_FAVORITE,REVERSION,0.1628,0.5455,-0.1945,UNCERTAIN,0.4352,UNCERTAIN,STALE_UNDERLYING,62986.01,63020.21,False,5.5556,-1.0,0.002,-1.002,CT-only,,"{'C0': True, 'CT': True, 'CS': False, 'CS_short': False, 'C1': True, 'CT_plus_canonical_strike': False, 'CT_plus_proxy_strike': False}",BLOCKED_DATA,,0.002000016,-1.002000016,0.0,1.000008,0.0,-1.000008,,False,False,False
2795522_2026-07-05T14:55:30.798183+00:00,2795522,BTC,2026-07-05,2026-07-05T14:55:30.798183+00:00,4.49,0.35,0.36,0.36,0.01,YES,1,True,OTHER_TRAJECTORY,REVERSION,0.2549,0.6,-0.2029,REVERSION,0.0261,UNCERTAIN,STALE_UNDERLYING,62715.99,62742.24,False,2.7778,1.7778,0.002,1.7758,Both,,"{'C0': True, 'CT': True, 'CS': True, 'CS_short': False, 'C1': True, 'CT_plus_canonical_strike': False, 'CT_plus_proxy_strike': False}",BLOCKED_DATA,,0.002000016,1.775799984,0.0,1.000008,2.7778,1.777792,,True,True,False
2795609_2026-07-05T15:25:30.292287+00:00,2795609,BTC,2026-07-05,2026-07-05T15:25:30.292287+00:00,4.5,0.12,0.13,0.13,0.01,NO,0,True,OTHER_TRAJECTORY,REVERSION,0.3234,0.6923,-0.3895,UNCERTAIN,0.2103,UNCERTAIN,STALE_UNDERLYING,62758.01,62807.87,True,7.6923,-1.0,0.002,-1.002,CT-only,,"{'C0': True, 'CT': True, 'CS': False, 'CS_short': False, 'C1': True, 'CT_plus_canonical_strike': False, 'CT_plus_proxy_strike': True}",BLOCKED_DATA,,0.0019999980000000002,-1.001999998,0.0,0.9999990000000001,0.0,-0.9999990000000001,,False,False,False
2796333_2026-07-05T16:10:29.822809+00:00,2796333,BTC,2026-07-05,2026-07-05T16:10:29.822809+00:00,4.5,0.23,0.24,0.24,0.01,NO,0,True,FORMER_FAVORITE,REVERSION,0.2385,0.4615,-0.0945,UNCERTAIN,0.4921,UNCERTAIN,STALE_UNDERLYING,62741.14,62740.01,False,4.1667,-1.0,0.002,-1.002,CT-only,,"{'C0': True, 'CT': True, 'CS': False, 'CS_short': False, 'C1': True, 'CT_plus_canonical_strike': False, 'CT_plus_proxy_strike': False}",BLOCKED_DATA,,0.0020000159999999994,-1.002000016,0.0,1.0000079999999998,0.0,-1.0000079999999998,,False,False,False
2797723_2026-07-05T17:40:30.250806+00:00,2797723,BTC,2026-07-05,2026-07-05T17:40:30.250806+00:00,4.5,0.38,0.39,0.39,0.01,NO,0,True,FORMER_FAVORITE,REVERSION,0.1224,0.5385,-0.3407,TREND,0.8145,UNCERTAIN,STALE_UNDERLYING,62679.35,62686.01,True,2.5641,-1.0,0.002,-1.002,CT-only,,"{'C0': True, 'CT': True, 'CS': False, 'CS_short': False, 'C1': True, 'CT_plus_canonical_strike': False, 'CT_plus_proxy_strike': True}",BLOCKED_DATA,,0.001999998,-1.001999998,0.0,0.999999,0.0,-0.999999,,False,False,False
2798662_2026-07-05T19:10:29.796670+00:00,2798662,BTC,2026-07-05,2026-07-05T19:10:29.796670+00:00,4.5,0.34,0.35,0.35,0.01,YES,1,True,FORMER_FAVORITE,REVERSION,0.1,0.6154,-0.1391,UNCERTAIN,0.4207,UNCERTAIN,STALE_UNDERLYING,62800.0,62820.33,False,2.8571,1.8571,0.002,1.8551,CT-only,,"{'C0': True, 'CT': True, 'CS': False, 'CS_short': False, 'C1': True, 'CT_plus_canonical_strike': False, 'CT_plus_proxy_strike': False}",BLOCKED_DATA,,0.00199997,1.85510003,0.0,0.9999849999999999,2.8571,1.857115,,True,True,False
2799025_2026-07-05T19:55:30.535189+00:00,2799025,BTC,2026-07-05,2026-07-05T19:55:30.535189+00:00,4.49,0.18,0.19,0.19,0.01,NO,0,True,FORMER_FAVORITE,REVERSION,0.2403,0.5455,-0.201,REVERSION,0.2635,UNCERTAIN,STALE_UNDERLYING,62776.01,62804.25,False,5.2632,-1.0,0.002,-1.002,Both,,"{'C0': True, 'CT': True, 'CS': True, 'CS_short': False, 'C1': True, 'CT_plus_canonical_strike': False, 'CT_plus_proxy_strike': False}",BLOCKED_DATA,,0.002000016,-1.002000016,0.0,1.000008,0.0,-1.000008,,False,False,False
2800022_2026-07-05T22:10:30.902246+00:00,2800022,BTC,2026-07-05,2026-07-05T22:10:30.902246+00:00,4.48,0.28,0.29,0.29,0.01,YES,1,True,FORMER_FAVORITE,REVERSION,0.1429,0.5833,-0.1387,REVERSION,0.181,UNCERTAIN,STALE_UNDERLYING,63067.52,63092.0,False,3.4483,2.4483,0.002,2.4463,Both,,"{'C0': True, 'CT': True, 'CS': True, 'CS_short': False, 'C1': True, 'CT_plus_canonical_strike': False, 'CT_plus_proxy_strike': False}",BLOCKED_DATA,,0.0020000139999999996,2.446299986,0.0,1.0000069999999999,3.4483,2.4482930000000005,,True,True,False
2800651_2026-07-05T23:40:30.285610+00:00,2800651,BTC,2026-07-05,2026-07-05T23:40:30.285610+00:00,4.5,0.35,0.36,0.36,0.01,YES,1,True,FORMER_FAVORITE,REVERSION,0.1084,0.5,-0.0513,TREND,1.0,UNCERTAIN,STALE_UNDERLYING,63643.96,63680.01,True,2.7778,1.7778,0.002,1.7758,CT-only,,"{'C0': True, 'CT': True, 'CS': False, 'CS_short': False, 'C1': True, 'CT_plus_canonical_strike': False, 'CT_plus_proxy_strike': True}",BLOCKED_DATA,,0.002000016,1.775799984,0.0,1.000008,2.7778,1.777792,,True,True,False
2800853_2026-07-06T00:25:28.885095+00:00,2800853,BTC,2026-07-06,2026-07-06T00:25:28.885095+00:00,4.52,0.1,0.11,0.11,0.01,NO,0,True,FORMER_FAVORITE,REVERSION,0.2985,0.5385,-0.097,UNCERTAIN,0.4226,UNCERTAIN,STALE_UNDERLYING,63529.99,63594.0,True,9.0909,-1.0,0.002,-1.002,CT-only,,"{'C0': True, 'CT': True, 'CS': False, 'CS_short': False, 'C1': True, 'CT_plus_canonical_strike': False, 'CT_plus_proxy_strike': True}",BLOCKED_DATA,,0.001999998,-1.001999998,0.0,0.999999,0.0,-0.999999,,False,False,False
2804830_2026-07-06T09:55:03.680043+00:00,2804830,BTC,2026-07-06,2026-07-06T09:55:03.680043+00:00,4.94,0.35,0.36,0.36,0.01,NO,0,True,FORMER_FAVORITE,REVERSION,0.1406,0.6364,-0.3952,REVERSION,0.282,UNCERTAIN,STALE_UNDERLYING,62674.0,62688.0,False,2.7778,-1.0,0.002,-1.002,Both,,"{'C0': True, 'CT': True, 'CS': True, 'CS_short': False, 'C1': True, 'CT_plus_canonical_strike': False, 'CT_plus_proxy_strike': False}",BLOCKED_DATA,,0.002000016,-1.002000016,0.0,1.000008,0.0,-1.000008,,False,False,False
2807197_2026-07-06T14:55:03.848290+00:00,2807197,BTC,2026-07-06,2026-07-06T14:55:03.848290+00:00,4.94,0.34,0.35,0.35,0.01,NO,0,True,OTHER_TRAJECTORY,REVERSION,0.1875,0.5,-0.2909,REVERSION,0.3013,UNCERTAIN,STALE_UNDERLYING,62017.99,62048.0,True,2.8571,-1.0,0.002,-1.002,Both,,"{'C0': True, 'CT': True, 'CS': True, 'CS_short': False, 'C1': True, 'CT_plus_canonical_strike': False, 'CT_plus_proxy_strike': True}",BLOCKED_DATA,,0.00199997,-1.00199997,0.0,0.9999849999999999,0.0,-0.9999849999999999,,False,False,False
2807385_2026-07-06T15:40:04.834272+00:00,2807385,BTC,2026-07-06,2026-07-06T15:40:04.834272+00:00,4.92,0.18,0.19,0.19,0.01,YES,1,True,OTHER_TRAJECTORY,REVERSION,0.3714,0.75,-0.262,UNCERTAIN,0.4431,UNCERTAIN,STALE_UNDERLYING,62374.0,62464.0,False,5.2632,4.2632,0.002,4.2612,CT-only,,"{'C0': True, 'CT': True, 'CS': False, 'CS_short': False, 'C1': True, 'CT_plus_canonical_strike': False, 'CT_plus_proxy_strike': False}",BLOCKED_DATA,,0.002000016,4.261199984,0.0,1.000008,5.2632,4.263192,,True,True,False
2808341_2026-07-06T16:25:03.633543+00:00,2808341,BTC,2026-07-06,2026-07-06T16:25:03.633543+00:00,4.94,0.05,0.06,0.06,0.01,NO,0,True,OTHER_TRAJECTORY,REVERSION,0.3585,0.4545,-0.3547,UNCERTAIN,0.2883,UNCERTAIN,STALE_UNDERLYING,63602.84,63749.22,False,16.6667,-1.0,0.002,-1.002,CT-only,,"{'C0': True, 'CT': True, 'CS': False, 'CS_short': False, 'C1': True, 'CT_plus_canonical_strike': False, 'CT_plus_proxy_strike': False}",BLOCKED_DATA,,0.0020000039999999997,-1.002000004,0.0,1.0000019999999998,0.0,-1.0000019999999998,,False,False,False
2808593_2026-07-06T16:55:05.199572+00:00,2808593,BTC,2026-07-06,2026-07-06T16:55:05.199572+00:00,4.91,0.38,0.39,0.39,0.01,NO,0,True,OTHER_TRAJECTORY,REVERSION,0.1139,0.5833,-0.3443,TREND,0.9945,UNCERTAIN,STALE_UNDERLYING,63724.0,63739.99,False,2.5641,-1.0,0.002,-1.002,CT-only,,"{'C0': True, 'CT': True, 'CS': False, 'CS_short': False, 'C1': True, 'CT_plus_canonical_strike': False, 'CT_plus_proxy_strike': False}",BLOCKED_DATA,,0.001999998,-1.001999998,0.0,0.999999,0.0,-0.999999,,False,False,False
2812281_2026-07-07T03:55:04.642852+00:00,2812281,BTC,2026-07-07,2026-07-07T03:55:04.642852+00:00,4.92,0.21,0.22,0.22,0.01,NO,0,True,OTHER_TRAJECTORY,REVERSION,0.2292,0.5,-0.1696,UNCERTAIN,0.5552,UNCERTAIN,STALE_UNDERLYING,63180.62,63208.84,True,4.5455,-1.0,0.002,-1.002,CT-only,,"{'C0': True, 'CT': True, 'CS': False, 'CS_short': False, 'C1': True, 'CT_plus_canonical_strike': False, 'CT_plus_proxy_strike': True}",BLOCKED_DATA,,0.00200002,-1.00200002,0.0,1.0000099999999998,0.0,-1.0000099999999998,,False,False,False
2813256_2026-07-07T04:40:03.091629+00:00,2813256,BTC,2026-07-07,2026-07-07T04:40:03.091629+00:00,4.95,0.13,0.14,0.14,0.01,NO,0,True,OTHER_TRAJECTORY,REVERSION,0.2212,0.75,-0.7137,UNCERTAIN,0.2106,UNCERTAIN,STALE_UNDERLYING,63209.62,63265.16,False,7.1429,-1.0,0.002,-1.002,CT-only,,"{'C0': True, 'CT': True, 'CS': False, 'CS_short': False, 'C1': True, 'CT_plus_canonical_strike': False, 'CT_plus_proxy_strike': False}",BLOCKED_DATA,,0.0020000120000000002,-1.002000012,0.0,1.0000060000000002,0.0,-1.0000060000000002,,False,False,False
2815631_2026-07-07T10:40:13.298677+00:00,2815631,BTC,2026-07-07,2026-07-07T10:40:13.298677+00:00,4.78,0.37,0.38,0.38,0.01,NO,0,True,OTHER_TRAJECTORY,REVERSION,0.0698,0.6667,-0.1191,REVERSION,0.2084,UNCERTAIN,STALE_UNDERLYING,63310.0,63309.29,True,2.6316,-1.0,0.002,-1.002,Both,,"{'C0': True, 'CT': True, 'CS': True, 'CS_short': False, 'C1': True, 'CT_plus_canonical_strike': False, 'CT_plus_proxy_strike': True}",BLOCKED_DATA,,0.002000016,-1.002000016,0.0,1.000008,0.0,-1.000008,,False,False,False
2815889_2026-07-07T10:55:12.294957+00:00,2815889,BTC,2026-07-07,2026-07-07T10:55:12.294957+00:00,4.8,0.31,0.32,0.32,0.01,NO,0,True,OTHER_TRAJECTORY,REVERSION,0.271,0.6,-0.5386,REVERSION,0.2204,UNCERTAIN,STALE_UNDERLYING,63265.99,63280.0,False,3.125,-1.0,0.002,-1.002,Both,,"{'C0': True, 'CT': True, 'CS': True, 'CS_short': False, 'C1': True, 'CT_plus_canonical_strike': False, 'CT_plus_proxy_strike': False}",BLOCKED_DATA,,0.002,-1.002,0.0,1.0,0.0,-1.0,,False,False,False
2816979_2026-07-07T13:10:12.203991+00:00,2816979,BTC,2026-07-07,2026-07-07T13:10:12.203991+00:00,4.8,0.02,0.03,0.03,0.01,NO,0,True,OTHER_TRAJECTORY,REVERSION,0.3832,0.5455,-0.2471,TREND,1.0,UNCERTAIN,STALE_UNDERLYING,63371.06,63481.39,True,33.3333,-1.0,0.002,-1.002,CT-only,,"{'C0': True, 'CT': True, 'CS': False, 'CS_short': False, 'C1': True, 'CT_plus_canonical_strike': False, 'CT_plus_proxy_strike': True}",BLOCKED_DATA,,0.001999998,-1.001999998,0.0,0.999999,0.0,-0.999999,,False,False,False
2817049_2026-07-07T13:40:14.099103+00:00,2817049,BTC,2026-07-07,2026-07-07T13:40:14.099103+00:00,4.77,0.38,0.39,0.39,0.01,YES,1,True,FORMER_FAVORITE,REVERSION,0.2617,0.5833,-0.254,TREND,0.7525,UNCERTAIN,STALE_UNDERLYING,63038.01,63111.98,True,2.5641,1.5641,0.002,1.5621,CT-only,,"{'C0': True, 'CT': True, 'CS': False, 'CS_short': False, 'C1': True, 'CT_plus_canonical_strike': False, 'CT_plus_proxy_strike': True}",BLOCKED_DATA,,0.001999998,1.562100002,0.0,0.999999,2.5641,1.564101,,True,True,False
2817320_2026-07-07T13:55:12.260040+00:00,2817320,BTC,2026-07-07,2026-07-07T13:55:12.260040+00:00,4.8,0.33,0.34,0.34,0.01,NO,0,True,FORMER_FAVORITE,REVERSION,0.1407,0.6667,-0.1815,REVERSION,0.0143,UNCERTAIN,STALE_UNDERLYING,63120.0,63171.75,False,2.9412,-1.0,0.002,-1.002,Both,,"{'C0': True, 'CT': True, 'CS': True, 'CS_short': False, 'C1': True, 'CT_plus_canonical_strike': False, 'CT_plus_proxy_strike': False}",BLOCKED_DATA,,0.002000016,-1.002000016,0.0,1.000008,0.0,-1.000008,,False,False,False
2820485_2026-07-07T17:55:11.790298+00:00,2820485,BTC,2026-07-07,2026-07-07T17:55:11.790298+00:00,4.8,0.16,0.17,0.17,0.01,NO,0,True,PERSISTENT_CHEAP,REVERSION,0.1646,0.75,-0.4335,REVERSION,0.2258,UNCERTAIN,STALE_UNDERLYING,64188.69,64231.99,False,5.8824,-1.0,0.002,-1.002,Both,,"{'C0': True, 'CT': True, 'CS': True, 'CS_short': False, 'C1': True, 'CT_plus_canonical_strike': False, 'CT_plus_proxy_strike': False}",BLOCKED_DATA,,0.002000016,-1.002000016,0.0,1.000008,0.0,-1.000008,,False,False,False
2821212_2026-07-07T19:10:14.222238+00:00,2821212,BTC,2026-07-07,2026-07-07T19:10:14.222238+00:00,4.76,0.16,0.17,0.17,0.01,NO,0,True,FORMER_FAVORITE,REVERSION,0.1141,0.6364,-0.0977,TREND,0.8738,UNCERTAIN,STALE_UNDERLYING,63606.6,63679.99,True,5.8824,-1.0,0.002,-1.002,CT-only,,"{'C0': True, 'CT': True, 'CS': False, 'CS_short': False, 'C1': True, 'CT_plus_canonical_strike': False, 'CT_plus_proxy_strike': True}",BLOCKED_DATA,,0.002000016,-1.002000016,0.0,1.000008,0.0,-1.000008,,False,False,False
2821421_2026-07-07T20:25:11.757231+00:00,2821421,BTC,2026-07-07,2026-07-07T20:25:11.757231+00:00,4.8,0.22,0.23,0.23,0.01,NO,0,True,FORMER_FAVORITE,REVERSION,0.2079,0.5455,-0.2187,REVERSION,0.3377,UNCERTAIN,STALE_UNDERLYING,63736.0,63778.08,False,4.3478,-1.0,0.002,-1.002,Both,,"{'C0': True, 'CT': True, 'CS': True, 'CS_short': False, 'C1': True, 'CT_plus_canonical_strike': False, 'CT_plus_proxy_strike': False}",BLOCKED_DATA,,0.0019999880000000003,-1.001999988,0.0,0.9999940000000002,0.0,-0.9999940000000002,,False,False,False
2824755_2026-07-08T01:55:15.726659+00:00,2824755,BTC,2026-07-08,2026-07-08T01:55:15.726659+00:00,4.74,0.19,0.2,0.2,0.01,NO,0,True,FORMER_FAVORITE,REVERSION,0.3398,0.7,-0.076,UNCERTAIN,0.4575,UNCERTAIN,STALE_UNDERLYING,63114.01,63156.01,True,5.0,-1.0,0.002,-1.002,CT-only,,"{'C0': True, 'CT': True, 'CS': False, 'CS_short': False, 'C1': True, 'CT_plus_canonical_strike': False, 'CT_plus_proxy_strike': True}",BLOCKED_DATA,,0.002,-1.002,0.0,1.0,0.0,-1.0,,False,False,False
2825296_2026-07-08T03:25:13.702773+00:00,2825296,BTC,2026-07-08,2026-07-08T03:25:13.702773+00:00,4.77,0.15,0.16,0.16,0.01,NO,0,True,OTHER_TRAJECTORY,REVERSION,0.3731,0.4545,-0.2289,UNCERTAIN,0.1975,UNCERTAIN,STALE_UNDERLYING,63010.05,63071.14,False,6.25,-1.0,0.002,-1.002,CT-only,,"{'C0': True, 'CT': True, 'CS': False, 'CS_short': False, 'C1': True, 'CT_plus_canonical_strike': False, 'CT_plus_proxy_strike': False}",BLOCKED_DATA,,0.002,-1.002,0.0,1.0,0.0,-1.0,,False,False,False
2826343_2026-07-08T04:55:12.925314+00:00,2826343,BTC,2026-07-08,2026-07-08T04:55:12.925314+00:00,4.78,0.25,0.26,0.26,0.01,YES,1,True,FORMER_FAVORITE,REVERSION,0.1535,0.5,-0.2122,TREND,0.7892,UNCERTAIN,STALE_UNDERLYING,62721.98,62741.07,True,3.8462,2.8462,0.002,2.8442,CT-only,,"{'C0': True, 'CT': True, 'CS': False, 'CS_short': False, 'C1': True, 'CT_plus_canonical_strike': False, 'CT_plus_proxy_strike': True}",BLOCKED_DATA,,0.0020000240000000004,2.844199976,0.0,1.0000120000000001,3.8462,2.8461879999999997,,True,True,False
2827938_2026-07-08T06:40:12.747761+00:00,2827938,BTC,2026-07-08,2026-07-08T06:40:12.747761+00:00,4.79,0.05,0.06,0.06,0.01,NO,0,True,OTHER_TRAJECTORY,REVERSION,0.2727,0.5455,-0.2153,UNCERTAIN,0.4215,UNCERTAIN,STALE_UNDERLYING,62518.22,62622.0,False,16.6667,-1.0,0.002,-1.002,CT-only,,"{'C0': True, 'CT': True, 'CS': False, 'CS_short': False, 'C1': True, 'CT_plus_canonical_strike': False, 'CT_plus_proxy_strike': False}",BLOCKED_DATA,,0.0020000039999999997,-1.002000004,0.0,1.0000019999999998,0.0,-1.0000019999999998,,False,False,False
2828048_2026-07-08T07:10:13.929785+00:00,2828048,BTC,2026-07-08,2026-07-08T07:10:13.929785+00:00,4.77,0.16,0.17,0.17,0.01,YES,1,True,PERSISTENT_CHEAP,REVERSION,0.3725,0.7,-0.4563,REVERSION,0.2199,UNCERTAIN,STALE_UNDERLYING,62614.47,62657.82,False,5.8824,4.8824,0.002,4.8804,Both,,"{'C0': True, 'CT': True, 'CS': True, 'CS_short': False, 'C1': True, 'CT_plus_canonical_strike': False, 'CT_plus_proxy_strike': False}",BLOCKED_DATA,,0.002000016,4.880399983999999,0.0,1.000008,5.8824,4.882391999999999,,True,True,False
2828633_2026-07-08T08:40:12.160830+00:00,2828633,BTC,2026-07-08,2026-07-08T08:40:12.160830+00:00,4.8,0.11,0.12,0.12,0.01,NO,0,True,FORMER_FAVORITE,REVERSION,0.2778,0.5455,-0.4489,TREND,0.8501,UNCERTAIN,STALE_UNDERLYING,61987.99,62084.0,True,8.3333,-1.0,0.002,-1.002,CT-only,,"{'C0': True, 'CT': True, 'CS': False, 'CS_short': False, 'C1': True, 'CT_plus_canonical_strike': False, 'CT_plus_proxy_strike': True}",BLOCKED_DATA,,0.001999992,-1.001999992,0.0,0.9999959999999999,0.0,-0.9999959999999999,,False,False,False
2829135_2026-07-08T09:55:12.191051+00:00,2829135,BTC,2026-07-08,2026-07-08T09:55:12.191051+00:00,4.8,0.15,0.16,0.16,0.01,NO,0,True,OTHER_TRAJECTORY,REVERSION,0.2453,0.6667,-0.1761,UNCERTAIN,0.4386,UNCERTAIN,STALE_UNDERLYING,62064.83,62145.99,False,6.25,-1.0,0.002,-1.002,CT-only,,"{'C0': True, 'CT': True, 'CS': False, 'CS_short': False, 'C1': True, 'CT_plus_canonical_strike': False, 'CT_plus_proxy_strike': False}",BLOCKED_DATA,,0.002,-1.002,0.0,1.0,0.0,-1.0,,False,False,False
2832377_2026-07-08T15:25:12.759456+00:00,2832377,BTC,2026-07-08,2026-07-08T15:25:12.759456+00:00,4.79,0.32,0.33,0.33,0.01,YES,1,True,FORMER_FAVORITE,REVERSION,0.1811,0.5,-0.075,TREND,1.0,UNCERTAIN,STALE_UNDERLYING,61570.01,61608.14,True,3.0303,2.0303,0.002,2.0283,CT-only,,"{'C0': True, 'CT': True, 'CS': False, 'CS_short': False, 'C1': True, 'CT_plus_canonical_strike': False, 'CT_plus_proxy_strike': True}",BLOCKED_DATA,,0.0019999980000000002,2.028300002,0.0,0.9999990000000001,3.0303,2.0303009999999997,,True,True,False
2835204_2026-07-08T19:10:07.093143+00:00,2835204,BTC,2026-07-08,2026-07-08T19:10:07.093143+00:00,4.88,0.27,0.28,0.28,0.01,NO,0,True,FORMER_FAVORITE,REVERSION,0.3663,0.5455,-0.2359,UNCERTAIN,0.19,UNCERTAIN,STALE_UNDERLYING,62141.77,62185.33,False,3.5714,-1.0,0.002,-1.002,CT-only,,"{'C0': True, 'CT': True, 'CS': False, 'CS_short': False, 'C1': True, 'CT_plus_canonical_strike': False, 'CT_plus_proxy_strike': False}",BLOCKED_DATA,,0.0019999840000000002,-1.001999984,0.0,0.9999920000000001,0.0,-0.9999920000000001,,False,False,False
2836968_2026-07-08T22:40:08.098515+00:00,2836968,BTC,2026-07-08,2026-07-08T22:40:08.098515+00:00,4.87,0.37,0.38,0.38,0.01,YES,1,True,FORMER_FAVORITE,REVERSION,0.2826,0.5455,-0.1251,UNCERTAIN,0.5297,UNCERTAIN,STALE_UNDERLYING,62272.01,62300.0,False,2.6316,1.6316,0.002,1.6296,CT-only,,"{'C0': True, 'CT': True, 'CS': False, 'CS_short': False, 'C1': True, 'CT_plus_canonical_strike': False, 'CT_plus_proxy_strike': False}",BLOCKED_DATA,,0.002000016,1.629599984,0.0,1.000008,2.6316,1.6315920000000002,,True,True,False
2839314_2026-07-08T23:40:08.316982+00:00,2839314,BTC,2026-07-08,2026-07-08T23:40:08.316982+00:00,4.86,0.09,0.1,0.1,0.01,NO,0,True,PERSISTENT_CHEAP,REVERSION,0.2105,0.5455,-0.2408,TREND,0.6077,UNCERTAIN,STALE_UNDERLYING,62224.62,62264.0,False,10.0,-1.0,0.002,-1.002,CT-only,,"{'C0': True, 'CT': True, 'CS': False, 'CS_short': False, 'C1': True, 'CT_plus_canonical_strike': False, 'CT_plus_proxy_strike': False}",BLOCKED_DATA,,0.002,-1.002,0.0,1.0,0.0,-1.0,,False,False,False
2843659_2026-07-09T08:10:01.550831+00:00,2843659,BTC,2026-07-09,2026-07-09T08:10:01.550831+00:00,4.97,0.17,0.18,0.18,0.01,NO,0,True,OTHER_TRAJECTORY,REVERSION,0.2353,0.5,-0.2797,UNCERTAIN,0.2379,UNCERTAIN,STALE_UNDERLYING,62945.53,62999.99,True,5.5556,-1.0,0.002,-1.002,CT-only,,"{'C0': True, 'CT': True, 'CS': False, 'CS_short': False, 'C1': True, 'CT_plus_canonical_strike': False, 'CT_plus_proxy_strike': True}",BLOCKED_DATA,,0.002000016,-1.002000016,0.0,1.000008,0.0,-1.000008,,False,False,False
2843903_2026-07-09T09:25:03.020563+00:00,2843903,BTC,2026-07-09,2026-07-09T09:25:03.020563+00:00,4.95,0.28,0.29,0.29,0.01,YES,1,True,FORMER_FAVORITE,REVERSION,0.2083,0.6,-0.286,TREND,0.7652,UNCERTAIN,STALE_UNDERLYING,62857.51,62873.7,False,3.4483,2.4483,0.002,2.4463,CT-only,,"{'C0': True, 'CT': True, 'CS': False, 'CS_short': False, 'C1': True, 'CT_plus_canonical_strike': False, 'CT_plus_proxy_strike': False}",BLOCKED_DATA,,0.0020000139999999996,2.446299986,0.0,1.0000069999999999,3.4483,2.4482930000000005,,True,True,False
2845417_2026-07-09T12:25:02.542518+00:00,2845417,BTC,2026-07-09,2026-07-09T12:25:02.542518+00:00,4.96,0.23,0.24,0.24,0.01,YES,1,True,FORMER_FAVORITE,REVERSION,0.2523,0.6364,-0.4284,REVERSION,0.197,UNCERTAIN,STALE_UNDERLYING,62737.58,62782.0,True,4.1667,3.1667,0.002,3.1647,Both,,"{'C0': True, 'CT': True, 'CS': True, 'CS_short': False, 'C1': True, 'CT_plus_canonical_strike': False, 'CT_plus_proxy_strike': True}",BLOCKED_DATA,,0.0020000159999999994,3.164699984,0.0,1.0000079999999998,4.1667,3.166692,,True,True,False
2845867_2026-07-09T14:10:13.967950+00:00,2845867,BTC,2026-07-09,2026-07-09T14:10:13.967950+00:00,4.77,0.12,0.13,0.13,0.01,NO,0,True,FORMER_FAVORITE,REVERSION,0.3514,0.5,-0.1753,REVERSION,0.1241,UNCERTAIN,STALE_UNDERLYING,62930.17,63028.36,False,7.6923,-1.0,0.002,-1.002,Both,,"{'C0': True, 'CT': True, 'CS': True, 'CS_short': False, 'C1': True, 'CT_plus_canonical_strike': False, 'CT_plus_proxy_strike': False}",BLOCKED_DATA,,0.0019999980000000002,-1.001999998,0.0,0.9999990000000001,0.0,-0.9999990000000001,,False,False,False
2845907_2026-07-09T14:25:14.801735+00:00,2845907,BTC,2026-07-09,2026-07-09T14:25:14.801735+00:00,4.75,0.06,0.07,0.07,0.01,NO,0,True,PERSISTENT_CHEAP,REVERSION,0.3333,0.6364,-0.4699,TREND,0.6825,UNCERTAIN,STALE_UNDERLYING,62756.83,62932.0,False,14.2857,-1.0,0.002,-1.002,CT-only,,"{'C0': True, 'CT': True, 'CS': False, 'CS_short': False, 'C1': True, 'CT_plus_canonical_strike': False, 'CT_plus_proxy_strike': False}",BLOCKED_DATA,,0.0019999980000000002,-1.001999998,0.0,0.9999990000000001,0.0,-0.9999990000000001,,False,False,False
2849336_2026-07-09T18:25:15.650937+00:00,2849336,BTC,2026-07-09,2026-07-09T18:25:15.650937+00:00,4.74,0.1,0.14,0.14,0.04,NO,0,True,FORMER_FAVORITE,REVERSION,0.3016,0.5,-0.5192,REVERSION,0.2646,UNCERTAIN,STALE_UNDERLYING,63272.0,63390.85,False,7.1429,-1.0,0.002,-1.002,Both,,"{'C0': True, 'CT': True, 'CS': True, 'CS_short': False, 'C1': True, 'CT_plus_canonical_strike': False, 'CT_plus_proxy_strike': False}",BLOCKED_DATA,,0.0020000120000000002,-1.002000012,0.0,1.0000060000000002,0.0,-1.0000060000000002,,False,False,False
2850098_2026-07-09T20:10:13.329273+00:00,2850098,BTC,2026-07-09,2026-07-09T20:10:13.329273+00:00,4.78,0.3,0.31,0.31,0.01,NO,0,True,FORMER_FAVORITE,REVERSION,0.2816,0.5833,-0.1606,TREND,0.6226,UNCERTAIN,STALE_UNDERLYING,63231.54,63248.09,True,3.2258,-1.0,0.002,-1.002,CT-only,,"{'C0': True, 'CT': True, 'CS': False, 'CS_short': False, 'C1': True, 'CT_plus_canonical_strike': False, 'CT_plus_proxy_strike': True}",BLOCKED_DATA,,0.001999996,-1.001999996,0.0,0.9999979999999999,0.0,-0.9999979999999999,,False,False,False
2855007_2026-07-10T04:55:21.461508+00:00,2855007,BTC,2026-07-10,2026-07-10T04:55:21.461508+00:00,4.64,0.33,0.34,0.34,0.01,NO,0,True,FORMER_FAVORITE,REVERSION,0.1923,0.5,-0.5004,TREND,0.7362,UNCERTAIN,STALE_UNDERLYING,64086.83,64100.0,False,2.9412,-1.0,0.002,-1.002,CT-only,,"{'C0': True, 'CT': True, 'CS': False, 'CS_short': False, 'C1': True, 'CT_plus_canonical_strike': False, 'CT_plus_proxy_strike': False}",BLOCKED_DATA,,0.002000016,-1.002000016,0.0,1.000008,0.0,-1.000008,,False,False,False
2858600_2026-07-10T11:40:21.633899+00:00,2858600,BTC,2026-07-10,2026-07-10T11:40:21.633899+00:00,4.64,0.15,0.16,0.16,0.01,NO,0,True,OTHER_TRAJECTORY,REVERSION,0.2683,0.75,-0.6916,TREND,0.6275,UNCERTAIN,STALE_UNDERLYING,64389.99,64427.02,False,6.25,-1.0,0.002,-1.002,CT-only,,"{'C0': True, 'CT': True, 'CS': False, 'CS_short': False, 'C1': True, 'CT_plus_canonical_strike': False, 'CT_plus_proxy_strike': False}",BLOCKED_DATA,,0.002,-1.002,0.0,1.0,0.0,-1.0,,False,False,False
2861208_2026-07-10T16:10:21.740500+00:00,2861208,BTC,2026-07-10,2026-07-10T16:10:21.740500+00:00,4.64,0.3,0.31,0.31,0.01,YES,1,True,FORMER_FAVORITE,REVERSION,0.3333,0.5,-0.054,UNCERTAIN,0.477,UNCERTAIN,STALE_UNDERLYING,64007.19,64039.99,False,3.2258,2.2258,0.002,2.2238,CT-only,,"{'C0': True, 'CT': True, 'CS': False, 'CS_short': False, 'C1': True, 'CT_plus_canonical_strike': False, 'CT_plus_proxy_strike': False}",BLOCKED_DATA,,0.001999996,2.223800004,0.0,0.9999979999999999,3.2258,2.225802,,True,True,False
2863170_2026-07-10T18:40:21.467934+00:00,2863170,BTC,2026-07-10,2026-07-10T18:40:21.467934+00:00,4.64,0.26,0.27,0.27,0.01,NO,0,True,OTHER_TRAJECTORY,REVERSION,0.1683,0.5455,-0.2659,REVERSION,0.0169,UNCERTAIN,STALE_UNDERLYING,63909.99,63924.57,False,3.7037,-1.0,0.002,-1.002,Both,,"{'C0': True, 'CT': True, 'CS': True, 'CS_short': False, 'C1': True, 'CT_plus_canonical_strike': False, 'CT_plus_proxy_strike': False}",BLOCKED_DATA,,0.0019999980000000002,-1.001999998,0.0,0.9999990000000001,0.0,-0.9999990000000001,,False,False,False
2863739_2026-07-10T19:55:21.804441+00:00,2863739,BTC,2026-07-10,2026-07-10T19:55:21.804441+00:00,4.64,0.27,0.28,0.28,0.01,NO,0,True,FORMER_FAVORITE,REVERSION,0.1654,0.7,-0.4055,UNCERTAIN,0.5056,UNCERTAIN,STALE_UNDERLYING,63994.0,63986.0,False,3.5714,-1.0,0.002,-1.002,CT-only,,"{'C0': True, 'CT': True, 'CS': False, 'CS_short': False, 'C1': True, 'CT_plus_canonical_strike': False, 'CT_plus_proxy_strike': False}",BLOCKED_DATA,,0.0019999840000000002,-1.001999984,0.0,0.9999920000000001,0.0,-0.9999920000000001,,False,False,False
2863985_2026-07-10T20:55:21.638784+00:00,2863985,BTC,2026-07-10,2026-07-10T20:55:21.638784+00:00,4.64,0.17,0.18,0.18,0.01,NO,0,True,OTHER_TRAJECTORY,REVERSION,0.2703,0.7778,-0.2647,TREND,0.9393,UNCERTAIN,STALE_UNDERLYING,63874.45,63883.85,False,5.5556,-1.0,0.002,-1.002,CT-only,,"{'C0': True, 'CT': True, 'CS': False, 'CS_short': False, 'C1': True, 'CT_plus_canonical_strike': False, 'CT_plus_proxy_strike': False}",BLOCKED_DATA,,0.002000016,-1.002000016,0.0,1.000008,0.0,-1.000008,,False,False,False
2865460_2026-07-11T00:55:20.561407+00:00,2865460,BTC,2026-07-11,2026-07-11T00:55:20.561407+00:00,4.66,0.25,0.26,0.26,0.01,NO,0,True,PERSISTENT_CHEAP,REVERSION,0.0,0.5455,-0.0833,REVERSION,0.2645,UNCERTAIN,STALE_UNDERLYING,64134.0,64147.27,False,3.8462,-1.0,0.002,-1.002,Both,,"{'C0': True, 'CT': True, 'CS': True, 'CS_short': False, 'C1': True, 'CT_plus_canonical_strike': False, 'CT_plus_proxy_strike': False}",BLOCKED_DATA,,0.0020000240000000004,-1.002000024,0.0,1.0000120000000001,0.0,-1.0000120000000001,,False,False,False
2866544_2026-07-11T02:55:21.485572+00:00,2866544,BTC,2026-07-11,2026-07-11T02:55:21.485572+00:00,4.64,0.39,0.4,0.4,0.01,YES,1,True,FORMER_FAVORITE,REVERSION,0.1719,0.5455,-0.3323,TREND,0.8037,UNCERTAIN,STALE_UNDERLYING,64136.22,64145.56,False,2.5,1.5,0.002,1.498,CT-only,,"{'C0': True, 'CT': True, 'CS': False, 'CS_short': False, 'C1': True, 'CT_plus_canonical_strike': False, 'CT_plus_proxy_strike': False}",BLOCKED_DATA,,0.002,1.498,0.0,1.0,2.5,1.5,,True,True,False
2866651_2026-07-11T03:25:21.524858+00:00,2866651,BTC,2026-07-11,2026-07-11T03:25:21.524858+00:00,4.64,0.12,0.13,0.13,0.01,NO,0,True,OTHER_TRAJECTORY,REVERSION,0.28,0.5,-0.2352,REVERSION,0.0605,UNCERTAIN,STALE_UNDERLYING,64150.01,64188.0,False,7.6923,-1.0,0.002,-1.002,Both,,"{'C0': True, 'CT': True, 'CS': True, 'CS_short': False, 'C1': True, 'CT_plus_canonical_strike': False, 'CT_plus_proxy_strike': False}",BLOCKED_DATA,,0.0019999980000000002,-1.001999998,0.0,0.9999990000000001,0.0,-0.9999990000000001,,False,False,False
2867815_2026-07-11T05:55:22.462440+00:00,2867815,BTC,2026-07-11,2026-07-11T05:55:22.462440+00:00,4.63,0.23,0.24,0.24,0.01,NO,0,True,OTHER_TRAJECTORY,REVERSION,0.3333,0.7,-0.2133,UNCERTAIN,0.1695,UNCERTAIN,STALE_UNDERLYING,64170.01,64200.01,False,4.1667,-1.0,0.002,-1.002,CT-only,,"{'C0': True, 'CT': True, 'CS': False, 'CS_short': False, 'C1': True, 'CT_plus_canonical_strike': False, 'CT_plus_proxy_strike': False}",BLOCKED_DATA,,0.0020000159999999994,-1.002000016,0.0,1.0000079999999998,0.0,-1.0000079999999998,,False,False,False
2868832_2026-07-11T09:10:21.045439+00:00,2868832,BTC,2026-07-11,2026-07-11T09:10:21.045439+00:00,4.65,0.37,0.38,0.38,0.01,NO,0,True,FORMER_FAVORITE,REVERSION,0.102,0.6364,-0.2496,REVERSION,0.2491,UNCERTAIN,STALE_UNDERLYING,64258.01,64265.98,False,2.6316,-1.0,0.002,-1.002,Both,,"{'C0': True, 'CT': True, 'CS': True, 'CS_short': False, 'C1': True, 'CT_plus_canonical_strike': False, 'CT_plus_proxy_strike': False}",BLOCKED_DATA,,0.002000016,-1.002000016,0.0,1.000008,0.0,-1.000008,,False,False,False
2869062_2026-07-11T09:55:21.943890+00:00,2869062,BTC,2026-07-11,2026-07-11T09:55:21.943890+00:00,4.63,0.23,0.24,0.24,0.01,NO,0,True,OTHER_TRAJECTORY,REVERSION,0.1915,0.7273,-0.5157,UNCERTAIN,0.4956,UNCERTAIN,STALE_UNDERLYING,64160.0,64189.19,True,4.1667,-1.0,0.002,-1.002,CT-only,,"{'C0': True, 'CT': True, 'CS': False, 'CS_short': False, 'C1': True, 'CT_plus_canonical_strike': False, 'CT_plus_proxy_strike': True}",BLOCKED_DATA,,0.0020000159999999994,-1.002000016,0.0,1.0000079999999998,0.0,-1.0000079999999998,,False,False,False
2871822_2026-07-11T16:40:22.688090+00:00,2871822,BTC,2026-07-11,2026-07-11T16:40:22.688090+00:00,4.62,0.07,0.08,0.08,0.01,NO,0,True,FORMER_FAVORITE,REVERSION,0.3088,0.5833,-0.302,UNCERTAIN,0.0384,UNCERTAIN,STALE_UNDERLYING,64145.11,64220.01,False,12.5,-1.0,0.002,-1.002,CT-only,,"{'C0': True, 'CT': True, 'CS': False, 'CS_short': False, 'C1': True, 'CT_plus_canonical_strike': False, 'CT_plus_proxy_strike': False}",BLOCKED_DATA,,0.002,-1.002,0.0,1.0,0.0,-1.0,,False,False,False
2873116_2026-07-11T18:40:21.761146+00:00,2873116,BTC,2026-07-11,2026-07-11T18:40:21.761146+00:00,4.64,0.24,0.25,0.25,0.01,YES,1,True,FORMER_FAVORITE,REVERSION,0.2857,0.5,-0.2992,REVERSION,0.1693,UNCERTAIN,STALE_UNDERLYING,64330.0,64341.31,True,4.0,3.0,0.002,2.998,Both,,"{'C0': True, 'CT': True, 'CS': True, 'CS_short': False, 'C1': True, 'CT_plus_canonical_strike': False, 'CT_plus_proxy_strike': True}",BLOCKED_DATA,,0.002,2.998,0.0,1.0,4.0,3.0,,True,True,False
2873452_2026-07-11T19:10:22.176966+00:00,2873452,BTC,2026-07-11,2026-07-11T19:10:22.176966+00:00,4.63,0.28,0.29,0.29,0.01,NO,0,True,OTHER_TRAJECTORY,REVERSION,0.0602,0.5833,-0.2289,UNCERTAIN,0.4508,UNCERTAIN,STALE_UNDERLYING,64303.43,64327.99,False,3.4483,-1.0,0.002,-1.002,CT-only,,"{'C0': True, 'CT': True, 'CS': False, 'CS_short': False, 'C1': True, 'CT_plus_canonical_strike': False, 'CT_plus_proxy_strike': False}",BLOCKED_DATA,,0.0020000139999999996,-1.002000014,0.0,1.0000069999999999,0.0,-1.0000069999999999,,False,False,False
2874061_2026-07-11T21:40:22.869213+00:00,2874061,BTC,2026-07-11,2026-07-11T21:40:22.869213+00:00,4.62,0.17,0.18,0.18,0.01,NO,0,True,FORMER_FAVORITE,REVERSION,0.3151,0.4545,-0.0676,TREND,0.719,UNCERTAIN,STALE_UNDERLYING,64354.88,64367.21,True,5.5556,-1.0,0.002,-1.002,CT-only,,"{'C0': True, 'CT': True, 'CS': False, 'CS_short': False, 'C1': True, 'CT_plus_canonical_strike': False, 'CT_plus_proxy_strike': True}",BLOCKED_DATA,,0.002000016,-1.002000016,0.0,1.000008,0.0,-1.000008,,False,False,False
2876441_2026-07-12T00:40:21.198382+00:00,2876441,BTC,2026-07-12,2026-07-12T00:40:21.198382+00:00,4.65,0.08,0.09,0.09,0.01,NO,0,True,OTHER_TRAJECTORY,REVERSION,0.254,0.5,-0.0677,TREND,0.6811,UNCERTAIN,STALE_UNDERLYING,63748.55,63829.87,False,11.1111,-1.0,0.002,-1.002,CT-only,,"{'C0': True, 'CT': True, 'CS': False, 'CS_short': False, 'C1': True, 'CT_plus_canonical_strike': False, 'CT_plus_proxy_strike': False}",BLOCKED_DATA,,0.001999998,-1.001999998,0.0,0.999999,0.0,-0.999999,,False,False,False
2877000_2026-07-12T02:40:21.072984+00:00,2877000,BTC,2026-07-12,2026-07-12T02:40:21.072984+00:00,4.65,0.25,0.26,0.26,0.01,NO,0,True,OTHER_TRAJECTORY,REVERSION,0.2584,0.7273,-0.4363,UNCERTAIN,0.3323,UNCERTAIN,STALE_UNDERLYING,64084.01,64110.77,False,3.8462,-1.0,0.002,-1.002,CT-only,,"{'C0': True, 'CT': True, 'CS': False, 'CS_short': False, 'C1': True, 'CT_plus_canonical_strike': False, 'CT_plus_proxy_strike': False}",BLOCKED_DATA,,0.0020000240000000004,-1.002000024,0.0,1.0000120000000001,0.0,-1.0000120000000001,,False,False,False
2877992_2026-07-12T04:10:21.202643+00:00,2877992,BTC,2026-07-12,2026-07-12T04:10:21.202643+00:00,4.65,0.06,0.07,0.07,0.01,NO,0,True,OTHER_TRAJECTORY,REVERSION,0.4,0.5455,-0.6295,REVERSION,0.0675,UNCERTAIN,STALE_UNDERLYING,64180.12,64223.73,False,14.2857,-1.0,0.002,-1.002,Both,,"{'C0': True, 'CT': True, 'CS': True, 'CS_short': False, 'C1': True, 'CT_plus_canonical_strike': False, 'CT_plus_proxy_strike': False}",BLOCKED_DATA,,0.0019999980000000002,-1.001999998,0.0,0.9999990000000001,0.0,-0.9999990000000001,,False,False,False
2879811_2026-07-12T09:10:22.566508+00:00,2879811,BTC,2026-07-12,2026-07-12T09:10:22.566508+00:00,4.62,0.36,0.37,0.37,0.01,NO,0,True,FORMER_FAVORITE,REVERSION,0.1837,0.75,-0.241,REVERSION,0.3137,UNCERTAIN,STALE_UNDERLYING,63967.88,63983.18,False,2.7027,-1.0,0.002,-1.002,Both,,"{'C0': True, 'CT': True, 'CS': True, 'CS_short': False, 'C1': True, 'CT_plus_canonical_strike': False, 'CT_plus_proxy_strike': False}",BLOCKED_DATA,,0.001999998,-1.001999998,0.0,0.999999,0.0,-0.999999,,False,False,False
2880340_2026-07-12T10:40:20.786887+00:00,2880340,BTC,2026-07-12,2026-07-12T10:40:20.786887+00:00,4.65,0.17,0.18,0.18,0.01,NO,0,True,FORMER_FAVORITE,REVERSION,0.24,0.7273,-0.3015,TREND,0.6548,UNCERTAIN,STALE_UNDERLYING,63874.55,63884.01,True,5.5556,-1.0,0.002,-1.002,CT-only,,"{'C0': True, 'CT': True, 'CS': False, 'CS_short': False, 'C1': True, 'CT_plus_canonical_strike': False, 'CT_plus_proxy_strike': True}",BLOCKED_DATA,,0.002000016,-1.002000016,0.0,1.000008,0.0,-1.000008,,False,False,False
2881940_2026-07-12T13:55:20.625166+00:00,2881940,BTC,2026-07-12,2026-07-12T13:55:20.625166+00:00,4.66,0.25,0.26,0.26,0.01,NO,0,True,FORMER_FAVORITE,REVERSION,0.2804,0.5833,-0.0562,REVERSION,0.0137,UNCERTAIN,STALE_UNDERLYING,64026.47,64040.0,False,3.8462,-1.0,0.002,-1.002,Both,,"{'C0': True, 'CT': True, 'CS': True, 'CS_short': False, 'C1': True, 'CT_plus_canonical_strike': False, 'CT_plus_proxy_strike': False}",BLOCKED_DATA,,0.0020000240000000004,-1.002000024,0.0,1.0000120000000001,0.0,-1.0000120000000001,,False,False,False
2883673_2026-07-12T18:25:18.746995+00:00,2883673,BTC,2026-07-12,2026-07-12T18:25:18.746995+00:00,4.69,0.28,0.29,0.29,0.01,YES,1,True,FORMER_FAVORITE,REVERSION,0.2414,0.6,-0.3716,UNCERTAIN,0.5258,UNCERTAIN,STALE_UNDERLYING,64038.01,64038.89,True,3.4483,2.4483,0.002,2.4463,CT-only,,"{'C0': True, 'CT': True, 'CS': False, 'CS_short': False, 'C1': True, 'CT_plus_canonical_strike': False, 'CT_plus_proxy_strike': True}",BLOCKED_DATA,,0.0020000139999999996,2.446299986,0.0,1.0000069999999999,3.4483,2.4482930000000005,,True,True,False
2884392_2026-07-12T20:10:19.904607+00:00,2884392,BTC,2026-07-12,2026-07-12T20:10:19.904607+00:00,4.67,0.13,0.14,0.14,0.01,NO,0,True,FORMER_FAVORITE,REVERSION,0.3895,0.5833,-0.157,UNCERTAIN,0.4303,UNCERTAIN,STALE_UNDERLYING,64209.12,64228.59,False,7.1429,-1.0,0.002,-1.002,CT-only,,"{'C0': True, 'CT': True, 'CS': False, 'CS_short': False, 'C1': True, 'CT_plus_canonical_strike': False, 'CT_plus_proxy_strike': False}",BLOCKED_DATA,,0.0020000120000000002,-1.002000012,0.0,1.0000060000000002,0.0,-1.0000060000000002,,False,False,False
2885380_2026-07-12T22:40:19.131581+00:00,2885380,BTC,2026-07-12,2026-07-12T22:40:19.131581+00:00,4.68,0.26,0.27,0.27,0.01,NO,0,True,FORMER_FAVORITE,REVERSION,0.3659,0.5455,-0.2624,REVERSION,0.0128,UNCERTAIN,STALE_UNDERLYING,63812.0,63825.99,False,3.7037,-1.0,0.002,-1.002,Both,,"{'C0': True, 'CT': True, 'CS': True, 'CS_short': False, 'C1': True, 'CT_plus_canonical_strike': False, 'CT_plus_proxy_strike': False}",BLOCKED_DATA,,0.0019999980000000002,-1.001999998,0.0,0.9999990000000001,0.0,-0.9999990000000001,,False,False,False
2887418_2026-07-12T23:40:18.572373+00:00,2887418,BTC,2026-07-12,2026-07-12T23:40:18.572373+00:00,4.69,0.3,0.31,0.31,0.01,NO,0,True,FORMER_FAVORITE,REVERSION,0.1056,0.5,-0.3441,REVERSION,0.0086,UNCERTAIN,STALE_UNDERLYING,63815.31,63826.98,False,3.2258,-1.0,0.002,-1.002,Both,,"{'C0': True, 'CT': True, 'CS': True, 'CS_short': False, 'C1': True, 'CT_plus_canonical_strike': False, 'CT_plus_proxy_strike': False}",BLOCKED_DATA,,0.001999996,-1.001999996,0.0,0.9999979999999999,0.0,-0.9999979999999999,,False,False,False
2887659_2026-07-12T23:55:20.718287+00:00,2887659,BTC,2026-07-12,2026-07-12T23:55:20.718287+00:00,4.65,0.19,0.2,0.2,0.01,NO,0,True,OTHER_TRAJECTORY,REVERSION,0.1449,0.8333,-0.4725,REVERSION,0.2216,UNCERTAIN,STALE_UNDERLYING,63786.0,63812.0,False,5.0,-1.0,0.002,-1.002,Both,,"{'C0': True, 'CT': True, 'CS': True, 'CS_short': False, 'C1': True, 'CT_plus_canonical_strike': False, 'CT_plus_proxy_strike': False}",BLOCKED_DATA,,0.002,-1.002,0.0,1.0,0.0,-1.0,,False,False,False
2888147_2026-07-13T01:40:20.706036+00:00,2888147,BTC,2026-07-13,2026-07-13T01:40:20.706036+00:00,4.65,0.38,0.39,0.39,0.01,NO,0,True,OTHER_TRAJECTORY,REVERSION,0.0947,0.6364,-0.2655,UNCERTAIN,0.4192,UNCERTAIN,STALE_UNDERLYING,63707.66,63720.0,True,2.5641,-1.0,0.002,-1.002,CT-only,,"{'C0': True, 'CT': True, 'CS': False, 'CS_short': False, 'C1': True, 'CT_plus_canonical_strike': False, 'CT_plus_proxy_strike': True}",BLOCKED_DATA,,0.001999998,-1.001999998,0.0,0.999999,0.0,-0.999999,,False,False,False
2888230_2026-07-13T02:10:18.518888+00:00,2888230,BTC,2026-07-13,2026-07-13T02:10:18.518888+00:00,4.69,0.15,0.16,0.16,0.01,YES,1,True,FORMER_FAVORITE,REVERSION,0.2129,0.5,-0.4687,TREND,1.0,UNCERTAIN,STALE_UNDERLYING,63324.01,63412.01,True,6.25,5.25,0.002,5.248,CT-only,,"{'C0': True, 'CT': True, 'CS': False, 'CS_short': False, 'C1': True, 'CT_plus_canonical_strike': False, 'CT_plus_proxy_strike': True}",BLOCKED_DATA,,0.002,5.248,0.0,1.0,6.25,5.25,,True,True,False
2888607_2026-07-13T03:55:19.670963+00:00,2888607,BTC,2026-07-13,2026-07-13T03:55:19.670963+00:00,4.67,0.37,0.38,0.38,0.01,NO,0,True,FORMER_FAVORITE,REVERSION,0.2286,0.6364,-0.3505,UNCERTAIN,0.5413,UNCERTAIN,STALE_UNDERLYING,62802.01,62821.53,True,2.6316,-1.0,0.002,-1.002,CT-only,,"{'C0': True, 'CT': True, 'CS': False, 'CS_short': False, 'C1': True, 'CT_plus_canonical_strike': False, 'CT_plus_proxy_strike': True}",BLOCKED_DATA,,0.002000016,-1.002000016,0.0,1.000008,0.0,-1.000008,,False,False,False
2890032_2026-07-13T06:25:18.528997+00:00,2890032,BTC,2026-07-13,2026-07-13T06:25:18.528997+00:00,4.69,0.32,0.33,0.33,0.01,YES,1,True,FORMER_FAVORITE,REVERSION,0.2558,0.7,-0.6798,UNCERTAIN,0.1901,UNCERTAIN,STALE_UNDERLYING,62738.57,62746.27,True,3.0303,2.0303,0.002,2.0283,CT-only,,"{'C0': True, 'CT': True, 'CS': False, 'CS_short': False, 'C1': True, 'CT_plus_canonical_strike': False, 'CT_plus_proxy_strike': True}",BLOCKED_DATA,,0.0019999980000000002,2.028300002,0.0,0.9999990000000001,3.0303,2.0303009999999997,,True,True,False
2890523_2026-07-13T06:55:18.528374+00:00,2890523,BTC,2026-07-13,2026-07-13T06:55:18.528374+00:00,4.69,0.13,0.14,0.14,0.01,NO,0,True,FORMER_FAVORITE,REVERSION,0.2871,0.5,-0.3338,REVERSION,0.1818,UNCERTAIN,STALE_UNDERLYING,62801.78,62840.8,False,7.1429,-1.0,0.002,-1.002,Both,,"{'C0': True, 'CT': True, 'CS': True, 'CS_short': False, 'C1': True, 'CT_plus_canonical_strike': False, 'CT_plus_proxy_strike': False}",BLOCKED_DATA,,0.0020000120000000002,-1.002000012,0.0,1.0000060000000002,0.0,-1.0000060000000002,,False,False,False
2890845_2026-07-13T08:40:21.069956+00:00,2890845,BTC,2026-07-13,2026-07-13T08:40:21.069956+00:00,4.65,0.25,0.26,0.26,0.01,YES,1,True,OTHER_TRAJECTORY,REVERSION,0.2323,0.5,-0.2477,TREND,0.8992,UNCERTAIN,STALE_UNDERLYING,63090.01,63100.01,False,3.8462,2.8462,0.002,2.8442,CT-only,,"{'C0': True, 'CT': True, 'CS': False, 'CS_short': False, 'C1': True, 'CT_plus_canonical_strike': False, 'CT_plus_proxy_strike': False}",BLOCKED_DATA,,0.0020000240000000004,2.844199976,0.0,1.0000120000000001,3.8462,2.8461879999999997,,True,True,False
2890961_2026-07-13T09:10:19.932385+00:00,2890961,BTC,2026-07-13,2026-07-13T09:10:19.932385+00:00,4.67,0.1,0.11,0.11,0.01,NO,0,True,OTHER_TRAJECTORY,REVERSION,0.2294,0.8333,-0.6383,UNCERTAIN,0.2878,UNCERTAIN,STALE_UNDERLYING,63148.27,63206.98,False,9.0909,-1.0,0.002,-1.002,CT-only,,"{'C0': True, 'CT': True, 'CS': False, 'CS_short': False, 'C1': True, 'CT_plus_canonical_strike': False, 'CT_plus_proxy_strike': False}",BLOCKED_DATA,,0.001999998,-1.001999998,0.0,0.999999,0.0,-0.999999,,False,False,False
2894625_2026-07-13T12:10:23.859852+00:00,2894625,BTC,2026-07-13,2026-07-13T12:10:23.859852+00:00,4.6,0.21,0.22,0.22,0.01,NO,0,True,FORMER_FAVORITE,REVERSION,0.1831,0.5,-0.227,TREND,1.0,UNCERTAIN,STALE_UNDERLYING,62853.99,62901.99,True,4.5455,-1.0,0.002,-1.002,CT-only,,"{'C0': True, 'CT': True, 'CS': False, 'CS_short': False, 'C1': True, 'CT_plus_canonical_strike': False, 'CT_plus_proxy_strike': True}",BLOCKED_DATA,,0.00200002,-1.00200002,0.0,1.0000099999999998,0.0,-1.0000099999999998,,False,False,False
2895056_2026-07-13T12:25:24.696386+00:00,2895056,BTC,2026-07-13,2026-07-13T12:25:24.696386+00:00,4.59,0.33,0.34,0.34,0.01,NO,0,True,FORMER_FAVORITE,REVERSION,0.2167,0.5,-0.0846,TREND,0.7985,UNCERTAIN,STALE_UNDERLYING,62774.25,62842.37,True,2.9412,-1.0,0.002,-1.002,CT-only,,"{'C0': True, 'CT': True, 'CS': False, 'CS_short': False, 'C1': True, 'CT_plus_canonical_strike': False, 'CT_plus_proxy_strike': True}",BLOCKED_DATA,,0.002000016,-1.002000016,0.0,1.000008,0.0,-1.000008,,False,False,False
2896854_2026-07-13T16:55:07.052634+00:00,2896854,BTC,2026-07-13,2026-07-13T16:55:07.052634+00:00,4.88,0.07,0.08,0.08,0.01,NO,0,True,FORMER_FAVORITE,REVERSION,0.3333,0.7,-0.344,UNCERTAIN,0.2856,UNCERTAIN,STALE_UNDERLYING,62278.77,62366.49,False,12.5,-1.0,0.002,-1.002,CT-only,,"{'C0': True, 'CT': True, 'CS': False, 'CS_short': False, 'C1': True, 'CT_plus_canonical_strike': False, 'CT_plus_proxy_strike': False}",BLOCKED_DATA,,0.002,-1.002,0.0,1.0,0.0,-1.0,,False,False,False
2900858_2026-07-13T23:40:08.217763+00:00,2900858,BTC,2026-07-13,2026-07-13T23:40:08.217763+00:00,4.86,0.32,0.33,0.33,0.01,NO,0,True,FORMER_FAVORITE,REVERSION,0.087,0.6667,-0.4492,TREND,0.6615,UNCERTAIN,STALE_UNDERLYING,62151.19,62164.77,False,3.0303,-1.0,0.002,-1.002,CT-only,,"{'C0': True, 'CT': True, 'CS': False, 'CS_short': False, 'C1': True, 'CT_plus_canonical_strike': False, 'CT_plus_proxy_strike': False}",BLOCKED_DATA,,0.0019999980000000002,-1.001999998,0.0,0.9999990000000001,0.0,-0.9999990000000001,,False,False,False
2903420_2026-07-14T05:55:08.751020+00:00,2903420,BTC,2026-07-14,2026-07-14T05:55:08.751020+00:00,4.85,0.14,0.15,0.15,0.01,NO,0,True,OTHER_TRAJECTORY,REVERSION,0.3,0.6667,-0.4562,TREND,1.0,UNCERTAIN,STALE_UNDERLYING,62726.0,62753.97,True,6.6667,-1.0,0.002,-1.002,CT-only,,"{'C0': True, 'CT': True, 'CS': False, 'CS_short': False, 'C1': True, 'CT_plus_canonical_strike': False, 'CT_plus_proxy_strike': True}",BLOCKED_DATA,,0.0020000099999999995,-1.00200001,0.0,1.0000049999999998,0.0,-1.0000049999999998,,False,False,False
2903764_2026-07-14T07:40:07.029432+00:00,2903764,BTC,2026-07-14,2026-07-14T07:40:07.029432+00:00,4.88,0.16,0.17,0.17,0.01,NO,0,True,FORMER_FAVORITE,REVERSION,0.1333,0.5833,-0.3412,UNCERTAIN,0.5833,UNCERTAIN,STALE_UNDERLYING,62628.0,62636.72,False,5.8824,-1.0,0.002,-1.002,CT-only,,"{'C0': True, 'CT': True, 'CS': False, 'CS_short': False, 'C1': True, 'CT_plus_canonical_strike': False, 'CT_plus_proxy_strike': False}",BLOCKED_DATA,,0.002000016,-1.002000016,0.0,1.000008,0.0,-1.000008,,False,False,False
2904365_2026-07-14T09:10:08.913239+00:00,2904365,BTC,2026-07-14,2026-07-14T09:10:08.913239+00:00,4.85,0.17,0.18,0.18,0.01,NO,0,True,FORMER_FAVORITE,REVERSION,0.145,0.5455,-0.1598,UNCERTAIN,0.4538,UNCERTAIN,STALE_UNDERLYING,62688.45,62713.85,True,5.5556,-1.0,0.002,-1.002,CT-only,,"{'C0': True, 'CT': True, 'CS': False, 'CS_short': False, 'C1': True, 'CT_plus_canonical_strike': False, 'CT_plus_proxy_strike': True}",BLOCKED_DATA,,0.002000016,-1.002000016,0.0,1.000008,0.0,-1.000008,,False,False,False
2905098_2026-07-14T11:10:07.573171+00:00,2905098,BTC,2026-07-14,2026-07-14T11:10:07.573171+00:00,4.87,0.1,0.11,0.11,0.01,NO,0,True,PERSISTENT_CHEAP,REVERSION,0.3867,0.5833,-0.2587,UNCERTAIN,0.2521,UNCERTAIN,STALE_UNDERLYING,62742.89,62800.01,True,9.0909,-1.0,0.002,-1.002,CT-only,,"{'C0': True, 'CT': True, 'CS': False, 'CS_short': False, 'C1': True, 'CT_plus_canonical_strike': False, 'CT_plus_proxy_strike': True}",BLOCKED_DATA,,0.001999998,-1.001999998,0.0,0.999999,0.0,-0.999999,,False,False,False
2906420_2026-07-14T14:25:08.243754+00:00,2906420,BTC,2026-07-14,2026-07-14T14:25:08.243754+00:00,4.86,0.18,0.19,0.19,0.01,YES,1,True,OTHER_TRAJECTORY,REVERSION,0.2703,0.8333,-0.0765,REVERSION,0.0332,UNCERTAIN,STALE_UNDERLYING,63828.72,63872.2,False,5.2632,4.2632,0.002,4.2612,Both,,"{'C0': True, 'CT': True, 'CS': True, 'CS_short': False, 'C1': True, 'CT_plus_canonical_strike': False, 'CT_plus_proxy_strike': False}",BLOCKED_DATA,,0.002000016,4.261199984,0.0,1.000008,5.2632,4.263192,,True,True,False
2906679_2026-07-14T15:10:04.094693+00:00,2906679,BTC,2026-07-14,2026-07-14T15:10:04.094693+00:00,4.93,0.35,0.36,0.36,0.01,NO,0,True,FORMER_FAVORITE,REVERSION,0.0286,0.6364,-0.1525,TREND,0.6069,UNCERTAIN,STALE_UNDERLYING,64268.0,64305.01,False,2.7778,-1.0,0.002,-1.002,CT-only,,"{'C0': True, 'CT': True, 'CS': False, 'CS_short': False, 'C1': True, 'CT_plus_canonical_strike': False, 'CT_plus_proxy_strike': False}",BLOCKED_DATA,,0.002000016,-1.002000016,0.0,1.000008,0.0,-1.000008,,False,False,False
2917347_2026-07-15T04:25:07.758290+00:00,2917347,BTC,2026-07-15,2026-07-15T04:25:07.758290+00:00,4.87,0.17,0.18,0.18,0.01,NO,0,True,FORMER_FAVORITE,REVERSION,0.2745,0.5,-0.2582,REVERSION,0.0228,UNCERTAIN,STALE_UNDERLYING,64790.01,64826.0,False,5.5556,-1.0,0.002,-1.002,Both,,"{'C0': True, 'CT': True, 'CS': True, 'CS_short': False, 'C1': True, 'CT_plus_canonical_strike': False, 'CT_plus_proxy_strike': False}",BLOCKED_DATA,,0.002000016,-1.002000016,0.0,1.000008,0.0,-1.000008,,False,False,False
2917567_2026-07-15T04:55:53.345713+00:00,2917567,BTC,2026-07-15,2026-07-15T04:55:53.345713+00:00,4.11,0.33,0.34,0.34,0.01,NO,0,True,FORMER_FAVORITE,REVERSION,0.1243,0.5,-0.1735,REVERSION,0.3856,UNCERTAIN,STALE_UNDERLYING,64814.0,64805.57,False,2.9412,-1.0,0.002,-1.002,Both,,"{'C0': True, 'CT': True, 'CS': True, 'CS_short': False, 'C1': True, 'CT_plus_canonical_strike': False, 'CT_plus_proxy_strike': False}",BLOCKED_DATA,,0.002000016,-1.002000016,0.0,1.000008,0.0,-1.000008,,False,False,False
2919310_2026-07-15T06:25:37.333337+00:00,2919310,BTC,2026-07-15,2026-07-15T06:25:37.333337+00:00,4.38,0.13,0.14,0.14,0.01,NO,0,True,OTHER_TRAJECTORY,REVERSION,0.2,0.5,-0.2579,TREND,0.9669,UNCERTAIN,STALE_UNDERLYING,65019.99,65044.0,False,7.1429,-1.0,0.002,-1.002,CT-only,,"{'C0': True, 'CT': True, 'CS': False, 'CS_short': False, 'C1': True, 'CT_plus_canonical_strike': False, 'CT_plus_proxy_strike': False}",BLOCKED_DATA,,0.0020000120000000002,-1.002000012,0.0,1.0000060000000002,0.0,-1.0000060000000002,,False,False,False
2919726_2026-07-15T07:55:35.218920+00:00,2919726,BTC,2026-07-15,2026-07-15T07:55:35.218920+00:00,4.41,0.38,0.39,0.39,0.01,NO,0,True,FORMER_FAVORITE,REVERSION,0.0698,0.7273,-0.1722,REVERSION,0.1278,UNCERTAIN,STALE_UNDERLYING,64591.79,64610.0,False,2.5641,-1.0,0.002,-1.002,Both,,"{'C0': True, 'CT': True, 'CS': True, 'CS_short': False, 'C1': True, 'CT_plus_canonical_strike': False, 'CT_plus_proxy_strike': False}",BLOCKED_DATA,,0.001999998,-1.001999998,0.0,0.999999,0.0,-0.999999,,False,False,False
2920503_2026-07-15T10:55:36.841588+00:00,2920503,BTC,2026-07-15,2026-07-15T10:55:36.841588+00:00,4.39,0.39,0.4,0.4,0.01,NO,0,True,FORMER_FAVORITE,REVERSION,0.1026,0.5385,-0.1059,REVERSION,0.0396,UNCERTAIN,STALE_UNDERLYING,64659.04,64666.0,False,2.5,-1.0,0.002,-1.002,Both,,"{'C0': True, 'CT': True, 'CS': True, 'CS_short': False, 'C1': True, 'CT_plus_canonical_strike': False, 'CT_plus_proxy_strike': False}",BLOCKED_DATA,,0.002,-1.002,0.0,1.0,0.0,-1.0,,False,False,False
2922444_2026-07-15T14:25:43.728136+00:00,2922444,BTC,2026-07-15,2026-07-15T14:25:43.728136+00:00,4.27,0.16,0.19,0.19,0.03,YES,1,True,FORMER_FAVORITE,REVERSION,0.2229,0.6364,-0.1508,UNCERTAIN,0.3708,UNCERTAIN,STALE_UNDERLYING,65250.0,65292.49,False,5.2632,4.2632,0.002,4.2612,CT-only,,"{'C0': True, 'CT': True, 'CS': False, 'CS_short': False, 'C1': True, 'CT_plus_canonical_strike': False, 'CT_plus_proxy_strike': False}",BLOCKED_DATA,,0.002000016,4.261199984,0.0,1.000008,5.2632,4.263192,,True,True,False
2922757_2026-07-15T15:55:00.464719+00:00,2922757,BTC,2026-07-15,2026-07-15T15:55:00.464719+00:00,4.99,0.2,0.21,0.21,0.01,NO,0,True,FORMER_FAVORITE,REVERSION,0.1511,0.7273,-0.2604,REVERSION,0.0328,UNCERTAIN,STALE_UNDERLYING,65414.3,65487.99,False,4.7619,-1.0,0.002,-1.002,Both,,"{'C0': True, 'CT': True, 'CS': True, 'CS_short': False, 'C1': True, 'CT_plus_canonical_strike': False, 'CT_plus_proxy_strike': False}",BLOCKED_DATA,,0.001999998,-1.001999998,0.0,0.999999,0.0,-0.999999,,False,False,False
2929157_2026-07-16T00:40:22.487078+00:00,2929157,BTC,2026-07-16,2026-07-16T00:40:22.487078+00:00,4.63,0.16,0.17,0.17,0.01,NO,0,True,FORMER_FAVORITE,REVERSION,0.3504,0.5833,-0.0603,TREND,0.7823,UNCERTAIN,STALE_UNDERLYING,64588.0,64565.99,True,5.8824,-1.0,0.002,-1.002,CT-only,,"{'C0': True, 'CT': True, 'CS': False, 'CS_short': False, 'C1': True, 'CT_plus_canonical_strike': False, 'CT_plus_proxy_strike': True}",BLOCKED_DATA,,0.002000016,-1.002000016,0.0,1.000008,0.0,-1.000008,,False,False,False
2930020_2026-07-16T02:40:23.968606+00:00,2930020,BTC,2026-07-16,2026-07-16T02:40:23.968606+00:00,4.6,0.07,0.08,0.08,0.01,NO,0,True,OTHER_TRAJECTORY,REVERSION,0.3228,0.5,-0.0758,REVERSION,0.1272,UNCERTAIN,STALE_UNDERLYING,64674.17,64670.0,False,12.5,-1.0,0.002,-1.002,Both,,"{'C0': True, 'CT': True, 'CS': True, 'CS_short': False, 'C1': True, 'CT_plus_canonical_strike': False, 'CT_plus_proxy_strike': False}",BLOCKED_DATA,,0.002,-1.002,0.0,1.0,0.0,-1.0,,False,False,False
2932423_2026-07-16T07:25:21.046964+00:00,2932423,BTC,2026-07-16,2026-07-16T07:25:21.046964+00:00,4.65,0.05,0.06,0.06,0.01,NO,0,True,PERSISTENT_CHEAP,REVERSION,0.3973,0.5556,-0.6122,TREND,1.0,UNCERTAIN,STALE_UNDERLYING,64580.97,64656.0,True,16.6667,-1.0,0.002,-1.002,CT-only,,"{'C0': True, 'CT': True, 'CS': False, 'CS_short': False, 'C1': True, 'CT_plus_canonical_strike': False, 'CT_plus_proxy_strike': True}",BLOCKED_DATA,,0.0020000039999999997,-1.002000004,0.0,1.0000019999999998,0.0,-1.0000019999999998,,False,False,False
2932916_2026-07-16T09:55:26.896703+00:00,2932916,BTC,2026-07-16,2026-07-16T09:55:26.896703+00:00,4.55,0.36,0.37,0.37,0.01,NO,0,True,FORMER_FAVORITE,REVERSION,0.0711,0.5,-0.234,REVERSION,0.1004,UNCERTAIN,STALE_UNDERLYING,64071.14,64109.76,False,2.7027,-1.0,0.002,-1.002,Both,,"{'C0': True, 'CT': True, 'CS': True, 'CS_short': False, 'C1': True, 'CT_plus_canonical_strike': False, 'CT_plus_proxy_strike': False}",BLOCKED_DATA,,0.001999998,-1.001999998,0.0,0.999999,0.0,-0.999999,,False,False,False
2934028_2026-07-16T11:55:17.422020+00:00,2934028,BTC,2026-07-16,2026-07-16T11:55:17.422020+00:00,4.71,0.14,0.15,0.15,0.01,NO,0,True,OTHER_TRAJECTORY,REVERSION,0.3402,0.6667,-0.2219,UNCERTAIN,0.0881,UNCERTAIN,STALE_UNDERLYING,64202.73,64263.16,False,6.6667,-1.0,0.002,-1.002,CT-only,,"{'C0': True, 'CT': True, 'CS': False, 'CS_short': False, 'C1': True, 'CT_plus_canonical_strike': False, 'CT_plus_proxy_strike': False}",BLOCKED_DATA,,0.0020000099999999995,-1.00200001,0.0,1.0000049999999998,0.0,-1.0000049999999998,,False,False,False
2934982_2026-07-16T14:40:40.343702+00:00,2934982,BTC,2026-07-16,2026-07-16T14:40:40.343702+00:00,4.33,0.17,0.18,0.18,0.01,NO,0,True,FORMER_FAVORITE,REVERSION,0.3519,0.4615,-0.0937,REVERSION,0.1924,UNCERTAIN,STALE_UNDERLYING,64692.81,64766.01,False,5.5556,-1.0,0.002,-1.002,Both,,"{'C0': True, 'CT': True, 'CS': True, 'CS_short': False, 'C1': True, 'CT_plus_canonical_strike': False, 'CT_plus_proxy_strike': False}",BLOCKED_DATA,,0.002000016,-1.002000016,0.0,1.000008,0.0,-1.000008,,False,False,False
2935281_2026-07-16T15:55:43.266297+00:00,2935281,BTC,2026-07-16,2026-07-16T15:55:43.266297+00:00,4.28,0.39,0.4,0.4,0.01,NO,0,True,FORMER_FAVORITE,REVERSION,0.0417,0.5455,-0.2135,TREND,0.6237,UNCERTAIN,STALE_UNDERLYING,64759.25,64728.15,True,2.5,-1.0,0.002,-1.002,CT-only,,"{'C0': True, 'CT': True, 'CS': False, 'CS_short': False, 'C1': True, 'CT_plus_canonical_strike': False, 'CT_plus_proxy_strike': True}",BLOCKED_DATA,,0.002,-1.002,0.0,1.0,0.0,-1.0,,False,False,False
2935574_2026-07-16T16:25:07.269876+00:00,2935574,BTC,2026-07-16,2026-07-16T16:25:07.269876+00:00,4.88,0.23,0.24,0.24,0.01,YES,1,True,FORMER_FAVORITE,REVERSION,0.2381,0.75,-0.1998,TREND,1.0,UNCERTAIN,STALE_UNDERLYING,64466.0,64512.01,True,4.1667,3.1667,0.002,3.1647,CT-only,,"{'C0': True, 'CT': True, 'CS': False, 'CS_short': False, 'C1': True, 'CT_plus_canonical_strike': False, 'CT_plus_proxy_strike': True}",BLOCKED_DATA,,0.0020000159999999994,3.164699984,0.0,1.0000079999999998,4.1667,3.166692,,True,True,False
2937368_2026-07-16T19:10:02.664014+00:00,2937368,BTC,2026-07-16,2026-07-16T19:10:02.664014+00:00,4.96,0.37,0.38,0.38,0.01,NO,0,True,FORMER_FAVORITE,REVERSION,0.0769,0.5455,-0.0562,UNCERTAIN,0.488,UNCERTAIN,STALE_UNDERLYING,64250.0,64246.01,False,2.6316,-1.0,0.002,-1.002,CT-only,,"{'C0': True, 'CT': True, 'CS': False, 'CS_short': False, 'C1': True, 'CT_plus_canonical_strike': False, 'CT_plus_proxy_strike': False}",BLOCKED_DATA,,0.002000016,-1.002000016,0.0,1.000008,0.0,-1.000008,,False,False,False
2937441_2026-07-16T19:40:02.625711+00:00,2937441,BTC,2026-07-16,2026-07-16T19:40:02.625711+00:00,4.96,0.22,0.23,0.23,0.01,NO,0,True,OTHER_TRAJECTORY,REVERSION,0.1862,0.75,-0.4291,REVERSION,0.2032,UNCERTAIN,STALE_UNDERLYING,64250.63,64261.52,False,4.3478,-1.0,0.002,-1.002,Both,,"{'C0': True, 'CT': True, 'CS': True, 'CS_short': False, 'C1': True, 'CT_plus_canonical_strike': False, 'CT_plus_proxy_strike': False}",BLOCKED_DATA,,0.0019999880000000003,-1.001999988,0.0,0.9999940000000002,0.0,-0.9999940000000002,,False,False,False
2941062_2026-07-17T00:10:03.818888+00:00,2941062,BTC,2026-07-17,2026-07-17T00:10:03.818888+00:00,4.94,0.1,0.11,0.11,0.01,NO,0,True,FORMER_FAVORITE,REVERSION,0.3548,0.4545,-0.4284,UNCERTAIN,0.5113,UNCERTAIN,STALE_UNDERLYING,63768.0,63830.2,False,9.0909,-1.0,0.002,-1.002,CT-only,,"{'C0': True, 'CT': True, 'CS': False, 'CS_short': False, 'C1': True, 'CT_plus_canonical_strike': False, 'CT_plus_proxy_strike': False}",BLOCKED_DATA,,0.001999998,-1.001999998,0.0,0.999999,0.0,-0.999999,,False,False,False
2942210_2026-07-17T03:40:09.756495+00:00,2942210,BTC,2026-07-17,2026-07-17T03:40:09.756495+00:00,4.84,0.21,0.22,0.22,0.01,NO,0,True,OTHER_TRAJECTORY,REVERSION,0.18,0.75,-0.3479,REVERSION,0.2635,UNCERTAIN,STALE_UNDERLYING,63659.33,63678.94,False,4.5455,-1.0,0.002,-1.002,Both,,"{'C0': True, 'CT': True, 'CS': True, 'CS_short': False, 'C1': True, 'CT_plus_canonical_strike': False, 'CT_plus_proxy_strike': False}",BLOCKED_DATA,,0.00200002,-1.00200002,0.0,1.0000099999999998,0.0,-1.0000099999999998,,False,False,False
2943784_2026-07-17T07:10:11.035529+00:00,2943784,BTC,2026-07-17,2026-07-17T07:10:11.035529+00:00,4.82,0.33,0.34,0.34,0.01,NO,0,True,OTHER_TRAJECTORY,REVERSION,0.0698,0.5455,-0.284,UNCERTAIN,0.1076,UNCERTAIN,STALE_UNDERLYING,62928.94,62948.0,False,2.9412,-1.0,0.002,-1.002,CT-only,,"{'C0': True, 'CT': True, 'CS': False, 'CS_short': False, 'C1': True, 'CT_plus_canonical_strike': False, 'CT_plus_proxy_strike': False}",BLOCKED_DATA,,0.002000016,-1.002000016,0.0,1.000008,0.0,-1.000008,,False,False,False
2945062_2026-07-17T10:25:11.316862+00:00,2945062,BTC,2026-07-17,2026-07-17T10:25:11.316862+00:00,4.81,0.2,0.21,0.21,0.01,YES,1,True,FORMER_FAVORITE,REVERSION,0.1969,0.5833,-0.3108,UNCERTAIN,0.4614,UNCERTAIN,STALE_UNDERLYING,63064.59,63097.99,False,4.7619,3.7619,0.002,3.7599,CT-only,,"{'C0': True, 'CT': True, 'CS': False, 'CS_short': False, 'C1': True, 'CT_plus_canonical_strike': False, 'CT_plus_proxy_strike': False}",BLOCKED_DATA,,0.001999998,3.7599000019999997,0.0,0.999999,4.7619,3.761901,,True,True,False
2946801_2026-07-17T14:55:08.755980+00:00,2946801,BTC,2026-07-17,2026-07-17T14:55:08.755980+00:00,4.85,0.13,0.14,0.14,0.01,NO,0,True,OTHER_TRAJECTORY,REVERSION,0.2787,0.5,-0.2128,REVERSION,0.3548,UNCERTAIN,STALE_UNDERLYING,63175.98,63279.13,False,7.1429,-1.0,0.002,-1.002,Both,,"{'C0': True, 'CT': True, 'CS': True, 'CS_short': False, 'C1': True, 'CT_plus_canonical_strike': False, 'CT_plus_proxy_strike': False}",BLOCKED_DATA,,0.0020000120000000002,-1.002000012,0.0,1.0000060000000002,0.0,-1.0000060000000002,,False,False,False
2948787_2026-07-17T17:55:11.440180+00:00,2948787,BTC,2026-07-17,2026-07-17T17:55:11.440180+00:00,4.81,0.3,0.31,0.31,0.01,YES,1,True,FORMER_FAVORITE,REVERSION,0.1367,0.8182,-0.2077,REVERSION,0.0231,UNCERTAIN,STALE_UNDERLYING,64034.01,64029.99,True,3.2258,2.2258,0.002,2.2238,Both,,"{'C0': True, 'CT': True, 'CS': True, 'CS_short': False, 'C1': True, 'CT_plus_canonical_strike': False, 'CT_plus_proxy_strike': True}",BLOCKED_DATA,,0.001999996,2.223800004,0.0,0.9999979999999999,3.2258,2.225802,,True,True,False
2950872_2026-07-17T19:25:10.068245+00:00,2950872,BTC,2026-07-17,2026-07-17T19:25:10.068245+00:00,4.83,0.11,0.12,0.12,0.01,YES,1,True,FORMER_FAVORITE,REVERSION,0.3645,0.75,-0.4452,TREND,0.9746,UNCERTAIN,STALE_UNDERLYING,64018.0,64076.0,True,8.3333,7.3333,0.002,7.3313,CT-only,,"{'C0': True, 'CT': True, 'CS': False, 'CS_short': False, 'C1': True, 'CT_plus_canonical_strike': False, 'CT_plus_proxy_strike': True}",BLOCKED_DATA,,0.001999992,7.331300008,0.0,0.9999959999999999,8.3333,7.333304,,True,True,False
2954111_2026-07-18T00:55:10.932786+00:00,2954111,BTC,2026-07-18,2026-07-18T00:55:10.932786+00:00,4.82,0.23,0.24,0.24,0.01,NO,0,True,FORMER_FAVORITE,REVERSION,0.25,0.6364,-0.3387,UNCERTAIN,0.5556,UNCERTAIN,STALE_UNDERLYING,63896.0,63927.14,True,4.1667,-1.0,0.002,-1.002,CT-only,,"{'C0': True, 'CT': True, 'CS': False, 'CS_short': False, 'C1': True, 'CT_plus_canonical_strike': False, 'CT_plus_proxy_strike': True}",BLOCKED_DATA,,0.0020000159999999994,-1.002000016,0.0,1.0000079999999998,0.0,-1.0000079999999998,,False,False,False
2954670_2026-07-18T02:40:10.352772+00:00,2954670,BTC,2026-07-18,2026-07-18T02:40:10.352772+00:00,4.83,0.22,0.23,0.23,0.01,NO,0,True,FORMER_FAVORITE,REVERSION,0.2121,0.6,-0.2824,TREND,1.0,UNCERTAIN,STALE_UNDERLYING,64022.0,63999.39,False,4.3478,-1.0,0.002,-1.002,CT-only,,"{'C0': True, 'CT': True, 'CS': False, 'CS_short': False, 'C1': True, 'CT_plus_canonical_strike': False, 'CT_plus_proxy_strike': False}",BLOCKED_DATA,,0.0019999880000000003,-1.001999988,0.0,0.9999940000000002,0.0,-0.9999940000000002,,False,False,False
2955230_2026-07-18T03:40:10.851645+00:00,2955230,BTC,2026-07-18,2026-07-18T03:40:10.851645+00:00,4.82,0.27,0.28,0.28,0.01,NO,0,True,FORMER_FAVORITE,REVERSION,0.2113,0.5833,-0.3764,TREND,0.843,UNCERTAIN,STALE_UNDERLYING,63950.0,63952.01,True,3.5714,-1.0,0.002,-1.002,CT-only,,"{'C0': True, 'CT': True, 'CS': False, 'CS_short': False, 'C1': True, 'CT_plus_canonical_strike': False, 'CT_plus_proxy_strike': True}",BLOCKED_DATA,,0.0019999840000000002,-1.001999984,0.0,0.9999920000000001,0.0,-0.9999920000000001,,False,False,False
2956748_2026-07-18T05:40:10.389689+00:00,2956748,BTC,2026-07-18,2026-07-18T05:40:10.389689+00:00,4.83,0.32,0.33,0.33,0.01,YES,1,True,FORMER_FAVORITE,REVERSION,0.265,0.5455,-0.524,REVERSION,0.1657,UNCERTAIN,STALE_UNDERLYING,63961.26,63967.96,False,3.0303,2.0303,0.002,2.0283,Both,,"{'C0': True, 'CT': True, 'CS': True, 'CS_short': False, 'C1': True, 'CT_plus_canonical_strike': False, 'CT_plus_proxy_strike': False}",BLOCKED_DATA,,0.0019999980000000002,2.028300002,0.0,0.9999990000000001,3.0303,2.0303009999999997,,True,True,False
2956850_2026-07-18T05:55:09.815500+00:00,2956850,BTC,2026-07-18,2026-07-18T05:55:09.815500+00:00,4.84,0.25,0.26,0.26,0.01,NO,0,True,FORMER_FAVORITE,REVERSION,0.2296,0.4545,-0.1702,REVERSION,0.3906,UNCERTAIN,STALE_UNDERLYING,63953.46,63970.0,False,3.8462,-1.0,0.002,-1.002,Both,,"{'C0': True, 'CT': True, 'CS': True, 'CS_short': False, 'C1': True, 'CT_plus_canonical_strike': False, 'CT_plus_proxy_strike': False}",BLOCKED_DATA,,0.0020000240000000004,-1.002000024,0.0,1.0000120000000001,0.0,-1.0000120000000001,,False,False,False
2957182_2026-07-18T07:40:09.142711+00:00,2957182,BTC,2026-07-18,2026-07-18T07:40:09.142711+00:00,4.85,0.11,0.12,0.12,0.01,YES,1,True,OTHER_TRAJECTORY,REVERSION,0.3651,0.5,-0.3157,UNCERTAIN,0.4927,UNCERTAIN,STALE_UNDERLYING,64014.01,64026.03,False,8.3333,7.3333,0.002,7.3313,CT-only,,"{'C0': True, 'CT': True, 'CS': False, 'CS_short': False, 'C1': True, 'CT_plus_canonical_strike': False, 'CT_plus_proxy_strike': False}",BLOCKED_DATA,,0.001999992,7.331300008,0.0,0.9999959999999999,8.3333,7.333304,,True,True,False
2957668_2026-07-18T09:25:10.792812+00:00,2957668,BTC,2026-07-18,2026-07-18T09:25:10.792812+00:00,4.82,0.28,0.29,0.29,0.01,NO,0,True,OTHER_TRAJECTORY,REVERSION,0.2791,0.7273,-0.1344,TREND,0.971,UNCERTAIN,STALE_UNDERLYING,63964.55,63974.55,True,3.4483,-1.0,0.002,-1.002,CT-only,,"{'C0': True, 'CT': True, 'CS': False, 'CS_short': False, 'C1': True, 'CT_plus_canonical_strike': False, 'CT_plus_proxy_strike': True}",BLOCKED_DATA,,0.0020000139999999996,-1.002000014,0.0,1.0000069999999999,0.0,-1.0000069999999999,,False,False,False
2958073_2026-07-18T10:40:10.388952+00:00,2958073,BTC,2026-07-18,2026-07-18T10:40:10.388952+00:00,4.83,0.37,0.38,0.38,0.01,NO,0,True,FORMER_FAVORITE,REVERSION,0.193,0.8,-0.3585,UNCERTAIN,0.4212,UNCERTAIN,STALE_UNDERLYING,64004.01,64011.4,False,2.6316,-1.0,0.002,-1.002,CT-only,,"{'C0': True, 'CT': True, 'CS': False, 'CS_short': False, 'C1': True, 'CT_plus_canonical_strike': False, 'CT_plus_proxy_strike': False}",BLOCKED_DATA,,0.002000016,-1.002000016,0.0,1.000008,0.0,-1.000008,,False,False,False
2959157_2026-07-18T13:25:11.401375+00:00,2959157,BTC,2026-07-18,2026-07-18T13:25:11.401375+00:00,4.81,0.2,0.21,0.21,0.01,YES,1,True,FORMER_FAVORITE,REVERSION,0.3083,0.5,-0.2873,TREND,1.0,UNCERTAIN,STALE_UNDERLYING,63972.55,64012.74,True,4.7619,3.7619,0.002,3.7599,CT-only,,"{'C0': True, 'CT': True, 'CS': False, 'CS_short': False, 'C1': True, 'CT_plus_canonical_strike': False, 'CT_plus_proxy_strike': True}",BLOCKED_DATA,,0.001999998,3.7599000019999997,0.0,0.999999,4.7619,3.761901,,True,True,False
2959343_2026-07-18T14:25:09.278070+00:00,2959343,BTC,2026-07-18,2026-07-18T14:25:09.278070+00:00,4.85,0.23,0.24,0.24,0.01,YES,1,True,OTHER_TRAJECTORY,REVERSION,0.1646,0.6364,-0.2966,TREND,1.0,UNCERTAIN,STALE_UNDERLYING,64142.01,64163.02,False,4.1667,3.1667,0.002,3.1647,CT-only,,"{'C0': True, 'CT': True, 'CS': False, 'CS_short': False, 'C1': True, 'CT_plus_canonical_strike': False, 'CT_plus_proxy_strike': False}",BLOCKED_DATA,,0.0020000159999999994,3.164699984,0.0,1.0000079999999998,4.1667,3.166692,,True,True,False
2959629_2026-07-18T15:10:10.510249+00:00,2959629,BTC,2026-07-18,2026-07-18T15:10:10.510249+00:00,4.82,0.27,0.28,0.28,0.01,NO,0,True,FORMER_FAVORITE,REVERSION,0.2525,0.6,-0.1045,TREND,1.0,UNCERTAIN,STALE_UNDERLYING,64115.01,64126.0,True,3.5714,-1.0,0.002,-1.002,CT-only,,"{'C0': True, 'CT': True, 'CS': False, 'CS_short': False, 'C1': True, 'CT_plus_canonical_strike': False, 'CT_plus_proxy_strike': True}",BLOCKED_DATA,,0.0019999840000000002,-1.001999984,0.0,0.9999920000000001,0.0,-0.9999920000000001,,False,False,False
2960274_2026-07-18T16:10:10.955693+00:00,2960274,BTC,2026-07-18,2026-07-18T16:10:10.955693+00:00,4.82,0.34,0.35,0.35,0.01,YES,1,True,OTHER_TRAJECTORY,REVERSION,0.1062,0.6364,-0.3991,UNCERTAIN,0.4417,UNCERTAIN,STALE_UNDERLYING,64114.21,64123.13,False,2.8571,1.8571,0.002,1.8551,CT-only,,"{'C0': True, 'CT': True, 'CS': False, 'CS_short': False, 'C1': True, 'CT_plus_canonical_strike': False, 'CT_plus_proxy_strike': False}",BLOCKED_DATA,,0.00199997,1.85510003,0.0,0.9999849999999999,2.8571,1.857115,,True,True,False
2960867_2026-07-18T17:10:09.536849+00:00,2960867,BTC,2026-07-18,2026-07-18T17:10:09.536849+00:00,4.84,0.21,0.22,0.22,0.01,YES,1,True,OTHER_TRAJECTORY,REVERSION,0.2208,0.5455,-0.2684,TREND,0.7865,UNCERTAIN,STALE_UNDERLYING,64284.02,64303.48,False,4.5455,3.5455,0.002,3.5435,CT-only,,"{'C0': True, 'CT': True, 'CS': False, 'CS_short': False, 'C1': True, 'CT_plus_canonical_strike': False, 'CT_plus_proxy_strike': False}",BLOCKED_DATA,,0.00200002,3.54349998,0.0,1.0000099999999998,4.5455,3.54549,,True,True,False
2961514_2026-07-18T18:10:09.131805+00:00,2961514,BTC,2026-07-18,2026-07-18T18:10:09.131805+00:00,4.85,0.28,0.29,0.29,0.01,NO,0,True,OTHER_TRAJECTORY,REVERSION,0.2615,0.5833,-0.1823,UNCERTAIN,0.5054,UNCERTAIN,STALE_UNDERLYING,64468.78,64480.28,False,3.4483,-1.0,0.002,-1.002,CT-only,,"{'C0': True, 'CT': True, 'CS': False, 'CS_short': False, 'C1': True, 'CT_plus_canonical_strike': False, 'CT_plus_proxy_strike': False}",BLOCKED_DATA,,0.0020000139999999996,-1.002000014,0.0,1.0000069999999999,0.0,-1.0000069999999999,,False,False,False
2967067_2026-07-19T00:40:10.230917+00:00,2967067,BTC,2026-07-19,2026-07-19T00:40:10.230917+00:00,4.83,0.3,0.31,0.31,0.01,NO,0,True,FORMER_FAVORITE,REVERSION,0.2308,0.5455,-0.243,UNCERTAIN,0.5012,UNCERTAIN,STALE_UNDERLYING,64776.29,64790.64,True,3.2258,-1.0,0.002,-1.002,CT-only,,"{'C0': True, 'CT': True, 'CS': False, 'CS_short': False, 'C1': True, 'CT_plus_canonical_strike': False, 'CT_plus_proxy_strike': True}",BLOCKED_DATA,,0.001999996,-1.001999996,0.0,0.9999979999999999,0.0,-0.9999979999999999,,False,False,False
2967554_2026-07-19T01:40:12.000929+00:00,2967554,BTC,2026-07-19,2026-07-19T01:40:12.000929+00:00,4.8,0.36,0.37,0.37,0.01,NO,0,True,FORMER_FAVORITE,REVERSION,0.35,0.9,-0.1033,QUIET,0.3938706015893395,UNCERTAIN,STALE_UNDERLYING,64771.92,64776.95,False,2.7027,-1.0,0.002,-1.002,CT-only,,"{'C0': True, 'CT': True, 'CS': False, 'CS_short': False, 'C1': True, 'CT_plus_canonical_strike': False, 'CT_plus_proxy_strike': False}",BLOCKED_DATA,,0.001999998,-1.001999998,0.0,0.999999,0.0,-0.999999,,False,False,False
2969315_2026-07-19T04:55:10.549912+00:00,2969315,BTC,2026-07-19,2026-07-19T04:55:10.549912+00:00,4.82,0.04,0.05,0.05,0.01,NO,0,True,FORMER_FAVORITE,REVERSION,0.3962,0.4545,-0.0681,UNCERTAIN,0.2236,UNCERTAIN,STALE_UNDERLYING,64715.01,64762.0,False,20.0,-1.0,0.002,-1.002,CT-only,,"{'C0': True, 'CT': True, 'CS': False, 'CS_short': False, 'C1': True, 'CT_plus_canonical_strike': False, 'CT_plus_proxy_strike': False}",BLOCKED_DATA,,0.002,-1.002,0.0,1.0,0.0,-1.0,,False,False,False
2969904_2026-07-19T05:25:08.924014+00:00,2969904,BTC,2026-07-19,2026-07-19T05:25:08.924014+00:00,4.85,0.25,0.26,0.26,0.01,NO,0,True,FORMER_FAVORITE,REVERSION,0.2105,0.6,-0.2006,REVERSION,0.3818,UNCERTAIN,STALE_UNDERLYING,64762.56,64794.0,False,3.8462,-1.0,0.002,-1.002,Both,,"{'C0': True, 'CT': True, 'CS': True, 'CS_short': False, 'C1': True, 'CT_plus_canonical_strike': False, 'CT_plus_proxy_strike': False}",BLOCKED_DATA,,0.0020000240000000004,-1.002000024,0.0,1.0000120000000001,0.0,-1.0000120000000001,,False,False,False
2970281_2026-07-19T07:10:10.952578+00:00,2970281,BTC,2026-07-19,2026-07-19T07:10:10.952578+00:00,4.82,0.13,0.14,0.14,0.01,NO,0,True,FORMER_FAVORITE,REVERSION,0.3814,0.5455,-0.2161,TREND,0.7642,UNCERTAIN,STALE_UNDERLYING,64695.11,64711.69,False,7.1429,-1.0,0.002,-1.002,CT-only,,"{'C0': True, 'CT': True, 'CS': False, 'CS_short': False, 'C1': True, 'CT_plus_canonical_strike': False, 'CT_plus_proxy_strike': False}",BLOCKED_DATA,,0.0020000120000000002,-1.002000012,0.0,1.0000060000000002,0.0,-1.0000060000000002,,False,False,False
2970623_2026-07-19T08:40:11.446472+00:00,2970623,BTC,2026-07-19,2026-07-19T08:40:11.446472+00:00,4.81,0.37,0.38,0.38,0.01,NO,0,True,FORMER_FAVORITE,REVERSION,0.2533,0.4545,-0.1883,TREND,0.9273,UNCERTAIN,STALE_UNDERLYING,64656.73,64670.01,False,2.6316,-1.0,0.002,-1.002,CT-only,,"{'C0': True, 'CT': True, 'CS': False, 'CS_short': False, 'C1': True, 'CT_plus_canonical_strike': False, 'CT_plus_proxy_strike': False}",BLOCKED_DATA,,0.002000016,-1.002000016,0.0,1.000008,0.0,-1.000008,,False,False,False
2971022_2026-07-19T09:55:10.265120+00:00,2971022,BTC,2026-07-19,2026-07-19T09:55:10.265120+00:00,4.83,0.37,0.38,0.38,0.01,NO,0,True,FORMER_FAVORITE,REVERSION,0.2,0.5455,-0.0501,REVERSION,0.3371,UNCERTAIN,STALE_UNDERLYING,64517.99,64520.3,True,2.6316,-1.0,0.002,-1.002,Both,,"{'C0': True, 'CT': True, 'CS': True, 'CS_short': False, 'C1': True, 'CT_plus_canonical_strike': False, 'CT_plus_proxy_strike': True}",BLOCKED_DATA,,0.002000016,-1.002000016,0.0,1.000008,0.0,-1.000008,,False,False,False
2973707_2026-07-19T17:25:10.765719+00:00,2973707,BTC,2026-07-19,2026-07-19T17:25:10.765719+00:00,4.82,0.39,0.4,0.4,0.01,NO,0,True,FORMER_FAVORITE,REVERSION,0.1915,0.6667,-0.182,REVERSION,0.377,UNCERTAIN,STALE_UNDERLYING,64680.83,64702.43,False,2.5,-1.0,0.002,-1.002,Both,,"{'C0': True, 'CT': True, 'CS': True, 'CS_short': False, 'C1': True, 'CT_plus_canonical_strike': False, 'CT_plus_proxy_strike': False}",BLOCKED_DATA,,0.002,-1.002,0.0,1.0,0.0,-1.0,,False,False,False
2977315_2026-07-19T19:40:10.307738+00:00,2977315,BTC,2026-07-19,2026-07-19T19:40:10.307738+00:00,4.83,0.26,0.27,0.27,0.01,NO,0,True,FORMER_FAVORITE,REVERSION,0.0424,0.875,-0.3314,UNCERTAIN,0.4678,UNCERTAIN,STALE_UNDERLYING,64418.22,64437.98,False,3.7037,-1.0,0.002,-1.002,CT-only,,"{'C0': True, 'CT': True, 'CS': False, 'CS_short': False, 'C1': True, 'CT_plus_canonical_strike': False, 'CT_plus_proxy_strike': False}",BLOCKED_DATA,,0.0019999980000000002,-1.001999998,0.0,0.9999990000000001,0.0,-0.9999990000000001,,False,False,False
2978732_2026-07-19T23:10:11.231232+00:00,2978732,BTC,2026-07-19,2026-07-19T23:10:11.231232+00:00,4.81,0.37,0.38,0.38,0.01,YES,1,True,PERSISTENT_CHEAP,REVERSION,0.0704,0.7143,-0.5323,UNCERTAIN,0.5539,UNCERTAIN,STALE_UNDERLYING,64668.11,64674.66,True,2.6316,1.6316,0.002,1.6296,CT-only,,"{'C0': True, 'CT': True, 'CS': False, 'CS_short': False, 'C1': True, 'CT_plus_canonical_strike': False, 'CT_plus_proxy_strike': True}",BLOCKED_DATA,,0.002000016,1.629599984,0.0,1.000008,2.6316,1.6315920000000002,,True,True,False
2978829_2026-07-19T23:40:10.107282+00:00,2978829,BTC,2026-07-19,2026-07-19T23:40:10.107282+00:00,4.83,0.3,0.31,0.31,0.01,YES,1,True,FORMER_FAVORITE,REVERSION,0.2269,0.5,-0.3572,REVERSION,0.1918,UNCERTAIN,STALE_UNDERLYING,64648.07,64673.99,True,3.2258,2.2258,0.002,2.2238,Both,,"{'C0': True, 'CT': True, 'CS': True, 'CS_short': False, 'C1': True, 'CT_plus_canonical_strike': False, 'CT_plus_proxy_strike': True}",BLOCKED_DATA,,0.001999996,2.223800004,0.0,0.9999979999999999,3.2258,2.225802,,True,True,False
2978867_2026-07-19T23:55:55.624064+00:00,2978867,BTC,2026-07-19,2026-07-19T23:55:55.624064+00:00,4.07,0.13,0.14,0.14,0.01,NO,0,True,PERSISTENT_CHEAP,REVERSION,0.2615,0.5,-0.1262,REVERSION,0.0289,UNCERTAIN,STALE_UNDERLYING,64683.44,64748.11,False,7.1429,-1.0,0.002,-1.002,Both,,"{'C0': True, 'CT': True, 'CS': True, 'CS_short': False, 'C1': True, 'CT_plus_canonical_strike': False, 'CT_plus_proxy_strike': False}",BLOCKED_DATA,,0.0020000120000000002,-1.002000012,0.0,1.0000060000000002,0.0,-1.0000060000000002,,False,False,False
2980103_2026-07-20T03:55:10.739989+00:00,2980103,BTC,2026-07-20,2026-07-20T03:55:10.739989+00:00,4.82,0.12,0.13,0.13,0.01,NO,0,True,OTHER_TRAJECTORY,REVERSION,0.2913,0.7273,-0.3762,TREND,0.6111,UNCERTAIN,STALE_UNDERLYING,64853.4,64902.63,False,7.6923,-1.0,0.002,-1.002,CT-only,,"{'C0': True, 'CT': True, 'CS': False, 'CS_short': False, 'C1': True, 'CT_plus_canonical_strike': False, 'CT_plus_proxy_strike': False}",BLOCKED_DATA,,0.0019999980000000002,-1.001999998,0.0,0.9999990000000001,0.0,-0.9999990000000001,,False,False,False
2985885_2026-07-20T08:10:11.068937+00:00,2985885,BTC,2026-07-20,2026-07-20T08:10:11.068937+00:00,4.82,0.25,0.26,0.26,0.01,YES,1,True,FORMER_FAVORITE,REVERSION,0.1927,0.5,-0.0838,UNCERTAIN,0.3113,UNCERTAIN,STALE_UNDERLYING,64251.54,64280.01,False,3.8462,2.8462,0.002,2.8442,CT-only,,"{'C0': True, 'CT': True, 'CS': False, 'CS_short': False, 'C1': True, 'CT_plus_canonical_strike': False, 'CT_plus_proxy_strike': False}",BLOCKED_DATA,,0.0020000240000000004,2.844199976,0.0,1.0000120000000001,3.8462,2.8461879999999997,,True,True,False
2986003_2026-07-20T08:25:09.605883+00:00,2986003,BTC,2026-07-20,2026-07-20T08:25:09.605883+00:00,4.84,0.22,0.23,0.23,0.01,NO,0,True,OTHER_TRAJECTORY,REVERSION,0.102,0.5455,-0.208,REVERSION,0.1572,UNCERTAIN,STALE_UNDERLYING,64250.0,64294.39,False,4.3478,-1.0,0.002,-1.002,Both,,"{'C0': True, 'CT': True, 'CS': True, 'CS_short': False, 'C1': True, 'CT_plus_canonical_strike': False, 'CT_plus_proxy_strike': False}",BLOCKED_DATA,,0.0019999880000000003,-1.001999988,0.0,0.9999940000000002,0.0,-0.9999940000000002,,False,False,False
2986040_2026-07-20T08:40:10.962375+00:00,2986040,BTC,2026-07-20,2026-07-20T08:40:10.962375+00:00,4.82,0.014,0.02,0.02,0.006,NO,0,True,FORMER_FAVORITE,REVERSION,0.3425,0.7,-0.519,TREND,0.8722,UNCERTAIN,STALE_UNDERLYING,63972.03,64250.01,False,50.0,-1.0,0.002,-1.002,CT-only,,"{'C0': True, 'CT': True, 'CS': False, 'CS_short': False, 'C1': True, 'CT_plus_canonical_strike': False, 'CT_plus_proxy_strike': False}",BLOCKED_DATA,,0.002,-1.002,0.0,1.0,0.0,-1.0,,False,False,False
2988864_2026-07-20T15:25:39.787172+00:00,2988864,BTC,2026-07-20,2026-07-20T15:25:39.787172+00:00,4.34,0.37,0.38,0.38,0.01,NO,0,True,FORMER_FAVORITE,REVERSION,0.0647,0.7692,-0.721,TREND,0.9384,UNCERTAIN,STALE_UNDERLYING,65009.44,64967.99,False,2.6316,-1.0,0.002,-1.002,CT-only,,"{'C0': True, 'CT': True, 'CS': False, 'CS_short': False, 'C1': True, 'CT_plus_canonical_strike': False, 'CT_plus_proxy_strike': False}",BLOCKED_DATA,,0.002000016,-1.002000016,0.0,1.000008,0.0,-1.000008,,False,False,False
2991312_2026-07-20T17:10:40.173142+00:00,2991312,BTC,2026-07-20,2026-07-20T17:10:40.173142+00:00,4.33,0.32,0.33,0.33,0.01,NO,0,True,FORMER_FAVORITE,REVERSION,0.1195,0.5385,-0.4554,REVERSION,0.398,UNCERTAIN,STALE_UNDERLYING,65455.99,65508.5,False,3.0303,-1.0,0.002,-1.002,Both,,"{'C0': True, 'CT': True, 'CS': True, 'CS_short': False, 'C1': True, 'CT_plus_canonical_strike': False, 'CT_plus_proxy_strike': False}",BLOCKED_DATA,,0.0019999980000000002,-1.001999998,0.0,0.9999990000000001,0.0,-0.9999990000000001,,False,False,False
2991339_2026-07-20T17:25:38.757647+00:00,2991339,BTC,2026-07-20,2026-07-20T17:25:38.757647+00:00,4.35,0.36,0.37,0.37,0.01,YES,1,True,OTHER_TRAJECTORY,REVERSION,0.0411,0.5385,-0.2801,REVERSION,0.1595,UNCERTAIN,STALE_UNDERLYING,65488.0,65506.02,False,2.7027,1.7027,0.002,1.7007,Both,,"{'C0': True, 'CT': True, 'CS': True, 'CS_short': False, 'C1': True, 'CT_plus_canonical_strike': False, 'CT_plus_proxy_strike': False}",BLOCKED_DATA,,0.001999998,1.700700002,0.0,0.999999,2.7027,1.7027010000000002,,True,True,False
2995141_2026-07-21T00:10:06.629703+00:00,2995141,BTC,2026-07-21,2026-07-21T00:10:06.629703+00:00,4.89,0.1,0.11,0.11,0.01,NO,0,True,PERSISTENT_CHEAP,REVERSION,0.3077,0.6667,-0.2383,REVERSION,0.0799,UNCERTAIN,STALE_UNDERLYING,65203.99,65255.51,False,9.0909,-1.0,0.002,-1.002,Both,,"{'C0': True, 'CT': True, 'CS': True, 'CS_short': False, 'C1': True, 'CT_plus_canonical_strike': False, 'CT_plus_proxy_strike': False}",BLOCKED_DATA,,0.001999998,-1.001999998,0.0,0.999999,0.0,-0.999999,,False,False,False
2996111_2026-07-21T03:25:08.515611+00:00,2996111,BTC,2026-07-21,2026-07-21T03:25:08.515611+00:00,4.86,0.25,0.26,0.26,0.01,YES,1,True,FORMER_FAVORITE,REVERSION,0.3945,0.7,-0.3778,UNCERTAIN,0.4197,UNCERTAIN,STALE_UNDERLYING,65466.08,65485.99,False,3.8462,2.8462,0.002,2.8442,CT-only,,"{'C0': True, 'CT': True, 'CS': False, 'CS_short': False, 'C1': True, 'CT_plus_canonical_strike': False, 'CT_plus_proxy_strike': False}",BLOCKED_DATA,,0.0020000240000000004,2.844199976,0.0,1.0000120000000001,3.8462,2.8461879999999997,,True,True,False
2998084_2026-07-21T07:10:43.070568+00:00,2998084,BTC,2026-07-21,2026-07-21T07:10:43.070568+00:00,4.28,0.13,0.14,0.14,0.01,YES,1,True,FORMER_FAVORITE,REVERSION,0.3077,0.6154,-0.09,UNCERTAIN,0.5141,UNCERTAIN,STALE_UNDERLYING,65882.0,65913.0,True,7.1429,6.1429,0.002,6.1409,CT-only,,"{'C0': True, 'CT': True, 'CS': False, 'CS_short': False, 'C1': True, 'CT_plus_canonical_strike': False, 'CT_plus_proxy_strike': True}",BLOCKED_DATA,,0.0020000120000000002,6.140899988,0.0,1.0000060000000002,7.1429,6.142894,,True,True,False
2998804_2026-07-21T08:55:41.589257+00:00,2998804,BTC,2026-07-21,2026-07-21T08:55:41.589257+00:00,4.31,0.03,0.04,0.04,0.01,NO,0,True,FORMER_FAVORITE,REVERSION,0.3383,0.5,-0.419,UNCERTAIN,0.3139,UNCERTAIN,STALE_UNDERLYING,66259.82,66307.72,False,25.0,-1.0,0.002,-1.002,CT-only,,"{'C0': True, 'CT': True, 'CS': False, 'CS_short': False, 'C1': True, 'CT_plus_canonical_strike': False, 'CT_plus_proxy_strike': False}",BLOCKED_DATA,,0.002,-1.002,0.0,1.0,0.0,-1.0,,False,False,False
2999109_2026-07-21T09:10:42.473440+00:00,2999109,BTC,2026-07-21,2026-07-21T09:10:42.473440+00:00,4.29,0.24,0.25,0.25,0.01,NO,0,True,OTHER_TRAJECTORY,REVERSION,0.3056,0.6667,-0.1585,TREND,0.6289,UNCERTAIN,STALE_UNDERLYING,66217.99,66226.43,True,4.0,-1.0,0.002,-1.002,CT-only,,"{'C0': True, 'CT': True, 'CS': False, 'CS_short': False, 'C1': True, 'CT_plus_canonical_strike': False, 'CT_plus_proxy_strike': True}",BLOCKED_DATA,,0.002,-1.002,0.0,1.0,0.0,-1.0,,False,False,False
2999791_2026-07-21T11:25:41.389974+00:00,2999791,BTC,2026-07-21,2026-07-21T11:25:41.389974+00:00,4.31,0.3,0.31,0.31,0.01,YES,1,True,FORMER_FAVORITE,REVERSION,0.0889,0.6923,-0.4115,UNCERTAIN,0.334,UNCERTAIN,STALE_UNDERLYING,66206.1,66232.11,False,3.2258,2.2258,0.002,2.2238,CT-only,,"{'C0': True, 'CT': True, 'CS': False, 'CS_short': False, 'C1': True, 'CT_plus_canonical_strike': False, 'CT_plus_proxy_strike': False}",BLOCKED_DATA,,0.001999996,2.223800004,0.0,0.9999979999999999,3.2258,2.225802,,True,True,False
3002503_2026-07-21T16:25:08.392017+00:00,3002503,BTC,2026-07-21,2026-07-21T16:25:08.392017+00:00,4.86,0.21,0.22,0.22,0.01,NO,0,True,OTHER_TRAJECTORY,REVERSION,0.3333,0.5,-0.0535,REVERSION,0.3892,UNCERTAIN,STALE_UNDERLYING,66569.37,66614.56,True,4.5455,-1.0,0.002,-1.002,Both,,"{'C0': True, 'CT': True, 'CS': True, 'CS_short': False, 'C1': True, 'CT_plus_canonical_strike': False, 'CT_plus_proxy_strike': True}",BLOCKED_DATA,,0.00200002,-1.00200002,0.0,1.0000099999999998,0.0,-1.0000099999999998,,False,False,False
3005679_2026-07-21T20:10:31.358244+00:00,3005679,BTC,2026-07-21,2026-07-21T20:10:31.358244+00:00,4.48,0.29,0.3,0.3,0.01,NO,0,True,OTHER_TRAJECTORY,REVERSION,0.2409,0.4615,-0.179,REVERSION,0.2559,UNCERTAIN,STALE_UNDERLYING,66430.76,66444.76,False,3.3333,-1.0,0.002,-1.002,Both,,"{'C0': True, 'CT': True, 'CS': True, 'CS_short': False, 'C1': True, 'CT_plus_canonical_strike': False, 'CT_plus_proxy_strike': False}",BLOCKED_DATA,,0.0019999799999999997,-1.00199998,0.0,0.9999899999999999,0.0,-0.9999899999999999,,False,False,False
3006449_2026-07-21T22:10:31.508154+00:00,3006449,BTC,2026-07-21,2026-07-21T22:10:31.508154+00:00,4.47,0.17,0.18,0.18,0.01,NO,0,True,OTHER_TRAJECTORY,REVERSION,0.1964,0.6154,-0.221,UNCERTAIN,0.0625,UNCERTAIN,STALE_UNDERLYING,66340.8,66385.0,False,5.5556,-1.0,0.002,-1.002,CT-only,,"{'C0': True, 'CT': True, 'CS': False, 'CS_short': False, 'C1': True, 'CT_plus_canonical_strike': False, 'CT_plus_proxy_strike': False}",BLOCKED_DATA,,0.002000016,-1.002000016,0.0,1.000008,0.0,-1.000008,,False,False,False
3007868_2026-07-21T23:10:30.002784+00:00,3007868,BTC,2026-07-21,2026-07-21T23:10:30.002784+00:00,4.5,0.04,0.05,0.05,0.01,NO,0,True,PERSISTENT_CHEAP,REVERSION,0.3108,0.6667,-0.2184,REVERSION,0.2832,UNCERTAIN,STALE_UNDERLYING,66270.0,66304.02,False,20.0,-1.0,0.002,-1.002,Both,,"{'C0': True, 'CT': True, 'CS': True, 'CS_short': False, 'C1': True, 'CT_plus_canonical_strike': False, 'CT_plus_proxy_strike': False}",BLOCKED_DATA,,0.002,-1.002,0.0,1.0,0.0,-1.0,,False,False,False
3009189_2026-07-22T01:10:31.465683+00:00,3009189,BTC,2026-07-22,2026-07-22T01:10:31.465683+00:00,4.48,0.06,0.07,0.07,0.01,NO,0,True,FORMER_FAVORITE,REVERSION,0.3898,0.5385,-0.2286,TREND,1.0,UNCERTAIN,STALE_UNDERLYING,66589.4,66620.97,True,14.2857,-1.0,0.002,-1.002,CT-only,,"{'C0': True, 'CT': True, 'CS': False, 'CS_short': False, 'C1': True, 'CT_plus_canonical_strike': False, 'CT_plus_proxy_strike': True}",BLOCKED_DATA,,0.0019999980000000002,-1.001999998,0.0,0.9999990000000001,0.0,-0.9999990000000001,,False,False,False
3009713_2026-07-22T02:55:31.479805+00:00,3009713,BTC,2026-07-22,2026-07-22T02:55:31.479805+00:00,4.48,0.16,0.17,0.17,0.01,NO,0,True,FORMER_FAVORITE,REVERSION,0.3333,0.4615,-0.3083,REVERSION,0.3826,UNCERTAIN,STALE_UNDERLYING,66344.0,66366.85,True,5.8824,-1.0,0.002,-1.002,Both,,"{'C0': True, 'CT': True, 'CS': True, 'CS_short': False, 'C1': True, 'CT_plus_canonical_strike': False, 'CT_plus_proxy_strike': True}",BLOCKED_DATA,,0.002000016,-1.002000016,0.0,1.000008,0.0,-1.000008,,False,False,False
3009890_2026-07-22T03:40:40.221076+00:00,3009890,BTC,2026-07-22,2026-07-22T03:40:40.221076+00:00,4.33,0.13,0.14,0.14,0.01,NO,0,True,FORMER_FAVORITE,REVERSION,0.2571,0.5833,-0.188,UNCERTAIN,0.5756,UNCERTAIN,STALE_UNDERLYING,66262.09,66270.13,False,7.1429,-1.0,0.002,-1.002,CT-only,,"{'C0': True, 'CT': True, 'CS': False, 'CS_short': False, 'C1': True, 'CT_plus_canonical_strike': False, 'CT_plus_proxy_strike': False}",BLOCKED_DATA,,0.0020000120000000002,-1.002000012,0.0,1.0000060000000002,0.0,-1.0000060000000002,,False,False,False
3014753_2026-07-22T10:10:50.642697+00:00,3014753,BTC,2026-07-22,2026-07-22T10:10:50.642697+00:00,4.16,0.36,0.37,0.37,0.01,NO,0,True,FORMER_FAVORITE,REVERSION,0.2326,0.5,-0.0788,REVERSION,0.3264,UNCERTAIN,STALE_UNDERLYING,65925.4,65928.01,False,2.7027,-1.0,0.002,-1.002,Both,,"{'C0': True, 'CT': True, 'CS': True, 'CS_short': False, 'C1': True, 'CT_plus_canonical_strike': False, 'CT_plus_proxy_strike': False}",BLOCKED_DATA,,0.001999998,-1.001999998,0.0,0.999999,0.0,-0.999999,,False,False,False
3016183_2026-07-22T11:40:05.162231+00:00,3016183,BTC,2026-07-22,2026-07-22T11:40:05.162231+00:00,4.91,0.1,0.11,0.11,0.01,NO,0,True,FORMER_FAVORITE,REVERSION,0.2869,0.5,-0.3616,REVERSION,0.1634,UNCERTAIN,STALE_UNDERLYING,66034.46,66049.99,False,9.0909,-1.0,0.002,-1.002,Both,,"{'C0': True, 'CT': True, 'CS': True, 'CS_short': False, 'C1': True, 'CT_plus_canonical_strike': False, 'CT_plus_proxy_strike': False}",BLOCKED_DATA,,0.001999998,-1.001999998,0.0,0.999999,0.0,-0.999999,,False,False,False
3017148_2026-07-22T12:55:05.470636+00:00,3017148,BTC,2026-07-22,2026-07-22T12:55:05.470636+00:00,4.91,0.19,0.2,0.2,0.01,NO,0,True,FORMER_FAVORITE,REVERSION,0.3269,0.5,-0.0998,UNCERTAIN,0.4103,UNCERTAIN,STALE_UNDERLYING,65740.83,65777.25,True,5.0,-1.0,0.002,-1.002,CT-only,,"{'C0': True, 'CT': True, 'CS': False, 'CS_short': False, 'C1': True, 'CT_plus_canonical_strike': False, 'CT_plus_proxy_strike': True}",BLOCKED_DATA,,0.002,-1.002,0.0,1.0,0.0,-1.0,,False,False,False
3019216_2026-07-22T17:10:39.205692+00:00,3019216,BTC,2026-07-22,2026-07-22T17:10:39.205692+00:00,4.35,0.36,0.37,0.37,0.01,NO,0,True,FORMER_FAVORITE,REVERSION,0.0756,0.6667,-0.0818,UNCERTAIN,0.3967,UNCERTAIN,STALE_UNDERLYING,66188.0,66229.01,False,2.7027,-1.0,0.002,-1.002,CT-only,,"{'C0': True, 'CT': True, 'CS': False, 'CS_short': False, 'C1': True, 'CT_plus_canonical_strike': False, 'CT_plus_proxy_strike': False}",BLOCKED_DATA,,0.001999998,-1.001999998,0.0,0.999999,0.0,-0.999999,,False,False,False
3020793_2026-07-22T20:55:18.323612+00:00,3020793,BTC,2026-07-22,2026-07-22T20:55:18.323612+00:00,4.69,0.19,0.2,0.2,0.01,NO,0,True,PERSISTENT_CHEAP,REVERSION,0.1333,0.6667,-0.3329,REVERSION,0.3922,UNCERTAIN,STALE_UNDERLYING,65918.52,65950.03,False,5.0,-1.0,0.002,-1.002,Both,,"{'C0': True, 'CT': True, 'CS': True, 'CS_short': False, 'C1': True, 'CT_plus_canonical_strike': False, 'CT_plus_proxy_strike': False}",BLOCKED_DATA,,0.002,-1.002,0.0,1.0,0.0,-1.0,,False,False,False
3021493_2026-07-22T22:10:18.397176+00:00,3021493,BTC,2026-07-22,2026-07-22T22:10:18.397176+00:00,4.69,0.08,0.09,0.09,0.01,NO,0,True,PERSISTENT_CHEAP,REVERSION,0.3483,0.4545,-0.2675,UNCERTAIN,0.5095,UNCERTAIN,STALE_UNDERLYING,66007.99,66072.48,False,11.1111,-1.0,0.002,-1.002,CT-only,,"{'C0': True, 'CT': True, 'CS': False, 'CS_short': False, 'C1': True, 'CT_plus_canonical_strike': False, 'CT_plus_proxy_strike': False}",BLOCKED_DATA,,0.001999998,-1.001999998,0.0,0.999999,0.0,-0.999999,,False,False,False
3023841_2026-07-23T00:55:40.752445+00:00,3023841,BTC,2026-07-23,2026-07-23T00:55:40.752445+00:00,4.32,0.13,0.14,0.14,0.01,NO,0,True,FORMER_FAVORITE,REVERSION,0.2241,0.5385,-0.1251,TREND,0.6154,UNCERTAIN,STALE_UNDERLYING,66121.99,66143.17,True,7.1429,-1.0,0.002,-1.002,CT-only,,"{'C0': True, 'CT': True, 'CS': False, 'CS_short': False, 'C1': True, 'CT_plus_canonical_strike': False, 'CT_plus_proxy_strike': True}",BLOCKED_DATA,,0.0020000120000000002,-1.002000012,0.0,1.0000060000000002,0.0,-1.0000060000000002,,False,False,False
3024411_2026-07-23T02:25:40.334186+00:00,3024411,BTC,2026-07-23,2026-07-23T02:25:40.334186+00:00,4.33,0.19,0.2,0.2,0.01,NO,0,True,FORMER_FAVORITE,REVERSION,0.25,0.5833,-0.3469,UNCERTAIN,0.4823,UNCERTAIN,STALE_UNDERLYING,65739.5,65736.0,True,5.0,-1.0,0.002,-1.002,CT-only,,"{'C0': True, 'CT': True, 'CS': False, 'CS_short': False, 'C1': True, 'CT_plus_canonical_strike': False, 'CT_plus_proxy_strike': True}",BLOCKED_DATA,,0.002,-1.002,0.0,1.0,0.0,-1.0,,False,False,False
3026074_2026-07-23T05:40:41.388851+00:00,3026074,BTC,2026-07-23,2026-07-23T05:40:41.388851+00:00,4.31,0.35,0.36,0.36,0.01,YES,1,True,FORMER_FAVORITE,REVERSION,0.3125,0.5385,-0.2614,UNCERTAIN,0.4465,UNCERTAIN,STALE_UNDERLYING,65712.37,65724.0,False,2.7778,1.7778,0.002,1.7758,CT-only,,"{'C0': True, 'CT': True, 'CS': False, 'CS_short': False, 'C1': True, 'CT_plus_canonical_strike': False, 'CT_plus_proxy_strike': False}",BLOCKED_DATA,,0.002000016,1.775799984,0.0,1.000008,2.7778,1.777792,,True,True,False
3027150_2026-07-23T08:25:39.754173+00:00,3027150,BTC,2026-07-23,2026-07-23T08:25:39.754173+00:00,4.34,0.34,0.35,0.35,0.01,YES,1,True,FORMER_FAVORITE,REVERSION,0.1278,0.6154,-0.151,UNCERTAIN,0.4895,UNCERTAIN,STALE_UNDERLYING,65532.85,65538.0,False,2.8571,1.8571,0.002,1.8551,CT-only,,"{'C0': True, 'CT': True, 'CS': False, 'CS_short': False, 'C1': True, 'CT_plus_canonical_strike': False, 'CT_plus_proxy_strike': False}",BLOCKED_DATA,,0.00199997,1.85510003,0.0,0.9999849999999999,2.8571,1.857115,,True,True,False
3027338_2026-07-23T08:55:40.897539+00:00,3027338,BTC,2026-07-23,2026-07-23T08:55:40.897539+00:00,4.32,0.34,0.36,0.36,0.02,YES,1,True,FORMER_FAVORITE,REVERSION,0.1245,0.6154,-0.434,UNCERTAIN,0.4716,UNCERTAIN,STALE_UNDERLYING,65635.01,65635.86,False,2.7778,1.7778,0.002,1.7758,CT-only,,"{'C0': True, 'CT': True, 'CS': False, 'CS_short': False, 'C1': True, 'CT_plus_canonical_strike': False, 'CT_plus_proxy_strike': False}",BLOCKED_DATA,,0.002000016,1.775799984,0.0,1.000008,2.7778,1.777792,,True,True,False
3027439_2026-07-23T09:40:40.020946+00:00,3027439,BTC,2026-07-23,2026-07-23T09:40:40.020946+00:00,4.33,0.33,0.34,0.34,0.01,YES,1,True,FORMER_FAVORITE,REVERSION,0.186,0.8333,-0.4307,REVERSION,0.364,UNCERTAIN,STALE_UNDERLYING,65709.99,65709.0,False,2.9412,1.9412,0.002,1.9392,Both,,"{'C0': True, 'CT': True, 'CS': True, 'CS_short': False, 'C1': True, 'CT_plus_canonical_strike': False, 'CT_plus_proxy_strike': False}",BLOCKED_DATA,,0.002000016,1.939199984,0.0,1.000008,2.9412,1.9411919999999998,,True,True,False
3037257_2026-07-23T19:40:14.993925+00:00,3037257,BTC,2026-07-23,2026-07-23T19:40:14.993925+00:00,4.75,0.05,0.06,0.06,0.01,NO,0,True,FORMER_FAVORITE,REVERSION,0.3191,0.5833,-0.1288,UNCERTAIN,0.0112,UNCERTAIN,STALE_UNDERLYING,64814.09,64896.44,False,16.6667,-1.0,0.002,-1.002,CT-only,,"{'C0': True, 'CT': True, 'CS': False, 'CS_short': False, 'C1': True, 'CT_plus_canonical_strike': False, 'CT_plus_proxy_strike': False}",BLOCKED_DATA,,0.0020000039999999997,-1.002000004,0.0,1.0000019999999998,0.0,-1.0000019999999998,,False,False,False
3047506_2026-07-23T23:10:14.309624+00:00,3047506,BTC,2026-07-23,2026-07-23T23:10:14.309624+00:00,4.76,0.25,0.26,0.26,0.01,YES,1,True,FORMER_FAVORITE,REVERSION,0.1852,0.75,-0.4215,REVERSION,0.3104,UNCERTAIN,STALE_UNDERLYING,65176.01,65195.43,False,3.8462,2.8462,0.002,2.8442,Both,,"{'C0': True, 'CT': True, 'CS': True, 'CS_short': False, 'C1': True, 'CT_plus_canonical_strike': False, 'CT_plus_proxy_strike': False}",BLOCKED_DATA,,0.0020000240000000004,2.844199976,0.0,1.0000120000000001,3.8462,2.8461879999999997,,True,True,False
3048393_2026-07-24T00:40:16.663201+00:00,3048393,BTC,2026-07-24,2026-07-24T00:40:16.663201+00:00,4.72,0.05,0.06,0.06,0.01,NO,0,True,FORMER_FAVORITE,REVERSION,0.3821,0.6667,-0.3155,TREND,0.6656,UNCERTAIN,STALE_UNDERLYING,64794.01,64881.54,True,16.6667,-1.0,0.002,-1.002,CT-only,,"{'C0': True, 'CT': True, 'CS': False, 'CS_short': False, 'C1': True, 'CT_plus_canonical_strike': False, 'CT_plus_proxy_strike': True}",BLOCKED_DATA,,0.0020000039999999997,-1.002000004,0.0,1.0000019999999998,0.0,-1.0000019999999998,,False,False,False
3053176_2026-07-24T10:40:15.634743+00:00,3053176,BTC,2026-07-24,2026-07-24T10:40:15.634743+00:00,4.74,0.37,0.4,0.4,0.03,YES,1,True,FORMER_FAVORITE,REVERSION,0.2,0.7143,-0.282,REVERSION,0.3614,UNCERTAIN,STALE_UNDERLYING,65020.0,65013.99,False,2.5,1.5,0.002,1.498,Both,,"{'C0': True, 'CT': True, 'CS': True, 'CS_short': False, 'C1': True, 'CT_plus_canonical_strike': False, 'CT_plus_proxy_strike': False}",BLOCKED_DATA,,0.002,1.498,0.0,1.0,2.5,1.5,,True,True,False
3054974_2026-07-24T14:40:16.712941+00:00,3054974,BTC,2026-07-24,2026-07-24T14:40:16.712941+00:00,4.72,0.39,0.4,0.4,0.01,NO,0,True,OTHER_TRAJECTORY,REVERSION,0.1236,0.75,-0.3862,UNCERTAIN,0.5374,UNCERTAIN,STALE_UNDERLYING,63810.01,63860.34,False,2.5,-1.0,0.002,-1.002,CT-only,,"{'C0': True, 'CT': True, 'CS': False, 'CS_short': False, 'C1': True, 'CT_plus_canonical_strike': False, 'CT_plus_proxy_strike': False}",BLOCKED_DATA,,0.002,-1.002,0.0,1.0,0.0,-1.0,,False,False,False
3068162_2026-07-24T17:10:39.826594+00:00,3068162,BTC,2026-07-24,2026-07-24T17:10:39.826594+00:00,4.34,0.36,0.37,0.37,0.01,YES,1,True,FORMER_FAVORITE,REVERSION,0.1628,0.75,-0.4235,REVERSION,0.0045,UNCERTAIN,STALE_UNDERLYING,63941.5,63958.01,False,2.7027,1.7027,0.002,1.7007,Both,,"{'C0': True, 'CT': True, 'CS': True, 'CS_short': False, 'C1': True, 'CT_plus_canonical_strike': False, 'CT_plus_proxy_strike': False}",BLOCKED_DATA,,0.001999998,1.700700002,0.0,0.999999,2.7027,1.7027010000000002,,True,True,False
3068802_2026-07-24T18:10:40.228252+00:00,3068802,BTC,2026-07-24,2026-07-24T18:10:40.228252+00:00,4.33,0.36,0.37,0.37,0.01,YES,1,True,FORMER_FAVORITE,REVERSION,0.0833,0.6667,-0.7628,REVERSION,0.1725,UNCERTAIN,STALE_UNDERLYING,64174.64,64180.0,False,2.7027,1.7027,0.002,1.7007,Both,,"{'C0': True, 'CT': True, 'CS': True, 'CS_short': False, 'C1': True, 'CT_plus_canonical_strike': False, 'CT_plus_proxy_strike': False}",BLOCKED_DATA,,0.001999998,1.700700002,0.0,0.999999,2.7027,1.7027010000000002,,True,True,False
3071568_2026-07-24T20:40:39.983428+00:00,3071568,BTC,2026-07-24,2026-07-24T20:40:39.983428+00:00,4.33,0.21,0.22,0.22,0.01,NO,0,True,PERSISTENT_CHEAP,REVERSION,0.2195,0.5,-0.3018,REVERSION,0.0431,UNCERTAIN,STALE_UNDERLYING,64211.15,64238.46,False,4.5455,-1.0,0.002,-1.002,Both,,"{'C0': True, 'CT': True, 'CS': True, 'CS_short': False, 'C1': True, 'CT_plus_canonical_strike': False, 'CT_plus_proxy_strike': False}",BLOCKED_DATA,,0.00200002,-1.00200002,0.0,1.0000099999999998,0.0,-1.0000099999999998,,False,False,False
3071629_2026-07-24T20:55:38.110417+00:00,3071629,BTC,2026-07-24,2026-07-24T20:55:38.110417+00:00,4.36,0.29,0.3,0.3,0.01,NO,0,True,FORMER_FAVORITE,REVERSION,0.2353,0.9167,-0.3454,UNCERTAIN,0.5771,UNCERTAIN,STALE_UNDERLYING,64178.53,64182.0,True,3.3333,-1.0,0.002,-1.002,CT-only,,"{'C0': True, 'CT': True, 'CS': False, 'CS_short': False, 'C1': True, 'CT_plus_canonical_strike': False, 'CT_plus_proxy_strike': True}",BLOCKED_DATA,,0.0019999799999999997,-1.00199998,0.0,0.9999899999999999,0.0,-0.9999899999999999,,False,False,False
3071809_2026-07-24T21:40:38.448590+00:00,3071809,BTC,2026-07-24,2026-07-24T21:40:38.448590+00:00,4.36,0.25,0.26,0.26,0.01,NO,0,True,FORMER_FAVORITE,REVERSION,0.2793,0.5833,-0.2751,REVERSION,0.0731,UNCERTAIN,STALE_UNDERLYING,64161.01,64180.0,False,3.8462,-1.0,0.002,-1.002,Both,,"{'C0': True, 'CT': True, 'CS': True, 'CS_short': False, 'C1': True, 'CT_plus_canonical_strike': False, 'CT_plus_proxy_strike': False}",BLOCKED_DATA,,0.0020000240000000004,-1.002000024,0.0,1.0000120000000001,0.0,-1.0000120000000001,,False,False,False
3071915_2026-07-24T21:55:38.447543+00:00,3071915,BTC,2026-07-24,2026-07-24T21:55:38.447543+00:00,4.36,0.22,0.23,0.23,0.01,NO,0,True,OTHER_TRAJECTORY,REVERSION,0.3438,0.8,-0.2838,UNCERTAIN,0.4103,UNCERTAIN,STALE_UNDERLYING,64143.22,64174.0,False,4.3478,-1.0,0.002,-1.002,CT-only,,"{'C0': True, 'CT': True, 'CS': False, 'CS_short': False, 'C1': True, 'CT_plus_canonical_strike': False, 'CT_plus_proxy_strike': False}",BLOCKED_DATA,,0.0019999880000000003,-1.001999988,0.0,0.9999940000000002,0.0,-0.9999940000000002,,False,False,False
3072339_2026-07-24T22:55:38.752984+00:00,3072339,BTC,2026-07-24,2026-07-24T22:55:38.752984+00:00,4.35,0.35,0.36,0.36,0.01,NO,0,True,FORMER_FAVORITE,REVERSION,0.2857,0.6923,-0.2277,REVERSION,0.1312,UNCERTAIN,STALE_UNDERLYING,64170.55,64180.0,True,2.7778,-1.0,0.002,-1.002,Both,,"{'C0': True, 'CT': True, 'CS': True, 'CS_short': False, 'C1': True, 'CT_plus_canonical_strike': False, 'CT_plus_proxy_strike': True}",BLOCKED_DATA,,0.002000016,-1.002000016,0.0,1.000008,0.0,-1.000008,,False,False,False
3073856_2026-07-25T00:40:39.488051+00:00,3073856,BTC,2026-07-25,2026-07-25T00:40:39.488051+00:00,4.34,0.3,0.31,0.31,0.01,NO,0,True,FORMER_FAVORITE,REVERSION,0.1441,0.6154,-0.1018,REVERSION,0.2489,UNCERTAIN,STALE_UNDERLYING,64154.16,64149.8,False,3.2258,-1.0,0.002,-1.002,Both,,"{'C0': True, 'CT': True, 'CS': True, 'CS_short': False, 'C1': True, 'CT_plus_canonical_strike': False, 'CT_plus_proxy_strike': False}",BLOCKED_DATA,,0.001999996,-1.001999996,0.0,0.9999979999999999,0.0,-0.9999979999999999,,False,False,False
3078622_2026-07-25T07:55:28.990323+00:00,3078622,BTC,2026-07-25,2026-07-25T07:55:28.990323+00:00,4.52,0.22,0.23,0.23,0.01,NO,0,True,FORMER_FAVORITE,REVERSION,0.3129,0.75,-0.3713,REVERSION,0.0167,UNCERTAIN,STALE_UNDERLYING,64024.07,64030.75,False,4.3478,-1.0,0.002,-1.002,Both,,"{'C0': True, 'CT': True, 'CS': True, 'CS_short': False, 'C1': True, 'CT_plus_canonical_strike': False, 'CT_plus_proxy_strike': False}",BLOCKED_DATA,,0.0019999880000000003,-1.001999988,0.0,0.9999940000000002,0.0,-0.9999940000000002,,False,False,False
3079330_2026-07-25T10:25:44.104658+00:00,3079330,BTC,2026-07-25,2026-07-25T10:25:44.104658+00:00,4.26,0.22,0.25,0.25,0.03,NO,0,True,OTHER_TRAJECTORY,REVERSION,0.2923,0.6364,-0.4611,UNCERTAIN,0.4246,UNCERTAIN,STALE_UNDERLYING,64030.62,64043.74,False,4.0,-1.0,0.002,-1.002,CT-only,,"{'C0': True, 'CT': True, 'CS': False, 'CS_short': False, 'C1': True, 'CT_plus_canonical_strike': False, 'CT_plus_proxy_strike': False}",BLOCKED_DATA,,0.002,-1.002,0.0,1.0,0.0,-1.0,,False,False,False
3079873_2026-07-25T11:10:37.730985+00:00,3079873,BTC,2026-07-25,2026-07-25T11:10:37.730985+00:00,4.37,0.29,0.3,0.3,0.01,YES,1,True,FORMER_FAVORITE,REVERSION,0.1351,0.6667,-0.1339,UNCERTAIN,0.4981,UNCERTAIN,STALE_UNDERLYING,64058.69,64069.99,False,3.3333,2.3333,0.002,2.3313,CT-only,,"{'C0': True, 'CT': True, 'CS': False, 'CS_short': False, 'C1': True, 'CT_plus_canonical_strike': False, 'CT_plus_proxy_strike': False}",BLOCKED_DATA,,0.0019999799999999997,2.33130002,0.0,0.9999899999999999,3.3333,2.33331,,True,True,False
3079942_2026-07-25T11:40:38.238191+00:00,3079942,BTC,2026-07-25,2026-07-25T11:40:38.238191+00:00,4.36,0.29,0.3,0.3,0.01,NO,0,True,FORMER_FAVORITE,REVERSION,0.2366,0.5455,-0.0819,REVERSION,0.0453,UNCERTAIN,STALE_UNDERLYING,64069.88,64086.55,False,3.3333,-1.0,0.002,-1.002,Both,,"{'C0': True, 'CT': True, 'CS': True, 'CS_short': False, 'C1': True, 'CT_plus_canonical_strike': False, 'CT_plus_proxy_strike': False}",BLOCKED_DATA,,0.0019999799999999997,-1.00199998,0.0,0.9999899999999999,0.0,-0.9999899999999999,,False,False,False
3081138_2026-07-25T13:55:06.985967+00:00,3081138,BTC,2026-07-25,2026-07-25T13:55:06.985967+00:00,4.88,0.31,0.32,0.32,0.01,NO,0,True,FORMER_FAVORITE,REVERSION,0.2727,0.5455,-0.0892,UNCERTAIN,0.3038,UNCERTAIN,STALE_UNDERLYING,64186.09,64199.98,False,3.125,-1.0,0.002,-1.002,CT-only,,"{'C0': True, 'CT': True, 'CS': False, 'CS_short': False, 'C1': True, 'CT_plus_canonical_strike': False, 'CT_plus_proxy_strike': False}",BLOCKED_DATA,,0.002,-1.002,0.0,1.0,0.0,-1.0,,False,False,False
3081705_2026-07-25T15:25:07.847171+00:00,3081705,BTC,2026-07-25,2026-07-25T15:25:07.847171+00:00,4.87,0.13,0.14,0.14,0.01,NO,0,True,FORMER_FAVORITE,REVERSION,0.1977,0.5833,-0.3117,REVERSION,0.1023,UNCERTAIN,STALE_UNDERLYING,64226.29,64245.15,False,7.1429,-1.0,0.002,-1.002,Both,,"{'C0': True, 'CT': True, 'CS': True, 'CS_short': False, 'C1': True, 'CT_plus_canonical_strike': False, 'CT_plus_proxy_strike': False}",BLOCKED_DATA,,0.0020000120000000002,-1.002000012,0.0,1.0000060000000002,0.0,-1.0000060000000002,,False,False,False
3089783_2026-07-25T19:25:08.046128+00:00,3089783,BTC,2026-07-25,2026-07-25T19:25:08.046128+00:00,4.87,0.2,0.21,0.21,0.01,NO,0,True,PERSISTENT_CHEAP,REVERSION,0.2258,0.7273,-0.2707,REVERSION,0.0873,UNCERTAIN,STALE_UNDERLYING,64422.0,64436.0,False,4.7619,-1.0,0.002,-1.002,Both,,"{'C0': True, 'CT': True, 'CS': True, 'CS_short': False, 'C1': True, 'CT_plus_canonical_strike': False, 'CT_plus_proxy_strike': False}",BLOCKED_DATA,,0.001999998,-1.001999998,0.0,0.999999,0.0,-0.999999,,False,False,False
3090242_2026-07-25T19:40:06.474886+00:00,3090242,BTC,2026-07-25,2026-07-25T19:40:06.474886+00:00,4.89,0.23,0.24,0.24,0.01,NO,0,True,FORMER_FAVORITE,REVERSION,0.3,0.5,-0.4325,UNCERTAIN,0.5416,UNCERTAIN,STALE_UNDERLYING,64399.57,64409.64,True,4.1667,-1.0,0.002,-1.002,CT-only,,"{'C0': True, 'CT': True, 'CS': False, 'CS_short': False, 'C1': True, 'CT_plus_canonical_strike': False, 'CT_plus_proxy_strike': True}",BLOCKED_DATA,,0.0020000159999999994,-1.002000016,0.0,1.0000079999999998,0.0,-1.0000079999999998,,False,False,False
3094469_2026-07-26T00:40:06.384624+00:00,3094469,BTC,2026-07-26,2026-07-26T00:40:06.384624+00:00,4.89,0.02,0.03,0.03,0.01,NO,0,True,FORMER_FAVORITE,REVERSION,0.3723,0.5833,-0.1095,UNCERTAIN,0.1426,UNCERTAIN,STALE_UNDERLYING,64419.78,64474.86,False,33.3333,-1.0,0.002,-1.002,CT-only,,"{'C0': True, 'CT': True, 'CS': False, 'CS_short': False, 'C1': True, 'CT_plus_canonical_strike': False, 'CT_plus_proxy_strike': False}",BLOCKED_DATA,,0.001999998,-1.001999998,0.0,0.999999,0.0,-0.999999,,False,False,False
3095467_2026-07-26T03:10:05.934691+00:00,3095467,BTC,2026-07-26,2026-07-26T03:10:05.934691+00:00,4.9,0.14,0.17,0.17,0.03,YES,1,True,OTHER_TRAJECTORY,REVERSION,0.381,0.5,-0.1554,TREND,0.6591,UNCERTAIN,STALE_UNDERLYING,64509.57,64527.57,False,5.8824,4.8824,0.002,4.8804,CT-only,,"{'C0': True, 'CT': True, 'CS': False, 'CS_short': False, 'C1': True, 'CT_plus_canonical_strike': False, 'CT_plus_proxy_strike': False}",BLOCKED_DATA,,0.002000016,4.880399983999999,0.0,1.000008,5.8824,4.882391999999999,,True,True,False
3097288_2026-07-26T04:55:05.943262+00:00,3097288,BTC,2026-07-26,2026-07-26T04:55:05.943262+00:00,4.9,0.11,0.12,0.12,0.01,NO,0,True,FORMER_FAVORITE,REVERSION,0.3393,0.4545,-0.1322,UNCERTAIN,0.0345,UNCERTAIN,STALE_UNDERLYING,64551.99,64579.98,False,8.3333,-1.0,0.002,-1.002,CT-only,,"{'C0': True, 'CT': True, 'CS': False, 'CS_short': False, 'C1': True, 'CT_plus_canonical_strike': False, 'CT_plus_proxy_strike': False}",BLOCKED_DATA,,0.001999992,-1.001999992,0.0,0.9999959999999999,0.0,-0.9999959999999999,,False,False,False
3097997_2026-07-26T05:10:06.436539+00:00,3097997,BTC,2026-07-26,2026-07-26T05:10:06.436539+00:00,4.89,0.15,0.16,0.16,0.01,NO,0,True,OTHER_TRAJECTORY,REVERSION,0.3608,0.6364,-0.2365,TREND,1.0,UNCERTAIN,STALE_UNDERLYING,64503.97,64530.06,True,6.25,-1.0,0.002,-1.002,CT-only,,"{'C0': True, 'CT': True, 'CS': False, 'CS_short': False, 'C1': True, 'CT_plus_canonical_strike': False, 'CT_plus_proxy_strike': True}",BLOCKED_DATA,,0.002,-1.002,0.0,1.0,0.0,-1.0,,False,False,False
3101164_2026-07-26T15:10:13.874042+00:00,3101164,BTC,2026-07-26,2026-07-26T15:10:13.874042+00:00,4.77,0.2,0.21,0.21,0.01,NO,0,True,FORMER_FAVORITE,REVERSION,0.1937,0.4545,-0.158,UNCERTAIN,0.116,UNCERTAIN,STALE_UNDERLYING,64686.0,64713.0,False,4.7619,-1.0,0.002,-1.002,CT-only,,"{'C0': True, 'CT': True, 'CS': False, 'CS_short': False, 'C1': True, 'CT_plus_canonical_strike': False, 'CT_plus_proxy_strike': False}",BLOCKED_DATA,,0.001999998,-1.001999998,0.0,0.999999,0.0,-0.999999,,False,False,False
3104943_2026-07-26T21:40:07.305264+00:00,3104943,BTC,2026-07-26,2026-07-26T21:40:07.305264+00:00,4.88,0.39,0.4,0.4,0.01,NO,0,True,FORMER_FAVORITE,REVERSION,0.084,0.5,-0.2458,UNCERTAIN,0.5997,UNCERTAIN,STALE_UNDERLYING,64803.0,64819.16,False,2.5,-1.0,0.002,-1.002,CT-only,,"{'C0': True, 'CT': True, 'CS': False, 'CS_short': False, 'C1': True, 'CT_plus_canonical_strike': False, 'CT_plus_proxy_strike': False}",BLOCKED_DATA,,0.002,-1.002,0.0,1.0,0.0,-1.0,,False,False,False
3105351_2026-07-26T22:55:07.698852+00:00,3105351,BTC,2026-07-26,2026-07-26T22:55:07.698852+00:00,4.87,0.18,0.19,0.19,0.01,NO,0,True,FORMER_FAVORITE,REVERSION,0.129,0.5,-0.0552,TREND,0.6852,UNCERTAIN,STALE_UNDERLYING,65426.01,65467.67,False,5.2632,-1.0,0.002,-1.002,CT-only,,"{'C0': True, 'CT': True, 'CS': False, 'CS_short': False, 'C1': True, 'CT_plus_canonical_strike': False, 'CT_plus_proxy_strike': False}",BLOCKED_DATA,,0.002000016,-1.002000016,0.0,1.000008,0.0,-1.000008,,False,False,False
3107382_2026-07-27T02:25:08.177375+00:00,3107382,BTC,2026-07-27,2026-07-27T02:25:08.177375+00:00,4.86,0.26,0.27,0.27,0.01,NO,0,True,FORMER_FAVORITE,REVERSION,0.1156,0.6667,-0.2559,REVERSION,0.1951,UNCERTAIN,STALE_UNDERLYING,65178.1,65206.0,False,3.7037,-1.0,0.002,-1.002,Both,,"{'C0': True, 'CT': True, 'CS': True, 'CS_short': False, 'C1': True, 'CT_plus_canonical_strike': False, 'CT_plus_proxy_strike': False}",BLOCKED_DATA,,0.0019999980000000002,-1.001999998,0.0,0.9999990000000001,0.0,-0.9999990000000001,,False,False,False
3107534_2026-07-27T03:40:07.285095+00:00,3107534,BTC,2026-07-27,2026-07-27T03:40:07.285095+00:00,4.88,0.22,0.23,0.23,0.01,YES,1,True,PERSISTENT_CHEAP,REVERSION,0.1045,0.7273,-0.3265,REVERSION,0.125,UNCERTAIN,STALE_UNDERLYING,65291.99,65319.99,False,4.3478,3.3478,0.002,3.3458,Both,,"{'C0': True, 'CT': True, 'CS': True, 'CS_short': False, 'C1': True, 'CT_plus_canonical_strike': False, 'CT_plus_proxy_strike': False}",BLOCKED_DATA,,0.0019999880000000003,3.3458000119999998,0.0,0.9999940000000002,4.3478,3.3478060000000003,,True,True,False
3108089_2026-07-27T05:40:35.946734+00:00,3108089,BTC,2026-07-27,2026-07-27T05:40:35.946734+00:00,4.4,0.08,0.09,0.09,0.01,NO,0,True,FORMER_FAVORITE,REVERSION,0.3425,0.8333,-0.5849,UNCERTAIN,0.3281,UNCERTAIN,STALE_UNDERLYING,65392.0,65411.99,False,11.1111,-1.0,0.002,-1.002,CT-only,,"{'C0': True, 'CT': True, 'CS': False, 'CS_short': False, 'C1': True, 'CT_plus_canonical_strike': False, 'CT_plus_proxy_strike': False}",BLOCKED_DATA,,0.001999998,-1.001999998,0.0,0.999999,0.0,-0.999999,,False,False,False
3113607_2026-07-27T11:10:14.264327+00:00,3113607,BTC,2026-07-27,2026-07-27T11:10:14.264327+00:00,4.76,0.08,0.09,0.09,0.01,NO,0,True,PERSISTENT_CHEAP,REVERSION,0.3429,0.5,-0.121,TREND,0.6707,UNCERTAIN,STALE_UNDERLYING,65310.43,65333.35,True,11.1111,-1.0,0.002,-1.002,CT-only,,"{'C0': True, 'CT': True, 'CS': False, 'CS_short': False, 'C1': True, 'CT_plus_canonical_strike': False, 'CT_plus_proxy_strike': True}",BLOCKED_DATA,,0.001999998,-1.001999998,0.0,0.999999,0.0,-0.999999,,False,False,False
3113641_2026-07-27T11:25:15.657758+00:00,3113641,BTC,2026-07-27,2026-07-27T11:25:15.657758+00:00,4.74,0.04,0.05,0.05,0.01,NO,0,True,FORMER_FAVORITE,REVERSION,0.3158,0.4545,-0.0905,TREND,0.752,UNCERTAIN,STALE_UNDERLYING,65185.14,65254.69,True,20.0,-1.0,0.002,-1.002,CT-only,,"{'C0': True, 'CT': True, 'CS': False, 'CS_short': False, 'C1': True, 'CT_plus_canonical_strike': False, 'CT_plus_proxy_strike': True}",BLOCKED_DATA,,0.002,-1.002,0.0,1.0,0.0,-1.0,,False,False,False
3114067_2026-07-27T13:10:36.580285+00:00,3114067,BTC,2026-07-27,2026-07-27T13:10:36.580285+00:00,4.39,0.13,0.14,0.14,0.01,NO,0,True,OTHER_TRAJECTORY,REVERSION,0.3394,0.6667,-0.3344,UNCERTAIN,0.0641,UNCERTAIN,STALE_UNDERLYING,65052.0,65086.0,False,7.1429,-1.0,0.002,-1.002,CT-only,,"{'C0': True, 'CT': True, 'CS': False, 'CS_short': False, 'C1': True, 'CT_plus_canonical_strike': False, 'CT_plus_proxy_strike': False}",BLOCKED_DATA,,0.0020000120000000002,-1.002000012,0.0,1.0000060000000002,0.0,-1.0000060000000002,,False,False,False
3114261_2026-07-27T13:25:40.662441+00:00,3114261,BTC,2026-07-27,2026-07-27T13:25:40.662441+00:00,4.32,0.11,0.12,0.12,0.01,NO,0,True,FORMER_FAVORITE,REVERSION,0.3805,0.625,-0.0855,UNCERTAIN,0.5473,UNCERTAIN,STALE_UNDERLYING,64958.17,64978.21,True,8.3333,-1.0,0.002,-1.002,CT-only,,"{'C0': True, 'CT': True, 'CS': False, 'CS_short': False, 'C1': True, 'CT_plus_canonical_strike': False, 'CT_plus_proxy_strike': True}",BLOCKED_DATA,,0.001999992,-1.001999992,0.0,0.9999959999999999,0.0,-0.9999959999999999,,False,False,False
3114538_2026-07-27T15:10:40.997199+00:00,3114538,BTC,2026-07-27,2026-07-27T15:10:40.997199+00:00,4.32,0.33,0.34,0.34,0.01,YES,1,True,FORMER_FAVORITE,REVERSION,0.1176,0.6154,-0.2479,REVERSION,0.3017,UNCERTAIN,STALE_UNDERLYING,64605.99,64687.45,False,2.9412,1.9412,0.002,1.9392,Both,,"{'C0': True, 'CT': True, 'CS': True, 'CS_short': False, 'C1': True, 'CT_plus_canonical_strike': False, 'CT_plus_proxy_strike': False}",BLOCKED_DATA,,0.002000016,1.939199984,0.0,1.000008,2.9412,1.9411919999999998,,True,True,False
3114567_2026-07-27T15:25:41.470212+00:00,3114567,BTC,2026-07-27,2026-07-27T15:25:41.470212+00:00,4.31,0.1,0.11,0.11,0.01,NO,0,True,FORMER_FAVORITE,REVERSION,0.2923,0.6667,-0.2303,REVERSION,0.1572,UNCERTAIN,STALE_UNDERLYING,64627.25,64728.87,False,9.0909,-1.0,0.002,-1.002,Both,,"{'C0': True, 'CT': True, 'CS': True, 'CS_short': False, 'C1': True, 'CT_plus_canonical_strike': False, 'CT_plus_proxy_strike': False}",BLOCKED_DATA,,0.001999998,-1.001999998,0.0,0.999999,0.0,-0.999999,,False,False,False
3114589_2026-07-27T15:40:40.043704+00:00,3114589,BTC,2026-07-27,2026-07-27T15:40:40.043704+00:00,4.33,0.15,0.16,0.16,0.01,NO,0,True,FORMER_FAVORITE,REVERSION,0.3404,0.4615,-0.2952,TREND,0.733,UNCERTAIN,STALE_UNDERLYING,64560.0,64658.0,False,6.25,-1.0,0.002,-1.002,CT-only,,"{'C0': True, 'CT': True, 'CS': False, 'CS_short': False, 'C1': True, 'CT_plus_canonical_strike': False, 'CT_plus_proxy_strike': False}",BLOCKED_DATA,,0.002,-1.002,0.0,1.0,0.0,-1.0,,False,False,False
3114962_2026-07-27T17:10:41.633810+00:00,3114962,BTC,2026-07-27,2026-07-27T17:10:41.633810+00:00,4.31,0.24,0.25,0.25,0.01,NO,0,True,FORMER_FAVORITE,REVERSION,0.1806,0.5,-0.1698,REVERSION,0.3133,UNCERTAIN,STALE_UNDERLYING,64850.91,64898.53,False,4.0,-1.0,0.002,-1.002,Both,,"{'C0': True, 'CT': True, 'CS': True, 'CS_short': False, 'C1': True, 'CT_plus_canonical_strike': False, 'CT_plus_proxy_strike': False}",BLOCKED_DATA,,0.002,-1.002,0.0,1.0,0.0,-1.0,,False,False,False
3115746_2026-07-27T17:55:40.038164+00:00,3115746,BTC,2026-07-27,2026-07-27T17:55:40.038164+00:00,4.33,0.34,0.35,0.35,0.01,YES,1,True,OTHER_TRAJECTORY,REVERSION,0.1429,0.4545,-0.3761,REVERSION,0.1232,UNCERTAIN,STALE_UNDERLYING,64979.99,65000.01,True,2.8571,1.8571,0.002,1.8551,Both,,"{'C0': True, 'CT': True, 'CS': True, 'CS_short': False, 'C1': True, 'CT_plus_canonical_strike': False, 'CT_plus_proxy_strike': True}",BLOCKED_DATA,,0.00199997,1.85510003,0.0,0.9999849999999999,2.8571,1.857115,,True,True,False
3116959_2026-07-27T19:25:40.707277+00:00,3116959,BTC,2026-07-27,2026-07-27T19:25:40.707277+00:00,4.32,0.24,0.25,0.25,0.01,YES,1,True,FORMER_FAVORITE,REVERSION,0.1429,0.4615,-0.1025,REVERSION,0.3779,UNCERTAIN,STALE_UNDERLYING,64959.47,64974.01,False,4.0,3.0,0.002,2.998,Both,,"{'C0': True, 'CT': True, 'CS': True, 'CS_short': False, 'C1': True, 'CT_plus_canonical_strike': False, 'CT_plus_proxy_strike': False}",BLOCKED_DATA,,0.002,2.998,0.0,1.0,4.0,3.0,,True,True,False
3120012_2026-07-27T20:40:40.064894+00:00,3120012,BTC,2026-07-27,2026-07-27T20:40:40.064894+00:00,4.33,0.05,0.06,0.06,0.01,NO,0,True,FORMER_FAVORITE,REVERSION,0.3099,0.4615,-0.0891,UNCERTAIN,0.0653,UNCERTAIN,STALE_UNDERLYING,64968.0,65015.24,False,16.6667,-1.0,0.002,-1.002,CT-only,,"{'C0': True, 'CT': True, 'CS': False, 'CS_short': False, 'C1': True, 'CT_plus_canonical_strike': False, 'CT_plus_proxy_strike': False}",BLOCKED_DATA,,0.0020000039999999997,-1.002000004,0.0,1.0000019999999998,0.0,-1.0000019999999998,,False,False,False
3120686_2026-07-27T21:10:40.023131+00:00,3120686,BTC,2026-07-27,2026-07-27T21:10:40.023131+00:00,4.33,0.1,0.11,0.11,0.01,NO,0,True,OTHER_TRAJECTORY,REVERSION,0.3261,0.5,-0.1974,REVERSION,0.1551,UNCERTAIN,STALE_UNDERLYING,64931.29,64960.64,False,9.0909,-1.0,0.002,-1.002,Both,,"{'C0': True, 'CT': True, 'CS': True, 'CS_short': False, 'C1': True, 'CT_plus_canonical_strike': False, 'CT_plus_proxy_strike': False}",BLOCKED_DATA,,0.001999998,-1.001999998,0.0,0.999999,0.0,-0.999999,,False,False,False
3121806_2026-07-27T23:10:40.619215+00:00,3121806,BTC,2026-07-27,2026-07-27T23:10:40.619215+00:00,4.32,0.13,0.14,0.14,0.01,YES,1,True,FORMER_FAVORITE,REVERSION,0.1625,0.5385,-0.1176,TREND,1.0,UNCERTAIN,STALE_UNDERLYING,63666.18,63792.01,True,7.1429,6.1429,0.002,6.1409,CT-only,,"{'C0': True, 'CT': True, 'CS': False, 'CS_short': False, 'C1': True, 'CT_plus_canonical_strike': False, 'CT_plus_proxy_strike': True}",BLOCKED_DATA,,0.0020000120000000002,6.140899988,0.0,1.0000060000000002,7.1429,6.142894,,True,True,False
3122405_2026-07-28T00:55:41.090204+00:00,3122405,BTC,2026-07-28,2026-07-28T00:55:41.090204+00:00,4.32,0.16,0.17,0.17,0.01,NO,0,True,OTHER_TRAJECTORY,REVERSION,0.32,0.6923,-0.3406,TREND,0.9159,UNCERTAIN,STALE_UNDERLYING,63513.4,63610.0,True,5.8824,-1.0,0.002,-1.002,CT-only,,"{'C0': True, 'CT': True, 'CS': False, 'CS_short': False, 'C1': True, 'CT_plus_canonical_strike': False, 'CT_plus_proxy_strike': True}",BLOCKED_DATA,,0.002000016,-1.002000016,0.0,1.000008,0.0,-1.000008,,False,False,False
3125273_2026-07-28T08:40:27.795798+00:00,3125273,BTC,2026-07-28,2026-07-28T08:40:27.795798+00:00,4.54,0.26,0.32,0.32,0.06,YES,1,True,OTHER_TRAJECTORY,REVERSION,0.2473,0.5,-0.0644,UNCERTAIN,0.192,UNCERTAIN,STALE_UNDERLYING,63465.33,63480.0,False,3.125,2.125,0.002,2.123,CT-only,,"{'C0': True, 'CT': True, 'CS': False, 'CS_short': False, 'C1': True, 'CT_plus_canonical_strike': False, 'CT_plus_proxy_strike': False}",BLOCKED_DATA,,0.002,2.123,0.0,1.0,3.125,2.125,,True,True,False
3129246_2026-07-28T19:25:44.627858+00:00,3129246,BTC,2026-07-28,2026-07-28T19:25:44.627858+00:00,4.26,0.3,0.31,0.31,0.01,NO,0,True,FORMER_FAVORITE,REVERSION,0.1654,0.5,-0.3827,REVERSION,0.153,UNCERTAIN,STALE_UNDERLYING,63765.68,63761.87,True,3.2258,-1.0,0.002,-1.002,Both,,"{'C0': True, 'CT': True, 'CS': True, 'CS_short': False, 'C1': True, 'CT_plus_canonical_strike': False, 'CT_plus_proxy_strike': True}",BLOCKED_DATA,,0.001999996,-1.001999996,0.0,0.9999979999999999,0.0,-0.9999979999999999,,False,False,False
3132446_2026-07-28T21:25:42.567952+00:00,3132446,BTC,2026-07-28,2026-07-28T21:25:42.567952+00:00,4.29,0.37,0.38,0.38,0.01,NO,0,True,OTHER_TRAJECTORY,REVERSION,0.1765,0.5,-0.2026,UNCERTAIN,0.0607,UNCERTAIN,STALE_UNDERLYING,63909.99,63924.01,True,2.6316,-1.0,0.002,-1.002,CT-only,,"{'C0': True, 'CT': True, 'CS': False, 'CS_short': False, 'C1': True, 'CT_plus_canonical_strike': False, 'CT_plus_proxy_strike': True}",BLOCKED_DATA,,0.002000016,-1.002000016,0.0,1.000008,0.0,-1.000008,,False,False,False
3133991_2026-07-28T21:55:44.135020+00:00,3133991,BTC,2026-07-28,2026-07-28T21:55:44.135020+00:00,4.26,0.28,0.29,0.29,0.01,NO,0,True,OTHER_TRAJECTORY,REVERSION,0.253,0.8462,-0.4505,TREND,0.6631,UNCERTAIN,STALE_UNDERLYING,64018.0,64042.89,False,3.4483,-1.0,0.002,-1.002,CT-only,,"{'C0': True, 'CT': True, 'CS': False, 'CS_short': False, 'C1': True, 'CT_plus_canonical_strike': False, 'CT_plus_proxy_strike': False}",BLOCKED_DATA,,0.0020000139999999996,-1.002000014,0.0,1.0000069999999999,0.0,-1.0000069999999999,,False,False,False
3135888_2026-07-28T22:40:42.538121+00:00,3135888,BTC,2026-07-28,2026-07-28T22:40:42.538121+00:00,4.29,0.17,0.18,0.18,0.01,NO,0,True,OTHER_TRAJECTORY,REVERSION,0.24,0.5833,-0.2845,TREND,1.0,UNCERTAIN,STALE_UNDERLYING,63864.47,63918.0,True,5.5556,-1.0,0.002,-1.002,CT-only,,"{'C0': True, 'CT': True, 'CS': False, 'CS_short': False, 'C1': True, 'CT_plus_canonical_strike': False, 'CT_plus_proxy_strike': True}",BLOCKED_DATA,,0.002000016,-1.002000016,0.0,1.000008,0.0,-1.000008,,False,False,False
3141485_2026-07-28T23:25:44.564928+00:00,3141485,BTC,2026-07-28,2026-07-28T23:25:44.564928+00:00,4.26,0.06,0.07,0.07,0.01,YES,1,True,FORMER_FAVORITE,REVERSION,0.3858,0.6923,-0.2332,TREND,0.8753,UNCERTAIN,STALE_UNDERLYING,63593.96,63627.99,True,14.2857,13.2857,0.002,13.2837,CT-only,,"{'C0': True, 'CT': True, 'CS': False, 'CS_short': False, 'C1': True, 'CT_plus_canonical_strike': False, 'CT_plus_proxy_strike': True}",BLOCKED_DATA,,0.0019999980000000002,13.283700002,0.0,0.9999990000000001,14.2857,13.285701,,True,True,False
3142367_2026-07-29T00:55:43.612483+00:00,3142367,BTC,2026-07-29,2026-07-29T00:55:43.612483+00:00,4.27,0.28,0.29,0.29,0.01,NO,0,True,FORMER_FAVORITE,REVERSION,0.1572,0.6923,-0.3128,REVERSION,0.1954,UNCERTAIN,STALE_UNDERLYING,64090.54,64084.01,False,3.4483,-1.0,0.002,-1.002,Both,,"{'C0': True, 'CT': True, 'CS': True, 'CS_short': False, 'C1': True, 'CT_plus_canonical_strike': False, 'CT_plus_proxy_strike': False}",BLOCKED_DATA,,0.0020000139999999996,-1.002000014,0.0,1.0000069999999999,0.0,-1.0000069999999999,,False,False,False
3142638_2026-07-29T01:40:44.704850+00:00,3142638,BTC,2026-07-29,2026-07-29T01:40:44.704850+00:00,4.25,0.16,0.17,0.17,0.01,NO,0,True,FORMER_FAVORITE,REVERSION,0.2154,0.6923,-0.5421,UNCERTAIN,0.5623,UNCERTAIN,STALE_UNDERLYING,63893.02,63909.99,False,5.8824,-1.0,0.002,-1.002,CT-only,,"{'C0': True, 'CT': True, 'CS': False, 'CS_short': False, 'C1': True, 'CT_plus_canonical_strike': False, 'CT_plus_proxy_strike': False}",BLOCKED_DATA,,0.002000016,-1.002000016,0.0,1.000008,0.0,-1.000008,,False,False,False
3142781_2026-07-29T01:55:44.601996+00:00,3142781,BTC,2026-07-29,2026-07-29T01:55:44.601996+00:00,4.26,0.09,0.1,0.1,0.01,NO,0,True,FORMER_FAVORITE,REVERSION,0.1831,0.5385,-0.272,TREND,0.8667,UNCERTAIN,STALE_UNDERLYING,63740.74,63811.36,True,10.0,-1.0,0.002,-1.002,CT-only,,"{'C0': True, 'CT': True, 'CS': False, 'CS_short': False, 'C1': True, 'CT_plus_canonical_strike': False, 'CT_plus_proxy_strike': True}",BLOCKED_DATA,,0.002,-1.002,0.0,1.0,0.0,-1.0,,False,False,False
3150049_2026-07-29T06:55:43.842135+00:00,3150049,BTC,2026-07-29,2026-07-29T06:55:43.842135+00:00,4.27,0.1,0.11,0.11,0.01,NO,0,True,PERSISTENT_CHEAP,REVERSION,0.3187,0.5455,-0.197,REVERSION,0.1459,UNCERTAIN,STALE_UNDERLYING,64421.1,64463.0,False,9.0909,-1.0,0.002,-1.002,Both,,"{'C0': True, 'CT': True, 'CS': True, 'CS_short': False, 'C1': True, 'CT_plus_canonical_strike': False, 'CT_plus_proxy_strike': False}",BLOCKED_DATA,,0.001999998,-1.001999998,0.0,0.999999,0.0,-0.999999,,False,False,False
3151529_2026-07-29T10:25:43.512398+00:00,3151529,BTC,2026-07-29,2026-07-29T10:25:43.512398+00:00,4.27,0.12,0.13,0.13,0.01,NO,0,True,FORMER_FAVORITE,REVERSION,0.3443,0.6667,-0.1612,TREND,0.6404,UNCERTAIN,STALE_UNDERLYING,64646.14,64663.99,True,7.6923,-1.0,0.002,-1.002,CT-only,,"{'C0': True, 'CT': True, 'CS': False, 'CS_short': False, 'C1': True, 'CT_plus_canonical_strike': False, 'CT_plus_proxy_strike': True}",BLOCKED_DATA,,0.0019999980000000002,-1.001999998,0.0,0.9999990000000001,0.0,-0.9999990000000001,,False,False,False
3155014_2026-07-29T12:55:42.583079+00:00,3155014,BTC,2026-07-29,2026-07-29T12:55:42.583079+00:00,4.29,0.16,0.17,0.17,0.01,NO,0,True,FORMER_FAVORITE,REVERSION,0.3548,0.6154,-0.5173,UNCERTAIN,0.4097,UNCERTAIN,STALE_UNDERLYING,64293.81,64333.59,False,5.8824,-1.0,0.002,-1.002,CT-only,,"{'C0': True, 'CT': True, 'CS': False, 'CS_short': False, 'C1': True, 'CT_plus_canonical_strike': False, 'CT_plus_proxy_strike': False}",BLOCKED_DATA,,0.002000016,-1.002000016,0.0,1.000008,0.0,-1.000008,,False,False,False
3155768_2026-07-29T13:55:42.557456+00:00,3155768,BTC,2026-07-29,2026-07-29T13:55:42.557456+00:00,4.29,0.31,0.32,0.32,0.01,YES,1,True,FORMER_FAVORITE,REVERSION,0.1387,0.4615,-0.2074,UNCERTAIN,0.4598,UNCERTAIN,STALE_UNDERLYING,64479.51,64478.51,False,3.125,2.125,0.002,2.123,CT-only,,"{'C0': True, 'CT': True, 'CS': False, 'CS_short': False, 'C1': True, 'CT_plus_canonical_strike': False, 'CT_plus_proxy_strike': False}",BLOCKED_DATA,,0.002,2.123,0.0,1.0,3.125,2.125,,True,True,False
3157228_2026-07-29T15:25:43.589858+00:00,3157228,BTC,2026-07-29,2026-07-29T15:25:43.589858+00:00,4.27,0.04,0.05,0.05,0.01,NO,0,True,FORMER_FAVORITE,REVERSION,0.3871,0.7692,-0.1277,REVERSION,0.22,UNCERTAIN,STALE_UNDERLYING,64033.09,64135.99,False,20.0,-1.0,0.002,-1.002,Both,,"{'C0': True, 'CT': True, 'CS': True, 'CS_short': False, 'C1': True, 'CT_plus_canonical_strike': False, 'CT_plus_proxy_strike': False}",BLOCKED_DATA,,0.002,-1.002,0.0,1.0,0.0,-1.0,,False,False,False
3182746_2026-07-29T19:25:43.002914+00:00,3182746,BTC,2026-07-29,2026-07-29T19:25:43.002914+00:00,4.28,0.03,0.04,0.04,0.01,NO,0,True,FORMER_FAVORITE,REVERSION,0.374,0.5385,-0.1776,TREND,0.758,UNCERTAIN,STALE_UNDERLYING,64151.97,64284.0,True,25.0,-1.0,0.002,-1.002,CT-only,,"{'C0': True, 'CT': True, 'CS': False, 'CS_short': False, 'C1': True, 'CT_plus_canonical_strike': False, 'CT_plus_proxy_strike': True}",BLOCKED_DATA,,0.002,-1.002,0.0,1.0,0.0,-1.0,,False,False,False
3187613_2026-07-29T20:10:44.072599+00:00,3187613,BTC,2026-07-29,2026-07-29T20:10:44.072599+00:00,4.27,0.02,0.03,0.03,0.01,YES,1,True,OTHER_TRAJECTORY,REVERSION,0.2899,0.5385,-0.2504,TREND,1.0,UNCERTAIN,STALE_UNDERLYING,63378.1,63589.46,True,33.3333,32.3333,0.002,32.3313,CT-only,,"{'C0': True, 'CT': True, 'CS': False, 'CS_short': False, 'C1': True, 'CT_plus_canonical_strike': False, 'CT_plus_proxy_strike': True}",BLOCKED_DATA,,0.001999998,32.331300002,0.0,0.999999,33.3333,32.333301,,True,True,False
3188372_2026-07-29T20:55:43.093513+00:00,3188372,BTC,2026-07-29,2026-07-29T20:55:43.093513+00:00,4.28,0.21,0.22,0.22,0.01,NO,0,True,OTHER_TRAJECTORY,REVERSION,0.2917,0.8462,-0.5889,UNCERTAIN,0.0775,UNCERTAIN,STALE_UNDERLYING,63559.68,63590.9,False,4.5455,-1.0,0.002,-1.002,CT-only,,"{'C0': True, 'CT': True, 'CS': False, 'CS_short': False, 'C1': True, 'CT_plus_canonical_strike': False, 'CT_plus_proxy_strike': False}",BLOCKED_DATA,,0.00200002,-1.00200002,0.0,1.0000099999999998,0.0,-1.0000099999999998,,False,False,False
3190201_2026-07-29T21:10:44.011497+00:00,3190201,BTC,2026-07-29,2026-07-29T21:10:44.011497+00:00,4.27,0.22,0.228,0.228,0.008,NO,0,True,FORMER_FAVORITE,REVERSION,0.1618,0.5455,-0.2361,TREND,0.7252,UNCERTAIN,STALE_UNDERLYING,63350.82,63522.01,False,4.386,-1.0,0.002,-1.002,CT-only,,"{'C0': True, 'CT': True, 'CS': False, 'CS_short': False, 'C1': True, 'CT_plus_canonical_strike': False, 'CT_plus_proxy_strike': False}",BLOCKED_DATA,,0.002000016,-1.002000016,0.0,1.000008,0.0,-1.000008,,False,False,False
3196869_2026-07-30T04:25:29.896765+00:00,3196869,BTC,2026-07-30,2026-07-30T04:25:29.896765+00:00,4.5,0.11,0.12,0.12,0.01,NO,0,True,OTHER_TRAJECTORY,REVERSION,0.2727,0.5833,-0.4354,TREND,0.6529,UNCERTAIN,STALE_UNDERLYING,64097.99,64145.0,False,8.3333,-1.0,0.002,-1.002,CT-only,,"{'C0': True, 'CT': True, 'CS': False, 'CS_short': False, 'C1': True, 'CT_plus_canonical_strike': False, 'CT_plus_proxy_strike': False}",BLOCKED_DATA,,0.001999992,-1.001999992,0.0,0.9999959999999999,0.0,-0.9999959999999999,,False,False,False
3199352_2026-07-30T06:55:28.813623+00:00,3199352,BTC,2026-07-30,2026-07-30T06:55:28.813623+00:00,4.52,0.34,0.35,0.35,0.01,NO,0,True,FORMER_FAVORITE,REVERSION,0.1231,0.4615,-0.1913,TREND,0.9004,UNCERTAIN,STALE_UNDERLYING,64004.22,64007.4,True,2.8571,-1.0,0.002,-1.002,CT-only,,"{'C0': True, 'CT': True, 'CS': False, 'CS_short': False, 'C1': True, 'CT_plus_canonical_strike': False, 'CT_plus_proxy_strike': True}",BLOCKED_DATA,,0.00199997,-1.00199997,0.0,0.9999849999999999,0.0,-0.9999849999999999,,False,False,False
3199615_2026-07-30T07:55:31.224454+00:00,3199615,BTC,2026-07-30,2026-07-30T07:55:31.224454+00:00,4.48,0.13,0.14,0.14,0.01,NO,0,True,OTHER_TRAJECTORY,REVERSION,0.3333,0.6667,-0.4436,REVERSION,0.2853,UNCERTAIN,STALE_UNDERLYING,64012.8,64041.5,False,7.1429,-1.0,0.002,-1.002,Both,,"{'C0': True, 'CT': True, 'CS': True, 'CS_short': False, 'C1': True, 'CT_plus_canonical_strike': False, 'CT_plus_proxy_strike': False}",BLOCKED_DATA,,0.0020000120000000002,-1.002000012,0.0,1.0000060000000002,0.0,-1.0000060000000002,,False,False,False
3215202_2026-07-31T01:25:29.266076+00:00,3215202,BTC,2026-07-31,2026-07-31T01:25:29.266076+00:00,4.51,0.18,0.19,0.19,0.01,NO,0,True,PERSISTENT_CHEAP,REVERSION,0.35,0.7778,-0.2759,UNCERTAIN,0.4316,UNCERTAIN,STALE_UNDERLYING,65108.88,65189.32,False,5.2632,-1.0,0.002,-1.002,CT-only,,"{'C0': True, 'CT': True, 'CS': False, 'CS_short': False, 'C1': True, 'CT_plus_canonical_strike': False, 'CT_plus_proxy_strike': False}",BLOCKED_DATA,,0.002000016,-1.002000016,0.0,1.000008,0.0,-1.000008,,False,False,False
3218942_2026-07-31T05:25:33.657269+00:00,3218942,BTC,2026-07-31,2026-07-31T05:25:33.657269+00:00,4.44,0.09,0.1,0.1,0.01,NO,0,True,OTHER_TRAJECTORY,REVERSION,0.3333,1.0,-0.7283,UNCERTAIN,0.4804,UNCERTAIN,STALE_UNDERLYING,64391.95,64415.72,False,10.0,-1.0,0.002,-1.002,CT-only,,"{'C0': True, 'CT': True, 'CS': False, 'CS_short': False, 'C1': True, 'CT_plus_canonical_strike': False, 'CT_plus_proxy_strike': False}",BLOCKED_DATA,,0.002,-1.002,0.0,1.0,0.0,-1.0,,False,False,False
3220686_2026-07-31T11:55:11.797834+00:00,3220686,BTC,2026-07-31,2026-07-31T11:55:11.797834+00:00,4.8,0.28,0.29,0.29,0.01,NO,0,True,FORMER_FAVORITE,REVERSION,0.2743,0.5,-0.4719,UNCERTAIN,0.5113,UNCERTAIN,STALE_UNDERLYING,63844.6,63844.61,True,3.4483,-1.0,0.002,-1.002,CT-only,,"{'C0': True, 'CT': True, 'CS': False, 'CS_short': False, 'C1': True, 'CT_plus_canonical_strike': False, 'CT_plus_proxy_strike': True}",BLOCKED_DATA,,0.0020000139999999996,-1.002000014,0.0,1.0000069999999999,0.0,-1.0000069999999999,,False,False,False
3222390_2026-07-31T14:25:16.156643+00:00,3222390,BTC,2026-07-31,2026-07-31T14:25:16.156643+00:00,4.73,0.34,0.35,0.35,0.01,NO,0,True,OTHER_TRAJECTORY,REVERSION,0.3143,0.7143,-0.2601,TREND,0.9225,UNCERTAIN,STALE_UNDERLYING,62594.0,62697.02,True,2.8571,-1.0,0.002,-1.002,CT-only,,"{'C0': True, 'CT': True, 'CS': False, 'CS_short': False, 'C1': True, 'CT_plus_canonical_strike': False, 'CT_plus_proxy_strike': True}",BLOCKED_DATA,,0.00199997,-1.00199997,0.0,0.9999849999999999,0.0,-0.9999849999999999,,False,False,False
3222933_2026-07-31T15:25:16.689530+00:00,3222933,BTC,2026-07-31,2026-07-31T15:25:16.689530+00:00,4.72,0.2,0.21,0.21,0.01,NO,0,True,FORMER_FAVORITE,REVERSION,0.3846,0.5,-0.2919,TREND,1.0,UNCERTAIN,STALE_UNDERLYING,62517.28,62616.01,True,4.7619,-1.0,0.002,-1.002,CT-only,,"{'C0': True, 'CT': True, 'CS': False, 'CS_short': False, 'C1': True, 'CT_plus_canonical_strike': False, 'CT_plus_proxy_strike': True}",BLOCKED_DATA,,0.001999998,-1.001999998,0.0,0.999999,0.0,-0.999999,,False,False,False
3223128_2026-07-31T15:55:18.081018+00:00,3223128,BTC,2026-07-31,2026-07-31T15:55:18.081018+00:00,4.7,0.39,0.4,0.4,0.01,NO,0,True,OTHER_TRAJECTORY,REVERSION,0.0926,0.6667,-0.2653,UNCERTAIN,0.4652,UNCERTAIN,STALE_UNDERLYING,62750.01,62761.41,False,2.5,-1.0,0.002,-1.002,CT-only,,"{'C0': True, 'CT': True, 'CS': False, 'CS_short': False, 'C1': True, 'CT_plus_canonical_strike': False, 'CT_plus_proxy_strike': False}",BLOCKED_DATA,,0.002,-1.002,0.0,1.0,0.0,-1.0,,False,False,False
3226521_2026-07-31T17:10:13.018095+00:00,3226521,BTC,2026-07-31,2026-07-31T17:10:13.018095+00:00,4.78,0.27,0.29,0.29,0.02,YES,1,True,OTHER_TRAJECTORY,REVERSION,0.2245,0.6667,-0.4788,REVERSION,0.1128,UNCERTAIN,STALE_UNDERLYING,62832.0,62870.87,False,3.4483,2.4483,0.002,2.4463,Both,,"{'C0': True, 'CT': True, 'CS': True, 'CS_short': False, 'C1': True, 'CT_plus_canonical_strike': False, 'CT_plus_proxy_strike': False}",BLOCKED_DATA,,0.0020000139999999996,2.446299986,0.0,1.0000069999999999,3.4483,2.4482930000000005,,True,True,False
3231554_2026-07-31T20:40:11.873212+00:00,3231554,BTC,2026-07-31,2026-07-31T20:40:11.873212+00:00,4.8,0.06,0.07,0.07,0.01,NO,0,True,OTHER_TRAJECTORY,REVERSION,0.3913,0.7273,-0.0647,REVERSION,0.3479,UNCERTAIN,STALE_UNDERLYING,62960.01,63005.52,False,14.2857,-1.0,0.002,-1.002,Both,,"{'C0': True, 'CT': True, 'CS': True, 'CS_short': False, 'C1': True, 'CT_plus_canonical_strike': False, 'CT_plus_proxy_strike': False}",BLOCKED_DATA,,0.0019999980000000002,-1.001999998,0.0,0.9999990000000001,0.0,-0.9999990000000001,,False,False,False
3231676_2026-07-31T20:55:13.974461+00:00,3231676,BTC,2026-07-31,2026-07-31T20:55:13.974461+00:00,4.77,0.16,0.17,0.17,0.01,NO,0,True,FORMER_FAVORITE,REVERSION,0.3393,0.5714,-0.4823,UNCERTAIN,0.454,UNCERTAIN,STALE_UNDERLYING,62952.64,62990.58,False,5.8824,-1.0,0.002,-1.002,CT-only,,"{'C0': True, 'CT': True, 'CS': False, 'CS_short': False, 'C1': True, 'CT_plus_canonical_strike': False, 'CT_plus_proxy_strike': False}",BLOCKED_DATA,,0.002000016,-1.002000016,0.0,1.000008,0.0,-1.000008,,False,False,False
3234658_2026-08-01T01:25:14.110270+00:00,3234658,BTC,2026-08-01,2026-08-01T01:25:14.110270+00:00,4.76,0.39,0.4,0.4,0.01,NO,0,True,FORMER_FAVORITE,REVERSION,0.12,0.7,-0.0928,UNCERTAIN,0.0351,UNCERTAIN,STALE_UNDERLYING,62940.0,62967.34,False,2.5,-1.0,0.002,-1.002,CT-only,,"{'C0': True, 'CT': True, 'CS': False, 'CS_short': False, 'C1': True, 'CT_plus_canonical_strike': False, 'CT_plus_proxy_strike': False}",BLOCKED_DATA,,0.002,-1.002,0.0,1.0,0.0,-1.0,,False,False,False
3235397_2026-08-01T02:55:13.675008+00:00,3235397,BTC,2026-08-01,2026-08-01T02:55:13.675008+00:00,4.77,0.15,0.16,0.16,0.01,NO,0,True,FORMER_FAVORITE,REVERSION,0.2241,0.6667,-0.3854,REVERSION,0.0665,UNCERTAIN,STALE_UNDERLYING,63073.03,63085.0,False,6.25,-1.0,0.002,-1.002,Both,,"{'C0': True, 'CT': True, 'CS': True, 'CS_short': False, 'C1': True, 'CT_plus_canonical_strike': False, 'CT_plus_proxy_strike': False}",BLOCKED_DATA,,0.002,-1.002,0.0,1.0,0.0,-1.0,,False,False,False
3237617_2026-08-01T05:25:15.968299+00:00,3237617,BTC,2026-08-01,2026-08-01T05:25:15.968299+00:00,4.73,0.12,0.13,0.13,0.01,NO,0,True,PERSISTENT_CHEAP,REVERSION,0.3182,0.75,-0.4448,REVERSION,0.3213,UNCERTAIN,STALE_UNDERLYING,63100.01,63122.91,False,7.6923,-1.0,0.002,-1.002,Both,,"{'C0': True, 'CT': True, 'CS': True, 'CS_short': False, 'C1': True, 'CT_plus_canonical_strike': False, 'CT_plus_proxy_strike': False}",BLOCKED_DATA,,0.0019999980000000002,-1.001999998,0.0,0.9999990000000001,0.0,-0.9999990000000001,,False,False,False
3240394_2026-08-01T13:10:15.328403+00:00,3240394,BTC,2026-08-01,2026-08-01T13:10:15.328403+00:00,4.74,0.2,0.28,0.28,0.08,NO,0,True,FORMER_FAVORITE,REVERSION,0.1864,0.6,-0.4416,QUIET,0.144646924829286,UNCERTAIN,STALE_UNDERLYING,63102.58,63103.68,True,3.5714,-1.0,0.002,-1.002,CT-only,,"{'C0': True, 'CT': True, 'CS': False, 'CS_short': False, 'C1': True, 'CT_plus_canonical_strike': False, 'CT_plus_proxy_strike': True}",BLOCKED_DATA,,0.0019999840000000002,-1.001999984,0.0,0.9999920000000001,0.0,-0.9999920000000001,,False,False,False
3247798_2026-08-01T21:40:57.875343+00:00,3247798,BTC,2026-08-01,2026-08-01T21:40:57.875343+00:00,4.04,0.31,0.32,0.32,0.01,YES,1,True,FORMER_FAVORITE,REVERSION,0.1333,0.5714,-0.3918,REVERSION,0.2189,UNCERTAIN,STALE_UNDERLYING,62789.96,62793.21,False,3.125,2.125,0.002,2.123,Both,,"{'C0': True, 'CT': True, 'CS': True, 'CS_short': False, 'C1': True, 'CT_plus_canonical_strike': False, 'CT_plus_proxy_strike': False}",BLOCKED_DATA,,0.002,2.123,0.0,1.0,3.125,2.125,,True,True,False
3252038_2026-08-02T00:25:14.819312+00:00,3252038,BTC,2026-08-02,2026-08-02T00:25:14.819312+00:00,4.75,0.25,0.26,0.26,0.01,NO,0,True,OTHER_TRAJECTORY,REVERSION,0.3659,0.75,-0.6275,TREND,0.7342,UNCERTAIN,STALE_UNDERLYING,62913.49,62929.75,False,3.8462,-1.0,0.002,-1.002,CT-only,,"{'C0': True, 'CT': True, 'CS': False, 'CS_short': False, 'C1': True, 'CT_plus_canonical_strike': False, 'CT_plus_proxy_strike': False}",BLOCKED_DATA,,0.0020000240000000004,-1.002000024,0.0,1.0000120000000001,0.0,-1.0000120000000001,,False,False,False
3254692_2026-08-02T04:40:53.447111+00:00,3254692,BTC,2026-08-02,2026-08-02T04:40:53.447111+00:00,4.11,0.2,0.21,0.21,0.01,NO,0,True,FORMER_FAVORITE,REVERSION,0.1923,0.625,-0.2143,REVERSION,0.011,UNCERTAIN,STALE_UNDERLYING,63542.62,63546.01,False,4.7619,-1.0,0.002,-1.002,Both,,"{'C0': True, 'CT': True, 'CS': True, 'CS_short': False, 'C1': True, 'CT_plus_canonical_strike': False, 'CT_plus_proxy_strike': False}",BLOCKED_DATA,,0.001999998,-1.001999998,0.0,0.999999,0.0,-0.999999,,False,False,False
3258612_2026-08-02T06:55:07.142696+00:00,3258612,BTC,2026-08-02,2026-08-02T06:55:07.142696+00:00,4.88,0.33,0.34,0.34,0.01,NO,0,True,FORMER_FAVORITE,REVERSION,0.1304,0.625,-0.2585,UNCERTAIN,0.1351,UNCERTAIN,STALE_UNDERLYING,63488.57,63498.15,False,2.9412,-1.0,0.002,-1.002,CT-only,,"{'C0': True, 'CT': True, 'CS': False, 'CS_short': False, 'C1': True, 'CT_plus_canonical_strike': False, 'CT_plus_proxy_strike': False}",BLOCKED_DATA,,0.002000016,-1.002000016,0.0,1.000008,0.0,-1.000008,,False,False,False
3259929_2026-08-02T10:55:09.518351+00:00,3259929,BTC,2026-08-02,2026-08-02T10:55:09.518351+00:00,4.84,0.35,0.36,0.36,0.01,YES,1,True,OTHER_TRAJECTORY,REVERSION,0.3684,0.8,-0.7603,TREND,0.6627,UNCERTAIN,STALE_UNDERLYING,63197.01,63202.02,False,2.7778,1.7778,0.002,1.7758,CT-only,,"{'C0': True, 'CT': True, 'CS': False, 'CS_short': False, 'C1': True, 'CT_plus_canonical_strike': False, 'CT_plus_proxy_strike': False}",BLOCKED_DATA,,0.002000016,1.775799984,0.0,1.000008,2.7778,1.777792,,True,True,False
3262372_2026-08-02T15:25:08.173845+00:00,3262372,BTC,2026-08-02,2026-08-02T15:25:08.173845+00:00,4.86,0.36,0.37,0.37,0.01,YES,1,True,OTHER_TRAJECTORY,REVERSION,0.0556,0.5714,-0.4217,UNCERTAIN,0.4319,UNCERTAIN,STALE_UNDERLYING,63110.16,63124.0,False,2.7027,1.7027,0.002,1.7007,CT-only,,"{'C0': True, 'CT': True, 'CS': False, 'CS_short': False, 'C1': True, 'CT_plus_canonical_strike': False, 'CT_plus_proxy_strike': False}",BLOCKED_DATA,,0.001999998,1.700700002,0.0,0.999999,2.7027,1.7027010000000002,,True,True,False
3271345_2026-08-02T19:10:05.595700+00:00,3271345,BTC,2026-08-02,2026-08-02T19:10:05.595700+00:00,4.91,0.28,0.29,0.29,0.01,NO,0,True,OTHER_TRAJECTORY,REVERSION,0.1068,0.7,-0.3001,TREND,1.0,UNCERTAIN,STALE_UNDERLYING,63352.05,63382.01,True,3.4483,-1.0,0.002,-1.002,CT-only,,"{'C0': True, 'CT': True, 'CS': False, 'CS_short': False, 'C1': True, 'CT_plus_canonical_strike': False, 'CT_plus_proxy_strike': True}",BLOCKED_DATA,,0.0020000139999999996,-1.002000014,0.0,1.0000069999999999,0.0,-1.0000069999999999,,False,False,False
3273936_2026-08-02T20:25:04.996463+00:00,3273936,BTC,2026-08-02,2026-08-02T20:25:04.996463+00:00,4.92,0.04,0.05,0.05,0.01,NO,0,True,FORMER_FAVORITE,REVERSION,0.2387,0.8333,-0.2011,REVERSION,0.232,UNCERTAIN,STALE_UNDERLYING,63427.01,63462.0,False,20.0,-1.0,0.002,-1.002,Both,,"{'C0': True, 'CT': True, 'CS': True, 'CS_short': False, 'C1': True, 'CT_plus_canonical_strike': False, 'CT_plus_proxy_strike': False}",BLOCKED_DATA,,0.002,-1.002,0.0,1.0,0.0,-1.0,,False,False,False
3275478_2026-08-02T21:40:05.701560+00:00,3275478,BTC,2026-08-02,2026-08-02T21:40:05.701560+00:00,4.9,0.17,0.18,0.18,0.01,YES,1,True,FORMER_FAVORITE,REVERSION,0.3099,0.8,-0.4153,UNCERTAIN,0.1798,UNCERTAIN,STALE_UNDERLYING,63515.67,63542.85,False,5.5556,4.5556,0.002,4.5536,CT-only,,"{'C0': True, 'CT': True, 'CS': False, 'CS_short': False, 'C1': True, 'CT_plus_canonical_strike': False, 'CT_plus_proxy_strike': False}",BLOCKED_DATA,,0.002000016,4.553599984,0.0,1.000008,5.5556,4.555592,,True,True,False
3277876_2026-08-02T23:40:04.939604+00:00,3277876,BTC,2026-08-02,2026-08-02T23:40:04.939604+00:00,4.92,0.33,0.34,0.34,0.01,NO,0,True,FORMER_FAVORITE,REVERSION,0.1496,0.6364,-0.2245,UNCERTAIN,0.4608,UNCERTAIN,STALE_UNDERLYING,63526.0,63542.65,False,2.9412,-1.0,0.002,-1.002,CT-only,,"{'C0': True, 'CT': True, 'CS': False, 'CS_short': False, 'C1': True, 'CT_plus_canonical_strike': False, 'CT_plus_proxy_strike': False}",BLOCKED_DATA,,0.002000016,-1.002000016,0.0,1.000008,0.0,-1.000008,,False,False,False
3278098_2026-08-03T00:25:07.214066+00:00,3278098,BTC,2026-08-03,2026-08-03T00:25:07.214066+00:00,4.88,0.13,0.14,0.14,0.01,NO,0,True,FORMER_FAVORITE,REVERSION,0.3393,0.6,-0.4645,TREND,1.0,UNCERTAIN,STALE_UNDERLYING,63379.54,63425.05,True,7.1429,-1.0,0.002,-1.002,CT-only,,"{'C0': True, 'CT': True, 'CS': False, 'CS_short': False, 'C1': True, 'CT_plus_canonical_strike': False, 'CT_plus_proxy_strike': True}",BLOCKED_DATA,,0.0020000120000000002,-1.002000012,0.0,1.0000060000000002,0.0,-1.0000060000000002,,False,False,False
3278840_2026-08-03T02:10:27.181861+00:00,3278840,BTC,2026-08-03,2026-08-03T02:10:27.181861+00:00,4.55,0.09,0.1,0.1,0.01,NO,0,True,OTHER_TRAJECTORY,REVERSION,0.1456,0.7,-0.5323,UNCERTAIN,0.2555,UNCERTAIN,STALE_UNDERLYING,63182.0,63212.16,False,10.0,-1.0,0.002,-1.002,CT-only,,"{'C0': True, 'CT': True, 'CS': False, 'CS_short': False, 'C1': True, 'CT_plus_canonical_strike': False, 'CT_plus_proxy_strike': False}",BLOCKED_DATA,,0.002,-1.002,0.0,1.0,0.0,-1.0,,False,False,False
3279418_2026-08-03T03:40:27.841686+00:00,3279418,BTC,2026-08-03,2026-08-03T03:40:27.841686+00:00,4.54,0.19,0.2,0.2,0.01,NO,0,True,FORMER_FAVORITE,REVERSION,0.2381,0.6364,-0.1721,TREND,0.8363,UNCERTAIN,STALE_UNDERLYING,63058.48,63080.01,True,5.0,-1.0,0.002,-1.002,CT-only,,"{'C0': True, 'CT': True, 'CS': False, 'CS_short': False, 'C1': True, 'CT_plus_canonical_strike': False, 'CT_plus_proxy_strike': True}",BLOCKED_DATA,,0.002,-1.002,0.0,1.0,0.0,-1.0,,False,False,False
3282523_2026-08-03T05:25:26.176365+00:00,3282523,BTC,2026-08-03,2026-08-03T05:25:26.176365+00:00,4.56,0.3,0.31,0.31,0.01,NO,0,True,FORMER_FAVORITE,REVERSION,0.1282,0.5,-0.0809,UNCERTAIN,0.3548,UNCERTAIN,STALE_UNDERLYING,62827.71,62852.01,False,3.2258,-1.0,0.002,-1.002,CT-only,,"{'C0': True, 'CT': True, 'CS': False, 'CS_short': False, 'C1': True, 'CT_plus_canonical_strike': False, 'CT_plus_proxy_strike': False}",BLOCKED_DATA,,0.001999996,-1.001999996,0.0,0.9999979999999999,0.0,-0.9999979999999999,,False,False,False
3283767_2026-08-03T07:55:00.452132+00:00,3283767,BTC,2026-08-03,2026-08-03T07:55:00.452132+00:00,4.99,0.29,0.3,0.3,0.01,NO,0,True,FORMER_FAVORITE,REVERSION,0.2727,0.5,-0.0808,REVERSION,0.1411,UNCERTAIN,STALE_UNDERLYING,62620.58,62643.93,True,3.3333,-1.0,0.002,-1.002,Both,,"{'C0': True, 'CT': True, 'CS': True, 'CS_short': False, 'C1': True, 'CT_plus_canonical_strike': False, 'CT_plus_proxy_strike': True}",BLOCKED_DATA,,0.0019999799999999997,-1.00199998,0.0,0.9999899999999999,0.0,-0.9999899999999999,,False,False,False
3286176_2026-08-03T10:10:32.898772+00:00,3286176,BTC,2026-08-03,2026-08-03T10:10:32.898772+00:00,4.45,0.02,0.03,0.03,0.01,NO,0,True,FORMER_FAVORITE,REVERSION,0.3739,0.5556,-0.4121,UNCERTAIN,0.3985,UNCERTAIN,STALE_UNDERLYING,62775.08,62837.4,False,33.3333,-1.0,0.002,-1.002,CT-only,,"{'C0': True, 'CT': True, 'CS': False, 'CS_short': False, 'C1': True, 'CT_plus_canonical_strike': False, 'CT_plus_proxy_strike': False}",BLOCKED_DATA,,0.001999998,-1.001999998,0.0,0.999999,0.0,-0.999999,,False,False,False
3293252_2026-08-03T19:55:15.847451+00:00,3293252,BTC,2026-08-03,2026-08-03T19:55:15.847451+00:00,4.74,0.21,0.22,0.22,0.01,NO,0,True,FORMER_FAVORITE,REVERSION,0.2258,0.5,-0.2446,REVERSION,0.0647,UNCERTAIN,STALE_UNDERLYING,63942.39,63954.71,True,4.5455,-1.0,0.002,-1.002,Both,,"{'C0': True, 'CT': True, 'CS': True, 'CS_short': False, 'C1': True, 'CT_plus_canonical_strike': False, 'CT_plus_proxy_strike': True}",BLOCKED_DATA,,0.00200002,-1.00200002,0.0,1.0000099999999998,0.0,-1.0000099999999998,,False,False,False
3295583_2026-08-03T21:25:17.418174+00:00,3295583,BTC,2026-08-03,2026-08-03T21:25:17.418174+00:00,4.71,0.38,0.39,0.39,0.01,YES,1,True,FORMER_FAVORITE,REVERSION,0.0345,0.6,-0.1882,TREND,0.6463,UNCERTAIN,STALE_UNDERLYING,63715.87,63722.48,True,2.5641,1.5641,0.002,1.5621,CT-only,,"{'C0': True, 'CT': True, 'CS': False, 'CS_short': False, 'C1': True, 'CT_plus_canonical_strike': False, 'CT_plus_proxy_strike': True}",BLOCKED_DATA,,0.001999998,1.562100002,0.0,0.999999,2.5641,1.564101,,True,True,False
3296364_2026-08-03T23:10:19.207725+00:00,3296364,BTC,2026-08-03,2026-08-03T23:10:19.207725+00:00,4.68,0.15,0.16,0.16,0.01,NO,0,True,OTHER_TRAJECTORY,REVERSION,0.1364,0.5,-0.1617,UNCERTAIN,0.4279,UNCERTAIN,STALE_UNDERLYING,63585.99,63618.01,False,6.25,-1.0,0.002,-1.002,CT-only,,"{'C0': True, 'CT': True, 'CS': False, 'CS_short': False, 'C1': True, 'CT_plus_canonical_strike': False, 'CT_plus_proxy_strike': False}",BLOCKED_DATA,,0.002,-1.002,0.0,1.0,0.0,-1.0,,False,False,False
3298250_2026-08-04T03:55:40.042105+00:00,3298250,BTC,2026-08-04,2026-08-04T03:55:40.042105+00:00,4.33,0.2,0.21,0.21,0.01,NO,0,True,OTHER_TRAJECTORY,REVERSION,0.2188,0.7143,-0.07,UNCERTAIN,0.2736,UNCERTAIN,STALE_UNDERLYING,63800.65,63836.03,False,4.7619,-1.0,0.002,-1.002,CT-only,,"{'C0': True, 'CT': True, 'CS': False, 'CS_short': False, 'C1': True, 'CT_plus_canonical_strike': False, 'CT_plus_proxy_strike': False}",BLOCKED_DATA,,0.001999998,-1.001999998,0.0,0.999999,0.0,-0.999999,,False,False,False
3301393_2026-08-04T08:10:39.712607+00:00,3301393,BTC,2026-08-04,2026-08-04T08:10:39.712607+00:00,4.34,0.27,0.28,0.28,0.01,NO,0,True,FORMER_FAVORITE,REVERSION,0.2029,0.5,-0.1831,REVERSION,0.0367,UNCERTAIN,STALE_UNDERLYING,63668.01,63685.73,True,3.5714,-1.0,0.002,-1.002,Both,,"{'C0': True, 'CT': True, 'CS': True, 'CS_short': False, 'C1': True, 'CT_plus_canonical_strike': False, 'CT_plus_proxy_strike': True}",BLOCKED_DATA,,0.0019999840000000002,-1.001999984,0.0,0.9999920000000001,0.0,-0.9999920000000001,,False,False,False
3302558_2026-08-04T14:25:44.510968+00:00,3302558,BTC,2026-08-04,2026-08-04T14:25:44.510968+00:00,4.26,0.3,0.31,0.31,0.01,YES,1,True,FORMER_FAVORITE,REVERSION,0.1795,0.6,-0.4121,REVERSION,0.0878,UNCERTAIN,STALE_UNDERLYING,63721.99,63803.16,False,3.2258,2.2258,0.002,2.2238,Both,,"{'C0': True, 'CT': True, 'CS': True, 'CS_short': False, 'C1': True, 'CT_plus_canonical_strike': False, 'CT_plus_proxy_strike': False}",BLOCKED_DATA,,0.001999996,2.223800004,0.0,0.9999979999999999,3.2258,2.225802,,True,True,False
3302609_2026-08-04T14:55:39.771744+00:00,3302609,BTC,2026-08-04,2026-08-04T14:55:39.771744+00:00,4.34,0.32,0.33,0.33,0.01,YES,1,True,OTHER_TRAJECTORY,REVERSION,0.2105,0.8333,-0.5534,TREND,0.6837,UNCERTAIN,STALE_UNDERLYING,64094.29,64124.84,False,3.0303,2.0303,0.002,2.0283,CT-only,,"{'C0': True, 'CT': True, 'CS': False, 'CS_short': False, 'C1': True, 'CT_plus_canonical_strike': False, 'CT_plus_proxy_strike': False}",BLOCKED_DATA,,0.0019999980000000002,2.028300002,0.0,0.9999990000000001,3.0303,2.0303009999999997,,True,True,False
3302739_2026-08-04T15:10:36.406015+00:00,3302739,BTC,2026-08-04,2026-08-04T15:10:36.406015+00:00,4.39,0.21,0.22,0.22,0.01,NO,0,True,FORMER_FAVORITE,REVERSION,0.3647,0.5,-0.2974,REVERSION,0.2102,UNCERTAIN,STALE_UNDERLYING,64070.0,64128.73,False,4.5455,-1.0,0.002,-1.002,Both,,"{'C0': True, 'CT': True, 'CS': True, 'CS_short': False, 'C1': True, 'CT_plus_canonical_strike': False, 'CT_plus_proxy_strike': False}",BLOCKED_DATA,,0.00200002,-1.00200002,0.0,1.0000099999999998,0.0,-1.0000099999999998,,False,False,False
3320383_2026-08-04T21:55:07.648831+00:00,3320383,BTC,2026-08-04,2026-08-04T21:55:07.648831+00:00,4.87,0.03,0.04,0.04,0.01,NO,0,True,OTHER_TRAJECTORY,REVERSION,0.3647,0.5,-0.3062,UNCERTAIN,0.498,UNCERTAIN,STALE_UNDERLYING,64176.8,64248.14,False,25.0,-1.0,0.002,-1.002,CT-only,,"{'C0': True, 'CT': True, 'CS': False, 'CS_short': False, 'C1': True, 'CT_plus_canonical_strike': False, 'CT_plus_proxy_strike': False}",BLOCKED_DATA,,0.002,-1.002,0.0,1.0,0.0,-1.0,,False,False,False
3320920_2026-08-04T22:25:08.700532+00:00,3320920,BTC,2026-08-04,2026-08-04T22:25:08.700532+00:00,4.85,0.19,0.2,0.2,0.01,YES,1,True,FORMER_FAVORITE,REVERSION,0.2126,0.625,-0.4112,UNCERTAIN,0.0666,UNCERTAIN,STALE_UNDERLYING,64198.0,64226.0,False,5.0,4.0,0.002,3.998,CT-only,,"{'C0': True, 'CT': True, 'CS': False, 'CS_short': False, 'C1': True, 'CT_plus_canonical_strike': False, 'CT_plus_proxy_strike': False}",BLOCKED_DATA,,0.002,3.998,0.0,1.0,5.0,4.0,,True,True,False
3323204_2026-08-04T23:25:08.959154+00:00,3323204,BTC,2026-08-04,2026-08-04T23:25:08.959154+00:00,4.85,0.03,0.04,0.04,0.01,NO,0,True,FORMER_FAVORITE,REVERSION,0.2619,0.6364,-0.0763,REVERSION,0.1271,UNCERTAIN,STALE_UNDERLYING,64327.48,64425.99,False,25.0,-1.0,0.002,-1.002,Both,,"{'C0': True, 'CT': True, 'CS': True, 'CS_short': False, 'C1': True, 'CT_plus_canonical_strike': False, 'CT_plus_proxy_strike': False}",BLOCKED_DATA,,0.002,-1.002,0.0,1.0,0.0,-1.0,,False,False,False
3324443_2026-08-05T02:25:07.666789+00:00,3324443,BTC,2026-08-05,2026-08-05T02:25:07.666789+00:00,4.87,0.208,0.209,0.209,0.001,NO,0,True,OTHER_TRAJECTORY,REVERSION,0.3034,0.5,-0.3468,REVERSION,0.2606,UNCERTAIN,STALE_UNDERLYING,64415.95,64460.14,False,4.7847,-1.0,0.002,-1.002,Both,,"{'C0': True, 'CT': True, 'CS': True, 'CS_short': False, 'C1': True, 'CT_plus_canonical_strike': False, 'CT_plus_proxy_strike': False}",BLOCKED_DATA,,0.0020000046,-1.0020000046,0.0,1.0000023,0.0,-1.0000023,,False,False,False
3328632_2026-08-05T06:10:55.889480+00:00,3328632,BTC,2026-08-05,2026-08-05T06:10:55.889480+00:00,4.07,0.39,0.4,0.4,0.01,NO,0,True,FORMER_FAVORITE,REVERSION,0.0208,0.6,-0.3016,REVERSION,0.2823,UNCERTAIN,STALE_UNDERLYING,64318.0,64330.86,True,2.5,-1.0,0.002,-1.002,Both,,"{'C0': True, 'CT': True, 'CS': True, 'CS_short': False, 'C1': True, 'CT_plus_canonical_strike': False, 'CT_plus_proxy_strike': True}",BLOCKED_DATA,,0.002,-1.002,0.0,1.0,0.0,-1.0,,False,False,False
3328952_2026-08-05T06:55:07.112448+00:00,3328952,BTC,2026-08-05,2026-08-05T06:55:07.112448+00:00,4.88,0.08,0.09,0.09,0.01,NO,0,True,PERSISTENT_CHEAP,REVERSION,0.2889,0.5,-0.494,UNCERTAIN,0.5232,UNCERTAIN,STALE_UNDERLYING,64254.59,64295.89,True,11.1111,-1.0,0.002,-1.002,CT-only,,"{'C0': True, 'CT': True, 'CS': False, 'CS_short': False, 'C1': True, 'CT_plus_canonical_strike': False, 'CT_plus_proxy_strike': True}",BLOCKED_DATA,,0.001999998,-1.001999998,0.0,0.999999,0.0,-0.999999,,False,False,False
3329159_2026-08-05T07:40:52.116710+00:00,3329159,BTC,2026-08-05,2026-08-05T07:40:52.116710+00:00,4.13,0.3,0.31,0.31,0.01,NO,0,True,FORMER_FAVORITE,REVERSION,0.2698,0.625,-0.238,TREND,0.8327,UNCERTAIN,STALE_UNDERLYING,64050.55,64073.95,True,3.2258,-1.0,0.002,-1.002,CT-only,,"{'C0': True, 'CT': True, 'CS': False, 'CS_short': False, 'C1': True, 'CT_plus_canonical_strike': False, 'CT_plus_proxy_strike': True}",BLOCKED_DATA,,0.001999996,-1.001999996,0.0,0.9999979999999999,0.0,-0.9999979999999999,,False,False,False
3332063_2026-08-05T10:10:46.053298+00:00,3332063,BTC,2026-08-05,2026-08-05T10:10:46.053298+00:00,4.23,0.12,0.13,0.13,0.01,NO,0,True,FORMER_FAVORITE,REVERSION,0.2807,0.6667,-0.2353,QUIET,0.2912363529066069,UNCERTAIN,STALE_UNDERLYING,64160.24,64155.06,True,7.6923,-1.0,0.002,-1.002,CT-only,,"{'C0': True, 'CT': True, 'CS': False, 'CS_short': False, 'C1': True, 'CT_plus_canonical_strike': False, 'CT_plus_proxy_strike': True}",BLOCKED_DATA,,0.0019999980000000002,-1.001999998,0.0,0.9999990000000001,0.0,-0.9999990000000001,,False,False,False
3338121_2026-08-05T15:25:20.404738+00:00,3338121,BTC,2026-08-05,2026-08-05T15:25:20.404738+00:00,4.66,0.03,0.04,0.04,0.01,NO,0,True,PERSISTENT_CHEAP,REVERSION,0.283,0.5,-0.1978,UNCERTAIN,0.0669,UNCERTAIN,STALE_UNDERLYING,64502.89,64628.0,False,25.0,-1.0,0.002,-1.002,CT-only,,"{'C0': True, 'CT': True, 'CS': False, 'CS_short': False, 'C1': True, 'CT_plus_canonical_strike': False, 'CT_plus_proxy_strike': False}",BLOCKED_DATA,,0.002,-1.002,0.0,1.0,0.0,-1.0,,False,False,False
3347012_2026-08-05T20:40:12.957383+00:00,3347012,BTC,2026-08-05,2026-08-05T20:40:12.957383+00:00,4.78,0.22,0.23,0.23,0.01,NO,0,True,OTHER_TRAJECTORY,REVERSION,0.3651,0.8,-0.2752,REVERSION,0.1758,UNCERTAIN,STALE_UNDERLYING,64954.67,64982.12,False,4.3478,-1.0,0.002,-1.002,Both,,"{'C0': True, 'CT': True, 'CS': True, 'CS_short': False, 'C1': True, 'CT_plus_canonical_strike': False, 'CT_plus_proxy_strike': False}",BLOCKED_DATA,,0.0019999880000000003,-1.001999988,0.0,0.9999940000000002,0.0,-0.9999940000000002,,False,False,False
3348073_2026-08-05T22:55:07.151683+00:00,3348073,BTC,2026-08-05,2026-08-05T22:55:07.151683+00:00,4.88,0.07,0.08,0.08,0.01,NO,0,True,FORMER_FAVORITE,REVERSION,0.3729,0.5,-0.5818,UNCERTAIN,0.5906,UNCERTAIN,STALE_UNDERLYING,64650.0,64693.95,True,12.5,-1.0,0.002,-1.002,CT-only,,"{'C0': True, 'CT': True, 'CS': False, 'CS_short': False, 'C1': True, 'CT_plus_canonical_strike': False, 'CT_plus_proxy_strike': True}",BLOCKED_DATA,,0.002,-1.002,0.0,1.0,0.0,-1.0,,False,False,False
3350959_2026-08-06T01:10:07.206582+00:00,3350959,BTC,2026-08-06,2026-08-06T01:10:07.206582+00:00,4.88,0.31,0.32,0.32,0.01,NO,0,True,OTHER_TRAJECTORY,REVERSION,0.0476,0.6364,-0.1056,REVERSION,0.1267,UNCERTAIN,STALE_UNDERLYING,64629.99,64644.92,True,3.125,-1.0,0.002,-1.002,Both,,"{'C0': True, 'CT': True, 'CS': True, 'CS_short': False, 'C1': True, 'CT_plus_canonical_strike': False, 'CT_plus_proxy_strike': True}",BLOCKED_DATA,,0.002,-1.002,0.0,1.0,0.0,-1.0,,False,False,False
3351487_2026-08-06T02:25:06.978169+00:00,3351487,BTC,2026-08-06,2026-08-06T02:25:06.978169+00:00,4.88,0.32,0.33,0.33,0.01,NO,0,True,OTHER_TRAJECTORY,REVERSION,0.1477,0.6364,-0.0518,REVERSION,0.2779,UNCERTAIN,STALE_UNDERLYING,64548.78,64560.5,False,3.0303,-1.0,0.002,-1.002,Both,,"{'C0': True, 'CT': True, 'CS': True, 'CS_short': False, 'C1': True, 'CT_plus_canonical_strike': False, 'CT_plus_proxy_strike': False}",BLOCKED_DATA,,0.0019999980000000002,-1.001999998,0.0,0.9999990000000001,0.0,-0.9999990000000001,,False,False,False
3351757_2026-08-06T02:55:07.064771+00:00,3351757,BTC,2026-08-06,2026-08-06T02:55:07.064771+00:00,4.88,0.27,0.28,0.28,0.01,YES,1,True,FORMER_FAVORITE,REVERSION,0.2,0.6364,-0.3435,REVERSION,0.3679,UNCERTAIN,STALE_UNDERLYING,64570.36,64579.12,False,3.5714,2.5714,0.002,2.5694,Both,,"{'C0': True, 'CT': True, 'CS': True, 'CS_short': False, 'C1': True, 'CT_plus_canonical_strike': False, 'CT_plus_proxy_strike': False}",BLOCKED_DATA,,0.0019999840000000002,2.5694000160000003,0.0,0.9999920000000001,3.5714,2.571408,,True,True,False
3352079_2026-08-06T03:55:08.017667+00:00,3352079,BTC,2026-08-06,2026-08-06T03:55:08.017667+00:00,4.87,0.35,0.36,0.36,0.01,YES,1,True,FORMER_FAVORITE,REVERSION,0.1753,0.6,-0.0826,UNCERTAIN,0.424,UNCERTAIN,STALE_UNDERLYING,64504.19,64505.13,True,2.7778,1.7778,0.002,1.7758,CT-only,,"{'C0': True, 'CT': True, 'CS': False, 'CS_short': False, 'C1': True, 'CT_plus_canonical_strike': False, 'CT_plus_proxy_strike': True}",BLOCKED_DATA,,0.002000016,1.775799984,0.0,1.000008,2.7778,1.777792,,True,True,False
3352832_2026-08-06T04:40:10.675379+00:00,3352832,BTC,2026-08-06,2026-08-06T04:40:10.675379+00:00,4.82,0.23,0.24,0.24,0.01,NO,0,True,FORMER_FAVORITE,REVERSION,0.1447,0.5556,-0.1875,TREND,0.7168,UNCERTAIN,STALE_UNDERLYING,64677.23,64695.93,False,4.1667,-1.0,0.002,-1.002,CT-only,,"{'C0': True, 'CT': True, 'CS': False, 'CS_short': False, 'C1': True, 'CT_plus_canonical_strike': False, 'CT_plus_proxy_strike': False}",BLOCKED_DATA,,0.0020000159999999994,-1.002000016,0.0,1.0000079999999998,0.0,-1.0000079999999998,,False,False,False
3355829_2026-08-06T07:25:31.530102+00:00,3355829,BTC,2026-08-06,2026-08-06T07:25:31.530102+00:00,4.47,0.39,0.4,0.4,0.01,NO,0,True,FORMER_FAVORITE,REVERSION,0.1084,0.5556,-0.1016,UNCERTAIN,0.4549,UNCERTAIN,STALE_UNDERLYING,64951.28,64945.71,False,2.5,-1.0,0.002,-1.002,CT-only,,"{'C0': True, 'CT': True, 'CS': False, 'CS_short': False, 'C1': True, 'CT_plus_canonical_strike': False, 'CT_plus_proxy_strike': False}",BLOCKED_DATA,,0.002,-1.002,0.0,1.0,0.0,-1.0,,False,False,False
3356388_2026-08-06T08:10:29.147298+00:00,3356388,BTC,2026-08-06,2026-08-06T08:10:29.147298+00:00,4.51,0.31,0.32,0.32,0.01,NO,0,True,FORMER_FAVORITE,REVERSION,0.2121,0.7,-0.2413,REVERSION,0.1472,UNCERTAIN,STALE_UNDERLYING,64796.01,64809.7,True,3.125,-1.0,0.002,-1.002,Both,,"{'C0': True, 'CT': True, 'CS': True, 'CS_short': False, 'C1': True, 'CT_plus_canonical_strike': False, 'CT_plus_proxy_strike': True}",BLOCKED_DATA,,0.002,-1.002,0.0,1.0,0.0,-1.0,,False,False,False
3356494_2026-08-06T08:40:30.085381+00:00,3356494,BTC,2026-08-06,2026-08-06T08:40:30.085381+00:00,4.5,0.18,0.19,0.19,0.01,NO,0,True,FORMER_FAVORITE,REVERSION,0.3483,0.6364,-0.3367,TREND,0.6864,UNCERTAIN,STALE_UNDERLYING,64874.16,64897.5,False,5.2632,-1.0,0.002,-1.002,CT-only,,"{'C0': True, 'CT': True, 'CS': False, 'CS_short': False, 'C1': True, 'CT_plus_canonical_strike': False, 'CT_plus_proxy_strike': False}",BLOCKED_DATA,,0.002000016,-1.002000016,0.0,1.000008,0.0,-1.000008,,False,False,False
3369231_2026-08-06T20:25:12.047669+00:00,3369231,BTC,2026-08-06,2026-08-06T20:25:12.047669+00:00,4.8,0.12,0.14,0.14,0.02,NO,0,True,OTHER_TRAJECTORY,REVERSION,0.3789,0.4545,-0.0946,REVERSION,0.3517,UNCERTAIN,STALE_UNDERLYING,64492.0,64527.68,False,7.1429,-1.0,0.002,-1.002,Both,,"{'C0': True, 'CT': True, 'CS': True, 'CS_short': False, 'C1': True, 'CT_plus_canonical_strike': False, 'CT_plus_proxy_strike': False}",BLOCKED_DATA,,0.0020000120000000002,-1.002000012,0.0,1.0000060000000002,0.0,-1.0000060000000002,,False,False,False
3369385_2026-08-06T20:40:14.254565+00:00,3369385,BTC,2026-08-06,2026-08-06T20:40:14.254565+00:00,4.76,0.35,0.36,0.36,0.01,NO,0,True,FORMER_FAVORITE,REVERSION,0.0299,0.6,-0.1225,TREND,0.9645,UNCERTAIN,STALE_UNDERLYING,64467.93,64483.99,True,2.7778,-1.0,0.002,-1.002,CT-only,,"{'C0': True, 'CT': True, 'CS': False, 'CS_short': False, 'C1': True, 'CT_plus_canonical_strike': False, 'CT_plus_proxy_strike': True}",BLOCKED_DATA,,0.002000016,-1.002000016,0.0,1.000008,0.0,-1.000008,,False,False,False
3370196_2026-08-06T22:10:13.284374+00:00,3370196,BTC,2026-08-06,2026-08-06T22:10:13.284374+00:00,4.78,0.25,0.26,0.26,0.01,NO,0,True,OTHER_TRAJECTORY,REVERSION,0.1452,0.6364,-0.3489,UNCERTAIN,0.4901,UNCERTAIN,STALE_UNDERLYING,64417.99,64440.74,False,3.8462,-1.0,0.002,-1.002,CT-only,,"{'C0': True, 'CT': True, 'CS': False, 'CS_short': False, 'C1': True, 'CT_plus_canonical_strike': False, 'CT_plus_proxy_strike': False}",BLOCKED_DATA,,0.0020000240000000004,-1.002000024,0.0,1.0000120000000001,0.0,-1.0000120000000001,,False,False,False
3373991_2026-08-07T03:10:12.014046+00:00,3373991,BTC,2026-08-07,2026-08-07T03:10:12.014046+00:00,4.8,0.28,0.29,0.29,0.01,NO,0,True,OTHER_TRAJECTORY,REVERSION,0.2688,0.6,-0.1524,UNCERTAIN,0.3799,UNCERTAIN,STALE_UNDERLYING,64374.0,64399.88,True,3.4483,-1.0,0.002,-1.002,CT-only,,"{'C0': True, 'CT': True, 'CS': False, 'CS_short': False, 'C1': True, 'CT_plus_canonical_strike': False, 'CT_plus_proxy_strike': True}",BLOCKED_DATA,,0.0020000139999999996,-1.002000014,0.0,1.0000069999999999,0.0,-1.0000069999999999,,False,False,False
3374050_2026-08-07T03:25:14.401615+00:00,3374050,BTC,2026-08-07,2026-08-07T03:25:14.401615+00:00,4.76,0.21,0.22,0.22,0.01,NO,0,True,OTHER_TRAJECTORY,REVERSION,0.3084,0.5556,-0.257,TREND,0.7447,UNCERTAIN,STALE_UNDERLYING,64301.99,64336.14,True,4.5455,-1.0,0.002,-1.002,CT-only,,"{'C0': True, 'CT': True, 'CS': False, 'CS_short': False, 'C1': True, 'CT_plus_canonical_strike': False, 'CT_plus_proxy_strike': True}",BLOCKED_DATA,,0.00200002,-1.00200002,0.0,1.0000099999999998,0.0,-1.0000099999999998,,False,False,False
3374195_2026-08-07T03:55:13.717919+00:00,3374195,BTC,2026-08-07,2026-08-07T03:55:13.717919+00:00,4.77,0.11,0.12,0.12,0.01,NO,0,True,FORMER_FAVORITE,REVERSION,0.2096,0.5455,-0.3888,REVERSION,0.0593,UNCERTAIN,STALE_UNDERLYING,64314.78,64343.33,False,8.3333,-1.0,0.002,-1.002,Both,,"{'C0': True, 'CT': True, 'CS': True, 'CS_short': False, 'C1': True, 'CT_plus_canonical_strike': False, 'CT_plus_proxy_strike': False}",BLOCKED_DATA,,0.001999992,-1.001999992,0.0,0.9999959999999999,0.0,-0.9999959999999999,,False,False,False
3378074_2026-08-07T10:10:10.006649+00:00,3378074,BTC,2026-08-07,2026-08-07T10:10:10.006649+00:00,4.83,0.38,0.39,0.39,0.01,YES,1,True,FORMER_FAVORITE,REVERSION,0.0843,0.7273,-0.3976,TREND,0.7552,UNCERTAIN,STALE_UNDERLYING,64839.71,64839.32,True,2.5641,1.5641,0.002,1.5621,CT-only,,"{'C0': True, 'CT': True, 'CS': False, 'CS_short': False, 'C1': True, 'CT_plus_canonical_strike': False, 'CT_plus_proxy_strike': True}",BLOCKED_DATA,,0.001999998,1.562100002,0.0,0.999999,2.5641,1.564101,,True,True,False
3378186_2026-08-07T10:40:10.547258+00:00,3378186,BTC,2026-08-07,2026-08-07T10:40:10.547258+00:00,4.82,0.1,0.11,0.11,0.01,NO,0,True,FORMER_FAVORITE,REVERSION,0.3667,1.0,-0.6028,REVERSION,0.0942,UNCERTAIN,STALE_UNDERLYING,64863.69,64895.03,False,9.0909,-1.0,0.002,-1.002,Both,,"{'C0': True, 'CT': True, 'CS': True, 'CS_short': False, 'C1': True, 'CT_plus_canonical_strike': False, 'CT_plus_proxy_strike': False}",BLOCKED_DATA,,0.001999998,-1.001999998,0.0,0.999999,0.0,-0.999999,,False,False,False
3378678_2026-08-07T11:40:54.072793+00:00,3378678,BTC,2026-08-07,2026-08-07T11:40:54.072793+00:00,4.1,0.08,0.09,0.09,0.01,NO,0,True,PERSISTENT_CHEAP,REVERSION,0.2391,0.625,-0.5253,REVERSION,0.299,UNCERTAIN,STALE_UNDERLYING,65081.21,65084.82,False,11.1111,-1.0,0.002,-1.002,Both,,"{'C0': True, 'CT': True, 'CS': True, 'CS_short': False, 'C1': True, 'CT_plus_canonical_strike': False, 'CT_plus_proxy_strike': False}",BLOCKED_DATA,,0.001999998,-1.001999998,0.0,0.999999,0.0,-0.999999,,False,False,False
3391005_2026-08-07T22:10:18.969249+00:00,3391005,BTC,2026-08-07,2026-08-07T22:10:18.969249+00:00,4.68,0.36,0.37,0.37,0.01,NO,0,True,OTHER_TRAJECTORY,REVERSION,0.0874,0.5,-0.6565,TREND,0.7827,UNCERTAIN,STALE_UNDERLYING,64923.17,64928.02,True,2.7027,-1.0,0.002,-1.002,CT-only,,"{'C0': True, 'CT': True, 'CS': False, 'CS_short': False, 'C1': True, 'CT_plus_canonical_strike': False, 'CT_plus_proxy_strike': True}",BLOCKED_DATA,,0.001999998,-1.001999998,0.0,0.999999,0.0,-0.999999,,False,False,False
3393590_2026-08-08T02:10:31.841779+00:00,3393590,BTC,2026-08-08,2026-08-08T02:10:31.841779+00:00,4.47,0.09,0.1,0.1,0.01,NO,0,True,OTHER_TRAJECTORY,REVERSION,0.3043,0.4615,-0.3696,TREND,1.0,UNCERTAIN,STALE_UNDERLYING,64900.95,64911.8,True,10.0,-1.0,0.002,-1.002,CT-only,,"{'C0': True, 'CT': True, 'CS': False, 'CS_short': False, 'C1': True, 'CT_plus_canonical_strike': False, 'CT_plus_proxy_strike': True}",BLOCKED_DATA,,0.002,-1.002,0.0,1.0,0.0,-1.0,,False,False,False
3393755_2026-08-08T02:40:43.884741+00:00,3393755,BTC,2026-08-08,2026-08-08T02:40:43.884741+00:00,4.27,0.26,0.27,0.27,0.01,NO,0,True,FORMER_FAVORITE,REVERSION,0.3985,0.7778,-0.4935,REVERSION,0.3919,UNCERTAIN,STALE_UNDERLYING,64923.99,64929.94,False,3.7037,-1.0,0.002,-1.002,Both,,"{'C0': True, 'CT': True, 'CS': True, 'CS_short': False, 'C1': True, 'CT_plus_canonical_strike': False, 'CT_plus_proxy_strike': False}",BLOCKED_DATA,,0.0019999980000000002,-1.001999998,0.0,0.9999990000000001,0.0,-0.9999990000000001,,False,False,False
3395312_2026-08-08T05:10:54.237074+00:00,3395312,BTC,2026-08-08,2026-08-08T05:10:54.237074+00:00,4.1,0.3,0.31,0.31,0.01,NO,0,True,FORMER_FAVORITE,REVERSION,0.2,0.6,-0.2242,TREND,1.0,UNCERTAIN,STALE_UNDERLYING,65000.0,65013.58,True,3.2258,-1.0,0.002,-1.002,CT-only,,"{'C0': True, 'CT': True, 'CS': False, 'CS_short': False, 'C1': True, 'CT_plus_canonical_strike': False, 'CT_plus_proxy_strike': True}",BLOCKED_DATA,,0.001999996,-1.001999996,0.0,0.9999979999999999,0.0,-0.9999979999999999,,False,False,False
3395453_2026-08-08T05:40:56.751067+00:00,3395453,BTC,2026-08-08,2026-08-08T05:40:56.751067+00:00,4.05,0.29,0.3,0.3,0.01,NO,0,True,OTHER_TRAJECTORY,REVERSION,0.1429,0.7143,-0.2776,TREND,0.9295,UNCERTAIN,STALE_UNDERLYING,65017.73,65018.63,False,3.3333,-1.0,0.002,-1.002,CT-only,,"{'C0': True, 'CT': True, 'CS': False, 'CS_short': False, 'C1': True, 'CT_plus_canonical_strike': False, 'CT_plus_proxy_strike': False}",BLOCKED_DATA,,0.0019999799999999997,-1.00199998,0.0,0.9999899999999999,0.0,-0.9999899999999999,,False,False,False
3396749_2026-08-08T08:10:07.916602+00:00,3396749,BTC,2026-08-08,2026-08-08T08:10:07.916602+00:00,4.87,0.37,0.38,0.38,0.01,YES,1,True,OTHER_TRAJECTORY,REVERSION,0.1818,0.5556,-0.285,QUIET,0.5695538057745789,UNCERTAIN,STALE_UNDERLYING,64958.44,64959.99,False,2.6316,1.6316,0.002,1.6296,CT-only,,"{'C0': True, 'CT': True, 'CS': False, 'CS_short': False, 'C1': True, 'CT_plus_canonical_strike': False, 'CT_plus_proxy_strike': False}",BLOCKED_DATA,,0.002000016,1.629599984,0.0,1.000008,2.6316,1.6315920000000002,,True,True,False
3397745_2026-08-08T10:55:27.731963+00:00,3397745,BTC,2026-08-08,2026-08-08T10:55:27.731963+00:00,4.54,0.35,0.36,0.36,0.01,NO,0,True,FORMER_FAVORITE,REVERSION,0.2069,0.5556,-0.3517,QUIET,0.8104956268227094,UNCERTAIN,STALE_UNDERLYING,65010.04,65010.01,True,2.7778,-1.0,0.002,-1.002,CT-only,,"{'C0': True, 'CT': True, 'CS': False, 'CS_short': False, 'C1': True, 'CT_plus_canonical_strike': False, 'CT_plus_proxy_strike': True}",BLOCKED_DATA,,0.002000016,-1.002000016,0.0,1.000008,0.0,-1.000008,,False,False,False
3402383_2026-08-08T16:25:43.493353+00:00,3402383,BTC,2026-08-08,2026-08-08T16:25:43.493353+00:00,4.28,0.25,0.26,0.26,0.01,NO,0,True,FORMER_FAVORITE,REVERSION,0.1736,0.5385,-0.23,QUIET,0.2963800904973735,UNCERTAIN,STALE_UNDERLYING,65086.06,65087.03,True,3.8462,-1.0,0.002,-1.002,CT-only,,"{'C0': True, 'CT': True, 'CS': False, 'CS_short': False, 'C1': True, 'CT_plus_canonical_strike': False, 'CT_plus_proxy_strike': True}",BLOCKED_DATA,,0.0020000240000000004,-1.002000024,0.0,1.0000120000000001,0.0,-1.0000120000000001,,False,False,False
3411430_2026-08-08T23:55:03.305383+00:00,3411430,BTC,2026-08-08,2026-08-08T23:55:03.305383+00:00,4.94,0.3,0.37,0.37,0.07,NO,0,True,FORMER_FAVORITE,REVERSION,0.1224,0.7143,-0.3887,UNCERTAIN,0.4806,UNCERTAIN,STALE_UNDERLYING,64965.29,64970.71,False,2.7027,-1.0,0.002,-1.002,CT-only,,"{'C0': True, 'CT': True, 'CS': False, 'CS_short': False, 'C1': True, 'CT_plus_canonical_strike': False, 'CT_plus_proxy_strike': False}",BLOCKED_DATA,,0.001999998,-1.001999998,0.0,0.999999,0.0,-0.999999,,False,False,False
3413237_2026-08-09T01:25:55.316257+00:00,3413237,BTC,2026-08-09,2026-08-09T01:25:55.316257+00:00,4.08,0.01,0.02,0.02,0.01,NO,0,True,FORMER_FAVORITE,REVERSION,0.377,0.625,-0.2945,REVERSION,0.3907,UNCERTAIN,STALE_UNDERLYING,64943.16,64983.49,False,50.0,-1.0,0.002,-1.002,Both,,"{'C0': True, 'CT': True, 'CS': True, 'CS_short': False, 'C1': True, 'CT_plus_canonical_strike': False, 'CT_plus_proxy_strike': False}",BLOCKED_DATA,,0.002,-1.002,0.0,1.0,0.0,-1.0,,False,False,False
3416760_2026-08-09T07:10:24.027303+00:00,3416760,BTC,2026-08-09,2026-08-09T07:10:24.027303+00:00,4.6,0.2,0.21,0.21,0.01,NO,0,True,PERSISTENT_CHEAP,REVERSION,0.2222,0.5,-0.243,QUIET,0.2617994100294196,UNCERTAIN,STALE_UNDERLYING,64860.0,64850.0,False,4.7619,-1.0,0.002,-1.002,CT-only,,"{'C0': True, 'CT': True, 'CS': False, 'CS_short': False, 'C1': True, 'CT_plus_canonical_strike': False, 'CT_plus_proxy_strike': False}",BLOCKED_DATA,,0.001999998,-1.001999998,0.0,0.999999,0.0,-0.999999,,False,False,False
3418150_2026-08-09T11:25:13.160490+00:00,3418150,BTC,2026-08-09,2026-08-09T11:25:13.160490+00:00,4.78,0.36,0.37,0.37,0.01,NO,0,True,OTHER_TRAJECTORY,REVERSION,0.1143,0.5882,-0.3618,TREND,1.0,UNCERTAIN,STALE_UNDERLYING,64978.0,64975.99,False,2.7027,-1.0,0.002,-1.002,CT-only,,"{'C0': True, 'CT': True, 'CS': False, 'CS_short': False, 'C1': True, 'CT_plus_canonical_strike': False, 'CT_plus_proxy_strike': False}",BLOCKED_DATA,,0.001999998,-1.001999998,0.0,0.999999,0.0,-0.999999,,False,False,False
3418901_2026-08-09T12:40:05.609481+00:00,3418901,BTC,2026-08-09,2026-08-09T12:40:05.609481+00:00,4.91,0.22,0.23,0.23,0.01,NO,0,True,OTHER_TRAJECTORY,REVERSION,0.2775,0.4706,-0.2039,QUIET,0.12010113779983188,UNCERTAIN,STALE_UNDERLYING,64938.53,64942.0,False,4.3478,-1.0,0.002,-1.002,CT-only,,"{'C0': True, 'CT': True, 'CS': False, 'CS_short': False, 'C1': True, 'CT_plus_canonical_strike': False, 'CT_plus_proxy_strike': False}",BLOCKED_DATA,,0.0019999880000000003,-1.001999988,0.0,0.9999940000000002,0.0,-0.9999940000000002,,False,False,False
3421043_2026-08-09T15:25:14.953662+00:00,3421043,BTC,2026-08-09,2026-08-09T15:25:14.953662+00:00,4.75,0.27,0.28,0.28,0.01,NO,0,True,OTHER_TRAJECTORY,REVERSION,0.2712,0.5714,-0.1041,QUIET,0.6681943171401045,UNCERTAIN,STALE_UNDERLYING,65245.43,65250.7,True,3.5714,-1.0,0.002,-1.002,CT-only,,"{'C0': True, 'CT': True, 'CS': False, 'CS_short': False, 'C1': True, 'CT_plus_canonical_strike': False, 'CT_plus_proxy_strike': True}",BLOCKED_DATA,,0.0019999840000000002,-1.001999984,0.0,0.9999920000000001,0.0,-0.9999920000000001,,False,False,False
3423614_2026-08-09T17:40:29.418552+00:00,3423614,BTC,2026-08-09,2026-08-09T17:40:29.418552+00:00,4.51,0.32,0.34,0.34,0.02,NO,0,True,FORMER_FAVORITE,REVERSION,0.1527,0.4706,-0.116,UNCERTAIN,0.2663,UNCERTAIN,STALE_UNDERLYING,65229.23,65239.16,False,2.9412,-1.0,0.002,-1.002,CT-only,,"{'C0': True, 'CT': True, 'CS': False, 'CS_short': False, 'C1': True, 'CT_plus_canonical_strike': False, 'CT_plus_proxy_strike': False}",BLOCKED_DATA,,0.002000016,-1.002000016,0.0,1.000008,0.0,-1.000008,,False,False,False
3434548_2026-08-10T03:10:05.534850+00:00,3434548,BTC,2026-08-10,2026-08-10T03:10:05.534850+00:00,4.91,0.19,0.2,0.2,0.01,NO,0,True,OTHER_TRAJECTORY,REVERSION,0.1765,0.625,-0.2265,TREND,0.8308,UNCERTAIN,STALE_UNDERLYING,65073.67,65099.99,True,5.0,-1.0,0.002,-1.002,CT-only,,"{'C0': True, 'CT': True, 'CS': False, 'CS_short': False, 'C1': True, 'CT_plus_canonical_strike': False, 'CT_plus_proxy_strike': True}",BLOCKED_DATA,,0.002,-1.002,0.0,1.0,0.0,-1.0,,False,False,False
3436708_2026-08-10T04:25:05.241371+00:00,3436708,BTC,2026-08-10,2026-08-10T04:25:05.241371+00:00,4.91,0.25,0.26,0.26,0.01,NO,0,True,FORMER_FAVORITE,REVERSION,0.1977,0.6875,-0.2034,UNCERTAIN,0.5431,UNCERTAIN,STALE_UNDERLYING,65050.29,65071.99,False,3.8462,-1.0,0.002,-1.002,CT-only,,"{'C0': True, 'CT': True, 'CS': False, 'CS_short': False, 'C1': True, 'CT_plus_canonical_strike': False, 'CT_plus_proxy_strike': False}",BLOCKED_DATA,,0.0020000240000000004,-1.002000024,0.0,1.0000120000000001,0.0,-1.0000120000000001,,False,False,False
3436847_2026-08-10T04:40:08.818991+00:00,3436847,BTC,2026-08-10,2026-08-10T04:40:08.818991+00:00,4.85,0.06,0.07,0.07,0.01,NO,0,True,OTHER_TRAJECTORY,REVERSION,0.234,0.5333,-0.1212,TREND,0.9402,UNCERTAIN,STALE_UNDERLYING,65001.26,65025.53,True,14.2857,-1.0,0.002,-1.002,CT-only,,"{'C0': True, 'CT': True, 'CS': False, 'CS_short': False, 'C1': True, 'CT_plus_canonical_strike': False, 'CT_plus_proxy_strike': True}",BLOCKED_DATA,,0.0019999980000000002,-1.001999998,0.0,0.9999990000000001,0.0,-0.9999990000000001,,False,False,False
3439371_2026-08-10T07:10:28.490088+00:00,3439371,BTC,2026-08-10,2026-08-10T07:10:28.490088+00:00,4.53,0.14,0.15,0.15,0.01,NO,0,True,FORMER_FAVORITE,REVERSION,0.2394,0.5625,-0.3895,UNCERTAIN,0.2251,UNCERTAIN,STALE_UNDERLYING,65266.0,65299.4,False,6.6667,-1.0,0.002,-1.002,CT-only,,"{'C0': True, 'CT': True, 'CS': False, 'CS_short': False, 'C1': True, 'CT_plus_canonical_strike': False, 'CT_plus_proxy_strike': False}",BLOCKED_DATA,,0.0020000099999999995,-1.00200001,0.0,1.0000049999999998,0.0,-1.0000049999999998,,False,False,False
3441811_2026-08-10T09:10:12.070516+00:00,3441811,BTC,2026-08-10,2026-08-10T09:10:12.070516+00:00,4.8,0.06,0.07,0.07,0.01,NO,0,True,PERSISTENT_CHEAP,REVERSION,0.3265,0.5714,-0.3062,REVERSION,0.0138,UNCERTAIN,STALE_UNDERLYING,65223.7,65245.59,False,14.2857,-1.0,0.002,-1.002,Both,,"{'C0': True, 'CT': True, 'CS': True, 'CS_short': False, 'C1': True, 'CT_plus_canonical_strike': False, 'CT_plus_proxy_strike': False}",BLOCKED_DATA,,0.0019999980000000002,-1.001999998,0.0,0.9999990000000001,0.0,-0.9999990000000001,,False,False,False
3445270_2026-08-10T11:40:21.682781+00:00,3445270,BTC,2026-08-10,2026-08-10T11:40:21.682781+00:00,4.64,0.33,0.34,0.34,0.01,NO,0,True,FORMER_FAVORITE,REVERSION,0.1617,0.6154,-0.2274,UNCERTAIN,0.4566,UNCERTAIN,STALE_UNDERLYING,65074.5,65079.72,False,2.9412,-1.0,0.002,-1.002,CT-only,,"{'C0': True, 'CT': True, 'CS': False, 'CS_short': False, 'C1': True, 'CT_plus_canonical_strike': False, 'CT_plus_proxy_strike': False}",BLOCKED_DATA,,0.002000016,-1.002000016,0.0,1.000008,0.0,-1.000008,,False,False,False
3468551_2026-08-10T19:40:10.954826+00:00,3468551,BTC,2026-08-10,2026-08-10T19:40:10.954826+00:00,4.82,0.09,0.1,0.1,0.01,YES,1,True,FORMER_FAVORITE,REVERSION,0.3676,0.5625,-0.1019,UNCERTAIN,0.1195,UNCERTAIN,STALE_UNDERLYING,63959.4,64025.88,False,10.0,9.0,0.002,8.998,CT-only,,"{'C0': True, 'CT': True, 'CS': False, 'CS_short': False, 'C1': True, 'CT_plus_canonical_strike': False, 'CT_plus_proxy_strike': False}",BLOCKED_DATA,,0.002,8.998,0.0,1.0,10.0,9.0,,True,True,False
3470387_2026-08-10T21:25:27.121760+00:00,3470387,BTC,2026-08-10,2026-08-10T21:25:27.121760+00:00,4.55,0.05,0.06,0.06,0.01,YES,1,True,FORMER_FAVORITE,REVERSION,0.32,0.5333,-0.0769,UNCERTAIN,0.5532,UNCERTAIN,STALE_UNDERLYING,64090.16,64113.83,True,16.6667,15.6667,0.002,15.6647,CT-only,,"{'C0': True, 'CT': True, 'CS': False, 'CS_short': False, 'C1': True, 'CT_plus_canonical_strike': False, 'CT_plus_proxy_strike': True}",BLOCKED_DATA,,0.0020000039999999997,15.664699996000001,0.0,1.0000019999999998,16.6667,15.666697999999998,,True,True,False
3471079_2026-08-10T22:25:32.043868+00:00,3471079,BTC,2026-08-10,2026-08-10T22:25:32.043868+00:00,4.47,0.08,0.09,0.09,0.01,NO,0,True,FORMER_FAVORITE,REVERSION,0.3559,0.5625,-0.2425,REVERSION,0.1794,UNCERTAIN,STALE_UNDERLYING,64012.54,64040.66,False,11.1111,-1.0,0.002,-1.002,Both,,"{'C0': True, 'CT': True, 'CS': True, 'CS_short': False, 'C1': True, 'CT_plus_canonical_strike': False, 'CT_plus_proxy_strike': False}",BLOCKED_DATA,,0.001999998,-1.001999998,0.0,0.999999,0.0,-0.999999,,False,False,False
3472218_2026-08-10T23:55:25.365895+00:00,3472218,BTC,2026-08-10,2026-08-10T23:55:25.365895+00:00,4.58,0.33,0.34,0.34,0.01,YES,1,True,FORMER_FAVORITE,REVERSION,0.1404,0.7143,-0.1979,REVERSION,0.3519,UNCERTAIN,STALE_UNDERLYING,63948.0,63968.0,False,2.9412,1.9412,0.002,1.9392,Both,,"{'C0': True, 'CT': True, 'CS': True, 'CS_short': False, 'C1': True, 'CT_plus_canonical_strike': False, 'CT_plus_proxy_strike': False}",BLOCKED_DATA,,0.002000016,1.939199984,0.0,1.000008,2.9412,1.9411919999999998,,True,True,False
3473130_2026-08-11T01:25:04.828188+00:00,3473130,BTC,2026-08-11,2026-08-11T01:25:04.828188+00:00,4.92,0.36,0.37,0.37,0.01,YES,1,True,OTHER_TRAJECTORY,REVERSION,0.0556,0.625,-0.2958,REVERSION,0.0756,UNCERTAIN,STALE_UNDERLYING,64059.19,64061.89,False,2.7027,1.7027,0.002,1.7007,Both,,"{'C0': True, 'CT': True, 'CS': True, 'CS_short': False, 'C1': True, 'CT_plus_canonical_strike': False, 'CT_plus_proxy_strike': False}",BLOCKED_DATA,,0.001999998,1.700700002,0.0,0.999999,2.7027,1.7027010000000002,,True,True,False
3474209_2026-08-11T03:55:30.373374+00:00,3474209,BTC,2026-08-11,2026-08-11T03:55:30.373374+00:00,4.49,0.29,0.3,0.3,0.01,YES,1,True,FORMER_FAVORITE,REVERSION,0.1776,0.5,-0.2885,REVERSION,0.2707,UNCERTAIN,STALE_UNDERLYING,64122.63,64129.93,True,3.3333,2.3333,0.002,2.3313,Both,,"{'C0': True, 'CT': True, 'CS': True, 'CS_short': False, 'C1': True, 'CT_plus_canonical_strike': False, 'CT_plus_proxy_strike': True}",BLOCKED_DATA,,0.0019999799999999997,2.33130002,0.0,0.9999899999999999,3.3333,2.33331,,True,True,False
3475503_2026-08-11T04:40:01.918594+00:00,3475503,BTC,2026-08-11,2026-08-11T04:40:01.918594+00:00,4.97,0.21,0.22,0.22,0.01,NO,0,True,FORMER_FAVORITE,REVERSION,0.3333,0.5,-0.192,TREND,1.0,UNCERTAIN,STALE_UNDERLYING,64100.35,64108.58,True,4.5455,-1.0,0.002,-1.002,CT-only,,"{'C0': True, 'CT': True, 'CS': False, 'CS_short': False, 'C1': True, 'CT_plus_canonical_strike': False, 'CT_plus_proxy_strike': True}",BLOCKED_DATA,,0.00200002,-1.00200002,0.0,1.0000099999999998,0.0,-1.0000099999999998,,False,False,False
3478995_2026-08-11T07:55:00.648472+00:00,3478995,BTC,2026-08-11,2026-08-11T07:55:00.648472+00:00,4.99,0.18,0.19,0.19,0.01,NO,0,True,FORMER_FAVORITE,REVERSION,0.1609,0.5385,-0.1164,TREND,0.6328,UNCERTAIN,STALE_UNDERLYING,64051.5,64073.26,False,5.2632,-1.0,0.002,-1.002,CT-only,,"{'C0': True, 'CT': True, 'CS': False, 'CS_short': False, 'C1': True, 'CT_plus_canonical_strike': False, 'CT_plus_proxy_strike': False}",BLOCKED_DATA,,0.002000016,-1.002000016,0.0,1.000008,0.0,-1.000008,,False,False,False
3486476_2026-08-11T13:55:02.965668+00:00,3486476,BTC,2026-08-11,2026-08-11T13:55:02.965668+00:00,4.95,0.13,0.14,0.14,0.01,YES,1,True,FORMER_FAVORITE,REVERSION,0.2848,0.5,-0.2014,UNCERTAIN,0.4321,UNCERTAIN,STALE_UNDERLYING,64106.46,64169.73,False,7.1429,6.1429,0.002,6.1409,CT-only,,"{'C0': True, 'CT': True, 'CS': False, 'CS_short': False, 'C1': True, 'CT_plus_canonical_strike': False, 'CT_plus_proxy_strike': False}",BLOCKED_DATA,,0.0020000120000000002,6.140899988,0.0,1.0000060000000002,7.1429,6.142894,,True,True,False
3492147_2026-08-11T15:55:29.780679+00:00,3492147,BTC,2026-08-11,2026-08-11T15:55:29.780679+00:00,4.5,0.11,0.12,0.12,0.01,YES,1,True,FORMER_FAVORITE,REVERSION,0.3043,0.5833,-0.3662,TREND,0.8252,UNCERTAIN,STALE_UNDERLYING,63488.83,63564.0,True,8.3333,7.3333,0.002,7.3313,CT-only,,"{'C0': True, 'CT': True, 'CS': False, 'CS_short': False, 'C1': True, 'CT_plus_canonical_strike': False, 'CT_plus_proxy_strike': True}",BLOCKED_DATA,,0.001999992,7.331300008,0.0,0.9999959999999999,8.3333,7.333304,,True,True,False
3495297_2026-08-11T18:25:39.231385+00:00,3495297,BTC,2026-08-11,2026-08-11T18:25:39.231385+00:00,4.35,0.27,0.28,0.28,0.01,NO,0,True,FORMER_FAVORITE,REVERSION,0.1959,0.5556,-0.1823,REVERSION,0.1945,UNCERTAIN,STALE_UNDERLYING,63589.34,63589.98,False,3.5714,-1.0,0.002,-1.002,Both,,"{'C0': True, 'CT': True, 'CS': True, 'CS_short': False, 'C1': True, 'CT_plus_canonical_strike': False, 'CT_plus_proxy_strike': False}",BLOCKED_DATA,,0.0019999840000000002,-1.001999984,0.0,0.9999920000000001,0.0,-0.9999920000000001,,False,False,False
3495453_2026-08-11T18:40:38.145537+00:00,3495453,BTC,2026-08-11,2026-08-11T18:40:38.145537+00:00,4.36,0.02,0.03,0.03,0.01,NO,0,True,OTHER_TRAJECTORY,REVERSION,0.3613,0.6667,-0.4631,TREND,0.9484,UNCERTAIN,STALE_UNDERLYING,63354.15,63475.67,True,33.3333,-1.0,0.002,-1.002,CT-only,,"{'C0': True, 'CT': True, 'CS': False, 'CS_short': False, 'C1': True, 'CT_plus_canonical_strike': False, 'CT_plus_proxy_strike': True}",BLOCKED_DATA,,0.001999998,-1.001999998,0.0,0.999999,0.0,-0.999999,,False,False,False
3502994_2026-08-11T23:55:38.820944+00:00,3502994,BTC,2026-08-11,2026-08-11T23:55:38.820944+00:00,4.35,0.1,0.11,0.11,0.01,NO,0,True,FORMER_FAVORITE,REVERSION,0.3077,0.6923,-0.1646,REVERSION,0.286,UNCERTAIN,STALE_UNDERLYING,63619.99,63639.85,False,9.0909,-1.0,0.002,-1.002,Both,,"{'C0': True, 'CT': True, 'CS': True, 'CS_short': False, 'C1': True, 'CT_plus_canonical_strike': False, 'CT_plus_proxy_strike': False}",BLOCKED_DATA,,0.001999998,-1.001999998,0.0,0.999999,0.0,-0.999999,,False,False,False
3505544_2026-08-12T02:55:38.163857+00:00,3505544,BTC,2026-08-12,2026-08-12T02:55:38.163857+00:00,4.36,0.24,0.25,0.25,0.01,NO,0,True,FORMER_FAVORITE,REVERSION,0.197,0.6667,-0.416,TREND,1.0,UNCERTAIN,STALE_UNDERLYING,63773.7,63778.47,True,4.0,-1.0,0.002,-1.002,CT-only,,"{'C0': True, 'CT': True, 'CS': False, 'CS_short': False, 'C1': True, 'CT_plus_canonical_strike': False, 'CT_plus_proxy_strike': True}",BLOCKED_DATA,,0.002,-1.002,0.0,1.0,0.0,-1.0,,False,False,False
3505879_2026-08-12T03:55:38.684901+00:00,3505879,BTC,2026-08-12,2026-08-12T03:55:38.684901+00:00,4.36,0.12,0.13,0.13,0.01,YES,1,True,OTHER_TRAJECTORY,REVERSION,0.2449,0.5,-0.0935,UNCERTAIN,0.2811,UNCERTAIN,STALE_UNDERLYING,63788.84,63814.79,False,7.6923,6.6923,0.002,6.6903,CT-only,,"{'C0': True, 'CT': True, 'CS': False, 'CS_short': False, 'C1': True, 'CT_plus_canonical_strike': False, 'CT_plus_proxy_strike': False}",BLOCKED_DATA,,0.0019999980000000002,6.690300002000001,0.0,0.9999990000000001,7.6923,6.6923010000000005,,True,True,False
3506446_2026-08-12T04:10:39.915754+00:00,3506446,BTC,2026-08-12,2026-08-12T04:10:39.915754+00:00,4.33,0.16,0.17,0.17,0.01,NO,0,True,FORMER_FAVORITE,REVERSION,0.2333,0.5385,-0.055,REVERSION,0.0661,UNCERTAIN,STALE_UNDERLYING,63807.55,63835.58,False,5.8824,-1.0,0.002,-1.002,Both,,"{'C0': True, 'CT': True, 'CS': True, 'CS_short': False, 'C1': True, 'CT_plus_canonical_strike': False, 'CT_plus_proxy_strike': False}",BLOCKED_DATA,,0.002000016,-1.002000016,0.0,1.000008,0.0,-1.000008,,False,False,False
3509965_2026-08-12T08:40:25.185130+00:00,3509965,BTC,2026-08-12,2026-08-12T08:40:25.185130+00:00,4.58,0.11,0.12,0.12,0.01,NO,0,True,PERSISTENT_CHEAP,REVERSION,0.2113,0.75,-0.5515,UNCERTAIN,0.112,UNCERTAIN,STALE_UNDERLYING,63802.0,63824.47,False,8.3333,-1.0,0.002,-1.002,CT-only,,"{'C0': True, 'CT': True, 'CS': False, 'CS_short': False, 'C1': True, 'CT_plus_canonical_strike': False, 'CT_plus_proxy_strike': False}",BLOCKED_DATA,,0.001999992,-1.001999992,0.0,0.9999959999999999,0.0,-0.9999959999999999,,False,False,False
3511964_2026-08-12T11:10:14.083903+00:00,3511964,BTC,2026-08-12,2026-08-12T11:10:14.083903+00:00,4.77,0.29,0.3,0.3,0.01,NO,0,True,FORMER_FAVORITE,REVERSION,0.3379,0.4545,-0.0931,REVERSION,0.1635,UNCERTAIN,STALE_UNDERLYING,64124.0,64143.36,False,3.3333,-1.0,0.002,-1.002,Both,,"{'C0': True, 'CT': True, 'CS': True, 'CS_short': False, 'C1': True, 'CT_plus_canonical_strike': False, 'CT_plus_proxy_strike': False}",BLOCKED_DATA,,0.0019999799999999997,-1.00199998,0.0,0.9999899999999999,0.0,-0.9999899999999999,,False,False,False
3516686_2026-08-12T15:25:21.364295+00:00,3516686,BTC,2026-08-12,2026-08-12T15:25:21.364295+00:00,4.64,0.22,0.23,0.23,0.01,NO,0,True,FORMER_FAVORITE,REVERSION,0.3846,0.6364,-0.1019,UNCERTAIN,0.512,UNCERTAIN,STALE_UNDERLYING,63482.13,63500.01,False,4.3478,-1.0,0.002,-1.002,CT-only,,"{'C0': True, 'CT': True, 'CS': False, 'CS_short': False, 'C1': True, 'CT_plus_canonical_strike': False, 'CT_plus_proxy_strike': False}",BLOCKED_DATA,,0.0019999880000000003,-1.001999988,0.0,0.9999940000000002,0.0,-0.9999940000000002,,False,False,False
3516792_2026-08-12T15:55:22.489903+00:00,3516792,BTC,2026-08-12,2026-08-12T15:55:22.489903+00:00,4.63,0.24,0.25,0.25,0.01,NO,0,True,OTHER_TRAJECTORY,REVERSION,0.2791,0.6364,-0.556,REVERSION,0.0198,UNCERTAIN,STALE_UNDERLYING,63504.14,63530.01,False,4.0,-1.0,0.002,-1.002,Both,,"{'C0': True, 'CT': True, 'CS': True, 'CS_short': False, 'C1': True, 'CT_plus_canonical_strike': False, 'CT_plus_proxy_strike': False}",BLOCKED_DATA,,0.002,-1.002,0.0,1.0,0.0,-1.0,,False,False,False
3517214_2026-08-12T16:10:21.377703+00:00,3517214,BTC,2026-08-12,2026-08-12T16:10:21.377703+00:00,4.64,0.27,0.28,0.28,0.01,YES,1,True,FORMER_FAVORITE,REVERSION,0.3008,0.6667,-0.2494,UNCERTAIN,0.5003,UNCERTAIN,STALE_UNDERLYING,63420.11,63441.48,True,3.5714,2.5714,0.002,2.5694,CT-only,,"{'C0': True, 'CT': True, 'CS': False, 'CS_short': False, 'C1': True, 'CT_plus_canonical_strike': False, 'CT_plus_proxy_strike': True}",BLOCKED_DATA,,0.0019999840000000002,2.5694000160000003,0.0,0.9999920000000001,3.5714,2.571408,,True,True,False
3517832_2026-08-12T16:55:21.357582+00:00,3517832,BTC,2026-08-12,2026-08-12T16:55:21.357582+00:00,4.64,0.32,0.33,0.33,0.01,NO,0,True,OTHER_TRAJECTORY,REVERSION,0.0579,0.5455,-0.3935,TREND,0.69,UNCERTAIN,STALE_UNDERLYING,63494.0,63520.39,True,3.0303,-1.0,0.002,-1.002,CT-only,,"{'C0': True, 'CT': True, 'CS': False, 'CS_short': False, 'C1': True, 'CT_plus_canonical_strike': False, 'CT_plus_proxy_strike': True}",BLOCKED_DATA,,0.0019999980000000002,-1.001999998,0.0,0.9999990000000001,0.0,-0.9999990000000001,,False,False,False
3526366_2026-08-12T20:55:23.082551+00:00,3526366,BTC,2026-08-12,2026-08-12T20:55:23.082551+00:00,4.62,0.23,0.24,0.24,0.01,YES,1,True,FORMER_FAVORITE,REVERSION,0.3578,0.5,-0.2585,UNCERTAIN,0.2469,UNCERTAIN,STALE_UNDERLYING,63529.99,63546.0,False,4.1667,3.1667,0.002,3.1647,CT-only,,"{'C0': True, 'CT': True, 'CS': False, 'CS_short': False, 'C1': True, 'CT_plus_canonical_strike': False, 'CT_plus_proxy_strike': False}",BLOCKED_DATA,,0.0020000159999999994,3.164699984,0.0,1.0000079999999998,4.1667,3.166692,,True,True,False
3528405_2026-08-12T23:10:22.019176+00:00,3528405,BTC,2026-08-12,2026-08-12T23:10:22.019176+00:00,4.63,0.27,0.28,0.28,0.01,NO,0,True,FORMER_FAVORITE,REVERSION,0.2679,0.8333,-0.2078,REVERSION,0.2465,UNCERTAIN,STALE_UNDERLYING,63423.84,63432.28,False,3.5714,-1.0,0.002,-1.002,Both,,"{'C0': True, 'CT': True, 'CS': True, 'CS_short': False, 'C1': True, 'CT_plus_canonical_strike': False, 'CT_plus_proxy_strike': False}",BLOCKED_DATA,,0.0019999840000000002,-1.001999984,0.0,0.9999920000000001,0.0,-0.9999920000000001,,False,False,False
3532784_2026-08-13T02:40:32.538144+00:00,3532784,BTC,2026-08-13,2026-08-13T02:40:32.538144+00:00,4.46,0.19,0.2,0.2,0.01,YES,1,True,PERSISTENT_CHEAP,REVERSION,0.2391,0.6154,-0.3072,UNCERTAIN,0.4663,UNCERTAIN,STALE_UNDERLYING,63426.01,63470.01,False,5.0,4.0,0.002,3.998,CT-only,,"{'C0': True, 'CT': True, 'CS': False, 'CS_short': False, 'C1': True, 'CT_plus_canonical_strike': False, 'CT_plus_proxy_strike': False}",BLOCKED_DATA,,0.002,3.998,0.0,1.0,5.0,4.0,,True,True,False
3533024_2026-08-13T03:10:32.485814+00:00,3533024,BTC,2026-08-13,2026-08-13T03:10:32.485814+00:00,4.46,0.28,0.29,0.29,0.01,YES,1,True,OTHER_TRAJECTORY,REVERSION,0.1532,0.6,-0.258,UNCERTAIN,0.1858,UNCERTAIN,STALE_UNDERLYING,63518.86,63550.01,False,3.4483,2.4483,0.002,2.4463,CT-only,,"{'C0': True, 'CT': True, 'CS': False, 'CS_short': False, 'C1': True, 'CT_plus_canonical_strike': False, 'CT_plus_proxy_strike': False}",BLOCKED_DATA,,0.0020000139999999996,2.446299986,0.0,1.0000069999999999,3.4483,2.4482930000000005,,True,True,False
3539523_2026-08-13T13:55:03.529463+00:00,3539523,BTC,2026-08-13,2026-08-13T13:55:03.529463+00:00,4.94,0.28,0.29,0.29,0.01,NO,0,True,FORMER_FAVORITE,REVERSION,0.0963,0.5833,-0.112,UNCERTAIN,0.56,UNCERTAIN,STALE_UNDERLYING,63778.71,63807.92,False,3.4483,-1.0,0.002,-1.002,CT-only,,"{'C0': True, 'CT': True, 'CS': False, 'CS_short': False, 'C1': True, 'CT_plus_canonical_strike': False, 'CT_plus_proxy_strike': False}",BLOCKED_DATA,,0.0020000139999999996,-1.002000014,0.0,1.0000069999999999,0.0,-1.0000069999999999,,False,False,False
3542111_2026-08-13T16:10:26.823508+00:00,3542111,BTC,2026-08-13,2026-08-13T16:10:26.823508+00:00,4.55,0.37,0.38,0.38,0.01,YES,1,True,FORMER_FAVORITE,REVERSION,0.0678,0.5,-0.2966,TREND,0.7749,UNCERTAIN,STALE_UNDERLYING,63451.93,63420.01,True,2.6316,1.6316,0.002,1.6296,CT-only,,"{'C0': True, 'CT': True, 'CS': False, 'CS_short': False, 'C1': True, 'CT_plus_canonical_strike': False, 'CT_plus_proxy_strike': True}",BLOCKED_DATA,,0.002000016,1.629599984,0.0,1.000008,2.6316,1.6315920000000002,,True,True,False
3552260_2026-08-13T20:40:02.590318+00:00,3552260,BTC,2026-08-13,2026-08-13T20:40:02.590318+00:00,4.96,0.29,0.3,0.3,0.01,NO,0,True,FORMER_FAVORITE,REVERSION,0.1919,0.8,-0.3619,UNCERTAIN,0.479,UNCERTAIN,STALE_UNDERLYING,63442.01,63453.31,False,3.3333,-1.0,0.002,-1.002,CT-only,,"{'C0': True, 'CT': True, 'CS': False, 'CS_short': False, 'C1': True, 'CT_plus_canonical_strike': False, 'CT_plus_proxy_strike': False}",BLOCKED_DATA,,0.0019999799999999997,-1.00199998,0.0,0.9999899999999999,0.0,-0.9999899999999999,,False,False,False
3553919_2026-08-13T23:25:02.841920+00:00,3553919,BTC,2026-08-13,2026-08-13T23:25:02.841920+00:00,4.95,0.37,0.38,0.38,0.01,NO,0,True,FORMER_FAVORITE,REVERSION,0.1402,0.5556,-0.2368,UNCERTAIN,0.5859,UNCERTAIN,STALE_UNDERLYING,63463.29,63478.0,True,2.6316,-1.0,0.002,-1.002,CT-only,,"{'C0': True, 'CT': True, 'CS': False, 'CS_short': False, 'C1': True, 'CT_plus_canonical_strike': False, 'CT_plus_proxy_strike': True}",BLOCKED_DATA,,0.002000016,-1.002000016,0.0,1.000008,0.0,-1.000008,,False,False,False
3555519_2026-08-14T00:55:44.247509+00:00,3555519,BTC,2026-08-14,2026-08-14T00:55:44.247509+00:00,4.26,0.38,0.39,0.39,0.01,YES,1,True,FORMER_FAVORITE,REVERSION,0.0076,0.5,-0.3952,UNCERTAIN,0.5289,UNCERTAIN,STALE_UNDERLYING,63539.47,63526.01,False,2.5641,1.5641,0.002,1.5621,CT-only,,"{'C0': True, 'CT': True, 'CS': False, 'CS_short': False, 'C1': True, 'CT_plus_canonical_strike': False, 'CT_plus_proxy_strike': False}",BLOCKED_DATA,,0.001999998,1.562100002,0.0,0.999999,2.5641,1.564101,,True,True,False
3556767_2026-08-14T03:10:01.254524+00:00,3556767,BTC,2026-08-14,2026-08-14T03:10:01.254524+00:00,4.98,0.37,0.38,0.38,0.01,YES,1,True,OTHER_TRAJECTORY,REVERSION,0.2059,0.5833,-0.0824,UNCERTAIN,0.4542,UNCERTAIN,STALE_UNDERLYING,63449.45,63465.39,True,2.6316,1.6316,0.002,1.6296,CT-only,,"{'C0': True, 'CT': True, 'CS': False, 'CS_short': False, 'C1': True, 'CT_plus_canonical_strike': False, 'CT_plus_proxy_strike': True}",BLOCKED_DATA,,0.002000016,1.629599984,0.0,1.000008,2.6316,1.6315920000000002,,True,True,False
3556954_2026-08-14T03:55:01.800837+00:00,3556954,BTC,2026-08-14,2026-08-14T03:55:01.800837+00:00,4.97,0.29,0.31,0.31,0.02,NO,0,True,OTHER_TRAJECTORY,REVERSION,0.3435,0.6667,-0.5061,TREND,0.8532,UNCERTAIN,STALE_UNDERLYING,63337.53,63380.09,True,3.2258,-1.0,0.002,-1.002,CT-only,,"{'C0': True, 'CT': True, 'CS': False, 'CS_short': False, 'C1': True, 'CT_plus_canonical_strike': False, 'CT_plus_proxy_strike': True}",BLOCKED_DATA,,0.001999996,-1.001999996,0.0,0.9999979999999999,0.0,-0.9999979999999999,,False,False,False
3557376_2026-08-14T04:25:01.529714+00:00,3557376,BTC,2026-08-14,2026-08-14T04:25:01.529714+00:00,4.97,0.17,0.18,0.18,0.01,YES,1,True,FORMER_FAVORITE,REVERSION,0.2991,0.5455,-0.0887,UNCERTAIN,0.4793,UNCERTAIN,STALE_UNDERLYING,63380.0,63408.27,False,5.5556,4.5556,0.002,4.5536,CT-only,,"{'C0': True, 'CT': True, 'CS': False, 'CS_short': False, 'C1': True, 'CT_plus_canonical_strike': False, 'CT_plus_proxy_strike': False}",BLOCKED_DATA,,0.002000016,4.553599984,0.0,1.000008,5.5556,4.555592,,True,True,False
3557675_2026-08-14T04:40:01.414898+00:00,3557675,BTC,2026-08-14,2026-08-14T04:40:01.414898+00:00,4.98,0.22,0.23,0.23,0.01,NO,0,True,OTHER_TRAJECTORY,REVERSION,0.3607,0.5,-0.2633,REVERSION,0.072,UNCERTAIN,STALE_UNDERLYING,63399.99,63423.49,False,4.3478,-1.0,0.002,-1.002,Both,,"{'C0': True, 'CT': True, 'CS': True, 'CS_short': False, 'C1': True, 'CT_plus_canonical_strike': False, 'CT_plus_proxy_strike': False}",BLOCKED_DATA,,0.0019999880000000003,-1.001999988,0.0,0.9999940000000002,0.0,-0.9999940000000002,,False,False,False
3560657_2026-08-14T06:55:00.771833+00:00,3560657,BTC,2026-08-14,2026-08-14T06:55:00.771833+00:00,4.99,0.01,0.02,0.02,0.01,NO,0,True,FORMER_FAVORITE,REVERSION,0.322,0.6667,-0.2188,TREND,0.6835,UNCERTAIN,STALE_UNDERLYING,63027.8,63180.54,False,50.0,-1.0,0.002,-1.002,CT-only,,"{'C0': True, 'CT': True, 'CS': False, 'CS_short': False, 'C1': True, 'CT_plus_canonical_strike': False, 'CT_plus_proxy_strike': False}",BLOCKED_DATA,,0.002,-1.002,0.0,1.0,0.0,-1.0,,False,False,False
3564497_2026-08-14T13:40:04.986548+00:00,3564497,BTC,2026-08-14,2026-08-14T13:40:04.986548+00:00,4.92,0.08,0.09,0.09,0.01,NO,0,True,FORMER_FAVORITE,REVERSION,0.102,0.5,,UNCERTAIN,0.1112,UNCERTAIN,STALE_UNDERLYING,62656.0,62782.56,False,11.1111,-1.0,0.002,-1.002,CT-only,,"{'C0': True, 'CT': True, 'CS': False, 'CS_short': False, 'C1': True, 'CT_plus_canonical_strike': False, 'CT_plus_proxy_strike': False}",BLOCKED_DATA,,0.001999998,-1.001999998,0.0,0.999999,0.0,-0.999999,,False,False,False
3564835_2026-08-14T14:25:05.497497+00:00,3564835,BTC,2026-08-14,2026-08-14T14:25:05.497497+00:00,4.91,0.37,0.38,0.38,0.01,YES,1,True,FORMER_FAVORITE,REVERSION,0.1329,0.5833,-0.2828,TREND,0.8193,UNCERTAIN,STALE_UNDERLYING,62594.0,62610.0,True,2.6316,1.6316,0.002,1.6296,CT-only,,"{'C0': True, 'CT': True, 'CS': False, 'CS_short': False, 'C1': True, 'CT_plus_canonical_strike': False, 'CT_plus_proxy_strike': True}",BLOCKED_DATA,,0.002000016,1.629599984,0.0,1.000008,2.6316,1.6315920000000002,,True,True,False
3570365_2026-08-14T19:10:45.168487+00:00,3570365,BTC,2026-08-14,2026-08-14T19:10:45.168487+00:00,4.25,0.03,0.04,0.04,0.01,NO,0,True,OTHER_TRAJECTORY,REVERSION,0.3934,0.8333,-0.6487,UNCERTAIN,0.4175,UNCERTAIN,STALE_UNDERLYING,62894.0,62930.01,False,25.0,-1.0,0.002,-1.002,CT-only,,"{'C0': True, 'CT': True, 'CS': False, 'CS_short': False, 'C1': True, 'CT_plus_canonical_strike': False, 'CT_plus_proxy_strike': False}",BLOCKED_DATA,,0.002,-1.002,0.0,1.0,0.0,-1.0,,False,False,False
3573228_2026-08-14T22:25:43.942038+00:00,3573228,BTC,2026-08-14,2026-08-14T22:25:43.942038+00:00,4.27,0.18,0.19,0.19,0.01,NO,0,True,OTHER_TRAJECTORY,REVERSION,0.3137,0.5,-0.3043,TREND,0.7973,UNCERTAIN,STALE_UNDERLYING,62834.0,62833.33,True,5.2632,-1.0,0.002,-1.002,CT-only,,"{'C0': True, 'CT': True, 'CS': False, 'CS_short': False, 'C1': True, 'CT_plus_canonical_strike': False, 'CT_plus_proxy_strike': True}",BLOCKED_DATA,,0.002000016,-1.002000016,0.0,1.000008,0.0,-1.000008,,False,False,False
3573925_2026-08-14T22:55:44.001428+00:00,3573925,BTC,2026-08-14,2026-08-14T22:55:44.001428+00:00,4.27,0.19,0.2,0.2,0.01,YES,1,True,FORMER_FAVORITE,REVERSION,0.2308,0.5833,-0.1994,TREND,0.8856,UNCERTAIN,STALE_UNDERLYING,62880.35,62884.0,False,5.0,4.0,0.002,3.998,CT-only,,"{'C0': True, 'CT': True, 'CS': False, 'CS_short': False, 'C1': True, 'CT_plus_canonical_strike': False, 'CT_plus_proxy_strike': False}",BLOCKED_DATA,,0.002,3.998,0.0,1.0,5.0,4.0,,True,True,False
3574886_2026-08-15T00:10:00.057892+00:00,3574886,BTC,2026-08-15,2026-08-15T00:10:00.057892+00:00,5.0,0.17,0.18,0.18,0.01,NO,0,True,OTHER_TRAJECTORY,REVERSION,0.375,0.8571,-0.3667,UNCERTAIN,0.23,UNCERTAIN,STALE_UNDERLYING,63026.05,63043.56,False,5.5556,-1.0,0.002,-1.002,CT-only,,"{'C0': True, 'CT': True, 'CS': False, 'CS_short': False, 'C1': True, 'CT_plus_canonical_strike': False, 'CT_plus_proxy_strike': False}",BLOCKED_DATA,,0.002000016,-1.002000016,0.0,1.000008,0.0,-1.000008,,False,False,False
3575020_2026-08-15T00:55:44.208270+00:00,3575020,BTC,2026-08-15,2026-08-15T00:55:44.208270+00:00,4.26,0.35,0.36,0.36,0.01,NO,0,True,FORMER_FAVORITE,REVERSION,0.1712,0.6154,-0.2559,UNCERTAIN,0.2778,UNCERTAIN,STALE_UNDERLYING,63000.0,63019.99,False,2.7778,-1.0,0.002,-1.002,CT-only,,"{'C0': True, 'CT': True, 'CS': False, 'CS_short': False, 'C1': True, 'CT_plus_canonical_strike': False, 'CT_plus_proxy_strike': False}",BLOCKED_DATA,,0.002000016,-1.002000016,0.0,1.000008,0.0,-1.000008,,False,False,False
3575465_2026-08-15T01:55:44.917230+00:00,3575465,BTC,2026-08-15,2026-08-15T01:55:44.917230+00:00,4.25,0.27,0.29,0.29,0.02,YES,1,True,OTHER_TRAJECTORY,REVERSION,0.2357,0.5833,-0.2701,UNCERTAIN,0.3408,UNCERTAIN,STALE_UNDERLYING,63023.65,63030.01,True,3.4483,2.4483,0.002,2.4463,CT-only,,"{'C0': True, 'CT': True, 'CS': False, 'CS_short': False, 'C1': True, 'CT_plus_canonical_strike': False, 'CT_plus_proxy_strike': True}",BLOCKED_DATA,,0.0020000139999999996,2.446299986,0.0,1.0000069999999999,3.4483,2.4482930000000005,,True,True,False
3578983_2026-08-15T07:55:45.124752+00:00,3578983,BTC,2026-08-15,2026-08-15T07:55:45.124752+00:00,4.25,0.38,0.39,0.39,0.01,NO,0,True,OTHER_TRAJECTORY,REVERSION,0.1852,0.5833,-0.2859,QUIET,0.03567984570868059,UNCERTAIN,STALE_UNDERLYING,63076.01,63079.92,False,2.5641,-1.0,0.002,-1.002,CT-only,,"{'C0': True, 'CT': True, 'CS': False, 'CS_short': False, 'C1': True, 'CT_plus_canonical_strike': False, 'CT_plus_proxy_strike': False}",BLOCKED_DATA,,0.001999998,-1.001999998,0.0,0.999999,0.0,-0.999999,,False,False,False
3582229_2026-08-15T13:25:08.970967+00:00,3582229,BTC,2026-08-15,2026-08-15T13:25:08.970967+00:00,4.85,0.2,0.21,0.21,0.01,NO,0,True,FORMER_FAVORITE,REVERSION,0.2769,0.5455,-0.2806,REVERSION,0.0876,UNCERTAIN,STALE_UNDERLYING,63042.61,63073.14,False,4.7619,-1.0,0.002,-1.002,Both,,"{'C0': True, 'CT': True, 'CS': True, 'CS_short': False, 'C1': True, 'CT_plus_canonical_strike': False, 'CT_plus_proxy_strike': False}",BLOCKED_DATA,,0.001999998,-1.001999998,0.0,0.999999,0.0,-0.999999,,False,False,False
3592679_2026-08-15T22:25:10.449863+00:00,3592679,BTC,2026-08-15,2026-08-15T22:25:10.449863+00:00,4.83,0.27,0.28,0.28,0.01,NO,0,True,PERSISTENT_CHEAP,REVERSION,0.1387,0.7,-0.1979,TREND,0.6417,UNCERTAIN,STALE_UNDERLYING,63142.31,63150.01,False,3.5714,-1.0,0.002,-1.002,CT-only,,"{'C0': True, 'CT': True, 'CS': False, 'CS_short': False, 'C1': True, 'CT_plus_canonical_strike': False, 'CT_plus_proxy_strike': False}",BLOCKED_DATA,,0.0019999840000000002,-1.001999984,0.0,0.9999920000000001,0.0,-0.9999920000000001,,False,False,False
3595401_2026-08-16T03:25:09.450796+00:00,3595401,BTC,2026-08-16,2026-08-16T03:25:09.450796+00:00,4.84,0.34,0.35,0.35,0.01,NO,0,True,OTHER_TRAJECTORY,REVERSION,0.1864,0.7273,-0.6713,QUIET,0.2370370370377623,UNCERTAIN,STALE_UNDERLYING,63119.99,63122.99,False,2.8571,-1.0,0.002,-1.002,CT-only,,"{'C0': True, 'CT': True, 'CS': False, 'CS_short': False, 'C1': True, 'CT_plus_canonical_strike': False, 'CT_plus_proxy_strike': False}",BLOCKED_DATA,,0.00199997,-1.00199997,0.0,0.9999849999999999,0.0,-0.9999849999999999,,False,False,False
3599599_2026-08-16T06:25:09.700432+00:00,3599599,BTC,2026-08-16,2026-08-16T06:25:09.700432+00:00,4.84,0.27,0.28,0.28,0.01,YES,1,True,FORMER_FAVORITE,REVERSION,0.2199,0.5833,-0.0877,REVERSION,0.2325,UNCERTAIN,STALE_UNDERLYING,63054.35,63044.0,True,3.5714,2.5714,0.002,2.5694,Both,,"{'C0': True, 'CT': True, 'CS': True, 'CS_short': False, 'C1': True, 'CT_plus_canonical_strike': False, 'CT_plus_proxy_strike': True}",BLOCKED_DATA,,0.0019999840000000002,2.5694000160000003,0.0,0.9999920000000001,3.5714,2.571408,,True,True,False
3599682_2026-08-16T06:40:08.450678+00:00,3599682,BTC,2026-08-16,2026-08-16T06:40:08.450678+00:00,4.86,0.33,0.34,0.34,0.01,NO,0,True,OTHER_TRAJECTORY,REVERSION,0.0732,0.625,-0.329,REVERSION,0.3003,UNCERTAIN,STALE_UNDERLYING,63058.48,63072.31,False,2.9412,-1.0,0.002,-1.002,Both,,"{'C0': True, 'CT': True, 'CS': True, 'CS_short': False, 'C1': True, 'CT_plus_canonical_strike': False, 'CT_plus_proxy_strike': False}",BLOCKED_DATA,,0.002000016,-1.002000016,0.0,1.000008,0.0,-1.000008,,False,False,False
3600998_2026-08-16T09:40:08.950325+00:00,3600998,BTC,2026-08-16,2026-08-16T09:40:08.950325+00:00,4.85,0.22,0.28,0.28,0.06,NO,0,True,FORMER_FAVORITE,REVERSION,0.2069,0.5,-0.1737,TREND,0.7674,UNCERTAIN,STALE_UNDERLYING,63056.73,63072.42,False,3.5714,-1.0,0.002,-1.002,CT-only,,"{'C0': True, 'CT': True, 'CS': False, 'CS_short': False, 'C1': True, 'CT_plus_canonical_strike': False, 'CT_plus_proxy_strike': False}",BLOCKED_DATA,,0.0019999840000000002,-1.001999984,0.0,0.9999920000000001,0.0,-0.9999920000000001,,False,False,False
3603275_2026-08-16T12:25:08.956895+00:00,3603275,BTC,2026-08-16,2026-08-16T12:25:08.956895+00:00,4.85,0.35,0.36,0.36,0.01,NO,0,True,OTHER_TRAJECTORY,REVERSION,0.1429,0.6364,-0.3595,QUIET,0.9898477157352095,UNCERTAIN,STALE_UNDERLYING,63025.36,63025.4,False,2.7778,-1.0,0.002,-1.002,CT-only,,"{'C0': True, 'CT': True, 'CS': False, 'CS_short': False, 'C1': True, 'CT_plus_canonical_strike': False, 'CT_plus_proxy_strike': False}",BLOCKED_DATA,,0.002000016,-1.002000016,0.0,1.000008,0.0,-1.000008,,False,False,False
3603381_2026-08-16T12:40:10.700339+00:00,3603381,BTC,2026-08-16,2026-08-16T12:40:10.700339+00:00,4.82,0.12,0.13,0.13,0.01,NO,0,True,OTHER_TRAJECTORY,REVERSION,0.3762,0.6667,-0.1761,TREND,0.9041,UNCERTAIN,STALE_UNDERLYING,63005.97,63025.35,False,7.6923,-1.0,0.002,-1.002,CT-only,,"{'C0': True, 'CT': True, 'CS': False, 'CS_short': False, 'C1': True, 'CT_plus_canonical_strike': False, 'CT_plus_proxy_strike': False}",BLOCKED_DATA,,0.0019999980000000002,-1.001999998,0.0,0.9999990000000001,0.0,-0.9999990000000001,,False,False,False
3609068_2026-08-16T18:40:09.700528+00:00,3609068,BTC,2026-08-16,2026-08-16T18:40:09.700528+00:00,4.84,0.29,0.3,0.3,0.01,NO,0,True,FORMER_FAVORITE,REVERSION,0.2388,0.7273,-0.0797,UNCERTAIN,0.1876,UNCERTAIN,STALE_UNDERLYING,63150.01,63157.45,False,3.3333,-1.0,0.002,-1.002,CT-only,,"{'C0': True, 'CT': True, 'CS': False, 'CS_short': False, 'C1': True, 'CT_plus_canonical_strike': False, 'CT_plus_proxy_strike': False}",BLOCKED_DATA,,0.0019999799999999997,-1.00199998,0.0,0.9999899999999999,0.0,-0.9999899999999999,,False,False,False
3615600_2026-08-16T21:10:09.449446+00:00,3615600,BTC,2026-08-16,2026-08-16T21:10:09.449446+00:00,4.84,0.21,0.22,0.22,0.01,NO,0,True,OTHER_TRAJECTORY,REVERSION,0.1935,0.7,-0.3432,REVERSION,0.2718,UNCERTAIN,STALE_UNDERLYING,63052.18,63067.79,False,4.5455,-1.0,0.002,-1.002,Both,,"{'C0': True, 'CT': True, 'CS': True, 'CS_short': False, 'C1': True, 'CT_plus_canonical_strike': False, 'CT_plus_proxy_strike': False}",BLOCKED_DATA,,0.00200002,-1.00200002,0.0,1.0000099999999998,0.0,-1.0000099999999998,,False,False,False
3617976_2026-08-16T22:10:08.949886+00:00,3617976,BTC,2026-08-16,2026-08-16T22:10:08.949886+00:00,4.85,0.13,0.14,0.14,0.01,NO,0,True,PERSISTENT_CHEAP,REVERSION,0.3125,0.5455,-0.3056,REVERSION,0.1341,UNCERTAIN,STALE_UNDERLYING,62914.99,62929.61,False,7.1429,-1.0,0.002,-1.002,Both,,"{'C0': True, 'CT': True, 'CS': True, 'CS_short': False, 'C1': True, 'CT_plus_canonical_strike': False, 'CT_plus_proxy_strike': False}",BLOCKED_DATA,,0.0020000120000000002,-1.002000012,0.0,1.0000060000000002,0.0,-1.0000060000000002,,False,False,False
3620231_2026-08-17T00:10:08.699869+00:00,3620231,BTC,2026-08-17,2026-08-17T00:10:08.699869+00:00,4.86,0.26,0.27,0.27,0.01,NO,0,True,FORMER_FAVORITE,REVERSION,0.2844,0.7,-0.2146,REVERSION,0.1375,UNCERTAIN,STALE_UNDERLYING,62882.0,62900.0,True,3.7037,-1.0,0.002,-1.002,Both,,"{'C0': True, 'CT': True, 'CS': True, 'CS_short': False, 'C1': True, 'CT_plus_canonical_strike': False, 'CT_plus_proxy_strike': True}",BLOCKED_DATA,,0.0019999980000000002,-1.001999998,0.0,0.9999990000000001,0.0,-0.9999990000000001,,False,False,False
3621568_2026-08-17T03:10:08.826336+00:00,3621568,BTC,2026-08-17,2026-08-17T03:10:08.826336+00:00,4.85,0.36,0.37,0.37,0.01,YES,1,True,FORMER_FAVORITE,REVERSION,0.234,0.6364,-0.5117,UNCERTAIN,0.5721,UNCERTAIN,STALE_UNDERLYING,63391.01,63403.33,False,2.7027,1.7027,0.002,1.7007,CT-only,,"{'C0': True, 'CT': True, 'CS': False, 'CS_short': False, 'C1': True, 'CT_plus_canonical_strike': False, 'CT_plus_proxy_strike': False}",BLOCKED_DATA,,0.001999998,1.700700002,0.0,0.999999,2.7027,1.7027010000000002,,True,True,False
3626035_2026-08-17T06:25:09.825524+00:00,3626035,BTC,2026-08-17,2026-08-17T06:25:09.825524+00:00,4.84,0.38,0.39,0.39,0.01,YES,1,True,FORMER_FAVORITE,REVERSION,0.0909,0.8889,-0.6514,REVERSION,0.3751,UNCERTAIN,STALE_UNDERLYING,63564.28,63574.03,False,2.5641,1.5641,0.002,1.5621,Both,,"{'C0': True, 'CT': True, 'CS': True, 'CS_short': False, 'C1': True, 'CT_plus_canonical_strike': False, 'CT_plus_proxy_strike': False}",BLOCKED_DATA,,0.001999998,1.562100002,0.0,0.999999,2.5641,1.564101,,True,True,False
3626629_2026-08-17T07:25:09.299367+00:00,3626629,BTC,2026-08-17,2026-08-17T07:25:09.299367+00:00,4.85,0.2,0.21,0.21,0.01,NO,0,True,PERSISTENT_CHEAP,REVERSION,0.3725,0.5455,-0.3011,TREND,0.73,UNCERTAIN,STALE_UNDERLYING,63563.8,63584.66,True,4.7619,-1.0,0.002,-1.002,CT-only,,"{'C0': True, 'CT': True, 'CS': False, 'CS_short': False, 'C1': True, 'CT_plus_canonical_strike': False, 'CT_plus_proxy_strike': True}",BLOCKED_DATA,,0.001999998,-1.001999998,0.0,0.999999,0.0,-0.999999,,False,False,False
3630786_2026-08-17T10:10:09.702493+00:00,3630786,BTC,2026-08-17,2026-08-17T10:10:09.702493+00:00,4.84,0.21,0.22,0.22,0.01,YES,1,True,FORMER_FAVORITE,REVERSION,0.2623,0.4545,-0.1618,REVERSION,0.1174,UNCERTAIN,STALE_UNDERLYING,63300.26,63323.97,False,4.5455,3.5455,0.002,3.5435,Both,,"{'C0': True, 'CT': True, 'CS': True, 'CS_short': False, 'C1': True, 'CT_plus_canonical_strike': False, 'CT_plus_proxy_strike': False}",BLOCKED_DATA,,0.00200002,3.54349998,0.0,1.0000099999999998,4.5455,3.54549,,True,True,False
3631547_2026-08-17T11:10:09.632379+00:00,3631547,BTC,2026-08-17,2026-08-17T11:10:09.632379+00:00,4.84,0.12,0.13,0.13,0.01,NO,0,True,OTHER_TRAJECTORY,REVERSION,0.2809,0.5455,-0.1094,REVERSION,0.1115,UNCERTAIN,STALE_UNDERLYING,63654.71,63692.2,False,7.6923,-1.0,0.002,-1.002,Both,,"{'C0': True, 'CT': True, 'CS': True, 'CS_short': False, 'C1': True, 'CT_plus_canonical_strike': False, 'CT_plus_proxy_strike': False}",BLOCKED_DATA,,0.0019999980000000002,-1.001999998,0.0,0.9999990000000001,0.0,-0.9999990000000001,,False,False,False
3633655_2026-08-17T13:55:36.997556+00:00,3633655,BTC,2026-08-17,2026-08-17T13:55:36.997556+00:00,4.38,0.19,0.2,0.2,0.01,NO,0,True,FORMER_FAVORITE,REVERSION,0.122,0.625,-0.0609,REVERSION,0.3799,UNCERTAIN,STALE_UNDERLYING,63647.99,63655.84,False,5.0,-1.0,0.002,-1.002,Both,,"{'C0': True, 'CT': True, 'CS': True, 'CS_short': False, 'C1': True, 'CT_plus_canonical_strike': False, 'CT_plus_proxy_strike': False}",BLOCKED_DATA,,0.002,-1.002,0.0,1.0,0.0,-1.0,,False,False,False
3637721_2026-08-17T16:55:33.681609+00:00,3637721,BTC,2026-08-17,2026-08-17T16:55:33.681609+00:00,4.44,0.38,0.39,0.39,0.01,YES,1,True,FORMER_FAVORITE,REVERSION,0.0201,0.4545,-0.0876,REVERSION,0.0547,UNCERTAIN,STALE_UNDERLYING,64082.71,64084.01,True,2.5641,1.5641,0.002,1.5621,Both,,"{'C0': True, 'CT': True, 'CS': True, 'CS_short': False, 'C1': True, 'CT_plus_canonical_strike': False, 'CT_plus_proxy_strike': True}",BLOCKED_DATA,,0.001999998,1.562100002,0.0,0.999999,2.5641,1.564101,,True,True,False
3639347_2026-08-17T18:10:33.100348+00:00,3639347,BTC,2026-08-17,2026-08-17T18:10:33.100348+00:00,4.45,0.23,0.24,0.24,0.01,YES,1,True,OTHER_TRAJECTORY,REVERSION,0.28,0.6154,-0.1627,TREND,0.6911,UNCERTAIN,STALE_UNDERLYING,64320.15,64325.99,False,4.1667,3.1667,0.002,3.1647,CT-only,,"{'C0': True, 'CT': True, 'CS': False, 'CS_short': False, 'C1': True, 'CT_plus_canonical_strike': False, 'CT_plus_proxy_strike': False}",BLOCKED_DATA,,0.0020000159999999994,3.164699984,0.0,1.0000079999999998,4.1667,3.166692,,True,True,False
3646892_2026-08-17T20:10:33.333254+00:00,3646892,BTC,2026-08-17,2026-08-17T20:10:33.333254+00:00,4.44,0.13,0.14,0.14,0.01,NO,0,True,PERSISTENT_CHEAP,REVERSION,0.3947,0.6667,-0.2402,TREND,1.0,UNCERTAIN,STALE_UNDERLYING,64292.12,64309.95,True,7.1429,-1.0,0.002,-1.002,CT-only,,"{'C0': True, 'CT': True, 'CS': False, 'CS_short': False, 'C1': True, 'CT_plus_canonical_strike': False, 'CT_plus_proxy_strike': True}",BLOCKED_DATA,,0.0020000120000000002,-1.002000012,0.0,1.0000060000000002,0.0,-1.0000060000000002,,False,False,False
3648631_2026-08-17T22:10:33.027082+00:00,3648631,BTC,2026-08-17,2026-08-17T22:10:33.027082+00:00,4.45,0.05,0.06,0.06,0.01,NO,0,True,FORMER_FAVORITE,REVERSION,0.3605,0.5385,-0.3905,UNCERTAIN,0.1272,UNCERTAIN,STALE_UNDERLYING,64324.48,64382.02,False,16.6667,-1.0,0.002,-1.002,CT-only,,"{'C0': True, 'CT': True, 'CS': False, 'CS_short': False, 'C1': True, 'CT_plus_canonical_strike': False, 'CT_plus_proxy_strike': False}",BLOCKED_DATA,,0.0020000039999999997,-1.002000004,0.0,1.0000019999999998,0.0,-1.0000019999999998,,False,False,False
3649629_2026-08-17T22:55:34.117219+00:00,3649629,BTC,2026-08-17,2026-08-17T22:55:34.117219+00:00,4.43,0.13,0.14,0.14,0.01,NO,0,True,FORMER_FAVORITE,REVERSION,0.3143,0.6667,-0.0791,REVERSION,0.0387,UNCERTAIN,STALE_UNDERLYING,64292.16,64310.1,False,7.1429,-1.0,0.002,-1.002,Both,,"{'C0': True, 'CT': True, 'CS': True, 'CS_short': False, 'C1': True, 'CT_plus_canonical_strike': False, 'CT_plus_proxy_strike': False}",BLOCKED_DATA,,0.0020000120000000002,-1.002000012,0.0,1.0000060000000002,0.0,-1.0000060000000002,,False,False,False
3652461_2026-08-18T01:25:33.067887+00:00,3652461,BTC,2026-08-18,2026-08-18T01:25:33.067887+00:00,4.45,0.13,0.14,0.14,0.01,NO,0,True,FORMER_FAVORITE,REVERSION,0.3065,0.6364,-0.4169,REVERSION,0.261,UNCERTAIN,STALE_UNDERLYING,64336.96,64347.79,False,7.1429,-1.0,0.002,-1.002,Both,,"{'C0': True, 'CT': True, 'CS': True, 'CS_short': False, 'C1': True, 'CT_plus_canonical_strike': False, 'CT_plus_proxy_strike': False}",BLOCKED_DATA,,0.0020000120000000002,-1.002000012,0.0,1.0000060000000002,0.0,-1.0000060000000002,,False,False,False
3653481_2026-08-18T02:55:34.778367+00:00,3653481,BTC,2026-08-18,2026-08-18T02:55:34.778367+00:00,4.42,0.04,0.05,0.05,0.01,NO,0,True,OTHER_TRAJECTORY,REVERSION,0.2577,0.7692,-0.5892,REVERSION,0.2604,UNCERTAIN,STALE_UNDERLYING,64122.46,64128.57,True,20.0,-1.0,0.002,-1.002,Both,,"{'C0': True, 'CT': True, 'CS': True, 'CS_short': False, 'C1': True, 'CT_plus_canonical_strike': False, 'CT_plus_proxy_strike': True}",BLOCKED_DATA,,0.002,-1.002,0.0,1.0,0.0,-1.0,,False,False,False
3654493_2026-08-18T04:25:34.601262+00:00,3654493,BTC,2026-08-18,2026-08-18T04:25:34.601262+00:00,4.42,0.13,0.14,0.14,0.01,NO,0,True,OTHER_TRAJECTORY,REVERSION,0.3924,0.6154,-0.3425,UNCERTAIN,0.4268,UNCERTAIN,STALE_UNDERLYING,64130.93,64148.0,False,7.1429,-1.0,0.002,-1.002,CT-only,,"{'C0': True, 'CT': True, 'CS': False, 'CS_short': False, 'C1': True, 'CT_plus_canonical_strike': False, 'CT_plus_proxy_strike': False}",BLOCKED_DATA,,0.0020000120000000002,-1.002000012,0.0,1.0000060000000002,0.0,-1.0000060000000002,,False,False,False
3655180_2026-08-18T04:55:34.368929+00:00,3655180,BTC,2026-08-18,2026-08-18T04:55:34.368929+00:00,4.43,0.31,0.32,0.32,0.01,NO,0,True,FORMER_FAVORITE,REVERSION,0.1402,0.6154,-0.3137,REVERSION,0.3341,UNCERTAIN,STALE_UNDERLYING,64202.08,64216.9,False,3.125,-1.0,0.002,-1.002,Both,,"{'C0': True, 'CT': True, 'CS': True, 'CS_short': False, 'C1': True, 'CT_plus_canonical_strike': False, 'CT_plus_proxy_strike': False}",BLOCKED_DATA,,0.002,-1.002,0.0,1.0,0.0,-1.0,,False,False,False
3656134_2026-08-18T05:25:16.954732+00:00,3656134,BTC,2026-08-18,2026-08-18T05:25:16.954732+00:00,4.72,0.34,0.35,0.35,0.01,YES,1,True,FORMER_FAVORITE,REVERSION,0.1685,0.6364,-0.1949,REVERSION,0.0059,UNCERTAIN,STALE_UNDERLYING,64211.24,64225.01,True,2.8571,1.8571,0.002,1.8551,Both,,"{'C0': True, 'CT': True, 'CS': True, 'CS_short': False, 'C1': True, 'CT_plus_canonical_strike': False, 'CT_plus_proxy_strike': True}",BLOCKED_DATA,,0.00199997,1.85510003,0.0,0.9999849999999999,2.8571,1.857115,,True,True,False
3656619_2026-08-18T05:55:35.042161+00:00,3656619,BTC,2026-08-18,2026-08-18T05:55:35.042161+00:00,4.42,0.14,0.15,0.15,0.01,NO,0,True,OTHER_TRAJECTORY,REVERSION,0.3803,0.6667,-0.1118,REVERSION,0.1328,UNCERTAIN,STALE_UNDERLYING,64227.99,64256.13,False,6.6667,-1.0,0.002,-1.002,Both,,"{'C0': True, 'CT': True, 'CS': True, 'CS_short': False, 'C1': True, 'CT_plus_canonical_strike': False, 'CT_plus_proxy_strike': False}",BLOCKED_DATA,,0.0020000099999999995,-1.00200001,0.0,1.0000049999999998,0.0,-1.0000049999999998,,False,False,False
3658238_2026-08-18T07:25:33.001360+00:00,3658238,BTC,2026-08-18,2026-08-18T07:25:33.001360+00:00,4.45,0.24,0.25,0.25,0.01,NO,0,True,FORMER_FAVORITE,REVERSION,0.2667,0.5833,-0.223,REVERSION,0.0766,UNCERTAIN,STALE_UNDERLYING,64309.63,64338.82,False,4.0,-1.0,0.002,-1.002,Both,,"{'C0': True, 'CT': True, 'CS': True, 'CS_short': False, 'C1': True, 'CT_plus_canonical_strike': False, 'CT_plus_proxy_strike': False}",BLOCKED_DATA,,0.002,-1.002,0.0,1.0,0.0,-1.0,,False,False,False
3658297_2026-08-18T07:40:33.760060+00:00,3658297,BTC,2026-08-18,2026-08-18T07:40:33.760060+00:00,4.44,0.11,0.12,0.12,0.01,NO,0,True,OTHER_TRAJECTORY,REVERSION,0.3548,0.5,-0.3527,TREND,0.707,UNCERTAIN,STALE_UNDERLYING,64250.99,64280.0,True,8.3333,-1.0,0.002,-1.002,CT-only,,"{'C0': True, 'CT': True, 'CS': False, 'CS_short': False, 'C1': True, 'CT_plus_canonical_strike': False, 'CT_plus_proxy_strike': True}",BLOCKED_DATA,,0.001999992,-1.001999992,0.0,0.9999959999999999,0.0,-0.9999959999999999,,False,False,False
3668034_2026-08-18T12:55:32.630495+00:00,3668034,BTC,2026-08-18,2026-08-18T12:55:32.630495+00:00,4.46,0.21,0.22,0.22,0.01,NO,0,True,OTHER_TRAJECTORY,REVERSION,0.2523,0.6667,-0.5005,TREND,0.8245,UNCERTAIN,STALE_UNDERLYING,64242.19,64254.0,True,4.5455,-1.0,0.002,-1.002,CT-only,,"{'C0': True, 'CT': True, 'CS': False, 'CS_short': False, 'C1': True, 'CT_plus_canonical_strike': False, 'CT_plus_proxy_strike': True}",BLOCKED_DATA,,0.00200002,-1.00200002,0.0,1.0000099999999998,0.0,-1.0000099999999998,,False,False,False
3672071_2026-08-18T17:55:33.683173+00:00,3672071,BTC,2026-08-18,2026-08-18T17:55:33.683173+00:00,4.44,0.22,0.23,0.23,0.01,NO,0,True,FORMER_FAVORITE,REVERSION,0.2456,0.6667,-0.4008,TREND,0.8505,UNCERTAIN,STALE_UNDERLYING,64708.07,64725.4,True,4.3478,-1.0,0.002,-1.002,CT-only,,"{'C0': True, 'CT': True, 'CS': False, 'CS_short': False, 'C1': True, 'CT_plus_canonical_strike': False, 'CT_plus_proxy_strike': True}",BLOCKED_DATA,,0.0019999880000000003,-1.001999988,0.0,0.9999940000000002,0.0,-0.9999940000000002,,False,False,False
3682138_2026-08-18T20:10:33.216073+00:00,3682138,BTC,2026-08-18,2026-08-18T20:10:33.216073+00:00,4.45,0.34,0.35,0.35,0.01,YES,1,True,FORMER_FAVORITE,REVERSION,0.1194,0.5385,-0.2563,UNCERTAIN,0.2722,UNCERTAIN,STALE_UNDERLYING,64643.48,64643.27,True,2.8571,1.8571,0.002,1.8551,CT-only,,"{'C0': True, 'CT': True, 'CS': False, 'CS_short': False, 'C1': True, 'CT_plus_canonical_strike': False, 'CT_plus_proxy_strike': True}",BLOCKED_DATA,,0.00199997,1.85510003,0.0,0.9999849999999999,2.8571,1.857115,,True,True,False
3686004_2026-08-19T00:25:33.384662+00:00,3686004,BTC,2026-08-19,2026-08-19T00:25:33.384662+00:00,4.44,0.39,0.4,0.4,0.01,YES,1,True,FORMER_FAVORITE,REVERSION,0.049,0.5,-0.0526,TREND,0.6221,UNCERTAIN,STALE_UNDERLYING,64612.0,64582.97,True,2.5,1.5,0.002,1.498,CT-only,,"{'C0': True, 'CT': True, 'CS': False, 'CS_short': False, 'C1': True, 'CT_plus_canonical_strike': False, 'CT_plus_proxy_strike': True}",BLOCKED_DATA,,0.002,1.498,0.0,1.0,2.5,1.5,,True,True,False
3686953_2026-08-19T01:40:34.102045+00:00,3686953,BTC,2026-08-19,2026-08-19T01:40:34.102045+00:00,4.43,0.25,0.26,0.26,0.01,NO,0,True,FORMER_FAVORITE,REVERSION,0.3333,0.4615,-0.1215,TREND,0.9428,UNCERTAIN,STALE_UNDERLYING,64460.44,64487.16,True,3.8462,-1.0,0.002,-1.002,CT-only,,"{'C0': True, 'CT': True, 'CS': False, 'CS_short': False, 'C1': True, 'CT_plus_canonical_strike': False, 'CT_plus_proxy_strike': True}",BLOCKED_DATA,,0.0020000240000000004,-1.002000024,0.0,1.0000120000000001,0.0,-1.0000120000000001,,False,False,False
3687323_2026-08-19T02:25:32.642354+00:00,3687323,BTC,2026-08-19,2026-08-19T02:25:32.642354+00:00,4.46,0.22,0.23,0.23,0.01,NO,0,True,OTHER_TRAJECTORY,REVERSION,0.2441,0.4615,-0.1386,REVERSION,0.0499,UNCERTAIN,STALE_UNDERLYING,64392.5,64405.44,False,4.3478,-1.0,0.002,-1.002,Both,,"{'C0': True, 'CT': True, 'CS': True, 'CS_short': False, 'C1': True, 'CT_plus_canonical_strike': False, 'CT_plus_proxy_strike': False}",BLOCKED_DATA,,0.0019999880000000003,-1.001999988,0.0,0.9999940000000002,0.0,-0.9999940000000002,,False,False,False
3687924_2026-08-19T03:40:34.339042+00:00,3687924,BTC,2026-08-19,2026-08-19T03:40:34.339042+00:00,4.43,0.11,0.12,0.12,0.01,NO,0,True,OTHER_TRAJECTORY,REVERSION,0.3786,0.7273,-0.4216,UNCERTAIN,0.1354,UNCERTAIN,STALE_UNDERLYING,64331.49,64361.77,False,8.3333,-1.0,0.002,-1.002,CT-only,,"{'C0': True, 'CT': True, 'CS': False, 'CS_short': False, 'C1': True, 'CT_plus_canonical_strike': False, 'CT_plus_proxy_strike': False}",BLOCKED_DATA,,0.001999992,-1.001999992,0.0,0.9999959999999999,0.0,-0.9999959999999999,,False,False,False
3692358_2026-08-19T08:10:34.384266+00:00,3692358,BTC,2026-08-19,2026-08-19T08:10:34.384266+00:00,4.43,0.38,0.39,0.39,0.01,NO,0,True,FORMER_FAVORITE,REVERSION,0.0556,0.6154,-0.1778,TREND,0.7536,UNCERTAIN,STALE_UNDERLYING,64293.1,64296.01,True,2.5641,-1.0,0.002,-1.002,CT-only,,"{'C0': True, 'CT': True, 'CS': False, 'CS_short': False, 'C1': True, 'CT_plus_canonical_strike': False, 'CT_plus_proxy_strike': True}",BLOCKED_DATA,,0.001999998,-1.001999998,0.0,0.999999,0.0,-0.999999,,False,False,False
3694275_2026-08-19T11:40:32.586009+00:00,3694275,BTC,2026-08-19,2026-08-19T11:40:32.586009+00:00,4.46,0.22,0.23,0.23,0.01,NO,0,True,FORMER_FAVORITE,REVERSION,0.141,0.5833,-0.1762,REVERSION,0.1276,UNCERTAIN,STALE_UNDERLYING,64500.85,64506.78,True,4.3478,-1.0,0.002,-1.002,Both,,"{'C0': True, 'CT': True, 'CS': True, 'CS_short': False, 'C1': True, 'CT_plus_canonical_strike': False, 'CT_plus_proxy_strike': True}",BLOCKED_DATA,,0.0019999880000000003,-1.001999988,0.0,0.9999940000000002,0.0,-0.9999940000000002,,False,False,False
3695736_2026-08-19T12:25:32.681246+00:00,3695736,BTC,2026-08-19,2026-08-19T12:25:32.681246+00:00,4.46,0.21,0.22,0.22,0.01,NO,0,True,OTHER_TRAJECTORY,REVERSION,0.2208,0.7692,-0.4652,REVERSION,0.2706,UNCERTAIN,STALE_UNDERLYING,64499.06,64505.81,False,4.5455,-1.0,0.002,-1.002,Both,,"{'C0': True, 'CT': True, 'CS': True, 'CS_short': False, 'C1': True, 'CT_plus_canonical_strike': False, 'CT_plus_proxy_strike': False}",BLOCKED_DATA,,0.00200002,-1.00200002,0.0,1.0000099999999998,0.0,-1.0000099999999998,,False,False,False
3696442_2026-08-19T12:55:32.137542+00:00,3696442,BTC,2026-08-19,2026-08-19T12:55:32.137542+00:00,4.46,0.1,0.11,0.11,0.01,NO,0,True,FORMER_FAVORITE,REVERSION,0.4,0.6667,-0.3663,UNCERTAIN,0.5396,UNCERTAIN,STALE_UNDERLYING,64837.73,64943.42,False,9.0909,-1.0,0.002,-1.002,CT-only,,"{'C0': True, 'CT': True, 'CS': False, 'CS_short': False, 'C1': True, 'CT_plus_canonical_strike': False, 'CT_plus_proxy_strike': False}",BLOCKED_DATA,,0.001999998,-1.001999998,0.0,0.999999,0.0,-0.999999,,False,False,False
3706047_2026-08-19T18:55:32.159040+00:00,3706047,BTC,2026-08-19,2026-08-19T18:55:32.159040+00:00,4.46,0.31,0.32,0.32,0.01,NO,0,True,FORMER_FAVORITE,REVERSION,0.1864,0.5385,-0.0706,TREND,0.7028,UNCERTAIN,STALE_UNDERLYING,68412.0,68431.42,False,3.125,-1.0,0.002,-1.002,CT-only,,"{'C0': True, 'CT': True, 'CS': False, 'CS_short': False, 'C1': True, 'CT_plus_canonical_strike': False, 'CT_plus_proxy_strike': False}",BLOCKED_DATA,,0.002,-1.002,0.0,1.0,0.0,-1.0,,False,False,False
3707401_2026-08-19T19:10:32.566270+00:00,3707401,BTC,2026-08-19,2026-08-19T19:10:32.566270+00:00,4.46,0.31,0.32,0.32,0.01,NO,0,True,FORMER_FAVORITE,REVERSION,0.0723,0.75,-0.3051,TREND,0.6063,UNCERTAIN,STALE_UNDERLYING,68377.14,68396.0,True,3.125,-1.0,0.002,-1.002,CT-only,,"{'C0': True, 'CT': True, 'CS': False, 'CS_short': False, 'C1': True, 'CT_plus_canonical_strike': False, 'CT_plus_proxy_strike': True}",BLOCKED_DATA,,0.002,-1.002,0.0,1.0,0.0,-1.0,,False,False,False
3710483_2026-08-19T22:25:34.455720+00:00,3710483,BTC,2026-08-19,2026-08-19T22:25:34.455720+00:00,4.43,0.05,0.06,0.06,0.01,NO,0,True,FORMER_FAVORITE,REVERSION,0.3578,0.6154,-0.4621,TREND,1.0,UNCERTAIN,STALE_UNDERLYING,69259.99,69304.35,True,16.6667,-1.0,0.002,-1.002,CT-only,,"{'C0': True, 'CT': True, 'CS': False, 'CS_short': False, 'C1': True, 'CT_plus_canonical_strike': False, 'CT_plus_proxy_strike': True}",BLOCKED_DATA,,0.0020000039999999997,-1.002000004,0.0,1.0000019999999998,0.0,-1.0000019999999998,,False,False,False
3711359_2026-08-19T23:55:34.067440+00:00,3711359,BTC,2026-08-19,2026-08-19T23:55:34.067440+00:00,4.43,0.11,0.12,0.12,0.01,NO,0,True,PERSISTENT_CHEAP,REVERSION,0.3882,0.6923,-0.1946,UNCERTAIN,0.4857,UNCERTAIN,STALE_UNDERLYING,69202.01,69317.99,False,8.3333,-1.0,0.002,-1.002,CT-only,,"{'C0': True, 'CT': True, 'CS': False, 'CS_short': False, 'C1': True, 'CT_plus_canonical_strike': False, 'CT_plus_proxy_strike': False}",BLOCKED_DATA,,0.001999992,-1.001999992,0.0,0.9999959999999999,0.0,-0.9999959999999999,,False,False,False
3712910_2026-08-20T00:55:33.194761+00:00,3712910,BTC,2026-08-20,2026-08-20T00:55:33.194761+00:00,4.45,0.16,0.17,0.17,0.01,NO,0,True,FORMER_FAVORITE,REVERSION,0.2757,0.6923,-0.1394,REVERSION,0.2543,UNCERTAIN,STALE_UNDERLYING,69521.64,69571.98,True,5.8824,-1.0,0.002,-1.002,Both,,"{'C0': True, 'CT': True, 'CS': True, 'CS_short': False, 'C1': True, 'CT_plus_canonical_strike': False, 'CT_plus_proxy_strike': True}",BLOCKED_DATA,,0.002000016,-1.002000016,0.0,1.000008,0.0,-1.000008,,False,False,False
3713003_2026-08-20T01:10:34.217948+00:00,3713003,BTC,2026-08-20,2026-08-20T01:10:34.217948+00:00,4.43,0.12,0.13,0.13,0.01,NO,0,True,FORMER_FAVORITE,REVERSION,0.2727,0.5385,-0.1854,UNCERTAIN,0.5609,UNCERTAIN,STALE_UNDERLYING,69329.99,69420.0,True,7.6923,-1.0,0.002,-1.002,CT-only,,"{'C0': True, 'CT': True, 'CS': False, 'CS_short': False, 'C1': True, 'CT_plus_canonical_strike': False, 'CT_plus_proxy_strike': True}",BLOCKED_DATA,,0.0019999980000000002,-1.001999998,0.0,0.9999990000000001,0.0,-0.9999990000000001,,False,False,False
3721184_2026-08-20T13:25:09.815643+00:00,3721184,BTC,2026-08-20,2026-08-20T13:25:09.815643+00:00,4.84,0.07,0.08,0.08,0.01,NO,0,True,OTHER_TRAJECTORY,REVERSION,0.3094,0.6,-0.6515,REVERSION,0.2243,UNCERTAIN,STALE_UNDERLYING,72010.01,72052.85,False,12.5,-1.0,0.002,-1.002,Both,,"{'C0': True, 'CT': True, 'CS': True, 'CS_short': False, 'C1': True, 'CT_plus_canonical_strike': False, 'CT_plus_proxy_strike': False}",BLOCKED_DATA,,0.002,-1.002,0.0,1.0,0.0,-1.0,,False,False,False
3723803_2026-08-20T15:40:04.293917+00:00,3723803,BTC,2026-08-20,2026-08-20T15:40:04.293917+00:00,4.93,0.21,0.22,0.22,0.01,NO,0,True,FORMER_FAVORITE,REVERSION,0.1971,0.5,-0.1814,REVERSION,0.0063,UNCERTAIN,STALE_UNDERLYING,72252.38,72414.0,False,4.5455,-1.0,0.002,-1.002,Both,,"{'C0': True, 'CT': True, 'CS': True, 'CS_short': False, 'C1': True, 'CT_plus_canonical_strike': False, 'CT_plus_proxy_strike': False}",BLOCKED_DATA,,0.00200002,-1.00200002,0.0,1.0000099999999998,0.0,-1.0000099999999998,,False,False,False
3724541_2026-08-20T16:55:05.413468+00:00,3724541,BTC,2026-08-20,2026-08-20T16:55:05.413468+00:00,4.91,0.32,0.33,0.33,0.01,YES,1,True,FORMER_FAVORITE,REVERSION,0.0471,0.4545,-0.0511,TREND,0.6591,UNCERTAIN,STALE_UNDERLYING,72649.99,72630.89,False,3.0303,2.0303,0.002,2.0283,CT-only,,"{'C0': True, 'CT': True, 'CS': False, 'CS_short': False, 'C1': True, 'CT_plus_canonical_strike': False, 'CT_plus_proxy_strike': False}",BLOCKED_DATA,,0.0019999980000000002,2.028300002,0.0,0.9999990000000001,3.0303,2.0303009999999997,,True,True,False
3724688_2026-08-20T17:10:05.704380+00:00,3724688,BTC,2026-08-20,2026-08-20T17:10:05.704380+00:00,4.9,0.05,0.06,0.06,0.01,NO,0,True,FORMER_FAVORITE,REVERSION,0.2366,0.5,-0.4067,UNCERTAIN,0.0655,UNCERTAIN,STALE_UNDERLYING,72664.0,72837.15,False,16.6667,-1.0,0.002,-1.002,CT-only,,"{'C0': True, 'CT': True, 'CS': False, 'CS_short': False, 'C1': True, 'CT_plus_canonical_strike': False, 'CT_plus_proxy_strike': False}",BLOCKED_DATA,,0.0020000039999999997,-1.002000004,0.0,1.0000019999999998,0.0,-1.0000019999999998,,False,False,False
3731192_2026-08-20T21:10:05.432576+00:00,3731192,BTC,2026-08-20,2026-08-20T21:10:05.432576+00:00,4.91,0.32,0.33,0.33,0.01,YES,1,True,OTHER_TRAJECTORY,REVERSION,0.1531,0.6667,-0.4705,UNCERTAIN,0.5174,UNCERTAIN,STALE_UNDERLYING,72623.02,72671.76,False,3.0303,2.0303,0.002,2.0283,CT-only,,"{'C0': True, 'CT': True, 'CS': False, 'CS_short': False, 'C1': True, 'CT_plus_canonical_strike': False, 'CT_plus_proxy_strike': False}",BLOCKED_DATA,,0.0019999980000000002,2.028300002,0.0,0.9999990000000001,3.0303,2.0303009999999997,,True,True,False
3731861_2026-08-20T22:40:05.502326+00:00,3731861,BTC,2026-08-20,2026-08-20T22:40:05.502326+00:00,4.91,0.13,0.14,0.14,0.01,NO,0,True,OTHER_TRAJECTORY,REVERSION,0.2868,0.5,-0.1439,UNCERTAIN,0.5901,UNCERTAIN,STALE_UNDERLYING,72753.97,72791.99,False,7.1429,-1.0,0.002,-1.002,CT-only,,"{'C0': True, 'CT': True, 'CS': False, 'CS_short': False, 'C1': True, 'CT_plus_canonical_strike': False, 'CT_plus_proxy_strike': False}",BLOCKED_DATA,,0.0020000120000000002,-1.002000012,0.0,1.0000060000000002,0.0,-1.0000060000000002,,False,False,False
3735099_2026-08-21T02:25:05.736790+00:00,3735099,BTC,2026-08-21,2026-08-21T02:25:05.736790+00:00,4.9,0.17,0.18,0.18,0.01,YES,1,True,FORMER_FAVORITE,REVERSION,0.2832,0.75,-0.5356,TREND,1.0,UNCERTAIN,STALE_UNDERLYING,74681.86,74876.05,True,5.5556,4.5556,0.002,4.5536,CT-only,,"{'C0': True, 'CT': True, 'CS': False, 'CS_short': False, 'C1': True, 'CT_plus_canonical_strike': False, 'CT_plus_proxy_strike': True}",BLOCKED_DATA,,0.002000016,4.553599984,0.0,1.000008,5.5556,4.555592,,True,True,False
3735529_2026-08-21T03:10:05.757866+00:00,3735529,BTC,2026-08-21,2026-08-21T03:10:05.757866+00:00,4.9,0.25,0.26,0.26,0.01,YES,1,True,FORMER_FAVORITE,REVERSION,0.3229,0.6364,-0.4728,TREND,0.9064,UNCERTAIN,STALE_UNDERLYING,74343.04,74439.75,True,3.8462,2.8462,0.002,2.8442,CT-only,,"{'C0': True, 'CT': True, 'CS': False, 'CS_short': False, 'C1': True, 'CT_plus_canonical_strike': False, 'CT_plus_proxy_strike': True}",BLOCKED_DATA,,0.0020000240000000004,2.844199976,0.0,1.0000120000000001,3.8462,2.8461879999999997,,True,True,False
3740281_2026-08-21T09:25:05.604617+00:00,3740281,BTC,2026-08-21,2026-08-21T09:25:05.604617+00:00,4.91,0.12,0.13,0.13,0.01,NO,0,True,PERSISTENT_CHEAP,REVERSION,0.15,0.6364,-0.3956,TREND,0.8715,UNCERTAIN,STALE_UNDERLYING,77649.42,77883.88,True,7.6923,-1.0,0.002,-1.002,CT-only,,"{'C0': True, 'CT': True, 'CS': False, 'CS_short': False, 'C1': True, 'CT_plus_canonical_strike': False, 'CT_plus_proxy_strike': True}",BLOCKED_DATA,,0.0019999980000000002,-1.001999998,0.0,0.9999990000000001,0.0,-0.9999990000000001,,False,False,False
3741530_2026-08-21T09:55:05.392308+00:00,3741530,BTC,2026-08-21,2026-08-21T09:55:05.392308+00:00,4.91,0.16,0.17,0.17,0.01,NO,0,True,FORMER_FAVORITE,REVERSION,0.2308,0.75,-0.467,UNCERTAIN,0.4892,UNCERTAIN,STALE_UNDERLYING,78076.65,78194.16,False,5.8824,-1.0,0.002,-1.002,CT-only,,"{'C0': True, 'CT': True, 'CS': False, 'CS_short': False, 'C1': True, 'CT_plus_canonical_strike': False, 'CT_plus_proxy_strike': False}",BLOCKED_DATA,,0.002000016,-1.002000016,0.0,1.000008,0.0,-1.000008,,False,False,False
3745361_2026-08-21T14:10:09.865312+00:00,3745361,BTC,2026-08-21,2026-08-21T14:10:09.865312+00:00,4.84,0.13,0.14,0.14,0.01,NO,0,True,OTHER_TRAJECTORY,REVERSION,0.3418,0.5833,-0.2666,REVERSION,0.2833,UNCERTAIN,STALE_UNDERLYING,76992.01,77266.88,False,7.1429,-1.0,0.002,-1.002,Both,,"{'C0': True, 'CT': True, 'CS': True, 'CS_short': False, 'C1': True, 'CT_plus_canonical_strike': False, 'CT_plus_proxy_strike': False}",BLOCKED_DATA,,0.0020000120000000002,-1.002000012,0.0,1.0000060000000002,0.0,-1.0000060000000002,,False,False,False
3746276_2026-08-21T15:40:09.996650+00:00,3746276,BTC,2026-08-21,2026-08-21T15:40:09.996650+00:00,4.83,0.36,0.37,0.37,0.01,NO,0,True,FORMER_FAVORITE,REVERSION,0.0625,0.5833,-0.2031,UNCERTAIN,0.3885,UNCERTAIN,STALE_UNDERLYING,77621.99,77614.36,True,2.7027,-1.0,0.002,-1.002,CT-only,,"{'C0': True, 'CT': True, 'CS': False, 'CS_short': False, 'C1': True, 'CT_plus_canonical_strike': False, 'CT_plus_proxy_strike': True}",BLOCKED_DATA,,0.001999998,-1.001999998,0.0,0.999999,0.0,-0.999999,,False,False,False
3746707_2026-08-21T16:40:09.966761+00:00,3746707,BTC,2026-08-21,2026-08-21T16:40:09.966761+00:00,4.83,0.27,0.28,0.28,0.01,NO,0,True,OTHER_TRAJECTORY,REVERSION,0.25,0.7,-0.5264,TREND,0.772,UNCERTAIN,STALE_UNDERLYING,77316.28,77383.88,False,3.5714,-1.0,0.002,-1.002,CT-only,,"{'C0': True, 'CT': True, 'CS': False, 'CS_short': False, 'C1': True, 'CT_plus_canonical_strike': False, 'CT_plus_proxy_strike': False}",BLOCKED_DATA,,0.0019999840000000002,-1.001999984,0.0,0.9999920000000001,0.0,-0.9999920000000001,,False,False,False
3749341_2026-08-21T18:55:16.292929+00:00,3749341,BTC,2026-08-21,2026-08-21T18:55:16.292929+00:00,4.73,0.17,0.18,0.18,0.01,YES,1,True,OTHER_TRAJECTORY,REVERSION,0.0421,0.5,-0.4606,TREND,0.6526,UNCERTAIN,STALE_UNDERLYING,76844.0,76946.0,True,5.5556,4.5556,0.002,4.5536,CT-only,,"{'C0': True, 'CT': True, 'CS': False, 'CS_short': False, 'C1': True, 'CT_plus_canonical_strike': False, 'CT_plus_proxy_strike': True}",BLOCKED_DATA,,0.002000016,4.553599984,0.0,1.000008,5.5556,4.555592,,True,True,False
3751849_2026-08-21T21:10:16.493634+00:00,3751849,BTC,2026-08-21,2026-08-21T21:10:16.493634+00:00,4.73,0.2,0.21,0.21,0.01,YES,1,True,OTHER_TRAJECTORY,REVERSION,0.253,0.5,-0.5922,UNCERTAIN,0.1993,UNCERTAIN,STALE_UNDERLYING,77430.1,77520.19,False,4.7619,3.7619,0.002,3.7599,CT-only,,"{'C0': True, 'CT': True, 'CS': False, 'CS_short': False, 'C1': True, 'CT_plus_canonical_strike': False, 'CT_plus_proxy_strike': False}",BLOCKED_DATA,,0.001999998,3.7599000019999997,0.0,0.999999,4.7619,3.761901,,True,True,False
3752289_2026-08-21T22:25:16.523918+00:00,3752289,BTC,2026-08-21,2026-08-21T22:25:16.523918+00:00,4.72,0.23,0.25,0.25,0.02,NO,0,True,OTHER_TRAJECTORY,REVERSION,0.1255,0.5,-0.3837,REVERSION,0.0207,UNCERTAIN,STALE_UNDERLYING,78519.4,78749.85,False,4.0,-1.0,0.002,-1.002,Both,,"{'C0': True, 'CT': True, 'CS': True, 'CS_short': False, 'C1': True, 'CT_plus_canonical_strike': False, 'CT_plus_proxy_strike': False}",BLOCKED_DATA,,0.002,-1.002,0.0,1.0,0.0,-1.0,,False,False,False
3753485_2026-08-21T23:55:16.473438+00:00,3753485,BTC,2026-08-21,2026-08-21T23:55:16.473438+00:00,4.73,0.32,0.33,0.33,0.01,NO,0,True,FORMER_FAVORITE,REVERSION,0.2182,0.5,-0.4098,REVERSION,0.1879,UNCERTAIN,STALE_UNDERLYING,78317.46,78389.0,False,3.0303,-1.0,0.002,-1.002,Both,,"{'C0': True, 'CT': True, 'CS': True, 'CS_short': False, 'C1': True, 'CT_plus_canonical_strike': False, 'CT_plus_proxy_strike': False}",BLOCKED_DATA,,0.0019999980000000002,-1.001999998,0.0,0.9999990000000001,0.0,-0.9999990000000001,,False,False,False
3754045_2026-08-22T00:40:16.499497+00:00,3754045,BTC,2026-08-22,2026-08-22T00:40:16.499497+00:00,4.73,0.33,0.34,0.34,0.01,NO,0,True,FORMER_FAVORITE,REVERSION,0.1286,0.5833,-0.2887,UNCERTAIN,0.0753,UNCERTAIN,STALE_UNDERLYING,77938.0,77919.99,True,2.9412,-1.0,0.002,-1.002,CT-only,,"{'C0': True, 'CT': True, 'CS': False, 'CS_short': False, 'C1': True, 'CT_plus_canonical_strike': False, 'CT_plus_proxy_strike': True}",BLOCKED_DATA,,0.002000016,-1.002000016,0.0,1.000008,0.0,-1.000008,,False,False,False
3755880_2026-08-22T03:55:16.477532+00:00,3755880,BTC,2026-08-22,2026-08-22T03:55:16.477532+00:00,4.73,0.2,0.21,0.21,0.01,NO,0,True,FORMER_FAVORITE,REVERSION,0.0958,0.5833,-0.0905,TREND,0.8789,UNCERTAIN,STALE_UNDERLYING,78548.74,78647.57,False,4.7619,-1.0,0.002,-1.002,CT-only,,"{'C0': True, 'CT': True, 'CS': False, 'CS_short': False, 'C1': True, 'CT_plus_canonical_strike': False, 'CT_plus_proxy_strike': False}",BLOCKED_DATA,,0.001999998,-1.001999998,0.0,0.999999,0.0,-0.999999,,False,False,False
3758852_2026-08-22T07:40:16.493887+00:00,3758852,BTC,2026-08-22,2026-08-22T07:40:16.493887+00:00,4.73,0.16,0.17,0.17,0.01,NO,0,True,FORMER_FAVORITE,REVERSION,0.3153,0.7273,-0.5653,REVERSION,0.0763,UNCERTAIN,STALE_UNDERLYING,77405.98,77485.44,False,5.8824,-1.0,0.002,-1.002,Both,,"{'C0': True, 'CT': True, 'CS': True, 'CS_short': False, 'C1': True, 'CT_plus_canonical_strike': False, 'CT_plus_proxy_strike': False}",BLOCKED_DATA,,0.002000016,-1.002000016,0.0,1.000008,0.0,-1.000008,,False,False,False
3759120_2026-08-22T07:55:16.308275+00:00,3759120,BTC,2026-08-22,2026-08-22T07:55:16.308275+00:00,4.73,0.18,0.19,0.19,0.01,NO,0,True,FORMER_FAVORITE,REVERSION,0.3689,0.8333,-0.5841,TREND,0.7452,UNCERTAIN,STALE_UNDERLYING,77349.35,77418.24,False,5.2632,-1.0,0.002,-1.002,CT-only,,"{'C0': True, 'CT': True, 'CS': False, 'CS_short': False, 'C1': True, 'CT_plus_canonical_strike': False, 'CT_plus_proxy_strike': False}",BLOCKED_DATA,,0.002000016,-1.002000016,0.0,1.000008,0.0,-1.000008,,False,False,False
3759407_2026-08-22T08:40:16.649900+00:00,3759407,BTC,2026-08-22,2026-08-22T08:40:16.649900+00:00,4.72,0.1,0.11,0.11,0.01,YES,1,True,PERSISTENT_CHEAP,REVERSION,0.2812,0.5833,-0.0601,TREND,0.853,UNCERTAIN,STALE_UNDERLYING,77148.44,77226.01,True,9.0909,8.0909,0.002,8.0889,CT-only,,"{'C0': True, 'CT': True, 'CS': False, 'CS_short': False, 'C1': True, 'CT_plus_canonical_strike': False, 'CT_plus_proxy_strike': True}",BLOCKED_DATA,,0.001999998,8.088900001999999,0.0,0.999999,9.0909,8.090900999999999,,True,True,False
3759472_2026-08-22T08:55:16.311642+00:00,3759472,BTC,2026-08-22,2026-08-22T08:55:16.311642+00:00,4.73,0.08,0.09,0.09,0.01,NO,0,True,PERSISTENT_CHEAP,REVERSION,0.3714,0.7273,-0.5434,REVERSION,0.0992,UNCERTAIN,STALE_UNDERLYING,77187.92,77297.52,False,11.1111,-1.0,0.002,-1.002,Both,,"{'C0': True, 'CT': True, 'CS': True, 'CS_short': False, 'C1': True, 'CT_plus_canonical_strike': False, 'CT_plus_proxy_strike': False}",BLOCKED_DATA,,0.001999998,-1.001999998,0.0,0.999999,0.0,-0.999999,,False,False,False
3759636_2026-08-22T09:40:16.587131+00:00,3759636,BTC,2026-08-22,2026-08-22T09:40:16.587131+00:00,4.72,0.38,0.39,0.39,0.01,NO,0,True,FORMER_FAVORITE,REVERSION,0.125,0.75,-0.4946,TREND,1.0,UNCERTAIN,STALE_UNDERLYING,77164.7,77222.35,True,2.5641,-1.0,0.002,-1.002,CT-only,,"{'C0': True, 'CT': True, 'CS': False, 'CS_short': False, 'C1': True, 'CT_plus_canonical_strike': False, 'CT_plus_proxy_strike': True}",BLOCKED_DATA,,0.001999998,-1.001999998,0.0,0.999999,0.0,-0.999999,,False,False,False
3760205_2026-08-22T11:25:16.460684+00:00,3760205,BTC,2026-08-22,2026-08-22T11:25:16.460684+00:00,4.73,0.39,0.4,0.4,0.01,YES,1,True,OTHER_TRAJECTORY,REVERSION,0.0864,0.5833,-0.3038,TREND,0.7524,UNCERTAIN,STALE_UNDERLYING,76838.48,76863.56,True,2.5,1.5,0.002,1.498,CT-only,,"{'C0': True, 'CT': True, 'CS': False, 'CS_short': False, 'C1': True, 'CT_plus_canonical_strike': False, 'CT_plus_proxy_strike': True}",BLOCKED_DATA,,0.002,1.498,0.0,1.0,2.5,1.5,,True,True,False
3760785_2026-08-22T12:40:16.294336+00:00,3760785,BTC,2026-08-22,2026-08-22T12:40:16.294336+00:00,4.73,0.18,0.19,0.19,0.01,YES,1,True,OTHER_TRAJECTORY,REVERSION,0.2985,0.7273,-0.367,REVERSION,0.0378,UNCERTAIN,STALE_UNDERLYING,77251.22,77330.01,False,5.2632,4.2632,0.002,4.2612,Both,,"{'C0': True, 'CT': True, 'CS': True, 'CS_short': False, 'C1': True, 'CT_plus_canonical_strike': False, 'CT_plus_proxy_strike': False}",BLOCKED_DATA,,0.002000016,4.261199984,0.0,1.000008,5.2632,4.263192,,True,True,False
3762740_2026-08-22T15:10:03.182291+00:00,3762740,BTC,2026-08-22,2026-08-22T15:10:03.182291+00:00,4.95,0.37,0.38,0.38,0.01,NO,0,True,FORMER_FAVORITE,REVERSION,0.0884,0.6667,-0.2514,REVERSION,0.0285,UNCERTAIN,STALE_UNDERLYING,76964.41,77003.62,False,2.6316,-1.0,0.002,-1.002,Both,,"{'C0': True, 'CT': True, 'CS': True, 'CS_short': False, 'C1': True, 'CT_plus_canonical_strike': False, 'CT_plus_proxy_strike': False}",BLOCKED_DATA,,0.002000016,-1.002000016,0.0,1.000008,0.0,-1.000008,,False,False,False
3763865_2026-08-22T17:10:43.409324+00:00,3763865,BTC,2026-08-22,2026-08-22T17:10:43.409324+00:00,4.28,0.24,0.25,0.25,0.01,NO,0,True,OTHER_TRAJECTORY,REVERSION,0.1927,0.6154,-0.2322,UNCERTAIN,0.4618,UNCERTAIN,STALE_UNDERLYING,77284.88,77288.01,True,4.0,-1.0,0.002,-1.002,CT-only,,"{'C0': True, 'CT': True, 'CS': False, 'CS_short': False, 'C1': True, 'CT_plus_canonical_strike': False, 'CT_plus_proxy_strike': True}",BLOCKED_DATA,,0.002,-1.002,0.0,1.0,0.0,-1.0,,False,False,False
3764747_2026-08-22T18:40:43.437199+00:00,3764747,BTC,2026-08-22,2026-08-22T18:40:43.437199+00:00,4.28,0.14,0.15,0.15,0.01,NO,0,True,FORMER_FAVORITE,REVERSION,0.2687,0.6667,-0.6818,REVERSION,0.1165,UNCERTAIN,STALE_UNDERLYING,77259.25,77295.99,False,6.6667,-1.0,0.002,-1.002,Both,,"{'C0': True, 'CT': True, 'CS': True, 'CS_short': False, 'C1': True, 'CT_plus_canonical_strike': False, 'CT_plus_proxy_strike': False}",BLOCKED_DATA,,0.0020000099999999995,-1.00200001,0.0,1.0000049999999998,0.0,-1.0000049999999998,,False,False,False
3764821_2026-08-22T18:55:43.520818+00:00,3764821,BTC,2026-08-22,2026-08-22T18:55:43.520818+00:00,4.27,0.26,0.27,0.27,0.01,YES,1,True,OTHER_TRAJECTORY,REVERSION,0.2231,0.4615,-0.2514,TREND,0.6735,UNCERTAIN,STALE_UNDERLYING,77205.11,77227.9,True,3.7037,2.7037,0.002,2.7017,CT-only,,"{'C0': True, 'CT': True, 'CS': False, 'CS_short': False, 'C1': True, 'CT_plus_canonical_strike': False, 'CT_plus_proxy_strike': True}",BLOCKED_DATA,,0.0019999980000000002,2.701700002,0.0,0.9999990000000001,3.7037,2.7037009999999997,,True,True,False
3771542_2026-08-23T01:10:43.454978+00:00,3771542,BTC,2026-08-23,2026-08-23T01:10:43.454978+00:00,4.28,0.13,0.14,0.14,0.01,NO,0,True,PERSISTENT_CHEAP,REVERSION,0.2063,0.4545,-0.3663,REVERSION,0.1247,UNCERTAIN,STALE_UNDERLYING,77247.12,77302.65,False,7.1429,-1.0,0.002,-1.002,Both,,"{'C0': True, 'CT': True, 'CS': True, 'CS_short': False, 'C1': True, 'CT_plus_canonical_strike': False, 'CT_plus_proxy_strike': False}",BLOCKED_DATA,,0.0020000120000000002,-1.002000012,0.0,1.0000060000000002,0.0,-1.0000060000000002,,False,False,False
3772296_2026-08-23T03:25:43.216594+00:00,3772296,BTC,2026-08-23,2026-08-23T03:25:43.216594+00:00,4.28,0.15,0.16,0.16,0.01,NO,0,True,FORMER_FAVORITE,REVERSION,0.322,0.5385,-0.0711,REVERSION,0.2676,UNCERTAIN,STALE_UNDERLYING,77016.38,77083.78,False,6.25,-1.0,0.002,-1.002,Both,,"{'C0': True, 'CT': True, 'CS': True, 'CS_short': False, 'C1': True, 'CT_plus_canonical_strike': False, 'CT_plus_proxy_strike': False}",BLOCKED_DATA,,0.002,-1.002,0.0,1.0,0.0,-1.0,,False,False,False
3772340_2026-08-23T03:40:43.321365+00:00,3772340,BTC,2026-08-23,2026-08-23T03:40:43.321365+00:00,4.28,0.05,0.06,0.06,0.01,NO,0,True,OTHER_TRAJECTORY,REVERSION,0.3679,0.5,-0.3008,TREND,0.7796,UNCERTAIN,STALE_UNDERLYING,76924.28,76988.0,True,16.6667,-1.0,0.002,-1.002,CT-only,,"{'C0': True, 'CT': True, 'CS': False, 'CS_short': False, 'C1': True, 'CT_plus_canonical_strike': False, 'CT_plus_proxy_strike': True}",BLOCKED_DATA,,0.0020000039999999997,-1.002000004,0.0,1.0000019999999998,0.0,-1.0000019999999998,,False,False,False
3773002_2026-08-23T04:10:43.357214+00:00,3773002,BTC,2026-08-23,2026-08-23T04:10:43.357214+00:00,4.28,0.09,0.1,0.1,0.01,YES,1,True,FORMER_FAVORITE,REVERSION,0.2516,0.6364,-0.2055,UNCERTAIN,0.0916,UNCERTAIN,STALE_UNDERLYING,76822.76,76927.87,False,10.0,9.0,0.002,8.998,CT-only,,"{'C0': True, 'CT': True, 'CS': False, 'CS_short': False, 'C1': True, 'CT_plus_canonical_strike': False, 'CT_plus_proxy_strike': False}",BLOCKED_DATA,,0.002,8.998,0.0,1.0,10.0,9.0,,True,True,False
3774417_2026-08-23T05:10:43.330190+00:00,3774417,BTC,2026-08-23,2026-08-23T05:10:43.330190+00:00,4.28,0.06,0.07,0.07,0.01,NO,0,True,FORMER_FAVORITE,REVERSION,0.3788,0.5455,-0.0811,TREND,0.7969,UNCERTAIN,STALE_UNDERLYING,76296.0,76602.0,False,14.2857,-1.0,0.002,-1.002,CT-only,,"{'C0': True, 'CT': True, 'CS': False, 'CS_short': False, 'C1': True, 'CT_plus_canonical_strike': False, 'CT_plus_proxy_strike': False}",BLOCKED_DATA,,0.0019999980000000002,-1.001999998,0.0,0.9999990000000001,0.0,-0.9999990000000001,,False,False,False
3774493_2026-08-23T05:40:43.396746+00:00,3774493,BTC,2026-08-23,2026-08-23T05:40:43.396746+00:00,4.28,0.37,0.38,0.38,0.01,NO,0,True,FORMER_FAVORITE,REVERSION,0.2642,0.8333,-0.4523,TREND,0.7077,UNCERTAIN,STALE_UNDERLYING,76229.64,76228.07,False,2.6316,-1.0,0.002,-1.002,CT-only,,"{'C0': True, 'CT': True, 'CS': False, 'CS_short': False, 'C1': True, 'CT_plus_canonical_strike': False, 'CT_plus_proxy_strike': False}",BLOCKED_DATA,,0.002000016,-1.002000016,0.0,1.000008,0.0,-1.000008,,False,False,False
3774773_2026-08-23T05:55:43.384125+00:00,3774773,BTC,2026-08-23,2026-08-23T05:55:43.384125+00:00,4.28,0.38,0.39,0.39,0.01,NO,0,True,FORMER_FAVORITE,REVERSION,0.1275,0.7692,-0.0718,TREND,0.6361,UNCERTAIN,STALE_UNDERLYING,76142.21,76166.88,True,2.5641,-1.0,0.002,-1.002,CT-only,,"{'C0': True, 'CT': True, 'CS': False, 'CS_short': False, 'C1': True, 'CT_plus_canonical_strike': False, 'CT_plus_proxy_strike': True}",BLOCKED_DATA,,0.001999998,-1.001999998,0.0,0.999999,0.0,-0.999999,,False,False,False
3776494_2026-08-23T09:40:43.233666+00:00,3776494,BTC,2026-08-23,2026-08-23T09:40:43.233666+00:00,4.28,0.29,0.3,0.3,0.01,NO,0,True,PERSISTENT_CHEAP,REVERSION,0.0787,0.4545,-0.1855,REVERSION,0.2126,UNCERTAIN,STALE_UNDERLYING,76527.99,76556.0,False,3.3333,-1.0,0.002,-1.002,Both,,"{'C0': True, 'CT': True, 'CS': True, 'CS_short': False, 'C1': True, 'CT_plus_canonical_strike': False, 'CT_plus_proxy_strike': False}",BLOCKED_DATA,,0.0019999799999999997,-1.00199998,0.0,0.9999899999999999,0.0,-0.9999899999999999,,False,False,False
3782761_2026-08-23T18:55:43.346478+00:00,3782761,BTC,2026-08-23,2026-08-23T18:55:43.346478+00:00,4.28,0.37,0.38,0.38,0.01,NO,0,True,FORMER_FAVORITE,REVERSION,0.114,0.6154,-0.3273,UNCERTAIN,0.47,UNCERTAIN,STALE_UNDERLYING,77296.5,77345.51,False,2.6316,-1.0,0.002,-1.002,CT-only,,"{'C0': True, 'CT': True, 'CS': False, 'CS_short': False, 'C1': True, 'CT_plus_canonical_strike': False, 'CT_plus_proxy_strike': False}",BLOCKED_DATA,,0.002000016,-1.002000016,0.0,1.000008,0.0,-1.000008,,False,False,False
3783754_2026-08-23T19:10:43.437915+00:00,3783754,BTC,2026-08-23,2026-08-23T19:10:43.437915+00:00,4.28,0.28,0.29,0.29,0.01,NO,0,True,FORMER_FAVORITE,REVERSION,0.1753,0.6923,-0.407,UNCERTAIN,0.1293,UNCERTAIN,STALE_UNDERLYING,77332.0,77341.99,False,3.4483,-1.0,0.002,-1.002,CT-only,,"{'C0': True, 'CT': True, 'CS': False, 'CS_short': False, 'C1': True, 'CT_plus_canonical_strike': False, 'CT_plus_proxy_strike': False}",BLOCKED_DATA,,0.0020000139999999996,-1.002000014,0.0,1.0000069999999999,0.0,-1.0000069999999999,,False,False,False
3786212_2026-08-23T20:10:43.300363+00:00,3786212,BTC,2026-08-23,2026-08-23T20:10:43.300363+00:00,4.28,0.12,0.13,0.13,0.01,NO,0,True,OTHER_TRAJECTORY,REVERSION,0.2619,0.8333,-0.6279,UNCERTAIN,0.5989,UNCERTAIN,STALE_UNDERLYING,77261.19,77346.0,False,7.6923,-1.0,0.002,-1.002,CT-only,,"{'C0': True, 'CT': True, 'CS': False, 'CS_short': False, 'C1': True, 'CT_plus_canonical_strike': False, 'CT_plus_proxy_strike': False}",BLOCKED_DATA,,0.0019999980000000002,-1.001999998,0.0,0.9999990000000001,0.0,-0.9999990000000001,,False,False,False
3789257_2026-08-23T22:10:43.462890+00:00,3789257,BTC,2026-08-23,2026-08-23T22:10:43.462890+00:00,4.28,0.27,0.28,0.28,0.01,NO,0,True,FORMER_FAVORITE,REVERSION,0.1704,0.6154,-0.5699,REVERSION,0.2868,UNCERTAIN,STALE_UNDERLYING,77733.99,77833.23,False,3.5714,-1.0,0.002,-1.002,Both,,"{'C0': True, 'CT': True, 'CS': True, 'CS_short': False, 'C1': True, 'CT_plus_canonical_strike': False, 'CT_plus_proxy_strike': False}",BLOCKED_DATA,,0.0019999840000000002,-1.001999984,0.0,0.9999920000000001,0.0,-0.9999920000000001,,False,False,False
3791083_2026-08-24T01:10:43.383651+00:00,3791083,BTC,2026-08-24,2026-08-24T01:10:43.383651+00:00,4.28,0.03,0.04,0.04,0.01,NO,0,True,OTHER_TRAJECTORY,REVERSION,0.3968,0.5,-0.2348,UNCERTAIN,0.3119,UNCERTAIN,STALE_UNDERLYING,77446.9,77679.51,False,25.0,-1.0,0.002,-1.002,CT-only,,"{'C0': True, 'CT': True, 'CS': False, 'CS_short': False, 'C1': True, 'CT_plus_canonical_strike': False, 'CT_plus_proxy_strike': False}",BLOCKED_DATA,,0.002,-1.002,0.0,1.0,0.0,-1.0,,False,False,False
3791414_2026-08-24T01:55:43.408042+00:00,3791414,BTC,2026-08-24,2026-08-24T01:55:43.408042+00:00,4.28,0.1,0.11,0.11,0.01,NO,0,True,FORMER_FAVORITE,REVERSION,0.2197,0.6923,-0.2979,REVERSION,0.1397,UNCERTAIN,STALE_UNDERLYING,77204.74,77213.99,True,9.0909,-1.0,0.002,-1.002,Both,,"{'C0': True, 'CT': True, 'CS': True, 'CS_short': False, 'C1': True, 'CT_plus_canonical_strike': False, 'CT_plus_proxy_strike': True}",BLOCKED_DATA,,0.001999998,-1.001999998,0.0,0.999999,0.0,-0.999999,,False,False,False
3793572_2026-08-24T04:40:43.535551+00:00,3793572,BTC,2026-08-24,2026-08-24T04:40:43.535551+00:00,4.27,0.27,0.28,0.28,0.01,NO,0,True,OTHER_TRAJECTORY,REVERSION,0.1858,0.7692,-0.2597,UNCERTAIN,0.5256,UNCERTAIN,STALE_UNDERLYING,77149.1,77208.45,False,3.5714,-1.0,0.002,-1.002,CT-only,,"{'C0': True, 'CT': True, 'CS': False, 'CS_short': False, 'C1': True, 'CT_plus_canonical_strike': False, 'CT_plus_proxy_strike': False}",BLOCKED_DATA,,0.0019999840000000002,-1.001999984,0.0,0.9999920000000001,0.0,-0.9999920000000001,,False,False,False
3796043_2026-08-24T05:25:43.318642+00:00,3796043,BTC,2026-08-24,2026-08-24T05:25:43.318642+00:00,4.28,0.09,0.1,0.1,0.01,NO,0,True,OTHER_TRAJECTORY,REVERSION,0.36,0.5,-0.3713,REVERSION,0.3648,UNCERTAIN,STALE_UNDERLYING,77073.68,77208.6,False,10.0,-1.0,0.002,-1.002,Both,,"{'C0': True, 'CT': True, 'CS': True, 'CS_short': False, 'C1': True, 'CT_plus_canonical_strike': False, 'CT_plus_proxy_strike': False}",BLOCKED_DATA,,0.002,-1.002,0.0,1.0,0.0,-1.0,,False,False,False
3799391_2026-08-24T08:55:09.869363+00:00,3799391,BTC,2026-08-24,2026-08-24T08:55:09.869363+00:00,4.84,0.32,0.33,0.33,0.01,NO,0,True,FORMER_FAVORITE,REVERSION,0.2294,0.5,-0.1966,UNCERTAIN,0.4559,UNCERTAIN,STALE_UNDERLYING,77059.16,77129.96,False,3.0303,-1.0,0.002,-1.002,CT-only,,"{'C0': True, 'CT': True, 'CS': False, 'CS_short': False, 'C1': True, 'CT_plus_canonical_strike': False, 'CT_plus_proxy_strike': False}",BLOCKED_DATA,,0.0019999980000000002,-1.001999998,0.0,0.9999990000000001,0.0,-0.9999990000000001,,False,False,False
3807866_2026-08-24T14:25:00.833797+00:00,3807866,BTC,2026-08-24,2026-08-24T14:25:00.833797+00:00,4.99,0.18,0.19,0.19,0.01,YES,1,True,FORMER_FAVORITE,REVERSION,0.2026,0.5833,-0.0574,UNCERTAIN,0.3917,UNCERTAIN,STALE_UNDERLYING,78938.0,79202.0,False,5.2632,4.2632,0.002,4.2612,CT-only,,"{'C0': True, 'CT': True, 'CS': False, 'CS_short': False, 'C1': True, 'CT_plus_canonical_strike': False, 'CT_plus_proxy_strike': False}",BLOCKED_DATA,,0.002000016,4.261199984,0.0,1.000008,5.2632,4.263192,,True,True,False
3822032_2026-08-24T20:55:16.776683+00:00,3822032,BTC,2026-08-24,2026-08-24T20:55:16.776683+00:00,4.72,0.25,0.26,0.26,0.01,YES,1,True,OTHER_TRAJECTORY,REVERSION,0.2877,0.4545,-0.17,UNCERTAIN,0.434,UNCERTAIN,STALE_UNDERLYING,78870.0,78904.53,False,3.8462,2.8462,0.002,2.8442,CT-only,,"{'C0': True, 'CT': True, 'CS': False, 'CS_short': False, 'C1': True, 'CT_plus_canonical_strike': False, 'CT_plus_proxy_strike': False}",BLOCKED_DATA,,0.0020000240000000004,2.844199976,0.0,1.0000120000000001,3.8462,2.8461879999999997,,True,True,False
3822639_2026-08-24T21:25:16.576081+00:00,3822639,BTC,2026-08-24,2026-08-24T21:25:16.576081+00:00,4.72,0.15,0.16,0.16,0.01,NO,0,True,OTHER_TRAJECTORY,REVERSION,0.3864,0.8,-0.2218,REVERSION,0.0384,UNCERTAIN,STALE_UNDERLYING,78948.46,79027.19,False,6.25,-1.0,0.002,-1.002,Both,,"{'C0': True, 'CT': True, 'CS': True, 'CS_short': False, 'C1': True, 'CT_plus_canonical_strike': False, 'CT_plus_proxy_strike': False}",BLOCKED_DATA,,0.002,-1.002,0.0,1.0,0.0,-1.0,,False,False,False
3823806_2026-08-24T22:25:16.853868+00:00,3823806,BTC,2026-08-24,2026-08-24T22:25:16.853868+00:00,4.72,0.33,0.34,0.34,0.01,NO,0,True,FORMER_FAVORITE,REVERSION,0.1915,0.8333,-0.4424,TREND,0.9425,UNCERTAIN,STALE_UNDERLYING,78852.56,78870.0,True,2.9412,-1.0,0.002,-1.002,CT-only,,"{'C0': True, 'CT': True, 'CS': False, 'CS_short': False, 'C1': True, 'CT_plus_canonical_strike': False, 'CT_plus_proxy_strike': True}",BLOCKED_DATA,,0.002000016,-1.002000016,0.0,1.000008,0.0,-1.000008,,False,False,False
3825405_2026-08-24T22:55:16.557352+00:00,3825405,BTC,2026-08-24,2026-08-24T22:55:16.557352+00:00,4.72,0.33,0.34,0.34,0.01,NO,0,True,FORMER_FAVORITE,REVERSION,0.1111,0.5,-0.0592,REVERSION,0.0983,UNCERTAIN,STALE_UNDERLYING,78800.0,78772.0,True,2.9412,-1.0,0.002,-1.002,Both,,"{'C0': True, 'CT': True, 'CS': True, 'CS_short': False, 'C1': True, 'CT_plus_canonical_strike': False, 'CT_plus_proxy_strike': True}",BLOCKED_DATA,,0.002000016,-1.002000016,0.0,1.000008,0.0,-1.000008,,False,False,False
3828605_2026-08-25T01:10:16.593468+00:00,3828605,BTC,2026-08-25,2026-08-25T01:10:16.593468+00:00,4.72,0.26,0.27,0.27,0.01,NO,0,True,FORMER_FAVORITE,REVERSION,0.0728,0.4545,-0.1456,UNCERTAIN,0.4869,UNCERTAIN,STALE_UNDERLYING,79812.01,79739.99,False,3.7037,-1.0,0.002,-1.002,CT-only,,"{'C0': True, 'CT': True, 'CS': False, 'CS_short': False, 'C1': True, 'CT_plus_canonical_strike': False, 'CT_plus_proxy_strike': False}",BLOCKED_DATA,,0.0019999980000000002,-1.001999998,0.0,0.9999990000000001,0.0,-0.9999990000000001,,False,False,False
3829039_2026-08-25T01:55:16.638233+00:00,3829039,BTC,2026-08-25,2026-08-25T01:55:16.638233+00:00,4.72,0.21,0.22,0.22,0.01,YES,1,True,FORMER_FAVORITE,REVERSION,0.3814,0.6667,-0.1152,UNCERTAIN,0.484,UNCERTAIN,STALE_UNDERLYING,79606.0,79700.01,True,4.5455,3.5455,0.002,3.5435,CT-only,,"{'C0': True, 'CT': True, 'CS': False, 'CS_short': False, 'C1': True, 'CT_plus_canonical_strike': False, 'CT_plus_proxy_strike': True}",BLOCKED_DATA,,0.00200002,3.54349998,0.0,1.0000099999999998,4.5455,3.54549,,True,True,False
3829641_2026-08-25T03:25:16.784279+00:00,3829641,BTC,2026-08-25,2026-08-25T03:25:16.784279+00:00,4.72,0.06,0.08,0.08,0.02,NO,0,True,OTHER_TRAJECTORY,REVERSION,0.2803,0.5833,-0.1556,UNCERTAIN,0.0305,UNCERTAIN,STALE_UNDERLYING,80662.0,80791.98,False,12.5,-1.0,0.002,-1.002,CT-only,,"{'C0': True, 'CT': True, 'CS': False, 'CS_short': False, 'C1': True, 'CT_plus_canonical_strike': False, 'CT_plus_proxy_strike': False}",BLOCKED_DATA,,0.002,-1.002,0.0,1.0,0.0,-1.0,,False,False,False
3833594_2026-08-25T06:25:16.581879+00:00,3833594,BTC,2026-08-25,2026-08-25T06:25:16.581879+00:00,4.72,0.39,0.4,0.4,0.01,NO,0,True,FORMER_FAVORITE,REVERSION,0.1017,0.6364,-0.223,UNCERTAIN,0.2332,UNCERTAIN,STALE_UNDERLYING,80780.0,80852.19,False,2.5,-1.0,0.002,-1.002,CT-only,,"{'C0': True, 'CT': True, 'CS': False, 'CS_short': False, 'C1': True, 'CT_plus_canonical_strike': False, 'CT_plus_proxy_strike': False}",BLOCKED_DATA,,0.002,-1.002,0.0,1.0,0.0,-1.0,,False,False,False
3834642_2026-08-25T06:55:16.552580+00:00,3834642,BTC,2026-08-25,2026-08-25T06:55:16.552580+00:00,4.72,0.16,0.17,0.17,0.01,YES,1,True,FORMER_FAVORITE,REVERSION,0.2903,0.7273,-0.492,TREND,0.9048,UNCERTAIN,STALE_UNDERLYING,80485.74,80532.35,True,5.8824,4.8824,0.002,4.8804,CT-only,,"{'C0': True, 'CT': True, 'CS': False, 'CS_short': False, 'C1': True, 'CT_plus_canonical_strike': False, 'CT_plus_proxy_strike': True}",BLOCKED_DATA,,0.002000016,4.880399983999999,0.0,1.000008,5.8824,4.882391999999999,,True,True,False
3843125_2026-08-25T13:55:16.710467+00:00,3843125,BTC,2026-08-25,2026-08-25T13:55:16.710467+00:00,4.72,0.13,0.14,0.14,0.01,NO,0,True,OTHER_TRAJECTORY,REVERSION,0.3103,0.6364,-0.3755,UNCERTAIN,0.2664,UNCERTAIN,STALE_UNDERLYING,78352.0,78646.01,True,7.1429,-1.0,0.002,-1.002,CT-only,,"{'C0': True, 'CT': True, 'CS': False, 'CS_short': False, 'C1': True, 'CT_plus_canonical_strike': False, 'CT_plus_proxy_strike': True}",BLOCKED_DATA,,0.0020000120000000002,-1.002000012,0.0,1.0000060000000002,0.0,-1.0000060000000002,,False,False,False
3850143_2026-08-25T17:10:16.842954+00:00,3850143,BTC,2026-08-25,2026-08-25T17:10:16.842954+00:00,4.72,0.06,0.07,0.07,0.01,NO,0,True,OTHER_TRAJECTORY,REVERSION,0.3483,0.5455,-0.4017,TREND,0.6241,UNCERTAIN,STALE_UNDERLYING,78962.31,79156.02,False,14.2857,-1.0,0.002,-1.002,CT-only,,"{'C0': True, 'CT': True, 'CS': False, 'CS_short': False, 'C1': True, 'CT_plus_canonical_strike': False, 'CT_plus_proxy_strike': False}",BLOCKED_DATA,,0.0019999980000000002,-1.001999998,0.0,0.9999990000000001,0.0,-0.9999990000000001,,False,False,False
3852164_2026-08-25T18:25:16.690469+00:00,3852164,BTC,2026-08-25,2026-08-25T18:25:16.690469+00:00,4.72,0.19,0.2,0.2,0.01,NO,0,True,OTHER_TRAJECTORY,REVERSION,0.3469,0.5455,-0.3204,UNCERTAIN,0.1868,UNCERTAIN,STALE_UNDERLYING,79266.06,79317.56,False,5.0,-1.0,0.002,-1.002,CT-only,,"{'C0': True, 'CT': True, 'CS': False, 'CS_short': False, 'C1': True, 'CT_plus_canonical_strike': False, 'CT_plus_proxy_strike': False}",BLOCKED_DATA,,0.002,-1.002,0.0,1.0,0.0,-1.0,,False,False,False
3857226_2026-08-25T19:25:16.955674+00:00,3857226,BTC,2026-08-25,2026-08-25T19:25:16.955674+00:00,4.72,0.27,0.28,0.28,0.01,NO,0,True,FORMER_FAVORITE,REVERSION,0.2113,0.6667,-0.3692,REVERSION,0.1133,UNCERTAIN,STALE_UNDERLYING,79170.0,79161.49,False,3.5714,-1.0,0.002,-1.002,Both,,"{'C0': True, 'CT': True, 'CS': True, 'CS_short': False, 'C1': True, 'CT_plus_canonical_strike': False, 'CT_plus_proxy_strike': False}",BLOCKED_DATA,,0.0019999840000000002,-1.001999984,0.0,0.9999920000000001,0.0,-0.9999920000000001,,False,False,False
3859659_2026-08-25T20:40:16.517463+00:00,3859659,BTC,2026-08-25,2026-08-25T20:40:16.517463+00:00,4.72,0.02,0.03,0.03,0.01,NO,0,True,OTHER_TRAJECTORY,REVERSION,0.3,0.6667,-0.5973,TREND,0.6508,UNCERTAIN,STALE_UNDERLYING,78583.78,78772.03,True,33.3333,-1.0,0.002,-1.002,CT-only,,"{'C0': True, 'CT': True, 'CS': False, 'CS_short': False, 'C1': True, 'CT_plus_canonical_strike': False, 'CT_plus_proxy_strike': True}",BLOCKED_DATA,,0.001999998,-1.001999998,0.0,0.999999,0.0,-0.999999,,False,False,False
3860695_2026-08-25T21:55:16.531405+00:00,3860695,BTC,2026-08-25,2026-08-25T21:55:16.531405+00:00,4.72,0.28,0.29,0.29,0.01,YES,1,True,FORMER_FAVORITE,REVERSION,0.25,0.6667,-0.4158,TREND,0.6944,UNCERTAIN,STALE_UNDERLYING,78612.0,78583.99,False,3.4483,2.4483,0.002,2.4463,CT-only,,"{'C0': True, 'CT': True, 'CS': False, 'CS_short': False, 'C1': True, 'CT_plus_canonical_strike': False, 'CT_plus_proxy_strike': False}",BLOCKED_DATA,,0.0020000139999999996,2.446299986,0.0,1.0000069999999999,3.4483,2.4482930000000005,,True,True,False
3862692_2026-08-25T23:55:16.850712+00:00,3862692,BTC,2026-08-25,2026-08-25T23:55:16.850712+00:00,4.72,0.13,0.14,0.14,0.01,NO,0,True,PERSISTENT_CHEAP,REVERSION,0.2273,0.6667,-0.5649,TREND,0.7088,UNCERTAIN,STALE_UNDERLYING,78495.99,78591.66,True,7.1429,-1.0,0.002,-1.002,CT-only,,"{'C0': True, 'CT': True, 'CS': False, 'CS_short': False, 'C1': True, 'CT_plus_canonical_strike': False, 'CT_plus_proxy_strike': True}",BLOCKED_DATA,,0.0020000120000000002,-1.002000012,0.0,1.0000060000000002,0.0,-1.0000060000000002,,False,False,False
3862798_2026-08-26T00:10:18.748982+00:00,3862798,BTC,2026-08-26,2026-08-26T00:10:18.748982+00:00,4.69,0.09,0.1,0.1,0.01,NO,0,True,FORMER_FAVORITE,REVERSION,0.244,0.75,-0.5155,UNCERTAIN,0.4597,UNCERTAIN,STALE_UNDERLYING,78369.99,78539.13,False,10.0,-1.0,0.002,-1.002,CT-only,,"{'C0': True, 'CT': True, 'CS': False, 'CS_short': False, 'C1': True, 'CT_plus_canonical_strike': False, 'CT_plus_proxy_strike': False}",BLOCKED_DATA,,0.002,-1.002,0.0,1.0,0.0,-1.0,,False,False,False
3865263_2026-08-26T02:10:16.508541+00:00,3865263,BTC,2026-08-26,2026-08-26T02:10:16.508541+00:00,4.72,0.17,0.18,0.18,0.01,NO,0,True,FORMER_FAVORITE,REVERSION,0.2985,0.4545,-0.2856,UNCERTAIN,0.5271,UNCERTAIN,STALE_UNDERLYING,78750.0,78815.13,True,5.5556,-1.0,0.002,-1.002,CT-only,,"{'C0': True, 'CT': True, 'CS': False, 'CS_short': False, 'C1': True, 'CT_plus_canonical_strike': False, 'CT_plus_proxy_strike': True}",BLOCKED_DATA,,0.002000016,-1.002000016,0.0,1.000008,0.0,-1.000008,,False,False,False
3865560_2026-08-26T02:40:16.620841+00:00,3865560,BTC,2026-08-26,2026-08-26T02:40:16.620841+00:00,4.72,0.25,0.26,0.26,0.01,NO,0,True,OTHER_TRAJECTORY,REVERSION,0.0256,0.5833,-0.2089,TREND,0.7858,UNCERTAIN,STALE_UNDERLYING,79182.2,79230.54,False,3.8462,-1.0,0.002,-1.002,CT-only,,"{'C0': True, 'CT': True, 'CS': False, 'CS_short': False, 'C1': True, 'CT_plus_canonical_strike': False, 'CT_plus_proxy_strike': False}",BLOCKED_DATA,,0.0020000240000000004,-1.002000024,0.0,1.0000120000000001,0.0,-1.0000120000000001,,False,False,False
3871593_2026-08-26T12:10:19.000486+00:00,3871593,BTC,2026-08-26,2026-08-26T12:10:19.000486+00:00,4.68,0.32,0.33,0.33,0.01,NO,0,True,FORMER_FAVORITE,REVERSION,0.3333,0.5,-0.0518,REVERSION,0.1315,UNCERTAIN,STALE_UNDERLYING,78430.17,78487.26,False,3.0303,-1.0,0.002,-1.002,Both,,"{'C0': True, 'CT': True, 'CS': True, 'CS_short': False, 'C1': True, 'CT_plus_canonical_strike': False, 'CT_plus_proxy_strike': False}",BLOCKED_DATA,,0.0019999980000000002,-1.001999998,0.0,0.9999990000000001,0.0,-0.9999990000000001,,False,False,False
3872928_2026-08-26T13:25:16.686951+00:00,3872928,BTC,2026-08-26,2026-08-26T13:25:16.686951+00:00,4.72,0.13,0.14,0.14,0.01,NO,0,True,OTHER_TRAJECTORY,REVERSION,0.3175,0.6667,-0.2722,TREND,0.8158,UNCERTAIN,STALE_UNDERLYING,78020.01,78120.68,True,7.1429,-1.0,0.002,-1.002,CT-only,,"{'C0': True, 'CT': True, 'CS': False, 'CS_short': False, 'C1': True, 'CT_plus_canonical_strike': False, 'CT_plus_proxy_strike': True}",BLOCKED_DATA,,0.0020000120000000002,-1.002000012,0.0,1.0000060000000002,0.0,-1.0000060000000002,,False,False,False
3873810_2026-08-26T14:40:16.589589+00:00,3873810,BTC,2026-08-26,2026-08-26T14:40:16.589589+00:00,4.72,0.29,0.31,0.31,0.02,NO,0,True,FORMER_FAVORITE,REVERSION,0.1765,0.5833,-0.0602,TREND,0.7162,UNCERTAIN,STALE_UNDERLYING,78150.48,78247.98,True,3.2258,-1.0,0.002,-1.002,CT-only,,"{'C0': True, 'CT': True, 'CS': False, 'CS_short': False, 'C1': True, 'CT_plus_canonical_strike': False, 'CT_plus_proxy_strike': True}",BLOCKED_DATA,,0.001999996,-1.001999996,0.0,0.9999979999999999,0.0,-0.9999979999999999,,False,False,False
3875804_2026-08-26T16:40:21.395853+00:00,3875804,BTC,2026-08-26,2026-08-26T16:40:21.395853+00:00,4.64,0.21,0.22,0.22,0.01,NO,0,True,FORMER_FAVORITE,REVERSION,0.26,0.7778,-0.3621,UNCERTAIN,0.4365,UNCERTAIN,STALE_UNDERLYING,77969.23,78060.62,False,4.5455,-1.0,0.002,-1.002,CT-only,,"{'C0': True, 'CT': True, 'CS': False, 'CS_short': False, 'C1': True, 'CT_plus_canonical_strike': False, 'CT_plus_proxy_strike': False}",BLOCKED_DATA,,0.00200002,-1.00200002,0.0,1.0000099999999998,0.0,-1.0000099999999998,,False,False,False
3888751_2026-08-26T22:55:11.766337+00:00,3888751,BTC,2026-08-26,2026-08-26T22:55:11.766337+00:00,4.8,0.22,0.23,0.23,0.01,YES,1,True,OTHER_TRAJECTORY,REVERSION,0.3846,0.6,-0.1539,UNCERTAIN,0.5483,UNCERTAIN,STALE_UNDERLYING,78589.12,78687.66,False,4.3478,3.3478,0.002,3.3458,CT-only,,"{'C0': True, 'CT': True, 'CS': False, 'CS_short': False, 'C1': True, 'CT_plus_canonical_strike': False, 'CT_plus_proxy_strike': False}",BLOCKED_DATA,,0.0019999880000000003,3.3458000119999998,0.0,0.9999940000000002,4.3478,3.3478060000000003,,True,True,False
3890304_2026-08-27T00:10:13.445602+00:00,3890304,BTC,2026-08-27,2026-08-27T00:10:13.445602+00:00,4.78,0.33,0.34,0.34,0.01,NO,0,True,OTHER_TRAJECTORY,REVERSION,0.0,0.4545,-0.0793,REVERSION,0.2323,UNCERTAIN,STALE_UNDERLYING,78968.0,79023.75,False,2.9412,-1.0,0.002,-1.002,Both,,"{'C0': True, 'CT': True, 'CS': True, 'CS_short': False, 'C1': True, 'CT_plus_canonical_strike': False, 'CT_plus_proxy_strike': False}",BLOCKED_DATA,,0.002000016,-1.002000016,0.0,1.000008,0.0,-1.000008,,False,False,False
3890967_2026-08-27T00:40:11.712180+00:00,3890967,BTC,2026-08-27,2026-08-27T00:40:11.712180+00:00,4.8,0.39,0.4,0.4,0.01,YES,1,True,FORMER_FAVORITE,REVERSION,0.2097,0.5,-0.131,REVERSION,0.0174,UNCERTAIN,STALE_UNDERLYING,78832.59,78902.0,False,2.5,1.5,0.002,1.498,Both,,"{'C0': True, 'CT': True, 'CS': True, 'CS_short': False, 'C1': True, 'CT_plus_canonical_strike': False, 'CT_plus_proxy_strike': False}",BLOCKED_DATA,,0.002,1.498,0.0,1.0,2.5,1.5,,True,True,False
3895115_2026-08-27T02:25:11.906598+00:00,3895115,BTC,2026-08-27,2026-08-27T02:25:11.906598+00:00,4.8,0.35,0.39,0.39,0.04,NO,0,True,OTHER_TRAJECTORY,REVERSION,0.1429,0.5,-0.2738,TREND,0.604,UNCERTAIN,STALE_UNDERLYING,78769.05,78884.27,False,2.5641,-1.0,0.002,-1.002,CT-only,,"{'C0': True, 'CT': True, 'CS': False, 'CS_short': False, 'C1': True, 'CT_plus_canonical_strike': False, 'CT_plus_proxy_strike': False}",BLOCKED_DATA,,0.001999998,-1.001999998,0.0,0.999999,0.0,-0.999999,,False,False,False
3896446_2026-08-27T04:25:03.925637+00:00,3896446,BTC,2026-08-27,2026-08-27T04:25:03.925637+00:00,4.93,0.36,0.37,0.37,0.01,NO,0,True,FORMER_FAVORITE,REVERSION,0.2985,0.6667,-0.3223,REVERSION,0.1193,UNCERTAIN,STALE_UNDERLYING,78845.83,78862.46,False,2.7027,-1.0,0.002,-1.002,Both,,"{'C0': True, 'CT': True, 'CS': True, 'CS_short': False, 'C1': True, 'CT_plus_canonical_strike': False, 'CT_plus_proxy_strike': False}",BLOCKED_DATA,,0.001999998,-1.001999998,0.0,0.999999,0.0,-0.999999,,False,False,False
3896982_2026-08-27T04:40:04.145452+00:00,3896982,BTC,2026-08-27,2026-08-27T04:40:04.145452+00:00,4.93,0.15,0.16,0.16,0.01,YES,1,True,PERSISTENT_CHEAP,REVERSION,0.1795,0.8333,-0.6254,UNCERTAIN,0.4302,UNCERTAIN,STALE_UNDERLYING,78760.0,78785.06,True,6.25,5.25,0.002,5.248,CT-only,,"{'C0': True, 'CT': True, 'CS': False, 'CS_short': False, 'C1': True, 'CT_plus_canonical_strike': False, 'CT_plus_proxy_strike': True}",BLOCKED_DATA,,0.002,5.248,0.0,1.0,6.25,5.25,,True,True,False
3900640_2026-08-27T10:55:07.719042+00:00,3900640,BTC,2026-08-27,2026-08-27T10:55:07.719042+00:00,4.87,0.26,0.27,0.27,0.01,NO,0,True,OTHER_TRAJECTORY,REVERSION,0.2473,0.6667,-0.076,REVERSION,0.1479,UNCERTAIN,STALE_UNDERLYING,79590.12,79609.11,False,3.7037,-1.0,0.002,-1.002,Both,,"{'C0': True, 'CT': True, 'CS': True, 'CS_short': False, 'C1': True, 'CT_plus_canonical_strike': False, 'CT_plus_proxy_strike': False}",BLOCKED_DATA,,0.0019999980000000002,-1.001999998,0.0,0.9999990000000001,0.0,-0.9999990000000001,,False,False,False
3901064_2026-08-27T11:40:07.710821+00:00,3901064,BTC,2026-08-27,2026-08-27T11:40:07.710821+00:00,4.87,0.07,0.08,0.08,0.01,NO,0,True,FORMER_FAVORITE,REVERSION,0.2286,0.6667,-0.1481,TREND,0.7201,UNCERTAIN,STALE_UNDERLYING,79400.25,79524.0,True,12.5,-1.0,0.002,-1.002,CT-only,,"{'C0': True, 'CT': True, 'CS': False, 'CS_short': False, 'C1': True, 'CT_plus_canonical_strike': False, 'CT_plus_proxy_strike': True}",BLOCKED_DATA,,0.002,-1.002,0.0,1.0,0.0,-1.0,,False,False,False
3902108_2026-08-27T13:40:07.815386+00:00,3902108,BTC,2026-08-27,2026-08-27T13:40:07.815386+00:00,4.87,0.22,0.23,0.23,0.01,NO,0,True,OTHER_TRAJECTORY,REVERSION,0.2533,0.7,-0.2868,REVERSION,0.1916,UNCERTAIN,STALE_UNDERLYING,79268.0,79352.63,False,4.3478,-1.0,0.002,-1.002,Both,,"{'C0': True, 'CT': True, 'CS': True, 'CS_short': False, 'C1': True, 'CT_plus_canonical_strike': False, 'CT_plus_proxy_strike': False}",BLOCKED_DATA,,0.0019999880000000003,-1.001999988,0.0,0.9999940000000002,0.0,-0.9999940000000002,,False,False,False
3902389_2026-08-27T14:10:07.511371+00:00,3902389,BTC,2026-08-27,2026-08-27T14:10:07.511371+00:00,4.87,0.25,0.27,0.27,0.02,NO,0,True,FORMER_FAVORITE,REVERSION,0.1188,0.5,-0.0887,REVERSION,0.2541,UNCERTAIN,STALE_UNDERLYING,79499.28,79533.16,False,3.7037,-1.0,0.002,-1.002,Both,,"{'C0': True, 'CT': True, 'CS': True, 'CS_short': False, 'C1': True, 'CT_plus_canonical_strike': False, 'CT_plus_proxy_strike': False}",BLOCKED_DATA,,0.0019999980000000002,-1.001999998,0.0,0.9999990000000001,0.0,-0.9999990000000001,,False,False,False
3903993_2026-08-27T16:40:07.542126+00:00,3903993,BTC,2026-08-27,2026-08-27T16:40:07.542126+00:00,4.87,0.33,0.34,0.34,0.01,YES,1,True,PERSISTENT_CHEAP,REVERSION,0.012,0.6364,-0.3025,UNCERTAIN,0.0629,UNCERTAIN,STALE_UNDERLYING,80389.64,80412.0,True,2.9412,1.9412,0.002,1.9392,CT-only,,"{'C0': True, 'CT': True, 'CS': False, 'CS_short': False, 'C1': True, 'CT_plus_canonical_strike': False, 'CT_plus_proxy_strike': True}",BLOCKED_DATA,,0.002000016,1.939199984,0.0,1.000008,2.9412,1.9411919999999998,,True,True,False
3904380_2026-08-27T17:40:07.765573+00:00,3904380,BTC,2026-08-27,2026-08-27T17:40:07.765573+00:00,4.87,0.26,0.27,0.27,0.01,NO,0,True,FORMER_FAVORITE,REVERSION,0.2075,0.6667,-0.251,UNCERTAIN,0.1876,UNCERTAIN,STALE_UNDERLYING,80679.99,80713.59,True,3.7037,-1.0,0.002,-1.002,CT-only,,"{'C0': True, 'CT': True, 'CS': False, 'CS_short': False, 'C1': True, 'CT_plus_canonical_strike': False, 'CT_plus_proxy_strike': True}",BLOCKED_DATA,,0.0019999980000000002,-1.001999998,0.0,0.9999990000000001,0.0,-0.9999990000000001,,False,False,False
3910453_2026-08-27T19:25:07.480941+00:00,3910453,BTC,2026-08-27,2026-08-27T19:25:07.480941+00:00,4.88,0.23,0.24,0.24,0.01,NO,0,True,FORMER_FAVORITE,REVERSION,0.0811,0.8,-0.3704,UNCERTAIN,0.1921,UNCERTAIN,STALE_UNDERLYING,80114.87,80163.26,True,4.1667,-1.0,0.002,-1.002,CT-only,,"{'C0': True, 'CT': True, 'CS': False, 'CS_short': False, 'C1': True, 'CT_plus_canonical_strike': False, 'CT_plus_proxy_strike': True}",BLOCKED_DATA,,0.0020000159999999994,-1.002000016,0.0,1.0000079999999998,0.0,-1.0000079999999998,,False,False,False
3912747_2026-08-27T21:25:07.621335+00:00,3912747,BTC,2026-08-27,2026-08-27T21:25:07.621335+00:00,4.87,0.33,0.34,0.34,0.01,NO,0,True,FORMER_FAVORITE,REVERSION,0.1972,0.5,-0.1461,REVERSION,0.1246,UNCERTAIN,STALE_UNDERLYING,80072.61,80097.55,False,2.9412,-1.0,0.002,-1.002,Both,,"{'C0': True, 'CT': True, 'CS': True, 'CS_short': False, 'C1': True, 'CT_plus_canonical_strike': False, 'CT_plus_proxy_strike': False}",BLOCKED_DATA,,0.002000016,-1.002000016,0.0,1.000008,0.0,-1.000008,,False,False,False
3916327_2026-08-27T23:40:07.842531+00:00,3916327,BTC,2026-08-27,2026-08-27T23:40:07.842531+00:00,4.87,0.24,0.25,0.25,0.01,NO,0,True,OTHER_TRAJECTORY,REVERSION,0.2973,0.5,-0.2153,UNCERTAIN,0.4197,UNCERTAIN,STALE_UNDERLYING,80291.48,80321.95,False,4.0,-1.0,0.002,-1.002,CT-only,,"{'C0': True, 'CT': True, 'CS': False, 'CS_short': False, 'C1': True, 'CT_plus_canonical_strike': False, 'CT_plus_proxy_strike': False}",BLOCKED_DATA,,0.002,-1.002,0.0,1.0,0.0,-1.0,,False,False,False
3923809_2026-08-28T02:10:07.481920+00:00,3923809,BTC,2026-08-28,2026-08-28T02:10:07.481920+00:00,4.88,0.23,0.24,0.24,0.01,NO,0,True,OTHER_TRAJECTORY,REVERSION,0.2222,0.8182,-0.48,TREND,1.0,UNCERTAIN,STALE_UNDERLYING,80424.0,80500.38,True,4.1667,-1.0,0.002,-1.002,CT-only,,"{'C0': True, 'CT': True, 'CS': False, 'CS_short': False, 'C1': True, 'CT_plus_canonical_strike': False, 'CT_plus_proxy_strike': True}",BLOCKED_DATA,,0.0020000159999999994,-1.002000016,0.0,1.0000079999999998,0.0,-1.0000079999999998,,False,False,False
3924771_2026-08-28T03:40:07.462755+00:00,3924771,BTC,2026-08-28,2026-08-28T03:40:07.462755+00:00,4.88,0.24,0.25,0.25,0.01,NO,0,True,FORMER_FAVORITE,REVERSION,0.25,0.5455,-0.1964,REVERSION,0.0258,UNCERTAIN,STALE_UNDERLYING,79866.0,79910.01,True,4.0,-1.0,0.002,-1.002,Both,,"{'C0': True, 'CT': True, 'CS': True, 'CS_short': False, 'C1': True, 'CT_plus_canonical_strike': False, 'CT_plus_proxy_strike': True}",BLOCKED_DATA,,0.002,-1.002,0.0,1.0,0.0,-1.0,,False,False,False
3925291_2026-08-28T04:10:07.859774+00:00,3925291,BTC,2026-08-28,2026-08-28T04:10:07.859774+00:00,4.87,0.03,0.04,0.04,0.01,YES,1,True,FORMER_FAVORITE,REVERSION,0.3565,0.5833,-0.4115,TREND,0.7442,UNCERTAIN,STALE_UNDERLYING,79639.3,79810.48,False,25.0,24.0,0.002,23.998,CT-only,,"{'C0': True, 'CT': True, 'CS': False, 'CS_short': False, 'C1': True, 'CT_plus_canonical_strike': False, 'CT_plus_proxy_strike': False}",BLOCKED_DATA,,0.002,23.998,0.0,1.0,25.0,24.0,,True,True,False
3926245_2026-08-28T04:55:07.752310+00:00,3926245,BTC,2026-08-28,2026-08-28T04:55:07.752310+00:00,4.87,0.18,0.19,0.19,0.01,NO,0,True,FORMER_FAVORITE,REVERSION,0.31,0.4545,-0.0884,UNCERTAIN,0.4493,UNCERTAIN,STALE_UNDERLYING,79658.06,79705.26,False,5.2632,-1.0,0.002,-1.002,CT-only,,"{'C0': True, 'CT': True, 'CS': False, 'CS_short': False, 'C1': True, 'CT_plus_canonical_strike': False, 'CT_plus_proxy_strike': False}",BLOCKED_DATA,,0.002000016,-1.002000016,0.0,1.000008,0.0,-1.000008,,False,False,False
3927427_2026-08-28T06:25:07.476723+00:00,3927427,BTC,2026-08-28,2026-08-28T06:25:07.476723+00:00,4.88,0.16,0.17,0.17,0.01,NO,0,True,OTHER_TRAJECTORY,REVERSION,0.3333,0.7273,-0.2558,UNCERTAIN,0.5758,UNCERTAIN,STALE_UNDERLYING,79844.78,79903.26,False,5.8824,-1.0,0.002,-1.002,CT-only,,"{'C0': True, 'CT': True, 'CS': False, 'CS_short': False, 'C1': True, 'CT_plus_canonical_strike': False, 'CT_plus_proxy_strike': False}",BLOCKED_DATA,,0.002000016,-1.002000016,0.0,1.000008,0.0,-1.000008,,False,False,False
3935555_2026-08-28T18:10:08.689448+00:00,3935555,BTC,2026-08-28,2026-08-28T18:10:08.689448+00:00,4.86,0.13,0.14,0.14,0.01,NO,0,True,FORMER_FAVORITE,REVERSION,0.3282,0.7273,-0.3015,UNCERTAIN,0.0464,UNCERTAIN,STALE_UNDERLYING,77800.0,77904.0,False,7.1429,-1.0,0.002,-1.002,CT-only,,"{'C0': True, 'CT': True, 'CS': False, 'CS_short': False, 'C1': True, 'CT_plus_canonical_strike': False, 'CT_plus_proxy_strike': False}",BLOCKED_DATA,,0.0020000120000000002,-1.002000012,0.0,1.0000060000000002,0.0,-1.0000060000000002,,False,False,False
3937880_2026-08-28T19:40:07.479450+00:00,3937880,BTC,2026-08-28,2026-08-28T19:40:07.479450+00:00,4.88,0.09,0.1,0.1,0.01,NO,0,True,PERSISTENT_CHEAP,REVERSION,0.2766,0.6364,-0.4428,UNCERTAIN,0.3509,UNCERTAIN,STALE_UNDERLYING,77622.09,77705.07,False,10.0,-1.0,0.002,-1.002,CT-only,,"{'C0': True, 'CT': True, 'CS': False, 'CS_short': False, 'C1': True, 'CT_plus_canonical_strike': False, 'CT_plus_proxy_strike': False}",BLOCKED_DATA,,0.002,-1.002,0.0,1.0,0.0,-1.0,,False,False,False
3939646_2026-08-28T20:25:07.566913+00:00,3939646,BTC,2026-08-28,2026-08-28T20:25:07.566913+00:00,4.87,0.19,0.2,0.2,0.01,NO,0,True,OTHER_TRAJECTORY,REVERSION,0.3095,0.5833,-0.1129,REVERSION,0.2135,UNCERTAIN,STALE_UNDERLYING,77507.43,77562.71,False,5.0,-1.0,0.002,-1.002,Both,,"{'C0': True, 'CT': True, 'CS': True, 'CS_short': False, 'C1': True, 'CT_plus_canonical_strike': False, 'CT_plus_proxy_strike': False}",BLOCKED_DATA,,0.002,-1.002,0.0,1.0,0.0,-1.0,,False,False,False
3942978_2026-08-29T01:55:07.572188+00:00,3942978,BTC,2026-08-29,2026-08-29T01:55:07.572188+00:00,4.87,0.37,0.38,0.38,0.01,NO,0,True,FORMER_FAVORITE,REVERSION,0.0526,0.6364,-0.1619,REVERSION,0.1793,UNCERTAIN,STALE_UNDERLYING,77816.22,77828.39,False,2.6316,-1.0,0.002,-1.002,Both,,"{'C0': True, 'CT': True, 'CS': True, 'CS_short': False, 'C1': True, 'CT_plus_canonical_strike': False, 'CT_plus_proxy_strike': False}",BLOCKED_DATA,,0.002000016,-1.002000016,0.0,1.000008,0.0,-1.000008,,False,False,False
3943039_2026-08-29T02:10:07.629621+00:00,3943039,BTC,2026-08-29,2026-08-29T02:10:07.629621+00:00,4.87,0.38,0.39,0.39,0.01,NO,0,True,FORMER_FAVORITE,REVERSION,0.084,0.5,-0.346,REVERSION,0.284,UNCERTAIN,STALE_UNDERLYING,77805.63,77794.11,True,2.5641,-1.0,0.002,-1.002,Both,,"{'C0': True, 'CT': True, 'CS': True, 'CS_short': False, 'C1': True, 'CT_plus_canonical_strike': False, 'CT_plus_proxy_strike': True}",BLOCKED_DATA,,0.001999998,-1.001999998,0.0,0.999999,0.0,-0.999999,,False,False,False
3945990_2026-08-29T05:25:07.640969+00:00,3945990,BTC,2026-08-29,2026-08-29T05:25:07.640969+00:00,4.87,0.12,0.13,0.13,0.01,NO,0,True,OTHER_TRAJECTORY,REVERSION,0.3516,0.9091,-0.5137,UNCERTAIN,0.2557,UNCERTAIN,STALE_UNDERLYING,77670.27,77701.36,False,7.6923,-1.0,0.002,-1.002,CT-only,,"{'C0': True, 'CT': True, 'CS': False, 'CS_short': False, 'C1': True, 'CT_plus_canonical_strike': False, 'CT_plus_proxy_strike': False}",BLOCKED_DATA,,0.0019999980000000002,-1.001999998,0.0,0.9999990000000001,0.0,-0.9999990000000001,,False,False,False
3949838_2026-08-29T09:10:07.775171+00:00,3949838,BTC,2026-08-29,2026-08-29T09:10:07.775171+00:00,4.87,0.27,0.28,0.28,0.01,YES,1,True,FORMER_FAVORITE,REVERSION,0.3077,0.5,-0.4017,REVERSION,0.1859,UNCERTAIN,STALE_UNDERLYING,77602.0,77634.0,False,3.5714,2.5714,0.002,2.5694,Both,,"{'C0': True, 'CT': True, 'CS': True, 'CS_short': False, 'C1': True, 'CT_plus_canonical_strike': False, 'CT_plus_proxy_strike': False}",BLOCKED_DATA,,0.0019999840000000002,2.5694000160000003,0.0,0.9999920000000001,3.5714,2.571408,,True,True,False
3950510_2026-08-29T11:10:07.561707+00:00,3950510,BTC,2026-08-29,2026-08-29T11:10:07.561707+00:00,4.87,0.22,0.23,0.23,0.01,YES,1,True,PERSISTENT_CHEAP,REVERSION,0.125,0.6,-0.4223,REVERSION,0.3308,UNCERTAIN,STALE_UNDERLYING,77641.27,77635.17,True,4.3478,3.3478,0.002,3.3458,Both,,"{'C0': True, 'CT': True, 'CS': True, 'CS_short': False, 'C1': True, 'CT_plus_canonical_strike': False, 'CT_plus_proxy_strike': True}",BLOCKED_DATA,,0.0019999880000000003,3.3458000119999998,0.0,0.9999940000000002,4.3478,3.3478060000000003,,True,True,False
3951146_2026-08-29T11:55:07.577592+00:00,3951146,BTC,2026-08-29,2026-08-29T11:55:07.577592+00:00,4.87,0.27,0.28,0.28,0.01,NO,0,True,FORMER_FAVORITE,REVERSION,0.3258,0.7273,-0.4925,UNCERTAIN,0.5542,UNCERTAIN,STALE_UNDERLYING,77634.01,77643.0,True,3.5714,-1.0,0.002,-1.002,CT-only,,"{'C0': True, 'CT': True, 'CS': False, 'CS_short': False, 'C1': True, 'CT_plus_canonical_strike': False, 'CT_plus_proxy_strike': True}",BLOCKED_DATA,,0.0019999840000000002,-1.001999984,0.0,0.9999920000000001,0.0,-0.9999920000000001,,False,False,False
3951629_2026-08-29T12:40:07.553442+00:00,3951629,BTC,2026-08-29,2026-08-29T12:40:07.553442+00:00,4.87,0.28,0.29,0.29,0.01,NO,0,True,FORMER_FAVORITE,REVERSION,0.2449,0.6364,-0.1949,REVERSION,0.1295,UNCERTAIN,STALE_UNDERLYING,77565.08,77583.99,False,3.4483,-1.0,0.002,-1.002,Both,,"{'C0': True, 'CT': True, 'CS': True, 'CS_short': False, 'C1': True, 'CT_plus_canonical_strike': False, 'CT_plus_proxy_strike': False}",BLOCKED_DATA,,0.0020000139999999996,-1.002000014,0.0,1.0000069999999999,0.0,-1.0000069999999999,,False,False,False
3952398_2026-08-29T14:10:07.660878+00:00,3952398,BTC,2026-08-29,2026-08-29T14:10:07.660878+00:00,4.87,0.24,0.25,0.25,0.01,NO,0,True,FORMER_FAVORITE,REVERSION,0.1579,0.7778,-0.3333,REVERSION,0.3558,UNCERTAIN,STALE_UNDERLYING,77692.0,77704.32,False,4.0,-1.0,0.002,-1.002,Both,,"{'C0': True, 'CT': True, 'CS': True, 'CS_short': False, 'C1': True, 'CT_plus_canonical_strike': False, 'CT_plus_proxy_strike': False}",BLOCKED_DATA,,0.002,-1.002,0.0,1.0,0.0,-1.0,,False,False,False
3953344_2026-08-29T15:40:07.482045+00:00,3953344,BTC,2026-08-29,2026-08-29T15:40:07.482045+00:00,4.88,0.26,0.27,0.27,0.01,NO,0,True,PERSISTENT_CHEAP,REVERSION,0.1923,0.7,-0.1581,REVERSION,0.3035,UNCERTAIN,STALE_UNDERLYING,77875.35,77903.84,True,3.7037,-1.0,0.002,-1.002,Both,,"{'C0': True, 'CT': True, 'CS': True, 'CS_short': False, 'C1': True, 'CT_plus_canonical_strike': False, 'CT_plus_proxy_strike': True}",BLOCKED_DATA,,0.0019999980000000002,-1.001999998,0.0,0.9999990000000001,0.0,-0.9999990000000001,,False,False,False
3954914_2026-08-29T17:40:07.563209+00:00,3954914,BTC,2026-08-29,2026-08-29T17:40:07.563209+00:00,4.87,0.22,0.23,0.23,0.01,YES,1,True,FORMER_FAVORITE,REVERSION,0.25,0.7273,-0.2896,TREND,0.6981,UNCERTAIN,STALE_UNDERLYING,77947.56,77990.78,True,4.3478,3.3478,0.002,3.3458,CT-only,,"{'C0': True, 'CT': True, 'CS': False, 'CS_short': False, 'C1': True, 'CT_plus_canonical_strike': False, 'CT_plus_proxy_strike': True}",BLOCKED_DATA,,0.0019999880000000003,3.3458000119999998,0.0,0.9999940000000002,4.3478,3.3478060000000003,,True,True,False
3957213_2026-08-29T19:25:07.461938+00:00,3957213,BTC,2026-08-29,2026-08-29T19:25:07.461938+00:00,4.88,0.32,0.33,0.33,0.01,NO,0,True,FORMER_FAVORITE,REVERSION,0.1887,0.5,-0.1192,UNCERTAIN,0.5558,UNCERTAIN,STALE_UNDERLYING,78266.0,78309.15,False,3.0303,-1.0,0.002,-1.002,CT-only,,"{'C0': True, 'CT': True, 'CS': False, 'CS_short': False, 'C1': True, 'CT_plus_canonical_strike': False, 'CT_plus_proxy_strike': False}",BLOCKED_DATA,,0.0019999980000000002,-1.001999998,0.0,0.9999990000000001,0.0,-0.9999990000000001,,False,False,False
3957448_2026-08-29T19:40:07.742572+00:00,3957448,BTC,2026-08-29,2026-08-29T19:40:07.742572+00:00,4.87,0.12,0.13,0.13,0.01,YES,1,True,FORMER_FAVORITE,REVERSION,0.2667,0.4545,-0.3772,TREND,1.0,UNCERTAIN,STALE_UNDERLYING,78202.0,78240.9,True,7.6923,6.6923,0.002,6.6903,CT-only,,"{'C0': True, 'CT': True, 'CS': False, 'CS_short': False, 'C1': True, 'CT_plus_canonical_strike': False, 'CT_plus_proxy_strike': True}",BLOCKED_DATA,,0.0019999980000000002,6.690300002000001,0.0,0.9999990000000001,7.6923,6.6923010000000005,,True,True,False
3957878_2026-08-29T19:55:07.628808+00:00,3957878,BTC,2026-08-29,2026-08-29T19:55:07.628808+00:00,4.87,0.09,0.1,0.1,0.01,NO,0,True,FORMER_FAVORITE,REVERSION,0.3037,0.5,-0.2131,REVERSION,0.2087,UNCERTAIN,STALE_UNDERLYING,78214.38,78252.3,False,10.0,-1.0,0.002,-1.002,Both,,"{'C0': True, 'CT': True, 'CS': True, 'CS_short': False, 'C1': True, 'CT_plus_canonical_strike': False, 'CT_plus_proxy_strike': False}",BLOCKED_DATA,,0.002,-1.002,0.0,1.0,0.0,-1.0,,False,False,False
3960218_2026-08-29T20:40:07.752811+00:00,3960218,BTC,2026-08-29,2026-08-29T20:40:07.752811+00:00,4.87,0.13,0.14,0.14,0.01,NO,0,True,OTHER_TRAJECTORY,REVERSION,0.2917,0.8333,-0.3581,UNCERTAIN,0.4494,UNCERTAIN,STALE_UNDERLYING,78142.94,78182.0,True,7.1429,-1.0,0.002,-1.002,CT-only,,"{'C0': True, 'CT': True, 'CS': False, 'CS_short': False, 'C1': True, 'CT_plus_canonical_strike': False, 'CT_plus_proxy_strike': True}",BLOCKED_DATA,,0.0020000120000000002,-1.002000012,0.0,1.0000060000000002,0.0,-1.0000060000000002,,False,False,False
3960669_2026-08-29T21:40:07.833252+00:00,3960669,BTC,2026-08-29,2026-08-29T21:40:07.833252+00:00,4.87,0.14,0.15,0.15,0.01,NO,0,True,FORMER_FAVORITE,REVERSION,0.3391,0.4545,-0.0713,TREND,0.6185,UNCERTAIN,STALE_UNDERLYING,78089.77,78107.61,True,6.6667,-1.0,0.002,-1.002,CT-only,,"{'C0': True, 'CT': True, 'CS': False, 'CS_short': False, 'C1': True, 'CT_plus_canonical_strike': False, 'CT_plus_proxy_strike': True}",BLOCKED_DATA,,0.0020000099999999995,-1.00200001,0.0,1.0000049999999998,0.0,-1.0000049999999998,,False,False,False
3961854_2026-08-29T22:25:07.680429+00:00,3961854,BTC,2026-08-29,2026-08-29T22:25:07.680429+00:00,4.87,0.3,0.31,0.31,0.01,YES,1,True,FORMER_FAVORITE,REVERSION,0.3889,0.75,-0.0618,UNCERTAIN,0.3439,UNCERTAIN,STALE_UNDERLYING,78100.61,78137.38,True,3.2258,2.2258,0.002,2.2238,CT-only,,"{'C0': True, 'CT': True, 'CS': False, 'CS_short': False, 'C1': True, 'CT_plus_canonical_strike': False, 'CT_plus_proxy_strike': True}",BLOCKED_DATA,,0.001999996,2.223800004,0.0,0.9999979999999999,3.2258,2.225802,,True,True,False
3962764_2026-08-29T23:25:07.777580+00:00,3962764,BTC,2026-08-29,2026-08-29T23:25:07.777580+00:00,4.87,0.25,0.31,0.31,0.06,YES,1,True,FORMER_FAVORITE,REVERSION,0.2129,0.6364,-0.1509,REVERSION,0.3213,UNCERTAIN,STALE_UNDERLYING,78200.0,78241.67,False,3.2258,2.2258,0.002,2.2238,Both,,"{'C0': True, 'CT': True, 'CS': True, 'CS_short': False, 'C1': True, 'CT_plus_canonical_strike': False, 'CT_plus_proxy_strike': False}",BLOCKED_DATA,,0.001999996,2.223800004,0.0,0.9999979999999999,3.2258,2.225802,,True,True,False
3964600_2026-08-30T01:25:07.623549+00:00,3964600,BTC,2026-08-30,2026-08-30T01:25:07.623549+00:00,4.87,0.31,0.32,0.32,0.01,NO,0,True,FORMER_FAVORITE,REVERSION,0.2212,0.5455,-0.0771,TREND,0.8184,UNCERTAIN,STALE_UNDERLYING,78048.28,78072.01,True,3.125,-1.0,0.002,-1.002,CT-only,,"{'C0': True, 'CT': True, 'CS': False, 'CS_short': False, 'C1': True, 'CT_plus_canonical_strike': False, 'CT_plus_proxy_strike': True}",BLOCKED_DATA,,0.002,-1.002,0.0,1.0,0.0,-1.0,,False,False,False
3965115_2026-08-30T02:25:07.800934+00:00,3965115,BTC,2026-08-30,2026-08-30T02:25:07.800934+00:00,4.87,0.17,0.18,0.18,0.01,NO,0,True,OTHER_TRAJECTORY,REVERSION,0.3529,0.6364,-0.4856,REVERSION,0.2534,UNCERTAIN,STALE_UNDERLYING,78048.38,78086.32,False,5.5556,-1.0,0.002,-1.002,Both,,"{'C0': True, 'CT': True, 'CS': True, 'CS_short': False, 'C1': True, 'CT_plus_canonical_strike': False, 'CT_plus_proxy_strike': False}",BLOCKED_DATA,,0.002000016,-1.002000016,0.0,1.000008,0.0,-1.000008,,False,False,False
3968106_2026-08-30T05:55:07.541664+00:00,3968106,BTC,2026-08-30,2026-08-30T05:55:07.541664+00:00,4.87,0.37,0.38,0.38,0.01,NO,0,True,FORMER_FAVORITE,REVERSION,0.028,0.6364,-0.2829,QUIET,0.5187842971711625,UNCERTAIN,STALE_UNDERLYING,78127.71,78126.23,True,2.6316,-1.0,0.002,-1.002,CT-only,,"{'C0': True, 'CT': True, 'CS': False, 'CS_short': False, 'C1': True, 'CT_plus_canonical_strike': False, 'CT_plus_proxy_strike': True}",BLOCKED_DATA,,0.002000016,-1.002000016,0.0,1.000008,0.0,-1.000008,,False,False,False
3972983_2026-08-30T12:55:39.947548+00:00,3972983,BTC,2026-08-30,2026-08-30T12:55:39.947548+00:00,4.33,0.37,0.38,0.38,0.01,YES,1,True,OTHER_TRAJECTORY,REVERSION,0.0976,0.7273,-0.377,REVERSION,0.0469,UNCERTAIN,STALE_UNDERLYING,78636.1,78658.01,False,2.6316,1.6316,0.002,1.6296,Both,,"{'C0': True, 'CT': True, 'CS': True, 'CS_short': False, 'C1': True, 'CT_plus_canonical_strike': False, 'CT_plus_proxy_strike': False}",BLOCKED_DATA,,0.002000016,1.629599984,0.0,1.000008,2.6316,1.6315920000000002,,True,True,False
3973569_2026-08-30T13:40:40.136588+00:00,3973569,BTC,2026-08-30,2026-08-30T13:40:40.136588+00:00,4.33,0.33,0.34,0.34,0.01,YES,1,True,FORMER_FAVORITE,REVERSION,0.1095,0.7273,-0.2667,UNCERTAIN,0.5497,UNCERTAIN,STALE_UNDERLYING,78711.7,78729.89,False,2.9412,1.9412,0.002,1.9392,CT-only,,"{'C0': True, 'CT': True, 'CS': False, 'CS_short': False, 'C1': True, 'CT_plus_canonical_strike': False, 'CT_plus_proxy_strike': False}",BLOCKED_DATA,,0.002000016,1.939199984,0.0,1.000008,2.9412,1.9411919999999998,,True,True,False
3977459_2026-08-30T17:55:39.970744+00:00,3977459,BTC,2026-08-30,2026-08-30T17:55:39.970744+00:00,4.33,0.2,0.21,0.21,0.01,NO,0,True,FORMER_FAVORITE,REVERSION,0.2632,0.6923,-0.1883,TREND,0.6148,UNCERTAIN,STALE_UNDERLYING,79022.0,79044.81,False,4.7619,-1.0,0.002,-1.002,CT-only,,"{'C0': True, 'CT': True, 'CS': False, 'CS_short': False, 'C1': True, 'CT_plus_canonical_strike': False, 'CT_plus_proxy_strike': False}",BLOCKED_DATA,,0.001999998,-1.001999998,0.0,0.999999,0.0,-0.999999,,False,False,False
3982552_2026-08-30T19:40:40.023526+00:00,3982552,BTC,2026-08-30,2026-08-30T19:40:40.023526+00:00,4.33,0.03,0.04,0.04,0.01,NO,0,True,FORMER_FAVORITE,REVERSION,0.3333,0.4615,-0.2521,TREND,1.0,UNCERTAIN,STALE_UNDERLYING,78792.35,78917.24,True,25.0,-1.0,0.002,-1.002,CT-only,,"{'C0': True, 'CT': True, 'CS': False, 'CS_short': False, 'C1': True, 'CT_plus_canonical_strike': False, 'CT_plus_proxy_strike': True}",BLOCKED_DATA,,0.002,-1.002,0.0,1.0,0.0,-1.0,,False,False,False
3985075_2026-08-30T21:40:40.059877+00:00,3985075,BTC,2026-08-30,2026-08-30T21:40:40.059877+00:00,4.33,0.35,0.36,0.36,0.01,NO,0,True,FORMER_FAVORITE,REVERSION,0.0873,0.6923,-0.2894,UNCERTAIN,0.5452,UNCERTAIN,STALE_UNDERLYING,78653.32,78644.0,False,2.7778,-1.0,0.002,-1.002,CT-only,,"{'C0': True, 'CT': True, 'CS': False, 'CS_short': False, 'C1': True, 'CT_plus_canonical_strike': False, 'CT_plus_proxy_strike': False}",BLOCKED_DATA,,0.002000016,-1.002000016,0.0,1.000008,0.0,-1.000008,,False,False,False
3986223_2026-08-30T22:55:39.843127+00:00,3986223,BTC,2026-08-30,2026-08-30T22:55:39.843127+00:00,4.34,0.26,0.27,0.27,0.01,NO,0,True,OTHER_TRAJECTORY,REVERSION,0.2323,0.5,-0.1671,REVERSION,0.3434,UNCERTAIN,STALE_UNDERLYING,78444.4,78460.0,False,3.7037,-1.0,0.002,-1.002,Both,,"{'C0': True, 'CT': True, 'CS': True, 'CS_short': False, 'C1': True, 'CT_plus_canonical_strike': False, 'CT_plus_proxy_strike': False}",BLOCKED_DATA,,0.0019999980000000002,-1.001999998,0.0,0.9999990000000001,0.0,-0.9999990000000001,,False,False,False
3986579_2026-08-30T23:10:40.068924+00:00,3986579,BTC,2026-08-30,2026-08-30T23:10:40.068924+00:00,4.33,0.27,0.29,0.29,0.02,NO,0,True,OTHER_TRAJECTORY,REVERSION,0.1472,0.5385,-0.3214,TREND,0.6024,UNCERTAIN,STALE_UNDERLYING,78338.02,78422.01,False,3.4483,-1.0,0.002,-1.002,CT-only,,"{'C0': True, 'CT': True, 'CS': False, 'CS_short': False, 'C1': True, 'CT_plus_canonical_strike': False, 'CT_plus_proxy_strike': False}",BLOCKED_DATA,,0.0020000139999999996,-1.002000014,0.0,1.0000069999999999,0.0,-1.0000069999999999,,False,False,False
3988564_2026-08-31T01:55:39.871937+00:00,3988564,BTC,2026-08-31,2026-08-31T01:55:39.871937+00:00,4.34,0.17,0.21,0.21,0.04,NO,0,True,FORMER_FAVORITE,REVERSION,0.2911,0.4615,-0.16,REVERSION,0.1927,UNCERTAIN,STALE_UNDERLYING,77702.0,77749.99,True,4.7619,-1.0,0.002,-1.002,Both,,"{'C0': True, 'CT': True, 'CS': True, 'CS_short': False, 'C1': True, 'CT_plus_canonical_strike': False, 'CT_plus_proxy_strike': True}",BLOCKED_DATA,,0.001999998,-1.001999998,0.0,0.999999,0.0,-0.999999,,False,False,False
3988732_2026-08-31T02:25:39.948461+00:00,3988732,BTC,2026-08-31,2026-08-31T02:25:39.948461+00:00,4.33,0.1,0.11,0.11,0.01,NO,0,True,OTHER_TRAJECTORY,REVERSION,0.36,0.5833,-0.4332,UNCERTAIN,0.4416,UNCERTAIN,STALE_UNDERLYING,77832.0,77952.81,False,9.0909,-1.0,0.002,-1.002,CT-only,,"{'C0': True, 'CT': True, 'CS': False, 'CS_short': False, 'C1': True, 'CT_plus_canonical_strike': False, 'CT_plus_proxy_strike': False}",BLOCKED_DATA,,0.001999998,-1.001999998,0.0,0.999999,0.0,-0.999999,,False,False,False
3989202_2026-08-31T03:55:40.131187+00:00,3989202,BTC,2026-08-31,2026-08-31T03:55:40.131187+00:00,4.33,0.15,0.16,0.16,0.01,NO,0,True,FORMER_FAVORITE,REVERSION,0.3402,0.5833,-0.5603,REVERSION,0.257,UNCERTAIN,STALE_UNDERLYING,77786.28,77818.31,False,6.25,-1.0,0.002,-1.002,Both,,"{'C0': True, 'CT': True, 'CS': True, 'CS_short': False, 'C1': True, 'CT_plus_canonical_strike': False, 'CT_plus_proxy_strike': False}",BLOCKED_DATA,,0.002,-1.002,0.0,1.0,0.0,-1.0,,False,False,False
3999041_2026-08-31T11:40:40.080854+00:00,3999041,BTC,2026-08-31,2026-08-31T11:40:40.080854+00:00,4.33,0.15,0.16,0.16,0.01,NO,0,True,OTHER_TRAJECTORY,REVERSION,0.2991,0.6667,-0.3308,TREND,1.0,UNCERTAIN,STALE_UNDERLYING,78424.0,78480.09,True,6.25,-1.0,0.002,-1.002,CT-only,,"{'C0': True, 'CT': True, 'CS': False, 'CS_short': False, 'C1': True, 'CT_plus_canonical_strike': False, 'CT_plus_proxy_strike': True}",BLOCKED_DATA,,0.002,-1.002,0.0,1.0,0.0,-1.0,,False,False,False
3999887_2026-08-31T11:55:39.850490+00:00,3999887,BTC,2026-08-31,2026-08-31T11:55:39.850490+00:00,4.34,0.14,0.15,0.15,0.01,NO,0,True,FORMER_FAVORITE,REVERSION,0.3704,0.6667,-0.3872,TREND,1.0,UNCERTAIN,STALE_UNDERLYING,78302.1,78387.86,True,6.6667,-1.0,0.002,-1.002,CT-only,,"{'C0': True, 'CT': True, 'CS': False, 'CS_short': False, 'C1': True, 'CT_plus_canonical_strike': False, 'CT_plus_proxy_strike': True}",BLOCKED_DATA,,0.0020000099999999995,-1.00200001,0.0,1.0000049999999998,0.0,-1.0000049999999998,,False,False,False
4001259_2026-08-31T12:55:40.008199+00:00,4001259,BTC,2026-08-31,2026-08-31T12:55:40.008199+00:00,4.33,0.25,0.26,0.26,0.01,YES,1,True,FORMER_FAVORITE,REVERSION,0.1951,0.6154,-0.2857,UNCERTAIN,0.5764,UNCERTAIN,STALE_UNDERLYING,77844.0,77885.55,True,3.8462,2.8462,0.002,2.8442,CT-only,,"{'C0': True, 'CT': True, 'CS': False, 'CS_short': False, 'C1': True, 'CT_plus_canonical_strike': False, 'CT_plus_proxy_strike': True}",BLOCKED_DATA,,0.0020000240000000004,2.844199976,0.0,1.0000120000000001,3.8462,2.8461879999999997,,True,True,False
4002005_2026-08-31T13:55:39.845124+00:00,4002005,BTC,2026-08-31,2026-08-31T13:55:39.845124+00:00,4.34,0.1,0.11,0.11,0.01,NO,0,True,OTHER_TRAJECTORY,REVERSION,0.3204,0.6154,-0.5285,UNCERTAIN,0.462,UNCERTAIN,STALE_UNDERLYING,77842.62,78000.01,False,9.0909,-1.0,0.002,-1.002,CT-only,,"{'C0': True, 'CT': True, 'CS': False, 'CS_short': False, 'C1': True, 'CT_plus_canonical_strike': False, 'CT_plus_proxy_strike': False}",BLOCKED_DATA,,0.001999998,-1.001999998,0.0,0.999999,0.0,-0.999999,,False,False,False
4002579_2026-08-31T14:25:40.235303+00:00,4002579,BTC,2026-08-31,2026-08-31T14:25:40.235303+00:00,4.33,0.11,0.12,0.12,0.01,YES,1,True,FORMER_FAVORITE,REVERSION,0.1719,0.5833,-0.1526,REVERSION,0.148,UNCERTAIN,STALE_UNDERLYING,77794.01,77902.01,True,8.3333,7.3333,0.002,7.3313,Both,,"{'C0': True, 'CT': True, 'CS': True, 'CS_short': False, 'C1': True, 'CT_plus_canonical_strike': False, 'CT_plus_proxy_strike': True}",BLOCKED_DATA,,0.001999992,7.331300008,0.0,0.9999959999999999,8.3333,7.333304,,True,True,False
4004629_2026-08-31T16:40:39.802447+00:00,4004629,BTC,2026-08-31,2026-08-31T16:40:39.802447+00:00,4.34,0.33,0.34,0.34,0.01,YES,1,True,FORMER_FAVORITE,REVERSION,0.1553,0.75,-0.358,REVERSION,0.3107,UNCERTAIN,STALE_UNDERLYING,78599.19,78647.2,False,2.9412,1.9412,0.002,1.9392,Both,,"{'C0': True, 'CT': True, 'CS': True, 'CS_short': False, 'C1': True, 'CT_plus_canonical_strike': False, 'CT_plus_proxy_strike': False}",BLOCKED_DATA,,0.002000016,1.939199984,0.0,1.000008,2.9412,1.9411919999999998,,True,True,False
4007862_2026-08-31T18:10:43.517047+00:00,4007862,BTC,2026-08-31,2026-08-31T18:10:43.517047+00:00,4.27,0.09,0.1,0.1,0.01,YES,1,True,PERSISTENT_CHEAP,REVERSION,0.3404,0.7692,-0.4253,REVERSION,0.22,UNCERTAIN,STALE_UNDERLYING,78848.0,78897.35,False,10.0,9.0,0.002,8.998,Both,,"{'C0': True, 'CT': True, 'CS': True, 'CS_short': False, 'C1': True, 'CT_plus_canonical_strike': False, 'CT_plus_proxy_strike': False}",BLOCKED_DATA,,0.002,8.998,0.0,1.0,10.0,9.0,,True,True,False
4008308_2026-08-31T18:55:39.977958+00:00,4008308,BTC,2026-08-31,2026-08-31T18:55:39.977958+00:00,4.33,0.01,0.02,0.02,0.01,NO,0,True,PERSISTENT_CHEAP,REVERSION,0.359,0.6667,-0.3514,UNCERTAIN,0.2127,UNCERTAIN,STALE_UNDERLYING,79010.0,79188.08,False,50.0,-1.0,0.002,-1.002,CT-only,,"{'C0': True, 'CT': True, 'CS': False, 'CS_short': False, 'C1': True, 'CT_plus_canonical_strike': False, 'CT_plus_proxy_strike': False}",BLOCKED_DATA,,0.002,-1.002,0.0,1.0,0.0,-1.0,,False,False,False
4013294_2026-08-31T21:55:39.797935+00:00,4013294,BTC,2026-08-31,2026-08-31T21:55:39.797935+00:00,4.34,0.12,0.13,0.13,0.01,NO,0,True,FORMER_FAVORITE,REVERSION,0.3895,0.5385,-0.3658,REVERSION,0.1757,UNCERTAIN,STALE_UNDERLYING,78993.17,79054.0,False,7.6923,-1.0,0.002,-1.002,Both,,"{'C0': True, 'CT': True, 'CS': True, 'CS_short': False, 'C1': True, 'CT_plus_canonical_strike': False, 'CT_plus_proxy_strike': False}",BLOCKED_DATA,,0.0019999980000000002,-1.001999998,0.0,0.9999990000000001,0.0,-0.9999990000000001,,False,False,False
4016352_2026-09-01T03:25:39.879563+00:00,4016352,BTC,2026-09-01,2026-09-01T03:25:39.879563+00:00,4.34,0.25,0.26,0.26,0.01,YES,1,True,FORMER_FAVORITE,REVERSION,0.2522,0.75,-0.1286,REVERSION,0.0232,UNCERTAIN,STALE_UNDERLYING,78445.0,78430.86,True,3.8462,2.8462,0.002,2.8442,Both,,"{'C0': True, 'CT': True, 'CS': True, 'CS_short': False, 'C1': True, 'CT_plus_canonical_strike': False, 'CT_plus_proxy_strike': True}",BLOCKED_DATA,,0.0020000240000000004,2.844199976,0.0,1.0000120000000001,3.8462,2.8461879999999997,,True,True,False
4022619_2026-09-01T09:40:20.723948+00:00,4022619,BTC,2026-09-01,2026-09-01T09:40:20.723948+00:00,4.65,0.29,0.3,0.3,0.01,YES,1,True,FORMER_FAVORITE,REVERSION,0.1407,0.5455,-0.1162,REVERSION,0.3563,UNCERTAIN,STALE_UNDERLYING,77919.13,77931.3,False,3.3333,2.3333,0.002,2.3313,Both,,"{'C0': True, 'CT': True, 'CS': True, 'CS_short': False, 'C1': True, 'CT_plus_canonical_strike': False, 'CT_plus_proxy_strike': False}",BLOCKED_DATA,,0.0019999799999999997,2.33130002,0.0,0.9999899999999999,3.3333,2.33331,,True,True,False
4024248_2026-09-01T11:25:21.024561+00:00,4024248,BTC,2026-09-01,2026-09-01T11:25:21.024561+00:00,4.65,0.29,0.3,0.3,0.01,YES,1,True,FORMER_FAVORITE,REVERSION,0.2545,0.6364,-0.0958,UNCERTAIN,0.47,UNCERTAIN,STALE_UNDERLYING,77970.52,77989.14,True,3.3333,2.3333,0.002,2.3313,CT-only,,"{'C0': True, 'CT': True, 'CS': False, 'CS_short': False, 'C1': True, 'CT_plus_canonical_strike': False, 'CT_plus_proxy_strike': True}",BLOCKED_DATA,,0.0019999799999999997,2.33130002,0.0,0.9999899999999999,3.3333,2.33331,,True,True,False
4040302_2026-09-01T19:40:33.612458+00:00,4040302,BTC,2026-09-01,2026-09-01T19:40:33.612458+00:00,4.44,0.24,0.25,0.25,0.01,NO,0,True,OTHER_TRAJECTORY,REVERSION,0.3165,0.4615,-0.0733,UNCERTAIN,0.4882,UNCERTAIN,STALE_UNDERLYING,77308.01,77362.45,False,4.0,-1.0,0.002,-1.002,CT-only,,"{'C0': True, 'CT': True, 'CS': False, 'CS_short': False, 'C1': True, 'CT_plus_canonical_strike': False, 'CT_plus_proxy_strike': False}",BLOCKED_DATA,,0.002,-1.002,0.0,1.0,0.0,-1.0,,False,False,False
4048108_2026-09-02T00:55:30.047507+00:00,4048108,BTC,2026-09-02,2026-09-02T00:55:30.047507+00:00,4.5,0.13,0.14,0.14,0.01,NO,0,True,OTHER_TRAJECTORY,REVERSION,0.3451,0.6667,-0.6344,UNCERTAIN,0.5198,UNCERTAIN,STALE_UNDERLYING,77182.8,77229.31,True,7.1429,-1.0,0.002,-1.002,CT-only,,"{'C0': True, 'CT': True, 'CS': False, 'CS_short': False, 'C1': True, 'CT_plus_canonical_strike': False, 'CT_plus_proxy_strike': True}",BLOCKED_DATA,,0.0020000120000000002,-1.002000012,0.0,1.0000060000000002,0.0,-1.0000060000000002,,False,False,False
4048387_2026-09-02T01:25:30.253342+00:00,4048387,BTC,2026-09-02,2026-09-02T01:25:30.253342+00:00,4.5,0.21,0.22,0.22,0.01,NO,0,True,FORMER_FAVORITE,REVERSION,0.1505,0.6154,-0.3632,TREND,0.6364,UNCERTAIN,STALE_UNDERLYING,77348.0,77351.46,False,4.5455,-1.0,0.002,-1.002,CT-only,,"{'C0': True, 'CT': True, 'CS': False, 'CS_short': False, 'C1': True, 'CT_plus_canonical_strike': False, 'CT_plus_proxy_strike': False}",BLOCKED_DATA,,0.00200002,-1.00200002,0.0,1.0000099999999998,0.0,-1.0000099999999998,,False,False,False
4054419_2026-09-02T07:25:30.119651+00:00,4054419,BTC,2026-09-02,2026-09-02T07:25:30.119651+00:00,4.5,0.08,0.09,0.09,0.01,NO,0,True,FORMER_FAVORITE,REVERSION,0.3065,0.4615,-0.104,REVERSION,0.2187,UNCERTAIN,STALE_UNDERLYING,77634.0,77670.99,False,11.1111,-1.0,0.002,-1.002,Both,,"{'C0': True, 'CT': True, 'CS': True, 'CS_short': False, 'C1': True, 'CT_plus_canonical_strike': False, 'CT_plus_proxy_strike': False}",BLOCKED_DATA,,0.001999998,-1.001999998,0.0,0.999999,0.0,-0.999999,,False,False,False
4063461_2026-09-02T16:55:30.315132+00:00,4063461,BTC,2026-09-02,2026-09-02T16:55:30.315132+00:00,4.49,0.32,0.33,0.33,0.01,NO,0,True,FORMER_FAVORITE,REVERSION,0.1176,0.7,-0.4408,UNCERTAIN,0.5119,UNCERTAIN,STALE_UNDERLYING,77265.25,77264.29,True,3.0303,-1.0,0.002,-1.002,CT-only,,"{'C0': True, 'CT': True, 'CS': False, 'CS_short': False, 'C1': True, 'CT_plus_canonical_strike': False, 'CT_plus_proxy_strike': True}",BLOCKED_DATA,,0.0019999980000000002,-1.001999998,0.0,0.9999990000000001,0.0,-0.9999990000000001,,False,False,False
4063586_2026-09-02T17:10:30.221646+00:00,4063586,BTC,2026-09-02,2026-09-02T17:10:30.221646+00:00,4.5,0.16,0.18,0.18,0.02,NO,0,True,FORMER_FAVORITE,REVERSION,0.3583,0.5385,-0.2636,TREND,0.6152,UNCERTAIN,STALE_UNDERLYING,77108.91,77171.51,True,5.5556,-1.0,0.002,-1.002,CT-only,,"{'C0': True, 'CT': True, 'CS': False, 'CS_short': False, 'C1': True, 'CT_plus_canonical_strike': False, 'CT_plus_proxy_strike': True}",BLOCKED_DATA,,0.002000016,-1.002000016,0.0,1.000008,0.0,-1.000008,,False,False,False
4096511_2026-09-03T00:55:15.675671+00:00,4096511,BTC,2026-09-03,2026-09-03T00:55:15.675671+00:00,4.74,0.32,0.33,0.33,0.01,NO,0,True,FORMER_FAVORITE,REVERSION,0.1429,0.6364,-0.3989,UNCERTAIN,0.4009,UNCERTAIN,STALE_UNDERLYING,77090.0,77109.48,False,3.0303,-1.0,0.002,-1.002,CT-only,,"{'C0': True, 'CT': True, 'CS': False, 'CS_short': False, 'C1': True, 'CT_plus_canonical_strike': False, 'CT_plus_proxy_strike': False}",BLOCKED_DATA,,0.0019999980000000002,-1.001999998,0.0,0.9999990000000001,0.0,-0.9999990000000001,,False,False,False
4103120_2026-09-03T03:25:15.672947+00:00,4103120,BTC,2026-09-03,2026-09-03T03:25:15.672947+00:00,4.74,0.11,0.12,0.12,0.01,NO,0,True,FORMER_FAVORITE,REVERSION,0.1736,0.5,-0.2015,UNCERTAIN,0.1353,UNCERTAIN,STALE_UNDERLYING,77764.25,77834.01,False,8.3333,-1.0,0.002,-1.002,CT-only,,"{'C0': True, 'CT': True, 'CS': False, 'CS_short': False, 'C1': True, 'CT_plus_canonical_strike': False, 'CT_plus_proxy_strike': False}",BLOCKED_DATA,,0.001999992,-1.001999992,0.0,0.9999959999999999,0.0,-0.9999959999999999,,False,False,False
4113699_2026-09-03T06:55:15.867404+00:00,4113699,BTC,2026-09-03,2026-09-03T06:55:15.867404+00:00,4.74,0.29,0.3,0.3,0.01,YES,1,True,FORMER_FAVORITE,REVERSION,0.0909,0.6667,-0.3772,REVERSION,0.1802,UNCERTAIN,STALE_UNDERLYING,77782.37,77828.66,False,3.3333,2.3333,0.002,2.3313,Both,,"{'C0': True, 'CT': True, 'CS': True, 'CS_short': False, 'C1': True, 'CT_plus_canonical_strike': False, 'CT_plus_proxy_strike': False}",BLOCKED_DATA,,0.0019999799999999997,2.33130002,0.0,0.9999899999999999,3.3333,2.33331,,True,True,False
4117184_2026-09-03T09:25:15.509618+00:00,4117184,BTC,2026-09-03,2026-09-03T09:25:15.509618+00:00,4.74,0.26,0.27,0.27,0.01,NO,0,True,FORMER_FAVORITE,REVERSION,0.215,0.4545,-0.0925,REVERSION,0.0907,UNCERTAIN,STALE_UNDERLYING,77831.27,77874.36,False,3.7037,-1.0,0.002,-1.002,Both,,"{'C0': True, 'CT': True, 'CS': True, 'CS_short': False, 'C1': True, 'CT_plus_canonical_strike': False, 'CT_plus_proxy_strike': False}",BLOCKED_DATA,,0.0019999980000000002,-1.001999998,0.0,0.9999990000000001,0.0,-0.9999990000000001,,False,False,False
4117916_2026-09-03T09:40:15.979518+00:00,4117916,BTC,2026-09-03,2026-09-03T09:40:15.979518+00:00,4.73,0.22,0.23,0.23,0.01,NO,0,True,FORMER_FAVORITE,REVERSION,0.2039,0.8333,-0.1558,TREND,0.9317,UNCERTAIN,STALE_UNDERLYING,77723.42,77742.66,True,4.3478,-1.0,0.002,-1.002,CT-only,,"{'C0': True, 'CT': True, 'CS': False, 'CS_short': False, 'C1': True, 'CT_plus_canonical_strike': False, 'CT_plus_proxy_strike': True}",BLOCKED_DATA,,0.0019999880000000003,-1.001999988,0.0,0.9999940000000002,0.0,-0.9999940000000002,,False,False,False
4120581_2026-09-03T10:40:15.547772+00:00,4120581,BTC,2026-09-03,2026-09-03T10:40:15.547772+00:00,4.74,0.05,0.06,0.06,0.01,NO,0,True,FORMER_FAVORITE,REVERSION,0.3488,0.7,-0.2249,REVERSION,0.0585,UNCERTAIN,STALE_UNDERLYING,77547.03,77630.97,False,16.6667,-1.0,0.002,-1.002,Both,,"{'C0': True, 'CT': True, 'CS': True, 'CS_short': False, 'C1': True, 'CT_plus_canonical_strike': False, 'CT_plus_proxy_strike': False}",BLOCKED_DATA,,0.0020000039999999997,-1.002000004,0.0,1.0000019999999998,0.0,-1.0000019999999998,,False,False,False
4175048_2026-09-03T21:25:15.901855+00:00,4175048,BTC,2026-09-03,2026-09-03T21:25:15.901855+00:00,4.73,0.18,0.19,0.19,0.01,YES,1,True,FORMER_FAVORITE,REVERSION,0.1533,0.6667,-0.1689,REVERSION,0.1668,UNCERTAIN,STALE_UNDERLYING,81536.08,81598.01,False,5.2632,4.2632,0.002,4.2612,Both,,"{'C0': True, 'CT': True, 'CS': True, 'CS_short': False, 'C1': True, 'CT_plus_canonical_strike': False, 'CT_plus_proxy_strike': False}",BLOCKED_DATA,,0.002000016,4.261199984,0.0,1.000008,5.2632,4.263192,,True,True,False
4176169_2026-09-03T22:25:15.490060+00:00,4176169,BTC,2026-09-03,2026-09-03T22:25:15.490060+00:00,4.74,0.07,0.08,0.08,0.01,NO,0,True,FORMER_FAVORITE,REVERSION,0.3729,0.5,-0.1641,TREND,1.0,UNCERTAIN,STALE_UNDERLYING,81286.0,81378.35,True,12.5,-1.0,0.002,-1.002,CT-only,,"{'C0': True, 'CT': True, 'CS': False, 'CS_short': False, 'C1': True, 'CT_plus_canonical_strike': False, 'CT_plus_proxy_strike': True}",BLOCKED_DATA,,0.002,-1.002,0.0,1.0,0.0,-1.0,,False,False,False
4178367_2026-09-04T00:10:17.197613+00:00,4178367,BTC,2026-09-04,2026-09-04T00:10:17.197613+00:00,4.71,0.3,0.31,0.31,0.01,NO,0,True,OTHER_TRAJECTORY,REVERSION,0.1042,0.6364,-0.2035,REVERSION,0.0574,UNCERTAIN,STALE_UNDERLYING,81219.51,81270.37,False,3.2258,-1.0,0.002,-1.002,Both,,"{'C0': True, 'CT': True, 'CS': True, 'CS_short': False, 'C1': True, 'CT_plus_canonical_strike': False, 'CT_plus_proxy_strike': False}",BLOCKED_DATA,,0.001999996,-1.001999996,0.0,0.9999979999999999,0.0,-0.9999979999999999,,False,False,False
4180227_2026-09-04T03:25:15.653018+00:00,4180227,BTC,2026-09-04,2026-09-04T03:25:15.653018+00:00,4.74,0.15,0.16,0.16,0.01,NO,0,True,OTHER_TRAJECTORY,REVERSION,0.3333,0.8333,-0.4107,UNCERTAIN,0.4498,UNCERTAIN,STALE_UNDERLYING,80925.49,80931.78,False,6.25,-1.0,0.002,-1.002,CT-only,,"{'C0': True, 'CT': True, 'CS': False, 'CS_short': False, 'C1': True, 'CT_plus_canonical_strike': False, 'CT_plus_proxy_strike': False}",BLOCKED_DATA,,0.002,-1.002,0.0,1.0,0.0,-1.0,,False,False,False
4180271_2026-09-04T03:40:15.788266+00:00,4180271,BTC,2026-09-04,2026-09-04T03:40:15.788266+00:00,4.74,0.38,0.39,0.39,0.01,YES,1,True,FORMER_FAVORITE,REVERSION,0.1298,0.5,-0.1715,UNCERTAIN,0.5872,UNCERTAIN,STALE_UNDERLYING,80840.0,80842.0,True,2.5641,1.5641,0.002,1.5621,CT-only,,"{'C0': True, 'CT': True, 'CS': False, 'CS_short': False, 'C1': True, 'CT_plus_canonical_strike': False, 'CT_plus_proxy_strike': True}",BLOCKED_DATA,,0.001999998,1.562100002,0.0,0.999999,2.5641,1.564101,,True,True,False
4182463_2026-09-04T05:10:15.825583+00:00,4182463,BTC,2026-09-04,2026-09-04T05:10:15.825583+00:00,4.74,0.32,0.33,0.33,0.01,NO,0,True,FORMER_FAVORITE,REVERSION,0.037,0.7273,-0.3179,REVERSION,0.161,UNCERTAIN,STALE_UNDERLYING,81061.51,81070.54,False,3.0303,-1.0,0.002,-1.002,Both,,"{'C0': True, 'CT': True, 'CS': True, 'CS_short': False, 'C1': True, 'CT_plus_canonical_strike': False, 'CT_plus_proxy_strike': False}",BLOCKED_DATA,,0.0019999980000000002,-1.001999998,0.0,0.9999990000000001,0.0,-0.9999990000000001,,False,False,False
4184439_2026-09-04T07:55:15.588216+00:00,4184439,BTC,2026-09-04,2026-09-04T07:55:15.588216+00:00,4.74,0.08,0.09,0.09,0.01,NO,0,True,OTHER_TRAJECTORY,REVERSION,0.3125,0.5833,-0.2525,TREND,1.0,UNCERTAIN,STALE_UNDERLYING,80690.35,80769.92,True,11.1111,-1.0,0.002,-1.002,CT-only,,"{'C0': True, 'CT': True, 'CS': False, 'CS_short': False, 'C1': True, 'CT_plus_canonical_strike': False, 'CT_plus_proxy_strike': True}",BLOCKED_DATA,,0.001999998,-1.001999998,0.0,0.999999,0.0,-0.999999,,False,False,False
4186724_2026-09-04T11:40:15.860555+00:00,4186724,BTC,2026-09-04,2026-09-04T11:40:15.860555+00:00,4.74,0.06,0.07,0.07,0.01,NO,0,True,PERSISTENT_CHEAP,REVERSION,0.2963,0.6364,-0.2424,REVERSION,0.3498,UNCERTAIN,STALE_UNDERLYING,81291.58,81336.2,False,14.2857,-1.0,0.002,-1.002,Both,,"{'C0': True, 'CT': True, 'CS': True, 'CS_short': False, 'C1': True, 'CT_plus_canonical_strike': False, 'CT_plus_proxy_strike': False}",BLOCKED_DATA,,0.0019999980000000002,-1.001999998,0.0,0.9999990000000001,0.0,-0.9999990000000001,,False,False,False
4187479_2026-09-04T12:25:15.719434+00:00,4187479,BTC,2026-09-04,2026-09-04T12:25:15.719434+00:00,4.74,0.35,0.37,0.37,0.02,YES,1,True,OTHER_TRAJECTORY,REVERSION,0.0703,0.75,-0.387,REVERSION,0.0404,UNCERTAIN,STALE_UNDERLYING,81216.99,81250.38,False,2.7027,1.7027,0.002,1.7007,Both,,"{'C0': True, 'CT': True, 'CS': True, 'CS_short': False, 'C1': True, 'CT_plus_canonical_strike': False, 'CT_plus_proxy_strike': False}",BLOCKED_DATA,,0.001999998,1.700700002,0.0,0.999999,2.7027,1.7027010000000002,,True,True,False
4187944_2026-09-04T13:10:15.901222+00:00,4187944,BTC,2026-09-04,2026-09-04T13:10:15.901222+00:00,4.73,0.16,0.17,0.17,0.01,NO,0,True,FORMER_FAVORITE,REVERSION,0.2331,0.4545,-0.1668,UNCERTAIN,0.5431,UNCERTAIN,STALE_UNDERLYING,79293.59,79453.95,True,5.8824,-1.0,0.002,-1.002,CT-only,,"{'C0': True, 'CT': True, 'CS': False, 'CS_short': False, 'C1': True, 'CT_plus_canonical_strike': False, 'CT_plus_proxy_strike': True}",BLOCKED_DATA,,0.002000016,-1.002000016,0.0,1.000008,0.0,-1.000008,,False,False,False
4190550_2026-09-04T15:55:15.688608+00:00,4190550,BTC,2026-09-04,2026-09-04T15:55:15.688608+00:00,4.74,0.2,0.21,0.21,0.01,NO,0,True,OTHER_TRAJECTORY,REVERSION,0.2679,0.6,-0.2129,REVERSION,0.0441,UNCERTAIN,STALE_UNDERLYING,79430.81,79520.96,False,4.7619,-1.0,0.002,-1.002,Both,,"{'C0': True, 'CT': True, 'CS': True, 'CS_short': False, 'C1': True, 'CT_plus_canonical_strike': False, 'CT_plus_proxy_strike': False}",BLOCKED_DATA,,0.001999998,-1.001999998,0.0,0.999999,0.0,-0.999999,,False,False,False
4250653_2026-09-06T15:55:15.818957+00:00,4250653,BTC,2026-09-06,2026-09-06T15:55:15.818957+00:00,4.74,0.36,0.37,0.37,0.01,YES,1,True,FORMER_FAVORITE,REVERSION,0.1778,0.7778,-0.1571,UNCERTAIN,0.1816,UNCERTAIN,STALE_UNDERLYING,79656.23,79692.0,False,2.7027,1.7027,0.002,1.7007,CT-only,,"{'C0': True, 'CT': True, 'CS': False, 'CS_short': False, 'C1': True, 'CT_plus_canonical_strike': False, 'CT_plus_proxy_strike': False}",BLOCKED_DATA,,0.001999998,1.700700002,0.0,0.999999,2.7027,1.7027010000000002,,True,True,False
4253280_2026-09-06T17:55:31.892803+00:00,4253280,BTC,2026-09-06,2026-09-06T17:55:31.892803+00:00,4.47,0.29,0.3,0.3,0.01,NO,0,True,FORMER_FAVORITE,REVERSION,0.1778,0.5385,-0.1158,TREND,0.7845,UNCERTAIN,STALE_UNDERLYING,79745.19,79748.22,False,3.3333,-1.0,0.002,-1.002,CT-only,,"{'C0': True, 'CT': True, 'CS': False, 'CS_short': False, 'C1': True, 'CT_plus_canonical_strike': False, 'CT_plus_proxy_strike': False}",BLOCKED_DATA,,0.0019999799999999997,-1.00199998,0.0,0.9999899999999999,0.0,-0.9999899999999999,,False,False,False
4254714_2026-09-06T18:55:31.802349+00:00,4254714,BTC,2026-09-06,2026-09-06T18:55:31.802349+00:00,4.47,0.24,0.25,0.25,0.01,YES,1,True,OTHER_TRAJECTORY,REVERSION,0.2449,0.6154,-0.2183,UNCERTAIN,0.0578,UNCERTAIN,STALE_UNDERLYING,79920.45,79953.07,False,4.0,3.0,0.002,2.998,CT-only,,"{'C0': True, 'CT': True, 'CS': False, 'CS_short': False, 'C1': True, 'CT_plus_canonical_strike': False, 'CT_plus_proxy_strike': False}",BLOCKED_DATA,,0.002,2.998,0.0,1.0,4.0,3.0,,True,True,False
4260121_2026-09-06T20:40:31.604624+00:00,4260121,BTC,2026-09-06,2026-09-06T20:40:31.604624+00:00,4.47,0.38,0.39,0.39,0.01,YES,1,True,FORMER_FAVORITE,REVERSION,0.0727,0.75,-0.3226,TREND,0.8395,UNCERTAIN,STALE_UNDERLYING,79940.01,79934.0,False,2.5641,1.5641,0.002,1.5621,CT-only,,"{'C0': True, 'CT': True, 'CS': False, 'CS_short': False, 'C1': True, 'CT_plus_canonical_strike': False, 'CT_plus_proxy_strike': False}",BLOCKED_DATA,,0.001999998,1.562100002,0.0,0.999999,2.5641,1.564101,,True,True,False
4266150_2026-09-06T21:40:31.753619+00:00,4266150,BTC,2026-09-06,2026-09-06T21:40:31.753619+00:00,4.47,0.33,0.34,0.34,0.01,NO,0,True,FORMER_FAVORITE,REVERSION,0.2812,0.6667,-0.187,TREND,0.8017,UNCERTAIN,STALE_UNDERLYING,79902.62,79907.72,True,2.9412,-1.0,0.002,-1.002,CT-only,,"{'C0': True, 'CT': True, 'CS': False, 'CS_short': False, 'C1': True, 'CT_plus_canonical_strike': False, 'CT_plus_proxy_strike': True}",BLOCKED_DATA,,0.002000016,-1.002000016,0.0,1.000008,0.0,-1.000008,,False,False,False
4271300_2026-09-07T00:40:31.609632+00:00,4271300,BTC,2026-09-07,2026-09-07T00:40:31.609632+00:00,4.47,0.2,0.21,0.21,0.01,NO,0,True,FORMER_FAVORITE,REVERSION,0.2358,0.5385,-0.1396,UNCERTAIN,0.4124,UNCERTAIN,STALE_UNDERLYING,80164.84,80199.89,False,4.7619,-1.0,0.002,-1.002,CT-only,,"{'C0': True, 'CT': True, 'CS': False, 'CS_short': False, 'C1': True, 'CT_plus_canonical_strike': False, 'CT_plus_proxy_strike': False}",BLOCKED_DATA,,0.001999998,-1.001999998,0.0,0.999999,0.0,-0.999999,,False,False,False
4278408_2026-09-07T06:40:25.725434+00:00,4278408,BTC,2026-09-07,2026-09-07T06:40:25.725434+00:00,4.57,0.35,0.36,0.36,0.01,NO,0,True,FORMER_FAVORITE,REVERSION,0.3023,0.5833,-0.3085,UNCERTAIN,0.5871,UNCERTAIN,STALE_UNDERLYING,79700.0,79717.44,True,2.7778,-1.0,0.002,-1.002,CT-only,,"{'C0': True, 'CT': True, 'CS': False, 'CS_short': False, 'C1': True, 'CT_plus_canonical_strike': False, 'CT_plus_proxy_strike': True}",BLOCKED_DATA,,0.002000016,-1.002000016,0.0,1.000008,0.0,-1.000008,,False,False,False
4280571_2026-09-07T08:40:05.999197+00:00,4280571,BTC,2026-09-07,2026-09-07T08:40:05.999197+00:00,4.9,0.3,0.31,0.31,0.01,YES,1,True,FORMER_FAVORITE,REVERSION,0.2955,0.5833,-0.0888,REVERSION,0.1541,UNCERTAIN,STALE_UNDERLYING,79434.0,79466.13,True,3.2258,2.2258,0.002,2.2238,Both,,"{'C0': True, 'CT': True, 'CS': True, 'CS_short': False, 'C1': True, 'CT_plus_canonical_strike': False, 'CT_plus_proxy_strike': True}",BLOCKED_DATA,,0.001999996,2.223800004,0.0,0.9999979999999999,3.2258,2.225802,,True,True,False
4281662_2026-09-07T08:55:05.972617+00:00,4281662,BTC,2026-09-07,2026-09-07T08:55:05.972617+00:00,4.9,0.12,0.13,0.13,0.01,NO,0,True,FORMER_FAVORITE,REVERSION,0.3514,0.6667,-0.3511,REVERSION,0.1799,UNCERTAIN,STALE_UNDERLYING,79429.95,79480.62,False,7.6923,-1.0,0.002,-1.002,Both,,"{'C0': True, 'CT': True, 'CS': True, 'CS_short': False, 'C1': True, 'CT_plus_canonical_strike': False, 'CT_plus_proxy_strike': False}",BLOCKED_DATA,,0.0019999980000000002,-1.001999998,0.0,0.9999990000000001,0.0,-0.9999990000000001,,False,False,False
4283740_2026-09-07T10:40:05.877093+00:00,4283740,BTC,2026-09-07,2026-09-07T10:40:05.877093+00:00,4.9,0.38,0.39,0.39,0.01,YES,1,True,FORMER_FAVORITE,REVERSION,0.0722,0.5,-0.1224,REVERSION,0.2327,UNCERTAIN,STALE_UNDERLYING,79404.07,79421.76,False,2.5641,1.5641,0.002,1.5621,Both,,"{'C0': True, 'CT': True, 'CS': True, 'CS_short': False, 'C1': True, 'CT_plus_canonical_strike': False, 'CT_plus_proxy_strike': False}",BLOCKED_DATA,,0.001999998,1.562100002,0.0,0.999999,2.5641,1.564101,,True,True,False
4284951_2026-09-07T11:40:30.859686+00:00,4284951,BTC,2026-09-07,2026-09-07T11:40:30.859686+00:00,4.49,0.18,0.19,0.19,0.01,NO,0,True,FORMER_FAVORITE,REVERSION,0.2161,0.5833,-0.3528,REVERSION,0.0223,UNCERTAIN,STALE_UNDERLYING,79414.03,79445.72,False,5.2632,-1.0,0.002,-1.002,Both,,"{'C0': True, 'CT': True, 'CS': True, 'CS_short': False, 'C1': True, 'CT_plus_canonical_strike': False, 'CT_plus_proxy_strike': False}",BLOCKED_DATA,,0.002000016,-1.002000016,0.0,1.000008,0.0,-1.000008,,False,False,False
4290362_2026-09-07T14:40:31.016050+00:00,4290362,BTC,2026-09-07,2026-09-07T14:40:31.016050+00:00,4.48,0.26,0.27,0.27,0.01,NO,0,True,FORMER_FAVORITE,REVERSION,0.2061,0.4615,-0.2422,TREND,1.0,UNCERTAIN,STALE_UNDERLYING,79040.01,79053.79,True,3.7037,-1.0,0.002,-1.002,CT-only,,"{'C0': True, 'CT': True, 'CS': False, 'CS_short': False, 'C1': True, 'CT_plus_canonical_strike': False, 'CT_plus_proxy_strike': True}",BLOCKED_DATA,,0.0019999980000000002,-1.001999998,0.0,0.9999990000000001,0.0,-0.9999990000000001,,False,False,False
4297351_2026-09-07T17:25:05.413463+00:00,4297351,BTC,2026-09-07,2026-09-07T17:25:05.413463+00:00,4.91,0.25,0.26,0.26,0.01,NO,0,True,FORMER_FAVORITE,REVERSION,0.0741,0.6667,-0.2706,UNCERTAIN,0.5474,UNCERTAIN,STALE_UNDERLYING,79117.28,79152.0,False,3.8462,-1.0,0.002,-1.002,CT-only,,"{'C0': True, 'CT': True, 'CS': False, 'CS_short': False, 'C1': True, 'CT_plus_canonical_strike': False, 'CT_plus_proxy_strike': False}",BLOCKED_DATA,,0.0020000240000000004,-1.002000024,0.0,1.0000120000000001,0.0,-1.0000120000000001,,False,False,False
4299855_2026-09-07T18:40:05.200966+00:00,4299855,BTC,2026-09-07,2026-09-07T18:40:05.200966+00:00,4.91,0.16,0.17,0.17,0.01,YES,1,True,OTHER_TRAJECTORY,REVERSION,0.3608,0.8333,-0.312,UNCERTAIN,0.5637,UNCERTAIN,STALE_UNDERLYING,79108.01,79141.91,True,5.8824,4.8824,0.002,4.8804,CT-only,,"{'C0': True, 'CT': True, 'CS': False, 'CS_short': False, 'C1': True, 'CT_plus_canonical_strike': False, 'CT_plus_proxy_strike': True}",BLOCKED_DATA,,0.002000016,4.880399983999999,0.0,1.000008,5.8824,4.882391999999999,,True,True,False
4315322_2026-09-08T01:40:05.467470+00:00,4315322,BTC,2026-09-08,2026-09-08T01:40:05.467470+00:00,4.91,0.05,0.06,0.06,0.01,NO,0,True,OTHER_TRAJECTORY,REVERSION,0.3333,0.5,-0.1445,UNCERTAIN,0.1455,UNCERTAIN,STALE_UNDERLYING,79324.79,79398.0,False,16.6667,-1.0,0.002,-1.002,CT-only,,"{'C0': True, 'CT': True, 'CS': False, 'CS_short': False, 'C1': True, 'CT_plus_canonical_strike': False, 'CT_plus_proxy_strike': False}",BLOCKED_DATA,,0.0020000039999999997,-1.002000004,0.0,1.0000019999999998,0.0,-1.0000019999999998,,False,False,False
4320156_2026-09-08T04:25:05.290404+00:00,4320156,BTC,2026-09-08,2026-09-08T04:25:05.290404+00:00,4.91,0.19,0.2,0.2,0.01,NO,0,True,FORMER_FAVORITE,REVERSION,0.2214,0.6667,-0.1965,TREND,0.6016,UNCERTAIN,STALE_UNDERLYING,78780.26,78812.1,True,5.0,-1.0,0.002,-1.002,CT-only,,"{'C0': True, 'CT': True, 'CS': False, 'CS_short': False, 'C1': True, 'CT_plus_canonical_strike': False, 'CT_plus_proxy_strike': True}",BLOCKED_DATA,,0.002,-1.002,0.0,1.0,0.0,-1.0,,False,False,False
4323313_2026-09-08T05:55:05.312216+00:00,4323313,BTC,2026-09-08,2026-09-08T05:55:05.312216+00:00,4.91,0.27,0.28,0.28,0.01,NO,0,True,FORMER_FAVORITE,REVERSION,0.2353,0.5833,-0.1769,UNCERTAIN,0.5015,UNCERTAIN,STALE_UNDERLYING,78616.92,78626.01,True,3.5714,-1.0,0.002,-1.002,CT-only,,"{'C0': True, 'CT': True, 'CS': False, 'CS_short': False, 'C1': True, 'CT_plus_canonical_strike': False, 'CT_plus_proxy_strike': True}",BLOCKED_DATA,,0.0019999840000000002,-1.001999984,0.0,0.9999920000000001,0.0,-0.9999920000000001,,False,False,False
4328345_2026-09-08T10:10:05.636000+00:00,4328345,BTC,2026-09-08,2026-09-08T10:10:05.636000+00:00,4.91,0.13,0.14,0.14,0.01,NO,0,True,OTHER_TRAJECTORY,REVERSION,0.283,0.5,-0.1433,TREND,0.7716,UNCERTAIN,STALE_UNDERLYING,78706.04,78762.0,False,7.1429,-1.0,0.002,-1.002,CT-only,,"{'C0': True, 'CT': True, 'CS': False, 'CS_short': False, 'C1': True, 'CT_plus_canonical_strike': False, 'CT_plus_proxy_strike': False}",BLOCKED_DATA,,0.0020000120000000002,-1.002000012,0.0,1.0000060000000002,0.0,-1.0000060000000002,,False,False,False
4329828_2026-09-08T11:55:20.356444+00:00,4329828,BTC,2026-09-08,2026-09-08T11:55:20.356444+00:00,4.66,0.12,0.13,0.13,0.01,NO,0,True,FORMER_FAVORITE,REVERSION,0.2448,0.7273,-0.5662,REVERSION,0.396,UNCERTAIN,STALE_UNDERLYING,78380.83,78440.27,False,7.6923,-1.0,0.002,-1.002,Both,,"{'C0': True, 'CT': True, 'CS': True, 'CS_short': False, 'C1': True, 'CT_plus_canonical_strike': False, 'CT_plus_proxy_strike': False}",BLOCKED_DATA,,0.0019999980000000002,-1.001999998,0.0,0.9999990000000001,0.0,-0.9999990000000001,,False,False,False
4339668_2026-09-08T16:55:28.380275+00:00,4339668,BTC,2026-09-08,2026-09-08T16:55:28.380275+00:00,4.53,0.29,0.3,0.3,0.01,NO,0,True,FORMER_FAVORITE,REVERSION,0.0738,0.5833,-0.1366,UNCERTAIN,0.4006,UNCERTAIN,STALE_UNDERLYING,78788.01,78796.01,False,3.3333,-1.0,0.002,-1.002,CT-only,,"{'C0': True, 'CT': True, 'CS': False, 'CS_short': False, 'C1': True, 'CT_plus_canonical_strike': False, 'CT_plus_proxy_strike': False}",BLOCKED_DATA,,0.0019999799999999997,-1.00199998,0.0,0.9999899999999999,0.0,-0.9999899999999999,,False,False,False
4347122_2026-09-08T20:40:20.879721+00:00,4347122,BTC,2026-09-08,2026-09-08T20:40:20.879721+00:00,4.65,0.12,0.13,0.13,0.01,NO,0,True,PERSISTENT_CHEAP,REVERSION,0.3506,0.6667,-0.221,REVERSION,0.1716,UNCERTAIN,STALE_UNDERLYING,78534.01,,False,7.6923,-1.0,0.002,-1.002,Both,,"{'C0': True, 'CT': True, 'CS': True, 'CS_short': False, 'C1': True, 'CT_plus_canonical_strike': False, 'CT_plus_proxy_strike': False}",BLOCKED_DATA,,0.0019999980000000002,-1.001999998,0.0,0.9999990000000001,0.0,-0.9999990000000001,,False,False,False
4349750_2026-09-08T21:25:20.748620+00:00,4349750,BTC,2026-09-08,2026-09-08T21:25:20.748620+00:00,4.65,0.35,0.36,0.36,0.01,NO,0,True,FORMER_FAVORITE,REVERSION,0.2527,0.5833,-0.1617,UNCERTAIN,0.3424,UNCERTAIN,STALE_UNDERLYING,78522.57,,False,2.7778,-1.0,0.002,-1.002,CT-only,,"{'C0': True, 'CT': True, 'CS': False, 'CS_short': False, 'C1': True, 'CT_plus_canonical_strike': False, 'CT_plus_proxy_strike': False}",BLOCKED_DATA,,0.002000016,-1.002000016,0.0,1.000008,0.0,-1.000008,,False,False,False
4349853_2026-09-08T21:40:20.707516+00:00,4349853,BTC,2026-09-08,2026-09-08T21:40:20.707516+00:00,4.65,0.22,0.23,0.23,0.01,NO,0,True,OTHER_TRAJECTORY,REVERSION,0.2885,0.5833,-0.1742,UNCERTAIN,0.4453,UNCERTAIN,STALE_UNDERLYING,78524.0,,False,4.3478,-1.0,0.002,-1.002,CT-only,,"{'C0': True, 'CT': True, 'CS': False, 'CS_short': False, 'C1': True, 'CT_plus_canonical_strike': False, 'CT_plus_proxy_strike': False}",BLOCKED_DATA,,0.0019999880000000003,-1.001999988,0.0,0.9999940000000002,0.0,-0.9999940000000002,,False,False,False
4351426_2026-09-08T23:25:23.903757+00:00,4351426,BTC,2026-09-08,2026-09-08T23:25:23.903757+00:00,4.6,0.13,0.14,0.14,0.01,NO,0,True,OTHER_TRAJECTORY,REVERSION,0.3714,0.5833,-0.3926,TREND,1.0,UNCERTAIN,STALE_UNDERLYING,78460.01,,False,7.1429,-1.0,0.002,-1.002,CT-only,,"{'C0': True, 'CT': True, 'CS': False, 'CS_short': False, 'C1': True, 'CT_plus_canonical_strike': False, 'CT_plus_proxy_strike': False}",BLOCKED_DATA,,0.0020000120000000002,-1.002000012,0.0,1.0000060000000002,0.0,-1.0000060000000002,,False,False,False
4351488_2026-09-08T23:40:20.799397+00:00,4351488,BTC,2026-09-08,2026-09-08T23:40:20.799397+00:00,4.65,0.27,0.28,0.28,0.01,NO,0,True,OTHER_TRAJECTORY,REVERSION,0.1176,0.5833,-0.3194,TREND,0.7254,UNCERTAIN,STALE_UNDERLYING,78466.05,,False,3.5714,-1.0,0.002,-1.002,CT-only,,"{'C0': True, 'CT': True, 'CS': False, 'CS_short': False, 'C1': True, 'CT_plus_canonical_strike': False, 'CT_plus_proxy_strike': False}",BLOCKED_DATA,,0.0019999840000000002,-1.001999984,0.0,0.9999920000000001,0.0,-0.9999920000000001,,False,False,False
4352143_2026-09-08T23:55:21.112645+00:00,4352143,BTC,2026-09-08,2026-09-08T23:55:21.112645+00:00,4.65,0.26,0.27,0.27,0.01,YES,1,True,FORMER_FAVORITE,REVERSION,0.2072,0.75,-0.5133,TREND,0.7763,UNCERTAIN,STALE_UNDERLYING,78418.0,,False,3.7037,2.7037,0.002,2.7017,CT-only,,"{'C0': True, 'CT': True, 'CS': False, 'CS_short': False, 'C1': True, 'CT_plus_canonical_strike': False, 'CT_plus_proxy_strike': False}",BLOCKED_DATA,,0.0019999980000000002,2.701700002,0.0,0.9999990000000001,3.7037,2.7037009999999997,,True,True,False
