"model_registry_id","calibration_method","feature_variant","C","class_weight","sample_weight","coverage","fold_information","artifact_id","evaluation_protocol_version","status","reason","evidence"
"820","RAW","BASE","0,1",,"uniform","1","GROUPED_WALK_FORWARD; fold_id not persisted","80","polymarket_logreg_eval_v1","REPLAY_READY","RAW score is persisted and the OOF artifact is VALID_FOR_REPLAY.","BASE features=mid_price,spread,time_left_min; raw_score=true; artifact is VALID_FOR_REPLAY; protocol=polymarket_logreg_eval_v1; fold_id is not persisted but RAW replay does not require retrospective calibration."
"820","RAW","DERIVED",,,,"1",,,"polymarket_logreg_eval_v1","RETRAIN_REQUIRED","DERIVED feature variant is not persisted; only BASE features are available.","Snapshot persists only BASE features mid_price,spread,time_left_min; no DERIVED artifact or fold-level feature evidence."
"820","RAW","LAGS",,,,"1",,,"polymarket_logreg_eval_v1","RETRAIN_REQUIRED","LAGS feature variant is not persisted; only BASE features are available.","Snapshot persists only BASE features mid_price,spread,time_left_min; no LAGS artifact or fold-level feature evidence."
"820","RAW","SEQUENCE",,,,"1",,,"polymarket_logreg_eval_v1","RETRAIN_REQUIRED","SEQUENCE feature variant is not persisted; sequence_coverage=1.0 alone does not prove a persisted sequence artifact.","Snapshot persists only BASE features mid_price,spread,time_left_min; no SEQUENCE artifact or fold-level feature evidence."
"820","PLATT","BASE","0,1",,"uniform","1","GROUPED_WALK_FORWARD; fold_id not persisted","80","polymarket_logreg_eval_v1","RETRAIN_REQUIRED","PLATT calibration artifact is not persisted for this candidate; the persisted method is RAW.","BASE features and raw OOF score are available, but no candidate-specific PLATT assignment/calibration artifact is available."
"820","PLATT","DERIVED",,,,"1",,,"polymarket_logreg_eval_v1","RETRAIN_REQUIRED","DERIVED feature variant is not persisted; only BASE features are available.","Snapshot persists only BASE features mid_price,spread,time_left_min; no DERIVED artifact or fold-level feature evidence."
"820","PLATT","LAGS",,,,"1",,,"polymarket_logreg_eval_v1","RETRAIN_REQUIRED","LAGS feature variant is not persisted; only BASE features are available.","Snapshot persists only BASE features mid_price,spread,time_left_min; no LAGS artifact or fold-level feature evidence."
"820","PLATT","SEQUENCE",,,,"1",,,"polymarket_logreg_eval_v1","RETRAIN_REQUIRED","SEQUENCE feature variant is not persisted; sequence_coverage=1.0 alone does not prove a persisted sequence artifact.","Snapshot persists only BASE features mid_price,spread,time_left_min; no SEQUENCE artifact or fold-level feature evidence."
"820","ISOTONIC","BASE","0,1",,"uniform","1","GROUPED_WALK_FORWARD; fold_id not persisted","80","polymarket_logreg_eval_v1","RETRAIN_REQUIRED","ISOTONIC requires retraining with persisted fold_id and calibration membership.","Step 3 commit 79bc49c: fold_id and train/calibration/validation membership are absent for all 60 candidates; no retrospective Isotonic."
"820","ISOTONIC","DERIVED",,,,"1",,,"polymarket_logreg_eval_v1","RETRAIN_REQUIRED","DERIVED feature variant is not persisted; only BASE features are available.","Snapshot persists only BASE features mid_price,spread,time_left_min; no DERIVED artifact or fold-level feature evidence."
"820","ISOTONIC","LAGS",,,,"1",,,"polymarket_logreg_eval_v1","RETRAIN_REQUIRED","LAGS feature variant is not persisted; only BASE features are available.","Snapshot persists only BASE features mid_price,spread,time_left_min; no LAGS artifact or fold-level feature evidence."
"820","ISOTONIC","SEQUENCE",,,,"1",,,"polymarket_logreg_eval_v1","RETRAIN_REQUIRED","SEQUENCE feature variant is not persisted; sequence_coverage=1.0 alone does not prove a persisted sequence artifact.","Snapshot persists only BASE features mid_price,spread,time_left_min; no SEQUENCE artifact or fold-level feature evidence."
"821","RAW","BASE","0,1",,"uniform","1","GROUPED_WALK_FORWARD; fold_id not persisted","81","polymarket_logreg_eval_v1","REPLAY_READY","RAW score is persisted and the OOF artifact is VALID_FOR_REPLAY.","BASE features=mid_price,spread,time_left_min; raw_score=true; artifact is VALID_FOR_REPLAY; protocol=polymarket_logreg_eval_v1; fold_id is not persisted but RAW replay does not require retrospective calibration."
"821","RAW","DERIVED",,,,"1",,,"polymarket_logreg_eval_v1","RETRAIN_REQUIRED","DERIVED feature variant is not persisted; only BASE features are available.","Snapshot persists only BASE features mid_price,spread,time_left_min; no DERIVED artifact or fold-level feature evidence."
"821","RAW","LAGS",,,,"1",,,"polymarket_logreg_eval_v1","RETRAIN_REQUIRED","LAGS feature variant is not persisted; only BASE features are available.","Snapshot persists only BASE features mid_price,spread,time_left_min; no LAGS artifact or fold-level feature evidence."
"821","RAW","SEQUENCE",,,,"1",,,"polymarket_logreg_eval_v1","RETRAIN_REQUIRED","SEQUENCE feature variant is not persisted; sequence_coverage=1.0 alone does not prove a persisted sequence artifact.","Snapshot persists only BASE features mid_price,spread,time_left_min; no SEQUENCE artifact or fold-level feature evidence."
"821","PLATT","BASE","0,1",,"uniform","1","GROUPED_WALK_FORWARD; fold_id not persisted","81","polymarket_logreg_eval_v1","REPLAY_READY","Persisted training_params.calibration_method=PLATT for this candidate.","BASE features=mid_price,spread,time_left_min; persisted PLATT assignment; calibrated_score=true; artifact is VALID_FOR_REPLAY; protocol=polymarket_logreg_eval_v1."
"821","PLATT","DERIVED",,,,"1",,,"polymarket_logreg_eval_v1","RETRAIN_REQUIRED","DERIVED feature variant is not persisted; only BASE features are available.","Snapshot persists only BASE features mid_price,spread,time_left_min; no DERIVED artifact or fold-level feature evidence."
"821","PLATT","LAGS",,,,"1",,,"polymarket_logreg_eval_v1","RETRAIN_REQUIRED","LAGS feature variant is not persisted; only BASE features are available.","Snapshot persists only BASE features mid_price,spread,time_left_min; no LAGS artifact or fold-level feature evidence."
"821","PLATT","SEQUENCE",,,,"1",,,"polymarket_logreg_eval_v1","RETRAIN_REQUIRED","SEQUENCE feature variant is not persisted; sequence_coverage=1.0 alone does not prove a persisted sequence artifact.","Snapshot persists only BASE features mid_price,spread,time_left_min; no SEQUENCE artifact or fold-level feature evidence."
"821","ISOTONIC","BASE","0,1",,"uniform","1","GROUPED_WALK_FORWARD; fold_id not persisted","81","polymarket_logreg_eval_v1","RETRAIN_REQUIRED","ISOTONIC requires retraining with persisted fold_id and calibration membership.","Step 3 commit 79bc49c: fold_id and train/calibration/validation membership are absent for all 60 candidates; no retrospective Isotonic."
"821","ISOTONIC","DERIVED",,,,"1",,,"polymarket_logreg_eval_v1","RETRAIN_REQUIRED","DERIVED feature variant is not persisted; only BASE features are available.","Snapshot persists only BASE features mid_price,spread,time_left_min; no DERIVED artifact or fold-level feature evidence."
"821","ISOTONIC","LAGS",,,,"1",,,"polymarket_logreg_eval_v1","RETRAIN_REQUIRED","LAGS feature variant is not persisted; only BASE features are available.","Snapshot persists only BASE features mid_price,spread,time_left_min; no LAGS artifact or fold-level feature evidence."
"821","ISOTONIC","SEQUENCE",,,,"1",,,"polymarket_logreg_eval_v1","RETRAIN_REQUIRED","SEQUENCE feature variant is not persisted; sequence_coverage=1.0 alone does not prove a persisted sequence artifact.","Snapshot persists only BASE features mid_price,spread,time_left_min; no SEQUENCE artifact or fold-level feature evidence."
"822","RAW","BASE","0,1",,"time_decay(tau=5)","1","GROUPED_WALK_FORWARD; fold_id not persisted","82","polymarket_logreg_eval_v1","REPLAY_READY","RAW score is persisted and the OOF artifact is VALID_FOR_REPLAY.","BASE features=mid_price,spread,time_left_min; raw_score=true; artifact is VALID_FOR_REPLAY; protocol=polymarket_logreg_eval_v1; fold_id is not persisted but RAW replay does not require retrospective calibration."
"822","RAW","DERIVED",,,,"1",,,"polymarket_logreg_eval_v1","RETRAIN_REQUIRED","DERIVED feature variant is not persisted; only BASE features are available.","Snapshot persists only BASE features mid_price,spread,time_left_min; no DERIVED artifact or fold-level feature evidence."
"822","RAW","LAGS",,,,"1",,,"polymarket_logreg_eval_v1","RETRAIN_REQUIRED","LAGS feature variant is not persisted; only BASE features are available.","Snapshot persists only BASE features mid_price,spread,time_left_min; no LAGS artifact or fold-level feature evidence."
"822","RAW","SEQUENCE",,,,"1",,,"polymarket_logreg_eval_v1","RETRAIN_REQUIRED","SEQUENCE feature variant is not persisted; sequence_coverage=1.0 alone does not prove a persisted sequence artifact.","Snapshot persists only BASE features mid_price,spread,time_left_min; no SEQUENCE artifact or fold-level feature evidence."
"822","PLATT","BASE","0,1",,"time_decay(tau=5)","1","GROUPED_WALK_FORWARD; fold_id not persisted","82","polymarket_logreg_eval_v1","RETRAIN_REQUIRED","PLATT calibration artifact is not persisted for this candidate; the persisted method is RAW.","BASE features and raw OOF score are available, but no candidate-specific PLATT assignment/calibration artifact is available."
"822","PLATT","DERIVED",,,,"1",,,"polymarket_logreg_eval_v1","RETRAIN_REQUIRED","DERIVED feature variant is not persisted; only BASE features are available.","Snapshot persists only BASE features mid_price,spread,time_left_min; no DERIVED artifact or fold-level feature evidence."
"822","PLATT","LAGS",,,,"1",,,"polymarket_logreg_eval_v1","RETRAIN_REQUIRED","LAGS feature variant is not persisted; only BASE features are available.","Snapshot persists only BASE features mid_price,spread,time_left_min; no LAGS artifact or fold-level feature evidence."
"822","PLATT","SEQUENCE",,,,"1",,,"polymarket_logreg_eval_v1","RETRAIN_REQUIRED","SEQUENCE feature variant is not persisted; sequence_coverage=1.0 alone does not prove a persisted sequence artifact.","Snapshot persists only BASE features mid_price,spread,time_left_min; no SEQUENCE artifact or fold-level feature evidence."
"822","ISOTONIC","BASE","0,1",,"time_decay(tau=5)","1","GROUPED_WALK_FORWARD; fold_id not persisted","82","polymarket_logreg_eval_v1","RETRAIN_REQUIRED","ISOTONIC requires retraining with persisted fold_id and calibration membership.","Step 3 commit 79bc49c: fold_id and train/calibration/validation membership are absent for all 60 candidates; no retrospective Isotonic."
"822","ISOTONIC","DERIVED",,,,"1",,,"polymarket_logreg_eval_v1","RETRAIN_REQUIRED","DERIVED feature variant is not persisted; only BASE features are available.","Snapshot persists only BASE features mid_price,spread,time_left_min; no DERIVED artifact or fold-level feature evidence."
"822","ISOTONIC","LAGS",,,,"1",,,"polymarket_logreg_eval_v1","RETRAIN_REQUIRED","LAGS feature variant is not persisted; only BASE features are available.","Snapshot persists only BASE features mid_price,spread,time_left_min; no LAGS artifact or fold-level feature evidence."
"822","ISOTONIC","SEQUENCE",,,,"1",,,"polymarket_logreg_eval_v1","RETRAIN_REQUIRED","SEQUENCE feature variant is not persisted; sequence_coverage=1.0 alone does not prove a persisted sequence artifact.","Snapshot persists only BASE features mid_price,spread,time_left_min; no SEQUENCE artifact or fold-level feature evidence."
"823","RAW","BASE","0,1",,"uniform","1","GROUPED_WALK_FORWARD; fold_id not persisted","83","polymarket_logreg_eval_v1","REPLAY_READY","RAW score is persisted and the OOF artifact is VALID_FOR_REPLAY.","BASE features=mid_price,spread,time_left_min; raw_score=true; artifact is VALID_FOR_REPLAY; protocol=polymarket_logreg_eval_v1; fold_id is not persisted but RAW replay does not require retrospective calibration."
"823","RAW","DERIVED",,,,"1",,,"polymarket_logreg_eval_v1","RETRAIN_REQUIRED","DERIVED feature variant is not persisted; only BASE features are available.","Snapshot persists only BASE features mid_price,spread,time_left_min; no DERIVED artifact or fold-level feature evidence."
"823","RAW","LAGS",,,,"1",,,"polymarket_logreg_eval_v1","RETRAIN_REQUIRED","LAGS feature variant is not persisted; only BASE features are available.","Snapshot persists only BASE features mid_price,spread,time_left_min; no LAGS artifact or fold-level feature evidence."
"823","RAW","SEQUENCE",,,,"1",,,"polymarket_logreg_eval_v1","RETRAIN_REQUIRED","SEQUENCE feature variant is not persisted; sequence_coverage=1.0 alone does not prove a persisted sequence artifact.","Snapshot persists only BASE features mid_price,spread,time_left_min; no SEQUENCE artifact or fold-level feature evidence."
"823","PLATT","BASE","0,1",,"uniform","1","GROUPED_WALK_FORWARD; fold_id not persisted","83","polymarket_logreg_eval_v1","RETRAIN_REQUIRED","PLATT calibration artifact is not persisted for this candidate; the persisted method is RAW.","BASE features and raw OOF score are available, but no candidate-specific PLATT assignment/calibration artifact is available."
"823","PLATT","DERIVED",,,,"1",,,"polymarket_logreg_eval_v1","RETRAIN_REQUIRED","DERIVED feature variant is not persisted; only BASE features are available.","Snapshot persists only BASE features mid_price,spread,time_left_min; no DERIVED artifact or fold-level feature evidence."
"823","PLATT","LAGS",,,,"1",,,"polymarket_logreg_eval_v1","RETRAIN_REQUIRED","LAGS feature variant is not persisted; only BASE features are available.","Snapshot persists only BASE features mid_price,spread,time_left_min; no LAGS artifact or fold-level feature evidence."
"823","PLATT","SEQUENCE",,,,"1",,,"polymarket_logreg_eval_v1","RETRAIN_REQUIRED","SEQUENCE feature variant is not persisted; sequence_coverage=1.0 alone does not prove a persisted sequence artifact.","Snapshot persists only BASE features mid_price,spread,time_left_min; no SEQUENCE artifact or fold-level feature evidence."
"823","ISOTONIC","BASE","0,1",,"uniform","1","GROUPED_WALK_FORWARD; fold_id not persisted","83","polymarket_logreg_eval_v1","RETRAIN_REQUIRED","ISOTONIC requires retraining with persisted fold_id and calibration membership.","Step 3 commit 79bc49c: fold_id and train/calibration/validation membership are absent for all 60 candidates; no retrospective Isotonic."
"823","ISOTONIC","DERIVED",,,,"1",,,"polymarket_logreg_eval_v1","RETRAIN_REQUIRED","DERIVED feature variant is not persisted; only BASE features are available.","Snapshot persists only BASE features mid_price,spread,time_left_min; no DERIVED artifact or fold-level feature evidence."
"823","ISOTONIC","LAGS",,,,"1",,,"polymarket_logreg_eval_v1","RETRAIN_REQUIRED","LAGS feature variant is not persisted; only BASE features are available.","Snapshot persists only BASE features mid_price,spread,time_left_min; no LAGS artifact or fold-level feature evidence."
"823","ISOTONIC","SEQUENCE",,,,"1",,,"polymarket_logreg_eval_v1","RETRAIN_REQUIRED","SEQUENCE feature variant is not persisted; sequence_coverage=1.0 alone does not prove a persisted sequence artifact.","Snapshot persists only BASE features mid_price,spread,time_left_min; no SEQUENCE artifact or fold-level feature evidence."
"824","RAW","BASE","0,1",,"uniform","1","GROUPED_WALK_FORWARD; fold_id not persisted","84","polymarket_logreg_eval_v1","REPLAY_READY","RAW score is persisted and the OOF artifact is VALID_FOR_REPLAY.","BASE features=mid_price,spread,time_left_min; raw_score=true; artifact is VALID_FOR_REPLAY; protocol=polymarket_logreg_eval_v1; fold_id is not persisted but RAW replay does not require retrospective calibration."
"824","RAW","DERIVED",,,,"1",,,"polymarket_logreg_eval_v1","RETRAIN_REQUIRED","DERIVED feature variant is not persisted; only BASE features are available.","Snapshot persists only BASE features mid_price,spread,time_left_min; no DERIVED artifact or fold-level feature evidence."
"824","RAW","LAGS",,,,"1",,,"polymarket_logreg_eval_v1","RETRAIN_REQUIRED","LAGS feature variant is not persisted; only BASE features are available.","Snapshot persists only BASE features mid_price,spread,time_left_min; no LAGS artifact or fold-level feature evidence."
"824","RAW","SEQUENCE",,,,"1",,,"polymarket_logreg_eval_v1","RETRAIN_REQUIRED","SEQUENCE feature variant is not persisted; sequence_coverage=1.0 alone does not prove a persisted sequence artifact.","Snapshot persists only BASE features mid_price,spread,time_left_min; no SEQUENCE artifact or fold-level feature evidence."
"824","PLATT","BASE","0,1",,"uniform","1","GROUPED_WALK_FORWARD; fold_id not persisted","84","polymarket_logreg_eval_v1","REPLAY_READY","Persisted training_params.calibration_method=PLATT for this candidate.","BASE features=mid_price,spread,time_left_min; persisted PLATT assignment; calibrated_score=true; artifact is VALID_FOR_REPLAY; protocol=polymarket_logreg_eval_v1."
"824","PLATT","DERIVED",,,,"1",,,"polymarket_logreg_eval_v1","RETRAIN_REQUIRED","DERIVED feature variant is not persisted; only BASE features are available.","Snapshot persists only BASE features mid_price,spread,time_left_min; no DERIVED artifact or fold-level feature evidence."
"824","PLATT","LAGS",,,,"1",,,"polymarket_logreg_eval_v1","RETRAIN_REQUIRED","LAGS feature variant is not persisted; only BASE features are available.","Snapshot persists only BASE features mid_price,spread,time_left_min; no LAGS artifact or fold-level feature evidence."
"824","PLATT","SEQUENCE",,,,"1",,,"polymarket_logreg_eval_v1","RETRAIN_REQUIRED","SEQUENCE feature variant is not persisted; sequence_coverage=1.0 alone does not prove a persisted sequence artifact.","Snapshot persists only BASE features mid_price,spread,time_left_min; no SEQUENCE artifact or fold-level feature evidence."
"824","ISOTONIC","BASE","0,1",,"uniform","1","GROUPED_WALK_FORWARD; fold_id not persisted","84","polymarket_logreg_eval_v1","RETRAIN_REQUIRED","ISOTONIC requires retraining with persisted fold_id and calibration membership.","Step 3 commit 79bc49c: fold_id and train/calibration/validation membership are absent for all 60 candidates; no retrospective Isotonic."
"824","ISOTONIC","DERIVED",,,,"1",,,"polymarket_logreg_eval_v1","RETRAIN_REQUIRED","DERIVED feature variant is not persisted; only BASE features are available.","Snapshot persists only BASE features mid_price,spread,time_left_min; no DERIVED artifact or fold-level feature evidence."
"824","ISOTONIC","LAGS",,,,"1",,,"polymarket_logreg_eval_v1","RETRAIN_REQUIRED","LAGS feature variant is not persisted; only BASE features are available.","Snapshot persists only BASE features mid_price,spread,time_left_min; no LAGS artifact or fold-level feature evidence."
"824","ISOTONIC","SEQUENCE",,,,"1",,,"polymarket_logreg_eval_v1","RETRAIN_REQUIRED","SEQUENCE feature variant is not persisted; sequence_coverage=1.0 alone does not prove a persisted sequence artifact.","Snapshot persists only BASE features mid_price,spread,time_left_min; no SEQUENCE artifact or fold-level feature evidence."
"825","RAW","BASE","0,1",,"time_decay(tau=5)","1","GROUPED_WALK_FORWARD; fold_id not persisted","85","polymarket_logreg_eval_v1","REPLAY_READY","RAW score is persisted and the OOF artifact is VALID_FOR_REPLAY.","BASE features=mid_price,spread,time_left_min; raw_score=true; artifact is VALID_FOR_REPLAY; protocol=polymarket_logreg_eval_v1; fold_id is not persisted but RAW replay does not require retrospective calibration."
"825","RAW","DERIVED",,,,"1",,,"polymarket_logreg_eval_v1","RETRAIN_REQUIRED","DERIVED feature variant is not persisted; only BASE features are available.","Snapshot persists only BASE features mid_price,spread,time_left_min; no DERIVED artifact or fold-level feature evidence."
"825","RAW","LAGS",,,,"1",,,"polymarket_logreg_eval_v1","RETRAIN_REQUIRED","LAGS feature variant is not persisted; only BASE features are available.","Snapshot persists only BASE features mid_price,spread,time_left_min; no LAGS artifact or fold-level feature evidence."
"825","RAW","SEQUENCE",,,,"1",,,"polymarket_logreg_eval_v1","RETRAIN_REQUIRED","SEQUENCE feature variant is not persisted; sequence_coverage=1.0 alone does not prove a persisted sequence artifact.","Snapshot persists only BASE features mid_price,spread,time_left_min; no SEQUENCE artifact or fold-level feature evidence."
"825","PLATT","BASE","0,1",,"time_decay(tau=5)","1","GROUPED_WALK_FORWARD; fold_id not persisted","85","polymarket_logreg_eval_v1","RETRAIN_REQUIRED","PLATT calibration artifact is not persisted for this candidate; the persisted method is RAW.","BASE features and raw OOF score are available, but no candidate-specific PLATT assignment/calibration artifact is available."
"825","PLATT","DERIVED",,,,"1",,,"polymarket_logreg_eval_v1","RETRAIN_REQUIRED","DERIVED feature variant is not persisted; only BASE features are available.","Snapshot persists only BASE features mid_price,spread,time_left_min; no DERIVED artifact or fold-level feature evidence."
"825","PLATT","LAGS",,,,"1",,,"polymarket_logreg_eval_v1","RETRAIN_REQUIRED","LAGS feature variant is not persisted; only BASE features are available.","Snapshot persists only BASE features mid_price,spread,time_left_min; no LAGS artifact or fold-level feature evidence."
"825","PLATT","SEQUENCE",,,,"1",,,"polymarket_logreg_eval_v1","RETRAIN_REQUIRED","SEQUENCE feature variant is not persisted; sequence_coverage=1.0 alone does not prove a persisted sequence artifact.","Snapshot persists only BASE features mid_price,spread,time_left_min; no SEQUENCE artifact or fold-level feature evidence."
"825","ISOTONIC","BASE","0,1",,"time_decay(tau=5)","1","GROUPED_WALK_FORWARD; fold_id not persisted","85","polymarket_logreg_eval_v1","RETRAIN_REQUIRED","ISOTONIC requires retraining with persisted fold_id and calibration membership.","Step 3 commit 79bc49c: fold_id and train/calibration/validation membership are absent for all 60 candidates; no retrospective Isotonic."
"825","ISOTONIC","DERIVED",,,,"1",,,"polymarket_logreg_eval_v1","RETRAIN_REQUIRED","DERIVED feature variant is not persisted; only BASE features are available.","Snapshot persists only BASE features mid_price,spread,time_left_min; no DERIVED artifact or fold-level feature evidence."
"825","ISOTONIC","LAGS",,,,"1",,,"polymarket_logreg_eval_v1","RETRAIN_REQUIRED","LAGS feature variant is not persisted; only BASE features are available.","Snapshot persists only BASE features mid_price,spread,time_left_min; no LAGS artifact or fold-level feature evidence."
"825","ISOTONIC","SEQUENCE",,,,"1",,,"polymarket_logreg_eval_v1","RETRAIN_REQUIRED","SEQUENCE feature variant is not persisted; sequence_coverage=1.0 alone does not prove a persisted sequence artifact.","Snapshot persists only BASE features mid_price,spread,time_left_min; no SEQUENCE artifact or fold-level feature evidence."
"826","RAW","BASE","0,1",,"uniform","1","GROUPED_WALK_FORWARD; fold_id not persisted","86","polymarket_logreg_eval_v1","REPLAY_READY","RAW score is persisted and the OOF artifact is VALID_FOR_REPLAY.","BASE features=mid_price,spread,time_left_min; raw_score=true; artifact is VALID_FOR_REPLAY; protocol=polymarket_logreg_eval_v1; fold_id is not persisted but RAW replay does not require retrospective calibration."
"826","RAW","DERIVED",,,,"1",,,"polymarket_logreg_eval_v1","RETRAIN_REQUIRED","DERIVED feature variant is not persisted; only BASE features are available.","Snapshot persists only BASE features mid_price,spread,time_left_min; no DERIVED artifact or fold-level feature evidence."
"826","RAW","LAGS",,,,"1",,,"polymarket_logreg_eval_v1","RETRAIN_REQUIRED","LAGS feature variant is not persisted; only BASE features are available.","Snapshot persists only BASE features mid_price,spread,time_left_min; no LAGS artifact or fold-level feature evidence."
"826","RAW","SEQUENCE",,,,"1",,,"polymarket_logreg_eval_v1","RETRAIN_REQUIRED","SEQUENCE feature variant is not persisted; sequence_coverage=1.0 alone does not prove a persisted sequence artifact.","Snapshot persists only BASE features mid_price,spread,time_left_min; no SEQUENCE artifact or fold-level feature evidence."
"826","PLATT","BASE","0,1",,"uniform","1","GROUPED_WALK_FORWARD; fold_id not persisted","86","polymarket_logreg_eval_v1","RETRAIN_REQUIRED","PLATT calibration artifact is not persisted for this candidate; the persisted method is RAW.","BASE features and raw OOF score are available, but no candidate-specific PLATT assignment/calibration artifact is available."
"826","PLATT","DERIVED",,,,"1",,,"polymarket_logreg_eval_v1","RETRAIN_REQUIRED","DERIVED feature variant is not persisted; only BASE features are available.","Snapshot persists only BASE features mid_price,spread,time_left_min; no DERIVED artifact or fold-level feature evidence."
"826","PLATT","LAGS",,,,"1",,,"polymarket_logreg_eval_v1","RETRAIN_REQUIRED","LAGS feature variant is not persisted; only BASE features are available.","Snapshot persists only BASE features mid_price,spread,time_left_min; no LAGS artifact or fold-level feature evidence."
"826","PLATT","SEQUENCE",,,,"1",,,"polymarket_logreg_eval_v1","RETRAIN_REQUIRED","SEQUENCE feature variant is not persisted; sequence_coverage=1.0 alone does not prove a persisted sequence artifact.","Snapshot persists only BASE features mid_price,spread,time_left_min; no SEQUENCE artifact or fold-level feature evidence."
"826","ISOTONIC","BASE","0,1",,"uniform","1","GROUPED_WALK_FORWARD; fold_id not persisted","86","polymarket_logreg_eval_v1","RETRAIN_REQUIRED","ISOTONIC requires retraining with persisted fold_id and calibration membership.","Step 3 commit 79bc49c: fold_id and train/calibration/validation membership are absent for all 60 candidates; no retrospective Isotonic."
"826","ISOTONIC","DERIVED",,,,"1",,,"polymarket_logreg_eval_v1","RETRAIN_REQUIRED","DERIVED feature variant is not persisted; only BASE features are available.","Snapshot persists only BASE features mid_price,spread,time_left_min; no DERIVED artifact or fold-level feature evidence."
"826","ISOTONIC","LAGS",,,,"1",,,"polymarket_logreg_eval_v1","RETRAIN_REQUIRED","LAGS feature variant is not persisted; only BASE features are available.","Snapshot persists only BASE features mid_price,spread,time_left_min; no LAGS artifact or fold-level feature evidence."
"826","ISOTONIC","SEQUENCE",,,,"1",,,"polymarket_logreg_eval_v1","RETRAIN_REQUIRED","SEQUENCE feature variant is not persisted; sequence_coverage=1.0 alone does not prove a persisted sequence artifact.","Snapshot persists only BASE features mid_price,spread,time_left_min; no SEQUENCE artifact or fold-level feature evidence."
"827","RAW","BASE","0,1",,"uniform","1","GROUPED_WALK_FORWARD; fold_id not persisted","87","polymarket_logreg_eval_v1","REPLAY_READY","RAW score is persisted and the OOF artifact is VALID_FOR_REPLAY.","BASE features=mid_price,spread,time_left_min; raw_score=true; artifact is VALID_FOR_REPLAY; protocol=polymarket_logreg_eval_v1; fold_id is not persisted but RAW replay does not require retrospective calibration."
"827","RAW","DERIVED",,,,"1",,,"polymarket_logreg_eval_v1","RETRAIN_REQUIRED","DERIVED feature variant is not persisted; only BASE features are available.","Snapshot persists only BASE features mid_price,spread,time_left_min; no DERIVED artifact or fold-level feature evidence."
"827","RAW","LAGS",,,,"1",,,"polymarket_logreg_eval_v1","RETRAIN_REQUIRED","LAGS feature variant is not persisted; only BASE features are available.","Snapshot persists only BASE features mid_price,spread,time_left_min; no LAGS artifact or fold-level feature evidence."
"827","RAW","SEQUENCE",,,,"1",,,"polymarket_logreg_eval_v1","RETRAIN_REQUIRED","SEQUENCE feature variant is not persisted; sequence_coverage=1.0 alone does not prove a persisted sequence artifact.","Snapshot persists only BASE features mid_price,spread,time_left_min; no SEQUENCE artifact or fold-level feature evidence."
"827","PLATT","BASE","0,1",,"uniform","1","GROUPED_WALK_FORWARD; fold_id not persisted","87","polymarket_logreg_eval_v1","REPLAY_READY","Persisted training_params.calibration_method=PLATT for this candidate.","BASE features=mid_price,spread,time_left_min; persisted PLATT assignment; calibrated_score=true; artifact is VALID_FOR_REPLAY; protocol=polymarket_logreg_eval_v1."
"827","PLATT","DERIVED",,,,"1",,,"polymarket_logreg_eval_v1","RETRAIN_REQUIRED","DERIVED feature variant is not persisted; only BASE features are available.","Snapshot persists only BASE features mid_price,spread,time_left_min; no DERIVED artifact or fold-level feature evidence."
"827","PLATT","LAGS",,,,"1",,,"polymarket_logreg_eval_v1","RETRAIN_REQUIRED","LAGS feature variant is not persisted; only BASE features are available.","Snapshot persists only BASE features mid_price,spread,time_left_min; no LAGS artifact or fold-level feature evidence."
"827","PLATT","SEQUENCE",,,,"1",,,"polymarket_logreg_eval_v1","RETRAIN_REQUIRED","SEQUENCE feature variant is not persisted; sequence_coverage=1.0 alone does not prove a persisted sequence artifact.","Snapshot persists only BASE features mid_price,spread,time_left_min; no SEQUENCE artifact or fold-level feature evidence."
"827","ISOTONIC","BASE","0,1",,"uniform","1","GROUPED_WALK_FORWARD; fold_id not persisted","87","polymarket_logreg_eval_v1","RETRAIN_REQUIRED","ISOTONIC requires retraining with persisted fold_id and calibration membership.","Step 3 commit 79bc49c: fold_id and train/calibration/validation membership are absent for all 60 candidates; no retrospective Isotonic."
"827","ISOTONIC","DERIVED",,,,"1",,,"polymarket_logreg_eval_v1","RETRAIN_REQUIRED","DERIVED feature variant is not persisted; only BASE features are available.","Snapshot persists only BASE features mid_price,spread,time_left_min; no DERIVED artifact or fold-level feature evidence."
"827","ISOTONIC","LAGS",,,,"1",,,"polymarket_logreg_eval_v1","RETRAIN_REQUIRED","LAGS feature variant is not persisted; only BASE features are available.","Snapshot persists only BASE features mid_price,spread,time_left_min; no LAGS artifact or fold-level feature evidence."
"827","ISOTONIC","SEQUENCE",,,,"1",,,"polymarket_logreg_eval_v1","RETRAIN_REQUIRED","SEQUENCE feature variant is not persisted; sequence_coverage=1.0 alone does not prove a persisted sequence artifact.","Snapshot persists only BASE features mid_price,spread,time_left_min; no SEQUENCE artifact or fold-level feature evidence."
"828","RAW","BASE","0,1",,"time_decay(tau=5)","1","GROUPED_WALK_FORWARD; fold_id not persisted","88","polymarket_logreg_eval_v1","REPLAY_READY","RAW score is persisted and the OOF artifact is VALID_FOR_REPLAY.","BASE features=mid_price,spread,time_left_min; raw_score=true; artifact is VALID_FOR_REPLAY; protocol=polymarket_logreg_eval_v1; fold_id is not persisted but RAW replay does not require retrospective calibration."
"828","RAW","DERIVED",,,,"1",,,"polymarket_logreg_eval_v1","RETRAIN_REQUIRED","DERIVED feature variant is not persisted; only BASE features are available.","Snapshot persists only BASE features mid_price,spread,time_left_min; no DERIVED artifact or fold-level feature evidence."
"828","RAW","LAGS",,,,"1",,,"polymarket_logreg_eval_v1","RETRAIN_REQUIRED","LAGS feature variant is not persisted; only BASE features are available.","Snapshot persists only BASE features mid_price,spread,time_left_min; no LAGS artifact or fold-level feature evidence."
"828","RAW","SEQUENCE",,,,"1",,,"polymarket_logreg_eval_v1","RETRAIN_REQUIRED","SEQUENCE feature variant is not persisted; sequence_coverage=1.0 alone does not prove a persisted sequence artifact.","Snapshot persists only BASE features mid_price,spread,time_left_min; no SEQUENCE artifact or fold-level feature evidence."
"828","PLATT","BASE","0,1",,"time_decay(tau=5)","1","GROUPED_WALK_FORWARD; fold_id not persisted","88","polymarket_logreg_eval_v1","RETRAIN_REQUIRED","PLATT calibration artifact is not persisted for this candidate; the persisted method is RAW.","BASE features and raw OOF score are available, but no candidate-specific PLATT assignment/calibration artifact is available."
"828","PLATT","DERIVED",,,,"1",,,"polymarket_logreg_eval_v1","RETRAIN_REQUIRED","DERIVED feature variant is not persisted; only BASE features are available.","Snapshot persists only BASE features mid_price,spread,time_left_min; no DERIVED artifact or fold-level feature evidence."
"828","PLATT","LAGS",,,,"1",,,"polymarket_logreg_eval_v1","RETRAIN_REQUIRED","LAGS feature variant is not persisted; only BASE features are available.","Snapshot persists only BASE features mid_price,spread,time_left_min; no LAGS artifact or fold-level feature evidence."
"828","PLATT","SEQUENCE",,,,"1",,,"polymarket_logreg_eval_v1","RETRAIN_REQUIRED","SEQUENCE feature variant is not persisted; sequence_coverage=1.0 alone does not prove a persisted sequence artifact.","Snapshot persists only BASE features mid_price,spread,time_left_min; no SEQUENCE artifact or fold-level feature evidence."
"828","ISOTONIC","BASE","0,1",,"time_decay(tau=5)","1","GROUPED_WALK_FORWARD; fold_id not persisted","88","polymarket_logreg_eval_v1","RETRAIN_REQUIRED","ISOTONIC requires retraining with persisted fold_id and calibration membership.","Step 3 commit 79bc49c: fold_id and train/calibration/validation membership are absent for all 60 candidates; no retrospective Isotonic."
"828","ISOTONIC","DERIVED",,,,"1",,,"polymarket_logreg_eval_v1","RETRAIN_REQUIRED","DERIVED feature variant is not persisted; only BASE features are available.","Snapshot persists only BASE features mid_price,spread,time_left_min; no DERIVED artifact or fold-level feature evidence."
"828","ISOTONIC","LAGS",,,,"1",,,"polymarket_logreg_eval_v1","RETRAIN_REQUIRED","LAGS feature variant is not persisted; only BASE features are available.","Snapshot persists only BASE features mid_price,spread,time_left_min; no LAGS artifact or fold-level feature evidence."
"828","ISOTONIC","SEQUENCE",,,,"1",,,"polymarket_logreg_eval_v1","RETRAIN_REQUIRED","SEQUENCE feature variant is not persisted; sequence_coverage=1.0 alone does not prove a persisted sequence artifact.","Snapshot persists only BASE features mid_price,spread,time_left_min; no SEQUENCE artifact or fold-level feature evidence."
"829","RAW","BASE","0,1",,"uniform","1","GROUPED_WALK_FORWARD; fold_id not persisted","89","polymarket_logreg_eval_v1","REPLAY_READY","RAW score is persisted and the OOF artifact is VALID_FOR_REPLAY.","BASE features=mid_price,spread,time_left_min; raw_score=true; artifact is VALID_FOR_REPLAY; protocol=polymarket_logreg_eval_v1; fold_id is not persisted but RAW replay does not require retrospective calibration."
"829","RAW","DERIVED",,,,"1",,,"polymarket_logreg_eval_v1","RETRAIN_REQUIRED","DERIVED feature variant is not persisted; only BASE features are available.","Snapshot persists only BASE features mid_price,spread,time_left_min; no DERIVED artifact or fold-level feature evidence."
"829","RAW","LAGS",,,,"1",,,"polymarket_logreg_eval_v1","RETRAIN_REQUIRED","LAGS feature variant is not persisted; only BASE features are available.","Snapshot persists only BASE features mid_price,spread,time_left_min; no LAGS artifact or fold-level feature evidence."
"829","RAW","SEQUENCE",,,,"1",,,"polymarket_logreg_eval_v1","RETRAIN_REQUIRED","SEQUENCE feature variant is not persisted; sequence_coverage=1.0 alone does not prove a persisted sequence artifact.","Snapshot persists only BASE features mid_price,spread,time_left_min; no SEQUENCE artifact or fold-level feature evidence."
"829","PLATT","BASE","0,1",,"uniform","1","GROUPED_WALK_FORWARD; fold_id not persisted","89","polymarket_logreg_eval_v1","RETRAIN_REQUIRED","PLATT calibration artifact is not persisted for this candidate; the persisted method is RAW.","BASE features and raw OOF score are available, but no candidate-specific PLATT assignment/calibration artifact is available."
"829","PLATT","DERIVED",,,,"1",,,"polymarket_logreg_eval_v1","RETRAIN_REQUIRED","DERIVED feature variant is not persisted; only BASE features are available.","Snapshot persists only BASE features mid_price,spread,time_left_min; no DERIVED artifact or fold-level feature evidence."
"829","PLATT","LAGS",,,,"1",,,"polymarket_logreg_eval_v1","RETRAIN_REQUIRED","LAGS feature variant is not persisted; only BASE features are available.","Snapshot persists only BASE features mid_price,spread,time_left_min; no LAGS artifact or fold-level feature evidence."
"829","PLATT","SEQUENCE",,,,"1",,,"polymarket_logreg_eval_v1","RETRAIN_REQUIRED","SEQUENCE feature variant is not persisted; sequence_coverage=1.0 alone does not prove a persisted sequence artifact.","Snapshot persists only BASE features mid_price,spread,time_left_min; no SEQUENCE artifact or fold-level feature evidence."
"829","ISOTONIC","BASE","0,1",,"uniform","1","GROUPED_WALK_FORWARD; fold_id not persisted","89","polymarket_logreg_eval_v1","RETRAIN_REQUIRED","ISOTONIC requires retraining with persisted fold_id and calibration membership.","Step 3 commit 79bc49c: fold_id and train/calibration/validation membership are absent for all 60 candidates; no retrospective Isotonic."
"829","ISOTONIC","DERIVED",,,,"1",,,"polymarket_logreg_eval_v1","RETRAIN_REQUIRED","DERIVED feature variant is not persisted; only BASE features are available.","Snapshot persists only BASE features mid_price,spread,time_left_min; no DERIVED artifact or fold-level feature evidence."
"829","ISOTONIC","LAGS",,,,"1",,,"polymarket_logreg_eval_v1","RETRAIN_REQUIRED","LAGS feature variant is not persisted; only BASE features are available.","Snapshot persists only BASE features mid_price,spread,time_left_min; no LAGS artifact or fold-level feature evidence."
"829","ISOTONIC","SEQUENCE",,,,"1",,,"polymarket_logreg_eval_v1","RETRAIN_REQUIRED","SEQUENCE feature variant is not persisted; sequence_coverage=1.0 alone does not prove a persisted sequence artifact.","Snapshot persists only BASE features mid_price,spread,time_left_min; no SEQUENCE artifact or fold-level feature evidence."
"830","RAW","BASE","0,1",,"uniform","1","GROUPED_WALK_FORWARD; fold_id not persisted","90","polymarket_logreg_eval_v1","REPLAY_READY","RAW score is persisted and the OOF artifact is VALID_FOR_REPLAY.","BASE features=mid_price,spread,time_left_min; raw_score=true; artifact is VALID_FOR_REPLAY; protocol=polymarket_logreg_eval_v1; fold_id is not persisted but RAW replay does not require retrospective calibration."
"830","RAW","DERIVED",,,,"1",,,"polymarket_logreg_eval_v1","RETRAIN_REQUIRED","DERIVED feature variant is not persisted; only BASE features are available.","Snapshot persists only BASE features mid_price,spread,time_left_min; no DERIVED artifact or fold-level feature evidence."
"830","RAW","LAGS",,,,"1",,,"polymarket_logreg_eval_v1","RETRAIN_REQUIRED","LAGS feature variant is not persisted; only BASE features are available.","Snapshot persists only BASE features mid_price,spread,time_left_min; no LAGS artifact or fold-level feature evidence."
"830","RAW","SEQUENCE",,,,"1",,,"polymarket_logreg_eval_v1","RETRAIN_REQUIRED","SEQUENCE feature variant is not persisted; sequence_coverage=1.0 alone does not prove a persisted sequence artifact.","Snapshot persists only BASE features mid_price,spread,time_left_min; no SEQUENCE artifact or fold-level feature evidence."
"830","PLATT","BASE","0,1",,"uniform","1","GROUPED_WALK_FORWARD; fold_id not persisted","90","polymarket_logreg_eval_v1","REPLAY_READY","Persisted training_params.calibration_method=PLATT for this candidate.","BASE features=mid_price,spread,time_left_min; persisted PLATT assignment; calibrated_score=true; artifact is VALID_FOR_REPLAY; protocol=polymarket_logreg_eval_v1."
"830","PLATT","DERIVED",,,,"1",,,"polymarket_logreg_eval_v1","RETRAIN_REQUIRED","DERIVED feature variant is not persisted; only BASE features are available.","Snapshot persists only BASE features mid_price,spread,time_left_min; no DERIVED artifact or fold-level feature evidence."
"830","PLATT","LAGS",,,,"1",,,"polymarket_logreg_eval_v1","RETRAIN_REQUIRED","LAGS feature variant is not persisted; only BASE features are available.","Snapshot persists only BASE features mid_price,spread,time_left_min; no LAGS artifact or fold-level feature evidence."
"830","PLATT","SEQUENCE",,,,"1",,,"polymarket_logreg_eval_v1","RETRAIN_REQUIRED","SEQUENCE feature variant is not persisted; sequence_coverage=1.0 alone does not prove a persisted sequence artifact.","Snapshot persists only BASE features mid_price,spread,time_left_min; no SEQUENCE artifact or fold-level feature evidence."
"830","ISOTONIC","BASE","0,1",,"uniform","1","GROUPED_WALK_FORWARD; fold_id not persisted","90","polymarket_logreg_eval_v1","RETRAIN_REQUIRED","ISOTONIC requires retraining with persisted fold_id and calibration membership.","Step 3 commit 79bc49c: fold_id and train/calibration/validation membership are absent for all 60 candidates; no retrospective Isotonic."
"830","ISOTONIC","DERIVED",,,,"1",,,"polymarket_logreg_eval_v1","RETRAIN_REQUIRED","DERIVED feature variant is not persisted; only BASE features are available.","Snapshot persists only BASE features mid_price,spread,time_left_min; no DERIVED artifact or fold-level feature evidence."
"830","ISOTONIC","LAGS",,,,"1",,,"polymarket_logreg_eval_v1","RETRAIN_REQUIRED","LAGS feature variant is not persisted; only BASE features are available.","Snapshot persists only BASE features mid_price,spread,time_left_min; no LAGS artifact or fold-level feature evidence."
"830","ISOTONIC","SEQUENCE",,,,"1",,,"polymarket_logreg_eval_v1","RETRAIN_REQUIRED","SEQUENCE feature variant is not persisted; sequence_coverage=1.0 alone does not prove a persisted sequence artifact.","Snapshot persists only BASE features mid_price,spread,time_left_min; no SEQUENCE artifact or fold-level feature evidence."
"831","RAW","BASE","0,1",,"time_decay(tau=5)","1","GROUPED_WALK_FORWARD; fold_id not persisted","91","polymarket_logreg_eval_v1","REPLAY_READY","RAW score is persisted and the OOF artifact is VALID_FOR_REPLAY.","BASE features=mid_price,spread,time_left_min; raw_score=true; artifact is VALID_FOR_REPLAY; protocol=polymarket_logreg_eval_v1; fold_id is not persisted but RAW replay does not require retrospective calibration."
"831","RAW","DERIVED",,,,"1",,,"polymarket_logreg_eval_v1","RETRAIN_REQUIRED","DERIVED feature variant is not persisted; only BASE features are available.","Snapshot persists only BASE features mid_price,spread,time_left_min; no DERIVED artifact or fold-level feature evidence."
"831","RAW","LAGS",,,,"1",,,"polymarket_logreg_eval_v1","RETRAIN_REQUIRED","LAGS feature variant is not persisted; only BASE features are available.","Snapshot persists only BASE features mid_price,spread,time_left_min; no LAGS artifact or fold-level feature evidence."
"831","RAW","SEQUENCE",,,,"1",,,"polymarket_logreg_eval_v1","RETRAIN_REQUIRED","SEQUENCE feature variant is not persisted; sequence_coverage=1.0 alone does not prove a persisted sequence artifact.","Snapshot persists only BASE features mid_price,spread,time_left_min; no SEQUENCE artifact or fold-level feature evidence."
"831","PLATT","BASE","0,1",,"time_decay(tau=5)","1","GROUPED_WALK_FORWARD; fold_id not persisted","91","polymarket_logreg_eval_v1","RETRAIN_REQUIRED","PLATT calibration artifact is not persisted for this candidate; the persisted method is RAW.","BASE features and raw OOF score are available, but no candidate-specific PLATT assignment/calibration artifact is available."
"831","PLATT","DERIVED",,,,"1",,,"polymarket_logreg_eval_v1","RETRAIN_REQUIRED","DERIVED feature variant is not persisted; only BASE features are available.","Snapshot persists only BASE features mid_price,spread,time_left_min; no DERIVED artifact or fold-level feature evidence."
"831","PLATT","LAGS",,,,"1",,,"polymarket_logreg_eval_v1","RETRAIN_REQUIRED","LAGS feature variant is not persisted; only BASE features are available.","Snapshot persists only BASE features mid_price,spread,time_left_min; no LAGS artifact or fold-level feature evidence."
"831","PLATT","SEQUENCE",,,,"1",,,"polymarket_logreg_eval_v1","RETRAIN_REQUIRED","SEQUENCE feature variant is not persisted; sequence_coverage=1.0 alone does not prove a persisted sequence artifact.","Snapshot persists only BASE features mid_price,spread,time_left_min; no SEQUENCE artifact or fold-level feature evidence."
"831","ISOTONIC","BASE","0,1",,"time_decay(tau=5)","1","GROUPED_WALK_FORWARD; fold_id not persisted","91","polymarket_logreg_eval_v1","RETRAIN_REQUIRED","ISOTONIC requires retraining with persisted fold_id and calibration membership.","Step 3 commit 79bc49c: fold_id and train/calibration/validation membership are absent for all 60 candidates; no retrospective Isotonic."
"831","ISOTONIC","DERIVED",,,,"1",,,"polymarket_logreg_eval_v1","RETRAIN_REQUIRED","DERIVED feature variant is not persisted; only BASE features are available.","Snapshot persists only BASE features mid_price,spread,time_left_min; no DERIVED artifact or fold-level feature evidence."
"831","ISOTONIC","LAGS",,,,"1",,,"polymarket_logreg_eval_v1","RETRAIN_REQUIRED","LAGS feature variant is not persisted; only BASE features are available.","Snapshot persists only BASE features mid_price,spread,time_left_min; no LAGS artifact or fold-level feature evidence."
"831","ISOTONIC","SEQUENCE",,,,"1",,,"polymarket_logreg_eval_v1","RETRAIN_REQUIRED","SEQUENCE feature variant is not persisted; sequence_coverage=1.0 alone does not prove a persisted sequence artifact.","Snapshot persists only BASE features mid_price,spread,time_left_min; no SEQUENCE artifact or fold-level feature evidence."
"832","RAW","BASE","0,1",,"uniform","1","GROUPED_WALK_FORWARD; fold_id not persisted","92","polymarket_logreg_eval_v1","REPLAY_READY","RAW score is persisted and the OOF artifact is VALID_FOR_REPLAY.","BASE features=mid_price,spread,time_left_min; raw_score=true; artifact is VALID_FOR_REPLAY; protocol=polymarket_logreg_eval_v1; fold_id is not persisted but RAW replay does not require retrospective calibration."
"832","RAW","DERIVED",,,,"1",,,"polymarket_logreg_eval_v1","RETRAIN_REQUIRED","DERIVED feature variant is not persisted; only BASE features are available.","Snapshot persists only BASE features mid_price,spread,time_left_min; no DERIVED artifact or fold-level feature evidence."
"832","RAW","LAGS",,,,"1",,,"polymarket_logreg_eval_v1","RETRAIN_REQUIRED","LAGS feature variant is not persisted; only BASE features are available.","Snapshot persists only BASE features mid_price,spread,time_left_min; no LAGS artifact or fold-level feature evidence."
"832","RAW","SEQUENCE",,,,"1",,,"polymarket_logreg_eval_v1","RETRAIN_REQUIRED","SEQUENCE feature variant is not persisted; sequence_coverage=1.0 alone does not prove a persisted sequence artifact.","Snapshot persists only BASE features mid_price,spread,time_left_min; no SEQUENCE artifact or fold-level feature evidence."
"832","PLATT","BASE","0,1",,"uniform","1","GROUPED_WALK_FORWARD; fold_id not persisted","92","polymarket_logreg_eval_v1","RETRAIN_REQUIRED","PLATT calibration artifact is not persisted for this candidate; the persisted method is RAW.","BASE features and raw OOF score are available, but no candidate-specific PLATT assignment/calibration artifact is available."
"832","PLATT","DERIVED",,,,"1",,,"polymarket_logreg_eval_v1","RETRAIN_REQUIRED","DERIVED feature variant is not persisted; only BASE features are available.","Snapshot persists only BASE features mid_price,spread,time_left_min; no DERIVED artifact or fold-level feature evidence."
"832","PLATT","LAGS",,,,"1",,,"polymarket_logreg_eval_v1","RETRAIN_REQUIRED","LAGS feature variant is not persisted; only BASE features are available.","Snapshot persists only BASE features mid_price,spread,time_left_min; no LAGS artifact or fold-level feature evidence."
"832","PLATT","SEQUENCE",,,,"1",,,"polymarket_logreg_eval_v1","RETRAIN_REQUIRED","SEQUENCE feature variant is not persisted; sequence_coverage=1.0 alone does not prove a persisted sequence artifact.","Snapshot persists only BASE features mid_price,spread,time_left_min; no SEQUENCE artifact or fold-level feature evidence."
"832","ISOTONIC","BASE","0,1",,"uniform","1","GROUPED_WALK_FORWARD; fold_id not persisted","92","polymarket_logreg_eval_v1","RETRAIN_REQUIRED","ISOTONIC requires retraining with persisted fold_id and calibration membership.","Step 3 commit 79bc49c: fold_id and train/calibration/validation membership are absent for all 60 candidates; no retrospective Isotonic."
"832","ISOTONIC","DERIVED",,,,"1",,,"polymarket_logreg_eval_v1","RETRAIN_REQUIRED","DERIVED feature variant is not persisted; only BASE features are available.","Snapshot persists only BASE features mid_price,spread,time_left_min; no DERIVED artifact or fold-level feature evidence."
"832","ISOTONIC","LAGS",,,,"1",,,"polymarket_logreg_eval_v1","RETRAIN_REQUIRED","LAGS feature variant is not persisted; only BASE features are available.","Snapshot persists only BASE features mid_price,spread,time_left_min; no LAGS artifact or fold-level feature evidence."
"832","ISOTONIC","SEQUENCE",,,,"1",,,"polymarket_logreg_eval_v1","RETRAIN_REQUIRED","SEQUENCE feature variant is not persisted; sequence_coverage=1.0 alone does not prove a persisted sequence artifact.","Snapshot persists only BASE features mid_price,spread,time_left_min; no SEQUENCE artifact or fold-level feature evidence."
"833","RAW","BASE","0,1",,"uniform","1","GROUPED_WALK_FORWARD; fold_id not persisted","93","polymarket_logreg_eval_v1","REPLAY_READY","RAW score is persisted and the OOF artifact is VALID_FOR_REPLAY.","BASE features=mid_price,spread,time_left_min; raw_score=true; artifact is VALID_FOR_REPLAY; protocol=polymarket_logreg_eval_v1; fold_id is not persisted but RAW replay does not require retrospective calibration."
"833","RAW","DERIVED",,,,"1",,,"polymarket_logreg_eval_v1","RETRAIN_REQUIRED","DERIVED feature variant is not persisted; only BASE features are available.","Snapshot persists only BASE features mid_price,spread,time_left_min; no DERIVED artifact or fold-level feature evidence."
"833","RAW","LAGS",,,,"1",,,"polymarket_logreg_eval_v1","RETRAIN_REQUIRED","LAGS feature variant is not persisted; only BASE features are available.","Snapshot persists only BASE features mid_price,spread,time_left_min; no LAGS artifact or fold-level feature evidence."
"833","RAW","SEQUENCE",,,,"1",,,"polymarket_logreg_eval_v1","RETRAIN_REQUIRED","SEQUENCE feature variant is not persisted; sequence_coverage=1.0 alone does not prove a persisted sequence artifact.","Snapshot persists only BASE features mid_price,spread,time_left_min; no SEQUENCE artifact or fold-level feature evidence."
"833","PLATT","BASE","0,1",,"uniform","1","GROUPED_WALK_FORWARD; fold_id not persisted","93","polymarket_logreg_eval_v1","REPLAY_READY","Persisted training_params.calibration_method=PLATT for this candidate.","BASE features=mid_price,spread,time_left_min; persisted PLATT assignment; calibrated_score=true; artifact is VALID_FOR_REPLAY; protocol=polymarket_logreg_eval_v1."
"833","PLATT","DERIVED",,,,"1",,,"polymarket_logreg_eval_v1","RETRAIN_REQUIRED","DERIVED feature variant is not persisted; only BASE features are available.","Snapshot persists only BASE features mid_price,spread,time_left_min; no DERIVED artifact or fold-level feature evidence."
"833","PLATT","LAGS",,,,"1",,,"polymarket_logreg_eval_v1","RETRAIN_REQUIRED","LAGS feature variant is not persisted; only BASE features are available.","Snapshot persists only BASE features mid_price,spread,time_left_min; no LAGS artifact or fold-level feature evidence."
"833","PLATT","SEQUENCE",,,,"1",,,"polymarket_logreg_eval_v1","RETRAIN_REQUIRED","SEQUENCE feature variant is not persisted; sequence_coverage=1.0 alone does not prove a persisted sequence artifact.","Snapshot persists only BASE features mid_price,spread,time_left_min; no SEQUENCE artifact or fold-level feature evidence."
"833","ISOTONIC","BASE","0,1",,"uniform","1","GROUPED_WALK_FORWARD; fold_id not persisted","93","polymarket_logreg_eval_v1","RETRAIN_REQUIRED","ISOTONIC requires retraining with persisted fold_id and calibration membership.","Step 3 commit 79bc49c: fold_id and train/calibration/validation membership are absent for all 60 candidates; no retrospective Isotonic."
"833","ISOTONIC","DERIVED",,,,"1",,,"polymarket_logreg_eval_v1","RETRAIN_REQUIRED","DERIVED feature variant is not persisted; only BASE features are available.","Snapshot persists only BASE features mid_price,spread,time_left_min; no DERIVED artifact or fold-level feature evidence."
"833","ISOTONIC","LAGS",,,,"1",,,"polymarket_logreg_eval_v1","RETRAIN_REQUIRED","LAGS feature variant is not persisted; only BASE features are available.","Snapshot persists only BASE features mid_price,spread,time_left_min; no LAGS artifact or fold-level feature evidence."
"833","ISOTONIC","SEQUENCE",,,,"1",,,"polymarket_logreg_eval_v1","RETRAIN_REQUIRED","SEQUENCE feature variant is not persisted; sequence_coverage=1.0 alone does not prove a persisted sequence artifact.","Snapshot persists only BASE features mid_price,spread,time_left_min; no SEQUENCE artifact or fold-level feature evidence."
"834","RAW","BASE","0,1",,"time_decay(tau=5)","1","GROUPED_WALK_FORWARD; fold_id not persisted","94","polymarket_logreg_eval_v1","REPLAY_READY","RAW score is persisted and the OOF artifact is VALID_FOR_REPLAY.","BASE features=mid_price,spread,time_left_min; raw_score=true; artifact is VALID_FOR_REPLAY; protocol=polymarket_logreg_eval_v1; fold_id is not persisted but RAW replay does not require retrospective calibration."
"834","RAW","DERIVED",,,,"1",,,"polymarket_logreg_eval_v1","RETRAIN_REQUIRED","DERIVED feature variant is not persisted; only BASE features are available.","Snapshot persists only BASE features mid_price,spread,time_left_min; no DERIVED artifact or fold-level feature evidence."
"834","RAW","LAGS",,,,"1",,,"polymarket_logreg_eval_v1","RETRAIN_REQUIRED","LAGS feature variant is not persisted; only BASE features are available.","Snapshot persists only BASE features mid_price,spread,time_left_min; no LAGS artifact or fold-level feature evidence."
"834","RAW","SEQUENCE",,,,"1",,,"polymarket_logreg_eval_v1","RETRAIN_REQUIRED","SEQUENCE feature variant is not persisted; sequence_coverage=1.0 alone does not prove a persisted sequence artifact.","Snapshot persists only BASE features mid_price,spread,time_left_min; no SEQUENCE artifact or fold-level feature evidence."
"834","PLATT","BASE","0,1",,"time_decay(tau=5)","1","GROUPED_WALK_FORWARD; fold_id not persisted","94","polymarket_logreg_eval_v1","RETRAIN_REQUIRED","PLATT calibration artifact is not persisted for this candidate; the persisted method is RAW.","BASE features and raw OOF score are available, but no candidate-specific PLATT assignment/calibration artifact is available."
"834","PLATT","DERIVED",,,,"1",,,"polymarket_logreg_eval_v1","RETRAIN_REQUIRED","DERIVED feature variant is not persisted; only BASE features are available.","Snapshot persists only BASE features mid_price,spread,time_left_min; no DERIVED artifact or fold-level feature evidence."
"834","PLATT","LAGS",,,,"1",,,"polymarket_logreg_eval_v1","RETRAIN_REQUIRED","LAGS feature variant is not persisted; only BASE features are available.","Snapshot persists only BASE features mid_price,spread,time_left_min; no LAGS artifact or fold-level feature evidence."
"834","PLATT","SEQUENCE",,,,"1",,,"polymarket_logreg_eval_v1","RETRAIN_REQUIRED","SEQUENCE feature variant is not persisted; sequence_coverage=1.0 alone does not prove a persisted sequence artifact.","Snapshot persists only BASE features mid_price,spread,time_left_min; no SEQUENCE artifact or fold-level feature evidence."
"834","ISOTONIC","BASE","0,1",,"time_decay(tau=5)","1","GROUPED_WALK_FORWARD; fold_id not persisted","94","polymarket_logreg_eval_v1","RETRAIN_REQUIRED","ISOTONIC requires retraining with persisted fold_id and calibration membership.","Step 3 commit 79bc49c: fold_id and train/calibration/validation membership are absent for all 60 candidates; no retrospective Isotonic."
"834","ISOTONIC","DERIVED",,,,"1",,,"polymarket_logreg_eval_v1","RETRAIN_REQUIRED","DERIVED feature variant is not persisted; only BASE features are available.","Snapshot persists only BASE features mid_price,spread,time_left_min; no DERIVED artifact or fold-level feature evidence."
"834","ISOTONIC","LAGS",,,,"1",,,"polymarket_logreg_eval_v1","RETRAIN_REQUIRED","LAGS feature variant is not persisted; only BASE features are available.","Snapshot persists only BASE features mid_price,spread,time_left_min; no LAGS artifact or fold-level feature evidence."
"834","ISOTONIC","SEQUENCE",,,,"1",,,"polymarket_logreg_eval_v1","RETRAIN_REQUIRED","SEQUENCE feature variant is not persisted; sequence_coverage=1.0 alone does not prove a persisted sequence artifact.","Snapshot persists only BASE features mid_price,spread,time_left_min; no SEQUENCE artifact or fold-level feature evidence."
"835","RAW","BASE","0,1",,"uniform","1","GROUPED_WALK_FORWARD; fold_id not persisted","95","polymarket_logreg_eval_v1","REPLAY_READY","RAW score is persisted and the OOF artifact is VALID_FOR_REPLAY.","BASE features=mid_price,spread,time_left_min; raw_score=true; artifact is VALID_FOR_REPLAY; protocol=polymarket_logreg_eval_v1; fold_id is not persisted but RAW replay does not require retrospective calibration."
"835","RAW","DERIVED",,,,"1",,,"polymarket_logreg_eval_v1","RETRAIN_REQUIRED","DERIVED feature variant is not persisted; only BASE features are available.","Snapshot persists only BASE features mid_price,spread,time_left_min; no DERIVED artifact or fold-level feature evidence."
"835","RAW","LAGS",,,,"1",,,"polymarket_logreg_eval_v1","RETRAIN_REQUIRED","LAGS feature variant is not persisted; only BASE features are available.","Snapshot persists only BASE features mid_price,spread,time_left_min; no LAGS artifact or fold-level feature evidence."
"835","RAW","SEQUENCE",,,,"1",,,"polymarket_logreg_eval_v1","RETRAIN_REQUIRED","SEQUENCE feature variant is not persisted; sequence_coverage=1.0 alone does not prove a persisted sequence artifact.","Snapshot persists only BASE features mid_price,spread,time_left_min; no SEQUENCE artifact or fold-level feature evidence."
"835","PLATT","BASE","0,1",,"uniform","1","GROUPED_WALK_FORWARD; fold_id not persisted","95","polymarket_logreg_eval_v1","RETRAIN_REQUIRED","PLATT calibration artifact is not persisted for this candidate; the persisted method is RAW.","BASE features and raw OOF score are available, but no candidate-specific PLATT assignment/calibration artifact is available."
"835","PLATT","DERIVED",,,,"1",,,"polymarket_logreg_eval_v1","RETRAIN_REQUIRED","DERIVED feature variant is not persisted; only BASE features are available.","Snapshot persists only BASE features mid_price,spread,time_left_min; no DERIVED artifact or fold-level feature evidence."
"835","PLATT","LAGS",,,,"1",,,"polymarket_logreg_eval_v1","RETRAIN_REQUIRED","LAGS feature variant is not persisted; only BASE features are available.","Snapshot persists only BASE features mid_price,spread,time_left_min; no LAGS artifact or fold-level feature evidence."
"835","PLATT","SEQUENCE",,,,"1",,,"polymarket_logreg_eval_v1","RETRAIN_REQUIRED","SEQUENCE feature variant is not persisted; sequence_coverage=1.0 alone does not prove a persisted sequence artifact.","Snapshot persists only BASE features mid_price,spread,time_left_min; no SEQUENCE artifact or fold-level feature evidence."
"835","ISOTONIC","BASE","0,1",,"uniform","1","GROUPED_WALK_FORWARD; fold_id not persisted","95","polymarket_logreg_eval_v1","RETRAIN_REQUIRED","ISOTONIC requires retraining with persisted fold_id and calibration membership.","Step 3 commit 79bc49c: fold_id and train/calibration/validation membership are absent for all 60 candidates; no retrospective Isotonic."
"835","ISOTONIC","DERIVED",,,,"1",,,"polymarket_logreg_eval_v1","RETRAIN_REQUIRED","DERIVED feature variant is not persisted; only BASE features are available.","Snapshot persists only BASE features mid_price,spread,time_left_min; no DERIVED artifact or fold-level feature evidence."
"835","ISOTONIC","LAGS",,,,"1",,,"polymarket_logreg_eval_v1","RETRAIN_REQUIRED","LAGS feature variant is not persisted; only BASE features are available.","Snapshot persists only BASE features mid_price,spread,time_left_min; no LAGS artifact or fold-level feature evidence."
"835","ISOTONIC","SEQUENCE",,,,"1",,,"polymarket_logreg_eval_v1","RETRAIN_REQUIRED","SEQUENCE feature variant is not persisted; sequence_coverage=1.0 alone does not prove a persisted sequence artifact.","Snapshot persists only BASE features mid_price,spread,time_left_min; no SEQUENCE artifact or fold-level feature evidence."
"836","RAW","BASE","0,1",,"uniform","1","GROUPED_WALK_FORWARD; fold_id not persisted","96","polymarket_logreg_eval_v1","REPLAY_READY","RAW score is persisted and the OOF artifact is VALID_FOR_REPLAY.","BASE features=mid_price,spread,time_left_min; raw_score=true; artifact is VALID_FOR_REPLAY; protocol=polymarket_logreg_eval_v1; fold_id is not persisted but RAW replay does not require retrospective calibration."
"836","RAW","DERIVED",,,,"1",,,"polymarket_logreg_eval_v1","RETRAIN_REQUIRED","DERIVED feature variant is not persisted; only BASE features are available.","Snapshot persists only BASE features mid_price,spread,time_left_min; no DERIVED artifact or fold-level feature evidence."
"836","RAW","LAGS",,,,"1",,,"polymarket_logreg_eval_v1","RETRAIN_REQUIRED","LAGS feature variant is not persisted; only BASE features are available.","Snapshot persists only BASE features mid_price,spread,time_left_min; no LAGS artifact or fold-level feature evidence."
"836","RAW","SEQUENCE",,,,"1",,,"polymarket_logreg_eval_v1","RETRAIN_REQUIRED","SEQUENCE feature variant is not persisted; sequence_coverage=1.0 alone does not prove a persisted sequence artifact.","Snapshot persists only BASE features mid_price,spread,time_left_min; no SEQUENCE artifact or fold-level feature evidence."
"836","PLATT","BASE","0,1",,"uniform","1","GROUPED_WALK_FORWARD; fold_id not persisted","96","polymarket_logreg_eval_v1","REPLAY_READY","Persisted training_params.calibration_method=PLATT for this candidate.","BASE features=mid_price,spread,time_left_min; persisted PLATT assignment; calibrated_score=true; artifact is VALID_FOR_REPLAY; protocol=polymarket_logreg_eval_v1."
"836","PLATT","DERIVED",,,,"1",,,"polymarket_logreg_eval_v1","RETRAIN_REQUIRED","DERIVED feature variant is not persisted; only BASE features are available.","Snapshot persists only BASE features mid_price,spread,time_left_min; no DERIVED artifact or fold-level feature evidence."
"836","PLATT","LAGS",,,,"1",,,"polymarket_logreg_eval_v1","RETRAIN_REQUIRED","LAGS feature variant is not persisted; only BASE features are available.","Snapshot persists only BASE features mid_price,spread,time_left_min; no LAGS artifact or fold-level feature evidence."
"836","PLATT","SEQUENCE",,,,"1",,,"polymarket_logreg_eval_v1","RETRAIN_REQUIRED","SEQUENCE feature variant is not persisted; sequence_coverage=1.0 alone does not prove a persisted sequence artifact.","Snapshot persists only BASE features mid_price,spread,time_left_min; no SEQUENCE artifact or fold-level feature evidence."
"836","ISOTONIC","BASE","0,1",,"uniform","1","GROUPED_WALK_FORWARD; fold_id not persisted","96","polymarket_logreg_eval_v1","RETRAIN_REQUIRED","ISOTONIC requires retraining with persisted fold_id and calibration membership.","Step 3 commit 79bc49c: fold_id and train/calibration/validation membership are absent for all 60 candidates; no retrospective Isotonic."
"836","ISOTONIC","DERIVED",,,,"1",,,"polymarket_logreg_eval_v1","RETRAIN_REQUIRED","DERIVED feature variant is not persisted; only BASE features are available.","Snapshot persists only BASE features mid_price,spread,time_left_min; no DERIVED artifact or fold-level feature evidence."
"836","ISOTONIC","LAGS",,,,"1",,,"polymarket_logreg_eval_v1","RETRAIN_REQUIRED","LAGS feature variant is not persisted; only BASE features are available.","Snapshot persists only BASE features mid_price,spread,time_left_min; no LAGS artifact or fold-level feature evidence."
"836","ISOTONIC","SEQUENCE",,,,"1",,,"polymarket_logreg_eval_v1","RETRAIN_REQUIRED","SEQUENCE feature variant is not persisted; sequence_coverage=1.0 alone does not prove a persisted sequence artifact.","Snapshot persists only BASE features mid_price,spread,time_left_min; no SEQUENCE artifact or fold-level feature evidence."
"837","RAW","BASE","0,1",,"time_decay(tau=5)","1","GROUPED_WALK_FORWARD; fold_id not persisted","97","polymarket_logreg_eval_v1","REPLAY_READY","RAW score is persisted and the OOF artifact is VALID_FOR_REPLAY.","BASE features=mid_price,spread,time_left_min; raw_score=true; artifact is VALID_FOR_REPLAY; protocol=polymarket_logreg_eval_v1; fold_id is not persisted but RAW replay does not require retrospective calibration."
"837","RAW","DERIVED",,,,"1",,,"polymarket_logreg_eval_v1","RETRAIN_REQUIRED","DERIVED feature variant is not persisted; only BASE features are available.","Snapshot persists only BASE features mid_price,spread,time_left_min; no DERIVED artifact or fold-level feature evidence."
"837","RAW","LAGS",,,,"1",,,"polymarket_logreg_eval_v1","RETRAIN_REQUIRED","LAGS feature variant is not persisted; only BASE features are available.","Snapshot persists only BASE features mid_price,spread,time_left_min; no LAGS artifact or fold-level feature evidence."
"837","RAW","SEQUENCE",,,,"1",,,"polymarket_logreg_eval_v1","RETRAIN_REQUIRED","SEQUENCE feature variant is not persisted; sequence_coverage=1.0 alone does not prove a persisted sequence artifact.","Snapshot persists only BASE features mid_price,spread,time_left_min; no SEQUENCE artifact or fold-level feature evidence."
"837","PLATT","BASE","0,1",,"time_decay(tau=5)","1","GROUPED_WALK_FORWARD; fold_id not persisted","97","polymarket_logreg_eval_v1","RETRAIN_REQUIRED","PLATT calibration artifact is not persisted for this candidate; the persisted method is RAW.","BASE features and raw OOF score are available, but no candidate-specific PLATT assignment/calibration artifact is available."
"837","PLATT","DERIVED",,,,"1",,,"polymarket_logreg_eval_v1","RETRAIN_REQUIRED","DERIVED feature variant is not persisted; only BASE features are available.","Snapshot persists only BASE features mid_price,spread,time_left_min; no DERIVED artifact or fold-level feature evidence."
"837","PLATT","LAGS",,,,"1",,,"polymarket_logreg_eval_v1","RETRAIN_REQUIRED","LAGS feature variant is not persisted; only BASE features are available.","Snapshot persists only BASE features mid_price,spread,time_left_min; no LAGS artifact or fold-level feature evidence."
"837","PLATT","SEQUENCE",,,,"1",,,"polymarket_logreg_eval_v1","RETRAIN_REQUIRED","SEQUENCE feature variant is not persisted; sequence_coverage=1.0 alone does not prove a persisted sequence artifact.","Snapshot persists only BASE features mid_price,spread,time_left_min; no SEQUENCE artifact or fold-level feature evidence."
"837","ISOTONIC","BASE","0,1",,"time_decay(tau=5)","1","GROUPED_WALK_FORWARD; fold_id not persisted","97","polymarket_logreg_eval_v1","RETRAIN_REQUIRED","ISOTONIC requires retraining with persisted fold_id and calibration membership.","Step 3 commit 79bc49c: fold_id and train/calibration/validation membership are absent for all 60 candidates; no retrospective Isotonic."
"837","ISOTONIC","DERIVED",,,,"1",,,"polymarket_logreg_eval_v1","RETRAIN_REQUIRED","DERIVED feature variant is not persisted; only BASE features are available.","Snapshot persists only BASE features mid_price,spread,time_left_min; no DERIVED artifact or fold-level feature evidence."
"837","ISOTONIC","LAGS",,,,"1",,,"polymarket_logreg_eval_v1","RETRAIN_REQUIRED","LAGS feature variant is not persisted; only BASE features are available.","Snapshot persists only BASE features mid_price,spread,time_left_min; no LAGS artifact or fold-level feature evidence."
"837","ISOTONIC","SEQUENCE",,,,"1",,,"polymarket_logreg_eval_v1","RETRAIN_REQUIRED","SEQUENCE feature variant is not persisted; sequence_coverage=1.0 alone does not prove a persisted sequence artifact.","Snapshot persists only BASE features mid_price,spread,time_left_min; no SEQUENCE artifact or fold-level feature evidence."
"838","RAW","BASE","0,1",,"uniform","1","GROUPED_WALK_FORWARD; fold_id not persisted","98","polymarket_logreg_eval_v1","REPLAY_READY","RAW score is persisted and the OOF artifact is VALID_FOR_REPLAY.","BASE features=mid_price,spread,time_left_min; raw_score=true; artifact is VALID_FOR_REPLAY; protocol=polymarket_logreg_eval_v1; fold_id is not persisted but RAW replay does not require retrospective calibration."
"838","RAW","DERIVED",,,,"1",,,"polymarket_logreg_eval_v1","RETRAIN_REQUIRED","DERIVED feature variant is not persisted; only BASE features are available.","Snapshot persists only BASE features mid_price,spread,time_left_min; no DERIVED artifact or fold-level feature evidence."
"838","RAW","LAGS",,,,"1",,,"polymarket_logreg_eval_v1","RETRAIN_REQUIRED","LAGS feature variant is not persisted; only BASE features are available.","Snapshot persists only BASE features mid_price,spread,time_left_min; no LAGS artifact or fold-level feature evidence."
"838","RAW","SEQUENCE",,,,"1",,,"polymarket_logreg_eval_v1","RETRAIN_REQUIRED","SEQUENCE feature variant is not persisted; sequence_coverage=1.0 alone does not prove a persisted sequence artifact.","Snapshot persists only BASE features mid_price,spread,time_left_min; no SEQUENCE artifact or fold-level feature evidence."
"838","PLATT","BASE","0,1",,"uniform","1","GROUPED_WALK_FORWARD; fold_id not persisted","98","polymarket_logreg_eval_v1","RETRAIN_REQUIRED","PLATT calibration artifact is not persisted for this candidate; the persisted method is RAW.","BASE features and raw OOF score are available, but no candidate-specific PLATT assignment/calibration artifact is available."
"838","PLATT","DERIVED",,,,"1",,,"polymarket_logreg_eval_v1","RETRAIN_REQUIRED","DERIVED feature variant is not persisted; only BASE features are available.","Snapshot persists only BASE features mid_price,spread,time_left_min; no DERIVED artifact or fold-level feature evidence."
"838","PLATT","LAGS",,,,"1",,,"polymarket_logreg_eval_v1","RETRAIN_REQUIRED","LAGS feature variant is not persisted; only BASE features are available.","Snapshot persists only BASE features mid_price,spread,time_left_min; no LAGS artifact or fold-level feature evidence."
"838","PLATT","SEQUENCE",,,,"1",,,"polymarket_logreg_eval_v1","RETRAIN_REQUIRED","SEQUENCE feature variant is not persisted; sequence_coverage=1.0 alone does not prove a persisted sequence artifact.","Snapshot persists only BASE features mid_price,spread,time_left_min; no SEQUENCE artifact or fold-level feature evidence."
"838","ISOTONIC","BASE","0,1",,"uniform","1","GROUPED_WALK_FORWARD; fold_id not persisted","98","polymarket_logreg_eval_v1","RETRAIN_REQUIRED","ISOTONIC requires retraining with persisted fold_id and calibration membership.","Step 3 commit 79bc49c: fold_id and train/calibration/validation membership are absent for all 60 candidates; no retrospective Isotonic."
"838","ISOTONIC","DERIVED",,,,"1",,,"polymarket_logreg_eval_v1","RETRAIN_REQUIRED","DERIVED feature variant is not persisted; only BASE features are available.","Snapshot persists only BASE features mid_price,spread,time_left_min; no DERIVED artifact or fold-level feature evidence."
"838","ISOTONIC","LAGS",,,,"1",,,"polymarket_logreg_eval_v1","RETRAIN_REQUIRED","LAGS feature variant is not persisted; only BASE features are available.","Snapshot persists only BASE features mid_price,spread,time_left_min; no LAGS artifact or fold-level feature evidence."
"838","ISOTONIC","SEQUENCE",,,,"1",,,"polymarket_logreg_eval_v1","RETRAIN_REQUIRED","SEQUENCE feature variant is not persisted; sequence_coverage=1.0 alone does not prove a persisted sequence artifact.","Snapshot persists only BASE features mid_price,spread,time_left_min; no SEQUENCE artifact or fold-level feature evidence."
"839","RAW","BASE","0,1",,"uniform","1","GROUPED_WALK_FORWARD; fold_id not persisted","99","polymarket_logreg_eval_v1","REPLAY_READY","RAW score is persisted and the OOF artifact is VALID_FOR_REPLAY.","BASE features=mid_price,spread,time_left_min; raw_score=true; artifact is VALID_FOR_REPLAY; protocol=polymarket_logreg_eval_v1; fold_id is not persisted but RAW replay does not require retrospective calibration."
"839","RAW","DERIVED",,,,"1",,,"polymarket_logreg_eval_v1","RETRAIN_REQUIRED","DERIVED feature variant is not persisted; only BASE features are available.","Snapshot persists only BASE features mid_price,spread,time_left_min; no DERIVED artifact or fold-level feature evidence."
"839","RAW","LAGS",,,,"1",,,"polymarket_logreg_eval_v1","RETRAIN_REQUIRED","LAGS feature variant is not persisted; only BASE features are available.","Snapshot persists only BASE features mid_price,spread,time_left_min; no LAGS artifact or fold-level feature evidence."
"839","RAW","SEQUENCE",,,,"1",,,"polymarket_logreg_eval_v1","RETRAIN_REQUIRED","SEQUENCE feature variant is not persisted; sequence_coverage=1.0 alone does not prove a persisted sequence artifact.","Snapshot persists only BASE features mid_price,spread,time_left_min; no SEQUENCE artifact or fold-level feature evidence."
"839","PLATT","BASE","0,1",,"uniform","1","GROUPED_WALK_FORWARD; fold_id not persisted","99","polymarket_logreg_eval_v1","REPLAY_READY","Persisted training_params.calibration_method=PLATT for this candidate.","BASE features=mid_price,spread,time_left_min; persisted PLATT assignment; calibrated_score=true; artifact is VALID_FOR_REPLAY; protocol=polymarket_logreg_eval_v1."
"839","PLATT","DERIVED",,,,"1",,,"polymarket_logreg_eval_v1","RETRAIN_REQUIRED","DERIVED feature variant is not persisted; only BASE features are available.","Snapshot persists only BASE features mid_price,spread,time_left_min; no DERIVED artifact or fold-level feature evidence."
"839","PLATT","LAGS",,,,"1",,,"polymarket_logreg_eval_v1","RETRAIN_REQUIRED","LAGS feature variant is not persisted; only BASE features are available.","Snapshot persists only BASE features mid_price,spread,time_left_min; no LAGS artifact or fold-level feature evidence."
"839","PLATT","SEQUENCE",,,,"1",,,"polymarket_logreg_eval_v1","RETRAIN_REQUIRED","SEQUENCE feature variant is not persisted; sequence_coverage=1.0 alone does not prove a persisted sequence artifact.","Snapshot persists only BASE features mid_price,spread,time_left_min; no SEQUENCE artifact or fold-level feature evidence."
"839","ISOTONIC","BASE","0,1",,"uniform","1","GROUPED_WALK_FORWARD; fold_id not persisted","99","polymarket_logreg_eval_v1","RETRAIN_REQUIRED","ISOTONIC requires retraining with persisted fold_id and calibration membership.","Step 3 commit 79bc49c: fold_id and train/calibration/validation membership are absent for all 60 candidates; no retrospective Isotonic."
"839","ISOTONIC","DERIVED",,,,"1",,,"polymarket_logreg_eval_v1","RETRAIN_REQUIRED","DERIVED feature variant is not persisted; only BASE features are available.","Snapshot persists only BASE features mid_price,spread,time_left_min; no DERIVED artifact or fold-level feature evidence."
"839","ISOTONIC","LAGS",,,,"1",,,"polymarket_logreg_eval_v1","RETRAIN_REQUIRED","LAGS feature variant is not persisted; only BASE features are available.","Snapshot persists only BASE features mid_price,spread,time_left_min; no LAGS artifact or fold-level feature evidence."
"839","ISOTONIC","SEQUENCE",,,,"1",,,"polymarket_logreg_eval_v1","RETRAIN_REQUIRED","SEQUENCE feature variant is not persisted; sequence_coverage=1.0 alone does not prove a persisted sequence artifact.","Snapshot persists only BASE features mid_price,spread,time_left_min; no SEQUENCE artifact or fold-level feature evidence."
"840","RAW","BASE","0,1",,"time_decay(tau=5)","1","GROUPED_WALK_FORWARD; fold_id not persisted","100","polymarket_logreg_eval_v1","REPLAY_READY","RAW score is persisted and the OOF artifact is VALID_FOR_REPLAY.","BASE features=mid_price,spread,time_left_min; raw_score=true; artifact is VALID_FOR_REPLAY; protocol=polymarket_logreg_eval_v1; fold_id is not persisted but RAW replay does not require retrospective calibration."
"840","RAW","DERIVED",,,,"1",,,"polymarket_logreg_eval_v1","RETRAIN_REQUIRED","DERIVED feature variant is not persisted; only BASE features are available.","Snapshot persists only BASE features mid_price,spread,time_left_min; no DERIVED artifact or fold-level feature evidence."
"840","RAW","LAGS",,,,"1",,,"polymarket_logreg_eval_v1","RETRAIN_REQUIRED","LAGS feature variant is not persisted; only BASE features are available.","Snapshot persists only BASE features mid_price,spread,time_left_min; no LAGS artifact or fold-level feature evidence."
"840","RAW","SEQUENCE",,,,"1",,,"polymarket_logreg_eval_v1","RETRAIN_REQUIRED","SEQUENCE feature variant is not persisted; sequence_coverage=1.0 alone does not prove a persisted sequence artifact.","Snapshot persists only BASE features mid_price,spread,time_left_min; no SEQUENCE artifact or fold-level feature evidence."
"840","PLATT","BASE","0,1",,"time_decay(tau=5)","1","GROUPED_WALK_FORWARD; fold_id not persisted","100","polymarket_logreg_eval_v1","RETRAIN_REQUIRED","PLATT calibration artifact is not persisted for this candidate; the persisted method is RAW.","BASE features and raw OOF score are available, but no candidate-specific PLATT assignment/calibration artifact is available."
"840","PLATT","DERIVED",,,,"1",,,"polymarket_logreg_eval_v1","RETRAIN_REQUIRED","DERIVED feature variant is not persisted; only BASE features are available.","Snapshot persists only BASE features mid_price,spread,time_left_min; no DERIVED artifact or fold-level feature evidence."
"840","PLATT","LAGS",,,,"1",,,"polymarket_logreg_eval_v1","RETRAIN_REQUIRED","LAGS feature variant is not persisted; only BASE features are available.","Snapshot persists only BASE features mid_price,spread,time_left_min; no LAGS artifact or fold-level feature evidence."
"840","PLATT","SEQUENCE",,,,"1",,,"polymarket_logreg_eval_v1","RETRAIN_REQUIRED","SEQUENCE feature variant is not persisted; sequence_coverage=1.0 alone does not prove a persisted sequence artifact.","Snapshot persists only BASE features mid_price,spread,time_left_min; no SEQUENCE artifact or fold-level feature evidence."
"840","ISOTONIC","BASE","0,1",,"time_decay(tau=5)","1","GROUPED_WALK_FORWARD; fold_id not persisted","100","polymarket_logreg_eval_v1","RETRAIN_REQUIRED","ISOTONIC requires retraining with persisted fold_id and calibration membership.","Step 3 commit 79bc49c: fold_id and train/calibration/validation membership are absent for all 60 candidates; no retrospective Isotonic."
"840","ISOTONIC","DERIVED",,,,"1",,,"polymarket_logreg_eval_v1","RETRAIN_REQUIRED","DERIVED feature variant is not persisted; only BASE features are available.","Snapshot persists only BASE features mid_price,spread,time_left_min; no DERIVED artifact or fold-level feature evidence."
"840","ISOTONIC","LAGS",,,,"1",,,"polymarket_logreg_eval_v1","RETRAIN_REQUIRED","LAGS feature variant is not persisted; only BASE features are available.","Snapshot persists only BASE features mid_price,spread,time_left_min; no LAGS artifact or fold-level feature evidence."
"840","ISOTONIC","SEQUENCE",,,,"1",,,"polymarket_logreg_eval_v1","RETRAIN_REQUIRED","SEQUENCE feature variant is not persisted; sequence_coverage=1.0 alone does not prove a persisted sequence artifact.","Snapshot persists only BASE features mid_price,spread,time_left_min; no SEQUENCE artifact or fold-level feature evidence."
"841","RAW","BASE","0,1",,"uniform","1","GROUPED_WALK_FORWARD; fold_id not persisted","101","polymarket_logreg_eval_v1","REPLAY_READY","RAW score is persisted and the OOF artifact is VALID_FOR_REPLAY.","BASE features=mid_price,spread,time_left_min; raw_score=true; artifact is VALID_FOR_REPLAY; protocol=polymarket_logreg_eval_v1; fold_id is not persisted but RAW replay does not require retrospective calibration."
"841","RAW","DERIVED",,,,"1",,,"polymarket_logreg_eval_v1","RETRAIN_REQUIRED","DERIVED feature variant is not persisted; only BASE features are available.","Snapshot persists only BASE features mid_price,spread,time_left_min; no DERIVED artifact or fold-level feature evidence."
"841","RAW","LAGS",,,,"1",,,"polymarket_logreg_eval_v1","RETRAIN_REQUIRED","LAGS feature variant is not persisted; only BASE features are available.","Snapshot persists only BASE features mid_price,spread,time_left_min; no LAGS artifact or fold-level feature evidence."
"841","RAW","SEQUENCE",,,,"1",,,"polymarket_logreg_eval_v1","RETRAIN_REQUIRED","SEQUENCE feature variant is not persisted; sequence_coverage=1.0 alone does not prove a persisted sequence artifact.","Snapshot persists only BASE features mid_price,spread,time_left_min; no SEQUENCE artifact or fold-level feature evidence."
"841","PLATT","BASE","0,1",,"uniform","1","GROUPED_WALK_FORWARD; fold_id not persisted","101","polymarket_logreg_eval_v1","RETRAIN_REQUIRED","PLATT calibration artifact is not persisted for this candidate; the persisted method is RAW.","BASE features and raw OOF score are available, but no candidate-specific PLATT assignment/calibration artifact is available."
"841","PLATT","DERIVED",,,,"1",,,"polymarket_logreg_eval_v1","RETRAIN_REQUIRED","DERIVED feature variant is not persisted; only BASE features are available.","Snapshot persists only BASE features mid_price,spread,time_left_min; no DERIVED artifact or fold-level feature evidence."
"841","PLATT","LAGS",,,,"1",,,"polymarket_logreg_eval_v1","RETRAIN_REQUIRED","LAGS feature variant is not persisted; only BASE features are available.","Snapshot persists only BASE features mid_price,spread,time_left_min; no LAGS artifact or fold-level feature evidence."
"841","PLATT","SEQUENCE",,,,"1",,,"polymarket_logreg_eval_v1","RETRAIN_REQUIRED","SEQUENCE feature variant is not persisted; sequence_coverage=1.0 alone does not prove a persisted sequence artifact.","Snapshot persists only BASE features mid_price,spread,time_left_min; no SEQUENCE artifact or fold-level feature evidence."
"841","ISOTONIC","BASE","0,1",,"uniform","1","GROUPED_WALK_FORWARD; fold_id not persisted","101","polymarket_logreg_eval_v1","RETRAIN_REQUIRED","ISOTONIC requires retraining with persisted fold_id and calibration membership.","Step 3 commit 79bc49c: fold_id and train/calibration/validation membership are absent for all 60 candidates; no retrospective Isotonic."
"841","ISOTONIC","DERIVED",,,,"1",,,"polymarket_logreg_eval_v1","RETRAIN_REQUIRED","DERIVED feature variant is not persisted; only BASE features are available.","Snapshot persists only BASE features mid_price,spread,time_left_min; no DERIVED artifact or fold-level feature evidence."
"841","ISOTONIC","LAGS",,,,"1",,,"polymarket_logreg_eval_v1","RETRAIN_REQUIRED","LAGS feature variant is not persisted; only BASE features are available.","Snapshot persists only BASE features mid_price,spread,time_left_min; no LAGS artifact or fold-level feature evidence."
"841","ISOTONIC","SEQUENCE",,,,"1",,,"polymarket_logreg_eval_v1","RETRAIN_REQUIRED","SEQUENCE feature variant is not persisted; sequence_coverage=1.0 alone does not prove a persisted sequence artifact.","Snapshot persists only BASE features mid_price,spread,time_left_min; no SEQUENCE artifact or fold-level feature evidence."
"842","RAW","BASE","0,1",,"uniform","1","GROUPED_WALK_FORWARD; fold_id not persisted","102","polymarket_logreg_eval_v1","REPLAY_READY","RAW score is persisted and the OOF artifact is VALID_FOR_REPLAY.","BASE features=mid_price,spread,time_left_min; raw_score=true; artifact is VALID_FOR_REPLAY; protocol=polymarket_logreg_eval_v1; fold_id is not persisted but RAW replay does not require retrospective calibration."
"842","RAW","DERIVED",,,,"1",,,"polymarket_logreg_eval_v1","RETRAIN_REQUIRED","DERIVED feature variant is not persisted; only BASE features are available.","Snapshot persists only BASE features mid_price,spread,time_left_min; no DERIVED artifact or fold-level feature evidence."
"842","RAW","LAGS",,,,"1",,,"polymarket_logreg_eval_v1","RETRAIN_REQUIRED","LAGS feature variant is not persisted; only BASE features are available.","Snapshot persists only BASE features mid_price,spread,time_left_min; no LAGS artifact or fold-level feature evidence."
"842","RAW","SEQUENCE",,,,"1",,,"polymarket_logreg_eval_v1","RETRAIN_REQUIRED","SEQUENCE feature variant is not persisted; sequence_coverage=1.0 alone does not prove a persisted sequence artifact.","Snapshot persists only BASE features mid_price,spread,time_left_min; no SEQUENCE artifact or fold-level feature evidence."
"842","PLATT","BASE","0,1",,"uniform","1","GROUPED_WALK_FORWARD; fold_id not persisted","102","polymarket_logreg_eval_v1","REPLAY_READY","Persisted training_params.calibration_method=PLATT for this candidate.","BASE features=mid_price,spread,time_left_min; persisted PLATT assignment; calibrated_score=true; artifact is VALID_FOR_REPLAY; protocol=polymarket_logreg_eval_v1."
"842","PLATT","DERIVED",,,,"1",,,"polymarket_logreg_eval_v1","RETRAIN_REQUIRED","DERIVED feature variant is not persisted; only BASE features are available.","Snapshot persists only BASE features mid_price,spread,time_left_min; no DERIVED artifact or fold-level feature evidence."
"842","PLATT","LAGS",,,,"1",,,"polymarket_logreg_eval_v1","RETRAIN_REQUIRED","LAGS feature variant is not persisted; only BASE features are available.","Snapshot persists only BASE features mid_price,spread,time_left_min; no LAGS artifact or fold-level feature evidence."
"842","PLATT","SEQUENCE",,,,"1",,,"polymarket_logreg_eval_v1","RETRAIN_REQUIRED","SEQUENCE feature variant is not persisted; sequence_coverage=1.0 alone does not prove a persisted sequence artifact.","Snapshot persists only BASE features mid_price,spread,time_left_min; no SEQUENCE artifact or fold-level feature evidence."
"842","ISOTONIC","BASE","0,1",,"uniform","1","GROUPED_WALK_FORWARD; fold_id not persisted","102","polymarket_logreg_eval_v1","RETRAIN_REQUIRED","ISOTONIC requires retraining with persisted fold_id and calibration membership.","Step 3 commit 79bc49c: fold_id and train/calibration/validation membership are absent for all 60 candidates; no retrospective Isotonic."
"842","ISOTONIC","DERIVED",,,,"1",,,"polymarket_logreg_eval_v1","RETRAIN_REQUIRED","DERIVED feature variant is not persisted; only BASE features are available.","Snapshot persists only BASE features mid_price,spread,time_left_min; no DERIVED artifact or fold-level feature evidence."
"842","ISOTONIC","LAGS",,,,"1",,,"polymarket_logreg_eval_v1","RETRAIN_REQUIRED","LAGS feature variant is not persisted; only BASE features are available.","Snapshot persists only BASE features mid_price,spread,time_left_min; no LAGS artifact or fold-level feature evidence."
"842","ISOTONIC","SEQUENCE",,,,"1",,,"polymarket_logreg_eval_v1","RETRAIN_REQUIRED","SEQUENCE feature variant is not persisted; sequence_coverage=1.0 alone does not prove a persisted sequence artifact.","Snapshot persists only BASE features mid_price,spread,time_left_min; no SEQUENCE artifact or fold-level feature evidence."
"843","RAW","BASE","0,1",,"time_decay(tau=5)","1","GROUPED_WALK_FORWARD; fold_id not persisted","103","polymarket_logreg_eval_v1","REPLAY_READY","RAW score is persisted and the OOF artifact is VALID_FOR_REPLAY.","BASE features=mid_price,spread,time_left_min; raw_score=true; artifact is VALID_FOR_REPLAY; protocol=polymarket_logreg_eval_v1; fold_id is not persisted but RAW replay does not require retrospective calibration."
"843","RAW","DERIVED",,,,"1",,,"polymarket_logreg_eval_v1","RETRAIN_REQUIRED","DERIVED feature variant is not persisted; only BASE features are available.","Snapshot persists only BASE features mid_price,spread,time_left_min; no DERIVED artifact or fold-level feature evidence."
"843","RAW","LAGS",,,,"1",,,"polymarket_logreg_eval_v1","RETRAIN_REQUIRED","LAGS feature variant is not persisted; only BASE features are available.","Snapshot persists only BASE features mid_price,spread,time_left_min; no LAGS artifact or fold-level feature evidence."
"843","RAW","SEQUENCE",,,,"1",,,"polymarket_logreg_eval_v1","RETRAIN_REQUIRED","SEQUENCE feature variant is not persisted; sequence_coverage=1.0 alone does not prove a persisted sequence artifact.","Snapshot persists only BASE features mid_price,spread,time_left_min; no SEQUENCE artifact or fold-level feature evidence."
"843","PLATT","BASE","0,1",,"time_decay(tau=5)","1","GROUPED_WALK_FORWARD; fold_id not persisted","103","polymarket_logreg_eval_v1","RETRAIN_REQUIRED","PLATT calibration artifact is not persisted for this candidate; the persisted method is RAW.","BASE features and raw OOF score are available, but no candidate-specific PLATT assignment/calibration artifact is available."
"843","PLATT","DERIVED",,,,"1",,,"polymarket_logreg_eval_v1","RETRAIN_REQUIRED","DERIVED feature variant is not persisted; only BASE features are available.","Snapshot persists only BASE features mid_price,spread,time_left_min; no DERIVED artifact or fold-level feature evidence."
"843","PLATT","LAGS",,,,"1",,,"polymarket_logreg_eval_v1","RETRAIN_REQUIRED","LAGS feature variant is not persisted; only BASE features are available.","Snapshot persists only BASE features mid_price,spread,time_left_min; no LAGS artifact or fold-level feature evidence."
"843","PLATT","SEQUENCE",,,,"1",,,"polymarket_logreg_eval_v1","RETRAIN_REQUIRED","SEQUENCE feature variant is not persisted; sequence_coverage=1.0 alone does not prove a persisted sequence artifact.","Snapshot persists only BASE features mid_price,spread,time_left_min; no SEQUENCE artifact or fold-level feature evidence."
"843","ISOTONIC","BASE","0,1",,"time_decay(tau=5)","1","GROUPED_WALK_FORWARD; fold_id not persisted","103","polymarket_logreg_eval_v1","RETRAIN_REQUIRED","ISOTONIC requires retraining with persisted fold_id and calibration membership.","Step 3 commit 79bc49c: fold_id and train/calibration/validation membership are absent for all 60 candidates; no retrospective Isotonic."
"843","ISOTONIC","DERIVED",,,,"1",,,"polymarket_logreg_eval_v1","RETRAIN_REQUIRED","DERIVED feature variant is not persisted; only BASE features are available.","Snapshot persists only BASE features mid_price,spread,time_left_min; no DERIVED artifact or fold-level feature evidence."
"843","ISOTONIC","LAGS",,,,"1",,,"polymarket_logreg_eval_v1","RETRAIN_REQUIRED","LAGS feature variant is not persisted; only BASE features are available.","Snapshot persists only BASE features mid_price,spread,time_left_min; no LAGS artifact or fold-level feature evidence."
"843","ISOTONIC","SEQUENCE",,,,"1",,,"polymarket_logreg_eval_v1","RETRAIN_REQUIRED","SEQUENCE feature variant is not persisted; sequence_coverage=1.0 alone does not prove a persisted sequence artifact.","Snapshot persists only BASE features mid_price,spread,time_left_min; no SEQUENCE artifact or fold-level feature evidence."
"844","RAW","BASE","0,1",,"uniform","1","GROUPED_WALK_FORWARD; fold_id not persisted","104","polymarket_logreg_eval_v1","REPLAY_READY","RAW score is persisted and the OOF artifact is VALID_FOR_REPLAY.","BASE features=mid_price,spread,time_left_min; raw_score=true; artifact is VALID_FOR_REPLAY; protocol=polymarket_logreg_eval_v1; fold_id is not persisted but RAW replay does not require retrospective calibration."
"844","RAW","DERIVED",,,,"1",,,"polymarket_logreg_eval_v1","RETRAIN_REQUIRED","DERIVED feature variant is not persisted; only BASE features are available.","Snapshot persists only BASE features mid_price,spread,time_left_min; no DERIVED artifact or fold-level feature evidence."
"844","RAW","LAGS",,,,"1",,,"polymarket_logreg_eval_v1","RETRAIN_REQUIRED","LAGS feature variant is not persisted; only BASE features are available.","Snapshot persists only BASE features mid_price,spread,time_left_min; no LAGS artifact or fold-level feature evidence."
"844","RAW","SEQUENCE",,,,"1",,,"polymarket_logreg_eval_v1","RETRAIN_REQUIRED","SEQUENCE feature variant is not persisted; sequence_coverage=1.0 alone does not prove a persisted sequence artifact.","Snapshot persists only BASE features mid_price,spread,time_left_min; no SEQUENCE artifact or fold-level feature evidence."
"844","PLATT","BASE","0,1",,"uniform","1","GROUPED_WALK_FORWARD; fold_id not persisted","104","polymarket_logreg_eval_v1","RETRAIN_REQUIRED","PLATT calibration artifact is not persisted for this candidate; the persisted method is RAW.","BASE features and raw OOF score are available, but no candidate-specific PLATT assignment/calibration artifact is available."
"844","PLATT","DERIVED",,,,"1",,,"polymarket_logreg_eval_v1","RETRAIN_REQUIRED","DERIVED feature variant is not persisted; only BASE features are available.","Snapshot persists only BASE features mid_price,spread,time_left_min; no DERIVED artifact or fold-level feature evidence."
"844","PLATT","LAGS",,,,"1",,,"polymarket_logreg_eval_v1","RETRAIN_REQUIRED","LAGS feature variant is not persisted; only BASE features are available.","Snapshot persists only BASE features mid_price,spread,time_left_min; no LAGS artifact or fold-level feature evidence."
"844","PLATT","SEQUENCE",,,,"1",,,"polymarket_logreg_eval_v1","RETRAIN_REQUIRED","SEQUENCE feature variant is not persisted; sequence_coverage=1.0 alone does not prove a persisted sequence artifact.","Snapshot persists only BASE features mid_price,spread,time_left_min; no SEQUENCE artifact or fold-level feature evidence."
"844","ISOTONIC","BASE","0,1",,"uniform","1","GROUPED_WALK_FORWARD; fold_id not persisted","104","polymarket_logreg_eval_v1","RETRAIN_REQUIRED","ISOTONIC requires retraining with persisted fold_id and calibration membership.","Step 3 commit 79bc49c: fold_id and train/calibration/validation membership are absent for all 60 candidates; no retrospective Isotonic."
"844","ISOTONIC","DERIVED",,,,"1",,,"polymarket_logreg_eval_v1","RETRAIN_REQUIRED","DERIVED feature variant is not persisted; only BASE features are available.","Snapshot persists only BASE features mid_price,spread,time_left_min; no DERIVED artifact or fold-level feature evidence."
"844","ISOTONIC","LAGS",,,,"1",,,"polymarket_logreg_eval_v1","RETRAIN_REQUIRED","LAGS feature variant is not persisted; only BASE features are available.","Snapshot persists only BASE features mid_price,spread,time_left_min; no LAGS artifact or fold-level feature evidence."
"844","ISOTONIC","SEQUENCE",,,,"1",,,"polymarket_logreg_eval_v1","RETRAIN_REQUIRED","SEQUENCE feature variant is not persisted; sequence_coverage=1.0 alone does not prove a persisted sequence artifact.","Snapshot persists only BASE features mid_price,spread,time_left_min; no SEQUENCE artifact or fold-level feature evidence."
"845","RAW","BASE","0,1",,"uniform","1","GROUPED_WALK_FORWARD; fold_id not persisted","105","polymarket_logreg_eval_v1","REPLAY_READY","RAW score is persisted and the OOF artifact is VALID_FOR_REPLAY.","BASE features=mid_price,spread,time_left_min; raw_score=true; artifact is VALID_FOR_REPLAY; protocol=polymarket_logreg_eval_v1; fold_id is not persisted but RAW replay does not require retrospective calibration."
"845","RAW","DERIVED",,,,"1",,,"polymarket_logreg_eval_v1","RETRAIN_REQUIRED","DERIVED feature variant is not persisted; only BASE features are available.","Snapshot persists only BASE features mid_price,spread,time_left_min; no DERIVED artifact or fold-level feature evidence."
"845","RAW","LAGS",,,,"1",,,"polymarket_logreg_eval_v1","RETRAIN_REQUIRED","LAGS feature variant is not persisted; only BASE features are available.","Snapshot persists only BASE features mid_price,spread,time_left_min; no LAGS artifact or fold-level feature evidence."
"845","RAW","SEQUENCE",,,,"1",,,"polymarket_logreg_eval_v1","RETRAIN_REQUIRED","SEQUENCE feature variant is not persisted; sequence_coverage=1.0 alone does not prove a persisted sequence artifact.","Snapshot persists only BASE features mid_price,spread,time_left_min; no SEQUENCE artifact or fold-level feature evidence."
"845","PLATT","BASE","0,1",,"uniform","1","GROUPED_WALK_FORWARD; fold_id not persisted","105","polymarket_logreg_eval_v1","REPLAY_READY","Persisted training_params.calibration_method=PLATT for this candidate.","BASE features=mid_price,spread,time_left_min; persisted PLATT assignment; calibrated_score=true; artifact is VALID_FOR_REPLAY; protocol=polymarket_logreg_eval_v1."
"845","PLATT","DERIVED",,,,"1",,,"polymarket_logreg_eval_v1","RETRAIN_REQUIRED","DERIVED feature variant is not persisted; only BASE features are available.","Snapshot persists only BASE features mid_price,spread,time_left_min; no DERIVED artifact or fold-level feature evidence."
"845","PLATT","LAGS",,,,"1",,,"polymarket_logreg_eval_v1","RETRAIN_REQUIRED","LAGS feature variant is not persisted; only BASE features are available.","Snapshot persists only BASE features mid_price,spread,time_left_min; no LAGS artifact or fold-level feature evidence."
"845","PLATT","SEQUENCE",,,,"1",,,"polymarket_logreg_eval_v1","RETRAIN_REQUIRED","SEQUENCE feature variant is not persisted; sequence_coverage=1.0 alone does not prove a persisted sequence artifact.","Snapshot persists only BASE features mid_price,spread,time_left_min; no SEQUENCE artifact or fold-level feature evidence."
"845","ISOTONIC","BASE","0,1",,"uniform","1","GROUPED_WALK_FORWARD; fold_id not persisted","105","polymarket_logreg_eval_v1","RETRAIN_REQUIRED","ISOTONIC requires retraining with persisted fold_id and calibration membership.","Step 3 commit 79bc49c: fold_id and train/calibration/validation membership are absent for all 60 candidates; no retrospective Isotonic."
"845","ISOTONIC","DERIVED",,,,"1",,,"polymarket_logreg_eval_v1","RETRAIN_REQUIRED","DERIVED feature variant is not persisted; only BASE features are available.","Snapshot persists only BASE features mid_price,spread,time_left_min; no DERIVED artifact or fold-level feature evidence."
"845","ISOTONIC","LAGS",,,,"1",,,"polymarket_logreg_eval_v1","RETRAIN_REQUIRED","LAGS feature variant is not persisted; only BASE features are available.","Snapshot persists only BASE features mid_price,spread,time_left_min; no LAGS artifact or fold-level feature evidence."
"845","ISOTONIC","SEQUENCE",,,,"1",,,"polymarket_logreg_eval_v1","RETRAIN_REQUIRED","SEQUENCE feature variant is not persisted; sequence_coverage=1.0 alone does not prove a persisted sequence artifact.","Snapshot persists only BASE features mid_price,spread,time_left_min; no SEQUENCE artifact or fold-level feature evidence."
"846","RAW","BASE","0,1",,"time_decay(tau=5)","1","GROUPED_WALK_FORWARD; fold_id not persisted","106","polymarket_logreg_eval_v1","REPLAY_READY","RAW score is persisted and the OOF artifact is VALID_FOR_REPLAY.","BASE features=mid_price,spread,time_left_min; raw_score=true; artifact is VALID_FOR_REPLAY; protocol=polymarket_logreg_eval_v1; fold_id is not persisted but RAW replay does not require retrospective calibration."
"846","RAW","DERIVED",,,,"1",,,"polymarket_logreg_eval_v1","RETRAIN_REQUIRED","DERIVED feature variant is not persisted; only BASE features are available.","Snapshot persists only BASE features mid_price,spread,time_left_min; no DERIVED artifact or fold-level feature evidence."
"846","RAW","LAGS",,,,"1",,,"polymarket_logreg_eval_v1","RETRAIN_REQUIRED","LAGS feature variant is not persisted; only BASE features are available.","Snapshot persists only BASE features mid_price,spread,time_left_min; no LAGS artifact or fold-level feature evidence."
"846","RAW","SEQUENCE",,,,"1",,,"polymarket_logreg_eval_v1","RETRAIN_REQUIRED","SEQUENCE feature variant is not persisted; sequence_coverage=1.0 alone does not prove a persisted sequence artifact.","Snapshot persists only BASE features mid_price,spread,time_left_min; no SEQUENCE artifact or fold-level feature evidence."
"846","PLATT","BASE","0,1",,"time_decay(tau=5)","1","GROUPED_WALK_FORWARD; fold_id not persisted","106","polymarket_logreg_eval_v1","RETRAIN_REQUIRED","PLATT calibration artifact is not persisted for this candidate; the persisted method is RAW.","BASE features and raw OOF score are available, but no candidate-specific PLATT assignment/calibration artifact is available."
"846","PLATT","DERIVED",,,,"1",,,"polymarket_logreg_eval_v1","RETRAIN_REQUIRED","DERIVED feature variant is not persisted; only BASE features are available.","Snapshot persists only BASE features mid_price,spread,time_left_min; no DERIVED artifact or fold-level feature evidence."
"846","PLATT","LAGS",,,,"1",,,"polymarket_logreg_eval_v1","RETRAIN_REQUIRED","LAGS feature variant is not persisted; only BASE features are available.","Snapshot persists only BASE features mid_price,spread,time_left_min; no LAGS artifact or fold-level feature evidence."
"846","PLATT","SEQUENCE",,,,"1",,,"polymarket_logreg_eval_v1","RETRAIN_REQUIRED","SEQUENCE feature variant is not persisted; sequence_coverage=1.0 alone does not prove a persisted sequence artifact.","Snapshot persists only BASE features mid_price,spread,time_left_min; no SEQUENCE artifact or fold-level feature evidence."
"846","ISOTONIC","BASE","0,1",,"time_decay(tau=5)","1","GROUPED_WALK_FORWARD; fold_id not persisted","106","polymarket_logreg_eval_v1","RETRAIN_REQUIRED","ISOTONIC requires retraining with persisted fold_id and calibration membership.","Step 3 commit 79bc49c: fold_id and train/calibration/validation membership are absent for all 60 candidates; no retrospective Isotonic."
"846","ISOTONIC","DERIVED",,,,"1",,,"polymarket_logreg_eval_v1","RETRAIN_REQUIRED","DERIVED feature variant is not persisted; only BASE features are available.","Snapshot persists only BASE features mid_price,spread,time_left_min; no DERIVED artifact or fold-level feature evidence."
"846","ISOTONIC","LAGS",,,,"1",,,"polymarket_logreg_eval_v1","RETRAIN_REQUIRED","LAGS feature variant is not persisted; only BASE features are available.","Snapshot persists only BASE features mid_price,spread,time_left_min; no LAGS artifact or fold-level feature evidence."
"846","ISOTONIC","SEQUENCE",,,,"1",,,"polymarket_logreg_eval_v1","RETRAIN_REQUIRED","SEQUENCE feature variant is not persisted; sequence_coverage=1.0 alone does not prove a persisted sequence artifact.","Snapshot persists only BASE features mid_price,spread,time_left_min; no SEQUENCE artifact or fold-level feature evidence."
"847","RAW","BASE","0,1",,"uniform","1","GROUPED_WALK_FORWARD; fold_id not persisted","107","polymarket_logreg_eval_v1","REPLAY_READY","RAW score is persisted and the OOF artifact is VALID_FOR_REPLAY.","BASE features=mid_price,spread,time_left_min; raw_score=true; artifact is VALID_FOR_REPLAY; protocol=polymarket_logreg_eval_v1; fold_id is not persisted but RAW replay does not require retrospective calibration."
"847","RAW","DERIVED",,,,"1",,,"polymarket_logreg_eval_v1","RETRAIN_REQUIRED","DERIVED feature variant is not persisted; only BASE features are available.","Snapshot persists only BASE features mid_price,spread,time_left_min; no DERIVED artifact or fold-level feature evidence."
"847","RAW","LAGS",,,,"1",,,"polymarket_logreg_eval_v1","RETRAIN_REQUIRED","LAGS feature variant is not persisted; only BASE features are available.","Snapshot persists only BASE features mid_price,spread,time_left_min; no LAGS artifact or fold-level feature evidence."
"847","RAW","SEQUENCE",,,,"1",,,"polymarket_logreg_eval_v1","RETRAIN_REQUIRED","SEQUENCE feature variant is not persisted; sequence_coverage=1.0 alone does not prove a persisted sequence artifact.","Snapshot persists only BASE features mid_price,spread,time_left_min; no SEQUENCE artifact or fold-level feature evidence."
"847","PLATT","BASE","0,1",,"uniform","1","GROUPED_WALK_FORWARD; fold_id not persisted","107","polymarket_logreg_eval_v1","RETRAIN_REQUIRED","PLATT calibration artifact is not persisted for this candidate; the persisted method is RAW.","BASE features and raw OOF score are available, but no candidate-specific PLATT assignment/calibration artifact is available."
"847","PLATT","DERIVED",,,,"1",,,"polymarket_logreg_eval_v1","RETRAIN_REQUIRED","DERIVED feature variant is not persisted; only BASE features are available.","Snapshot persists only BASE features mid_price,spread,time_left_min; no DERIVED artifact or fold-level feature evidence."
"847","PLATT","LAGS",,,,"1",,,"polymarket_logreg_eval_v1","RETRAIN_REQUIRED","LAGS feature variant is not persisted; only BASE features are available.","Snapshot persists only BASE features mid_price,spread,time_left_min; no LAGS artifact or fold-level feature evidence."
"847","PLATT","SEQUENCE",,,,"1",,,"polymarket_logreg_eval_v1","RETRAIN_REQUIRED","SEQUENCE feature variant is not persisted; sequence_coverage=1.0 alone does not prove a persisted sequence artifact.","Snapshot persists only BASE features mid_price,spread,time_left_min; no SEQUENCE artifact or fold-level feature evidence."
"847","ISOTONIC","BASE","0,1",,"uniform","1","GROUPED_WALK_FORWARD; fold_id not persisted","107","polymarket_logreg_eval_v1","RETRAIN_REQUIRED","ISOTONIC requires retraining with persisted fold_id and calibration membership.","Step 3 commit 79bc49c: fold_id and train/calibration/validation membership are absent for all 60 candidates; no retrospective Isotonic."
"847","ISOTONIC","DERIVED",,,,"1",,,"polymarket_logreg_eval_v1","RETRAIN_REQUIRED","DERIVED feature variant is not persisted; only BASE features are available.","Snapshot persists only BASE features mid_price,spread,time_left_min; no DERIVED artifact or fold-level feature evidence."
"847","ISOTONIC","LAGS",,,,"1",,,"polymarket_logreg_eval_v1","RETRAIN_REQUIRED","LAGS feature variant is not persisted; only BASE features are available.","Snapshot persists only BASE features mid_price,spread,time_left_min; no LAGS artifact or fold-level feature evidence."
"847","ISOTONIC","SEQUENCE",,,,"1",,,"polymarket_logreg_eval_v1","RETRAIN_REQUIRED","SEQUENCE feature variant is not persisted; sequence_coverage=1.0 alone does not prove a persisted sequence artifact.","Snapshot persists only BASE features mid_price,spread,time_left_min; no SEQUENCE artifact or fold-level feature evidence."
"848","RAW","BASE","0,1",,"uniform","1","GROUPED_WALK_FORWARD; fold_id not persisted","108","polymarket_logreg_eval_v1","REPLAY_READY","RAW score is persisted and the OOF artifact is VALID_FOR_REPLAY.","BASE features=mid_price,spread,time_left_min; raw_score=true; artifact is VALID_FOR_REPLAY; protocol=polymarket_logreg_eval_v1; fold_id is not persisted but RAW replay does not require retrospective calibration."
"848","RAW","DERIVED",,,,"1",,,"polymarket_logreg_eval_v1","RETRAIN_REQUIRED","DERIVED feature variant is not persisted; only BASE features are available.","Snapshot persists only BASE features mid_price,spread,time_left_min; no DERIVED artifact or fold-level feature evidence."
"848","RAW","LAGS",,,,"1",,,"polymarket_logreg_eval_v1","RETRAIN_REQUIRED","LAGS feature variant is not persisted; only BASE features are available.","Snapshot persists only BASE features mid_price,spread,time_left_min; no LAGS artifact or fold-level feature evidence."
"848","RAW","SEQUENCE",,,,"1",,,"polymarket_logreg_eval_v1","RETRAIN_REQUIRED","SEQUENCE feature variant is not persisted; sequence_coverage=1.0 alone does not prove a persisted sequence artifact.","Snapshot persists only BASE features mid_price,spread,time_left_min; no SEQUENCE artifact or fold-level feature evidence."
"848","PLATT","BASE","0,1",,"uniform","1","GROUPED_WALK_FORWARD; fold_id not persisted","108","polymarket_logreg_eval_v1","REPLAY_READY","Persisted training_params.calibration_method=PLATT for this candidate.","BASE features=mid_price,spread,time_left_min; persisted PLATT assignment; calibrated_score=true; artifact is VALID_FOR_REPLAY; protocol=polymarket_logreg_eval_v1."
"848","PLATT","DERIVED",,,,"1",,,"polymarket_logreg_eval_v1","RETRAIN_REQUIRED","DERIVED feature variant is not persisted; only BASE features are available.","Snapshot persists only BASE features mid_price,spread,time_left_min; no DERIVED artifact or fold-level feature evidence."
"848","PLATT","LAGS",,,,"1",,,"polymarket_logreg_eval_v1","RETRAIN_REQUIRED","LAGS feature variant is not persisted; only BASE features are available.","Snapshot persists only BASE features mid_price,spread,time_left_min; no LAGS artifact or fold-level feature evidence."
"848","PLATT","SEQUENCE",,,,"1",,,"polymarket_logreg_eval_v1","RETRAIN_REQUIRED","SEQUENCE feature variant is not persisted; sequence_coverage=1.0 alone does not prove a persisted sequence artifact.","Snapshot persists only BASE features mid_price,spread,time_left_min; no SEQUENCE artifact or fold-level feature evidence."
"848","ISOTONIC","BASE","0,1",,"uniform","1","GROUPED_WALK_FORWARD; fold_id not persisted","108","polymarket_logreg_eval_v1","RETRAIN_REQUIRED","ISOTONIC requires retraining with persisted fold_id and calibration membership.","Step 3 commit 79bc49c: fold_id and train/calibration/validation membership are absent for all 60 candidates; no retrospective Isotonic."
"848","ISOTONIC","DERIVED",,,,"1",,,"polymarket_logreg_eval_v1","RETRAIN_REQUIRED","DERIVED feature variant is not persisted; only BASE features are available.","Snapshot persists only BASE features mid_price,spread,time_left_min; no DERIVED artifact or fold-level feature evidence."
"848","ISOTONIC","LAGS",,,,"1",,,"polymarket_logreg_eval_v1","RETRAIN_REQUIRED","LAGS feature variant is not persisted; only BASE features are available.","Snapshot persists only BASE features mid_price,spread,time_left_min; no LAGS artifact or fold-level feature evidence."
"848","ISOTONIC","SEQUENCE",,,,"1",,,"polymarket_logreg_eval_v1","RETRAIN_REQUIRED","SEQUENCE feature variant is not persisted; sequence_coverage=1.0 alone does not prove a persisted sequence artifact.","Snapshot persists only BASE features mid_price,spread,time_left_min; no SEQUENCE artifact or fold-level feature evidence."
"849","RAW","BASE","0,1",,"time_decay(tau=5)","1","GROUPED_WALK_FORWARD; fold_id not persisted","109","polymarket_logreg_eval_v1","REPLAY_READY","RAW score is persisted and the OOF artifact is VALID_FOR_REPLAY.","BASE features=mid_price,spread,time_left_min; raw_score=true; artifact is VALID_FOR_REPLAY; protocol=polymarket_logreg_eval_v1; fold_id is not persisted but RAW replay does not require retrospective calibration."
"849","RAW","DERIVED",,,,"1",,,"polymarket_logreg_eval_v1","RETRAIN_REQUIRED","DERIVED feature variant is not persisted; only BASE features are available.","Snapshot persists only BASE features mid_price,spread,time_left_min; no DERIVED artifact or fold-level feature evidence."
"849","RAW","LAGS",,,,"1",,,"polymarket_logreg_eval_v1","RETRAIN_REQUIRED","LAGS feature variant is not persisted; only BASE features are available.","Snapshot persists only BASE features mid_price,spread,time_left_min; no LAGS artifact or fold-level feature evidence."
"849","RAW","SEQUENCE",,,,"1",,,"polymarket_logreg_eval_v1","RETRAIN_REQUIRED","SEQUENCE feature variant is not persisted; sequence_coverage=1.0 alone does not prove a persisted sequence artifact.","Snapshot persists only BASE features mid_price,spread,time_left_min; no SEQUENCE artifact or fold-level feature evidence."
"849","PLATT","BASE","0,1",,"time_decay(tau=5)","1","GROUPED_WALK_FORWARD; fold_id not persisted","109","polymarket_logreg_eval_v1","RETRAIN_REQUIRED","PLATT calibration artifact is not persisted for this candidate; the persisted method is RAW.","BASE features and raw OOF score are available, but no candidate-specific PLATT assignment/calibration artifact is available."
"849","PLATT","DERIVED",,,,"1",,,"polymarket_logreg_eval_v1","RETRAIN_REQUIRED","DERIVED feature variant is not persisted; only BASE features are available.","Snapshot persists only BASE features mid_price,spread,time_left_min; no DERIVED artifact or fold-level feature evidence."
"849","PLATT","LAGS",,,,"1",,,"polymarket_logreg_eval_v1","RETRAIN_REQUIRED","LAGS feature variant is not persisted; only BASE features are available.","Snapshot persists only BASE features mid_price,spread,time_left_min; no LAGS artifact or fold-level feature evidence."
"849","PLATT","SEQUENCE",,,,"1",,,"polymarket_logreg_eval_v1","RETRAIN_REQUIRED","SEQUENCE feature variant is not persisted; sequence_coverage=1.0 alone does not prove a persisted sequence artifact.","Snapshot persists only BASE features mid_price,spread,time_left_min; no SEQUENCE artifact or fold-level feature evidence."
"849","ISOTONIC","BASE","0,1",,"time_decay(tau=5)","1","GROUPED_WALK_FORWARD; fold_id not persisted","109","polymarket_logreg_eval_v1","RETRAIN_REQUIRED","ISOTONIC requires retraining with persisted fold_id and calibration membership.","Step 3 commit 79bc49c: fold_id and train/calibration/validation membership are absent for all 60 candidates; no retrospective Isotonic."
"849","ISOTONIC","DERIVED",,,,"1",,,"polymarket_logreg_eval_v1","RETRAIN_REQUIRED","DERIVED feature variant is not persisted; only BASE features are available.","Snapshot persists only BASE features mid_price,spread,time_left_min; no DERIVED artifact or fold-level feature evidence."
"849","ISOTONIC","LAGS",,,,"1",,,"polymarket_logreg_eval_v1","RETRAIN_REQUIRED","LAGS feature variant is not persisted; only BASE features are available.","Snapshot persists only BASE features mid_price,spread,time_left_min; no LAGS artifact or fold-level feature evidence."
"849","ISOTONIC","SEQUENCE",,,,"1",,,"polymarket_logreg_eval_v1","RETRAIN_REQUIRED","SEQUENCE feature variant is not persisted; sequence_coverage=1.0 alone does not prove a persisted sequence artifact.","Snapshot persists only BASE features mid_price,spread,time_left_min; no SEQUENCE artifact or fold-level feature evidence."
"850","RAW","BASE","0,1",,"uniform","1","GROUPED_WALK_FORWARD; fold_id not persisted","110","polymarket_logreg_eval_v1","REPLAY_READY","RAW score is persisted and the OOF artifact is VALID_FOR_REPLAY.","BASE features=mid_price,spread,time_left_min; raw_score=true; artifact is VALID_FOR_REPLAY; protocol=polymarket_logreg_eval_v1; fold_id is not persisted but RAW replay does not require retrospective calibration."
"850","RAW","DERIVED",,,,"1",,,"polymarket_logreg_eval_v1","RETRAIN_REQUIRED","DERIVED feature variant is not persisted; only BASE features are available.","Snapshot persists only BASE features mid_price,spread,time_left_min; no DERIVED artifact or fold-level feature evidence."
"850","RAW","LAGS",,,,"1",,,"polymarket_logreg_eval_v1","RETRAIN_REQUIRED","LAGS feature variant is not persisted; only BASE features are available.","Snapshot persists only BASE features mid_price,spread,time_left_min; no LAGS artifact or fold-level feature evidence."
"850","RAW","SEQUENCE",,,,"1",,,"polymarket_logreg_eval_v1","RETRAIN_REQUIRED","SEQUENCE feature variant is not persisted; sequence_coverage=1.0 alone does not prove a persisted sequence artifact.","Snapshot persists only BASE features mid_price,spread,time_left_min; no SEQUENCE artifact or fold-level feature evidence."
"850","PLATT","BASE","0,1",,"uniform","1","GROUPED_WALK_FORWARD; fold_id not persisted","110","polymarket_logreg_eval_v1","RETRAIN_REQUIRED","PLATT calibration artifact is not persisted for this candidate; the persisted method is RAW.","BASE features and raw OOF score are available, but no candidate-specific PLATT assignment/calibration artifact is available."
"850","PLATT","DERIVED",,,,"1",,,"polymarket_logreg_eval_v1","RETRAIN_REQUIRED","DERIVED feature variant is not persisted; only BASE features are available.","Snapshot persists only BASE features mid_price,spread,time_left_min; no DERIVED artifact or fold-level feature evidence."
"850","PLATT","LAGS",,,,"1",,,"polymarket_logreg_eval_v1","RETRAIN_REQUIRED","LAGS feature variant is not persisted; only BASE features are available.","Snapshot persists only BASE features mid_price,spread,time_left_min; no LAGS artifact or fold-level feature evidence."
"850","PLATT","SEQUENCE",,,,"1",,,"polymarket_logreg_eval_v1","RETRAIN_REQUIRED","SEQUENCE feature variant is not persisted; sequence_coverage=1.0 alone does not prove a persisted sequence artifact.","Snapshot persists only BASE features mid_price,spread,time_left_min; no SEQUENCE artifact or fold-level feature evidence."
"850","ISOTONIC","BASE","0,1",,"uniform","1","GROUPED_WALK_FORWARD; fold_id not persisted","110","polymarket_logreg_eval_v1","RETRAIN_REQUIRED","ISOTONIC requires retraining with persisted fold_id and calibration membership.","Step 3 commit 79bc49c: fold_id and train/calibration/validation membership are absent for all 60 candidates; no retrospective Isotonic."
"850","ISOTONIC","DERIVED",,,,"1",,,"polymarket_logreg_eval_v1","RETRAIN_REQUIRED","DERIVED feature variant is not persisted; only BASE features are available.","Snapshot persists only BASE features mid_price,spread,time_left_min; no DERIVED artifact or fold-level feature evidence."
"850","ISOTONIC","LAGS",,,,"1",,,"polymarket_logreg_eval_v1","RETRAIN_REQUIRED","LAGS feature variant is not persisted; only BASE features are available.","Snapshot persists only BASE features mid_price,spread,time_left_min; no LAGS artifact or fold-level feature evidence."
"850","ISOTONIC","SEQUENCE",,,,"1",,,"polymarket_logreg_eval_v1","RETRAIN_REQUIRED","SEQUENCE feature variant is not persisted; sequence_coverage=1.0 alone does not prove a persisted sequence artifact.","Snapshot persists only BASE features mid_price,spread,time_left_min; no SEQUENCE artifact or fold-level feature evidence."
"851","RAW","BASE","0,1",,"uniform","1","GROUPED_WALK_FORWARD; fold_id not persisted","111","polymarket_logreg_eval_v1","REPLAY_READY","RAW score is persisted and the OOF artifact is VALID_FOR_REPLAY.","BASE features=mid_price,spread,time_left_min; raw_score=true; artifact is VALID_FOR_REPLAY; protocol=polymarket_logreg_eval_v1; fold_id is not persisted but RAW replay does not require retrospective calibration."
"851","RAW","DERIVED",,,,"1",,,"polymarket_logreg_eval_v1","RETRAIN_REQUIRED","DERIVED feature variant is not persisted; only BASE features are available.","Snapshot persists only BASE features mid_price,spread,time_left_min; no DERIVED artifact or fold-level feature evidence."
"851","RAW","LAGS",,,,"1",,,"polymarket_logreg_eval_v1","RETRAIN_REQUIRED","LAGS feature variant is not persisted; only BASE features are available.","Snapshot persists only BASE features mid_price,spread,time_left_min; no LAGS artifact or fold-level feature evidence."
"851","RAW","SEQUENCE",,,,"1",,,"polymarket_logreg_eval_v1","RETRAIN_REQUIRED","SEQUENCE feature variant is not persisted; sequence_coverage=1.0 alone does not prove a persisted sequence artifact.","Snapshot persists only BASE features mid_price,spread,time_left_min; no SEQUENCE artifact or fold-level feature evidence."
"851","PLATT","BASE","0,1",,"uniform","1","GROUPED_WALK_FORWARD; fold_id not persisted","111","polymarket_logreg_eval_v1","REPLAY_READY","Persisted training_params.calibration_method=PLATT for this candidate.","BASE features=mid_price,spread,time_left_min; persisted PLATT assignment; calibrated_score=true; artifact is VALID_FOR_REPLAY; protocol=polymarket_logreg_eval_v1."
"851","PLATT","DERIVED",,,,"1",,,"polymarket_logreg_eval_v1","RETRAIN_REQUIRED","DERIVED feature variant is not persisted; only BASE features are available.","Snapshot persists only BASE features mid_price,spread,time_left_min; no DERIVED artifact or fold-level feature evidence."
"851","PLATT","LAGS",,,,"1",,,"polymarket_logreg_eval_v1","RETRAIN_REQUIRED","LAGS feature variant is not persisted; only BASE features are available.","Snapshot persists only BASE features mid_price,spread,time_left_min; no LAGS artifact or fold-level feature evidence."
"851","PLATT","SEQUENCE",,,,"1",,,"polymarket_logreg_eval_v1","RETRAIN_REQUIRED","SEQUENCE feature variant is not persisted; sequence_coverage=1.0 alone does not prove a persisted sequence artifact.","Snapshot persists only BASE features mid_price,spread,time_left_min; no SEQUENCE artifact or fold-level feature evidence."
"851","ISOTONIC","BASE","0,1",,"uniform","1","GROUPED_WALK_FORWARD; fold_id not persisted","111","polymarket_logreg_eval_v1","RETRAIN_REQUIRED","ISOTONIC requires retraining with persisted fold_id and calibration membership.","Step 3 commit 79bc49c: fold_id and train/calibration/validation membership are absent for all 60 candidates; no retrospective Isotonic."
"851","ISOTONIC","DERIVED",,,,"1",,,"polymarket_logreg_eval_v1","RETRAIN_REQUIRED","DERIVED feature variant is not persisted; only BASE features are available.","Snapshot persists only BASE features mid_price,spread,time_left_min; no DERIVED artifact or fold-level feature evidence."
"851","ISOTONIC","LAGS",,,,"1",,,"polymarket_logreg_eval_v1","RETRAIN_REQUIRED","LAGS feature variant is not persisted; only BASE features are available.","Snapshot persists only BASE features mid_price,spread,time_left_min; no LAGS artifact or fold-level feature evidence."
"851","ISOTONIC","SEQUENCE",,,,"1",,,"polymarket_logreg_eval_v1","RETRAIN_REQUIRED","SEQUENCE feature variant is not persisted; sequence_coverage=1.0 alone does not prove a persisted sequence artifact.","Snapshot persists only BASE features mid_price,spread,time_left_min; no SEQUENCE artifact or fold-level feature evidence."
"852","RAW","BASE","0,1",,"time_decay(tau=5)","1","GROUPED_WALK_FORWARD; fold_id not persisted","112","polymarket_logreg_eval_v1","REPLAY_READY","RAW score is persisted and the OOF artifact is VALID_FOR_REPLAY.","BASE features=mid_price,spread,time_left_min; raw_score=true; artifact is VALID_FOR_REPLAY; protocol=polymarket_logreg_eval_v1; fold_id is not persisted but RAW replay does not require retrospective calibration."
"852","RAW","DERIVED",,,,"1",,,"polymarket_logreg_eval_v1","RETRAIN_REQUIRED","DERIVED feature variant is not persisted; only BASE features are available.","Snapshot persists only BASE features mid_price,spread,time_left_min; no DERIVED artifact or fold-level feature evidence."
"852","RAW","LAGS",,,,"1",,,"polymarket_logreg_eval_v1","RETRAIN_REQUIRED","LAGS feature variant is not persisted; only BASE features are available.","Snapshot persists only BASE features mid_price,spread,time_left_min; no LAGS artifact or fold-level feature evidence."
"852","RAW","SEQUENCE",,,,"1",,,"polymarket_logreg_eval_v1","RETRAIN_REQUIRED","SEQUENCE feature variant is not persisted; sequence_coverage=1.0 alone does not prove a persisted sequence artifact.","Snapshot persists only BASE features mid_price,spread,time_left_min; no SEQUENCE artifact or fold-level feature evidence."
"852","PLATT","BASE","0,1",,"time_decay(tau=5)","1","GROUPED_WALK_FORWARD; fold_id not persisted","112","polymarket_logreg_eval_v1","RETRAIN_REQUIRED","PLATT calibration artifact is not persisted for this candidate; the persisted method is RAW.","BASE features and raw OOF score are available, but no candidate-specific PLATT assignment/calibration artifact is available."
"852","PLATT","DERIVED",,,,"1",,,"polymarket_logreg_eval_v1","RETRAIN_REQUIRED","DERIVED feature variant is not persisted; only BASE features are available.","Snapshot persists only BASE features mid_price,spread,time_left_min; no DERIVED artifact or fold-level feature evidence."
"852","PLATT","LAGS",,,,"1",,,"polymarket_logreg_eval_v1","RETRAIN_REQUIRED","LAGS feature variant is not persisted; only BASE features are available.","Snapshot persists only BASE features mid_price,spread,time_left_min; no LAGS artifact or fold-level feature evidence."
"852","PLATT","SEQUENCE",,,,"1",,,"polymarket_logreg_eval_v1","RETRAIN_REQUIRED","SEQUENCE feature variant is not persisted; sequence_coverage=1.0 alone does not prove a persisted sequence artifact.","Snapshot persists only BASE features mid_price,spread,time_left_min; no SEQUENCE artifact or fold-level feature evidence."
"852","ISOTONIC","BASE","0,1",,"time_decay(tau=5)","1","GROUPED_WALK_FORWARD; fold_id not persisted","112","polymarket_logreg_eval_v1","RETRAIN_REQUIRED","ISOTONIC requires retraining with persisted fold_id and calibration membership.","Step 3 commit 79bc49c: fold_id and train/calibration/validation membership are absent for all 60 candidates; no retrospective Isotonic."
"852","ISOTONIC","DERIVED",,,,"1",,,"polymarket_logreg_eval_v1","RETRAIN_REQUIRED","DERIVED feature variant is not persisted; only BASE features are available.","Snapshot persists only BASE features mid_price,spread,time_left_min; no DERIVED artifact or fold-level feature evidence."
"852","ISOTONIC","LAGS",,,,"1",,,"polymarket_logreg_eval_v1","RETRAIN_REQUIRED","LAGS feature variant is not persisted; only BASE features are available.","Snapshot persists only BASE features mid_price,spread,time_left_min; no LAGS artifact or fold-level feature evidence."
"852","ISOTONIC","SEQUENCE",,,,"1",,,"polymarket_logreg_eval_v1","RETRAIN_REQUIRED","SEQUENCE feature variant is not persisted; sequence_coverage=1.0 alone does not prove a persisted sequence artifact.","Snapshot persists only BASE features mid_price,spread,time_left_min; no SEQUENCE artifact or fold-level feature evidence."
"853","RAW","BASE","0,1",,"uniform","1","GROUPED_WALK_FORWARD; fold_id not persisted","113","polymarket_logreg_eval_v1","REPLAY_READY","RAW score is persisted and the OOF artifact is VALID_FOR_REPLAY.","BASE features=mid_price,spread,time_left_min; raw_score=true; artifact is VALID_FOR_REPLAY; protocol=polymarket_logreg_eval_v1; fold_id is not persisted but RAW replay does not require retrospective calibration."
"853","RAW","DERIVED",,,,"1",,,"polymarket_logreg_eval_v1","RETRAIN_REQUIRED","DERIVED feature variant is not persisted; only BASE features are available.","Snapshot persists only BASE features mid_price,spread,time_left_min; no DERIVED artifact or fold-level feature evidence."
"853","RAW","LAGS",,,,"1",,,"polymarket_logreg_eval_v1","RETRAIN_REQUIRED","LAGS feature variant is not persisted; only BASE features are available.","Snapshot persists only BASE features mid_price,spread,time_left_min; no LAGS artifact or fold-level feature evidence."
"853","RAW","SEQUENCE",,,,"1",,,"polymarket_logreg_eval_v1","RETRAIN_REQUIRED","SEQUENCE feature variant is not persisted; sequence_coverage=1.0 alone does not prove a persisted sequence artifact.","Snapshot persists only BASE features mid_price,spread,time_left_min; no SEQUENCE artifact or fold-level feature evidence."
"853","PLATT","BASE","0,1",,"uniform","1","GROUPED_WALK_FORWARD; fold_id not persisted","113","polymarket_logreg_eval_v1","RETRAIN_REQUIRED","PLATT calibration artifact is not persisted for this candidate; the persisted method is RAW.","BASE features and raw OOF score are available, but no candidate-specific PLATT assignment/calibration artifact is available."
"853","PLATT","DERIVED",,,,"1",,,"polymarket_logreg_eval_v1","RETRAIN_REQUIRED","DERIVED feature variant is not persisted; only BASE features are available.","Snapshot persists only BASE features mid_price,spread,time_left_min; no DERIVED artifact or fold-level feature evidence."
"853","PLATT","LAGS",,,,"1",,,"polymarket_logreg_eval_v1","RETRAIN_REQUIRED","LAGS feature variant is not persisted; only BASE features are available.","Snapshot persists only BASE features mid_price,spread,time_left_min; no LAGS artifact or fold-level feature evidence."
"853","PLATT","SEQUENCE",,,,"1",,,"polymarket_logreg_eval_v1","RETRAIN_REQUIRED","SEQUENCE feature variant is not persisted; sequence_coverage=1.0 alone does not prove a persisted sequence artifact.","Snapshot persists only BASE features mid_price,spread,time_left_min; no SEQUENCE artifact or fold-level feature evidence."
"853","ISOTONIC","BASE","0,1",,"uniform","1","GROUPED_WALK_FORWARD; fold_id not persisted","113","polymarket_logreg_eval_v1","RETRAIN_REQUIRED","ISOTONIC requires retraining with persisted fold_id and calibration membership.","Step 3 commit 79bc49c: fold_id and train/calibration/validation membership are absent for all 60 candidates; no retrospective Isotonic."
"853","ISOTONIC","DERIVED",,,,"1",,,"polymarket_logreg_eval_v1","RETRAIN_REQUIRED","DERIVED feature variant is not persisted; only BASE features are available.","Snapshot persists only BASE features mid_price,spread,time_left_min; no DERIVED artifact or fold-level feature evidence."
"853","ISOTONIC","LAGS",,,,"1",,,"polymarket_logreg_eval_v1","RETRAIN_REQUIRED","LAGS feature variant is not persisted; only BASE features are available.","Snapshot persists only BASE features mid_price,spread,time_left_min; no LAGS artifact or fold-level feature evidence."
"853","ISOTONIC","SEQUENCE",,,,"1",,,"polymarket_logreg_eval_v1","RETRAIN_REQUIRED","SEQUENCE feature variant is not persisted; sequence_coverage=1.0 alone does not prove a persisted sequence artifact.","Snapshot persists only BASE features mid_price,spread,time_left_min; no SEQUENCE artifact or fold-level feature evidence."
"854","RAW","BASE","0,1",,"uniform","1","GROUPED_WALK_FORWARD; fold_id not persisted","114","polymarket_logreg_eval_v1","REPLAY_READY","RAW score is persisted and the OOF artifact is VALID_FOR_REPLAY.","BASE features=mid_price,spread,time_left_min; raw_score=true; artifact is VALID_FOR_REPLAY; protocol=polymarket_logreg_eval_v1; fold_id is not persisted but RAW replay does not require retrospective calibration."
"854","RAW","DERIVED",,,,"1",,,"polymarket_logreg_eval_v1","RETRAIN_REQUIRED","DERIVED feature variant is not persisted; only BASE features are available.","Snapshot persists only BASE features mid_price,spread,time_left_min; no DERIVED artifact or fold-level feature evidence."
"854","RAW","LAGS",,,,"1",,,"polymarket_logreg_eval_v1","RETRAIN_REQUIRED","LAGS feature variant is not persisted; only BASE features are available.","Snapshot persists only BASE features mid_price,spread,time_left_min; no LAGS artifact or fold-level feature evidence."
"854","RAW","SEQUENCE",,,,"1",,,"polymarket_logreg_eval_v1","RETRAIN_REQUIRED","SEQUENCE feature variant is not persisted; sequence_coverage=1.0 alone does not prove a persisted sequence artifact.","Snapshot persists only BASE features mid_price,spread,time_left_min; no SEQUENCE artifact or fold-level feature evidence."
"854","PLATT","BASE","0,1",,"uniform","1","GROUPED_WALK_FORWARD; fold_id not persisted","114","polymarket_logreg_eval_v1","REPLAY_READY","Persisted training_params.calibration_method=PLATT for this candidate.","BASE features=mid_price,spread,time_left_min; persisted PLATT assignment; calibrated_score=true; artifact is VALID_FOR_REPLAY; protocol=polymarket_logreg_eval_v1."
"854","PLATT","DERIVED",,,,"1",,,"polymarket_logreg_eval_v1","RETRAIN_REQUIRED","DERIVED feature variant is not persisted; only BASE features are available.","Snapshot persists only BASE features mid_price,spread,time_left_min; no DERIVED artifact or fold-level feature evidence."
"854","PLATT","LAGS",,,,"1",,,"polymarket_logreg_eval_v1","RETRAIN_REQUIRED","LAGS feature variant is not persisted; only BASE features are available.","Snapshot persists only BASE features mid_price,spread,time_left_min; no LAGS artifact or fold-level feature evidence."
"854","PLATT","SEQUENCE",,,,"1",,,"polymarket_logreg_eval_v1","RETRAIN_REQUIRED","SEQUENCE feature variant is not persisted; sequence_coverage=1.0 alone does not prove a persisted sequence artifact.","Snapshot persists only BASE features mid_price,spread,time_left_min; no SEQUENCE artifact or fold-level feature evidence."
"854","ISOTONIC","BASE","0,1",,"uniform","1","GROUPED_WALK_FORWARD; fold_id not persisted","114","polymarket_logreg_eval_v1","RETRAIN_REQUIRED","ISOTONIC requires retraining with persisted fold_id and calibration membership.","Step 3 commit 79bc49c: fold_id and train/calibration/validation membership are absent for all 60 candidates; no retrospective Isotonic."
"854","ISOTONIC","DERIVED",,,,"1",,,"polymarket_logreg_eval_v1","RETRAIN_REQUIRED","DERIVED feature variant is not persisted; only BASE features are available.","Snapshot persists only BASE features mid_price,spread,time_left_min; no DERIVED artifact or fold-level feature evidence."
"854","ISOTONIC","LAGS",,,,"1",,,"polymarket_logreg_eval_v1","RETRAIN_REQUIRED","LAGS feature variant is not persisted; only BASE features are available.","Snapshot persists only BASE features mid_price,spread,time_left_min; no LAGS artifact or fold-level feature evidence."
"854","ISOTONIC","SEQUENCE",,,,"1",,,"polymarket_logreg_eval_v1","RETRAIN_REQUIRED","SEQUENCE feature variant is not persisted; sequence_coverage=1.0 alone does not prove a persisted sequence artifact.","Snapshot persists only BASE features mid_price,spread,time_left_min; no SEQUENCE artifact or fold-level feature evidence."
"855","RAW","BASE","0,1",,"time_decay(tau=5)","1","GROUPED_WALK_FORWARD; fold_id not persisted","115","polymarket_logreg_eval_v1","REPLAY_READY","RAW score is persisted and the OOF artifact is VALID_FOR_REPLAY.","BASE features=mid_price,spread,time_left_min; raw_score=true; artifact is VALID_FOR_REPLAY; protocol=polymarket_logreg_eval_v1; fold_id is not persisted but RAW replay does not require retrospective calibration."
"855","RAW","DERIVED",,,,"1",,,"polymarket_logreg_eval_v1","RETRAIN_REQUIRED","DERIVED feature variant is not persisted; only BASE features are available.","Snapshot persists only BASE features mid_price,spread,time_left_min; no DERIVED artifact or fold-level feature evidence."
"855","RAW","LAGS",,,,"1",,,"polymarket_logreg_eval_v1","RETRAIN_REQUIRED","LAGS feature variant is not persisted; only BASE features are available.","Snapshot persists only BASE features mid_price,spread,time_left_min; no LAGS artifact or fold-level feature evidence."
"855","RAW","SEQUENCE",,,,"1",,,"polymarket_logreg_eval_v1","RETRAIN_REQUIRED","SEQUENCE feature variant is not persisted; sequence_coverage=1.0 alone does not prove a persisted sequence artifact.","Snapshot persists only BASE features mid_price,spread,time_left_min; no SEQUENCE artifact or fold-level feature evidence."
"855","PLATT","BASE","0,1",,"time_decay(tau=5)","1","GROUPED_WALK_FORWARD; fold_id not persisted","115","polymarket_logreg_eval_v1","RETRAIN_REQUIRED","PLATT calibration artifact is not persisted for this candidate; the persisted method is RAW.","BASE features and raw OOF score are available, but no candidate-specific PLATT assignment/calibration artifact is available."
"855","PLATT","DERIVED",,,,"1",,,"polymarket_logreg_eval_v1","RETRAIN_REQUIRED","DERIVED feature variant is not persisted; only BASE features are available.","Snapshot persists only BASE features mid_price,spread,time_left_min; no DERIVED artifact or fold-level feature evidence."
"855","PLATT","LAGS",,,,"1",,,"polymarket_logreg_eval_v1","RETRAIN_REQUIRED","LAGS feature variant is not persisted; only BASE features are available.","Snapshot persists only BASE features mid_price,spread,time_left_min; no LAGS artifact or fold-level feature evidence."
"855","PLATT","SEQUENCE",,,,"1",,,"polymarket_logreg_eval_v1","RETRAIN_REQUIRED","SEQUENCE feature variant is not persisted; sequence_coverage=1.0 alone does not prove a persisted sequence artifact.","Snapshot persists only BASE features mid_price,spread,time_left_min; no SEQUENCE artifact or fold-level feature evidence."
"855","ISOTONIC","BASE","0,1",,"time_decay(tau=5)","1","GROUPED_WALK_FORWARD; fold_id not persisted","115","polymarket_logreg_eval_v1","RETRAIN_REQUIRED","ISOTONIC requires retraining with persisted fold_id and calibration membership.","Step 3 commit 79bc49c: fold_id and train/calibration/validation membership are absent for all 60 candidates; no retrospective Isotonic."
"855","ISOTONIC","DERIVED",,,,"1",,,"polymarket_logreg_eval_v1","RETRAIN_REQUIRED","DERIVED feature variant is not persisted; only BASE features are available.","Snapshot persists only BASE features mid_price,spread,time_left_min; no DERIVED artifact or fold-level feature evidence."
"855","ISOTONIC","LAGS",,,,"1",,,"polymarket_logreg_eval_v1","RETRAIN_REQUIRED","LAGS feature variant is not persisted; only BASE features are available.","Snapshot persists only BASE features mid_price,spread,time_left_min; no LAGS artifact or fold-level feature evidence."
"855","ISOTONIC","SEQUENCE",,,,"1",,,"polymarket_logreg_eval_v1","RETRAIN_REQUIRED","SEQUENCE feature variant is not persisted; sequence_coverage=1.0 alone does not prove a persisted sequence artifact.","Snapshot persists only BASE features mid_price,spread,time_left_min; no SEQUENCE artifact or fold-level feature evidence."
"856","RAW","BASE","0,1",,"uniform","1","GROUPED_WALK_FORWARD; fold_id not persisted","116","polymarket_logreg_eval_v1","REPLAY_READY","RAW score is persisted and the OOF artifact is VALID_FOR_REPLAY.","BASE features=mid_price,spread,time_left_min; raw_score=true; artifact is VALID_FOR_REPLAY; protocol=polymarket_logreg_eval_v1; fold_id is not persisted but RAW replay does not require retrospective calibration."
"856","RAW","DERIVED",,,,"1",,,"polymarket_logreg_eval_v1","RETRAIN_REQUIRED","DERIVED feature variant is not persisted; only BASE features are available.","Snapshot persists only BASE features mid_price,spread,time_left_min; no DERIVED artifact or fold-level feature evidence."
"856","RAW","LAGS",,,,"1",,,"polymarket_logreg_eval_v1","RETRAIN_REQUIRED","LAGS feature variant is not persisted; only BASE features are available.","Snapshot persists only BASE features mid_price,spread,time_left_min; no LAGS artifact or fold-level feature evidence."
"856","RAW","SEQUENCE",,,,"1",,,"polymarket_logreg_eval_v1","RETRAIN_REQUIRED","SEQUENCE feature variant is not persisted; sequence_coverage=1.0 alone does not prove a persisted sequence artifact.","Snapshot persists only BASE features mid_price,spread,time_left_min; no SEQUENCE artifact or fold-level feature evidence."
"856","PLATT","BASE","0,1",,"uniform","1","GROUPED_WALK_FORWARD; fold_id not persisted","116","polymarket_logreg_eval_v1","RETRAIN_REQUIRED","PLATT calibration artifact is not persisted for this candidate; the persisted method is RAW.","BASE features and raw OOF score are available, but no candidate-specific PLATT assignment/calibration artifact is available."
"856","PLATT","DERIVED",,,,"1",,,"polymarket_logreg_eval_v1","RETRAIN_REQUIRED","DERIVED feature variant is not persisted; only BASE features are available.","Snapshot persists only BASE features mid_price,spread,time_left_min; no DERIVED artifact or fold-level feature evidence."
"856","PLATT","LAGS",,,,"1",,,"polymarket_logreg_eval_v1","RETRAIN_REQUIRED","LAGS feature variant is not persisted; only BASE features are available.","Snapshot persists only BASE features mid_price,spread,time_left_min; no LAGS artifact or fold-level feature evidence."
"856","PLATT","SEQUENCE",,,,"1",,,"polymarket_logreg_eval_v1","RETRAIN_REQUIRED","SEQUENCE feature variant is not persisted; sequence_coverage=1.0 alone does not prove a persisted sequence artifact.","Snapshot persists only BASE features mid_price,spread,time_left_min; no SEQUENCE artifact or fold-level feature evidence."
"856","ISOTONIC","BASE","0,1",,"uniform","1","GROUPED_WALK_FORWARD; fold_id not persisted","116","polymarket_logreg_eval_v1","RETRAIN_REQUIRED","ISOTONIC requires retraining with persisted fold_id and calibration membership.","Step 3 commit 79bc49c: fold_id and train/calibration/validation membership are absent for all 60 candidates; no retrospective Isotonic."
"856","ISOTONIC","DERIVED",,,,"1",,,"polymarket_logreg_eval_v1","RETRAIN_REQUIRED","DERIVED feature variant is not persisted; only BASE features are available.","Snapshot persists only BASE features mid_price,spread,time_left_min; no DERIVED artifact or fold-level feature evidence."
"856","ISOTONIC","LAGS",,,,"1",,,"polymarket_logreg_eval_v1","RETRAIN_REQUIRED","LAGS feature variant is not persisted; only BASE features are available.","Snapshot persists only BASE features mid_price,spread,time_left_min; no LAGS artifact or fold-level feature evidence."
"856","ISOTONIC","SEQUENCE",,,,"1",,,"polymarket_logreg_eval_v1","RETRAIN_REQUIRED","SEQUENCE feature variant is not persisted; sequence_coverage=1.0 alone does not prove a persisted sequence artifact.","Snapshot persists only BASE features mid_price,spread,time_left_min; no SEQUENCE artifact or fold-level feature evidence."
"857","RAW","BASE","0,1",,"uniform","1","GROUPED_WALK_FORWARD; fold_id not persisted","117","polymarket_logreg_eval_v1","REPLAY_READY","RAW score is persisted and the OOF artifact is VALID_FOR_REPLAY.","BASE features=mid_price,spread,time_left_min; raw_score=true; artifact is VALID_FOR_REPLAY; protocol=polymarket_logreg_eval_v1; fold_id is not persisted but RAW replay does not require retrospective calibration."
"857","RAW","DERIVED",,,,"1",,,"polymarket_logreg_eval_v1","RETRAIN_REQUIRED","DERIVED feature variant is not persisted; only BASE features are available.","Snapshot persists only BASE features mid_price,spread,time_left_min; no DERIVED artifact or fold-level feature evidence."
"857","RAW","LAGS",,,,"1",,,"polymarket_logreg_eval_v1","RETRAIN_REQUIRED","LAGS feature variant is not persisted; only BASE features are available.","Snapshot persists only BASE features mid_price,spread,time_left_min; no LAGS artifact or fold-level feature evidence."
"857","RAW","SEQUENCE",,,,"1",,,"polymarket_logreg_eval_v1","RETRAIN_REQUIRED","SEQUENCE feature variant is not persisted; sequence_coverage=1.0 alone does not prove a persisted sequence artifact.","Snapshot persists only BASE features mid_price,spread,time_left_min; no SEQUENCE artifact or fold-level feature evidence."
"857","PLATT","BASE","0,1",,"uniform","1","GROUPED_WALK_FORWARD; fold_id not persisted","117","polymarket_logreg_eval_v1","REPLAY_READY","Persisted training_params.calibration_method=PLATT for this candidate.","BASE features=mid_price,spread,time_left_min; persisted PLATT assignment; calibrated_score=true; artifact is VALID_FOR_REPLAY; protocol=polymarket_logreg_eval_v1."
"857","PLATT","DERIVED",,,,"1",,,"polymarket_logreg_eval_v1","RETRAIN_REQUIRED","DERIVED feature variant is not persisted; only BASE features are available.","Snapshot persists only BASE features mid_price,spread,time_left_min; no DERIVED artifact or fold-level feature evidence."
"857","PLATT","LAGS",,,,"1",,,"polymarket_logreg_eval_v1","RETRAIN_REQUIRED","LAGS feature variant is not persisted; only BASE features are available.","Snapshot persists only BASE features mid_price,spread,time_left_min; no LAGS artifact or fold-level feature evidence."
"857","PLATT","SEQUENCE",,,,"1",,,"polymarket_logreg_eval_v1","RETRAIN_REQUIRED","SEQUENCE feature variant is not persisted; sequence_coverage=1.0 alone does not prove a persisted sequence artifact.","Snapshot persists only BASE features mid_price,spread,time_left_min; no SEQUENCE artifact or fold-level feature evidence."
"857","ISOTONIC","BASE","0,1",,"uniform","1","GROUPED_WALK_FORWARD; fold_id not persisted","117","polymarket_logreg_eval_v1","RETRAIN_REQUIRED","ISOTONIC requires retraining with persisted fold_id and calibration membership.","Step 3 commit 79bc49c: fold_id and train/calibration/validation membership are absent for all 60 candidates; no retrospective Isotonic."
"857","ISOTONIC","DERIVED",,,,"1",,,"polymarket_logreg_eval_v1","RETRAIN_REQUIRED","DERIVED feature variant is not persisted; only BASE features are available.","Snapshot persists only BASE features mid_price,spread,time_left_min; no DERIVED artifact or fold-level feature evidence."
"857","ISOTONIC","LAGS",,,,"1",,,"polymarket_logreg_eval_v1","RETRAIN_REQUIRED","LAGS feature variant is not persisted; only BASE features are available.","Snapshot persists only BASE features mid_price,spread,time_left_min; no LAGS artifact or fold-level feature evidence."
"857","ISOTONIC","SEQUENCE",,,,"1",,,"polymarket_logreg_eval_v1","RETRAIN_REQUIRED","SEQUENCE feature variant is not persisted; sequence_coverage=1.0 alone does not prove a persisted sequence artifact.","Snapshot persists only BASE features mid_price,spread,time_left_min; no SEQUENCE artifact or fold-level feature evidence."
"858","RAW","BASE","0,1",,"time_decay(tau=5)","1","GROUPED_WALK_FORWARD; fold_id not persisted","118","polymarket_logreg_eval_v1","REPLAY_READY","RAW score is persisted and the OOF artifact is VALID_FOR_REPLAY.","BASE features=mid_price,spread,time_left_min; raw_score=true; artifact is VALID_FOR_REPLAY; protocol=polymarket_logreg_eval_v1; fold_id is not persisted but RAW replay does not require retrospective calibration."
"858","RAW","DERIVED",,,,"1",,,"polymarket_logreg_eval_v1","RETRAIN_REQUIRED","DERIVED feature variant is not persisted; only BASE features are available.","Snapshot persists only BASE features mid_price,spread,time_left_min; no DERIVED artifact or fold-level feature evidence."
"858","RAW","LAGS",,,,"1",,,"polymarket_logreg_eval_v1","RETRAIN_REQUIRED","LAGS feature variant is not persisted; only BASE features are available.","Snapshot persists only BASE features mid_price,spread,time_left_min; no LAGS artifact or fold-level feature evidence."
"858","RAW","SEQUENCE",,,,"1",,,"polymarket_logreg_eval_v1","RETRAIN_REQUIRED","SEQUENCE feature variant is not persisted; sequence_coverage=1.0 alone does not prove a persisted sequence artifact.","Snapshot persists only BASE features mid_price,spread,time_left_min; no SEQUENCE artifact or fold-level feature evidence."
"858","PLATT","BASE","0,1",,"time_decay(tau=5)","1","GROUPED_WALK_FORWARD; fold_id not persisted","118","polymarket_logreg_eval_v1","RETRAIN_REQUIRED","PLATT calibration artifact is not persisted for this candidate; the persisted method is RAW.","BASE features and raw OOF score are available, but no candidate-specific PLATT assignment/calibration artifact is available."
"858","PLATT","DERIVED",,,,"1",,,"polymarket_logreg_eval_v1","RETRAIN_REQUIRED","DERIVED feature variant is not persisted; only BASE features are available.","Snapshot persists only BASE features mid_price,spread,time_left_min; no DERIVED artifact or fold-level feature evidence."
"858","PLATT","LAGS",,,,"1",,,"polymarket_logreg_eval_v1","RETRAIN_REQUIRED","LAGS feature variant is not persisted; only BASE features are available.","Snapshot persists only BASE features mid_price,spread,time_left_min; no LAGS artifact or fold-level feature evidence."
"858","PLATT","SEQUENCE",,,,"1",,,"polymarket_logreg_eval_v1","RETRAIN_REQUIRED","SEQUENCE feature variant is not persisted; sequence_coverage=1.0 alone does not prove a persisted sequence artifact.","Snapshot persists only BASE features mid_price,spread,time_left_min; no SEQUENCE artifact or fold-level feature evidence."
"858","ISOTONIC","BASE","0,1",,"time_decay(tau=5)","1","GROUPED_WALK_FORWARD; fold_id not persisted","118","polymarket_logreg_eval_v1","RETRAIN_REQUIRED","ISOTONIC requires retraining with persisted fold_id and calibration membership.","Step 3 commit 79bc49c: fold_id and train/calibration/validation membership are absent for all 60 candidates; no retrospective Isotonic."
"858","ISOTONIC","DERIVED",,,,"1",,,"polymarket_logreg_eval_v1","RETRAIN_REQUIRED","DERIVED feature variant is not persisted; only BASE features are available.","Snapshot persists only BASE features mid_price,spread,time_left_min; no DERIVED artifact or fold-level feature evidence."
"858","ISOTONIC","LAGS",,,,"1",,,"polymarket_logreg_eval_v1","RETRAIN_REQUIRED","LAGS feature variant is not persisted; only BASE features are available.","Snapshot persists only BASE features mid_price,spread,time_left_min; no LAGS artifact or fold-level feature evidence."
"858","ISOTONIC","SEQUENCE",,,,"1",,,"polymarket_logreg_eval_v1","RETRAIN_REQUIRED","SEQUENCE feature variant is not persisted; sequence_coverage=1.0 alone does not prove a persisted sequence artifact.","Snapshot persists only BASE features mid_price,spread,time_left_min; no SEQUENCE artifact or fold-level feature evidence."
"859","RAW","BASE","0,1",,"uniform","1","GROUPED_WALK_FORWARD; fold_id not persisted","119","polymarket_logreg_eval_v1","REPLAY_READY","RAW score is persisted and the OOF artifact is VALID_FOR_REPLAY.","BASE features=mid_price,spread,time_left_min; raw_score=true; artifact is VALID_FOR_REPLAY; protocol=polymarket_logreg_eval_v1; fold_id is not persisted but RAW replay does not require retrospective calibration."
"859","RAW","DERIVED",,,,"1",,,"polymarket_logreg_eval_v1","RETRAIN_REQUIRED","DERIVED feature variant is not persisted; only BASE features are available.","Snapshot persists only BASE features mid_price,spread,time_left_min; no DERIVED artifact or fold-level feature evidence."
"859","RAW","LAGS",,,,"1",,,"polymarket_logreg_eval_v1","RETRAIN_REQUIRED","LAGS feature variant is not persisted; only BASE features are available.","Snapshot persists only BASE features mid_price,spread,time_left_min; no LAGS artifact or fold-level feature evidence."
"859","RAW","SEQUENCE",,,,"1",,,"polymarket_logreg_eval_v1","RETRAIN_REQUIRED","SEQUENCE feature variant is not persisted; sequence_coverage=1.0 alone does not prove a persisted sequence artifact.","Snapshot persists only BASE features mid_price,spread,time_left_min; no SEQUENCE artifact or fold-level feature evidence."
"859","PLATT","BASE","0,1",,"uniform","1","GROUPED_WALK_FORWARD; fold_id not persisted","119","polymarket_logreg_eval_v1","RETRAIN_REQUIRED","PLATT calibration artifact is not persisted for this candidate; the persisted method is RAW.","BASE features and raw OOF score are available, but no candidate-specific PLATT assignment/calibration artifact is available."
"859","PLATT","DERIVED",,,,"1",,,"polymarket_logreg_eval_v1","RETRAIN_REQUIRED","DERIVED feature variant is not persisted; only BASE features are available.","Snapshot persists only BASE features mid_price,spread,time_left_min; no DERIVED artifact or fold-level feature evidence."
"859","PLATT","LAGS",,,,"1",,,"polymarket_logreg_eval_v1","RETRAIN_REQUIRED","LAGS feature variant is not persisted; only BASE features are available.","Snapshot persists only BASE features mid_price,spread,time_left_min; no LAGS artifact or fold-level feature evidence."
"859","PLATT","SEQUENCE",,,,"1",,,"polymarket_logreg_eval_v1","RETRAIN_REQUIRED","SEQUENCE feature variant is not persisted; sequence_coverage=1.0 alone does not prove a persisted sequence artifact.","Snapshot persists only BASE features mid_price,spread,time_left_min; no SEQUENCE artifact or fold-level feature evidence."
"859","ISOTONIC","BASE","0,1",,"uniform","1","GROUPED_WALK_FORWARD; fold_id not persisted","119","polymarket_logreg_eval_v1","RETRAIN_REQUIRED","ISOTONIC requires retraining with persisted fold_id and calibration membership.","Step 3 commit 79bc49c: fold_id and train/calibration/validation membership are absent for all 60 candidates; no retrospective Isotonic."
"859","ISOTONIC","DERIVED",,,,"1",,,"polymarket_logreg_eval_v1","RETRAIN_REQUIRED","DERIVED feature variant is not persisted; only BASE features are available.","Snapshot persists only BASE features mid_price,spread,time_left_min; no DERIVED artifact or fold-level feature evidence."
"859","ISOTONIC","LAGS",,,,"1",,,"polymarket_logreg_eval_v1","RETRAIN_REQUIRED","LAGS feature variant is not persisted; only BASE features are available.","Snapshot persists only BASE features mid_price,spread,time_left_min; no LAGS artifact or fold-level feature evidence."
"859","ISOTONIC","SEQUENCE",,,,"1",,,"polymarket_logreg_eval_v1","RETRAIN_REQUIRED","SEQUENCE feature variant is not persisted; sequence_coverage=1.0 alone does not prove a persisted sequence artifact.","Snapshot persists only BASE features mid_price,spread,time_left_min; no SEQUENCE artifact or fold-level feature evidence."
"860","RAW","BASE","0,1",,"uniform","1","GROUPED_WALK_FORWARD; fold_id not persisted","120","polymarket_logreg_eval_v1","REPLAY_READY","RAW score is persisted and the OOF artifact is VALID_FOR_REPLAY.","BASE features=mid_price,spread,time_left_min; raw_score=true; artifact is VALID_FOR_REPLAY; protocol=polymarket_logreg_eval_v1; fold_id is not persisted but RAW replay does not require retrospective calibration."
"860","RAW","DERIVED",,,,"1",,,"polymarket_logreg_eval_v1","RETRAIN_REQUIRED","DERIVED feature variant is not persisted; only BASE features are available.","Snapshot persists only BASE features mid_price,spread,time_left_min; no DERIVED artifact or fold-level feature evidence."
"860","RAW","LAGS",,,,"1",,,"polymarket_logreg_eval_v1","RETRAIN_REQUIRED","LAGS feature variant is not persisted; only BASE features are available.","Snapshot persists only BASE features mid_price,spread,time_left_min; no LAGS artifact or fold-level feature evidence."
"860","RAW","SEQUENCE",,,,"1",,,"polymarket_logreg_eval_v1","RETRAIN_REQUIRED","SEQUENCE feature variant is not persisted; sequence_coverage=1.0 alone does not prove a persisted sequence artifact.","Snapshot persists only BASE features mid_price,spread,time_left_min; no SEQUENCE artifact or fold-level feature evidence."
"860","PLATT","BASE","0,1",,"uniform","1","GROUPED_WALK_FORWARD; fold_id not persisted","120","polymarket_logreg_eval_v1","REPLAY_READY","Persisted training_params.calibration_method=PLATT for this candidate.","BASE features=mid_price,spread,time_left_min; persisted PLATT assignment; calibrated_score=true; artifact is VALID_FOR_REPLAY; protocol=polymarket_logreg_eval_v1."
"860","PLATT","DERIVED",,,,"1",,,"polymarket_logreg_eval_v1","RETRAIN_REQUIRED","DERIVED feature variant is not persisted; only BASE features are available.","Snapshot persists only BASE features mid_price,spread,time_left_min; no DERIVED artifact or fold-level feature evidence."
"860","PLATT","LAGS",,,,"1",,,"polymarket_logreg_eval_v1","RETRAIN_REQUIRED","LAGS feature variant is not persisted; only BASE features are available.","Snapshot persists only BASE features mid_price,spread,time_left_min; no LAGS artifact or fold-level feature evidence."
"860","PLATT","SEQUENCE",,,,"1",,,"polymarket_logreg_eval_v1","RETRAIN_REQUIRED","SEQUENCE feature variant is not persisted; sequence_coverage=1.0 alone does not prove a persisted sequence artifact.","Snapshot persists only BASE features mid_price,spread,time_left_min; no SEQUENCE artifact or fold-level feature evidence."
"860","ISOTONIC","BASE","0,1",,"uniform","1","GROUPED_WALK_FORWARD; fold_id not persisted","120","polymarket_logreg_eval_v1","RETRAIN_REQUIRED","ISOTONIC requires retraining with persisted fold_id and calibration membership.","Step 3 commit 79bc49c: fold_id and train/calibration/validation membership are absent for all 60 candidates; no retrospective Isotonic."
"860","ISOTONIC","DERIVED",,,,"1",,,"polymarket_logreg_eval_v1","RETRAIN_REQUIRED","DERIVED feature variant is not persisted; only BASE features are available.","Snapshot persists only BASE features mid_price,spread,time_left_min; no DERIVED artifact or fold-level feature evidence."
"860","ISOTONIC","LAGS",,,,"1",,,"polymarket_logreg_eval_v1","RETRAIN_REQUIRED","LAGS feature variant is not persisted; only BASE features are available.","Snapshot persists only BASE features mid_price,spread,time_left_min; no LAGS artifact or fold-level feature evidence."
"860","ISOTONIC","SEQUENCE",,,,"1",,,"polymarket_logreg_eval_v1","RETRAIN_REQUIRED","SEQUENCE feature variant is not persisted; sequence_coverage=1.0 alone does not prove a persisted sequence artifact.","Snapshot persists only BASE features mid_price,spread,time_left_min; no SEQUENCE artifact or fold-level feature evidence."
"861","RAW","BASE","0,1",,"time_decay(tau=5)","1","GROUPED_WALK_FORWARD; fold_id not persisted","121","polymarket_logreg_eval_v1","REPLAY_READY","RAW score is persisted and the OOF artifact is VALID_FOR_REPLAY.","BASE features=mid_price,spread,time_left_min; raw_score=true; artifact is VALID_FOR_REPLAY; protocol=polymarket_logreg_eval_v1; fold_id is not persisted but RAW replay does not require retrospective calibration."
"861","RAW","DERIVED",,,,"1",,,"polymarket_logreg_eval_v1","RETRAIN_REQUIRED","DERIVED feature variant is not persisted; only BASE features are available.","Snapshot persists only BASE features mid_price,spread,time_left_min; no DERIVED artifact or fold-level feature evidence."
"861","RAW","LAGS",,,,"1",,,"polymarket_logreg_eval_v1","RETRAIN_REQUIRED","LAGS feature variant is not persisted; only BASE features are available.","Snapshot persists only BASE features mid_price,spread,time_left_min; no LAGS artifact or fold-level feature evidence."
"861","RAW","SEQUENCE",,,,"1",,,"polymarket_logreg_eval_v1","RETRAIN_REQUIRED","SEQUENCE feature variant is not persisted; sequence_coverage=1.0 alone does not prove a persisted sequence artifact.","Snapshot persists only BASE features mid_price,spread,time_left_min; no SEQUENCE artifact or fold-level feature evidence."
"861","PLATT","BASE","0,1",,"time_decay(tau=5)","1","GROUPED_WALK_FORWARD; fold_id not persisted","121","polymarket_logreg_eval_v1","RETRAIN_REQUIRED","PLATT calibration artifact is not persisted for this candidate; the persisted method is RAW.","BASE features and raw OOF score are available, but no candidate-specific PLATT assignment/calibration artifact is available."
"861","PLATT","DERIVED",,,,"1",,,"polymarket_logreg_eval_v1","RETRAIN_REQUIRED","DERIVED feature variant is not persisted; only BASE features are available.","Snapshot persists only BASE features mid_price,spread,time_left_min; no DERIVED artifact or fold-level feature evidence."
"861","PLATT","LAGS",,,,"1",,,"polymarket_logreg_eval_v1","RETRAIN_REQUIRED","LAGS feature variant is not persisted; only BASE features are available.","Snapshot persists only BASE features mid_price,spread,time_left_min; no LAGS artifact or fold-level feature evidence."
"861","PLATT","SEQUENCE",,,,"1",,,"polymarket_logreg_eval_v1","RETRAIN_REQUIRED","SEQUENCE feature variant is not persisted; sequence_coverage=1.0 alone does not prove a persisted sequence artifact.","Snapshot persists only BASE features mid_price,spread,time_left_min; no SEQUENCE artifact or fold-level feature evidence."
"861","ISOTONIC","BASE","0,1",,"time_decay(tau=5)","1","GROUPED_WALK_FORWARD; fold_id not persisted","121","polymarket_logreg_eval_v1","RETRAIN_REQUIRED","ISOTONIC requires retraining with persisted fold_id and calibration membership.","Step 3 commit 79bc49c: fold_id and train/calibration/validation membership are absent for all 60 candidates; no retrospective Isotonic."
"861","ISOTONIC","DERIVED",,,,"1",,,"polymarket_logreg_eval_v1","RETRAIN_REQUIRED","DERIVED feature variant is not persisted; only BASE features are available.","Snapshot persists only BASE features mid_price,spread,time_left_min; no DERIVED artifact or fold-level feature evidence."
"861","ISOTONIC","LAGS",,,,"1",,,"polymarket_logreg_eval_v1","RETRAIN_REQUIRED","LAGS feature variant is not persisted; only BASE features are available.","Snapshot persists only BASE features mid_price,spread,time_left_min; no LAGS artifact or fold-level feature evidence."
"861","ISOTONIC","SEQUENCE",,,,"1",,,"polymarket_logreg_eval_v1","RETRAIN_REQUIRED","SEQUENCE feature variant is not persisted; sequence_coverage=1.0 alone does not prove a persisted sequence artifact.","Snapshot persists only BASE features mid_price,spread,time_left_min; no SEQUENCE artifact or fold-level feature evidence."
"862","RAW","BASE","0,1",,"uniform","1","GROUPED_WALK_FORWARD; fold_id not persisted","122","polymarket_logreg_eval_v1","REPLAY_READY","RAW score is persisted and the OOF artifact is VALID_FOR_REPLAY.","BASE features=mid_price,spread,time_left_min; raw_score=true; artifact is VALID_FOR_REPLAY; protocol=polymarket_logreg_eval_v1; fold_id is not persisted but RAW replay does not require retrospective calibration."
"862","RAW","DERIVED",,,,"1",,,"polymarket_logreg_eval_v1","RETRAIN_REQUIRED","DERIVED feature variant is not persisted; only BASE features are available.","Snapshot persists only BASE features mid_price,spread,time_left_min; no DERIVED artifact or fold-level feature evidence."
"862","RAW","LAGS",,,,"1",,,"polymarket_logreg_eval_v1","RETRAIN_REQUIRED","LAGS feature variant is not persisted; only BASE features are available.","Snapshot persists only BASE features mid_price,spread,time_left_min; no LAGS artifact or fold-level feature evidence."
"862","RAW","SEQUENCE",,,,"1",,,"polymarket_logreg_eval_v1","RETRAIN_REQUIRED","SEQUENCE feature variant is not persisted; sequence_coverage=1.0 alone does not prove a persisted sequence artifact.","Snapshot persists only BASE features mid_price,spread,time_left_min; no SEQUENCE artifact or fold-level feature evidence."
"862","PLATT","BASE","0,1",,"uniform","1","GROUPED_WALK_FORWARD; fold_id not persisted","122","polymarket_logreg_eval_v1","RETRAIN_REQUIRED","PLATT calibration artifact is not persisted for this candidate; the persisted method is RAW.","BASE features and raw OOF score are available, but no candidate-specific PLATT assignment/calibration artifact is available."
"862","PLATT","DERIVED",,,,"1",,,"polymarket_logreg_eval_v1","RETRAIN_REQUIRED","DERIVED feature variant is not persisted; only BASE features are available.","Snapshot persists only BASE features mid_price,spread,time_left_min; no DERIVED artifact or fold-level feature evidence."
"862","PLATT","LAGS",,,,"1",,,"polymarket_logreg_eval_v1","RETRAIN_REQUIRED","LAGS feature variant is not persisted; only BASE features are available.","Snapshot persists only BASE features mid_price,spread,time_left_min; no LAGS artifact or fold-level feature evidence."
"862","PLATT","SEQUENCE",,,,"1",,,"polymarket_logreg_eval_v1","RETRAIN_REQUIRED","SEQUENCE feature variant is not persisted; sequence_coverage=1.0 alone does not prove a persisted sequence artifact.","Snapshot persists only BASE features mid_price,spread,time_left_min; no SEQUENCE artifact or fold-level feature evidence."
"862","ISOTONIC","BASE","0,1",,"uniform","1","GROUPED_WALK_FORWARD; fold_id not persisted","122","polymarket_logreg_eval_v1","RETRAIN_REQUIRED","ISOTONIC requires retraining with persisted fold_id and calibration membership.","Step 3 commit 79bc49c: fold_id and train/calibration/validation membership are absent for all 60 candidates; no retrospective Isotonic."
"862","ISOTONIC","DERIVED",,,,"1",,,"polymarket_logreg_eval_v1","RETRAIN_REQUIRED","DERIVED feature variant is not persisted; only BASE features are available.","Snapshot persists only BASE features mid_price,spread,time_left_min; no DERIVED artifact or fold-level feature evidence."
"862","ISOTONIC","LAGS",,,,"1",,,"polymarket_logreg_eval_v1","RETRAIN_REQUIRED","LAGS feature variant is not persisted; only BASE features are available.","Snapshot persists only BASE features mid_price,spread,time_left_min; no LAGS artifact or fold-level feature evidence."
"862","ISOTONIC","SEQUENCE",,,,"1",,,"polymarket_logreg_eval_v1","RETRAIN_REQUIRED","SEQUENCE feature variant is not persisted; sequence_coverage=1.0 alone does not prove a persisted sequence artifact.","Snapshot persists only BASE features mid_price,spread,time_left_min; no SEQUENCE artifact or fold-level feature evidence."
"863","RAW","BASE","0,1",,"uniform","1","GROUPED_WALK_FORWARD; fold_id not persisted","123","polymarket_logreg_eval_v1","REPLAY_READY","RAW score is persisted and the OOF artifact is VALID_FOR_REPLAY.","BASE features=mid_price,spread,time_left_min; raw_score=true; artifact is VALID_FOR_REPLAY; protocol=polymarket_logreg_eval_v1; fold_id is not persisted but RAW replay does not require retrospective calibration."
"863","RAW","DERIVED",,,,"1",,,"polymarket_logreg_eval_v1","RETRAIN_REQUIRED","DERIVED feature variant is not persisted; only BASE features are available.","Snapshot persists only BASE features mid_price,spread,time_left_min; no DERIVED artifact or fold-level feature evidence."
"863","RAW","LAGS",,,,"1",,,"polymarket_logreg_eval_v1","RETRAIN_REQUIRED","LAGS feature variant is not persisted; only BASE features are available.","Snapshot persists only BASE features mid_price,spread,time_left_min; no LAGS artifact or fold-level feature evidence."
"863","RAW","SEQUENCE",,,,"1",,,"polymarket_logreg_eval_v1","RETRAIN_REQUIRED","SEQUENCE feature variant is not persisted; sequence_coverage=1.0 alone does not prove a persisted sequence artifact.","Snapshot persists only BASE features mid_price,spread,time_left_min; no SEQUENCE artifact or fold-level feature evidence."
"863","PLATT","BASE","0,1",,"uniform","1","GROUPED_WALK_FORWARD; fold_id not persisted","123","polymarket_logreg_eval_v1","REPLAY_READY","Persisted training_params.calibration_method=PLATT for this candidate.","BASE features=mid_price,spread,time_left_min; persisted PLATT assignment; calibrated_score=true; artifact is VALID_FOR_REPLAY; protocol=polymarket_logreg_eval_v1."
"863","PLATT","DERIVED",,,,"1",,,"polymarket_logreg_eval_v1","RETRAIN_REQUIRED","DERIVED feature variant is not persisted; only BASE features are available.","Snapshot persists only BASE features mid_price,spread,time_left_min; no DERIVED artifact or fold-level feature evidence."
"863","PLATT","LAGS",,,,"1",,,"polymarket_logreg_eval_v1","RETRAIN_REQUIRED","LAGS feature variant is not persisted; only BASE features are available.","Snapshot persists only BASE features mid_price,spread,time_left_min; no LAGS artifact or fold-level feature evidence."
"863","PLATT","SEQUENCE",,,,"1",,,"polymarket_logreg_eval_v1","RETRAIN_REQUIRED","SEQUENCE feature variant is not persisted; sequence_coverage=1.0 alone does not prove a persisted sequence artifact.","Snapshot persists only BASE features mid_price,spread,time_left_min; no SEQUENCE artifact or fold-level feature evidence."
"863","ISOTONIC","BASE","0,1",,"uniform","1","GROUPED_WALK_FORWARD; fold_id not persisted","123","polymarket_logreg_eval_v1","RETRAIN_REQUIRED","ISOTONIC requires retraining with persisted fold_id and calibration membership.","Step 3 commit 79bc49c: fold_id and train/calibration/validation membership are absent for all 60 candidates; no retrospective Isotonic."
"863","ISOTONIC","DERIVED",,,,"1",,,"polymarket_logreg_eval_v1","RETRAIN_REQUIRED","DERIVED feature variant is not persisted; only BASE features are available.","Snapshot persists only BASE features mid_price,spread,time_left_min; no DERIVED artifact or fold-level feature evidence."
"863","ISOTONIC","LAGS",,,,"1",,,"polymarket_logreg_eval_v1","RETRAIN_REQUIRED","LAGS feature variant is not persisted; only BASE features are available.","Snapshot persists only BASE features mid_price,spread,time_left_min; no LAGS artifact or fold-level feature evidence."
"863","ISOTONIC","SEQUENCE",,,,"1",,,"polymarket_logreg_eval_v1","RETRAIN_REQUIRED","SEQUENCE feature variant is not persisted; sequence_coverage=1.0 alone does not prove a persisted sequence artifact.","Snapshot persists only BASE features mid_price,spread,time_left_min; no SEQUENCE artifact or fold-level feature evidence."
"864","RAW","BASE","0,1",,"time_decay(tau=5)","1","GROUPED_WALK_FORWARD; fold_id not persisted","124","polymarket_logreg_eval_v1","REPLAY_READY","RAW score is persisted and the OOF artifact is VALID_FOR_REPLAY.","BASE features=mid_price,spread,time_left_min; raw_score=true; artifact is VALID_FOR_REPLAY; protocol=polymarket_logreg_eval_v1; fold_id is not persisted but RAW replay does not require retrospective calibration."
"864","RAW","DERIVED",,,,"1",,,"polymarket_logreg_eval_v1","RETRAIN_REQUIRED","DERIVED feature variant is not persisted; only BASE features are available.","Snapshot persists only BASE features mid_price,spread,time_left_min; no DERIVED artifact or fold-level feature evidence."
"864","RAW","LAGS",,,,"1",,,"polymarket_logreg_eval_v1","RETRAIN_REQUIRED","LAGS feature variant is not persisted; only BASE features are available.","Snapshot persists only BASE features mid_price,spread,time_left_min; no LAGS artifact or fold-level feature evidence."
"864","RAW","SEQUENCE",,,,"1",,,"polymarket_logreg_eval_v1","RETRAIN_REQUIRED","SEQUENCE feature variant is not persisted; sequence_coverage=1.0 alone does not prove a persisted sequence artifact.","Snapshot persists only BASE features mid_price,spread,time_left_min; no SEQUENCE artifact or fold-level feature evidence."
"864","PLATT","BASE","0,1",,"time_decay(tau=5)","1","GROUPED_WALK_FORWARD; fold_id not persisted","124","polymarket_logreg_eval_v1","RETRAIN_REQUIRED","PLATT calibration artifact is not persisted for this candidate; the persisted method is RAW.","BASE features and raw OOF score are available, but no candidate-specific PLATT assignment/calibration artifact is available."
"864","PLATT","DERIVED",,,,"1",,,"polymarket_logreg_eval_v1","RETRAIN_REQUIRED","DERIVED feature variant is not persisted; only BASE features are available.","Snapshot persists only BASE features mid_price,spread,time_left_min; no DERIVED artifact or fold-level feature evidence."
"864","PLATT","LAGS",,,,"1",,,"polymarket_logreg_eval_v1","RETRAIN_REQUIRED","LAGS feature variant is not persisted; only BASE features are available.","Snapshot persists only BASE features mid_price,spread,time_left_min; no LAGS artifact or fold-level feature evidence."
"864","PLATT","SEQUENCE",,,,"1",,,"polymarket_logreg_eval_v1","RETRAIN_REQUIRED","SEQUENCE feature variant is not persisted; sequence_coverage=1.0 alone does not prove a persisted sequence artifact.","Snapshot persists only BASE features mid_price,spread,time_left_min; no SEQUENCE artifact or fold-level feature evidence."
"864","ISOTONIC","BASE","0,1",,"time_decay(tau=5)","1","GROUPED_WALK_FORWARD; fold_id not persisted","124","polymarket_logreg_eval_v1","RETRAIN_REQUIRED","ISOTONIC requires retraining with persisted fold_id and calibration membership.","Step 3 commit 79bc49c: fold_id and train/calibration/validation membership are absent for all 60 candidates; no retrospective Isotonic."
"864","ISOTONIC","DERIVED",,,,"1",,,"polymarket_logreg_eval_v1","RETRAIN_REQUIRED","DERIVED feature variant is not persisted; only BASE features are available.","Snapshot persists only BASE features mid_price,spread,time_left_min; no DERIVED artifact or fold-level feature evidence."
"864","ISOTONIC","LAGS",,,,"1",,,"polymarket_logreg_eval_v1","RETRAIN_REQUIRED","LAGS feature variant is not persisted; only BASE features are available.","Snapshot persists only BASE features mid_price,spread,time_left_min; no LAGS artifact or fold-level feature evidence."
"864","ISOTONIC","SEQUENCE",,,,"1",,,"polymarket_logreg_eval_v1","RETRAIN_REQUIRED","SEQUENCE feature variant is not persisted; sequence_coverage=1.0 alone does not prove a persisted sequence artifact.","Snapshot persists only BASE features mid_price,spread,time_left_min; no SEQUENCE artifact or fold-level feature evidence."
"865","RAW","BASE","0,1",,"uniform","1","GROUPED_WALK_FORWARD; fold_id not persisted","125","polymarket_logreg_eval_v1","REPLAY_READY","RAW score is persisted and the OOF artifact is VALID_FOR_REPLAY.","BASE features=mid_price,spread,time_left_min; raw_score=true; artifact is VALID_FOR_REPLAY; protocol=polymarket_logreg_eval_v1; fold_id is not persisted but RAW replay does not require retrospective calibration."
"865","RAW","DERIVED",,,,"1",,,"polymarket_logreg_eval_v1","RETRAIN_REQUIRED","DERIVED feature variant is not persisted; only BASE features are available.","Snapshot persists only BASE features mid_price,spread,time_left_min; no DERIVED artifact or fold-level feature evidence."
"865","RAW","LAGS",,,,"1",,,"polymarket_logreg_eval_v1","RETRAIN_REQUIRED","LAGS feature variant is not persisted; only BASE features are available.","Snapshot persists only BASE features mid_price,spread,time_left_min; no LAGS artifact or fold-level feature evidence."
"865","RAW","SEQUENCE",,,,"1",,,"polymarket_logreg_eval_v1","RETRAIN_REQUIRED","SEQUENCE feature variant is not persisted; sequence_coverage=1.0 alone does not prove a persisted sequence artifact.","Snapshot persists only BASE features mid_price,spread,time_left_min; no SEQUENCE artifact or fold-level feature evidence."
"865","PLATT","BASE","0,1",,"uniform","1","GROUPED_WALK_FORWARD; fold_id not persisted","125","polymarket_logreg_eval_v1","RETRAIN_REQUIRED","PLATT calibration artifact is not persisted for this candidate; the persisted method is RAW.","BASE features and raw OOF score are available, but no candidate-specific PLATT assignment/calibration artifact is available."
"865","PLATT","DERIVED",,,,"1",,,"polymarket_logreg_eval_v1","RETRAIN_REQUIRED","DERIVED feature variant is not persisted; only BASE features are available.","Snapshot persists only BASE features mid_price,spread,time_left_min; no DERIVED artifact or fold-level feature evidence."
"865","PLATT","LAGS",,,,"1",,,"polymarket_logreg_eval_v1","RETRAIN_REQUIRED","LAGS feature variant is not persisted; only BASE features are available.","Snapshot persists only BASE features mid_price,spread,time_left_min; no LAGS artifact or fold-level feature evidence."
"865","PLATT","SEQUENCE",,,,"1",,,"polymarket_logreg_eval_v1","RETRAIN_REQUIRED","SEQUENCE feature variant is not persisted; sequence_coverage=1.0 alone does not prove a persisted sequence artifact.","Snapshot persists only BASE features mid_price,spread,time_left_min; no SEQUENCE artifact or fold-level feature evidence."
"865","ISOTONIC","BASE","0,1",,"uniform","1","GROUPED_WALK_FORWARD; fold_id not persisted","125","polymarket_logreg_eval_v1","RETRAIN_REQUIRED","ISOTONIC requires retraining with persisted fold_id and calibration membership.","Step 3 commit 79bc49c: fold_id and train/calibration/validation membership are absent for all 60 candidates; no retrospective Isotonic."
"865","ISOTONIC","DERIVED",,,,"1",,,"polymarket_logreg_eval_v1","RETRAIN_REQUIRED","DERIVED feature variant is not persisted; only BASE features are available.","Snapshot persists only BASE features mid_price,spread,time_left_min; no DERIVED artifact or fold-level feature evidence."
"865","ISOTONIC","LAGS",,,,"1",,,"polymarket_logreg_eval_v1","RETRAIN_REQUIRED","LAGS feature variant is not persisted; only BASE features are available.","Snapshot persists only BASE features mid_price,spread,time_left_min; no LAGS artifact or fold-level feature evidence."
"865","ISOTONIC","SEQUENCE",,,,"1",,,"polymarket_logreg_eval_v1","RETRAIN_REQUIRED","SEQUENCE feature variant is not persisted; sequence_coverage=1.0 alone does not prove a persisted sequence artifact.","Snapshot persists only BASE features mid_price,spread,time_left_min; no SEQUENCE artifact or fold-level feature evidence."
"866","RAW","BASE","0,1",,"uniform","1","GROUPED_WALK_FORWARD; fold_id not persisted","126","polymarket_logreg_eval_v1","REPLAY_READY","RAW score is persisted and the OOF artifact is VALID_FOR_REPLAY.","BASE features=mid_price,spread,time_left_min; raw_score=true; artifact is VALID_FOR_REPLAY; protocol=polymarket_logreg_eval_v1; fold_id is not persisted but RAW replay does not require retrospective calibration."
"866","RAW","DERIVED",,,,"1",,,"polymarket_logreg_eval_v1","RETRAIN_REQUIRED","DERIVED feature variant is not persisted; only BASE features are available.","Snapshot persists only BASE features mid_price,spread,time_left_min; no DERIVED artifact or fold-level feature evidence."
"866","RAW","LAGS",,,,"1",,,"polymarket_logreg_eval_v1","RETRAIN_REQUIRED","LAGS feature variant is not persisted; only BASE features are available.","Snapshot persists only BASE features mid_price,spread,time_left_min; no LAGS artifact or fold-level feature evidence."
"866","RAW","SEQUENCE",,,,"1",,,"polymarket_logreg_eval_v1","RETRAIN_REQUIRED","SEQUENCE feature variant is not persisted; sequence_coverage=1.0 alone does not prove a persisted sequence artifact.","Snapshot persists only BASE features mid_price,spread,time_left_min; no SEQUENCE artifact or fold-level feature evidence."
"866","PLATT","BASE","0,1",,"uniform","1","GROUPED_WALK_FORWARD; fold_id not persisted","126","polymarket_logreg_eval_v1","REPLAY_READY","Persisted training_params.calibration_method=PLATT for this candidate.","BASE features=mid_price,spread,time_left_min; persisted PLATT assignment; calibrated_score=true; artifact is VALID_FOR_REPLAY; protocol=polymarket_logreg_eval_v1."
"866","PLATT","DERIVED",,,,"1",,,"polymarket_logreg_eval_v1","RETRAIN_REQUIRED","DERIVED feature variant is not persisted; only BASE features are available.","Snapshot persists only BASE features mid_price,spread,time_left_min; no DERIVED artifact or fold-level feature evidence."
"866","PLATT","LAGS",,,,"1",,,"polymarket_logreg_eval_v1","RETRAIN_REQUIRED","LAGS feature variant is not persisted; only BASE features are available.","Snapshot persists only BASE features mid_price,spread,time_left_min; no LAGS artifact or fold-level feature evidence."
"866","PLATT","SEQUENCE",,,,"1",,,"polymarket_logreg_eval_v1","RETRAIN_REQUIRED","SEQUENCE feature variant is not persisted; sequence_coverage=1.0 alone does not prove a persisted sequence artifact.","Snapshot persists only BASE features mid_price,spread,time_left_min; no SEQUENCE artifact or fold-level feature evidence."
"866","ISOTONIC","BASE","0,1",,"uniform","1","GROUPED_WALK_FORWARD; fold_id not persisted","126","polymarket_logreg_eval_v1","RETRAIN_REQUIRED","ISOTONIC requires retraining with persisted fold_id and calibration membership.","Step 3 commit 79bc49c: fold_id and train/calibration/validation membership are absent for all 60 candidates; no retrospective Isotonic."
"866","ISOTONIC","DERIVED",,,,"1",,,"polymarket_logreg_eval_v1","RETRAIN_REQUIRED","DERIVED feature variant is not persisted; only BASE features are available.","Snapshot persists only BASE features mid_price,spread,time_left_min; no DERIVED artifact or fold-level feature evidence."
"866","ISOTONIC","LAGS",,,,"1",,,"polymarket_logreg_eval_v1","RETRAIN_REQUIRED","LAGS feature variant is not persisted; only BASE features are available.","Snapshot persists only BASE features mid_price,spread,time_left_min; no LAGS artifact or fold-level feature evidence."
"866","ISOTONIC","SEQUENCE",,,,"1",,,"polymarket_logreg_eval_v1","RETRAIN_REQUIRED","SEQUENCE feature variant is not persisted; sequence_coverage=1.0 alone does not prove a persisted sequence artifact.","Snapshot persists only BASE features mid_price,spread,time_left_min; no SEQUENCE artifact or fold-level feature evidence."
"867","RAW","BASE","0,1",,"time_decay(tau=5)","1","GROUPED_WALK_FORWARD; fold_id not persisted","127","polymarket_logreg_eval_v1","REPLAY_READY","RAW score is persisted and the OOF artifact is VALID_FOR_REPLAY.","BASE features=mid_price,spread,time_left_min; raw_score=true; artifact is VALID_FOR_REPLAY; protocol=polymarket_logreg_eval_v1; fold_id is not persisted but RAW replay does not require retrospective calibration."
"867","RAW","DERIVED",,,,"1",,,"polymarket_logreg_eval_v1","RETRAIN_REQUIRED","DERIVED feature variant is not persisted; only BASE features are available.","Snapshot persists only BASE features mid_price,spread,time_left_min; no DERIVED artifact or fold-level feature evidence."
"867","RAW","LAGS",,,,"1",,,"polymarket_logreg_eval_v1","RETRAIN_REQUIRED","LAGS feature variant is not persisted; only BASE features are available.","Snapshot persists only BASE features mid_price,spread,time_left_min; no LAGS artifact or fold-level feature evidence."
"867","RAW","SEQUENCE",,,,"1",,,"polymarket_logreg_eval_v1","RETRAIN_REQUIRED","SEQUENCE feature variant is not persisted; sequence_coverage=1.0 alone does not prove a persisted sequence artifact.","Snapshot persists only BASE features mid_price,spread,time_left_min; no SEQUENCE artifact or fold-level feature evidence."
"867","PLATT","BASE","0,1",,"time_decay(tau=5)","1","GROUPED_WALK_FORWARD; fold_id not persisted","127","polymarket_logreg_eval_v1","RETRAIN_REQUIRED","PLATT calibration artifact is not persisted for this candidate; the persisted method is RAW.","BASE features and raw OOF score are available, but no candidate-specific PLATT assignment/calibration artifact is available."
"867","PLATT","DERIVED",,,,"1",,,"polymarket_logreg_eval_v1","RETRAIN_REQUIRED","DERIVED feature variant is not persisted; only BASE features are available.","Snapshot persists only BASE features mid_price,spread,time_left_min; no DERIVED artifact or fold-level feature evidence."
"867","PLATT","LAGS",,,,"1",,,"polymarket_logreg_eval_v1","RETRAIN_REQUIRED","LAGS feature variant is not persisted; only BASE features are available.","Snapshot persists only BASE features mid_price,spread,time_left_min; no LAGS artifact or fold-level feature evidence."
"867","PLATT","SEQUENCE",,,,"1",,,"polymarket_logreg_eval_v1","RETRAIN_REQUIRED","SEQUENCE feature variant is not persisted; sequence_coverage=1.0 alone does not prove a persisted sequence artifact.","Snapshot persists only BASE features mid_price,spread,time_left_min; no SEQUENCE artifact or fold-level feature evidence."
"867","ISOTONIC","BASE","0,1",,"time_decay(tau=5)","1","GROUPED_WALK_FORWARD; fold_id not persisted","127","polymarket_logreg_eval_v1","RETRAIN_REQUIRED","ISOTONIC requires retraining with persisted fold_id and calibration membership.","Step 3 commit 79bc49c: fold_id and train/calibration/validation membership are absent for all 60 candidates; no retrospective Isotonic."
"867","ISOTONIC","DERIVED",,,,"1",,,"polymarket_logreg_eval_v1","RETRAIN_REQUIRED","DERIVED feature variant is not persisted; only BASE features are available.","Snapshot persists only BASE features mid_price,spread,time_left_min; no DERIVED artifact or fold-level feature evidence."
"867","ISOTONIC","LAGS",,,,"1",,,"polymarket_logreg_eval_v1","RETRAIN_REQUIRED","LAGS feature variant is not persisted; only BASE features are available.","Snapshot persists only BASE features mid_price,spread,time_left_min; no LAGS artifact or fold-level feature evidence."
"867","ISOTONIC","SEQUENCE",,,,"1",,,"polymarket_logreg_eval_v1","RETRAIN_REQUIRED","SEQUENCE feature variant is not persisted; sequence_coverage=1.0 alone does not prove a persisted sequence artifact.","Snapshot persists only BASE features mid_price,spread,time_left_min; no SEQUENCE artifact or fold-level feature evidence."
"868","RAW","BASE","0,1",,"uniform","1","GROUPED_WALK_FORWARD; fold_id not persisted","128","polymarket_logreg_eval_v1","REPLAY_READY","RAW score is persisted and the OOF artifact is VALID_FOR_REPLAY.","BASE features=mid_price,spread,time_left_min; raw_score=true; artifact is VALID_FOR_REPLAY; protocol=polymarket_logreg_eval_v1; fold_id is not persisted but RAW replay does not require retrospective calibration."
"868","RAW","DERIVED",,,,"1",,,"polymarket_logreg_eval_v1","RETRAIN_REQUIRED","DERIVED feature variant is not persisted; only BASE features are available.","Snapshot persists only BASE features mid_price,spread,time_left_min; no DERIVED artifact or fold-level feature evidence."
"868","RAW","LAGS",,,,"1",,,"polymarket_logreg_eval_v1","RETRAIN_REQUIRED","LAGS feature variant is not persisted; only BASE features are available.","Snapshot persists only BASE features mid_price,spread,time_left_min; no LAGS artifact or fold-level feature evidence."
"868","RAW","SEQUENCE",,,,"1",,,"polymarket_logreg_eval_v1","RETRAIN_REQUIRED","SEQUENCE feature variant is not persisted; sequence_coverage=1.0 alone does not prove a persisted sequence artifact.","Snapshot persists only BASE features mid_price,spread,time_left_min; no SEQUENCE artifact or fold-level feature evidence."
"868","PLATT","BASE","0,1",,"uniform","1","GROUPED_WALK_FORWARD; fold_id not persisted","128","polymarket_logreg_eval_v1","RETRAIN_REQUIRED","PLATT calibration artifact is not persisted for this candidate; the persisted method is RAW.","BASE features and raw OOF score are available, but no candidate-specific PLATT assignment/calibration artifact is available."
"868","PLATT","DERIVED",,,,"1",,,"polymarket_logreg_eval_v1","RETRAIN_REQUIRED","DERIVED feature variant is not persisted; only BASE features are available.","Snapshot persists only BASE features mid_price,spread,time_left_min; no DERIVED artifact or fold-level feature evidence."
"868","PLATT","LAGS",,,,"1",,,"polymarket_logreg_eval_v1","RETRAIN_REQUIRED","LAGS feature variant is not persisted; only BASE features are available.","Snapshot persists only BASE features mid_price,spread,time_left_min; no LAGS artifact or fold-level feature evidence."
"868","PLATT","SEQUENCE",,,,"1",,,"polymarket_logreg_eval_v1","RETRAIN_REQUIRED","SEQUENCE feature variant is not persisted; sequence_coverage=1.0 alone does not prove a persisted sequence artifact.","Snapshot persists only BASE features mid_price,spread,time_left_min; no SEQUENCE artifact or fold-level feature evidence."
"868","ISOTONIC","BASE","0,1",,"uniform","1","GROUPED_WALK_FORWARD; fold_id not persisted","128","polymarket_logreg_eval_v1","RETRAIN_REQUIRED","ISOTONIC requires retraining with persisted fold_id and calibration membership.","Step 3 commit 79bc49c: fold_id and train/calibration/validation membership are absent for all 60 candidates; no retrospective Isotonic."
"868","ISOTONIC","DERIVED",,,,"1",,,"polymarket_logreg_eval_v1","RETRAIN_REQUIRED","DERIVED feature variant is not persisted; only BASE features are available.","Snapshot persists only BASE features mid_price,spread,time_left_min; no DERIVED artifact or fold-level feature evidence."
"868","ISOTONIC","LAGS",,,,"1",,,"polymarket_logreg_eval_v1","RETRAIN_REQUIRED","LAGS feature variant is not persisted; only BASE features are available.","Snapshot persists only BASE features mid_price,spread,time_left_min; no LAGS artifact or fold-level feature evidence."
"868","ISOTONIC","SEQUENCE",,,,"1",,,"polymarket_logreg_eval_v1","RETRAIN_REQUIRED","SEQUENCE feature variant is not persisted; sequence_coverage=1.0 alone does not prove a persisted sequence artifact.","Snapshot persists only BASE features mid_price,spread,time_left_min; no SEQUENCE artifact or fold-level feature evidence."
"869","RAW","BASE","0,1",,"uniform","1","GROUPED_WALK_FORWARD; fold_id not persisted","129","polymarket_logreg_eval_v1","REPLAY_READY","RAW score is persisted and the OOF artifact is VALID_FOR_REPLAY.","BASE features=mid_price,spread,time_left_min; raw_score=true; artifact is VALID_FOR_REPLAY; protocol=polymarket_logreg_eval_v1; fold_id is not persisted but RAW replay does not require retrospective calibration."
"869","RAW","DERIVED",,,,"1",,,"polymarket_logreg_eval_v1","RETRAIN_REQUIRED","DERIVED feature variant is not persisted; only BASE features are available.","Snapshot persists only BASE features mid_price,spread,time_left_min; no DERIVED artifact or fold-level feature evidence."
"869","RAW","LAGS",,,,"1",,,"polymarket_logreg_eval_v1","RETRAIN_REQUIRED","LAGS feature variant is not persisted; only BASE features are available.","Snapshot persists only BASE features mid_price,spread,time_left_min; no LAGS artifact or fold-level feature evidence."
"869","RAW","SEQUENCE",,,,"1",,,"polymarket_logreg_eval_v1","RETRAIN_REQUIRED","SEQUENCE feature variant is not persisted; sequence_coverage=1.0 alone does not prove a persisted sequence artifact.","Snapshot persists only BASE features mid_price,spread,time_left_min; no SEQUENCE artifact or fold-level feature evidence."
"869","PLATT","BASE","0,1",,"uniform","1","GROUPED_WALK_FORWARD; fold_id not persisted","129","polymarket_logreg_eval_v1","REPLAY_READY","Persisted training_params.calibration_method=PLATT for this candidate.","BASE features=mid_price,spread,time_left_min; persisted PLATT assignment; calibrated_score=true; artifact is VALID_FOR_REPLAY; protocol=polymarket_logreg_eval_v1."
"869","PLATT","DERIVED",,,,"1",,,"polymarket_logreg_eval_v1","RETRAIN_REQUIRED","DERIVED feature variant is not persisted; only BASE features are available.","Snapshot persists only BASE features mid_price,spread,time_left_min; no DERIVED artifact or fold-level feature evidence."
"869","PLATT","LAGS",,,,"1",,,"polymarket_logreg_eval_v1","RETRAIN_REQUIRED","LAGS feature variant is not persisted; only BASE features are available.","Snapshot persists only BASE features mid_price,spread,time_left_min; no LAGS artifact or fold-level feature evidence."
"869","PLATT","SEQUENCE",,,,"1",,,"polymarket_logreg_eval_v1","RETRAIN_REQUIRED","SEQUENCE feature variant is not persisted; sequence_coverage=1.0 alone does not prove a persisted sequence artifact.","Snapshot persists only BASE features mid_price,spread,time_left_min; no SEQUENCE artifact or fold-level feature evidence."
"869","ISOTONIC","BASE","0,1",,"uniform","1","GROUPED_WALK_FORWARD; fold_id not persisted","129","polymarket_logreg_eval_v1","RETRAIN_REQUIRED","ISOTONIC requires retraining with persisted fold_id and calibration membership.","Step 3 commit 79bc49c: fold_id and train/calibration/validation membership are absent for all 60 candidates; no retrospective Isotonic."
"869","ISOTONIC","DERIVED",,,,"1",,,"polymarket_logreg_eval_v1","RETRAIN_REQUIRED","DERIVED feature variant is not persisted; only BASE features are available.","Snapshot persists only BASE features mid_price,spread,time_left_min; no DERIVED artifact or fold-level feature evidence."
"869","ISOTONIC","LAGS",,,,"1",,,"polymarket_logreg_eval_v1","RETRAIN_REQUIRED","LAGS feature variant is not persisted; only BASE features are available.","Snapshot persists only BASE features mid_price,spread,time_left_min; no LAGS artifact or fold-level feature evidence."
"869","ISOTONIC","SEQUENCE",,,,"1",,,"polymarket_logreg_eval_v1","RETRAIN_REQUIRED","SEQUENCE feature variant is not persisted; sequence_coverage=1.0 alone does not prove a persisted sequence artifact.","Snapshot persists only BASE features mid_price,spread,time_left_min; no SEQUENCE artifact or fold-level feature evidence."
"870","RAW","BASE","0,1",,"time_decay(tau=5)","1","GROUPED_WALK_FORWARD; fold_id not persisted","130","polymarket_logreg_eval_v1","REPLAY_READY","RAW score is persisted and the OOF artifact is VALID_FOR_REPLAY.","BASE features=mid_price,spread,time_left_min; raw_score=true; artifact is VALID_FOR_REPLAY; protocol=polymarket_logreg_eval_v1; fold_id is not persisted but RAW replay does not require retrospective calibration."
"870","RAW","DERIVED",,,,"1",,,"polymarket_logreg_eval_v1","RETRAIN_REQUIRED","DERIVED feature variant is not persisted; only BASE features are available.","Snapshot persists only BASE features mid_price,spread,time_left_min; no DERIVED artifact or fold-level feature evidence."
"870","RAW","LAGS",,,,"1",,,"polymarket_logreg_eval_v1","RETRAIN_REQUIRED","LAGS feature variant is not persisted; only BASE features are available.","Snapshot persists only BASE features mid_price,spread,time_left_min; no LAGS artifact or fold-level feature evidence."
"870","RAW","SEQUENCE",,,,"1",,,"polymarket_logreg_eval_v1","RETRAIN_REQUIRED","SEQUENCE feature variant is not persisted; sequence_coverage=1.0 alone does not prove a persisted sequence artifact.","Snapshot persists only BASE features mid_price,spread,time_left_min; no SEQUENCE artifact or fold-level feature evidence."
"870","PLATT","BASE","0,1",,"time_decay(tau=5)","1","GROUPED_WALK_FORWARD; fold_id not persisted","130","polymarket_logreg_eval_v1","RETRAIN_REQUIRED","PLATT calibration artifact is not persisted for this candidate; the persisted method is RAW.","BASE features and raw OOF score are available, but no candidate-specific PLATT assignment/calibration artifact is available."
"870","PLATT","DERIVED",,,,"1",,,"polymarket_logreg_eval_v1","RETRAIN_REQUIRED","DERIVED feature variant is not persisted; only BASE features are available.","Snapshot persists only BASE features mid_price,spread,time_left_min; no DERIVED artifact or fold-level feature evidence."
"870","PLATT","LAGS",,,,"1",,,"polymarket_logreg_eval_v1","RETRAIN_REQUIRED","LAGS feature variant is not persisted; only BASE features are available.","Snapshot persists only BASE features mid_price,spread,time_left_min; no LAGS artifact or fold-level feature evidence."
"870","PLATT","SEQUENCE",,,,"1",,,"polymarket_logreg_eval_v1","RETRAIN_REQUIRED","SEQUENCE feature variant is not persisted; sequence_coverage=1.0 alone does not prove a persisted sequence artifact.","Snapshot persists only BASE features mid_price,spread,time_left_min; no SEQUENCE artifact or fold-level feature evidence."
"870","ISOTONIC","BASE","0,1",,"time_decay(tau=5)","1","GROUPED_WALK_FORWARD; fold_id not persisted","130","polymarket_logreg_eval_v1","RETRAIN_REQUIRED","ISOTONIC requires retraining with persisted fold_id and calibration membership.","Step 3 commit 79bc49c: fold_id and train/calibration/validation membership are absent for all 60 candidates; no retrospective Isotonic."
"870","ISOTONIC","DERIVED",,,,"1",,,"polymarket_logreg_eval_v1","RETRAIN_REQUIRED","DERIVED feature variant is not persisted; only BASE features are available.","Snapshot persists only BASE features mid_price,spread,time_left_min; no DERIVED artifact or fold-level feature evidence."
"870","ISOTONIC","LAGS",,,,"1",,,"polymarket_logreg_eval_v1","RETRAIN_REQUIRED","LAGS feature variant is not persisted; only BASE features are available.","Snapshot persists only BASE features mid_price,spread,time_left_min; no LAGS artifact or fold-level feature evidence."
"870","ISOTONIC","SEQUENCE",,,,"1",,,"polymarket_logreg_eval_v1","RETRAIN_REQUIRED","SEQUENCE feature variant is not persisted; sequence_coverage=1.0 alone does not prove a persisted sequence artifact.","Snapshot persists only BASE features mid_price,spread,time_left_min; no SEQUENCE artifact or fold-level feature evidence."
"871","RAW","BASE","0,1",,"uniform","1","GROUPED_WALK_FORWARD; fold_id not persisted","131","polymarket_logreg_eval_v1","REPLAY_READY","RAW score is persisted and the OOF artifact is VALID_FOR_REPLAY.","BASE features=mid_price,spread,time_left_min; raw_score=true; artifact is VALID_FOR_REPLAY; protocol=polymarket_logreg_eval_v1; fold_id is not persisted but RAW replay does not require retrospective calibration."
"871","RAW","DERIVED",,,,"1",,,"polymarket_logreg_eval_v1","RETRAIN_REQUIRED","DERIVED feature variant is not persisted; only BASE features are available.","Snapshot persists only BASE features mid_price,spread,time_left_min; no DERIVED artifact or fold-level feature evidence."
"871","RAW","LAGS",,,,"1",,,"polymarket_logreg_eval_v1","RETRAIN_REQUIRED","LAGS feature variant is not persisted; only BASE features are available.","Snapshot persists only BASE features mid_price,spread,time_left_min; no LAGS artifact or fold-level feature evidence."
"871","RAW","SEQUENCE",,,,"1",,,"polymarket_logreg_eval_v1","RETRAIN_REQUIRED","SEQUENCE feature variant is not persisted; sequence_coverage=1.0 alone does not prove a persisted sequence artifact.","Snapshot persists only BASE features mid_price,spread,time_left_min; no SEQUENCE artifact or fold-level feature evidence."
"871","PLATT","BASE","0,1",,"uniform","1","GROUPED_WALK_FORWARD; fold_id not persisted","131","polymarket_logreg_eval_v1","RETRAIN_REQUIRED","PLATT calibration artifact is not persisted for this candidate; the persisted method is RAW.","BASE features and raw OOF score are available, but no candidate-specific PLATT assignment/calibration artifact is available."
"871","PLATT","DERIVED",,,,"1",,,"polymarket_logreg_eval_v1","RETRAIN_REQUIRED","DERIVED feature variant is not persisted; only BASE features are available.","Snapshot persists only BASE features mid_price,spread,time_left_min; no DERIVED artifact or fold-level feature evidence."
"871","PLATT","LAGS",,,,"1",,,"polymarket_logreg_eval_v1","RETRAIN_REQUIRED","LAGS feature variant is not persisted; only BASE features are available.","Snapshot persists only BASE features mid_price,spread,time_left_min; no LAGS artifact or fold-level feature evidence."
"871","PLATT","SEQUENCE",,,,"1",,,"polymarket_logreg_eval_v1","RETRAIN_REQUIRED","SEQUENCE feature variant is not persisted; sequence_coverage=1.0 alone does not prove a persisted sequence artifact.","Snapshot persists only BASE features mid_price,spread,time_left_min; no SEQUENCE artifact or fold-level feature evidence."
"871","ISOTONIC","BASE","0,1",,"uniform","1","GROUPED_WALK_FORWARD; fold_id not persisted","131","polymarket_logreg_eval_v1","RETRAIN_REQUIRED","ISOTONIC requires retraining with persisted fold_id and calibration membership.","Step 3 commit 79bc49c: fold_id and train/calibration/validation membership are absent for all 60 candidates; no retrospective Isotonic."
"871","ISOTONIC","DERIVED",,,,"1",,,"polymarket_logreg_eval_v1","RETRAIN_REQUIRED","DERIVED feature variant is not persisted; only BASE features are available.","Snapshot persists only BASE features mid_price,spread,time_left_min; no DERIVED artifact or fold-level feature evidence."
"871","ISOTONIC","LAGS",,,,"1",,,"polymarket_logreg_eval_v1","RETRAIN_REQUIRED","LAGS feature variant is not persisted; only BASE features are available.","Snapshot persists only BASE features mid_price,spread,time_left_min; no LAGS artifact or fold-level feature evidence."
"871","ISOTONIC","SEQUENCE",,,,"1",,,"polymarket_logreg_eval_v1","RETRAIN_REQUIRED","SEQUENCE feature variant is not persisted; sequence_coverage=1.0 alone does not prove a persisted sequence artifact.","Snapshot persists only BASE features mid_price,spread,time_left_min; no SEQUENCE artifact or fold-level feature evidence."
"872","RAW","BASE","0,1",,"uniform","1","GROUPED_WALK_FORWARD; fold_id not persisted","132","polymarket_logreg_eval_v1","REPLAY_READY","RAW score is persisted and the OOF artifact is VALID_FOR_REPLAY.","BASE features=mid_price,spread,time_left_min; raw_score=true; artifact is VALID_FOR_REPLAY; protocol=polymarket_logreg_eval_v1; fold_id is not persisted but RAW replay does not require retrospective calibration."
"872","RAW","DERIVED",,,,"1",,,"polymarket_logreg_eval_v1","RETRAIN_REQUIRED","DERIVED feature variant is not persisted; only BASE features are available.","Snapshot persists only BASE features mid_price,spread,time_left_min; no DERIVED artifact or fold-level feature evidence."
"872","RAW","LAGS",,,,"1",,,"polymarket_logreg_eval_v1","RETRAIN_REQUIRED","LAGS feature variant is not persisted; only BASE features are available.","Snapshot persists only BASE features mid_price,spread,time_left_min; no LAGS artifact or fold-level feature evidence."
"872","RAW","SEQUENCE",,,,"1",,,"polymarket_logreg_eval_v1","RETRAIN_REQUIRED","SEQUENCE feature variant is not persisted; sequence_coverage=1.0 alone does not prove a persisted sequence artifact.","Snapshot persists only BASE features mid_price,spread,time_left_min; no SEQUENCE artifact or fold-level feature evidence."
"872","PLATT","BASE","0,1",,"uniform","1","GROUPED_WALK_FORWARD; fold_id not persisted","132","polymarket_logreg_eval_v1","REPLAY_READY","Persisted training_params.calibration_method=PLATT for this candidate.","BASE features=mid_price,spread,time_left_min; persisted PLATT assignment; calibrated_score=true; artifact is VALID_FOR_REPLAY; protocol=polymarket_logreg_eval_v1."
"872","PLATT","DERIVED",,,,"1",,,"polymarket_logreg_eval_v1","RETRAIN_REQUIRED","DERIVED feature variant is not persisted; only BASE features are available.","Snapshot persists only BASE features mid_price,spread,time_left_min; no DERIVED artifact or fold-level feature evidence."
"872","PLATT","LAGS",,,,"1",,,"polymarket_logreg_eval_v1","RETRAIN_REQUIRED","LAGS feature variant is not persisted; only BASE features are available.","Snapshot persists only BASE features mid_price,spread,time_left_min; no LAGS artifact or fold-level feature evidence."
"872","PLATT","SEQUENCE",,,,"1",,,"polymarket_logreg_eval_v1","RETRAIN_REQUIRED","SEQUENCE feature variant is not persisted; sequence_coverage=1.0 alone does not prove a persisted sequence artifact.","Snapshot persists only BASE features mid_price,spread,time_left_min; no SEQUENCE artifact or fold-level feature evidence."
"872","ISOTONIC","BASE","0,1",,"uniform","1","GROUPED_WALK_FORWARD; fold_id not persisted","132","polymarket_logreg_eval_v1","RETRAIN_REQUIRED","ISOTONIC requires retraining with persisted fold_id and calibration membership.","Step 3 commit 79bc49c: fold_id and train/calibration/validation membership are absent for all 60 candidates; no retrospective Isotonic."
"872","ISOTONIC","DERIVED",,,,"1",,,"polymarket_logreg_eval_v1","RETRAIN_REQUIRED","DERIVED feature variant is not persisted; only BASE features are available.","Snapshot persists only BASE features mid_price,spread,time_left_min; no DERIVED artifact or fold-level feature evidence."
"872","ISOTONIC","LAGS",,,,"1",,,"polymarket_logreg_eval_v1","RETRAIN_REQUIRED","LAGS feature variant is not persisted; only BASE features are available.","Snapshot persists only BASE features mid_price,spread,time_left_min; no LAGS artifact or fold-level feature evidence."
"872","ISOTONIC","SEQUENCE",,,,"1",,,"polymarket_logreg_eval_v1","RETRAIN_REQUIRED","SEQUENCE feature variant is not persisted; sequence_coverage=1.0 alone does not prove a persisted sequence artifact.","Snapshot persists only BASE features mid_price,spread,time_left_min; no SEQUENCE artifact or fold-level feature evidence."
"873","RAW","BASE","0,1",,"time_decay(tau=5)","1","GROUPED_WALK_FORWARD; fold_id not persisted","133","polymarket_logreg_eval_v1","REPLAY_READY","RAW score is persisted and the OOF artifact is VALID_FOR_REPLAY.","BASE features=mid_price,spread,time_left_min; raw_score=true; artifact is VALID_FOR_REPLAY; protocol=polymarket_logreg_eval_v1; fold_id is not persisted but RAW replay does not require retrospective calibration."
"873","RAW","DERIVED",,,,"1",,,"polymarket_logreg_eval_v1","RETRAIN_REQUIRED","DERIVED feature variant is not persisted; only BASE features are available.","Snapshot persists only BASE features mid_price,spread,time_left_min; no DERIVED artifact or fold-level feature evidence."
"873","RAW","LAGS",,,,"1",,,"polymarket_logreg_eval_v1","RETRAIN_REQUIRED","LAGS feature variant is not persisted; only BASE features are available.","Snapshot persists only BASE features mid_price,spread,time_left_min; no LAGS artifact or fold-level feature evidence."
"873","RAW","SEQUENCE",,,,"1",,,"polymarket_logreg_eval_v1","RETRAIN_REQUIRED","SEQUENCE feature variant is not persisted; sequence_coverage=1.0 alone does not prove a persisted sequence artifact.","Snapshot persists only BASE features mid_price,spread,time_left_min; no SEQUENCE artifact or fold-level feature evidence."
"873","PLATT","BASE","0,1",,"time_decay(tau=5)","1","GROUPED_WALK_FORWARD; fold_id not persisted","133","polymarket_logreg_eval_v1","RETRAIN_REQUIRED","PLATT calibration artifact is not persisted for this candidate; the persisted method is RAW.","BASE features and raw OOF score are available, but no candidate-specific PLATT assignment/calibration artifact is available."
"873","PLATT","DERIVED",,,,"1",,,"polymarket_logreg_eval_v1","RETRAIN_REQUIRED","DERIVED feature variant is not persisted; only BASE features are available.","Snapshot persists only BASE features mid_price,spread,time_left_min; no DERIVED artifact or fold-level feature evidence."
"873","PLATT","LAGS",,,,"1",,,"polymarket_logreg_eval_v1","RETRAIN_REQUIRED","LAGS feature variant is not persisted; only BASE features are available.","Snapshot persists only BASE features mid_price,spread,time_left_min; no LAGS artifact or fold-level feature evidence."
"873","PLATT","SEQUENCE",,,,"1",,,"polymarket_logreg_eval_v1","RETRAIN_REQUIRED","SEQUENCE feature variant is not persisted; sequence_coverage=1.0 alone does not prove a persisted sequence artifact.","Snapshot persists only BASE features mid_price,spread,time_left_min; no SEQUENCE artifact or fold-level feature evidence."
"873","ISOTONIC","BASE","0,1",,"time_decay(tau=5)","1","GROUPED_WALK_FORWARD; fold_id not persisted","133","polymarket_logreg_eval_v1","RETRAIN_REQUIRED","ISOTONIC requires retraining with persisted fold_id and calibration membership.","Step 3 commit 79bc49c: fold_id and train/calibration/validation membership are absent for all 60 candidates; no retrospective Isotonic."
"873","ISOTONIC","DERIVED",,,,"1",,,"polymarket_logreg_eval_v1","RETRAIN_REQUIRED","DERIVED feature variant is not persisted; only BASE features are available.","Snapshot persists only BASE features mid_price,spread,time_left_min; no DERIVED artifact or fold-level feature evidence."
"873","ISOTONIC","LAGS",,,,"1",,,"polymarket_logreg_eval_v1","RETRAIN_REQUIRED","LAGS feature variant is not persisted; only BASE features are available.","Snapshot persists only BASE features mid_price,spread,time_left_min; no LAGS artifact or fold-level feature evidence."
"873","ISOTONIC","SEQUENCE",,,,"1",,,"polymarket_logreg_eval_v1","RETRAIN_REQUIRED","SEQUENCE feature variant is not persisted; sequence_coverage=1.0 alone does not prove a persisted sequence artifact.","Snapshot persists only BASE features mid_price,spread,time_left_min; no SEQUENCE artifact or fold-level feature evidence."
"874","RAW","BASE","0,1",,"uniform","1","GROUPED_WALK_FORWARD; fold_id not persisted","134","polymarket_logreg_eval_v1","REPLAY_READY","RAW score is persisted and the OOF artifact is VALID_FOR_REPLAY.","BASE features=mid_price,spread,time_left_min; raw_score=true; artifact is VALID_FOR_REPLAY; protocol=polymarket_logreg_eval_v1; fold_id is not persisted but RAW replay does not require retrospective calibration."
"874","RAW","DERIVED",,,,"1",,,"polymarket_logreg_eval_v1","RETRAIN_REQUIRED","DERIVED feature variant is not persisted; only BASE features are available.","Snapshot persists only BASE features mid_price,spread,time_left_min; no DERIVED artifact or fold-level feature evidence."
"874","RAW","LAGS",,,,"1",,,"polymarket_logreg_eval_v1","RETRAIN_REQUIRED","LAGS feature variant is not persisted; only BASE features are available.","Snapshot persists only BASE features mid_price,spread,time_left_min; no LAGS artifact or fold-level feature evidence."
"874","RAW","SEQUENCE",,,,"1",,,"polymarket_logreg_eval_v1","RETRAIN_REQUIRED","SEQUENCE feature variant is not persisted; sequence_coverage=1.0 alone does not prove a persisted sequence artifact.","Snapshot persists only BASE features mid_price,spread,time_left_min; no SEQUENCE artifact or fold-level feature evidence."
"874","PLATT","BASE","0,1",,"uniform","1","GROUPED_WALK_FORWARD; fold_id not persisted","134","polymarket_logreg_eval_v1","RETRAIN_REQUIRED","PLATT calibration artifact is not persisted for this candidate; the persisted method is RAW.","BASE features and raw OOF score are available, but no candidate-specific PLATT assignment/calibration artifact is available."
"874","PLATT","DERIVED",,,,"1",,,"polymarket_logreg_eval_v1","RETRAIN_REQUIRED","DERIVED feature variant is not persisted; only BASE features are available.","Snapshot persists only BASE features mid_price,spread,time_left_min; no DERIVED artifact or fold-level feature evidence."
"874","PLATT","LAGS",,,,"1",,,"polymarket_logreg_eval_v1","RETRAIN_REQUIRED","LAGS feature variant is not persisted; only BASE features are available.","Snapshot persists only BASE features mid_price,spread,time_left_min; no LAGS artifact or fold-level feature evidence."
"874","PLATT","SEQUENCE",,,,"1",,,"polymarket_logreg_eval_v1","RETRAIN_REQUIRED","SEQUENCE feature variant is not persisted; sequence_coverage=1.0 alone does not prove a persisted sequence artifact.","Snapshot persists only BASE features mid_price,spread,time_left_min; no SEQUENCE artifact or fold-level feature evidence."
"874","ISOTONIC","BASE","0,1",,"uniform","1","GROUPED_WALK_FORWARD; fold_id not persisted","134","polymarket_logreg_eval_v1","RETRAIN_REQUIRED","ISOTONIC requires retraining with persisted fold_id and calibration membership.","Step 3 commit 79bc49c: fold_id and train/calibration/validation membership are absent for all 60 candidates; no retrospective Isotonic."
"874","ISOTONIC","DERIVED",,,,"1",,,"polymarket_logreg_eval_v1","RETRAIN_REQUIRED","DERIVED feature variant is not persisted; only BASE features are available.","Snapshot persists only BASE features mid_price,spread,time_left_min; no DERIVED artifact or fold-level feature evidence."
"874","ISOTONIC","LAGS",,,,"1",,,"polymarket_logreg_eval_v1","RETRAIN_REQUIRED","LAGS feature variant is not persisted; only BASE features are available.","Snapshot persists only BASE features mid_price,spread,time_left_min; no LAGS artifact or fold-level feature evidence."
"874","ISOTONIC","SEQUENCE",,,,"1",,,"polymarket_logreg_eval_v1","RETRAIN_REQUIRED","SEQUENCE feature variant is not persisted; sequence_coverage=1.0 alone does not prove a persisted sequence artifact.","Snapshot persists only BASE features mid_price,spread,time_left_min; no SEQUENCE artifact or fold-level feature evidence."
"875","RAW","BASE","0,1",,"uniform","1","GROUPED_WALK_FORWARD; fold_id not persisted","135","polymarket_logreg_eval_v1","REPLAY_READY","RAW score is persisted and the OOF artifact is VALID_FOR_REPLAY.","BASE features=mid_price,spread,time_left_min; raw_score=true; artifact is VALID_FOR_REPLAY; protocol=polymarket_logreg_eval_v1; fold_id is not persisted but RAW replay does not require retrospective calibration."
"875","RAW","DERIVED",,,,"1",,,"polymarket_logreg_eval_v1","RETRAIN_REQUIRED","DERIVED feature variant is not persisted; only BASE features are available.","Snapshot persists only BASE features mid_price,spread,time_left_min; no DERIVED artifact or fold-level feature evidence."
"875","RAW","LAGS",,,,"1",,,"polymarket_logreg_eval_v1","RETRAIN_REQUIRED","LAGS feature variant is not persisted; only BASE features are available.","Snapshot persists only BASE features mid_price,spread,time_left_min; no LAGS artifact or fold-level feature evidence."
"875","RAW","SEQUENCE",,,,"1",,,"polymarket_logreg_eval_v1","RETRAIN_REQUIRED","SEQUENCE feature variant is not persisted; sequence_coverage=1.0 alone does not prove a persisted sequence artifact.","Snapshot persists only BASE features mid_price,spread,time_left_min; no SEQUENCE artifact or fold-level feature evidence."
"875","PLATT","BASE","0,1",,"uniform","1","GROUPED_WALK_FORWARD; fold_id not persisted","135","polymarket_logreg_eval_v1","REPLAY_READY","Persisted training_params.calibration_method=PLATT for this candidate.","BASE features=mid_price,spread,time_left_min; persisted PLATT assignment; calibrated_score=true; artifact is VALID_FOR_REPLAY; protocol=polymarket_logreg_eval_v1."
"875","PLATT","DERIVED",,,,"1",,,"polymarket_logreg_eval_v1","RETRAIN_REQUIRED","DERIVED feature variant is not persisted; only BASE features are available.","Snapshot persists only BASE features mid_price,spread,time_left_min; no DERIVED artifact or fold-level feature evidence."
"875","PLATT","LAGS",,,,"1",,,"polymarket_logreg_eval_v1","RETRAIN_REQUIRED","LAGS feature variant is not persisted; only BASE features are available.","Snapshot persists only BASE features mid_price,spread,time_left_min; no LAGS artifact or fold-level feature evidence."
"875","PLATT","SEQUENCE",,,,"1",,,"polymarket_logreg_eval_v1","RETRAIN_REQUIRED","SEQUENCE feature variant is not persisted; sequence_coverage=1.0 alone does not prove a persisted sequence artifact.","Snapshot persists only BASE features mid_price,spread,time_left_min; no SEQUENCE artifact or fold-level feature evidence."
"875","ISOTONIC","BASE","0,1",,"uniform","1","GROUPED_WALK_FORWARD; fold_id not persisted","135","polymarket_logreg_eval_v1","RETRAIN_REQUIRED","ISOTONIC requires retraining with persisted fold_id and calibration membership.","Step 3 commit 79bc49c: fold_id and train/calibration/validation membership are absent for all 60 candidates; no retrospective Isotonic."
"875","ISOTONIC","DERIVED",,,,"1",,,"polymarket_logreg_eval_v1","RETRAIN_REQUIRED","DERIVED feature variant is not persisted; only BASE features are available.","Snapshot persists only BASE features mid_price,spread,time_left_min; no DERIVED artifact or fold-level feature evidence."
"875","ISOTONIC","LAGS",,,,"1",,,"polymarket_logreg_eval_v1","RETRAIN_REQUIRED","LAGS feature variant is not persisted; only BASE features are available.","Snapshot persists only BASE features mid_price,spread,time_left_min; no LAGS artifact or fold-level feature evidence."
"875","ISOTONIC","SEQUENCE",,,,"1",,,"polymarket_logreg_eval_v1","RETRAIN_REQUIRED","SEQUENCE feature variant is not persisted; sequence_coverage=1.0 alone does not prove a persisted sequence artifact.","Snapshot persists only BASE features mid_price,spread,time_left_min; no SEQUENCE artifact or fold-level feature evidence."
"876","RAW","BASE","0,1",,"time_decay(tau=5)","1","GROUPED_WALK_FORWARD; fold_id not persisted","136","polymarket_logreg_eval_v1","REPLAY_READY","RAW score is persisted and the OOF artifact is VALID_FOR_REPLAY.","BASE features=mid_price,spread,time_left_min; raw_score=true; artifact is VALID_FOR_REPLAY; protocol=polymarket_logreg_eval_v1; fold_id is not persisted but RAW replay does not require retrospective calibration."
"876","RAW","DERIVED",,,,"1",,,"polymarket_logreg_eval_v1","RETRAIN_REQUIRED","DERIVED feature variant is not persisted; only BASE features are available.","Snapshot persists only BASE features mid_price,spread,time_left_min; no DERIVED artifact or fold-level feature evidence."
"876","RAW","LAGS",,,,"1",,,"polymarket_logreg_eval_v1","RETRAIN_REQUIRED","LAGS feature variant is not persisted; only BASE features are available.","Snapshot persists only BASE features mid_price,spread,time_left_min; no LAGS artifact or fold-level feature evidence."
"876","RAW","SEQUENCE",,,,"1",,,"polymarket_logreg_eval_v1","RETRAIN_REQUIRED","SEQUENCE feature variant is not persisted; sequence_coverage=1.0 alone does not prove a persisted sequence artifact.","Snapshot persists only BASE features mid_price,spread,time_left_min; no SEQUENCE artifact or fold-level feature evidence."
"876","PLATT","BASE","0,1",,"time_decay(tau=5)","1","GROUPED_WALK_FORWARD; fold_id not persisted","136","polymarket_logreg_eval_v1","RETRAIN_REQUIRED","PLATT calibration artifact is not persisted for this candidate; the persisted method is RAW.","BASE features and raw OOF score are available, but no candidate-specific PLATT assignment/calibration artifact is available."
"876","PLATT","DERIVED",,,,"1",,,"polymarket_logreg_eval_v1","RETRAIN_REQUIRED","DERIVED feature variant is not persisted; only BASE features are available.","Snapshot persists only BASE features mid_price,spread,time_left_min; no DERIVED artifact or fold-level feature evidence."
"876","PLATT","LAGS",,,,"1",,,"polymarket_logreg_eval_v1","RETRAIN_REQUIRED","LAGS feature variant is not persisted; only BASE features are available.","Snapshot persists only BASE features mid_price,spread,time_left_min; no LAGS artifact or fold-level feature evidence."
"876","PLATT","SEQUENCE",,,,"1",,,"polymarket_logreg_eval_v1","RETRAIN_REQUIRED","SEQUENCE feature variant is not persisted; sequence_coverage=1.0 alone does not prove a persisted sequence artifact.","Snapshot persists only BASE features mid_price,spread,time_left_min; no SEQUENCE artifact or fold-level feature evidence."
"876","ISOTONIC","BASE","0,1",,"time_decay(tau=5)","1","GROUPED_WALK_FORWARD; fold_id not persisted","136","polymarket_logreg_eval_v1","RETRAIN_REQUIRED","ISOTONIC requires retraining with persisted fold_id and calibration membership.","Step 3 commit 79bc49c: fold_id and train/calibration/validation membership are absent for all 60 candidates; no retrospective Isotonic."
"876","ISOTONIC","DERIVED",,,,"1",,,"polymarket_logreg_eval_v1","RETRAIN_REQUIRED","DERIVED feature variant is not persisted; only BASE features are available.","Snapshot persists only BASE features mid_price,spread,time_left_min; no DERIVED artifact or fold-level feature evidence."
"876","ISOTONIC","LAGS",,,,"1",,,"polymarket_logreg_eval_v1","RETRAIN_REQUIRED","LAGS feature variant is not persisted; only BASE features are available.","Snapshot persists only BASE features mid_price,spread,time_left_min; no LAGS artifact or fold-level feature evidence."
"876","ISOTONIC","SEQUENCE",,,,"1",,,"polymarket_logreg_eval_v1","RETRAIN_REQUIRED","SEQUENCE feature variant is not persisted; sequence_coverage=1.0 alone does not prove a persisted sequence artifact.","Snapshot persists only BASE features mid_price,spread,time_left_min; no SEQUENCE artifact or fold-level feature evidence."
"877","RAW","BASE","0,1",,"uniform","1","GROUPED_WALK_FORWARD; fold_id not persisted","137","polymarket_logreg_eval_v1","REPLAY_READY","RAW score is persisted and the OOF artifact is VALID_FOR_REPLAY.","BASE features=mid_price,spread,time_left_min; raw_score=true; artifact is VALID_FOR_REPLAY; protocol=polymarket_logreg_eval_v1; fold_id is not persisted but RAW replay does not require retrospective calibration."
"877","RAW","DERIVED",,,,"1",,,"polymarket_logreg_eval_v1","RETRAIN_REQUIRED","DERIVED feature variant is not persisted; only BASE features are available.","Snapshot persists only BASE features mid_price,spread,time_left_min; no DERIVED artifact or fold-level feature evidence."
"877","RAW","LAGS",,,,"1",,,"polymarket_logreg_eval_v1","RETRAIN_REQUIRED","LAGS feature variant is not persisted; only BASE features are available.","Snapshot persists only BASE features mid_price,spread,time_left_min; no LAGS artifact or fold-level feature evidence."
"877","RAW","SEQUENCE",,,,"1",,,"polymarket_logreg_eval_v1","RETRAIN_REQUIRED","SEQUENCE feature variant is not persisted; sequence_coverage=1.0 alone does not prove a persisted sequence artifact.","Snapshot persists only BASE features mid_price,spread,time_left_min; no SEQUENCE artifact or fold-level feature evidence."
"877","PLATT","BASE","0,1",,"uniform","1","GROUPED_WALK_FORWARD; fold_id not persisted","137","polymarket_logreg_eval_v1","RETRAIN_REQUIRED","PLATT calibration artifact is not persisted for this candidate; the persisted method is RAW.","BASE features and raw OOF score are available, but no candidate-specific PLATT assignment/calibration artifact is available."
"877","PLATT","DERIVED",,,,"1",,,"polymarket_logreg_eval_v1","RETRAIN_REQUIRED","DERIVED feature variant is not persisted; only BASE features are available.","Snapshot persists only BASE features mid_price,spread,time_left_min; no DERIVED artifact or fold-level feature evidence."
"877","PLATT","LAGS",,,,"1",,,"polymarket_logreg_eval_v1","RETRAIN_REQUIRED","LAGS feature variant is not persisted; only BASE features are available.","Snapshot persists only BASE features mid_price,spread,time_left_min; no LAGS artifact or fold-level feature evidence."
"877","PLATT","SEQUENCE",,,,"1",,,"polymarket_logreg_eval_v1","RETRAIN_REQUIRED","SEQUENCE feature variant is not persisted; sequence_coverage=1.0 alone does not prove a persisted sequence artifact.","Snapshot persists only BASE features mid_price,spread,time_left_min; no SEQUENCE artifact or fold-level feature evidence."
"877","ISOTONIC","BASE","0,1",,"uniform","1","GROUPED_WALK_FORWARD; fold_id not persisted","137","polymarket_logreg_eval_v1","RETRAIN_REQUIRED","ISOTONIC requires retraining with persisted fold_id and calibration membership.","Step 3 commit 79bc49c: fold_id and train/calibration/validation membership are absent for all 60 candidates; no retrospective Isotonic."
"877","ISOTONIC","DERIVED",,,,"1",,,"polymarket_logreg_eval_v1","RETRAIN_REQUIRED","DERIVED feature variant is not persisted; only BASE features are available.","Snapshot persists only BASE features mid_price,spread,time_left_min; no DERIVED artifact or fold-level feature evidence."
"877","ISOTONIC","LAGS",,,,"1",,,"polymarket_logreg_eval_v1","RETRAIN_REQUIRED","LAGS feature variant is not persisted; only BASE features are available.","Snapshot persists only BASE features mid_price,spread,time_left_min; no LAGS artifact or fold-level feature evidence."
"877","ISOTONIC","SEQUENCE",,,,"1",,,"polymarket_logreg_eval_v1","RETRAIN_REQUIRED","SEQUENCE feature variant is not persisted; sequence_coverage=1.0 alone does not prove a persisted sequence artifact.","Snapshot persists only BASE features mid_price,spread,time_left_min; no SEQUENCE artifact or fold-level feature evidence."
"878","RAW","BASE","0,1",,"uniform","1","GROUPED_WALK_FORWARD; fold_id not persisted","138","polymarket_logreg_eval_v1","REPLAY_READY","RAW score is persisted and the OOF artifact is VALID_FOR_REPLAY.","BASE features=mid_price,spread,time_left_min; raw_score=true; artifact is VALID_FOR_REPLAY; protocol=polymarket_logreg_eval_v1; fold_id is not persisted but RAW replay does not require retrospective calibration."
"878","RAW","DERIVED",,,,"1",,,"polymarket_logreg_eval_v1","RETRAIN_REQUIRED","DERIVED feature variant is not persisted; only BASE features are available.","Snapshot persists only BASE features mid_price,spread,time_left_min; no DERIVED artifact or fold-level feature evidence."
"878","RAW","LAGS",,,,"1",,,"polymarket_logreg_eval_v1","RETRAIN_REQUIRED","LAGS feature variant is not persisted; only BASE features are available.","Snapshot persists only BASE features mid_price,spread,time_left_min; no LAGS artifact or fold-level feature evidence."
"878","RAW","SEQUENCE",,,,"1",,,"polymarket_logreg_eval_v1","RETRAIN_REQUIRED","SEQUENCE feature variant is not persisted; sequence_coverage=1.0 alone does not prove a persisted sequence artifact.","Snapshot persists only BASE features mid_price,spread,time_left_min; no SEQUENCE artifact or fold-level feature evidence."
"878","PLATT","BASE","0,1",,"uniform","1","GROUPED_WALK_FORWARD; fold_id not persisted","138","polymarket_logreg_eval_v1","REPLAY_READY","Persisted training_params.calibration_method=PLATT for this candidate.","BASE features=mid_price,spread,time_left_min; persisted PLATT assignment; calibrated_score=true; artifact is VALID_FOR_REPLAY; protocol=polymarket_logreg_eval_v1."
"878","PLATT","DERIVED",,,,"1",,,"polymarket_logreg_eval_v1","RETRAIN_REQUIRED","DERIVED feature variant is not persisted; only BASE features are available.","Snapshot persists only BASE features mid_price,spread,time_left_min; no DERIVED artifact or fold-level feature evidence."
"878","PLATT","LAGS",,,,"1",,,"polymarket_logreg_eval_v1","RETRAIN_REQUIRED","LAGS feature variant is not persisted; only BASE features are available.","Snapshot persists only BASE features mid_price,spread,time_left_min; no LAGS artifact or fold-level feature evidence."
"878","PLATT","SEQUENCE",,,,"1",,,"polymarket_logreg_eval_v1","RETRAIN_REQUIRED","SEQUENCE feature variant is not persisted; sequence_coverage=1.0 alone does not prove a persisted sequence artifact.","Snapshot persists only BASE features mid_price,spread,time_left_min; no SEQUENCE artifact or fold-level feature evidence."
"878","ISOTONIC","BASE","0,1",,"uniform","1","GROUPED_WALK_FORWARD; fold_id not persisted","138","polymarket_logreg_eval_v1","RETRAIN_REQUIRED","ISOTONIC requires retraining with persisted fold_id and calibration membership.","Step 3 commit 79bc49c: fold_id and train/calibration/validation membership are absent for all 60 candidates; no retrospective Isotonic."
"878","ISOTONIC","DERIVED",,,,"1",,,"polymarket_logreg_eval_v1","RETRAIN_REQUIRED","DERIVED feature variant is not persisted; only BASE features are available.","Snapshot persists only BASE features mid_price,spread,time_left_min; no DERIVED artifact or fold-level feature evidence."
"878","ISOTONIC","LAGS",,,,"1",,,"polymarket_logreg_eval_v1","RETRAIN_REQUIRED","LAGS feature variant is not persisted; only BASE features are available.","Snapshot persists only BASE features mid_price,spread,time_left_min; no LAGS artifact or fold-level feature evidence."
"878","ISOTONIC","SEQUENCE",,,,"1",,,"polymarket_logreg_eval_v1","RETRAIN_REQUIRED","SEQUENCE feature variant is not persisted; sequence_coverage=1.0 alone does not prove a persisted sequence artifact.","Snapshot persists only BASE features mid_price,spread,time_left_min; no SEQUENCE artifact or fold-level feature evidence."
"879","RAW","BASE","0,1",,"time_decay(tau=5)","1","GROUPED_WALK_FORWARD; fold_id not persisted","139","polymarket_logreg_eval_v1","REPLAY_READY","RAW score is persisted and the OOF artifact is VALID_FOR_REPLAY.","BASE features=mid_price,spread,time_left_min; raw_score=true; artifact is VALID_FOR_REPLAY; protocol=polymarket_logreg_eval_v1; fold_id is not persisted but RAW replay does not require retrospective calibration."
"879","RAW","DERIVED",,,,"1",,,"polymarket_logreg_eval_v1","RETRAIN_REQUIRED","DERIVED feature variant is not persisted; only BASE features are available.","Snapshot persists only BASE features mid_price,spread,time_left_min; no DERIVED artifact or fold-level feature evidence."
"879","RAW","LAGS",,,,"1",,,"polymarket_logreg_eval_v1","RETRAIN_REQUIRED","LAGS feature variant is not persisted; only BASE features are available.","Snapshot persists only BASE features mid_price,spread,time_left_min; no LAGS artifact or fold-level feature evidence."
"879","RAW","SEQUENCE",,,,"1",,,"polymarket_logreg_eval_v1","RETRAIN_REQUIRED","SEQUENCE feature variant is not persisted; sequence_coverage=1.0 alone does not prove a persisted sequence artifact.","Snapshot persists only BASE features mid_price,spread,time_left_min; no SEQUENCE artifact or fold-level feature evidence."
"879","PLATT","BASE","0,1",,"time_decay(tau=5)","1","GROUPED_WALK_FORWARD; fold_id not persisted","139","polymarket_logreg_eval_v1","RETRAIN_REQUIRED","PLATT calibration artifact is not persisted for this candidate; the persisted method is RAW.","BASE features and raw OOF score are available, but no candidate-specific PLATT assignment/calibration artifact is available."
"879","PLATT","DERIVED",,,,"1",,,"polymarket_logreg_eval_v1","RETRAIN_REQUIRED","DERIVED feature variant is not persisted; only BASE features are available.","Snapshot persists only BASE features mid_price,spread,time_left_min; no DERIVED artifact or fold-level feature evidence."
"879","PLATT","LAGS",,,,"1",,,"polymarket_logreg_eval_v1","RETRAIN_REQUIRED","LAGS feature variant is not persisted; only BASE features are available.","Snapshot persists only BASE features mid_price,spread,time_left_min; no LAGS artifact or fold-level feature evidence."
"879","PLATT","SEQUENCE",,,,"1",,,"polymarket_logreg_eval_v1","RETRAIN_REQUIRED","SEQUENCE feature variant is not persisted; sequence_coverage=1.0 alone does not prove a persisted sequence artifact.","Snapshot persists only BASE features mid_price,spread,time_left_min; no SEQUENCE artifact or fold-level feature evidence."
"879","ISOTONIC","BASE","0,1",,"time_decay(tau=5)","1","GROUPED_WALK_FORWARD; fold_id not persisted","139","polymarket_logreg_eval_v1","RETRAIN_REQUIRED","ISOTONIC requires retraining with persisted fold_id and calibration membership.","Step 3 commit 79bc49c: fold_id and train/calibration/validation membership are absent for all 60 candidates; no retrospective Isotonic."
"879","ISOTONIC","DERIVED",,,,"1",,,"polymarket_logreg_eval_v1","RETRAIN_REQUIRED","DERIVED feature variant is not persisted; only BASE features are available.","Snapshot persists only BASE features mid_price,spread,time_left_min; no DERIVED artifact or fold-level feature evidence."
"879","ISOTONIC","LAGS",,,,"1",,,"polymarket_logreg_eval_v1","RETRAIN_REQUIRED","LAGS feature variant is not persisted; only BASE features are available.","Snapshot persists only BASE features mid_price,spread,time_left_min; no LAGS artifact or fold-level feature evidence."
"879","ISOTONIC","SEQUENCE",,,,"1",,,"polymarket_logreg_eval_v1","RETRAIN_REQUIRED","SEQUENCE feature variant is not persisted; sequence_coverage=1.0 alone does not prove a persisted sequence artifact.","Snapshot persists only BASE features mid_price,spread,time_left_min; no SEQUENCE artifact or fold-level feature evidence."
