model_registry_id,model_version,oof_artifact_id,artifact_status,evaluation_commit,metrics_schema_version,evaluation_protocol_version,calibration,window,strategy_branch,coverage_pct,n_trades,win_rate,net_profit,roi_pct,max_drawdown_usdc,brier,ece,log_loss
820,48,80,VALID_FOR_REPLAY,02c9ed7517c70cd4e3ac56fd0b12cdc9a22d8b4c,canonical_pnl_v1,polymarket_logreg_eval_v1,RAW,COMBINED,COMBINED,100.0,2760,0.4467391304347826,-26.191024725605303,-0.9489501712175835,104.09618710924906,0.2404881287263343,0.009420531596962028,0.6738127612670278
820,48,80,VALID_FOR_REPLAY,02c9ed7517c70cd4e3ac56fd0b12cdc9a22d8b4c,canonical_pnl_v1,polymarket_logreg_eval_v1,RAW,COMBINED,FAVORITE_ONLY,100.0,1566,0.5306513409961686,-37.060326421212835,-2.366559797012314,70.0964741061263,0.2404881287263343,0.009420531596962028,0.6738127612670278
820,48,80,VALID_FOR_REPLAY,02c9ed7517c70cd4e3ac56fd0b12cdc9a22d8b4c,canonical_pnl_v1,polymarket_logreg_eval_v1,RAW,COMBINED,OUTSIDER_ONLY,100.0,1031,0.3055286129970902,5.166338732644576,0.5010997800819181,73.35859714617204,0.2404881287263343,0.009420531596962028,0.6738127612670278
820,48,80,VALID_FOR_REPLAY,02c9ed7517c70cd4e3ac56fd0b12cdc9a22d8b4c,canonical_pnl_v1,polymarket_logreg_eval_v1,RAW,T1,COMBINED,100.0,881,0.4642451759364359,-9.96302031450606,-1.1308763126567605,37.613551663548265,0.23595381645569238,0.015183395225984525,0.6644946511944848
820,48,80,VALID_FOR_REPLAY,02c9ed7517c70cd4e3ac56fd0b12cdc9a22d8b4c,canonical_pnl_v1,polymarket_logreg_eval_v1,RAW,T1,FAVORITE_ONLY,100.0,541,0.5619223659889094,18.003563913670874,3.327830667961344,11.642277514056353,0.23595381645569238,0.015183395225984525,0.6644946511944848
820,48,80,VALID_FOR_REPLAY,02c9ed7517c70cd4e3ac56fd0b12cdc9a22d8b4c,canonical_pnl_v1,polymarket_logreg_eval_v1,RAW,T1,OUTSIDER_ONLY,100.0,287,0.28222996515679444,-21.56423128700046,-7.513669437979255,38.25735378690746,0.23595381645569238,0.015183395225984525,0.6644946511944848
820,48,80,VALID_FOR_REPLAY,02c9ed7517c70cd4e3ac56fd0b12cdc9a22d8b4c,canonical_pnl_v1,polymarket_logreg_eval_v1,RAW,T2,COMBINED,100.0,928,0.4364224137931034,-32.82077797083753,-3.536721764098872,79.09572183225994,0.24350039278983326,0.02627136508874607,0.679991954073872
820,48,80,VALID_FOR_REPLAY,02c9ed7517c70cd4e3ac56fd0b12cdc9a22d8b4c,canonical_pnl_v1,polymarket_logreg_eval_v1,RAW,T2,FAVORITE_ONLY,100.0,525,0.518095238095238,-24.961088810578488,-4.754493106776855,44.02260081548547,0.24350039278983326,0.02627136508874607,0.679991954073872
820,48,80,VALID_FOR_REPLAY,02c9ed7517c70cd4e3ac56fd0b12cdc9a22d8b4c,canonical_pnl_v1,polymarket_logreg_eval_v1,RAW,T2,OUTSIDER_ONLY,100.0,351,0.2934472934472934,-14.106747983788463,-4.019016519597852,45.96246951534877,0.24350039278983326,0.02627136508874607,0.679991954073872
820,48,80,VALID_FOR_REPLAY,02c9ed7517c70cd4e3ac56fd0b12cdc9a22d8b4c,canonical_pnl_v1,polymarket_logreg_eval_v1,RAW,T3,COMBINED,100.0,951,0.4405888538380652,16.59277355973828,1.7447711419283154,50.19127606447242,0.24201017693347723,0.025879231902953277,0.6769516785327264
820,48,80,VALID_FOR_REPLAY,02c9ed7517c70cd4e3ac56fd0b12cdc9a22d8b4c,canonical_pnl_v1,polymarket_logreg_eval_v1,RAW,T3,FAVORITE_ONLY,100.0,500,0.51,-30.102801524305224,-6.020560304861045,43.36886876521443,0.24201017693347723,0.025879231902953277,0.6769516785327264
820,48,80,VALID_FOR_REPLAY,02c9ed7517c70cd4e3ac56fd0b12cdc9a22d8b4c,canonical_pnl_v1,polymarket_logreg_eval_v1,RAW,T3,OUTSIDER_ONLY,100.0,393,0.3333333333333333,40.837318003433495,10.391175064486895,26.1599990297804,0.24201017693347723,0.025879231902953277,0.6769516785327264
820,48,80,VALID_FOR_REPLAY,02c9ed7517c70cd4e3ac56fd0b12cdc9a22d8b4c,canonical_pnl_v1,polymarket_logreg_eval_v1,PLATT,COMBINED,COMBINED,100.0,2760,0.4467391304347826,-26.191024725605303,-0.9489501712175835,104.09618710924906,0.2404881287263343,0.009420531596962028,0.6738127612670278
820,48,80,VALID_FOR_REPLAY,02c9ed7517c70cd4e3ac56fd0b12cdc9a22d8b4c,canonical_pnl_v1,polymarket_logreg_eval_v1,PLATT,COMBINED,FAVORITE_ONLY,100.0,1566,0.5306513409961686,-37.060326421212835,-2.366559797012314,70.0964741061263,0.2404881287263343,0.009420531596962028,0.6738127612670278
820,48,80,VALID_FOR_REPLAY,02c9ed7517c70cd4e3ac56fd0b12cdc9a22d8b4c,canonical_pnl_v1,polymarket_logreg_eval_v1,PLATT,COMBINED,OUTSIDER_ONLY,100.0,1031,0.3055286129970902,5.166338732644576,0.5010997800819181,73.35859714617204,0.2404881287263343,0.009420531596962028,0.6738127612670278
820,48,80,VALID_FOR_REPLAY,02c9ed7517c70cd4e3ac56fd0b12cdc9a22d8b4c,canonical_pnl_v1,polymarket_logreg_eval_v1,PLATT,T1,COMBINED,100.0,881,0.4642451759364359,-9.96302031450606,-1.1308763126567605,37.613551663548265,0.23595381645569238,0.015183395225984525,0.6644946511944848
820,48,80,VALID_FOR_REPLAY,02c9ed7517c70cd4e3ac56fd0b12cdc9a22d8b4c,canonical_pnl_v1,polymarket_logreg_eval_v1,PLATT,T1,FAVORITE_ONLY,100.0,541,0.5619223659889094,18.003563913670874,3.327830667961344,11.642277514056353,0.23595381645569238,0.015183395225984525,0.6644946511944848
820,48,80,VALID_FOR_REPLAY,02c9ed7517c70cd4e3ac56fd0b12cdc9a22d8b4c,canonical_pnl_v1,polymarket_logreg_eval_v1,PLATT,T1,OUTSIDER_ONLY,100.0,287,0.28222996515679444,-21.56423128700046,-7.513669437979255,38.25735378690746,0.23595381645569238,0.015183395225984525,0.6644946511944848
820,48,80,VALID_FOR_REPLAY,02c9ed7517c70cd4e3ac56fd0b12cdc9a22d8b4c,canonical_pnl_v1,polymarket_logreg_eval_v1,PLATT,T2,COMBINED,100.0,928,0.4364224137931034,-32.82077797083753,-3.536721764098872,79.09572183225994,0.24350039278983326,0.02627136508874607,0.679991954073872
820,48,80,VALID_FOR_REPLAY,02c9ed7517c70cd4e3ac56fd0b12cdc9a22d8b4c,canonical_pnl_v1,polymarket_logreg_eval_v1,PLATT,T2,FAVORITE_ONLY,100.0,525,0.518095238095238,-24.961088810578488,-4.754493106776855,44.02260081548547,0.24350039278983326,0.02627136508874607,0.679991954073872
820,48,80,VALID_FOR_REPLAY,02c9ed7517c70cd4e3ac56fd0b12cdc9a22d8b4c,canonical_pnl_v1,polymarket_logreg_eval_v1,PLATT,T2,OUTSIDER_ONLY,100.0,351,0.2934472934472934,-14.106747983788463,-4.019016519597852,45.96246951534877,0.24350039278983326,0.02627136508874607,0.679991954073872
820,48,80,VALID_FOR_REPLAY,02c9ed7517c70cd4e3ac56fd0b12cdc9a22d8b4c,canonical_pnl_v1,polymarket_logreg_eval_v1,PLATT,T3,COMBINED,100.0,951,0.4405888538380652,16.59277355973828,1.7447711419283154,50.19127606447242,0.24201017693347723,0.025879231902953277,0.6769516785327264
820,48,80,VALID_FOR_REPLAY,02c9ed7517c70cd4e3ac56fd0b12cdc9a22d8b4c,canonical_pnl_v1,polymarket_logreg_eval_v1,PLATT,T3,FAVORITE_ONLY,100.0,500,0.51,-30.102801524305224,-6.020560304861045,43.36886876521443,0.24201017693347723,0.025879231902953277,0.6769516785327264
820,48,80,VALID_FOR_REPLAY,02c9ed7517c70cd4e3ac56fd0b12cdc9a22d8b4c,canonical_pnl_v1,polymarket_logreg_eval_v1,PLATT,T3,OUTSIDER_ONLY,100.0,393,0.3333333333333333,40.837318003433495,10.391175064486895,26.1599990297804,0.24201017693347723,0.025879231902953277,0.6769516785327264
821,49,81,VALID_FOR_REPLAY,02c9ed7517c70cd4e3ac56fd0b12cdc9a22d8b4c,canonical_pnl_v1,polymarket_logreg_eval_v1,RAW,COMBINED,COMBINED,100.0,2760,0.4467391304347826,-26.191024725605303,-0.9489501712175835,104.09618710924906,0.2404881287263343,0.009420531596962028,0.6738127612670278
821,49,81,VALID_FOR_REPLAY,02c9ed7517c70cd4e3ac56fd0b12cdc9a22d8b4c,canonical_pnl_v1,polymarket_logreg_eval_v1,RAW,COMBINED,FAVORITE_ONLY,100.0,1566,0.5306513409961686,-37.060326421212835,-2.366559797012314,70.0964741061263,0.2404881287263343,0.009420531596962028,0.6738127612670278
821,49,81,VALID_FOR_REPLAY,02c9ed7517c70cd4e3ac56fd0b12cdc9a22d8b4c,canonical_pnl_v1,polymarket_logreg_eval_v1,RAW,COMBINED,OUTSIDER_ONLY,100.0,1031,0.3055286129970902,5.166338732644576,0.5010997800819181,73.35859714617204,0.2404881287263343,0.009420531596962028,0.6738127612670278
821,49,81,VALID_FOR_REPLAY,02c9ed7517c70cd4e3ac56fd0b12cdc9a22d8b4c,canonical_pnl_v1,polymarket_logreg_eval_v1,RAW,T1,COMBINED,100.0,881,0.4642451759364359,-9.96302031450606,-1.1308763126567605,37.613551663548265,0.23595381645569238,0.015183395225984525,0.6644946511944848
821,49,81,VALID_FOR_REPLAY,02c9ed7517c70cd4e3ac56fd0b12cdc9a22d8b4c,canonical_pnl_v1,polymarket_logreg_eval_v1,RAW,T1,FAVORITE_ONLY,100.0,541,0.5619223659889094,18.003563913670874,3.327830667961344,11.642277514056353,0.23595381645569238,0.015183395225984525,0.6644946511944848
821,49,81,VALID_FOR_REPLAY,02c9ed7517c70cd4e3ac56fd0b12cdc9a22d8b4c,canonical_pnl_v1,polymarket_logreg_eval_v1,RAW,T1,OUTSIDER_ONLY,100.0,287,0.28222996515679444,-21.56423128700046,-7.513669437979255,38.25735378690746,0.23595381645569238,0.015183395225984525,0.6644946511944848
821,49,81,VALID_FOR_REPLAY,02c9ed7517c70cd4e3ac56fd0b12cdc9a22d8b4c,canonical_pnl_v1,polymarket_logreg_eval_v1,RAW,T2,COMBINED,100.0,928,0.4364224137931034,-32.82077797083753,-3.536721764098872,79.09572183225994,0.24350039278983326,0.02627136508874607,0.679991954073872
821,49,81,VALID_FOR_REPLAY,02c9ed7517c70cd4e3ac56fd0b12cdc9a22d8b4c,canonical_pnl_v1,polymarket_logreg_eval_v1,RAW,T2,FAVORITE_ONLY,100.0,525,0.518095238095238,-24.961088810578488,-4.754493106776855,44.02260081548547,0.24350039278983326,0.02627136508874607,0.679991954073872
821,49,81,VALID_FOR_REPLAY,02c9ed7517c70cd4e3ac56fd0b12cdc9a22d8b4c,canonical_pnl_v1,polymarket_logreg_eval_v1,RAW,T2,OUTSIDER_ONLY,100.0,351,0.2934472934472934,-14.106747983788463,-4.019016519597852,45.96246951534877,0.24350039278983326,0.02627136508874607,0.679991954073872
821,49,81,VALID_FOR_REPLAY,02c9ed7517c70cd4e3ac56fd0b12cdc9a22d8b4c,canonical_pnl_v1,polymarket_logreg_eval_v1,RAW,T3,COMBINED,100.0,951,0.4405888538380652,16.59277355973828,1.7447711419283154,50.19127606447242,0.24201017693347723,0.025879231902953277,0.6769516785327264
821,49,81,VALID_FOR_REPLAY,02c9ed7517c70cd4e3ac56fd0b12cdc9a22d8b4c,canonical_pnl_v1,polymarket_logreg_eval_v1,RAW,T3,FAVORITE_ONLY,100.0,500,0.51,-30.102801524305224,-6.020560304861045,43.36886876521443,0.24201017693347723,0.025879231902953277,0.6769516785327264
821,49,81,VALID_FOR_REPLAY,02c9ed7517c70cd4e3ac56fd0b12cdc9a22d8b4c,canonical_pnl_v1,polymarket_logreg_eval_v1,RAW,T3,OUTSIDER_ONLY,100.0,393,0.3333333333333333,40.837318003433495,10.391175064486895,26.1599990297804,0.24201017693347723,0.025879231902953277,0.6769516785327264
821,49,81,VALID_FOR_REPLAY,02c9ed7517c70cd4e3ac56fd0b12cdc9a22d8b4c,canonical_pnl_v1,polymarket_logreg_eval_v1,PLATT,COMBINED,COMBINED,100.0,2760,0.4467391304347826,-26.191024725605303,-0.9489501712175835,104.09618710924906,0.2404881287263343,0.009420531596962028,0.6738127612670278
821,49,81,VALID_FOR_REPLAY,02c9ed7517c70cd4e3ac56fd0b12cdc9a22d8b4c,canonical_pnl_v1,polymarket_logreg_eval_v1,PLATT,COMBINED,FAVORITE_ONLY,100.0,1566,0.5306513409961686,-37.060326421212835,-2.366559797012314,70.0964741061263,0.2404881287263343,0.009420531596962028,0.6738127612670278
821,49,81,VALID_FOR_REPLAY,02c9ed7517c70cd4e3ac56fd0b12cdc9a22d8b4c,canonical_pnl_v1,polymarket_logreg_eval_v1,PLATT,COMBINED,OUTSIDER_ONLY,100.0,1031,0.3055286129970902,5.166338732644576,0.5010997800819181,73.35859714617204,0.2404881287263343,0.009420531596962028,0.6738127612670278
821,49,81,VALID_FOR_REPLAY,02c9ed7517c70cd4e3ac56fd0b12cdc9a22d8b4c,canonical_pnl_v1,polymarket_logreg_eval_v1,PLATT,T1,COMBINED,100.0,881,0.4642451759364359,-9.96302031450606,-1.1308763126567605,37.613551663548265,0.23595381645569238,0.015183395225984525,0.6644946511944848
821,49,81,VALID_FOR_REPLAY,02c9ed7517c70cd4e3ac56fd0b12cdc9a22d8b4c,canonical_pnl_v1,polymarket_logreg_eval_v1,PLATT,T1,FAVORITE_ONLY,100.0,541,0.5619223659889094,18.003563913670874,3.327830667961344,11.642277514056353,0.23595381645569238,0.015183395225984525,0.6644946511944848
821,49,81,VALID_FOR_REPLAY,02c9ed7517c70cd4e3ac56fd0b12cdc9a22d8b4c,canonical_pnl_v1,polymarket_logreg_eval_v1,PLATT,T1,OUTSIDER_ONLY,100.0,287,0.28222996515679444,-21.56423128700046,-7.513669437979255,38.25735378690746,0.23595381645569238,0.015183395225984525,0.6644946511944848
821,49,81,VALID_FOR_REPLAY,02c9ed7517c70cd4e3ac56fd0b12cdc9a22d8b4c,canonical_pnl_v1,polymarket_logreg_eval_v1,PLATT,T2,COMBINED,100.0,928,0.4364224137931034,-32.82077797083753,-3.536721764098872,79.09572183225994,0.24350039278983326,0.02627136508874607,0.679991954073872
821,49,81,VALID_FOR_REPLAY,02c9ed7517c70cd4e3ac56fd0b12cdc9a22d8b4c,canonical_pnl_v1,polymarket_logreg_eval_v1,PLATT,T2,FAVORITE_ONLY,100.0,525,0.518095238095238,-24.961088810578488,-4.754493106776855,44.02260081548547,0.24350039278983326,0.02627136508874607,0.679991954073872
821,49,81,VALID_FOR_REPLAY,02c9ed7517c70cd4e3ac56fd0b12cdc9a22d8b4c,canonical_pnl_v1,polymarket_logreg_eval_v1,PLATT,T2,OUTSIDER_ONLY,100.0,351,0.2934472934472934,-14.106747983788463,-4.019016519597852,45.96246951534877,0.24350039278983326,0.02627136508874607,0.679991954073872
821,49,81,VALID_FOR_REPLAY,02c9ed7517c70cd4e3ac56fd0b12cdc9a22d8b4c,canonical_pnl_v1,polymarket_logreg_eval_v1,PLATT,T3,COMBINED,100.0,951,0.4405888538380652,16.59277355973828,1.7447711419283154,50.19127606447242,0.24201017693347723,0.025879231902953277,0.6769516785327264
821,49,81,VALID_FOR_REPLAY,02c9ed7517c70cd4e3ac56fd0b12cdc9a22d8b4c,canonical_pnl_v1,polymarket_logreg_eval_v1,PLATT,T3,FAVORITE_ONLY,100.0,500,0.51,-30.102801524305224,-6.020560304861045,43.36886876521443,0.24201017693347723,0.025879231902953277,0.6769516785327264
821,49,81,VALID_FOR_REPLAY,02c9ed7517c70cd4e3ac56fd0b12cdc9a22d8b4c,canonical_pnl_v1,polymarket_logreg_eval_v1,PLATT,T3,OUTSIDER_ONLY,100.0,393,0.3333333333333333,40.837318003433495,10.391175064486895,26.1599990297804,0.24201017693347723,0.025879231902953277,0.6769516785327264
822,50,82,VALID_FOR_REPLAY,02c9ed7517c70cd4e3ac56fd0b12cdc9a22d8b4c,canonical_pnl_v1,polymarket_logreg_eval_v1,RAW,COMBINED,COMBINED,100.0,2647,0.432565168114847,-9.866437294740095,-0.3727403586981524,90.88818160839273,0.2404749663709764,0.011372327907106851,0.6737733425877752
822,50,82,VALID_FOR_REPLAY,02c9ed7517c70cd4e3ac56fd0b12cdc9a22d8b4c,canonical_pnl_v1,polymarket_logreg_eval_v1,RAW,COMBINED,FAVORITE_ONLY,100.0,1269,0.5327029156816391,-13.035216829701625,-1.0272038478882288,70.97152901089079,0.2404749663709764,0.011372327907106851,0.6737733425877752
822,50,82,VALID_FOR_REPLAY,02c9ed7517c70cd4e3ac56fd0b12cdc9a22d8b4c,canonical_pnl_v1,polymarket_logreg_eval_v1,RAW,COMBINED,OUTSIDER_ONLY,100.0,1215,0.31440329218106994,-2.534183428001427,-0.20857476773674294,79.82806892840284,0.2404749663709764,0.011372327907106851,0.6737733425877752
822,50,82,VALID_FOR_REPLAY,02c9ed7517c70cd4e3ac56fd0b12cdc9a22d8b4c,canonical_pnl_v1,polymarket_logreg_eval_v1,RAW,T1,COMBINED,100.0,848,0.44575471698113206,-14.043141002849879,-1.6560307786379576,37.44544653214465,0.23641922029770593,0.026895836550302036,0.6654431455112559
822,50,82,VALID_FOR_REPLAY,02c9ed7517c70cd4e3ac56fd0b12cdc9a22d8b4c,canonical_pnl_v1,polymarket_logreg_eval_v1,RAW,T1,FAVORITE_ONLY,100.0,438,0.5799086757990868,33.45098341614898,7.6372108256047895,11.257015227547964,0.23641922029770593,0.026895836550302036,0.6654431455112559
822,50,82,VALID_FOR_REPLAY,02c9ed7517c70cd4e3ac56fd0b12cdc9a22d8b4c,canonical_pnl_v1,polymarket_logreg_eval_v1,RAW,T1,OUTSIDER_ONLY,100.0,357,0.2801120448179272,-41.09177147782238,-11.510300133843803,52.85556608209701,0.23641922029770593,0.026895836550302036,0.6654431455112559
822,50,82,VALID_FOR_REPLAY,02c9ed7517c70cd4e3ac56fd0b12cdc9a22d8b4c,canonical_pnl_v1,polymarket_logreg_eval_v1,RAW,T2,COMBINED,100.0,888,0.42792792792792794,-10.433020836347193,-1.174889733822882,68.65382051449063,0.24302655174724186,0.01668518332895221,0.6790090849136122
822,50,82,VALID_FOR_REPLAY,02c9ed7517c70cd4e3ac56fd0b12cdc9a22d8b4c,canonical_pnl_v1,polymarket_logreg_eval_v1,RAW,T2,FAVORITE_ONLY,100.0,424,0.5117924528301887,-20.782171690191305,-4.90145558730927,38.03683214008275,0.24302655174724186,0.01668518332895221,0.6790090849136122
822,50,82,VALID_FOR_REPLAY,02c9ed7517c70cd4e3ac56fd0b12cdc9a22d8b4c,canonical_pnl_v1,polymarket_logreg_eval_v1,RAW,T2,OUTSIDER_ONLY,100.0,412,0.32281553398058255,4.102092030314715,0.995653405416193,42.25077817826269,0.24302655174724186,0.01668518332895221,0.6790090849136122
822,50,82,VALID_FOR_REPLAY,02c9ed7517c70cd4e3ac56fd0b12cdc9a22d8b4c,canonical_pnl_v1,polymarket_logreg_eval_v1,RAW,T3,COMBINED,100.0,911,0.424807903402854,14.60972454445696,1.6037019258459888,62.8948248418126,0.24197912706798147,0.014223112311345227,0.6768677973384577
822,50,82,VALID_FOR_REPLAY,02c9ed7517c70cd4e3ac56fd0b12cdc9a22d8b4c,canonical_pnl_v1,polymarket_logreg_eval_v1,RAW,T3,FAVORITE_ONLY,100.0,407,0.5036855036855037,-25.704028555659296,-6.315486131611621,47.301515706975515,0.24197912706798147,0.014223112311345227,0.6768677973384577
822,50,82,VALID_FOR_REPLAY,02c9ed7517c70cd4e3ac56fd0b12cdc9a22d8b4c,canonical_pnl_v1,polymarket_logreg_eval_v1,RAW,T3,OUTSIDER_ONLY,100.0,446,0.33408071748878926,34.455496019506256,7.725447538005888,27.957918758780774,0.24197912706798147,0.014223112311345227,0.6768677973384577
822,50,82,VALID_FOR_REPLAY,02c9ed7517c70cd4e3ac56fd0b12cdc9a22d8b4c,canonical_pnl_v1,polymarket_logreg_eval_v1,PLATT,COMBINED,COMBINED,100.0,2647,0.432565168114847,-9.866437294740095,-0.3727403586981524,90.88818160839273,0.2404749663709764,0.011372327907106851,0.6737733425877752
822,50,82,VALID_FOR_REPLAY,02c9ed7517c70cd4e3ac56fd0b12cdc9a22d8b4c,canonical_pnl_v1,polymarket_logreg_eval_v1,PLATT,COMBINED,FAVORITE_ONLY,100.0,1269,0.5327029156816391,-13.035216829701625,-1.0272038478882288,70.97152901089079,0.2404749663709764,0.011372327907106851,0.6737733425877752
822,50,82,VALID_FOR_REPLAY,02c9ed7517c70cd4e3ac56fd0b12cdc9a22d8b4c,canonical_pnl_v1,polymarket_logreg_eval_v1,PLATT,COMBINED,OUTSIDER_ONLY,100.0,1215,0.31440329218106994,-2.534183428001427,-0.20857476773674294,79.82806892840284,0.2404749663709764,0.011372327907106851,0.6737733425877752
822,50,82,VALID_FOR_REPLAY,02c9ed7517c70cd4e3ac56fd0b12cdc9a22d8b4c,canonical_pnl_v1,polymarket_logreg_eval_v1,PLATT,T1,COMBINED,100.0,848,0.44575471698113206,-14.043141002849879,-1.6560307786379576,37.44544653214465,0.23641922029770593,0.026895836550302036,0.6654431455112559
822,50,82,VALID_FOR_REPLAY,02c9ed7517c70cd4e3ac56fd0b12cdc9a22d8b4c,canonical_pnl_v1,polymarket_logreg_eval_v1,PLATT,T1,FAVORITE_ONLY,100.0,438,0.5799086757990868,33.45098341614898,7.6372108256047895,11.257015227547964,0.23641922029770593,0.026895836550302036,0.6654431455112559
822,50,82,VALID_FOR_REPLAY,02c9ed7517c70cd4e3ac56fd0b12cdc9a22d8b4c,canonical_pnl_v1,polymarket_logreg_eval_v1,PLATT,T1,OUTSIDER_ONLY,100.0,357,0.2801120448179272,-41.09177147782238,-11.510300133843803,52.85556608209701,0.23641922029770593,0.026895836550302036,0.6654431455112559
822,50,82,VALID_FOR_REPLAY,02c9ed7517c70cd4e3ac56fd0b12cdc9a22d8b4c,canonical_pnl_v1,polymarket_logreg_eval_v1,PLATT,T2,COMBINED,100.0,888,0.42792792792792794,-10.433020836347193,-1.174889733822882,68.65382051449063,0.24302655174724186,0.01668518332895221,0.6790090849136122
822,50,82,VALID_FOR_REPLAY,02c9ed7517c70cd4e3ac56fd0b12cdc9a22d8b4c,canonical_pnl_v1,polymarket_logreg_eval_v1,PLATT,T2,FAVORITE_ONLY,100.0,424,0.5117924528301887,-20.782171690191305,-4.90145558730927,38.03683214008275,0.24302655174724186,0.01668518332895221,0.6790090849136122
822,50,82,VALID_FOR_REPLAY,02c9ed7517c70cd4e3ac56fd0b12cdc9a22d8b4c,canonical_pnl_v1,polymarket_logreg_eval_v1,PLATT,T2,OUTSIDER_ONLY,100.0,412,0.32281553398058255,4.102092030314715,0.995653405416193,42.25077817826269,0.24302655174724186,0.01668518332895221,0.6790090849136122
822,50,82,VALID_FOR_REPLAY,02c9ed7517c70cd4e3ac56fd0b12cdc9a22d8b4c,canonical_pnl_v1,polymarket_logreg_eval_v1,PLATT,T3,COMBINED,100.0,911,0.424807903402854,14.60972454445696,1.6037019258459888,62.8948248418126,0.24197912706798147,0.014223112311345227,0.6768677973384577
822,50,82,VALID_FOR_REPLAY,02c9ed7517c70cd4e3ac56fd0b12cdc9a22d8b4c,canonical_pnl_v1,polymarket_logreg_eval_v1,PLATT,T3,FAVORITE_ONLY,100.0,407,0.5036855036855037,-25.704028555659296,-6.315486131611621,47.301515706975515,0.24197912706798147,0.014223112311345227,0.6768677973384577
822,50,82,VALID_FOR_REPLAY,02c9ed7517c70cd4e3ac56fd0b12cdc9a22d8b4c,canonical_pnl_v1,polymarket_logreg_eval_v1,PLATT,T3,OUTSIDER_ONLY,100.0,446,0.33408071748878926,34.455496019506256,7.725447538005888,27.957918758780774,0.24197912706798147,0.014223112311345227,0.6768677973384577
823,14,83,VALID_FOR_REPLAY,02c9ed7517c70cd4e3ac56fd0b12cdc9a22d8b4c,canonical_pnl_v1,polymarket_logreg_eval_v1,RAW,COMBINED,COMBINED,100.0,2896,0.762085635359116,-15.702263096181625,-0.5422052174095865,58.06966054215059,0.1544771912011988,0.05724179685789153,0.4983294778692399
823,14,83,VALID_FOR_REPLAY,02c9ed7517c70cd4e3ac56fd0b12cdc9a22d8b4c,canonical_pnl_v1,polymarket_logreg_eval_v1,RAW,COMBINED,FAVORITE_ONLY,100.0,2750,0.796,-10.30785818736495,-0.37483120681327087,27.598316921069728,0.1544771912011988,0.05724179685789153,0.4983294778692399
823,14,83,VALID_FOR_REPLAY,02c9ed7517c70cd4e3ac56fd0b12cdc9a22d8b4c,canonical_pnl_v1,polymarket_logreg_eval_v1,RAW,COMBINED,OUTSIDER_ONLY,100.0,146,0.1232876712328767,-5.394404908816664,-3.69479788275114,40.32181818181818,0.1544771912011988,0.05724179685789153,0.4983294778692399
823,14,83,VALID_FOR_REPLAY,02c9ed7517c70cd4e3ac56fd0b12cdc9a22d8b4c,canonical_pnl_v1,polymarket_logreg_eval_v1,RAW,T1,COMBINED,100.0,1012,0.7559288537549407,-45.391622518313525,-4.485338193509242,46.22492926540054,0.16327190443866355,0.07445792588544256,0.5227354667291555
823,14,83,VALID_FOR_REPLAY,02c9ed7517c70cd4e3ac56fd0b12cdc9a22d8b4c,canonical_pnl_v1,polymarket_logreg_eval_v1,RAW,T1,FAVORITE_ONLY,100.0,980,0.7795918367346939,-22.32071342740445,-2.277623819122903,27.598316921069728,0.16327190443866355,0.07445792588544256,0.5227354667291555
823,14,83,VALID_FOR_REPLAY,02c9ed7517c70cd4e3ac56fd0b12cdc9a22d8b4c,canonical_pnl_v1,polymarket_logreg_eval_v1,RAW,T1,OUTSIDER_ONLY,100.0,32,0.03125,-23.07090909090909,-72.0965909090909,23.07090909090909,0.16327190443866355,0.07445792588544256,0.5227354667291555
823,14,83,VALID_FOR_REPLAY,02c9ed7517c70cd4e3ac56fd0b12cdc9a22d8b4c,canonical_pnl_v1,polymarket_logreg_eval_v1,RAW,T2,COMBINED,100.0,946,0.7653276955602537,13.192297659234885,1.3945346362827575,31.45068646526383,0.1465945620244541,0.04747969246124505,0.4759004951268854
823,14,83,VALID_FOR_REPLAY,02c9ed7517c70cd4e3ac56fd0b12cdc9a22d8b4c,canonical_pnl_v1,polymarket_logreg_eval_v1,RAW,T2,FAVORITE_ONLY,100.0,882,0.8140589569160998,15.099317861255068,1.711940800595813,22.193017143215272,0.1465945620244541,0.04747969246124505,0.4759004951268854
823,14,83,VALID_FOR_REPLAY,02c9ed7517c70cd4e3ac56fd0b12cdc9a22d8b4c,canonical_pnl_v1,polymarket_logreg_eval_v1,RAW,T2,OUTSIDER_ONLY,100.0,64,0.09375,-1.9070202020201883,-2.9797190656565444,21.07090909090909,0.1465945620244541,0.04747969246124505,0.4759004951268854
823,14,83,VALID_FOR_REPLAY,02c9ed7517c70cd4e3ac56fd0b12cdc9a22d8b4c,canonical_pnl_v1,polymarket_logreg_eval_v1,RAW,T3,COMBINED,100.0,938,0.7654584221748401,16.497061762897033,1.758748588794993,21.31559668513061,0.15357181554111743,0.05476018032769921,0.49637108806659874
823,14,83,VALID_FOR_REPLAY,02c9ed7517c70cd4e3ac56fd0b12cdc9a22d8b4c,canonical_pnl_v1,polymarket_logreg_eval_v1,RAW,T3,FAVORITE_ONLY,100.0,888,0.7961711711711712,-3.0864626212155786,-0.34757461950625884,18.807524362438436,0.15357181554111743,0.05476018032769921,0.49637108806659874
823,14,83,VALID_FOR_REPLAY,02c9ed7517c70cd4e3ac56fd0b12cdc9a22d8b4c,canonical_pnl_v1,polymarket_logreg_eval_v1,RAW,T3,OUTSIDER_ONLY,100.0,50,0.22,19.583524384112614,39.16704876822523,12.855,0.15357181554111743,0.05476018032769921,0.49637108806659874
823,14,83,VALID_FOR_REPLAY,02c9ed7517c70cd4e3ac56fd0b12cdc9a22d8b4c,canonical_pnl_v1,polymarket_logreg_eval_v1,PLATT,COMBINED,COMBINED,100.0,2896,0.762085635359116,-15.702263096181625,-0.5422052174095865,58.06966054215059,0.1544771912011988,0.05724179685789153,0.4983294778692399
823,14,83,VALID_FOR_REPLAY,02c9ed7517c70cd4e3ac56fd0b12cdc9a22d8b4c,canonical_pnl_v1,polymarket_logreg_eval_v1,PLATT,COMBINED,FAVORITE_ONLY,100.0,2750,0.796,-10.30785818736495,-0.37483120681327087,27.598316921069728,0.1544771912011988,0.05724179685789153,0.4983294778692399
823,14,83,VALID_FOR_REPLAY,02c9ed7517c70cd4e3ac56fd0b12cdc9a22d8b4c,canonical_pnl_v1,polymarket_logreg_eval_v1,PLATT,COMBINED,OUTSIDER_ONLY,100.0,146,0.1232876712328767,-5.394404908816664,-3.69479788275114,40.32181818181818,0.1544771912011988,0.05724179685789153,0.4983294778692399
823,14,83,VALID_FOR_REPLAY,02c9ed7517c70cd4e3ac56fd0b12cdc9a22d8b4c,canonical_pnl_v1,polymarket_logreg_eval_v1,PLATT,T1,COMBINED,100.0,1012,0.7559288537549407,-45.391622518313525,-4.485338193509242,46.22492926540054,0.16327190443866355,0.07445792588544256,0.5227354667291555
823,14,83,VALID_FOR_REPLAY,02c9ed7517c70cd4e3ac56fd0b12cdc9a22d8b4c,canonical_pnl_v1,polymarket_logreg_eval_v1,PLATT,T1,FAVORITE_ONLY,100.0,980,0.7795918367346939,-22.32071342740445,-2.277623819122903,27.598316921069728,0.16327190443866355,0.07445792588544256,0.5227354667291555
823,14,83,VALID_FOR_REPLAY,02c9ed7517c70cd4e3ac56fd0b12cdc9a22d8b4c,canonical_pnl_v1,polymarket_logreg_eval_v1,PLATT,T1,OUTSIDER_ONLY,100.0,32,0.03125,-23.07090909090909,-72.0965909090909,23.07090909090909,0.16327190443866355,0.07445792588544256,0.5227354667291555
823,14,83,VALID_FOR_REPLAY,02c9ed7517c70cd4e3ac56fd0b12cdc9a22d8b4c,canonical_pnl_v1,polymarket_logreg_eval_v1,PLATT,T2,COMBINED,100.0,946,0.7653276955602537,13.192297659234885,1.3945346362827575,31.45068646526383,0.1465945620244541,0.04747969246124505,0.4759004951268854
823,14,83,VALID_FOR_REPLAY,02c9ed7517c70cd4e3ac56fd0b12cdc9a22d8b4c,canonical_pnl_v1,polymarket_logreg_eval_v1,PLATT,T2,FAVORITE_ONLY,100.0,882,0.8140589569160998,15.099317861255068,1.711940800595813,22.193017143215272,0.1465945620244541,0.04747969246124505,0.4759004951268854
823,14,83,VALID_FOR_REPLAY,02c9ed7517c70cd4e3ac56fd0b12cdc9a22d8b4c,canonical_pnl_v1,polymarket_logreg_eval_v1,PLATT,T2,OUTSIDER_ONLY,100.0,64,0.09375,-1.9070202020201883,-2.9797190656565444,21.07090909090909,0.1465945620244541,0.04747969246124505,0.4759004951268854
823,14,83,VALID_FOR_REPLAY,02c9ed7517c70cd4e3ac56fd0b12cdc9a22d8b4c,canonical_pnl_v1,polymarket_logreg_eval_v1,PLATT,T3,COMBINED,100.0,938,0.7654584221748401,16.497061762897033,1.758748588794993,21.31559668513061,0.15357181554111743,0.05476018032769921,0.49637108806659874
823,14,83,VALID_FOR_REPLAY,02c9ed7517c70cd4e3ac56fd0b12cdc9a22d8b4c,canonical_pnl_v1,polymarket_logreg_eval_v1,PLATT,T3,FAVORITE_ONLY,100.0,888,0.7961711711711712,-3.0864626212155786,-0.34757461950625884,18.807524362438436,0.15357181554111743,0.05476018032769921,0.49637108806659874
823,14,83,VALID_FOR_REPLAY,02c9ed7517c70cd4e3ac56fd0b12cdc9a22d8b4c,canonical_pnl_v1,polymarket_logreg_eval_v1,PLATT,T3,OUTSIDER_ONLY,100.0,50,0.22,19.583524384112614,39.16704876822523,12.855,0.15357181554111743,0.05476018032769921,0.49637108806659874
824,15,84,VALID_FOR_REPLAY,02c9ed7517c70cd4e3ac56fd0b12cdc9a22d8b4c,canonical_pnl_v1,polymarket_logreg_eval_v1,RAW,COMBINED,COMBINED,100.0,2896,0.762085635359116,-15.702263096181625,-0.5422052174095865,58.06966054215059,0.1544771912011988,0.05724179685789153,0.4983294778692399
824,15,84,VALID_FOR_REPLAY,02c9ed7517c70cd4e3ac56fd0b12cdc9a22d8b4c,canonical_pnl_v1,polymarket_logreg_eval_v1,RAW,COMBINED,FAVORITE_ONLY,100.0,2750,0.796,-10.30785818736495,-0.37483120681327087,27.598316921069728,0.1544771912011988,0.05724179685789153,0.4983294778692399
824,15,84,VALID_FOR_REPLAY,02c9ed7517c70cd4e3ac56fd0b12cdc9a22d8b4c,canonical_pnl_v1,polymarket_logreg_eval_v1,RAW,COMBINED,OUTSIDER_ONLY,100.0,146,0.1232876712328767,-5.394404908816664,-3.69479788275114,40.32181818181818,0.1544771912011988,0.05724179685789153,0.4983294778692399
824,15,84,VALID_FOR_REPLAY,02c9ed7517c70cd4e3ac56fd0b12cdc9a22d8b4c,canonical_pnl_v1,polymarket_logreg_eval_v1,RAW,T1,COMBINED,100.0,1012,0.7559288537549407,-45.391622518313525,-4.485338193509242,46.22492926540054,0.16327190443866355,0.07445792588544256,0.5227354667291555
824,15,84,VALID_FOR_REPLAY,02c9ed7517c70cd4e3ac56fd0b12cdc9a22d8b4c,canonical_pnl_v1,polymarket_logreg_eval_v1,RAW,T1,FAVORITE_ONLY,100.0,980,0.7795918367346939,-22.32071342740445,-2.277623819122903,27.598316921069728,0.16327190443866355,0.07445792588544256,0.5227354667291555
824,15,84,VALID_FOR_REPLAY,02c9ed7517c70cd4e3ac56fd0b12cdc9a22d8b4c,canonical_pnl_v1,polymarket_logreg_eval_v1,RAW,T1,OUTSIDER_ONLY,100.0,32,0.03125,-23.07090909090909,-72.0965909090909,23.07090909090909,0.16327190443866355,0.07445792588544256,0.5227354667291555
824,15,84,VALID_FOR_REPLAY,02c9ed7517c70cd4e3ac56fd0b12cdc9a22d8b4c,canonical_pnl_v1,polymarket_logreg_eval_v1,RAW,T2,COMBINED,100.0,946,0.7653276955602537,13.192297659234885,1.3945346362827575,31.45068646526383,0.1465945620244541,0.04747969246124505,0.4759004951268854
824,15,84,VALID_FOR_REPLAY,02c9ed7517c70cd4e3ac56fd0b12cdc9a22d8b4c,canonical_pnl_v1,polymarket_logreg_eval_v1,RAW,T2,FAVORITE_ONLY,100.0,882,0.8140589569160998,15.099317861255068,1.711940800595813,22.193017143215272,0.1465945620244541,0.04747969246124505,0.4759004951268854
824,15,84,VALID_FOR_REPLAY,02c9ed7517c70cd4e3ac56fd0b12cdc9a22d8b4c,canonical_pnl_v1,polymarket_logreg_eval_v1,RAW,T2,OUTSIDER_ONLY,100.0,64,0.09375,-1.9070202020201883,-2.9797190656565444,21.07090909090909,0.1465945620244541,0.04747969246124505,0.4759004951268854
824,15,84,VALID_FOR_REPLAY,02c9ed7517c70cd4e3ac56fd0b12cdc9a22d8b4c,canonical_pnl_v1,polymarket_logreg_eval_v1,RAW,T3,COMBINED,100.0,938,0.7654584221748401,16.497061762897033,1.758748588794993,21.31559668513061,0.15357181554111743,0.05476018032769921,0.49637108806659874
824,15,84,VALID_FOR_REPLAY,02c9ed7517c70cd4e3ac56fd0b12cdc9a22d8b4c,canonical_pnl_v1,polymarket_logreg_eval_v1,RAW,T3,FAVORITE_ONLY,100.0,888,0.7961711711711712,-3.0864626212155786,-0.34757461950625884,18.807524362438436,0.15357181554111743,0.05476018032769921,0.49637108806659874
824,15,84,VALID_FOR_REPLAY,02c9ed7517c70cd4e3ac56fd0b12cdc9a22d8b4c,canonical_pnl_v1,polymarket_logreg_eval_v1,RAW,T3,OUTSIDER_ONLY,100.0,50,0.22,19.583524384112614,39.16704876822523,12.855,0.15357181554111743,0.05476018032769921,0.49637108806659874
824,15,84,VALID_FOR_REPLAY,02c9ed7517c70cd4e3ac56fd0b12cdc9a22d8b4c,canonical_pnl_v1,polymarket_logreg_eval_v1,PLATT,COMBINED,COMBINED,100.0,2896,0.762085635359116,-15.702263096181625,-0.5422052174095865,58.06966054215059,0.1544771912011988,0.05724179685789153,0.4983294778692399
824,15,84,VALID_FOR_REPLAY,02c9ed7517c70cd4e3ac56fd0b12cdc9a22d8b4c,canonical_pnl_v1,polymarket_logreg_eval_v1,PLATT,COMBINED,FAVORITE_ONLY,100.0,2750,0.796,-10.30785818736495,-0.37483120681327087,27.598316921069728,0.1544771912011988,0.05724179685789153,0.4983294778692399
824,15,84,VALID_FOR_REPLAY,02c9ed7517c70cd4e3ac56fd0b12cdc9a22d8b4c,canonical_pnl_v1,polymarket_logreg_eval_v1,PLATT,COMBINED,OUTSIDER_ONLY,100.0,146,0.1232876712328767,-5.394404908816664,-3.69479788275114,40.32181818181818,0.1544771912011988,0.05724179685789153,0.4983294778692399
824,15,84,VALID_FOR_REPLAY,02c9ed7517c70cd4e3ac56fd0b12cdc9a22d8b4c,canonical_pnl_v1,polymarket_logreg_eval_v1,PLATT,T1,COMBINED,100.0,1012,0.7559288537549407,-45.391622518313525,-4.485338193509242,46.22492926540054,0.16327190443866355,0.07445792588544256,0.5227354667291555
824,15,84,VALID_FOR_REPLAY,02c9ed7517c70cd4e3ac56fd0b12cdc9a22d8b4c,canonical_pnl_v1,polymarket_logreg_eval_v1,PLATT,T1,FAVORITE_ONLY,100.0,980,0.7795918367346939,-22.32071342740445,-2.277623819122903,27.598316921069728,0.16327190443866355,0.07445792588544256,0.5227354667291555
824,15,84,VALID_FOR_REPLAY,02c9ed7517c70cd4e3ac56fd0b12cdc9a22d8b4c,canonical_pnl_v1,polymarket_logreg_eval_v1,PLATT,T1,OUTSIDER_ONLY,100.0,32,0.03125,-23.07090909090909,-72.0965909090909,23.07090909090909,0.16327190443866355,0.07445792588544256,0.5227354667291555
824,15,84,VALID_FOR_REPLAY,02c9ed7517c70cd4e3ac56fd0b12cdc9a22d8b4c,canonical_pnl_v1,polymarket_logreg_eval_v1,PLATT,T2,COMBINED,100.0,946,0.7653276955602537,13.192297659234885,1.3945346362827575,31.45068646526383,0.1465945620244541,0.04747969246124505,0.4759004951268854
824,15,84,VALID_FOR_REPLAY,02c9ed7517c70cd4e3ac56fd0b12cdc9a22d8b4c,canonical_pnl_v1,polymarket_logreg_eval_v1,PLATT,T2,FAVORITE_ONLY,100.0,882,0.8140589569160998,15.099317861255068,1.711940800595813,22.193017143215272,0.1465945620244541,0.04747969246124505,0.4759004951268854
824,15,84,VALID_FOR_REPLAY,02c9ed7517c70cd4e3ac56fd0b12cdc9a22d8b4c,canonical_pnl_v1,polymarket_logreg_eval_v1,PLATT,T2,OUTSIDER_ONLY,100.0,64,0.09375,-1.9070202020201883,-2.9797190656565444,21.07090909090909,0.1465945620244541,0.04747969246124505,0.4759004951268854
824,15,84,VALID_FOR_REPLAY,02c9ed7517c70cd4e3ac56fd0b12cdc9a22d8b4c,canonical_pnl_v1,polymarket_logreg_eval_v1,PLATT,T3,COMBINED,100.0,938,0.7654584221748401,16.497061762897033,1.758748588794993,21.31559668513061,0.15357181554111743,0.05476018032769921,0.49637108806659874
824,15,84,VALID_FOR_REPLAY,02c9ed7517c70cd4e3ac56fd0b12cdc9a22d8b4c,canonical_pnl_v1,polymarket_logreg_eval_v1,PLATT,T3,FAVORITE_ONLY,100.0,888,0.7961711711711712,-3.0864626212155786,-0.34757461950625884,18.807524362438436,0.15357181554111743,0.05476018032769921,0.49637108806659874
824,15,84,VALID_FOR_REPLAY,02c9ed7517c70cd4e3ac56fd0b12cdc9a22d8b4c,canonical_pnl_v1,polymarket_logreg_eval_v1,PLATT,T3,OUTSIDER_ONLY,100.0,50,0.22,19.583524384112614,39.16704876822523,12.855,0.15357181554111743,0.05476018032769921,0.49637108806659874
825,16,85,VALID_FOR_REPLAY,02c9ed7517c70cd4e3ac56fd0b12cdc9a22d8b4c,canonical_pnl_v1,polymarket_logreg_eval_v1,RAW,COMBINED,COMBINED,100.0,2749,0.7377228082939251,-31.636456142095412,-1.1508350724661844,70.63572555087812,0.15426664521066955,0.05267241667983526,0.49817030419567815
825,16,85,VALID_FOR_REPLAY,02c9ed7517c70cd4e3ac56fd0b12cdc9a22d8b4c,canonical_pnl_v1,polymarket_logreg_eval_v1,RAW,COMBINED,FAVORITE_ONLY,100.0,2507,0.7965696051057041,-11.396499105667798,-0.4545871202899002,27.633237479557685,0.15426664521066955,0.05267241667983526,0.49817030419567815
825,16,85,VALID_FOR_REPLAY,02c9ed7517c70cd4e3ac56fd0b12cdc9a22d8b4c,canonical_pnl_v1,polymarket_logreg_eval_v1,RAW,COMBINED,OUTSIDER_ONLY,100.0,242,0.128099173553719,-20.23995703642762,-8.363618610094058,53.02090909090909,0.15426664521066955,0.05267241667983526,0.49817030419567815
825,16,85,VALID_FOR_REPLAY,02c9ed7517c70cd4e3ac56fd0b12cdc9a22d8b4c,canonical_pnl_v1,polymarket_logreg_eval_v1,RAW,T1,COMBINED,100.0,971,0.7342945417095778,-49.868972035756414,-5.135836460942988,55.51249668543067,0.16306784947283212,0.08052063110160482,0.5222659737066143
825,16,85,VALID_FOR_REPLAY,02c9ed7517c70cd4e3ac56fd0b12cdc9a22d8b4c,canonical_pnl_v1,polymarket_logreg_eval_v1,RAW,T1,FAVORITE_ONLY,100.0,910,0.778021978021978,-23.301102160533596,-2.5605606769817135,26.99449884623141,0.16306784947283212,0.08052063110160482,0.5222659737066143
825,16,85,VALID_FOR_REPLAY,02c9ed7517c70cd4e3ac56fd0b12cdc9a22d8b4c,canonical_pnl_v1,polymarket_logreg_eval_v1,RAW,T1,OUTSIDER_ONLY,100.0,61,0.08196721311475409,-26.56786987522282,-43.553885041348884,30.98,0.16306784947283212,0.08052063110160482,0.5222659737066143
825,16,85,VALID_FOR_REPLAY,02c9ed7517c70cd4e3ac56fd0b12cdc9a22d8b4c,canonical_pnl_v1,polymarket_logreg_eval_v1,RAW,T2,COMBINED,100.0,893,0.734602463605823,15.851995130119505,1.7751394322642222,25.071685710735352,0.14632990946365837,0.03979183591049918,0.4757747957378755
825,16,85,VALID_FOR_REPLAY,02c9ed7517c70cd4e3ac56fd0b12cdc9a22d8b4c,canonical_pnl_v1,polymarket_logreg_eval_v1,RAW,T2,FAVORITE_ONLY,100.0,788,0.815989847715736,13.492051119881356,1.7121892284113396,21.41485313154984,0.14632990946365837,0.03979183591049918,0.4757747957378755
825,16,85,VALID_FOR_REPLAY,02c9ed7517c70cd4e3ac56fd0b12cdc9a22d8b4c,canonical_pnl_v1,polymarket_logreg_eval_v1,RAW,T2,OUTSIDER_ONLY,100.0,105,0.12380952380952381,2.359944010238138,2.247565724036322,22.860909090909093,0.14632990946365837,0.03979183591049918,0.4757747957378755
825,16,85,VALID_FOR_REPLAY,02c9ed7517c70cd4e3ac56fd0b12cdc9a22d8b4c,canonical_pnl_v1,polymarket_logreg_eval_v1,RAW,T3,COMBINED,100.0,885,0.7446327683615819,2.380520763541485,0.2689853970103373,21.937822348529956,0.15340889004735805,0.04885999952909385,0.4964885227531557
825,16,85,VALID_FOR_REPLAY,02c9ed7517c70cd4e3ac56fd0b12cdc9a22d8b4c,canonical_pnl_v1,polymarket_logreg_eval_v1,RAW,T3,FAVORITE_ONLY,100.0,809,0.7985166872682324,-1.5874480650155718,-0.1962234938214551,19.95313859768052,0.15340889004735805,0.04885999952909385,0.4964885227531557
825,16,85,VALID_FOR_REPLAY,02c9ed7517c70cd4e3ac56fd0b12cdc9a22d8b4c,canonical_pnl_v1,polymarket_logreg_eval_v1,RAW,T3,OUTSIDER_ONLY,100.0,76,0.17105263157894737,3.9679688285570567,5.221011616522444,16.00529411764706,0.15340889004735805,0.04885999952909385,0.4964885227531557
825,16,85,VALID_FOR_REPLAY,02c9ed7517c70cd4e3ac56fd0b12cdc9a22d8b4c,canonical_pnl_v1,polymarket_logreg_eval_v1,PLATT,COMBINED,COMBINED,100.0,2749,0.7377228082939251,-31.636456142095412,-1.1508350724661844,70.63572555087812,0.15426664521066955,0.05267241667983526,0.49817030419567815
825,16,85,VALID_FOR_REPLAY,02c9ed7517c70cd4e3ac56fd0b12cdc9a22d8b4c,canonical_pnl_v1,polymarket_logreg_eval_v1,PLATT,COMBINED,FAVORITE_ONLY,100.0,2507,0.7965696051057041,-11.396499105667798,-0.4545871202899002,27.633237479557685,0.15426664521066955,0.05267241667983526,0.49817030419567815
825,16,85,VALID_FOR_REPLAY,02c9ed7517c70cd4e3ac56fd0b12cdc9a22d8b4c,canonical_pnl_v1,polymarket_logreg_eval_v1,PLATT,COMBINED,OUTSIDER_ONLY,100.0,242,0.128099173553719,-20.23995703642762,-8.363618610094058,53.02090909090909,0.15426664521066955,0.05267241667983526,0.49817030419567815
825,16,85,VALID_FOR_REPLAY,02c9ed7517c70cd4e3ac56fd0b12cdc9a22d8b4c,canonical_pnl_v1,polymarket_logreg_eval_v1,PLATT,T1,COMBINED,100.0,971,0.7342945417095778,-49.868972035756414,-5.135836460942988,55.51249668543067,0.16306784947283212,0.08052063110160482,0.5222659737066143
825,16,85,VALID_FOR_REPLAY,02c9ed7517c70cd4e3ac56fd0b12cdc9a22d8b4c,canonical_pnl_v1,polymarket_logreg_eval_v1,PLATT,T1,FAVORITE_ONLY,100.0,910,0.778021978021978,-23.301102160533596,-2.5605606769817135,26.99449884623141,0.16306784947283212,0.08052063110160482,0.5222659737066143
825,16,85,VALID_FOR_REPLAY,02c9ed7517c70cd4e3ac56fd0b12cdc9a22d8b4c,canonical_pnl_v1,polymarket_logreg_eval_v1,PLATT,T1,OUTSIDER_ONLY,100.0,61,0.08196721311475409,-26.56786987522282,-43.553885041348884,30.98,0.16306784947283212,0.08052063110160482,0.5222659737066143
825,16,85,VALID_FOR_REPLAY,02c9ed7517c70cd4e3ac56fd0b12cdc9a22d8b4c,canonical_pnl_v1,polymarket_logreg_eval_v1,PLATT,T2,COMBINED,100.0,893,0.734602463605823,15.851995130119505,1.7751394322642222,25.071685710735352,0.14632990946365837,0.03979183591049918,0.4757747957378755
825,16,85,VALID_FOR_REPLAY,02c9ed7517c70cd4e3ac56fd0b12cdc9a22d8b4c,canonical_pnl_v1,polymarket_logreg_eval_v1,PLATT,T2,FAVORITE_ONLY,100.0,788,0.815989847715736,13.492051119881356,1.7121892284113396,21.41485313154984,0.14632990946365837,0.03979183591049918,0.4757747957378755
825,16,85,VALID_FOR_REPLAY,02c9ed7517c70cd4e3ac56fd0b12cdc9a22d8b4c,canonical_pnl_v1,polymarket_logreg_eval_v1,PLATT,T2,OUTSIDER_ONLY,100.0,105,0.12380952380952381,2.359944010238138,2.247565724036322,22.860909090909093,0.14632990946365837,0.03979183591049918,0.4757747957378755
825,16,85,VALID_FOR_REPLAY,02c9ed7517c70cd4e3ac56fd0b12cdc9a22d8b4c,canonical_pnl_v1,polymarket_logreg_eval_v1,PLATT,T3,COMBINED,100.0,885,0.7446327683615819,2.380520763541485,0.2689853970103373,21.937822348529956,0.15340889004735805,0.04885999952909385,0.4964885227531557
825,16,85,VALID_FOR_REPLAY,02c9ed7517c70cd4e3ac56fd0b12cdc9a22d8b4c,canonical_pnl_v1,polymarket_logreg_eval_v1,PLATT,T3,FAVORITE_ONLY,100.0,809,0.7985166872682324,-1.5874480650155718,-0.1962234938214551,19.95313859768052,0.15340889004735805,0.04885999952909385,0.4964885227531557
825,16,85,VALID_FOR_REPLAY,02c9ed7517c70cd4e3ac56fd0b12cdc9a22d8b4c,canonical_pnl_v1,polymarket_logreg_eval_v1,PLATT,T3,OUTSIDER_ONLY,100.0,76,0.17105263157894737,3.9679688285570567,5.221011616522444,16.00529411764706,0.15340889004735805,0.04885999952909385,0.4964885227531557
826,10,86,VALID_FOR_REPLAY,02c9ed7517c70cd4e3ac56fd0b12cdc9a22d8b4c,canonical_pnl_v1,polymarket_logreg_eval_v1,RAW,COMBINED,COMBINED,100.0,1937,0.4966442953020134,-31.12921133455891,-1.607083703384559,94.79657240460395,0.2237462327360513,0.0037857009051035354,0.6396955701453182
826,10,86,VALID_FOR_REPLAY,02c9ed7517c70cd4e3ac56fd0b12cdc9a22d8b4c,canonical_pnl_v1,polymarket_logreg_eval_v1,RAW,COMBINED,FAVORITE_ONLY,100.0,1222,0.6284779050736498,5.517710553959256,0.4515311418951928,26.710684330285503,0.2237462327360513,0.0037857009051035354,0.6396955701453182
826,10,86,VALID_FOR_REPLAY,02c9ed7517c70cd4e3ac56fd0b12cdc9a22d8b4c,canonical_pnl_v1,polymarket_logreg_eval_v1,RAW,COMBINED,OUTSIDER_ONLY,100.0,715,0.27132867132867133,-36.64692188851816,-5.125443620771771,74.14202914602808,0.2237462327360513,0.0037857009051035354,0.6396955701453182
826,10,86,VALID_FOR_REPLAY,02c9ed7517c70cd4e3ac56fd0b12cdc9a22d8b4c,canonical_pnl_v1,polymarket_logreg_eval_v1,RAW,T1,COMBINED,100.0,644,0.5357142857142857,10.502603969241186,1.6308391256585693,30.034982913009383,0.22195808877828607,0.0038737320283310874,0.6359911764626424
826,10,86,VALID_FOR_REPLAY,02c9ed7517c70cd4e3ac56fd0b12cdc9a22d8b4c,canonical_pnl_v1,polymarket_logreg_eval_v1,RAW,T1,FAVORITE_ONLY,100.0,448,0.6517857142857143,18.798287238717577,4.196046258642316,10.63624985310534,0.22195808877828607,0.0038737320283310874,0.6359911764626424
826,10,86,VALID_FOR_REPLAY,02c9ed7517c70cd4e3ac56fd0b12cdc9a22d8b4c,canonical_pnl_v1,polymarket_logreg_eval_v1,RAW,T1,OUTSIDER_ONLY,100.0,196,0.27040816326530615,-8.295683269476388,-4.232491464018565,29.484690048138333,0.22195808877828607,0.0038737320283310874,0.6359911764626424
826,10,86,VALID_FOR_REPLAY,02c9ed7517c70cd4e3ac56fd0b12cdc9a22d8b4c,canonical_pnl_v1,polymarket_logreg_eval_v1,RAW,T2,COMBINED,100.0,630,0.47619047619047616,-27.522598053995313,-4.368666357777034,41.489181321842935,0.2273192014688057,0.014473012396828555,0.6471299122663668
826,10,86,VALID_FOR_REPLAY,02c9ed7517c70cd4e3ac56fd0b12cdc9a22d8b4c,canonical_pnl_v1,polymarket_logreg_eval_v1,RAW,T2,FAVORITE_ONLY,100.0,381,0.6167979002624672,-5.341603699711174,-1.4019957217089696,15.531450415146873,0.2273192014688057,0.014473012396828555,0.6471299122663668
826,10,86,VALID_FOR_REPLAY,02c9ed7517c70cd4e3ac56fd0b12cdc9a22d8b4c,canonical_pnl_v1,polymarket_logreg_eval_v1,RAW,T2,OUTSIDER_ONLY,100.0,249,0.26104417670682734,-22.18099435428413,-8.908029861158285,42.87777891864655,0.2273192014688057,0.014473012396828555,0.6471299122663668
826,10,86,VALID_FOR_REPLAY,02c9ed7517c70cd4e3ac56fd0b12cdc9a22d8b4c,canonical_pnl_v1,polymarket_logreg_eval_v1,RAW,T3,COMBINED,100.0,663,0.4781297134238311,-14.109217249804775,-2.1280870663355618,44.60359085835255,0.2219628045375683,0.003017247583644698,0.6359685402894479
826,10,86,VALID_FOR_REPLAY,02c9ed7517c70cd4e3ac56fd0b12cdc9a22d8b4c,canonical_pnl_v1,polymarket_logreg_eval_v1,RAW,T3,FAVORITE_ONLY,100.0,393,0.6132315521628499,-7.938972985047143,-2.0200949071366776,18.429242390857276,0.2219628045375683,0.003017247583644698,0.6359685402894479
826,10,86,VALID_FOR_REPLAY,02c9ed7517c70cd4e3ac56fd0b12cdc9a22d8b4c,canonical_pnl_v1,polymarket_logreg_eval_v1,RAW,T3,OUTSIDER_ONLY,100.0,270,0.2814814814814815,-6.170244264757624,-2.285275653613935,36.342968857451616,0.2219628045375683,0.003017247583644698,0.6359685402894479
826,10,86,VALID_FOR_REPLAY,02c9ed7517c70cd4e3ac56fd0b12cdc9a22d8b4c,canonical_pnl_v1,polymarket_logreg_eval_v1,PLATT,COMBINED,COMBINED,100.0,1937,0.4966442953020134,-31.12921133455891,-1.607083703384559,94.79657240460395,0.2237462327360513,0.0037857009051035354,0.6396955701453182
826,10,86,VALID_FOR_REPLAY,02c9ed7517c70cd4e3ac56fd0b12cdc9a22d8b4c,canonical_pnl_v1,polymarket_logreg_eval_v1,PLATT,COMBINED,FAVORITE_ONLY,100.0,1222,0.6284779050736498,5.517710553959256,0.4515311418951928,26.710684330285503,0.2237462327360513,0.0037857009051035354,0.6396955701453182
826,10,86,VALID_FOR_REPLAY,02c9ed7517c70cd4e3ac56fd0b12cdc9a22d8b4c,canonical_pnl_v1,polymarket_logreg_eval_v1,PLATT,COMBINED,OUTSIDER_ONLY,100.0,715,0.27132867132867133,-36.64692188851816,-5.125443620771771,74.14202914602808,0.2237462327360513,0.0037857009051035354,0.6396955701453182
826,10,86,VALID_FOR_REPLAY,02c9ed7517c70cd4e3ac56fd0b12cdc9a22d8b4c,canonical_pnl_v1,polymarket_logreg_eval_v1,PLATT,T1,COMBINED,100.0,644,0.5357142857142857,10.502603969241186,1.6308391256585693,30.034982913009383,0.22195808877828607,0.0038737320283310874,0.6359911764626424
826,10,86,VALID_FOR_REPLAY,02c9ed7517c70cd4e3ac56fd0b12cdc9a22d8b4c,canonical_pnl_v1,polymarket_logreg_eval_v1,PLATT,T1,FAVORITE_ONLY,100.0,448,0.6517857142857143,18.798287238717577,4.196046258642316,10.63624985310534,0.22195808877828607,0.0038737320283310874,0.6359911764626424
826,10,86,VALID_FOR_REPLAY,02c9ed7517c70cd4e3ac56fd0b12cdc9a22d8b4c,canonical_pnl_v1,polymarket_logreg_eval_v1,PLATT,T1,OUTSIDER_ONLY,100.0,196,0.27040816326530615,-8.295683269476388,-4.232491464018565,29.484690048138333,0.22195808877828607,0.0038737320283310874,0.6359911764626424
826,10,86,VALID_FOR_REPLAY,02c9ed7517c70cd4e3ac56fd0b12cdc9a22d8b4c,canonical_pnl_v1,polymarket_logreg_eval_v1,PLATT,T2,COMBINED,100.0,630,0.47619047619047616,-27.522598053995313,-4.368666357777034,41.489181321842935,0.2273192014688057,0.014473012396828555,0.6471299122663668
826,10,86,VALID_FOR_REPLAY,02c9ed7517c70cd4e3ac56fd0b12cdc9a22d8b4c,canonical_pnl_v1,polymarket_logreg_eval_v1,PLATT,T2,FAVORITE_ONLY,100.0,381,0.6167979002624672,-5.341603699711174,-1.4019957217089696,15.531450415146873,0.2273192014688057,0.014473012396828555,0.6471299122663668
826,10,86,VALID_FOR_REPLAY,02c9ed7517c70cd4e3ac56fd0b12cdc9a22d8b4c,canonical_pnl_v1,polymarket_logreg_eval_v1,PLATT,T2,OUTSIDER_ONLY,100.0,249,0.26104417670682734,-22.18099435428413,-8.908029861158285,42.87777891864655,0.2273192014688057,0.014473012396828555,0.6471299122663668
826,10,86,VALID_FOR_REPLAY,02c9ed7517c70cd4e3ac56fd0b12cdc9a22d8b4c,canonical_pnl_v1,polymarket_logreg_eval_v1,PLATT,T3,COMBINED,100.0,663,0.4781297134238311,-14.109217249804775,-2.1280870663355618,44.60359085835255,0.2219628045375683,0.003017247583644698,0.6359685402894479
826,10,86,VALID_FOR_REPLAY,02c9ed7517c70cd4e3ac56fd0b12cdc9a22d8b4c,canonical_pnl_v1,polymarket_logreg_eval_v1,PLATT,T3,FAVORITE_ONLY,100.0,393,0.6132315521628499,-7.938972985047143,-2.0200949071366776,18.429242390857276,0.2219628045375683,0.003017247583644698,0.6359685402894479
826,10,86,VALID_FOR_REPLAY,02c9ed7517c70cd4e3ac56fd0b12cdc9a22d8b4c,canonical_pnl_v1,polymarket_logreg_eval_v1,PLATT,T3,OUTSIDER_ONLY,100.0,270,0.2814814814814815,-6.170244264757624,-2.285275653613935,36.342968857451616,0.2219628045375683,0.003017247583644698,0.6359685402894479
827,11,87,VALID_FOR_REPLAY,02c9ed7517c70cd4e3ac56fd0b12cdc9a22d8b4c,canonical_pnl_v1,polymarket_logreg_eval_v1,RAW,COMBINED,COMBINED,100.0,1937,0.4966442953020134,-31.12921133455891,-1.607083703384559,94.79657240460395,0.2237462327360513,0.0037857009051035354,0.6396955701453182
827,11,87,VALID_FOR_REPLAY,02c9ed7517c70cd4e3ac56fd0b12cdc9a22d8b4c,canonical_pnl_v1,polymarket_logreg_eval_v1,RAW,COMBINED,FAVORITE_ONLY,100.0,1222,0.6284779050736498,5.517710553959256,0.4515311418951928,26.710684330285503,0.2237462327360513,0.0037857009051035354,0.6396955701453182
827,11,87,VALID_FOR_REPLAY,02c9ed7517c70cd4e3ac56fd0b12cdc9a22d8b4c,canonical_pnl_v1,polymarket_logreg_eval_v1,RAW,COMBINED,OUTSIDER_ONLY,100.0,715,0.27132867132867133,-36.64692188851816,-5.125443620771771,74.14202914602808,0.2237462327360513,0.0037857009051035354,0.6396955701453182
827,11,87,VALID_FOR_REPLAY,02c9ed7517c70cd4e3ac56fd0b12cdc9a22d8b4c,canonical_pnl_v1,polymarket_logreg_eval_v1,RAW,T1,COMBINED,100.0,644,0.5357142857142857,10.502603969241186,1.6308391256585693,30.034982913009383,0.22195808877828607,0.0038737320283310874,0.6359911764626424
827,11,87,VALID_FOR_REPLAY,02c9ed7517c70cd4e3ac56fd0b12cdc9a22d8b4c,canonical_pnl_v1,polymarket_logreg_eval_v1,RAW,T1,FAVORITE_ONLY,100.0,448,0.6517857142857143,18.798287238717577,4.196046258642316,10.63624985310534,0.22195808877828607,0.0038737320283310874,0.6359911764626424
827,11,87,VALID_FOR_REPLAY,02c9ed7517c70cd4e3ac56fd0b12cdc9a22d8b4c,canonical_pnl_v1,polymarket_logreg_eval_v1,RAW,T1,OUTSIDER_ONLY,100.0,196,0.27040816326530615,-8.295683269476388,-4.232491464018565,29.484690048138333,0.22195808877828607,0.0038737320283310874,0.6359911764626424
827,11,87,VALID_FOR_REPLAY,02c9ed7517c70cd4e3ac56fd0b12cdc9a22d8b4c,canonical_pnl_v1,polymarket_logreg_eval_v1,RAW,T2,COMBINED,100.0,630,0.47619047619047616,-27.522598053995313,-4.368666357777034,41.489181321842935,0.2273192014688057,0.014473012396828555,0.6471299122663668
827,11,87,VALID_FOR_REPLAY,02c9ed7517c70cd4e3ac56fd0b12cdc9a22d8b4c,canonical_pnl_v1,polymarket_logreg_eval_v1,RAW,T2,FAVORITE_ONLY,100.0,381,0.6167979002624672,-5.341603699711174,-1.4019957217089696,15.531450415146873,0.2273192014688057,0.014473012396828555,0.6471299122663668
827,11,87,VALID_FOR_REPLAY,02c9ed7517c70cd4e3ac56fd0b12cdc9a22d8b4c,canonical_pnl_v1,polymarket_logreg_eval_v1,RAW,T2,OUTSIDER_ONLY,100.0,249,0.26104417670682734,-22.18099435428413,-8.908029861158285,42.87777891864655,0.2273192014688057,0.014473012396828555,0.6471299122663668
827,11,87,VALID_FOR_REPLAY,02c9ed7517c70cd4e3ac56fd0b12cdc9a22d8b4c,canonical_pnl_v1,polymarket_logreg_eval_v1,RAW,T3,COMBINED,100.0,663,0.4781297134238311,-14.109217249804775,-2.1280870663355618,44.60359085835255,0.2219628045375683,0.003017247583644698,0.6359685402894479
827,11,87,VALID_FOR_REPLAY,02c9ed7517c70cd4e3ac56fd0b12cdc9a22d8b4c,canonical_pnl_v1,polymarket_logreg_eval_v1,RAW,T3,FAVORITE_ONLY,100.0,393,0.6132315521628499,-7.938972985047143,-2.0200949071366776,18.429242390857276,0.2219628045375683,0.003017247583644698,0.6359685402894479
827,11,87,VALID_FOR_REPLAY,02c9ed7517c70cd4e3ac56fd0b12cdc9a22d8b4c,canonical_pnl_v1,polymarket_logreg_eval_v1,RAW,T3,OUTSIDER_ONLY,100.0,270,0.2814814814814815,-6.170244264757624,-2.285275653613935,36.342968857451616,0.2219628045375683,0.003017247583644698,0.6359685402894479
827,11,87,VALID_FOR_REPLAY,02c9ed7517c70cd4e3ac56fd0b12cdc9a22d8b4c,canonical_pnl_v1,polymarket_logreg_eval_v1,PLATT,COMBINED,COMBINED,100.0,1937,0.4966442953020134,-31.12921133455891,-1.607083703384559,94.79657240460395,0.2237462327360513,0.0037857009051035354,0.6396955701453182
827,11,87,VALID_FOR_REPLAY,02c9ed7517c70cd4e3ac56fd0b12cdc9a22d8b4c,canonical_pnl_v1,polymarket_logreg_eval_v1,PLATT,COMBINED,FAVORITE_ONLY,100.0,1222,0.6284779050736498,5.517710553959256,0.4515311418951928,26.710684330285503,0.2237462327360513,0.0037857009051035354,0.6396955701453182
827,11,87,VALID_FOR_REPLAY,02c9ed7517c70cd4e3ac56fd0b12cdc9a22d8b4c,canonical_pnl_v1,polymarket_logreg_eval_v1,PLATT,COMBINED,OUTSIDER_ONLY,100.0,715,0.27132867132867133,-36.64692188851816,-5.125443620771771,74.14202914602808,0.2237462327360513,0.0037857009051035354,0.6396955701453182
827,11,87,VALID_FOR_REPLAY,02c9ed7517c70cd4e3ac56fd0b12cdc9a22d8b4c,canonical_pnl_v1,polymarket_logreg_eval_v1,PLATT,T1,COMBINED,100.0,644,0.5357142857142857,10.502603969241186,1.6308391256585693,30.034982913009383,0.22195808877828607,0.0038737320283310874,0.6359911764626424
827,11,87,VALID_FOR_REPLAY,02c9ed7517c70cd4e3ac56fd0b12cdc9a22d8b4c,canonical_pnl_v1,polymarket_logreg_eval_v1,PLATT,T1,FAVORITE_ONLY,100.0,448,0.6517857142857143,18.798287238717577,4.196046258642316,10.63624985310534,0.22195808877828607,0.0038737320283310874,0.6359911764626424
827,11,87,VALID_FOR_REPLAY,02c9ed7517c70cd4e3ac56fd0b12cdc9a22d8b4c,canonical_pnl_v1,polymarket_logreg_eval_v1,PLATT,T1,OUTSIDER_ONLY,100.0,196,0.27040816326530615,-8.295683269476388,-4.232491464018565,29.484690048138333,0.22195808877828607,0.0038737320283310874,0.6359911764626424
827,11,87,VALID_FOR_REPLAY,02c9ed7517c70cd4e3ac56fd0b12cdc9a22d8b4c,canonical_pnl_v1,polymarket_logreg_eval_v1,PLATT,T2,COMBINED,100.0,630,0.47619047619047616,-27.522598053995313,-4.368666357777034,41.489181321842935,0.2273192014688057,0.014473012396828555,0.6471299122663668
827,11,87,VALID_FOR_REPLAY,02c9ed7517c70cd4e3ac56fd0b12cdc9a22d8b4c,canonical_pnl_v1,polymarket_logreg_eval_v1,PLATT,T2,FAVORITE_ONLY,100.0,381,0.6167979002624672,-5.341603699711174,-1.4019957217089696,15.531450415146873,0.2273192014688057,0.014473012396828555,0.6471299122663668
827,11,87,VALID_FOR_REPLAY,02c9ed7517c70cd4e3ac56fd0b12cdc9a22d8b4c,canonical_pnl_v1,polymarket_logreg_eval_v1,PLATT,T2,OUTSIDER_ONLY,100.0,249,0.26104417670682734,-22.18099435428413,-8.908029861158285,42.87777891864655,0.2273192014688057,0.014473012396828555,0.6471299122663668
827,11,87,VALID_FOR_REPLAY,02c9ed7517c70cd4e3ac56fd0b12cdc9a22d8b4c,canonical_pnl_v1,polymarket_logreg_eval_v1,PLATT,T3,COMBINED,100.0,663,0.4781297134238311,-14.109217249804775,-2.1280870663355618,44.60359085835255,0.2219628045375683,0.003017247583644698,0.6359685402894479
827,11,87,VALID_FOR_REPLAY,02c9ed7517c70cd4e3ac56fd0b12cdc9a22d8b4c,canonical_pnl_v1,polymarket_logreg_eval_v1,PLATT,T3,FAVORITE_ONLY,100.0,393,0.6132315521628499,-7.938972985047143,-2.0200949071366776,18.429242390857276,0.2219628045375683,0.003017247583644698,0.6359685402894479
827,11,87,VALID_FOR_REPLAY,02c9ed7517c70cd4e3ac56fd0b12cdc9a22d8b4c,canonical_pnl_v1,polymarket_logreg_eval_v1,PLATT,T3,OUTSIDER_ONLY,100.0,270,0.2814814814814815,-6.170244264757624,-2.285275653613935,36.342968857451616,0.2219628045375683,0.003017247583644698,0.6359685402894479
828,12,88,VALID_FOR_REPLAY,02c9ed7517c70cd4e3ac56fd0b12cdc9a22d8b4c,canonical_pnl_v1,polymarket_logreg_eval_v1,RAW,COMBINED,COMBINED,100.0,1908,0.4916142557651992,-41.10900585933952,-2.154560055520939,95.86816834929087,0.22374253112907042,0.002653980804794427,0.6396855689425083
828,12,88,VALID_FOR_REPLAY,02c9ed7517c70cd4e3ac56fd0b12cdc9a22d8b4c,canonical_pnl_v1,polymarket_logreg_eval_v1,RAW,COMBINED,FAVORITE_ONLY,100.0,1185,0.6278481012658228,4.404870052167145,0.37171899174406287,27.82742013348302,0.22374253112907042,0.002653980804794427,0.6396855689425083
828,12,88,VALID_FOR_REPLAY,02c9ed7517c70cd4e3ac56fd0b12cdc9a22d8b4c,canonical_pnl_v1,polymarket_logreg_eval_v1,RAW,COMBINED,OUTSIDER_ONLY,100.0,723,0.26832641770401106,-45.51387591150666,-6.29514189647395,78.6167728942257,0.22374253112907042,0.002653980804794427,0.6396855689425083
828,12,88,VALID_FOR_REPLAY,02c9ed7517c70cd4e3ac56fd0b12cdc9a22d8b4c,canonical_pnl_v1,polymarket_logreg_eval_v1,RAW,T1,COMBINED,100.0,631,0.5277337559429477,6.306264363506418,0.9994079815382596,27.189161404695145,0.22200035829635734,0.004473848462515174,0.6360829859226808
828,12,88,VALID_FOR_REPLAY,02c9ed7517c70cd4e3ac56fd0b12cdc9a22d8b4c,canonical_pnl_v1,polymarket_logreg_eval_v1,RAW,T1,FAVORITE_ONLY,100.0,430,0.6488372093023256,16.315280966316145,3.794251387515383,9.636249853105342,0.22200035829635734,0.004473848462515174,0.6360829859226808
828,12,88,VALID_FOR_REPLAY,02c9ed7517c70cd4e3ac56fd0b12cdc9a22d8b4c,canonical_pnl_v1,polymarket_logreg_eval_v1,RAW,T1,OUTSIDER_ONLY,100.0,201,0.26865671641791045,-10.009016602809725,-4.979610250154092,28.198023381471664,0.22200035829635734,0.004473848462515174,0.6360829859226808
828,12,88,VALID_FOR_REPLAY,02c9ed7517c70cd4e3ac56fd0b12cdc9a22d8b4c,canonical_pnl_v1,polymarket_logreg_eval_v1,RAW,T2,COMBINED,100.0,620,0.4693548387096774,-31.654770993063412,-5.105608224687647,41.6159868773985,0.22727768546659005,0.012206446781933982,0.6470402555865997
828,12,88,VALID_FOR_REPLAY,02c9ed7517c70cd4e3ac56fd0b12cdc9a22d8b4c,canonical_pnl_v1,polymarket_logreg_eval_v1,RAW,T2,FAVORITE_ONLY,100.0,367,0.6158038147138964,-5.473776638779276,-1.4914922721469417,15.233811526257984,0.22727768546659005,0.012206446781933982,0.6470402555865997
828,12,88,VALID_FOR_REPLAY,02c9ed7517c70cd4e3ac56fd0b12cdc9a22d8b4c,canonical_pnl_v1,polymarket_logreg_eval_v1,RAW,T2,OUTSIDER_ONLY,100.0,253,0.25691699604743085,-26.180994354284138,-10.348219112365271,45.87777891864656,0.22727768546659005,0.012206446781933982,0.6470402555865997
828,12,88,VALID_FOR_REPLAY,02c9ed7517c70cd4e3ac56fd0b12cdc9a22d8b4c,canonical_pnl_v1,polymarket_logreg_eval_v1,RAW,T3,COMBINED,100.0,657,0.4779299847792998,-15.760499229782528,-2.3988583302560924,40.4648356134072,0.22195095258318787,0.0063780500377402065,0.6359364012365736
828,12,88,VALID_FOR_REPLAY,02c9ed7517c70cd4e3ac56fd0b12cdc9a22d8b4c,canonical_pnl_v1,polymarket_logreg_eval_v1,RAW,T3,FAVORITE_ONLY,100.0,388,0.615979381443299,-6.436634275369724,-1.6589263596313721,17.641357079520745,0.22195095258318787,0.0063780500377402065,0.6359364012365736
828,12,88,VALID_FOR_REPLAY,02c9ed7517c70cd4e3ac56fd0b12cdc9a22d8b4c,canonical_pnl_v1,polymarket_logreg_eval_v1,RAW,T3,OUTSIDER_ONLY,100.0,269,0.2788104089219331,-9.323864954412795,-3.4661208008969497,36.47755467455134,0.22195095258318787,0.0063780500377402065,0.6359364012365736
828,12,88,VALID_FOR_REPLAY,02c9ed7517c70cd4e3ac56fd0b12cdc9a22d8b4c,canonical_pnl_v1,polymarket_logreg_eval_v1,PLATT,COMBINED,COMBINED,100.0,1908,0.4916142557651992,-41.10900585933952,-2.154560055520939,95.86816834929087,0.22374253112907042,0.002653980804794427,0.6396855689425083
828,12,88,VALID_FOR_REPLAY,02c9ed7517c70cd4e3ac56fd0b12cdc9a22d8b4c,canonical_pnl_v1,polymarket_logreg_eval_v1,PLATT,COMBINED,FAVORITE_ONLY,100.0,1185,0.6278481012658228,4.404870052167145,0.37171899174406287,27.82742013348302,0.22374253112907042,0.002653980804794427,0.6396855689425083
828,12,88,VALID_FOR_REPLAY,02c9ed7517c70cd4e3ac56fd0b12cdc9a22d8b4c,canonical_pnl_v1,polymarket_logreg_eval_v1,PLATT,COMBINED,OUTSIDER_ONLY,100.0,723,0.26832641770401106,-45.51387591150666,-6.29514189647395,78.6167728942257,0.22374253112907042,0.002653980804794427,0.6396855689425083
828,12,88,VALID_FOR_REPLAY,02c9ed7517c70cd4e3ac56fd0b12cdc9a22d8b4c,canonical_pnl_v1,polymarket_logreg_eval_v1,PLATT,T1,COMBINED,100.0,631,0.5277337559429477,6.306264363506418,0.9994079815382596,27.189161404695145,0.22200035829635734,0.004473848462515174,0.6360829859226808
828,12,88,VALID_FOR_REPLAY,02c9ed7517c70cd4e3ac56fd0b12cdc9a22d8b4c,canonical_pnl_v1,polymarket_logreg_eval_v1,PLATT,T1,FAVORITE_ONLY,100.0,430,0.6488372093023256,16.315280966316145,3.794251387515383,9.636249853105342,0.22200035829635734,0.004473848462515174,0.6360829859226808
828,12,88,VALID_FOR_REPLAY,02c9ed7517c70cd4e3ac56fd0b12cdc9a22d8b4c,canonical_pnl_v1,polymarket_logreg_eval_v1,PLATT,T1,OUTSIDER_ONLY,100.0,201,0.26865671641791045,-10.009016602809725,-4.979610250154092,28.198023381471664,0.22200035829635734,0.004473848462515174,0.6360829859226808
828,12,88,VALID_FOR_REPLAY,02c9ed7517c70cd4e3ac56fd0b12cdc9a22d8b4c,canonical_pnl_v1,polymarket_logreg_eval_v1,PLATT,T2,COMBINED,100.0,620,0.4693548387096774,-31.654770993063412,-5.105608224687647,41.6159868773985,0.22727768546659005,0.012206446781933982,0.6470402555865997
828,12,88,VALID_FOR_REPLAY,02c9ed7517c70cd4e3ac56fd0b12cdc9a22d8b4c,canonical_pnl_v1,polymarket_logreg_eval_v1,PLATT,T2,FAVORITE_ONLY,100.0,367,0.6158038147138964,-5.473776638779276,-1.4914922721469417,15.233811526257984,0.22727768546659005,0.012206446781933982,0.6470402555865997
828,12,88,VALID_FOR_REPLAY,02c9ed7517c70cd4e3ac56fd0b12cdc9a22d8b4c,canonical_pnl_v1,polymarket_logreg_eval_v1,PLATT,T2,OUTSIDER_ONLY,100.0,253,0.25691699604743085,-26.180994354284138,-10.348219112365271,45.87777891864656,0.22727768546659005,0.012206446781933982,0.6470402555865997
828,12,88,VALID_FOR_REPLAY,02c9ed7517c70cd4e3ac56fd0b12cdc9a22d8b4c,canonical_pnl_v1,polymarket_logreg_eval_v1,PLATT,T3,COMBINED,100.0,657,0.4779299847792998,-15.760499229782528,-2.3988583302560924,40.4648356134072,0.22195095258318787,0.0063780500377402065,0.6359364012365736
828,12,88,VALID_FOR_REPLAY,02c9ed7517c70cd4e3ac56fd0b12cdc9a22d8b4c,canonical_pnl_v1,polymarket_logreg_eval_v1,PLATT,T3,FAVORITE_ONLY,100.0,388,0.615979381443299,-6.436634275369724,-1.6589263596313721,17.641357079520745,0.22195095258318787,0.0063780500377402065,0.6359364012365736
828,12,88,VALID_FOR_REPLAY,02c9ed7517c70cd4e3ac56fd0b12cdc9a22d8b4c,canonical_pnl_v1,polymarket_logreg_eval_v1,PLATT,T3,OUTSIDER_ONLY,100.0,269,0.2788104089219331,-9.323864954412795,-3.4661208008969497,36.47755467455134,0.22195095258318787,0.0063780500377402065,0.6359364012365736
829,9,89,VALID_FOR_REPLAY,02c9ed7517c70cd4e3ac56fd0b12cdc9a22d8b4c,canonical_pnl_v1,polymarket_logreg_eval_v1,RAW,COMBINED,COMBINED,100.0,1215,0.49300411522633747,-34.42074613472735,-2.832983220965214,53.10764562819087,0.24829833037544163,0.016697657531654427,0.6897469328556137
829,9,89,VALID_FOR_REPLAY,02c9ed7517c70cd4e3ac56fd0b12cdc9a22d8b4c,canonical_pnl_v1,polymarket_logreg_eval_v1,RAW,COMBINED,FAVORITE_ONLY,100.0,836,0.507177033492823,-29.478852304024358,-3.5261785052660715,46.11671899851704,0.24829833037544163,0.016697657531654427,0.6897469328556137
829,9,89,VALID_FOR_REPLAY,02c9ed7517c70cd4e3ac56fd0b12cdc9a22d8b4c,canonical_pnl_v1,polymarket_logreg_eval_v1,RAW,COMBINED,OUTSIDER_ONLY,100.0,173,0.4277456647398844,4.959674796747987,2.8668640443629987,13.307804878048781,0.24829833037544163,0.016697657531654427,0.6897469328556137
829,9,89,VALID_FOR_REPLAY,02c9ed7517c70cd4e3ac56fd0b12cdc9a22d8b4c,canonical_pnl_v1,polymarket_logreg_eval_v1,RAW,T1,COMBINED,100.0,425,0.5152941176470588,6.599664474598013,1.5528622293171794,12.257653264144697,0.24695952561099807,0.00922042592076755,0.6870542818789319
829,9,89,VALID_FOR_REPLAY,02c9ed7517c70cd4e3ac56fd0b12cdc9a22d8b4c,canonical_pnl_v1,polymarket_logreg_eval_v1,RAW,T1,FAVORITE_ONLY,100.0,296,0.543918918918919,9.212978678328282,3.112492796732528,13.061234525740632,0.24695952561099807,0.00922042592076755,0.6870542818789319
829,9,89,VALID_FOR_REPLAY,02c9ed7517c70cd4e3ac56fd0b12cdc9a22d8b4c,canonical_pnl_v1,polymarket_logreg_eval_v1,RAW,T1,OUTSIDER_ONLY,100.0,60,0.5,12.022764227642284,20.037940379403807,4.1795121951219505,0.24695952561099807,0.00922042592076755,0.6870542818789319
829,9,89,VALID_FOR_REPLAY,02c9ed7517c70cd4e3ac56fd0b12cdc9a22d8b4c,canonical_pnl_v1,polymarket_logreg_eval_v1,RAW,T2,COMBINED,100.0,394,0.49238578680203043,-11.526499861834049,-2.9255075791456977,35.23520085273423,0.24938595960890284,0.02347558330455919,0.6919358009872743
829,9,89,VALID_FOR_REPLAY,02c9ed7517c70cd4e3ac56fd0b12cdc9a22d8b4c,canonical_pnl_v1,polymarket_logreg_eval_v1,RAW,T2,FAVORITE_ONLY,100.0,272,0.5,-12.803190440504542,-4.707055309009023,28.17594941992279,0.24938595960890284,0.02347558330455919,0.6919358009872743
829,9,89,VALID_FOR_REPLAY,02c9ed7517c70cd4e3ac56fd0b12cdc9a22d8b4c,canonical_pnl_v1,polymarket_logreg_eval_v1,RAW,T2,OUTSIDER_ONLY,100.0,56,0.4107142857142857,-0.6782113821138127,-1.2110917537746655,11.544227642276422,0.24938595960890284,0.02347558330455919,0.6919358009872743
829,9,89,VALID_FOR_REPLAY,02c9ed7517c70cd4e3ac56fd0b12cdc9a22d8b4c,canonical_pnl_v1,polymarket_logreg_eval_v1,RAW,T3,COMBINED,100.0,396,0.4696969696969697,-29.493910747491324,-7.447957259467505,33.66639951856704,0.24854832841762495,0.017390387088536456,0.6902483474939712
829,9,89,VALID_FOR_REPLAY,02c9ed7517c70cd4e3ac56fd0b12cdc9a22d8b4c,canonical_pnl_v1,polymarket_logreg_eval_v1,RAW,T3,FAVORITE_ONLY,100.0,268,0.47388059701492535,-25.888640541848094,-9.659940500689586,30.765487919405803,0.24854832841762495,0.017390387088536456,0.6902483474939712
829,9,89,VALID_FOR_REPLAY,02c9ed7517c70cd4e3ac56fd0b12cdc9a22d8b4c,canonical_pnl_v1,polymarket_logreg_eval_v1,RAW,T3,OUTSIDER_ONLY,100.0,57,0.3684210526315789,-6.384878048780481,-11.201540436456984,13.30780487804878,0.24854832841762495,0.017390387088536456,0.6902483474939712
829,9,89,VALID_FOR_REPLAY,02c9ed7517c70cd4e3ac56fd0b12cdc9a22d8b4c,canonical_pnl_v1,polymarket_logreg_eval_v1,PLATT,COMBINED,COMBINED,100.0,1215,0.49300411522633747,-34.42074613472735,-2.832983220965214,53.10764562819087,0.24829833037544163,0.016697657531654427,0.6897469328556137
829,9,89,VALID_FOR_REPLAY,02c9ed7517c70cd4e3ac56fd0b12cdc9a22d8b4c,canonical_pnl_v1,polymarket_logreg_eval_v1,PLATT,COMBINED,FAVORITE_ONLY,100.0,836,0.507177033492823,-29.478852304024358,-3.5261785052660715,46.11671899851704,0.24829833037544163,0.016697657531654427,0.6897469328556137
829,9,89,VALID_FOR_REPLAY,02c9ed7517c70cd4e3ac56fd0b12cdc9a22d8b4c,canonical_pnl_v1,polymarket_logreg_eval_v1,PLATT,COMBINED,OUTSIDER_ONLY,100.0,173,0.4277456647398844,4.959674796747987,2.8668640443629987,13.307804878048781,0.24829833037544163,0.016697657531654427,0.6897469328556137
829,9,89,VALID_FOR_REPLAY,02c9ed7517c70cd4e3ac56fd0b12cdc9a22d8b4c,canonical_pnl_v1,polymarket_logreg_eval_v1,PLATT,T1,COMBINED,100.0,425,0.5152941176470588,6.599664474598013,1.5528622293171794,12.257653264144697,0.24695952561099807,0.00922042592076755,0.6870542818789319
829,9,89,VALID_FOR_REPLAY,02c9ed7517c70cd4e3ac56fd0b12cdc9a22d8b4c,canonical_pnl_v1,polymarket_logreg_eval_v1,PLATT,T1,FAVORITE_ONLY,100.0,296,0.543918918918919,9.212978678328282,3.112492796732528,13.061234525740632,0.24695952561099807,0.00922042592076755,0.6870542818789319
829,9,89,VALID_FOR_REPLAY,02c9ed7517c70cd4e3ac56fd0b12cdc9a22d8b4c,canonical_pnl_v1,polymarket_logreg_eval_v1,PLATT,T1,OUTSIDER_ONLY,100.0,60,0.5,12.022764227642284,20.037940379403807,4.1795121951219505,0.24695952561099807,0.00922042592076755,0.6870542818789319
829,9,89,VALID_FOR_REPLAY,02c9ed7517c70cd4e3ac56fd0b12cdc9a22d8b4c,canonical_pnl_v1,polymarket_logreg_eval_v1,PLATT,T2,COMBINED,100.0,394,0.49238578680203043,-11.526499861834049,-2.9255075791456977,35.23520085273423,0.24938595960890284,0.02347558330455919,0.6919358009872743
829,9,89,VALID_FOR_REPLAY,02c9ed7517c70cd4e3ac56fd0b12cdc9a22d8b4c,canonical_pnl_v1,polymarket_logreg_eval_v1,PLATT,T2,FAVORITE_ONLY,100.0,272,0.5,-12.803190440504542,-4.707055309009023,28.17594941992279,0.24938595960890284,0.02347558330455919,0.6919358009872743
829,9,89,VALID_FOR_REPLAY,02c9ed7517c70cd4e3ac56fd0b12cdc9a22d8b4c,canonical_pnl_v1,polymarket_logreg_eval_v1,PLATT,T2,OUTSIDER_ONLY,100.0,56,0.4107142857142857,-0.6782113821138127,-1.2110917537746655,11.544227642276422,0.24938595960890284,0.02347558330455919,0.6919358009872743
829,9,89,VALID_FOR_REPLAY,02c9ed7517c70cd4e3ac56fd0b12cdc9a22d8b4c,canonical_pnl_v1,polymarket_logreg_eval_v1,PLATT,T3,COMBINED,100.0,396,0.4696969696969697,-29.493910747491324,-7.447957259467505,33.66639951856704,0.24854832841762495,0.017390387088536456,0.6902483474939712
829,9,89,VALID_FOR_REPLAY,02c9ed7517c70cd4e3ac56fd0b12cdc9a22d8b4c,canonical_pnl_v1,polymarket_logreg_eval_v1,PLATT,T3,FAVORITE_ONLY,100.0,268,0.47388059701492535,-25.888640541848094,-9.659940500689586,30.765487919405803,0.24854832841762495,0.017390387088536456,0.6902483474939712
829,9,89,VALID_FOR_REPLAY,02c9ed7517c70cd4e3ac56fd0b12cdc9a22d8b4c,canonical_pnl_v1,polymarket_logreg_eval_v1,PLATT,T3,OUTSIDER_ONLY,100.0,57,0.3684210526315789,-6.384878048780481,-11.201540436456984,13.30780487804878,0.24854832841762495,0.017390387088536456,0.6902483474939712
830,10,90,VALID_FOR_REPLAY,02c9ed7517c70cd4e3ac56fd0b12cdc9a22d8b4c,canonical_pnl_v1,polymarket_logreg_eval_v1,RAW,COMBINED,COMBINED,100.0,1215,0.49300411522633747,-34.42074613472735,-2.832983220965214,53.10764562819087,0.24829833037544163,0.016697657531654427,0.6897469328556137
830,10,90,VALID_FOR_REPLAY,02c9ed7517c70cd4e3ac56fd0b12cdc9a22d8b4c,canonical_pnl_v1,polymarket_logreg_eval_v1,RAW,COMBINED,FAVORITE_ONLY,100.0,836,0.507177033492823,-29.478852304024358,-3.5261785052660715,46.11671899851704,0.24829833037544163,0.016697657531654427,0.6897469328556137
830,10,90,VALID_FOR_REPLAY,02c9ed7517c70cd4e3ac56fd0b12cdc9a22d8b4c,canonical_pnl_v1,polymarket_logreg_eval_v1,RAW,COMBINED,OUTSIDER_ONLY,100.0,173,0.4277456647398844,4.959674796747987,2.8668640443629987,13.307804878048781,0.24829833037544163,0.016697657531654427,0.6897469328556137
830,10,90,VALID_FOR_REPLAY,02c9ed7517c70cd4e3ac56fd0b12cdc9a22d8b4c,canonical_pnl_v1,polymarket_logreg_eval_v1,RAW,T1,COMBINED,100.0,425,0.5152941176470588,6.599664474598013,1.5528622293171794,12.257653264144697,0.24695952561099807,0.00922042592076755,0.6870542818789319
830,10,90,VALID_FOR_REPLAY,02c9ed7517c70cd4e3ac56fd0b12cdc9a22d8b4c,canonical_pnl_v1,polymarket_logreg_eval_v1,RAW,T1,FAVORITE_ONLY,100.0,296,0.543918918918919,9.212978678328282,3.112492796732528,13.061234525740632,0.24695952561099807,0.00922042592076755,0.6870542818789319
830,10,90,VALID_FOR_REPLAY,02c9ed7517c70cd4e3ac56fd0b12cdc9a22d8b4c,canonical_pnl_v1,polymarket_logreg_eval_v1,RAW,T1,OUTSIDER_ONLY,100.0,60,0.5,12.022764227642284,20.037940379403807,4.1795121951219505,0.24695952561099807,0.00922042592076755,0.6870542818789319
830,10,90,VALID_FOR_REPLAY,02c9ed7517c70cd4e3ac56fd0b12cdc9a22d8b4c,canonical_pnl_v1,polymarket_logreg_eval_v1,RAW,T2,COMBINED,100.0,394,0.49238578680203043,-11.526499861834049,-2.9255075791456977,35.23520085273423,0.24938595960890284,0.02347558330455919,0.6919358009872743
830,10,90,VALID_FOR_REPLAY,02c9ed7517c70cd4e3ac56fd0b12cdc9a22d8b4c,canonical_pnl_v1,polymarket_logreg_eval_v1,RAW,T2,FAVORITE_ONLY,100.0,272,0.5,-12.803190440504542,-4.707055309009023,28.17594941992279,0.24938595960890284,0.02347558330455919,0.6919358009872743
830,10,90,VALID_FOR_REPLAY,02c9ed7517c70cd4e3ac56fd0b12cdc9a22d8b4c,canonical_pnl_v1,polymarket_logreg_eval_v1,RAW,T2,OUTSIDER_ONLY,100.0,56,0.4107142857142857,-0.6782113821138127,-1.2110917537746655,11.544227642276422,0.24938595960890284,0.02347558330455919,0.6919358009872743
830,10,90,VALID_FOR_REPLAY,02c9ed7517c70cd4e3ac56fd0b12cdc9a22d8b4c,canonical_pnl_v1,polymarket_logreg_eval_v1,RAW,T3,COMBINED,100.0,396,0.4696969696969697,-29.493910747491324,-7.447957259467505,33.66639951856704,0.24854832841762495,0.017390387088536456,0.6902483474939712
830,10,90,VALID_FOR_REPLAY,02c9ed7517c70cd4e3ac56fd0b12cdc9a22d8b4c,canonical_pnl_v1,polymarket_logreg_eval_v1,RAW,T3,FAVORITE_ONLY,100.0,268,0.47388059701492535,-25.888640541848094,-9.659940500689586,30.765487919405803,0.24854832841762495,0.017390387088536456,0.6902483474939712
830,10,90,VALID_FOR_REPLAY,02c9ed7517c70cd4e3ac56fd0b12cdc9a22d8b4c,canonical_pnl_v1,polymarket_logreg_eval_v1,RAW,T3,OUTSIDER_ONLY,100.0,57,0.3684210526315789,-6.384878048780481,-11.201540436456984,13.30780487804878,0.24854832841762495,0.017390387088536456,0.6902483474939712
830,10,90,VALID_FOR_REPLAY,02c9ed7517c70cd4e3ac56fd0b12cdc9a22d8b4c,canonical_pnl_v1,polymarket_logreg_eval_v1,PLATT,COMBINED,COMBINED,100.0,1215,0.49300411522633747,-34.42074613472735,-2.832983220965214,53.10764562819087,0.24829833037544163,0.016697657531654427,0.6897469328556137
830,10,90,VALID_FOR_REPLAY,02c9ed7517c70cd4e3ac56fd0b12cdc9a22d8b4c,canonical_pnl_v1,polymarket_logreg_eval_v1,PLATT,COMBINED,FAVORITE_ONLY,100.0,836,0.507177033492823,-29.478852304024358,-3.5261785052660715,46.11671899851704,0.24829833037544163,0.016697657531654427,0.6897469328556137
830,10,90,VALID_FOR_REPLAY,02c9ed7517c70cd4e3ac56fd0b12cdc9a22d8b4c,canonical_pnl_v1,polymarket_logreg_eval_v1,PLATT,COMBINED,OUTSIDER_ONLY,100.0,173,0.4277456647398844,4.959674796747987,2.8668640443629987,13.307804878048781,0.24829833037544163,0.016697657531654427,0.6897469328556137
830,10,90,VALID_FOR_REPLAY,02c9ed7517c70cd4e3ac56fd0b12cdc9a22d8b4c,canonical_pnl_v1,polymarket_logreg_eval_v1,PLATT,T1,COMBINED,100.0,425,0.5152941176470588,6.599664474598013,1.5528622293171794,12.257653264144697,0.24695952561099807,0.00922042592076755,0.6870542818789319
830,10,90,VALID_FOR_REPLAY,02c9ed7517c70cd4e3ac56fd0b12cdc9a22d8b4c,canonical_pnl_v1,polymarket_logreg_eval_v1,PLATT,T1,FAVORITE_ONLY,100.0,296,0.543918918918919,9.212978678328282,3.112492796732528,13.061234525740632,0.24695952561099807,0.00922042592076755,0.6870542818789319
830,10,90,VALID_FOR_REPLAY,02c9ed7517c70cd4e3ac56fd0b12cdc9a22d8b4c,canonical_pnl_v1,polymarket_logreg_eval_v1,PLATT,T1,OUTSIDER_ONLY,100.0,60,0.5,12.022764227642284,20.037940379403807,4.1795121951219505,0.24695952561099807,0.00922042592076755,0.6870542818789319
830,10,90,VALID_FOR_REPLAY,02c9ed7517c70cd4e3ac56fd0b12cdc9a22d8b4c,canonical_pnl_v1,polymarket_logreg_eval_v1,PLATT,T2,COMBINED,100.0,394,0.49238578680203043,-11.526499861834049,-2.9255075791456977,35.23520085273423,0.24938595960890284,0.02347558330455919,0.6919358009872743
830,10,90,VALID_FOR_REPLAY,02c9ed7517c70cd4e3ac56fd0b12cdc9a22d8b4c,canonical_pnl_v1,polymarket_logreg_eval_v1,PLATT,T2,FAVORITE_ONLY,100.0,272,0.5,-12.803190440504542,-4.707055309009023,28.17594941992279,0.24938595960890284,0.02347558330455919,0.6919358009872743
830,10,90,VALID_FOR_REPLAY,02c9ed7517c70cd4e3ac56fd0b12cdc9a22d8b4c,canonical_pnl_v1,polymarket_logreg_eval_v1,PLATT,T2,OUTSIDER_ONLY,100.0,56,0.4107142857142857,-0.6782113821138127,-1.2110917537746655,11.544227642276422,0.24938595960890284,0.02347558330455919,0.6919358009872743
830,10,90,VALID_FOR_REPLAY,02c9ed7517c70cd4e3ac56fd0b12cdc9a22d8b4c,canonical_pnl_v1,polymarket_logreg_eval_v1,PLATT,T3,COMBINED,100.0,396,0.4696969696969697,-29.493910747491324,-7.447957259467505,33.66639951856704,0.24854832841762495,0.017390387088536456,0.6902483474939712
830,10,90,VALID_FOR_REPLAY,02c9ed7517c70cd4e3ac56fd0b12cdc9a22d8b4c,canonical_pnl_v1,polymarket_logreg_eval_v1,PLATT,T3,FAVORITE_ONLY,100.0,268,0.47388059701492535,-25.888640541848094,-9.659940500689586,30.765487919405803,0.24854832841762495,0.017390387088536456,0.6902483474939712
830,10,90,VALID_FOR_REPLAY,02c9ed7517c70cd4e3ac56fd0b12cdc9a22d8b4c,canonical_pnl_v1,polymarket_logreg_eval_v1,PLATT,T3,OUTSIDER_ONLY,100.0,57,0.3684210526315789,-6.384878048780481,-11.201540436456984,13.30780487804878,0.24854832841762495,0.017390387088536456,0.6902483474939712
831,11,91,VALID_FOR_REPLAY,02c9ed7517c70cd4e3ac56fd0b12cdc9a22d8b4c,canonical_pnl_v1,polymarket_logreg_eval_v1,RAW,COMBINED,COMBINED,100.0,1138,0.4929701230228471,-26.53045894003151,-2.331323281197848,47.478392675284006,0.2483269290671477,0.01483510293793015,0.6898048428402134
831,11,91,VALID_FOR_REPLAY,02c9ed7517c70cd4e3ac56fd0b12cdc9a22d8b4c,canonical_pnl_v1,polymarket_logreg_eval_v1,RAW,COMBINED,FAVORITE_ONLY,100.0,749,0.5100133511348465,-20.94498787355616,-2.7963935745735857,40.82357747485385,0.2483269290671477,0.01483510293793015,0.6898048428402134
831,11,91,VALID_FOR_REPLAY,02c9ed7517c70cd4e3ac56fd0b12cdc9a22d8b4c,canonical_pnl_v1,polymarket_logreg_eval_v1,RAW,COMBINED,OUTSIDER_ONLY,100.0,183,0.4262295081967213,4.31609756097563,2.358523257363732,13.718048780487806,0.2483269290671477,0.01483510293793015,0.6898048428402134
831,11,91,VALID_FOR_REPLAY,02c9ed7517c70cd4e3ac56fd0b12cdc9a22d8b4c,canonical_pnl_v1,polymarket_logreg_eval_v1,RAW,T1,COMBINED,100.0,378,0.5105820105820106,7.944094942802066,2.101612418730705,16.189044623477912,0.24707755135300416,0.005049407761833047,0.6872934740572404
831,11,91,VALID_FOR_REPLAY,02c9ed7517c70cd4e3ac56fd0b12cdc9a22d8b4c,canonical_pnl_v1,polymarket_logreg_eval_v1,RAW,T1,FAVORITE_ONLY,100.0,234,0.5512820512820513,11.437409146532335,4.88778168655228,7.70005350180711,0.24707755135300416,0.005049407761833047,0.6872934740572404
831,11,91,VALID_FOR_REPLAY,02c9ed7517c70cd4e3ac56fd0b12cdc9a22d8b4c,canonical_pnl_v1,polymarket_logreg_eval_v1,RAW,T1,OUTSIDER_ONLY,100.0,75,0.48,11.142764227642285,14.857018970189714,7.826178861788617,0.24707755135300416,0.005049407761833047,0.6872934740572404
831,11,91,VALID_FOR_REPLAY,02c9ed7517c70cd4e3ac56fd0b12cdc9a22d8b4c,canonical_pnl_v1,polymarket_logreg_eval_v1,RAW,T2,COMBINED,100.0,391,0.4936061381074169,-10.879833195167382,-2.782566034569663,34.58853418606756,0.24935123693508612,0.022796928124849042,0.6918652401670438
831,11,91,VALID_FOR_REPLAY,02c9ed7517c70cd4e3ac56fd0b12cdc9a22d8b4c,canonical_pnl_v1,polymarket_logreg_eval_v1,RAW,T2,FAVORITE_ONLY,100.0,272,0.5,-12.803190440504542,-4.707055309009023,28.17594941992279,0.24935123693508612,0.022796928124849042,0.6918652401670438
831,11,91,VALID_FOR_REPLAY,02c9ed7517c70cd4e3ac56fd0b12cdc9a22d8b4c,canonical_pnl_v1,polymarket_logreg_eval_v1,RAW,T2,OUTSIDER_ONLY,100.0,53,0.41509433962264153,-0.031544715447145766,-0.059518331032350505,10.897560975609753,0.24935123693508612,0.022796928124849042,0.6918652401670438
831,11,91,VALID_FOR_REPLAY,02c9ed7517c70cd4e3ac56fd0b12cdc9a22d8b4c,canonical_pnl_v1,polymarket_logreg_eval_v1,RAW,T3,COMBINED,100.0,369,0.4742547425474255,-23.5947206876662,-6.3942332486900275,28.683813232326834,0.2485509000763131,0.016650366335045085,0.6902536055287367
831,11,91,VALID_FOR_REPLAY,02c9ed7517c70cd4e3ac56fd0b12cdc9a22d8b4c,canonical_pnl_v1,polymarket_logreg_eval_v1,RAW,T3,FAVORITE_ONLY,100.0,243,0.48148148148148145,-19.579206579583946,-8.057286658265,25.472346395742623,0.2485509000763131,0.016650366335045085,0.6902536055287367
831,11,91,VALID_FOR_REPLAY,02c9ed7517c70cd4e3ac56fd0b12cdc9a22d8b4c,canonical_pnl_v1,polymarket_logreg_eval_v1,RAW,T3,OUTSIDER_ONLY,100.0,55,0.36363636363636365,-6.795121951219507,-12.354767184035467,13.718048780487804,0.2485509000763131,0.016650366335045085,0.6902536055287367
831,11,91,VALID_FOR_REPLAY,02c9ed7517c70cd4e3ac56fd0b12cdc9a22d8b4c,canonical_pnl_v1,polymarket_logreg_eval_v1,PLATT,COMBINED,COMBINED,100.0,1138,0.4929701230228471,-26.53045894003151,-2.331323281197848,47.478392675284006,0.2483269290671477,0.01483510293793015,0.6898048428402134
831,11,91,VALID_FOR_REPLAY,02c9ed7517c70cd4e3ac56fd0b12cdc9a22d8b4c,canonical_pnl_v1,polymarket_logreg_eval_v1,PLATT,COMBINED,FAVORITE_ONLY,100.0,749,0.5100133511348465,-20.94498787355616,-2.7963935745735857,40.82357747485385,0.2483269290671477,0.01483510293793015,0.6898048428402134
831,11,91,VALID_FOR_REPLAY,02c9ed7517c70cd4e3ac56fd0b12cdc9a22d8b4c,canonical_pnl_v1,polymarket_logreg_eval_v1,PLATT,COMBINED,OUTSIDER_ONLY,100.0,183,0.4262295081967213,4.31609756097563,2.358523257363732,13.718048780487806,0.2483269290671477,0.01483510293793015,0.6898048428402134
831,11,91,VALID_FOR_REPLAY,02c9ed7517c70cd4e3ac56fd0b12cdc9a22d8b4c,canonical_pnl_v1,polymarket_logreg_eval_v1,PLATT,T1,COMBINED,100.0,378,0.5105820105820106,7.944094942802066,2.101612418730705,16.189044623477912,0.24707755135300416,0.005049407761833047,0.6872934740572404
831,11,91,VALID_FOR_REPLAY,02c9ed7517c70cd4e3ac56fd0b12cdc9a22d8b4c,canonical_pnl_v1,polymarket_logreg_eval_v1,PLATT,T1,FAVORITE_ONLY,100.0,234,0.5512820512820513,11.437409146532335,4.88778168655228,7.70005350180711,0.24707755135300416,0.005049407761833047,0.6872934740572404
831,11,91,VALID_FOR_REPLAY,02c9ed7517c70cd4e3ac56fd0b12cdc9a22d8b4c,canonical_pnl_v1,polymarket_logreg_eval_v1,PLATT,T1,OUTSIDER_ONLY,100.0,75,0.48,11.142764227642285,14.857018970189714,7.826178861788617,0.24707755135300416,0.005049407761833047,0.6872934740572404
831,11,91,VALID_FOR_REPLAY,02c9ed7517c70cd4e3ac56fd0b12cdc9a22d8b4c,canonical_pnl_v1,polymarket_logreg_eval_v1,PLATT,T2,COMBINED,100.0,391,0.4936061381074169,-10.879833195167382,-2.782566034569663,34.58853418606756,0.24935123693508612,0.022796928124849042,0.6918652401670438
831,11,91,VALID_FOR_REPLAY,02c9ed7517c70cd4e3ac56fd0b12cdc9a22d8b4c,canonical_pnl_v1,polymarket_logreg_eval_v1,PLATT,T2,FAVORITE_ONLY,100.0,272,0.5,-12.803190440504542,-4.707055309009023,28.17594941992279,0.24935123693508612,0.022796928124849042,0.6918652401670438
831,11,91,VALID_FOR_REPLAY,02c9ed7517c70cd4e3ac56fd0b12cdc9a22d8b4c,canonical_pnl_v1,polymarket_logreg_eval_v1,PLATT,T2,OUTSIDER_ONLY,100.0,53,0.41509433962264153,-0.031544715447145766,-0.059518331032350505,10.897560975609753,0.24935123693508612,0.022796928124849042,0.6918652401670438
831,11,91,VALID_FOR_REPLAY,02c9ed7517c70cd4e3ac56fd0b12cdc9a22d8b4c,canonical_pnl_v1,polymarket_logreg_eval_v1,PLATT,T3,COMBINED,100.0,369,0.4742547425474255,-23.5947206876662,-6.3942332486900275,28.683813232326834,0.2485509000763131,0.016650366335045085,0.6902536055287367
831,11,91,VALID_FOR_REPLAY,02c9ed7517c70cd4e3ac56fd0b12cdc9a22d8b4c,canonical_pnl_v1,polymarket_logreg_eval_v1,PLATT,T3,FAVORITE_ONLY,100.0,243,0.48148148148148145,-19.579206579583946,-8.057286658265,25.472346395742623,0.2485509000763131,0.016650366335045085,0.6902536055287367
831,11,91,VALID_FOR_REPLAY,02c9ed7517c70cd4e3ac56fd0b12cdc9a22d8b4c,canonical_pnl_v1,polymarket_logreg_eval_v1,PLATT,T3,OUTSIDER_ONLY,100.0,55,0.36363636363636365,-6.795121951219507,-12.354767184035467,13.718048780487804,0.2485509000763131,0.016650366335045085,0.6902536055287367
832,48,92,VALID_FOR_REPLAY,02c9ed7517c70cd4e3ac56fd0b12cdc9a22d8b4c,canonical_pnl_v1,polymarket_logreg_eval_v1,RAW,COMBINED,COMBINED,100.0,2842,0.4630541871921182,-42.65151702768108,-1.5007571086446545,92.68272759436312,0.2391767109712166,0.018149574866551887,0.6712266943358804
832,48,92,VALID_FOR_REPLAY,02c9ed7517c70cd4e3ac56fd0b12cdc9a22d8b4c,canonical_pnl_v1,polymarket_logreg_eval_v1,RAW,COMBINED,FAVORITE_ONLY,100.0,1795,0.5437325905292479,-19.1268382725477,-1.0655620207547467,28.818606622495214,0.2391767109712166,0.018149574866551887,0.6712266943358804
832,48,92,VALID_FOR_REPLAY,02c9ed7517c70cd4e3ac56fd0b12cdc9a22d8b4c,canonical_pnl_v1,polymarket_logreg_eval_v1,RAW,COMBINED,OUTSIDER_ONLY,100.0,883,0.29105322763306907,-20.564015105057955,-2.3288805328491455,83.99910144487255,0.2391767109712166,0.018149574866551887,0.6712266943358804
832,48,92,VALID_FOR_REPLAY,02c9ed7517c70cd4e3ac56fd0b12cdc9a22d8b4c,canonical_pnl_v1,polymarket_logreg_eval_v1,RAW,T1,COMBINED,100.0,974,0.46303901437371664,-54.45805993148771,-5.591176584341654,60.473427274557146,0.23492773476919313,0.01596250584937112,0.6627280231015146
832,48,92,VALID_FOR_REPLAY,02c9ed7517c70cd4e3ac56fd0b12cdc9a22d8b4c,canonical_pnl_v1,polymarket_logreg_eval_v1,RAW,T1,FAVORITE_ONLY,100.0,648,0.5493827160493827,-1.6503331409545243,-0.2546810402707599,20.301387144424016,0.23492773476919313,0.01596250584937112,0.6627280231015146
832,48,92,VALID_FOR_REPLAY,02c9ed7517c70cd4e3ac56fd0b12cdc9a22d8b4c,canonical_pnl_v1,polymarket_logreg_eval_v1,RAW,T1,OUTSIDER_ONLY,100.0,263,0.24334600760456274,-49.95940099867797,-18.99596996147451,52.692673892064704,0.23492773476919313,0.01596250584937112,0.6627280231015146
832,48,92,VALID_FOR_REPLAY,02c9ed7517c70cd4e3ac56fd0b12cdc9a22d8b4c,canonical_pnl_v1,polymarket_logreg_eval_v1,RAW,T2,COMBINED,100.0,921,0.46362649294245384,-22.167355318544903,-2.4068789705260483,37.54275728067962,0.2420026563154156,0.029060158356638954,0.6768630782270012
832,48,92,VALID_FOR_REPLAY,02c9ed7517c70cd4e3ac56fd0b12cdc9a22d8b4c,canonical_pnl_v1,polymarket_logreg_eval_v1,RAW,T2,FAVORITE_ONLY,100.0,596,0.5453020134228188,-5.279039271016853,-0.8857448441303446,13.532033622007173,0.2420026563154156,0.029060158356638954,0.6768630782270012
832,48,92,VALID_FOR_REPLAY,02c9ed7517c70cd4e3ac56fd0b12cdc9a22d8b4c,canonical_pnl_v1,polymarket_logreg_eval_v1,RAW,T2,OUTSIDER_ONLY,100.0,276,0.2753623188405797,-18.295193875582342,-6.628693433182008,36.12220044619458,0.2420026563154156,0.029060158356638954,0.6768630782270012
832,48,92,VALID_FOR_REPLAY,02c9ed7517c70cd4e3ac56fd0b12cdc9a22d8b4c,canonical_pnl_v1,polymarket_logreg_eval_v1,RAW,T3,COMBINED,100.0,947,0.4625131995776135,33.973898222351515,3.5875288513570767,27.51635990896514,0.24059868223793313,0.02384164984206216,0.6740868504152809
832,48,92,VALID_FOR_REPLAY,02c9ed7517c70cd4e3ac56fd0b12cdc9a22d8b4c,canonical_pnl_v1,polymarket_logreg_eval_v1,RAW,T3,FAVORITE_ONLY,100.0,551,0.5353901996370236,-12.197465860576319,-2.213696163443978,19.01920174719978,0.24059868223793313,0.02384164984206216,0.6740868504152809
832,48,92,VALID_FOR_REPLAY,02c9ed7517c70cd4e3ac56fd0b12cdc9a22d8b4c,canonical_pnl_v1,polymarket_logreg_eval_v1,RAW,T3,OUTSIDER_ONLY,100.0,344,0.34011627906976744,47.69057976920236,13.86354063058208,17.738004420504424,0.24059868223793313,0.02384164984206216,0.6740868504152809
832,48,92,VALID_FOR_REPLAY,02c9ed7517c70cd4e3ac56fd0b12cdc9a22d8b4c,canonical_pnl_v1,polymarket_logreg_eval_v1,PLATT,COMBINED,COMBINED,100.0,2842,0.4630541871921182,-42.65151702768108,-1.5007571086446545,92.68272759436312,0.2391767109712166,0.018149574866551887,0.6712266943358804
832,48,92,VALID_FOR_REPLAY,02c9ed7517c70cd4e3ac56fd0b12cdc9a22d8b4c,canonical_pnl_v1,polymarket_logreg_eval_v1,PLATT,COMBINED,FAVORITE_ONLY,100.0,1795,0.5437325905292479,-19.1268382725477,-1.0655620207547467,28.818606622495214,0.2391767109712166,0.018149574866551887,0.6712266943358804
832,48,92,VALID_FOR_REPLAY,02c9ed7517c70cd4e3ac56fd0b12cdc9a22d8b4c,canonical_pnl_v1,polymarket_logreg_eval_v1,PLATT,COMBINED,OUTSIDER_ONLY,100.0,883,0.29105322763306907,-20.564015105057955,-2.3288805328491455,83.99910144487255,0.2391767109712166,0.018149574866551887,0.6712266943358804
832,48,92,VALID_FOR_REPLAY,02c9ed7517c70cd4e3ac56fd0b12cdc9a22d8b4c,canonical_pnl_v1,polymarket_logreg_eval_v1,PLATT,T1,COMBINED,100.0,974,0.46303901437371664,-54.45805993148771,-5.591176584341654,60.473427274557146,0.23492773476919313,0.01596250584937112,0.6627280231015146
832,48,92,VALID_FOR_REPLAY,02c9ed7517c70cd4e3ac56fd0b12cdc9a22d8b4c,canonical_pnl_v1,polymarket_logreg_eval_v1,PLATT,T1,FAVORITE_ONLY,100.0,648,0.5493827160493827,-1.6503331409545243,-0.2546810402707599,20.301387144424016,0.23492773476919313,0.01596250584937112,0.6627280231015146
832,48,92,VALID_FOR_REPLAY,02c9ed7517c70cd4e3ac56fd0b12cdc9a22d8b4c,canonical_pnl_v1,polymarket_logreg_eval_v1,PLATT,T1,OUTSIDER_ONLY,100.0,263,0.24334600760456274,-49.95940099867797,-18.99596996147451,52.692673892064704,0.23492773476919313,0.01596250584937112,0.6627280231015146
832,48,92,VALID_FOR_REPLAY,02c9ed7517c70cd4e3ac56fd0b12cdc9a22d8b4c,canonical_pnl_v1,polymarket_logreg_eval_v1,PLATT,T2,COMBINED,100.0,921,0.46362649294245384,-22.167355318544903,-2.4068789705260483,37.54275728067962,0.2420026563154156,0.029060158356638954,0.6768630782270012
832,48,92,VALID_FOR_REPLAY,02c9ed7517c70cd4e3ac56fd0b12cdc9a22d8b4c,canonical_pnl_v1,polymarket_logreg_eval_v1,PLATT,T2,FAVORITE_ONLY,100.0,596,0.5453020134228188,-5.279039271016853,-0.8857448441303446,13.532033622007173,0.2420026563154156,0.029060158356638954,0.6768630782270012
832,48,92,VALID_FOR_REPLAY,02c9ed7517c70cd4e3ac56fd0b12cdc9a22d8b4c,canonical_pnl_v1,polymarket_logreg_eval_v1,PLATT,T2,OUTSIDER_ONLY,100.0,276,0.2753623188405797,-18.295193875582342,-6.628693433182008,36.12220044619458,0.2420026563154156,0.029060158356638954,0.6768630782270012
832,48,92,VALID_FOR_REPLAY,02c9ed7517c70cd4e3ac56fd0b12cdc9a22d8b4c,canonical_pnl_v1,polymarket_logreg_eval_v1,PLATT,T3,COMBINED,100.0,947,0.4625131995776135,33.973898222351515,3.5875288513570767,27.51635990896514,0.24059868223793313,0.02384164984206216,0.6740868504152809
832,48,92,VALID_FOR_REPLAY,02c9ed7517c70cd4e3ac56fd0b12cdc9a22d8b4c,canonical_pnl_v1,polymarket_logreg_eval_v1,PLATT,T3,FAVORITE_ONLY,100.0,551,0.5353901996370236,-12.197465860576319,-2.213696163443978,19.01920174719978,0.24059868223793313,0.02384164984206216,0.6740868504152809
832,48,92,VALID_FOR_REPLAY,02c9ed7517c70cd4e3ac56fd0b12cdc9a22d8b4c,canonical_pnl_v1,polymarket_logreg_eval_v1,PLATT,T3,OUTSIDER_ONLY,100.0,344,0.34011627906976744,47.69057976920236,13.86354063058208,17.738004420504424,0.24059868223793313,0.02384164984206216,0.6740868504152809
833,49,93,VALID_FOR_REPLAY,02c9ed7517c70cd4e3ac56fd0b12cdc9a22d8b4c,canonical_pnl_v1,polymarket_logreg_eval_v1,RAW,COMBINED,COMBINED,100.0,2842,0.4630541871921182,-42.65151702768108,-1.5007571086446545,92.68272759436312,0.2391767109712166,0.018149574866551887,0.6712266943358804
833,49,93,VALID_FOR_REPLAY,02c9ed7517c70cd4e3ac56fd0b12cdc9a22d8b4c,canonical_pnl_v1,polymarket_logreg_eval_v1,RAW,COMBINED,FAVORITE_ONLY,100.0,1795,0.5437325905292479,-19.1268382725477,-1.0655620207547467,28.818606622495214,0.2391767109712166,0.018149574866551887,0.6712266943358804
833,49,93,VALID_FOR_REPLAY,02c9ed7517c70cd4e3ac56fd0b12cdc9a22d8b4c,canonical_pnl_v1,polymarket_logreg_eval_v1,RAW,COMBINED,OUTSIDER_ONLY,100.0,883,0.29105322763306907,-20.564015105057955,-2.3288805328491455,83.99910144487255,0.2391767109712166,0.018149574866551887,0.6712266943358804
833,49,93,VALID_FOR_REPLAY,02c9ed7517c70cd4e3ac56fd0b12cdc9a22d8b4c,canonical_pnl_v1,polymarket_logreg_eval_v1,RAW,T1,COMBINED,100.0,974,0.46303901437371664,-54.45805993148771,-5.591176584341654,60.473427274557146,0.23492773476919313,0.01596250584937112,0.6627280231015146
833,49,93,VALID_FOR_REPLAY,02c9ed7517c70cd4e3ac56fd0b12cdc9a22d8b4c,canonical_pnl_v1,polymarket_logreg_eval_v1,RAW,T1,FAVORITE_ONLY,100.0,648,0.5493827160493827,-1.6503331409545243,-0.2546810402707599,20.301387144424016,0.23492773476919313,0.01596250584937112,0.6627280231015146
833,49,93,VALID_FOR_REPLAY,02c9ed7517c70cd4e3ac56fd0b12cdc9a22d8b4c,canonical_pnl_v1,polymarket_logreg_eval_v1,RAW,T1,OUTSIDER_ONLY,100.0,263,0.24334600760456274,-49.95940099867797,-18.99596996147451,52.692673892064704,0.23492773476919313,0.01596250584937112,0.6627280231015146
833,49,93,VALID_FOR_REPLAY,02c9ed7517c70cd4e3ac56fd0b12cdc9a22d8b4c,canonical_pnl_v1,polymarket_logreg_eval_v1,RAW,T2,COMBINED,100.0,921,0.46362649294245384,-22.167355318544903,-2.4068789705260483,37.54275728067962,0.2420026563154156,0.029060158356638954,0.6768630782270012
833,49,93,VALID_FOR_REPLAY,02c9ed7517c70cd4e3ac56fd0b12cdc9a22d8b4c,canonical_pnl_v1,polymarket_logreg_eval_v1,RAW,T2,FAVORITE_ONLY,100.0,596,0.5453020134228188,-5.279039271016853,-0.8857448441303446,13.532033622007173,0.2420026563154156,0.029060158356638954,0.6768630782270012
833,49,93,VALID_FOR_REPLAY,02c9ed7517c70cd4e3ac56fd0b12cdc9a22d8b4c,canonical_pnl_v1,polymarket_logreg_eval_v1,RAW,T2,OUTSIDER_ONLY,100.0,276,0.2753623188405797,-18.295193875582342,-6.628693433182008,36.12220044619458,0.2420026563154156,0.029060158356638954,0.6768630782270012
833,49,93,VALID_FOR_REPLAY,02c9ed7517c70cd4e3ac56fd0b12cdc9a22d8b4c,canonical_pnl_v1,polymarket_logreg_eval_v1,RAW,T3,COMBINED,100.0,947,0.4625131995776135,33.973898222351515,3.5875288513570767,27.51635990896514,0.24059868223793313,0.02384164984206216,0.6740868504152809
833,49,93,VALID_FOR_REPLAY,02c9ed7517c70cd4e3ac56fd0b12cdc9a22d8b4c,canonical_pnl_v1,polymarket_logreg_eval_v1,RAW,T3,FAVORITE_ONLY,100.0,551,0.5353901996370236,-12.197465860576319,-2.213696163443978,19.01920174719978,0.24059868223793313,0.02384164984206216,0.6740868504152809
833,49,93,VALID_FOR_REPLAY,02c9ed7517c70cd4e3ac56fd0b12cdc9a22d8b4c,canonical_pnl_v1,polymarket_logreg_eval_v1,RAW,T3,OUTSIDER_ONLY,100.0,344,0.34011627906976744,47.69057976920236,13.86354063058208,17.738004420504424,0.24059868223793313,0.02384164984206216,0.6740868504152809
833,49,93,VALID_FOR_REPLAY,02c9ed7517c70cd4e3ac56fd0b12cdc9a22d8b4c,canonical_pnl_v1,polymarket_logreg_eval_v1,PLATT,COMBINED,COMBINED,100.0,2842,0.4630541871921182,-42.65151702768108,-1.5007571086446545,92.68272759436312,0.2391767109712166,0.018149574866551887,0.6712266943358804
833,49,93,VALID_FOR_REPLAY,02c9ed7517c70cd4e3ac56fd0b12cdc9a22d8b4c,canonical_pnl_v1,polymarket_logreg_eval_v1,PLATT,COMBINED,FAVORITE_ONLY,100.0,1795,0.5437325905292479,-19.1268382725477,-1.0655620207547467,28.818606622495214,0.2391767109712166,0.018149574866551887,0.6712266943358804
833,49,93,VALID_FOR_REPLAY,02c9ed7517c70cd4e3ac56fd0b12cdc9a22d8b4c,canonical_pnl_v1,polymarket_logreg_eval_v1,PLATT,COMBINED,OUTSIDER_ONLY,100.0,883,0.29105322763306907,-20.564015105057955,-2.3288805328491455,83.99910144487255,0.2391767109712166,0.018149574866551887,0.6712266943358804
833,49,93,VALID_FOR_REPLAY,02c9ed7517c70cd4e3ac56fd0b12cdc9a22d8b4c,canonical_pnl_v1,polymarket_logreg_eval_v1,PLATT,T1,COMBINED,100.0,974,0.46303901437371664,-54.45805993148771,-5.591176584341654,60.473427274557146,0.23492773476919313,0.01596250584937112,0.6627280231015146
833,49,93,VALID_FOR_REPLAY,02c9ed7517c70cd4e3ac56fd0b12cdc9a22d8b4c,canonical_pnl_v1,polymarket_logreg_eval_v1,PLATT,T1,FAVORITE_ONLY,100.0,648,0.5493827160493827,-1.6503331409545243,-0.2546810402707599,20.301387144424016,0.23492773476919313,0.01596250584937112,0.6627280231015146
833,49,93,VALID_FOR_REPLAY,02c9ed7517c70cd4e3ac56fd0b12cdc9a22d8b4c,canonical_pnl_v1,polymarket_logreg_eval_v1,PLATT,T1,OUTSIDER_ONLY,100.0,263,0.24334600760456274,-49.95940099867797,-18.99596996147451,52.692673892064704,0.23492773476919313,0.01596250584937112,0.6627280231015146
833,49,93,VALID_FOR_REPLAY,02c9ed7517c70cd4e3ac56fd0b12cdc9a22d8b4c,canonical_pnl_v1,polymarket_logreg_eval_v1,PLATT,T2,COMBINED,100.0,921,0.46362649294245384,-22.167355318544903,-2.4068789705260483,37.54275728067962,0.2420026563154156,0.029060158356638954,0.6768630782270012
833,49,93,VALID_FOR_REPLAY,02c9ed7517c70cd4e3ac56fd0b12cdc9a22d8b4c,canonical_pnl_v1,polymarket_logreg_eval_v1,PLATT,T2,FAVORITE_ONLY,100.0,596,0.5453020134228188,-5.279039271016853,-0.8857448441303446,13.532033622007173,0.2420026563154156,0.029060158356638954,0.6768630782270012
833,49,93,VALID_FOR_REPLAY,02c9ed7517c70cd4e3ac56fd0b12cdc9a22d8b4c,canonical_pnl_v1,polymarket_logreg_eval_v1,PLATT,T2,OUTSIDER_ONLY,100.0,276,0.2753623188405797,-18.295193875582342,-6.628693433182008,36.12220044619458,0.2420026563154156,0.029060158356638954,0.6768630782270012
833,49,93,VALID_FOR_REPLAY,02c9ed7517c70cd4e3ac56fd0b12cdc9a22d8b4c,canonical_pnl_v1,polymarket_logreg_eval_v1,PLATT,T3,COMBINED,100.0,947,0.4625131995776135,33.973898222351515,3.5875288513570767,27.51635990896514,0.24059868223793313,0.02384164984206216,0.6740868504152809
833,49,93,VALID_FOR_REPLAY,02c9ed7517c70cd4e3ac56fd0b12cdc9a22d8b4c,canonical_pnl_v1,polymarket_logreg_eval_v1,PLATT,T3,FAVORITE_ONLY,100.0,551,0.5353901996370236,-12.197465860576319,-2.213696163443978,19.01920174719978,0.24059868223793313,0.02384164984206216,0.6740868504152809
833,49,93,VALID_FOR_REPLAY,02c9ed7517c70cd4e3ac56fd0b12cdc9a22d8b4c,canonical_pnl_v1,polymarket_logreg_eval_v1,PLATT,T3,OUTSIDER_ONLY,100.0,344,0.34011627906976744,47.69057976920236,13.86354063058208,17.738004420504424,0.24059868223793313,0.02384164984206216,0.6740868504152809
834,50,94,VALID_FOR_REPLAY,02c9ed7517c70cd4e3ac56fd0b12cdc9a22d8b4c,canonical_pnl_v1,polymarket_logreg_eval_v1,RAW,COMBINED,COMBINED,100.0,2756,0.45573294629898403,-32.399119561391835,-1.1755848897457126,78.51412101383185,0.23911763786868606,0.013336592464234779,0.671093560909618
834,50,94,VALID_FOR_REPLAY,02c9ed7517c70cd4e3ac56fd0b12cdc9a22d8b4c,canonical_pnl_v1,polymarket_logreg_eval_v1,RAW,COMBINED,FAVORITE_ONLY,100.0,1635,0.5418960244648318,-16.19023583877174,-0.9902284916679963,39.40744107447736,0.23911763786868606,0.013336592464234779,0.671093560909618
834,50,94,VALID_FOR_REPLAY,02c9ed7517c70cd4e3ac56fd0b12cdc9a22d8b4c,canonical_pnl_v1,polymarket_logreg_eval_v1,RAW,COMBINED,OUTSIDER_ONLY,100.0,957,0.2998955067920585,-13.248220072544655,-1.3843490148949482,80.97279575038348,0.23911763786868606,0.013336592464234779,0.671093560909618
834,50,94,VALID_FOR_REPLAY,02c9ed7517c70cd4e3ac56fd0b12cdc9a22d8b4c,canonical_pnl_v1,polymarket_logreg_eval_v1,RAW,T1,COMBINED,100.0,970,0.46494845360824744,-47.820465534258076,-4.929944900438977,55.12617770491378,0.23518150953040462,0.02240361126009858,0.6632539390875871
834,50,94,VALID_FOR_REPLAY,02c9ed7517c70cd4e3ac56fd0b12cdc9a22d8b4c,canonical_pnl_v1,polymarket_logreg_eval_v1,RAW,T1,FAVORITE_ONLY,100.0,638,0.5532915360501567,2.8341681631820226,0.4442269848247684,18.095028519710294,0.23518150953040462,0.02240361126009858,0.6632539390875871
834,50,94,VALID_FOR_REPLAY,02c9ed7517c70cd4e3ac56fd0b12cdc9a22d8b4c,canonical_pnl_v1,polymarket_logreg_eval_v1,RAW,T1,OUTSIDER_ONLY,100.0,269,0.24907063197026022,-47.80630790558487,-17.771861674938613,50.539580798971606,0.23518150953040462,0.02240361126009858,0.6632539390875871
834,50,94,VALID_FOR_REPLAY,02c9ed7517c70cd4e3ac56fd0b12cdc9a22d8b4c,canonical_pnl_v1,polymarket_logreg_eval_v1,RAW,T2,COMBINED,100.0,871,0.4569460390355913,-5.2474534339410575,-0.6024630808198688,41.944144268076606,0.24165713450802723,0.02527349471231277,0.6761305279692834
834,50,94,VALID_FOR_REPLAY,02c9ed7517c70cd4e3ac56fd0b12cdc9a22d8b4c,canonical_pnl_v1,polymarket_logreg_eval_v1,RAW,T2,FAVORITE_ONLY,100.0,514,0.5408560311284046,-5.171634155628039,-1.006154504986,22.914946023507877,0.24165713450802723,0.02527349471231277,0.6761305279692834
834,50,94,VALID_FOR_REPLAY,02c9ed7517c70cd4e3ac56fd0b12cdc9a22d8b4c,canonical_pnl_v1,polymarket_logreg_eval_v1,RAW,T2,OUTSIDER_ONLY,100.0,308,0.3051948051948052,-1.4826971063673025,-0.4813951644049684,35.248987844798634,0.24165713450802723,0.02527349471231277,0.6761305279692834
834,50,94,VALID_FOR_REPLAY,02c9ed7517c70cd4e3ac56fd0b12cdc9a22d8b4c,canonical_pnl_v1,polymarket_logreg_eval_v1,RAW,T3,COMBINED,100.0,915,0.4448087431693989,20.668799406807288,2.2588851810718347,33.442924279407606,0.24051322963337543,0.022804437502630052,0.6738941288106566
834,50,94,VALID_FOR_REPLAY,02c9ed7517c70cd4e3ac56fd0b12cdc9a22d8b4c,canonical_pnl_v1,polymarket_logreg_eval_v1,RAW,T3,FAVORITE_ONLY,100.0,483,0.5279503105590062,-13.852769846325717,-2.868068291164745,17.46275931127339,0.24051322963337543,0.022804437502630052,0.6738941288106566
834,50,94,VALID_FOR_REPLAY,02c9ed7517c70cd4e3ac56fd0b12cdc9a22d8b4c,canonical_pnl_v1,polymarket_logreg_eval_v1,RAW,T3,OUTSIDER_ONLY,100.0,380,0.33157894736842103,36.04078493940753,9.48441708931777,22.68290832212312,0.24051322963337543,0.022804437502630052,0.6738941288106566
834,50,94,VALID_FOR_REPLAY,02c9ed7517c70cd4e3ac56fd0b12cdc9a22d8b4c,canonical_pnl_v1,polymarket_logreg_eval_v1,PLATT,COMBINED,COMBINED,100.0,2756,0.45573294629898403,-32.399119561391835,-1.1755848897457126,78.51412101383185,0.23911763786868606,0.013336592464234779,0.671093560909618
834,50,94,VALID_FOR_REPLAY,02c9ed7517c70cd4e3ac56fd0b12cdc9a22d8b4c,canonical_pnl_v1,polymarket_logreg_eval_v1,PLATT,COMBINED,FAVORITE_ONLY,100.0,1635,0.5418960244648318,-16.19023583877174,-0.9902284916679963,39.40744107447736,0.23911763786868606,0.013336592464234779,0.671093560909618
834,50,94,VALID_FOR_REPLAY,02c9ed7517c70cd4e3ac56fd0b12cdc9a22d8b4c,canonical_pnl_v1,polymarket_logreg_eval_v1,PLATT,COMBINED,OUTSIDER_ONLY,100.0,957,0.2998955067920585,-13.248220072544655,-1.3843490148949482,80.97279575038348,0.23911763786868606,0.013336592464234779,0.671093560909618
834,50,94,VALID_FOR_REPLAY,02c9ed7517c70cd4e3ac56fd0b12cdc9a22d8b4c,canonical_pnl_v1,polymarket_logreg_eval_v1,PLATT,T1,COMBINED,100.0,970,0.46494845360824744,-47.820465534258076,-4.929944900438977,55.12617770491378,0.23518150953040462,0.02240361126009858,0.6632539390875871
834,50,94,VALID_FOR_REPLAY,02c9ed7517c70cd4e3ac56fd0b12cdc9a22d8b4c,canonical_pnl_v1,polymarket_logreg_eval_v1,PLATT,T1,FAVORITE_ONLY,100.0,638,0.5532915360501567,2.8341681631820226,0.4442269848247684,18.095028519710294,0.23518150953040462,0.02240361126009858,0.6632539390875871
834,50,94,VALID_FOR_REPLAY,02c9ed7517c70cd4e3ac56fd0b12cdc9a22d8b4c,canonical_pnl_v1,polymarket_logreg_eval_v1,PLATT,T1,OUTSIDER_ONLY,100.0,269,0.24907063197026022,-47.80630790558487,-17.771861674938613,50.539580798971606,0.23518150953040462,0.02240361126009858,0.6632539390875871
834,50,94,VALID_FOR_REPLAY,02c9ed7517c70cd4e3ac56fd0b12cdc9a22d8b4c,canonical_pnl_v1,polymarket_logreg_eval_v1,PLATT,T2,COMBINED,100.0,871,0.4569460390355913,-5.2474534339410575,-0.6024630808198688,41.944144268076606,0.24165713450802723,0.02527349471231277,0.6761305279692834
834,50,94,VALID_FOR_REPLAY,02c9ed7517c70cd4e3ac56fd0b12cdc9a22d8b4c,canonical_pnl_v1,polymarket_logreg_eval_v1,PLATT,T2,FAVORITE_ONLY,100.0,514,0.5408560311284046,-5.171634155628039,-1.006154504986,22.914946023507877,0.24165713450802723,0.02527349471231277,0.6761305279692834
834,50,94,VALID_FOR_REPLAY,02c9ed7517c70cd4e3ac56fd0b12cdc9a22d8b4c,canonical_pnl_v1,polymarket_logreg_eval_v1,PLATT,T2,OUTSIDER_ONLY,100.0,308,0.3051948051948052,-1.4826971063673025,-0.4813951644049684,35.248987844798634,0.24165713450802723,0.02527349471231277,0.6761305279692834
834,50,94,VALID_FOR_REPLAY,02c9ed7517c70cd4e3ac56fd0b12cdc9a22d8b4c,canonical_pnl_v1,polymarket_logreg_eval_v1,PLATT,T3,COMBINED,100.0,915,0.4448087431693989,20.668799406807288,2.2588851810718347,33.442924279407606,0.24051322963337543,0.022804437502630052,0.6738941288106566
834,50,94,VALID_FOR_REPLAY,02c9ed7517c70cd4e3ac56fd0b12cdc9a22d8b4c,canonical_pnl_v1,polymarket_logreg_eval_v1,PLATT,T3,FAVORITE_ONLY,100.0,483,0.5279503105590062,-13.852769846325717,-2.868068291164745,17.46275931127339,0.24051322963337543,0.022804437502630052,0.6738941288106566
834,50,94,VALID_FOR_REPLAY,02c9ed7517c70cd4e3ac56fd0b12cdc9a22d8b4c,canonical_pnl_v1,polymarket_logreg_eval_v1,PLATT,T3,OUTSIDER_ONLY,100.0,380,0.33157894736842103,36.04078493940753,9.48441708931777,22.68290832212312,0.24051322963337543,0.022804437502630052,0.6738941288106566
835,16,95,VALID_FOR_REPLAY,02c9ed7517c70cd4e3ac56fd0b12cdc9a22d8b4c,canonical_pnl_v1,polymarket_logreg_eval_v1,RAW,COMBINED,COMBINED,100.0,3073,0.7650504393101204,-36.69624849066463,-1.1941506179845307,86.82566411566027,0.15603898233363064,0.06323039780103884,0.5037737170359258
835,16,95,VALID_FOR_REPLAY,02c9ed7517c70cd4e3ac56fd0b12cdc9a22d8b4c,canonical_pnl_v1,polymarket_logreg_eval_v1,RAW,COMBINED,FAVORITE_ONLY,100.0,2922,0.8004791238877481,5.625308253245063,0.19251568286259627,40.043663502099186,0.15603898233363064,0.06323039780103884,0.5037737170359258
835,16,95,VALID_FOR_REPLAY,02c9ed7517c70cd4e3ac56fd0b12cdc9a22d8b4c,canonical_pnl_v1,polymarket_logreg_eval_v1,RAW,COMBINED,OUTSIDER_ONLY,100.0,151,0.07947019867549669,-42.32155674390968,-28.027521022456742,56.16,0.15603898233363064,0.06323039780103884,0.5037737170359258
835,16,95,VALID_FOR_REPLAY,02c9ed7517c70cd4e3ac56fd0b12cdc9a22d8b4c,canonical_pnl_v1,polymarket_logreg_eval_v1,RAW,T1,COMBINED,100.0,1064,0.7509398496240601,-45.1044195131001,-4.239137172283844,59.10821149903312,0.16350856093792385,0.07617860572951897,0.5261112787458246
835,16,95,VALID_FOR_REPLAY,02c9ed7517c70cd4e3ac56fd0b12cdc9a22d8b4c,canonical_pnl_v1,polymarket_logreg_eval_v1,RAW,T1,FAVORITE_ONLY,100.0,1017,0.7826941986234022,-20.729125395453043,-2.0382620841153436,33.04927829378246,0.16350856093792385,0.07617860572951897,0.5261112787458246
835,16,95,VALID_FOR_REPLAY,02c9ed7517c70cd4e3ac56fd0b12cdc9a22d8b4c,canonical_pnl_v1,polymarket_logreg_eval_v1,RAW,T1,OUTSIDER_ONLY,100.0,47,0.06382978723404255,-24.37529411764706,-51.86232790988736,34.98,0.16350856093792385,0.07617860572951897,0.5261112787458246
835,16,95,VALID_FOR_REPLAY,02c9ed7517c70cd4e3ac56fd0b12cdc9a22d8b4c,canonical_pnl_v1,polymarket_logreg_eval_v1,RAW,T2,COMBINED,100.0,1009,0.759167492566898,-20.01443901489793,-1.9835915772941457,34.40967879797909,0.15874188286871405,0.06769157214800489,0.5095124605754043
835,16,95,VALID_FOR_REPLAY,02c9ed7517c70cd4e3ac56fd0b12cdc9a22d8b4c,canonical_pnl_v1,polymarket_logreg_eval_v1,RAW,T2,FAVORITE_ONLY,100.0,962,0.7920997920997921,-9.968176388635303,-1.0361929717916116,22.034774935238186,0.15874188286871405,0.06769157214800489,0.5095124605754043
835,16,95,VALID_FOR_REPLAY,02c9ed7517c70cd4e3ac56fd0b12cdc9a22d8b4c,canonical_pnl_v1,polymarket_logreg_eval_v1,RAW,T2,OUTSIDER_ONLY,100.0,47,0.0851063829787234,-10.046262626262624,-21.375026864388563,28.0,0.15874188286871405,0.06769157214800489,0.5095124605754043
835,16,95,VALID_FOR_REPLAY,02c9ed7517c70cd4e3ac56fd0b12cdc9a22d8b4c,canonical_pnl_v1,polymarket_logreg_eval_v1,RAW,T3,COMBINED,100.0,1000,0.786,28.422610037333413,2.8422610037333413,15.63819121247209,0.14586650319425407,0.04715921072291779,0.4756974117865485
835,16,95,VALID_FOR_REPLAY,02c9ed7517c70cd4e3ac56fd0b12cdc9a22d8b4c,canonical_pnl_v1,polymarket_logreg_eval_v1,RAW,T3,FAVORITE_ONLY,100.0,943,0.8282078472958643,36.322610037333405,3.851814426016268,10.381227941372511,0.14586650319425407,0.04715921072291779,0.4756974117865485
835,16,95,VALID_FOR_REPLAY,02c9ed7517c70cd4e3ac56fd0b12cdc9a22d8b4c,canonical_pnl_v1,polymarket_logreg_eval_v1,RAW,T3,OUTSIDER_ONLY,100.0,57,0.08771929824561403,-7.899999999999999,-13.859649122807017,24.535555555555554,0.14586650319425407,0.04715921072291779,0.4756974117865485
835,16,95,VALID_FOR_REPLAY,02c9ed7517c70cd4e3ac56fd0b12cdc9a22d8b4c,canonical_pnl_v1,polymarket_logreg_eval_v1,PLATT,COMBINED,COMBINED,100.0,3073,0.7650504393101204,-36.69624849066463,-1.1941506179845307,86.82566411566027,0.15603898233363064,0.06323039780103884,0.5037737170359258
835,16,95,VALID_FOR_REPLAY,02c9ed7517c70cd4e3ac56fd0b12cdc9a22d8b4c,canonical_pnl_v1,polymarket_logreg_eval_v1,PLATT,COMBINED,FAVORITE_ONLY,100.0,2922,0.8004791238877481,5.625308253245063,0.19251568286259627,40.043663502099186,0.15603898233363064,0.06323039780103884,0.5037737170359258
835,16,95,VALID_FOR_REPLAY,02c9ed7517c70cd4e3ac56fd0b12cdc9a22d8b4c,canonical_pnl_v1,polymarket_logreg_eval_v1,PLATT,COMBINED,OUTSIDER_ONLY,100.0,151,0.07947019867549669,-42.32155674390968,-28.027521022456742,56.16,0.15603898233363064,0.06323039780103884,0.5037737170359258
835,16,95,VALID_FOR_REPLAY,02c9ed7517c70cd4e3ac56fd0b12cdc9a22d8b4c,canonical_pnl_v1,polymarket_logreg_eval_v1,PLATT,T1,COMBINED,100.0,1064,0.7509398496240601,-45.1044195131001,-4.239137172283844,59.10821149903312,0.16350856093792385,0.07617860572951897,0.5261112787458246
835,16,95,VALID_FOR_REPLAY,02c9ed7517c70cd4e3ac56fd0b12cdc9a22d8b4c,canonical_pnl_v1,polymarket_logreg_eval_v1,PLATT,T1,FAVORITE_ONLY,100.0,1017,0.7826941986234022,-20.729125395453043,-2.0382620841153436,33.04927829378246,0.16350856093792385,0.07617860572951897,0.5261112787458246
835,16,95,VALID_FOR_REPLAY,02c9ed7517c70cd4e3ac56fd0b12cdc9a22d8b4c,canonical_pnl_v1,polymarket_logreg_eval_v1,PLATT,T1,OUTSIDER_ONLY,100.0,47,0.06382978723404255,-24.37529411764706,-51.86232790988736,34.98,0.16350856093792385,0.07617860572951897,0.5261112787458246
835,16,95,VALID_FOR_REPLAY,02c9ed7517c70cd4e3ac56fd0b12cdc9a22d8b4c,canonical_pnl_v1,polymarket_logreg_eval_v1,PLATT,T2,COMBINED,100.0,1009,0.759167492566898,-20.01443901489793,-1.9835915772941457,34.40967879797909,0.15874188286871405,0.06769157214800489,0.5095124605754043
835,16,95,VALID_FOR_REPLAY,02c9ed7517c70cd4e3ac56fd0b12cdc9a22d8b4c,canonical_pnl_v1,polymarket_logreg_eval_v1,PLATT,T2,FAVORITE_ONLY,100.0,962,0.7920997920997921,-9.968176388635303,-1.0361929717916116,22.034774935238186,0.15874188286871405,0.06769157214800489,0.5095124605754043
835,16,95,VALID_FOR_REPLAY,02c9ed7517c70cd4e3ac56fd0b12cdc9a22d8b4c,canonical_pnl_v1,polymarket_logreg_eval_v1,PLATT,T2,OUTSIDER_ONLY,100.0,47,0.0851063829787234,-10.046262626262624,-21.375026864388563,28.0,0.15874188286871405,0.06769157214800489,0.5095124605754043
835,16,95,VALID_FOR_REPLAY,02c9ed7517c70cd4e3ac56fd0b12cdc9a22d8b4c,canonical_pnl_v1,polymarket_logreg_eval_v1,PLATT,T3,COMBINED,100.0,1000,0.786,28.422610037333413,2.8422610037333413,15.63819121247209,0.14586650319425407,0.04715921072291779,0.4756974117865485
835,16,95,VALID_FOR_REPLAY,02c9ed7517c70cd4e3ac56fd0b12cdc9a22d8b4c,canonical_pnl_v1,polymarket_logreg_eval_v1,PLATT,T3,FAVORITE_ONLY,100.0,943,0.8282078472958643,36.322610037333405,3.851814426016268,10.381227941372511,0.14586650319425407,0.04715921072291779,0.4756974117865485
835,16,95,VALID_FOR_REPLAY,02c9ed7517c70cd4e3ac56fd0b12cdc9a22d8b4c,canonical_pnl_v1,polymarket_logreg_eval_v1,PLATT,T3,OUTSIDER_ONLY,100.0,57,0.08771929824561403,-7.899999999999999,-13.859649122807017,24.535555555555554,0.14586650319425407,0.04715921072291779,0.4756974117865485
836,17,96,VALID_FOR_REPLAY,02c9ed7517c70cd4e3ac56fd0b12cdc9a22d8b4c,canonical_pnl_v1,polymarket_logreg_eval_v1,RAW,COMBINED,COMBINED,100.0,3073,0.7650504393101204,-36.69624849066463,-1.1941506179845307,86.82566411566027,0.15603898233363064,0.06323039780103884,0.5037737170359258
836,17,96,VALID_FOR_REPLAY,02c9ed7517c70cd4e3ac56fd0b12cdc9a22d8b4c,canonical_pnl_v1,polymarket_logreg_eval_v1,RAW,COMBINED,FAVORITE_ONLY,100.0,2922,0.8004791238877481,5.625308253245063,0.19251568286259627,40.043663502099186,0.15603898233363064,0.06323039780103884,0.5037737170359258
836,17,96,VALID_FOR_REPLAY,02c9ed7517c70cd4e3ac56fd0b12cdc9a22d8b4c,canonical_pnl_v1,polymarket_logreg_eval_v1,RAW,COMBINED,OUTSIDER_ONLY,100.0,151,0.07947019867549669,-42.32155674390968,-28.027521022456742,56.16,0.15603898233363064,0.06323039780103884,0.5037737170359258
836,17,96,VALID_FOR_REPLAY,02c9ed7517c70cd4e3ac56fd0b12cdc9a22d8b4c,canonical_pnl_v1,polymarket_logreg_eval_v1,RAW,T1,COMBINED,100.0,1064,0.7509398496240601,-45.1044195131001,-4.239137172283844,59.10821149903312,0.16350856093792385,0.07617860572951897,0.5261112787458246
836,17,96,VALID_FOR_REPLAY,02c9ed7517c70cd4e3ac56fd0b12cdc9a22d8b4c,canonical_pnl_v1,polymarket_logreg_eval_v1,RAW,T1,FAVORITE_ONLY,100.0,1017,0.7826941986234022,-20.729125395453043,-2.0382620841153436,33.04927829378246,0.16350856093792385,0.07617860572951897,0.5261112787458246
836,17,96,VALID_FOR_REPLAY,02c9ed7517c70cd4e3ac56fd0b12cdc9a22d8b4c,canonical_pnl_v1,polymarket_logreg_eval_v1,RAW,T1,OUTSIDER_ONLY,100.0,47,0.06382978723404255,-24.37529411764706,-51.86232790988736,34.98,0.16350856093792385,0.07617860572951897,0.5261112787458246
836,17,96,VALID_FOR_REPLAY,02c9ed7517c70cd4e3ac56fd0b12cdc9a22d8b4c,canonical_pnl_v1,polymarket_logreg_eval_v1,RAW,T2,COMBINED,100.0,1009,0.759167492566898,-20.01443901489793,-1.9835915772941457,34.40967879797909,0.15874188286871405,0.06769157214800489,0.5095124605754043
836,17,96,VALID_FOR_REPLAY,02c9ed7517c70cd4e3ac56fd0b12cdc9a22d8b4c,canonical_pnl_v1,polymarket_logreg_eval_v1,RAW,T2,FAVORITE_ONLY,100.0,962,0.7920997920997921,-9.968176388635303,-1.0361929717916116,22.034774935238186,0.15874188286871405,0.06769157214800489,0.5095124605754043
836,17,96,VALID_FOR_REPLAY,02c9ed7517c70cd4e3ac56fd0b12cdc9a22d8b4c,canonical_pnl_v1,polymarket_logreg_eval_v1,RAW,T2,OUTSIDER_ONLY,100.0,47,0.0851063829787234,-10.046262626262624,-21.375026864388563,28.0,0.15874188286871405,0.06769157214800489,0.5095124605754043
836,17,96,VALID_FOR_REPLAY,02c9ed7517c70cd4e3ac56fd0b12cdc9a22d8b4c,canonical_pnl_v1,polymarket_logreg_eval_v1,RAW,T3,COMBINED,100.0,1000,0.786,28.422610037333413,2.8422610037333413,15.63819121247209,0.14586650319425407,0.04715921072291779,0.4756974117865485
836,17,96,VALID_FOR_REPLAY,02c9ed7517c70cd4e3ac56fd0b12cdc9a22d8b4c,canonical_pnl_v1,polymarket_logreg_eval_v1,RAW,T3,FAVORITE_ONLY,100.0,943,0.8282078472958643,36.322610037333405,3.851814426016268,10.381227941372511,0.14586650319425407,0.04715921072291779,0.4756974117865485
836,17,96,VALID_FOR_REPLAY,02c9ed7517c70cd4e3ac56fd0b12cdc9a22d8b4c,canonical_pnl_v1,polymarket_logreg_eval_v1,RAW,T3,OUTSIDER_ONLY,100.0,57,0.08771929824561403,-7.899999999999999,-13.859649122807017,24.535555555555554,0.14586650319425407,0.04715921072291779,0.4756974117865485
836,17,96,VALID_FOR_REPLAY,02c9ed7517c70cd4e3ac56fd0b12cdc9a22d8b4c,canonical_pnl_v1,polymarket_logreg_eval_v1,PLATT,COMBINED,COMBINED,100.0,3073,0.7650504393101204,-36.69624849066463,-1.1941506179845307,86.82566411566027,0.15603898233363064,0.06323039780103884,0.5037737170359258
836,17,96,VALID_FOR_REPLAY,02c9ed7517c70cd4e3ac56fd0b12cdc9a22d8b4c,canonical_pnl_v1,polymarket_logreg_eval_v1,PLATT,COMBINED,FAVORITE_ONLY,100.0,2922,0.8004791238877481,5.625308253245063,0.19251568286259627,40.043663502099186,0.15603898233363064,0.06323039780103884,0.5037737170359258
836,17,96,VALID_FOR_REPLAY,02c9ed7517c70cd4e3ac56fd0b12cdc9a22d8b4c,canonical_pnl_v1,polymarket_logreg_eval_v1,PLATT,COMBINED,OUTSIDER_ONLY,100.0,151,0.07947019867549669,-42.32155674390968,-28.027521022456742,56.16,0.15603898233363064,0.06323039780103884,0.5037737170359258
836,17,96,VALID_FOR_REPLAY,02c9ed7517c70cd4e3ac56fd0b12cdc9a22d8b4c,canonical_pnl_v1,polymarket_logreg_eval_v1,PLATT,T1,COMBINED,100.0,1064,0.7509398496240601,-45.1044195131001,-4.239137172283844,59.10821149903312,0.16350856093792385,0.07617860572951897,0.5261112787458246
836,17,96,VALID_FOR_REPLAY,02c9ed7517c70cd4e3ac56fd0b12cdc9a22d8b4c,canonical_pnl_v1,polymarket_logreg_eval_v1,PLATT,T1,FAVORITE_ONLY,100.0,1017,0.7826941986234022,-20.729125395453043,-2.0382620841153436,33.04927829378246,0.16350856093792385,0.07617860572951897,0.5261112787458246
836,17,96,VALID_FOR_REPLAY,02c9ed7517c70cd4e3ac56fd0b12cdc9a22d8b4c,canonical_pnl_v1,polymarket_logreg_eval_v1,PLATT,T1,OUTSIDER_ONLY,100.0,47,0.06382978723404255,-24.37529411764706,-51.86232790988736,34.98,0.16350856093792385,0.07617860572951897,0.5261112787458246
836,17,96,VALID_FOR_REPLAY,02c9ed7517c70cd4e3ac56fd0b12cdc9a22d8b4c,canonical_pnl_v1,polymarket_logreg_eval_v1,PLATT,T2,COMBINED,100.0,1009,0.759167492566898,-20.01443901489793,-1.9835915772941457,34.40967879797909,0.15874188286871405,0.06769157214800489,0.5095124605754043
836,17,96,VALID_FOR_REPLAY,02c9ed7517c70cd4e3ac56fd0b12cdc9a22d8b4c,canonical_pnl_v1,polymarket_logreg_eval_v1,PLATT,T2,FAVORITE_ONLY,100.0,962,0.7920997920997921,-9.968176388635303,-1.0361929717916116,22.034774935238186,0.15874188286871405,0.06769157214800489,0.5095124605754043
836,17,96,VALID_FOR_REPLAY,02c9ed7517c70cd4e3ac56fd0b12cdc9a22d8b4c,canonical_pnl_v1,polymarket_logreg_eval_v1,PLATT,T2,OUTSIDER_ONLY,100.0,47,0.0851063829787234,-10.046262626262624,-21.375026864388563,28.0,0.15874188286871405,0.06769157214800489,0.5095124605754043
836,17,96,VALID_FOR_REPLAY,02c9ed7517c70cd4e3ac56fd0b12cdc9a22d8b4c,canonical_pnl_v1,polymarket_logreg_eval_v1,PLATT,T3,COMBINED,100.0,1000,0.786,28.422610037333413,2.8422610037333413,15.63819121247209,0.14586650319425407,0.04715921072291779,0.4756974117865485
836,17,96,VALID_FOR_REPLAY,02c9ed7517c70cd4e3ac56fd0b12cdc9a22d8b4c,canonical_pnl_v1,polymarket_logreg_eval_v1,PLATT,T3,FAVORITE_ONLY,100.0,943,0.8282078472958643,36.322610037333405,3.851814426016268,10.381227941372511,0.14586650319425407,0.04715921072291779,0.4756974117865485
836,17,96,VALID_FOR_REPLAY,02c9ed7517c70cd4e3ac56fd0b12cdc9a22d8b4c,canonical_pnl_v1,polymarket_logreg_eval_v1,PLATT,T3,OUTSIDER_ONLY,100.0,57,0.08771929824561403,-7.899999999999999,-13.859649122807017,24.535555555555554,0.14586650319425407,0.04715921072291779,0.4756974117865485
837,18,97,VALID_FOR_REPLAY,02c9ed7517c70cd4e3ac56fd0b12cdc9a22d8b4c,canonical_pnl_v1,polymarket_logreg_eval_v1,RAW,COMBINED,COMBINED,100.0,3009,0.7587238285144566,-38.26553933769026,-1.2717028693150634,78.71589284562059,0.15594461938614892,0.06086570683179822,0.5035909815005153
837,18,97,VALID_FOR_REPLAY,02c9ed7517c70cd4e3ac56fd0b12cdc9a22d8b4c,canonical_pnl_v1,polymarket_logreg_eval_v1,RAW,COMBINED,FAVORITE_ONLY,100.0,2834,0.8002822865208187,4.1242225344245504,0.14552655379056284,41.81895619466371,0.15594461938614892,0.06086570683179822,0.5035909815005153
837,18,97,VALID_FOR_REPLAY,02c9ed7517c70cd4e3ac56fd0b12cdc9a22d8b4c,canonical_pnl_v1,polymarket_logreg_eval_v1,RAW,COMBINED,OUTSIDER_ONLY,100.0,175,0.08571428571428572,-42.38976187211481,-24.222721069779894,51.97333333333333,0.15594461938614892,0.06086570683179822,0.5035909815005153
837,18,97,VALID_FOR_REPLAY,02c9ed7517c70cd4e3ac56fd0b12cdc9a22d8b4c,canonical_pnl_v1,polymarket_logreg_eval_v1,RAW,T1,COMBINED,100.0,1051,0.7488106565176023,-39.96485261001739,-3.802554958136764,53.96864459595031,0.16349962414893696,0.07518398509113793,0.526085998626755
837,18,97,VALID_FOR_REPLAY,02c9ed7517c70cd4e3ac56fd0b12cdc9a22d8b4c,canonical_pnl_v1,polymarket_logreg_eval_v1,RAW,T1,FAVORITE_ONLY,100.0,1002,0.781437125748503,-21.77622515903699,-2.1732759639757475,33.89604112459956,0.16349962414893696,0.07518398509113793,0.526085998626755
837,18,97,VALID_FOR_REPLAY,02c9ed7517c70cd4e3ac56fd0b12cdc9a22d8b4c,canonical_pnl_v1,polymarket_logreg_eval_v1,RAW,T1,OUTSIDER_ONLY,100.0,49,0.08163265306122448,-18.18862745098039,-37.119647859143655,27.793333333333333,0.16349962414893696,0.07518398509113793,0.526085998626755
837,18,97,VALID_FOR_REPLAY,02c9ed7517c70cd4e3ac56fd0b12cdc9a22d8b4c,canonical_pnl_v1,polymarket_logreg_eval_v1,RAW,T2,COMBINED,100.0,982,0.7525458248472505,-20.310965277211807,-2.0683264029747255,31.361104034032902,0.15855234287596656,0.0645912144827887,0.5090279085706956
837,18,97,VALID_FOR_REPLAY,02c9ed7517c70cd4e3ac56fd0b12cdc9a22d8b4c,canonical_pnl_v1,polymarket_logreg_eval_v1,RAW,T2,FAVORITE_ONLY,100.0,927,0.7918015102481122,-10.451369317615853,-1.1274400558377404,22.120057527152277,0.15855234287596656,0.0645912144827887,0.5090279085706956
837,18,97,VALID_FOR_REPLAY,02c9ed7517c70cd4e3ac56fd0b12cdc9a22d8b4c,canonical_pnl_v1,polymarket_logreg_eval_v1,RAW,T2,OUTSIDER_ONLY,100.0,55,0.09090909090909091,-9.859595959595957,-17.926538108356286,30.0,0.15855234287596656,0.0645912144827887,0.5090279085706956
837,18,97,VALID_FOR_REPLAY,02c9ed7517c70cd4e3ac56fd0b12cdc9a22d8b4c,canonical_pnl_v1,polymarket_logreg_eval_v1,RAW,T3,COMBINED,100.0,976,0.7756147540983607,22.01027854953891,2.255151490731446,21.64129902407691,0.14578189113354326,0.04450673276828453,0.4756590373040951
837,18,97,VALID_FOR_REPLAY,02c9ed7517c70cd4e3ac56fd0b12cdc9a22d8b4c,canonical_pnl_v1,polymarket_logreg_eval_v1,RAW,T3,FAVORITE_ONLY,100.0,905,0.8298342541436464,36.35181701107737,4.016775360340041,11.920981132482648,0.14578189113354326,0.04450673276828453,0.4756590373040951
837,18,97,VALID_FOR_REPLAY,02c9ed7517c70cd4e3ac56fd0b12cdc9a22d8b4c,canonical_pnl_v1,polymarket_logreg_eval_v1,RAW,T3,OUTSIDER_ONLY,100.0,71,0.08450704225352113,-14.341538461538462,-20.19934994582882,33.535555555555554,0.14578189113354326,0.04450673276828453,0.4756590373040951
837,18,97,VALID_FOR_REPLAY,02c9ed7517c70cd4e3ac56fd0b12cdc9a22d8b4c,canonical_pnl_v1,polymarket_logreg_eval_v1,PLATT,COMBINED,COMBINED,100.0,3009,0.7587238285144566,-38.26553933769026,-1.2717028693150634,78.71589284562059,0.15594461938614892,0.06086570683179822,0.5035909815005153
837,18,97,VALID_FOR_REPLAY,02c9ed7517c70cd4e3ac56fd0b12cdc9a22d8b4c,canonical_pnl_v1,polymarket_logreg_eval_v1,PLATT,COMBINED,FAVORITE_ONLY,100.0,2834,0.8002822865208187,4.1242225344245504,0.14552655379056284,41.81895619466371,0.15594461938614892,0.06086570683179822,0.5035909815005153
837,18,97,VALID_FOR_REPLAY,02c9ed7517c70cd4e3ac56fd0b12cdc9a22d8b4c,canonical_pnl_v1,polymarket_logreg_eval_v1,PLATT,COMBINED,OUTSIDER_ONLY,100.0,175,0.08571428571428572,-42.38976187211481,-24.222721069779894,51.97333333333333,0.15594461938614892,0.06086570683179822,0.5035909815005153
837,18,97,VALID_FOR_REPLAY,02c9ed7517c70cd4e3ac56fd0b12cdc9a22d8b4c,canonical_pnl_v1,polymarket_logreg_eval_v1,PLATT,T1,COMBINED,100.0,1051,0.7488106565176023,-39.96485261001739,-3.802554958136764,53.96864459595031,0.16349962414893696,0.07518398509113793,0.526085998626755
837,18,97,VALID_FOR_REPLAY,02c9ed7517c70cd4e3ac56fd0b12cdc9a22d8b4c,canonical_pnl_v1,polymarket_logreg_eval_v1,PLATT,T1,FAVORITE_ONLY,100.0,1002,0.781437125748503,-21.77622515903699,-2.1732759639757475,33.89604112459956,0.16349962414893696,0.07518398509113793,0.526085998626755
837,18,97,VALID_FOR_REPLAY,02c9ed7517c70cd4e3ac56fd0b12cdc9a22d8b4c,canonical_pnl_v1,polymarket_logreg_eval_v1,PLATT,T1,OUTSIDER_ONLY,100.0,49,0.08163265306122448,-18.18862745098039,-37.119647859143655,27.793333333333333,0.16349962414893696,0.07518398509113793,0.526085998626755
837,18,97,VALID_FOR_REPLAY,02c9ed7517c70cd4e3ac56fd0b12cdc9a22d8b4c,canonical_pnl_v1,polymarket_logreg_eval_v1,PLATT,T2,COMBINED,100.0,982,0.7525458248472505,-20.310965277211807,-2.0683264029747255,31.361104034032902,0.15855234287596656,0.0645912144827887,0.5090279085706956
837,18,97,VALID_FOR_REPLAY,02c9ed7517c70cd4e3ac56fd0b12cdc9a22d8b4c,canonical_pnl_v1,polymarket_logreg_eval_v1,PLATT,T2,FAVORITE_ONLY,100.0,927,0.7918015102481122,-10.451369317615853,-1.1274400558377404,22.120057527152277,0.15855234287596656,0.0645912144827887,0.5090279085706956
837,18,97,VALID_FOR_REPLAY,02c9ed7517c70cd4e3ac56fd0b12cdc9a22d8b4c,canonical_pnl_v1,polymarket_logreg_eval_v1,PLATT,T2,OUTSIDER_ONLY,100.0,55,0.09090909090909091,-9.859595959595957,-17.926538108356286,30.0,0.15855234287596656,0.0645912144827887,0.5090279085706956
837,18,97,VALID_FOR_REPLAY,02c9ed7517c70cd4e3ac56fd0b12cdc9a22d8b4c,canonical_pnl_v1,polymarket_logreg_eval_v1,PLATT,T3,COMBINED,100.0,976,0.7756147540983607,22.01027854953891,2.255151490731446,21.64129902407691,0.14578189113354326,0.04450673276828453,0.4756590373040951
837,18,97,VALID_FOR_REPLAY,02c9ed7517c70cd4e3ac56fd0b12cdc9a22d8b4c,canonical_pnl_v1,polymarket_logreg_eval_v1,PLATT,T3,FAVORITE_ONLY,100.0,905,0.8298342541436464,36.35181701107737,4.016775360340041,11.920981132482648,0.14578189113354326,0.04450673276828453,0.4756590373040951
837,18,97,VALID_FOR_REPLAY,02c9ed7517c70cd4e3ac56fd0b12cdc9a22d8b4c,canonical_pnl_v1,polymarket_logreg_eval_v1,PLATT,T3,OUTSIDER_ONLY,100.0,71,0.08450704225352113,-14.341538461538462,-20.19934994582882,33.535555555555554,0.14578189113354326,0.04450673276828453,0.4756590373040951
838,14,98,VALID_FOR_REPLAY,02c9ed7517c70cd4e3ac56fd0b12cdc9a22d8b4c,canonical_pnl_v1,polymarket_logreg_eval_v1,RAW,COMBINED,COMBINED,100.0,2166,0.5484764542936288,-50.537398174216214,-2.333213212106012,90.42466572335883,0.2246158509124292,0.01847203654016615,0.6416271668759598
838,14,98,VALID_FOR_REPLAY,02c9ed7517c70cd4e3ac56fd0b12cdc9a22d8b4c,canonical_pnl_v1,polymarket_logreg_eval_v1,RAW,COMBINED,FAVORITE_ONLY,100.0,1724,0.6154292343387471,-49.96038116576426,-2.8979339423297135,73.87632443897009,0.2246158509124292,0.01847203654016615,0.6416271668759598
838,14,98,VALID_FOR_REPLAY,02c9ed7517c70cd4e3ac56fd0b12cdc9a22d8b4c,canonical_pnl_v1,polymarket_logreg_eval_v1,RAW,COMBINED,OUTSIDER_ONLY,100.0,442,0.2873303167420814,-0.5770170084519606,-0.1305468344913938,34.82821102269378,0.2246158509124292,0.01847203654016615,0.6416271668759598
838,14,98,VALID_FOR_REPLAY,02c9ed7517c70cd4e3ac56fd0b12cdc9a22d8b4c,canonical_pnl_v1,polymarket_logreg_eval_v1,RAW,T1,COMBINED,100.0,730,0.5657534246575342,-23.226380347283467,-3.1816959379840366,40.80956214811792,0.22435898330886425,0.02071600358328627,0.6411777940398263
838,14,98,VALID_FOR_REPLAY,02c9ed7517c70cd4e3ac56fd0b12cdc9a22d8b4c,canonical_pnl_v1,polymarket_logreg_eval_v1,RAW,T1,FAVORITE_ONLY,100.0,618,0.6213592233009708,-12.606174040180592,-2.039833987084238,27.408544163755895,0.22435898330886425,0.02071600358328627,0.6411777940398263
838,14,98,VALID_FOR_REPLAY,02c9ed7517c70cd4e3ac56fd0b12cdc9a22d8b4c,canonical_pnl_v1,polymarket_logreg_eval_v1,RAW,T1,OUTSIDER_ONLY,100.0,112,0.25892857142857145,-10.620206307102862,-9.482327059913269,26.602678062678063,0.22435898330886425,0.02071600358328627,0.6411777940398263
838,14,98,VALID_FOR_REPLAY,02c9ed7517c70cd4e3ac56fd0b12cdc9a22d8b4c,canonical_pnl_v1,polymarket_logreg_eval_v1,RAW,T2,COMBINED,100.0,739,0.530446549391069,-37.26498561773509,-5.042623222968213,53.72154924752409,0.227563017678294,0.026266387922872725,0.6477356896219905
838,14,98,VALID_FOR_REPLAY,02c9ed7517c70cd4e3ac56fd0b12cdc9a22d8b4c,canonical_pnl_v1,polymarket_logreg_eval_v1,RAW,T2,FAVORITE_ONLY,100.0,586,0.5938566552901023,-36.93001044747627,-6.302049564415746,50.483454835217216,0.227563017678294,0.026266387922872725,0.6477356896219905
838,14,98,VALID_FOR_REPLAY,02c9ed7517c70cd4e3ac56fd0b12cdc9a22d8b4c,canonical_pnl_v1,polymarket_logreg_eval_v1,RAW,T2,OUTSIDER_ONLY,100.0,153,0.2875816993464052,-0.3349751702588284,-0.218938019777012,16.26181271371483,0.227563017678294,0.026266387922872725,0.6477356896219905
838,14,98,VALID_FOR_REPLAY,02c9ed7517c70cd4e3ac56fd0b12cdc9a22d8b4c,canonical_pnl_v1,polymarket_logreg_eval_v1,RAW,T3,COMBINED,100.0,697,0.5494978479196556,9.953967790802338,1.4281158953805364,20.607716077314084,0.22192535091541182,0.0166028281394772,0.6359676656190443
838,14,98,VALID_FOR_REPLAY,02c9ed7517c70cd4e3ac56fd0b12cdc9a22d8b4c,canonical_pnl_v1,polymarket_logreg_eval_v1,RAW,T3,FAVORITE_ONLY,100.0,520,0.6326923076923077,-0.42419667810738915,-0.081576284251421,18.078018629439086,0.22192535091541182,0.0166028281394772,0.6359676656190443
838,14,98,VALID_FOR_REPLAY,02c9ed7517c70cd4e3ac56fd0b12cdc9a22d8b4c,canonical_pnl_v1,polymarket_logreg_eval_v1,RAW,T3,OUTSIDER_ONLY,100.0,177,0.3050847457627119,10.37816446890973,5.8633697564461755,15.35471264367816,0.22192535091541182,0.0166028281394772,0.6359676656190443
838,14,98,VALID_FOR_REPLAY,02c9ed7517c70cd4e3ac56fd0b12cdc9a22d8b4c,canonical_pnl_v1,polymarket_logreg_eval_v1,PLATT,COMBINED,COMBINED,100.0,2166,0.5484764542936288,-50.537398174216214,-2.333213212106012,90.42466572335883,0.2246158509124292,0.01847203654016615,0.6416271668759598
838,14,98,VALID_FOR_REPLAY,02c9ed7517c70cd4e3ac56fd0b12cdc9a22d8b4c,canonical_pnl_v1,polymarket_logreg_eval_v1,PLATT,COMBINED,FAVORITE_ONLY,100.0,1724,0.6154292343387471,-49.96038116576426,-2.8979339423297135,73.87632443897009,0.2246158509124292,0.01847203654016615,0.6416271668759598
838,14,98,VALID_FOR_REPLAY,02c9ed7517c70cd4e3ac56fd0b12cdc9a22d8b4c,canonical_pnl_v1,polymarket_logreg_eval_v1,PLATT,COMBINED,OUTSIDER_ONLY,100.0,442,0.2873303167420814,-0.5770170084519606,-0.1305468344913938,34.82821102269378,0.2246158509124292,0.01847203654016615,0.6416271668759598
838,14,98,VALID_FOR_REPLAY,02c9ed7517c70cd4e3ac56fd0b12cdc9a22d8b4c,canonical_pnl_v1,polymarket_logreg_eval_v1,PLATT,T1,COMBINED,100.0,730,0.5657534246575342,-23.226380347283467,-3.1816959379840366,40.80956214811792,0.22435898330886425,0.02071600358328627,0.6411777940398263
838,14,98,VALID_FOR_REPLAY,02c9ed7517c70cd4e3ac56fd0b12cdc9a22d8b4c,canonical_pnl_v1,polymarket_logreg_eval_v1,PLATT,T1,FAVORITE_ONLY,100.0,618,0.6213592233009708,-12.606174040180592,-2.039833987084238,27.408544163755895,0.22435898330886425,0.02071600358328627,0.6411777940398263
838,14,98,VALID_FOR_REPLAY,02c9ed7517c70cd4e3ac56fd0b12cdc9a22d8b4c,canonical_pnl_v1,polymarket_logreg_eval_v1,PLATT,T1,OUTSIDER_ONLY,100.0,112,0.25892857142857145,-10.620206307102862,-9.482327059913269,26.602678062678063,0.22435898330886425,0.02071600358328627,0.6411777940398263
838,14,98,VALID_FOR_REPLAY,02c9ed7517c70cd4e3ac56fd0b12cdc9a22d8b4c,canonical_pnl_v1,polymarket_logreg_eval_v1,PLATT,T2,COMBINED,100.0,739,0.530446549391069,-37.26498561773509,-5.042623222968213,53.72154924752409,0.227563017678294,0.026266387922872725,0.6477356896219905
838,14,98,VALID_FOR_REPLAY,02c9ed7517c70cd4e3ac56fd0b12cdc9a22d8b4c,canonical_pnl_v1,polymarket_logreg_eval_v1,PLATT,T2,FAVORITE_ONLY,100.0,586,0.5938566552901023,-36.93001044747627,-6.302049564415746,50.483454835217216,0.227563017678294,0.026266387922872725,0.6477356896219905
838,14,98,VALID_FOR_REPLAY,02c9ed7517c70cd4e3ac56fd0b12cdc9a22d8b4c,canonical_pnl_v1,polymarket_logreg_eval_v1,PLATT,T2,OUTSIDER_ONLY,100.0,153,0.2875816993464052,-0.3349751702588284,-0.218938019777012,16.26181271371483,0.227563017678294,0.026266387922872725,0.6477356896219905
838,14,98,VALID_FOR_REPLAY,02c9ed7517c70cd4e3ac56fd0b12cdc9a22d8b4c,canonical_pnl_v1,polymarket_logreg_eval_v1,PLATT,T3,COMBINED,100.0,697,0.5494978479196556,9.953967790802338,1.4281158953805364,20.607716077314084,0.22192535091541182,0.0166028281394772,0.6359676656190443
838,14,98,VALID_FOR_REPLAY,02c9ed7517c70cd4e3ac56fd0b12cdc9a22d8b4c,canonical_pnl_v1,polymarket_logreg_eval_v1,PLATT,T3,FAVORITE_ONLY,100.0,520,0.6326923076923077,-0.42419667810738915,-0.081576284251421,18.078018629439086,0.22192535091541182,0.0166028281394772,0.6359676656190443
838,14,98,VALID_FOR_REPLAY,02c9ed7517c70cd4e3ac56fd0b12cdc9a22d8b4c,canonical_pnl_v1,polymarket_logreg_eval_v1,PLATT,T3,OUTSIDER_ONLY,100.0,177,0.3050847457627119,10.37816446890973,5.8633697564461755,15.35471264367816,0.22192535091541182,0.0166028281394772,0.6359676656190443
839,15,99,VALID_FOR_REPLAY,02c9ed7517c70cd4e3ac56fd0b12cdc9a22d8b4c,canonical_pnl_v1,polymarket_logreg_eval_v1,RAW,COMBINED,COMBINED,100.0,2166,0.5484764542936288,-50.537398174216214,-2.333213212106012,90.42466572335883,0.2246158509124292,0.01847203654016615,0.6416271668759598
839,15,99,VALID_FOR_REPLAY,02c9ed7517c70cd4e3ac56fd0b12cdc9a22d8b4c,canonical_pnl_v1,polymarket_logreg_eval_v1,RAW,COMBINED,FAVORITE_ONLY,100.0,1724,0.6154292343387471,-49.96038116576426,-2.8979339423297135,73.87632443897009,0.2246158509124292,0.01847203654016615,0.6416271668759598
839,15,99,VALID_FOR_REPLAY,02c9ed7517c70cd4e3ac56fd0b12cdc9a22d8b4c,canonical_pnl_v1,polymarket_logreg_eval_v1,RAW,COMBINED,OUTSIDER_ONLY,100.0,442,0.2873303167420814,-0.5770170084519606,-0.1305468344913938,34.82821102269378,0.2246158509124292,0.01847203654016615,0.6416271668759598
839,15,99,VALID_FOR_REPLAY,02c9ed7517c70cd4e3ac56fd0b12cdc9a22d8b4c,canonical_pnl_v1,polymarket_logreg_eval_v1,RAW,T1,COMBINED,100.0,730,0.5657534246575342,-23.226380347283467,-3.1816959379840366,40.80956214811792,0.22435898330886425,0.02071600358328627,0.6411777940398263
839,15,99,VALID_FOR_REPLAY,02c9ed7517c70cd4e3ac56fd0b12cdc9a22d8b4c,canonical_pnl_v1,polymarket_logreg_eval_v1,RAW,T1,FAVORITE_ONLY,100.0,618,0.6213592233009708,-12.606174040180592,-2.039833987084238,27.408544163755895,0.22435898330886425,0.02071600358328627,0.6411777940398263
839,15,99,VALID_FOR_REPLAY,02c9ed7517c70cd4e3ac56fd0b12cdc9a22d8b4c,canonical_pnl_v1,polymarket_logreg_eval_v1,RAW,T1,OUTSIDER_ONLY,100.0,112,0.25892857142857145,-10.620206307102862,-9.482327059913269,26.602678062678063,0.22435898330886425,0.02071600358328627,0.6411777940398263
839,15,99,VALID_FOR_REPLAY,02c9ed7517c70cd4e3ac56fd0b12cdc9a22d8b4c,canonical_pnl_v1,polymarket_logreg_eval_v1,RAW,T2,COMBINED,100.0,739,0.530446549391069,-37.26498561773509,-5.042623222968213,53.72154924752409,0.227563017678294,0.026266387922872725,0.6477356896219905
839,15,99,VALID_FOR_REPLAY,02c9ed7517c70cd4e3ac56fd0b12cdc9a22d8b4c,canonical_pnl_v1,polymarket_logreg_eval_v1,RAW,T2,FAVORITE_ONLY,100.0,586,0.5938566552901023,-36.93001044747627,-6.302049564415746,50.483454835217216,0.227563017678294,0.026266387922872725,0.6477356896219905
839,15,99,VALID_FOR_REPLAY,02c9ed7517c70cd4e3ac56fd0b12cdc9a22d8b4c,canonical_pnl_v1,polymarket_logreg_eval_v1,RAW,T2,OUTSIDER_ONLY,100.0,153,0.2875816993464052,-0.3349751702588284,-0.218938019777012,16.26181271371483,0.227563017678294,0.026266387922872725,0.6477356896219905
839,15,99,VALID_FOR_REPLAY,02c9ed7517c70cd4e3ac56fd0b12cdc9a22d8b4c,canonical_pnl_v1,polymarket_logreg_eval_v1,RAW,T3,COMBINED,100.0,697,0.5494978479196556,9.953967790802338,1.4281158953805364,20.607716077314084,0.22192535091541182,0.0166028281394772,0.6359676656190443
839,15,99,VALID_FOR_REPLAY,02c9ed7517c70cd4e3ac56fd0b12cdc9a22d8b4c,canonical_pnl_v1,polymarket_logreg_eval_v1,RAW,T3,FAVORITE_ONLY,100.0,520,0.6326923076923077,-0.42419667810738915,-0.081576284251421,18.078018629439086,0.22192535091541182,0.0166028281394772,0.6359676656190443
839,15,99,VALID_FOR_REPLAY,02c9ed7517c70cd4e3ac56fd0b12cdc9a22d8b4c,canonical_pnl_v1,polymarket_logreg_eval_v1,RAW,T3,OUTSIDER_ONLY,100.0,177,0.3050847457627119,10.37816446890973,5.8633697564461755,15.35471264367816,0.22192535091541182,0.0166028281394772,0.6359676656190443
839,15,99,VALID_FOR_REPLAY,02c9ed7517c70cd4e3ac56fd0b12cdc9a22d8b4c,canonical_pnl_v1,polymarket_logreg_eval_v1,PLATT,COMBINED,COMBINED,100.0,2166,0.5484764542936288,-50.537398174216214,-2.333213212106012,90.42466572335883,0.2246158509124292,0.01847203654016615,0.6416271668759598
839,15,99,VALID_FOR_REPLAY,02c9ed7517c70cd4e3ac56fd0b12cdc9a22d8b4c,canonical_pnl_v1,polymarket_logreg_eval_v1,PLATT,COMBINED,FAVORITE_ONLY,100.0,1724,0.6154292343387471,-49.96038116576426,-2.8979339423297135,73.87632443897009,0.2246158509124292,0.01847203654016615,0.6416271668759598
839,15,99,VALID_FOR_REPLAY,02c9ed7517c70cd4e3ac56fd0b12cdc9a22d8b4c,canonical_pnl_v1,polymarket_logreg_eval_v1,PLATT,COMBINED,OUTSIDER_ONLY,100.0,442,0.2873303167420814,-0.5770170084519606,-0.1305468344913938,34.82821102269378,0.2246158509124292,0.01847203654016615,0.6416271668759598
839,15,99,VALID_FOR_REPLAY,02c9ed7517c70cd4e3ac56fd0b12cdc9a22d8b4c,canonical_pnl_v1,polymarket_logreg_eval_v1,PLATT,T1,COMBINED,100.0,730,0.5657534246575342,-23.226380347283467,-3.1816959379840366,40.80956214811792,0.22435898330886425,0.02071600358328627,0.6411777940398263
839,15,99,VALID_FOR_REPLAY,02c9ed7517c70cd4e3ac56fd0b12cdc9a22d8b4c,canonical_pnl_v1,polymarket_logreg_eval_v1,PLATT,T1,FAVORITE_ONLY,100.0,618,0.6213592233009708,-12.606174040180592,-2.039833987084238,27.408544163755895,0.22435898330886425,0.02071600358328627,0.6411777940398263
839,15,99,VALID_FOR_REPLAY,02c9ed7517c70cd4e3ac56fd0b12cdc9a22d8b4c,canonical_pnl_v1,polymarket_logreg_eval_v1,PLATT,T1,OUTSIDER_ONLY,100.0,112,0.25892857142857145,-10.620206307102862,-9.482327059913269,26.602678062678063,0.22435898330886425,0.02071600358328627,0.6411777940398263
839,15,99,VALID_FOR_REPLAY,02c9ed7517c70cd4e3ac56fd0b12cdc9a22d8b4c,canonical_pnl_v1,polymarket_logreg_eval_v1,PLATT,T2,COMBINED,100.0,739,0.530446549391069,-37.26498561773509,-5.042623222968213,53.72154924752409,0.227563017678294,0.026266387922872725,0.6477356896219905
839,15,99,VALID_FOR_REPLAY,02c9ed7517c70cd4e3ac56fd0b12cdc9a22d8b4c,canonical_pnl_v1,polymarket_logreg_eval_v1,PLATT,T2,FAVORITE_ONLY,100.0,586,0.5938566552901023,-36.93001044747627,-6.302049564415746,50.483454835217216,0.227563017678294,0.026266387922872725,0.6477356896219905
839,15,99,VALID_FOR_REPLAY,02c9ed7517c70cd4e3ac56fd0b12cdc9a22d8b4c,canonical_pnl_v1,polymarket_logreg_eval_v1,PLATT,T2,OUTSIDER_ONLY,100.0,153,0.2875816993464052,-0.3349751702588284,-0.218938019777012,16.26181271371483,0.227563017678294,0.026266387922872725,0.6477356896219905
839,15,99,VALID_FOR_REPLAY,02c9ed7517c70cd4e3ac56fd0b12cdc9a22d8b4c,canonical_pnl_v1,polymarket_logreg_eval_v1,PLATT,T3,COMBINED,100.0,697,0.5494978479196556,9.953967790802338,1.4281158953805364,20.607716077314084,0.22192535091541182,0.0166028281394772,0.6359676656190443
839,15,99,VALID_FOR_REPLAY,02c9ed7517c70cd4e3ac56fd0b12cdc9a22d8b4c,canonical_pnl_v1,polymarket_logreg_eval_v1,PLATT,T3,FAVORITE_ONLY,100.0,520,0.6326923076923077,-0.42419667810738915,-0.081576284251421,18.078018629439086,0.22192535091541182,0.0166028281394772,0.6359676656190443
839,15,99,VALID_FOR_REPLAY,02c9ed7517c70cd4e3ac56fd0b12cdc9a22d8b4c,canonical_pnl_v1,polymarket_logreg_eval_v1,PLATT,T3,OUTSIDER_ONLY,100.0,177,0.3050847457627119,10.37816446890973,5.8633697564461755,15.35471264367816,0.22192535091541182,0.0166028281394772,0.6359676656190443
840,16,100,VALID_FOR_REPLAY,02c9ed7517c70cd4e3ac56fd0b12cdc9a22d8b4c,canonical_pnl_v1,polymarket_logreg_eval_v1,RAW,COMBINED,COMBINED,100.0,2164,0.5429759704251387,-66.93443393739581,-3.0930884444267934,100.11439762760158,0.22459010343085586,0.01777157816484564,0.6415646318606673
840,16,100,VALID_FOR_REPLAY,02c9ed7517c70cd4e3ac56fd0b12cdc9a22d8b4c,canonical_pnl_v1,polymarket_logreg_eval_v1,RAW,COMBINED,FAVORITE_ONLY,100.0,1700,0.6164705882352941,-45.11083688115413,-2.65357864006789,64.22241146749137,0.22459010343085586,0.01777157816484564,0.6415646318606673
840,16,100,VALID_FOR_REPLAY,02c9ed7517c70cd4e3ac56fd0b12cdc9a22d8b4c,canonical_pnl_v1,polymarket_logreg_eval_v1,RAW,COMBINED,OUTSIDER_ONLY,100.0,464,0.27370689655172414,-21.823597056241685,-4.703361434534846,46.179622562581436,0.22459010343085586,0.01777157816484564,0.6415646318606673
840,16,100,VALID_FOR_REPLAY,02c9ed7517c70cd4e3ac56fd0b12cdc9a22d8b4c,canonical_pnl_v1,polymarket_logreg_eval_v1,RAW,T1,COMBINED,100.0,751,0.5699067909454061,-29.360965272835145,-3.9095825929207915,45.741363416752684,0.22451340587375554,0.023334256608808886,0.6415216288759824
840,16,100,VALID_FOR_REPLAY,02c9ed7517c70cd4e3ac56fd0b12cdc9a22d8b4c,canonical_pnl_v1,polymarket_logreg_eval_v1,RAW,T1,FAVORITE_ONLY,100.0,646,0.6253869969040248,-9.540758965732287,-1.4768976727139762,25.764872773967745,0.22451340587375554,0.023334256608808886,0.6415216288759824
840,16,100,VALID_FOR_REPLAY,02c9ed7517c70cd4e3ac56fd0b12cdc9a22d8b4c,canonical_pnl_v1,polymarket_logreg_eval_v1,RAW,T1,OUTSIDER_ONLY,100.0,105,0.22857142857142856,-19.82020630710286,-18.876386959145584,27.19556734453286,0.22451340587375554,0.023334256608808886,0.6415216288759824
840,16,100,VALID_FOR_REPLAY,02c9ed7517c70cd4e3ac56fd0b12cdc9a22d8b4c,canonical_pnl_v1,polymarket_logreg_eval_v1,RAW,T2,COMBINED,100.0,723,0.5159059474412172,-44.22306776849432,-6.1166068836091725,58.36498551976824,0.22733143316230825,0.023957500946036245,0.6472046916981884
840,16,100,VALID_FOR_REPLAY,02c9ed7517c70cd4e3ac56fd0b12cdc9a22d8b4c,canonical_pnl_v1,polymarket_logreg_eval_v1,RAW,T2,FAVORITE_ONLY,100.0,547,0.5959780621572212,-31.239012550445757,-5.710971215803612,45.73707232280211,0.22733143316230825,0.023957500946036245,0.6472046916981884
840,16,100,VALID_FOR_REPLAY,02c9ed7517c70cd4e3ac56fd0b12cdc9a22d8b4c,canonical_pnl_v1,polymarket_logreg_eval_v1,RAW,T2,OUTSIDER_ONLY,100.0,176,0.26704545454545453,-12.984055218048553,-7.377304101163951,24.67364326934961,0.22733143316230825,0.023957500946036245,0.6472046916981884
840,16,100,VALID_FOR_REPLAY,02c9ed7517c70cd4e3ac56fd0b12cdc9a22d8b4c,canonical_pnl_v1,polymarket_logreg_eval_v1,RAW,T3,COMBINED,100.0,690,0.5420289855072464,6.649599103933646,0.9637100150628473,19.858505703327246,0.22192541128968826,0.016879790028470638,0.6359675413854817
840,16,100,VALID_FOR_REPLAY,02c9ed7517c70cd4e3ac56fd0b12cdc9a22d8b4c,canonical_pnl_v1,polymarket_logreg_eval_v1,RAW,T3,FAVORITE_ONLY,100.0,507,0.6272189349112426,-4.33106536497608,-0.8542535236639213,16.078018629439086,0.22192541128968826,0.016879790028470638,0.6359675413854817
840,16,100,VALID_FOR_REPLAY,02c9ed7517c70cd4e3ac56fd0b12cdc9a22d8b4c,canonical_pnl_v1,polymarket_logreg_eval_v1,RAW,T3,OUTSIDER_ONLY,100.0,183,0.30601092896174864,10.98066446890973,6.00036309776488,16.354712643678162,0.22192541128968826,0.016879790028470638,0.6359675413854817
840,16,100,VALID_FOR_REPLAY,02c9ed7517c70cd4e3ac56fd0b12cdc9a22d8b4c,canonical_pnl_v1,polymarket_logreg_eval_v1,PLATT,COMBINED,COMBINED,100.0,2164,0.5429759704251387,-66.93443393739581,-3.0930884444267934,100.11439762760158,0.22459010343085586,0.01777157816484564,0.6415646318606673
840,16,100,VALID_FOR_REPLAY,02c9ed7517c70cd4e3ac56fd0b12cdc9a22d8b4c,canonical_pnl_v1,polymarket_logreg_eval_v1,PLATT,COMBINED,FAVORITE_ONLY,100.0,1700,0.6164705882352941,-45.11083688115413,-2.65357864006789,64.22241146749137,0.22459010343085586,0.01777157816484564,0.6415646318606673
840,16,100,VALID_FOR_REPLAY,02c9ed7517c70cd4e3ac56fd0b12cdc9a22d8b4c,canonical_pnl_v1,polymarket_logreg_eval_v1,PLATT,COMBINED,OUTSIDER_ONLY,100.0,464,0.27370689655172414,-21.823597056241685,-4.703361434534846,46.179622562581436,0.22459010343085586,0.01777157816484564,0.6415646318606673
840,16,100,VALID_FOR_REPLAY,02c9ed7517c70cd4e3ac56fd0b12cdc9a22d8b4c,canonical_pnl_v1,polymarket_logreg_eval_v1,PLATT,T1,COMBINED,100.0,751,0.5699067909454061,-29.360965272835145,-3.9095825929207915,45.741363416752684,0.22451340587375554,0.023334256608808886,0.6415216288759824
840,16,100,VALID_FOR_REPLAY,02c9ed7517c70cd4e3ac56fd0b12cdc9a22d8b4c,canonical_pnl_v1,polymarket_logreg_eval_v1,PLATT,T1,FAVORITE_ONLY,100.0,646,0.6253869969040248,-9.540758965732287,-1.4768976727139762,25.764872773967745,0.22451340587375554,0.023334256608808886,0.6415216288759824
840,16,100,VALID_FOR_REPLAY,02c9ed7517c70cd4e3ac56fd0b12cdc9a22d8b4c,canonical_pnl_v1,polymarket_logreg_eval_v1,PLATT,T1,OUTSIDER_ONLY,100.0,105,0.22857142857142856,-19.82020630710286,-18.876386959145584,27.19556734453286,0.22451340587375554,0.023334256608808886,0.6415216288759824
840,16,100,VALID_FOR_REPLAY,02c9ed7517c70cd4e3ac56fd0b12cdc9a22d8b4c,canonical_pnl_v1,polymarket_logreg_eval_v1,PLATT,T2,COMBINED,100.0,723,0.5159059474412172,-44.22306776849432,-6.1166068836091725,58.36498551976824,0.22733143316230825,0.023957500946036245,0.6472046916981884
840,16,100,VALID_FOR_REPLAY,02c9ed7517c70cd4e3ac56fd0b12cdc9a22d8b4c,canonical_pnl_v1,polymarket_logreg_eval_v1,PLATT,T2,FAVORITE_ONLY,100.0,547,0.5959780621572212,-31.239012550445757,-5.710971215803612,45.73707232280211,0.22733143316230825,0.023957500946036245,0.6472046916981884
840,16,100,VALID_FOR_REPLAY,02c9ed7517c70cd4e3ac56fd0b12cdc9a22d8b4c,canonical_pnl_v1,polymarket_logreg_eval_v1,PLATT,T2,OUTSIDER_ONLY,100.0,176,0.26704545454545453,-12.984055218048553,-7.377304101163951,24.67364326934961,0.22733143316230825,0.023957500946036245,0.6472046916981884
840,16,100,VALID_FOR_REPLAY,02c9ed7517c70cd4e3ac56fd0b12cdc9a22d8b4c,canonical_pnl_v1,polymarket_logreg_eval_v1,PLATT,T3,COMBINED,100.0,690,0.5420289855072464,6.649599103933646,0.9637100150628473,19.858505703327246,0.22192541128968826,0.016879790028470638,0.6359675413854817
840,16,100,VALID_FOR_REPLAY,02c9ed7517c70cd4e3ac56fd0b12cdc9a22d8b4c,canonical_pnl_v1,polymarket_logreg_eval_v1,PLATT,T3,FAVORITE_ONLY,100.0,507,0.6272189349112426,-4.33106536497608,-0.8542535236639213,16.078018629439086,0.22192541128968826,0.016879790028470638,0.6359675413854817
840,16,100,VALID_FOR_REPLAY,02c9ed7517c70cd4e3ac56fd0b12cdc9a22d8b4c,canonical_pnl_v1,polymarket_logreg_eval_v1,PLATT,T3,OUTSIDER_ONLY,100.0,183,0.30601092896174864,10.98066446890973,6.00036309776488,16.354712643678162,0.22192541128968826,0.016879790028470638,0.6359675413854817
841,5,101,VALID_FOR_REPLAY,02c9ed7517c70cd4e3ac56fd0b12cdc9a22d8b4c,canonical_pnl_v1,polymarket_logreg_eval_v1,RAW,COMBINED,COMBINED,100.0,1085,0.48110599078341015,-38.9389073914815,-3.588839390919954,52.25507816691761,0.24751702560479327,0.007157508973934842,0.6881740312823795
841,5,101,VALID_FOR_REPLAY,02c9ed7517c70cd4e3ac56fd0b12cdc9a22d8b4c,canonical_pnl_v1,polymarket_logreg_eval_v1,RAW,COMBINED,FAVORITE_ONLY,100.0,640,0.5078125,-19.679444491875138,-3.07491320185549,45.946850507982624,0.24751702560479327,0.007157508973934842,0.6881740312823795
841,5,101,VALID_FOR_REPLAY,02c9ed7517c70cd4e3ac56fd0b12cdc9a22d8b4c,canonical_pnl_v1,polymarket_logreg_eval_v1,RAW,COMBINED,OUTSIDER_ONLY,100.0,230,0.41739130434782606,-0.21008130081298937,-0.09133969600564755,25.7149593495935,0.24751702560479327,0.007157508973934842,0.6881740312823795
841,5,101,VALID_FOR_REPLAY,02c9ed7517c70cd4e3ac56fd0b12cdc9a22d8b4c,canonical_pnl_v1,polymarket_logreg_eval_v1,RAW,T1,COMBINED,100.0,381,0.49343832020997375,-12.403310656840883,-3.2554621146563996,26.641677241394646,0.2458169117615858,0.0067234307680846764,0.6847619419088291
841,5,101,VALID_FOR_REPLAY,02c9ed7517c70cd4e3ac56fd0b12cdc9a22d8b4c,canonical_pnl_v1,polymarket_logreg_eval_v1,RAW,T1,FAVORITE_ONLY,100.0,242,0.5495867768595041,10.815325991064054,4.469142971514072,10.891230256979426,0.2458169117615858,0.0067234307680846764,0.6847619419088291
841,5,101,VALID_FOR_REPLAY,02c9ed7517c70cd4e3ac56fd0b12cdc9a22d8b4c,canonical_pnl_v1,polymarket_logreg_eval_v1,RAW,T1,OUTSIDER_ONLY,100.0,65,0.3076923076923077,-17.136585365853655,-26.363977485928704,25.7149593495935,0.2458169117615858,0.0067234307680846764,0.6847619419088291
841,5,101,VALID_FOR_REPLAY,02c9ed7517c70cd4e3ac56fd0b12cdc9a22d8b4c,canonical_pnl_v1,polymarket_logreg_eval_v1,RAW,T2,COMBINED,100.0,372,0.478494623655914,-7.3731706345322685,-1.9820351168097499,28.428219010355388,0.24774332000699253,0.009184239390949051,0.6886253880234982
841,5,101,VALID_FOR_REPLAY,02c9ed7517c70cd4e3ac56fd0b12cdc9a22d8b4c,canonical_pnl_v1,polymarket_logreg_eval_v1,RAW,T2,FAVORITE_ONLY,100.0,208,0.46634615384615385,-22.322898773442617,-10.732162871847411,27.31062124704745,0.24774332000699253,0.009184239390949051,0.6886253880234982
841,5,101,VALID_FOR_REPLAY,02c9ed7517c70cd4e3ac56fd0b12cdc9a22d8b4c,canonical_pnl_v1,polymarket_logreg_eval_v1,RAW,T2,OUTSIDER_ONLY,100.0,96,0.5,18.9518699186992,19.741531165311667,7.359024390243903,0.24774332000699253,0.009184239390949051,0.6886253880234982
841,5,101,VALID_FOR_REPLAY,02c9ed7517c70cd4e3ac56fd0b12cdc9a22d8b4c,canonical_pnl_v1,polymarket_logreg_eval_v1,RAW,T3,COMBINED,100.0,332,0.46987951807228917,-19.162426100108352,-5.771815090394082,37.27705845565244,0.24898955899044287,0.01900137431174559,0.6911321803784825
841,5,101,VALID_FOR_REPLAY,02c9ed7517c70cd4e3ac56fd0b12cdc9a22d8b4c,canonical_pnl_v1,polymarket_logreg_eval_v1,RAW,T3,FAVORITE_ONLY,100.0,190,0.5,-8.171871709496576,-4.300985110261355,20.70105580693816,0.24898955899044287,0.01900137431174559,0.6911321803784825
841,5,101,VALID_FOR_REPLAY,02c9ed7517c70cd4e3ac56fd0b12cdc9a22d8b4c,canonical_pnl_v1,polymarket_logreg_eval_v1,RAW,T3,OUTSIDER_ONLY,100.0,69,0.4057971014492754,-2.0253658536585295,-2.935312831389173,15.36471544715447,0.24898955899044287,0.01900137431174559,0.6911321803784825
841,5,101,VALID_FOR_REPLAY,02c9ed7517c70cd4e3ac56fd0b12cdc9a22d8b4c,canonical_pnl_v1,polymarket_logreg_eval_v1,PLATT,COMBINED,COMBINED,100.0,1085,0.48110599078341015,-38.9389073914815,-3.588839390919954,52.25507816691761,0.24751702560479327,0.007157508973934842,0.6881740312823795
841,5,101,VALID_FOR_REPLAY,02c9ed7517c70cd4e3ac56fd0b12cdc9a22d8b4c,canonical_pnl_v1,polymarket_logreg_eval_v1,PLATT,COMBINED,FAVORITE_ONLY,100.0,640,0.5078125,-19.679444491875138,-3.07491320185549,45.946850507982624,0.24751702560479327,0.007157508973934842,0.6881740312823795
841,5,101,VALID_FOR_REPLAY,02c9ed7517c70cd4e3ac56fd0b12cdc9a22d8b4c,canonical_pnl_v1,polymarket_logreg_eval_v1,PLATT,COMBINED,OUTSIDER_ONLY,100.0,230,0.41739130434782606,-0.21008130081298937,-0.09133969600564755,25.7149593495935,0.24751702560479327,0.007157508973934842,0.6881740312823795
841,5,101,VALID_FOR_REPLAY,02c9ed7517c70cd4e3ac56fd0b12cdc9a22d8b4c,canonical_pnl_v1,polymarket_logreg_eval_v1,PLATT,T1,COMBINED,100.0,381,0.49343832020997375,-12.403310656840883,-3.2554621146563996,26.641677241394646,0.2458169117615858,0.0067234307680846764,0.6847619419088291
841,5,101,VALID_FOR_REPLAY,02c9ed7517c70cd4e3ac56fd0b12cdc9a22d8b4c,canonical_pnl_v1,polymarket_logreg_eval_v1,PLATT,T1,FAVORITE_ONLY,100.0,242,0.5495867768595041,10.815325991064054,4.469142971514072,10.891230256979426,0.2458169117615858,0.0067234307680846764,0.6847619419088291
841,5,101,VALID_FOR_REPLAY,02c9ed7517c70cd4e3ac56fd0b12cdc9a22d8b4c,canonical_pnl_v1,polymarket_logreg_eval_v1,PLATT,T1,OUTSIDER_ONLY,100.0,65,0.3076923076923077,-17.136585365853655,-26.363977485928704,25.7149593495935,0.2458169117615858,0.0067234307680846764,0.6847619419088291
841,5,101,VALID_FOR_REPLAY,02c9ed7517c70cd4e3ac56fd0b12cdc9a22d8b4c,canonical_pnl_v1,polymarket_logreg_eval_v1,PLATT,T2,COMBINED,100.0,372,0.478494623655914,-7.3731706345322685,-1.9820351168097499,28.428219010355388,0.24774332000699253,0.009184239390949051,0.6886253880234982
841,5,101,VALID_FOR_REPLAY,02c9ed7517c70cd4e3ac56fd0b12cdc9a22d8b4c,canonical_pnl_v1,polymarket_logreg_eval_v1,PLATT,T2,FAVORITE_ONLY,100.0,208,0.46634615384615385,-22.322898773442617,-10.732162871847411,27.31062124704745,0.24774332000699253,0.009184239390949051,0.6886253880234982
841,5,101,VALID_FOR_REPLAY,02c9ed7517c70cd4e3ac56fd0b12cdc9a22d8b4c,canonical_pnl_v1,polymarket_logreg_eval_v1,PLATT,T2,OUTSIDER_ONLY,100.0,96,0.5,18.9518699186992,19.741531165311667,7.359024390243903,0.24774332000699253,0.009184239390949051,0.6886253880234982
841,5,101,VALID_FOR_REPLAY,02c9ed7517c70cd4e3ac56fd0b12cdc9a22d8b4c,canonical_pnl_v1,polymarket_logreg_eval_v1,PLATT,T3,COMBINED,100.0,332,0.46987951807228917,-19.162426100108352,-5.771815090394082,37.27705845565244,0.24898955899044287,0.01900137431174559,0.6911321803784825
841,5,101,VALID_FOR_REPLAY,02c9ed7517c70cd4e3ac56fd0b12cdc9a22d8b4c,canonical_pnl_v1,polymarket_logreg_eval_v1,PLATT,T3,FAVORITE_ONLY,100.0,190,0.5,-8.171871709496576,-4.300985110261355,20.70105580693816,0.24898955899044287,0.01900137431174559,0.6911321803784825
841,5,101,VALID_FOR_REPLAY,02c9ed7517c70cd4e3ac56fd0b12cdc9a22d8b4c,canonical_pnl_v1,polymarket_logreg_eval_v1,PLATT,T3,OUTSIDER_ONLY,100.0,69,0.4057971014492754,-2.0253658536585295,-2.935312831389173,15.36471544715447,0.24898955899044287,0.01900137431174559,0.6911321803784825
842,6,102,VALID_FOR_REPLAY,02c9ed7517c70cd4e3ac56fd0b12cdc9a22d8b4c,canonical_pnl_v1,polymarket_logreg_eval_v1,RAW,COMBINED,COMBINED,100.0,1085,0.48110599078341015,-38.9389073914815,-3.588839390919954,52.25507816691761,0.24751702560479327,0.007157508973934842,0.6881740312823795
842,6,102,VALID_FOR_REPLAY,02c9ed7517c70cd4e3ac56fd0b12cdc9a22d8b4c,canonical_pnl_v1,polymarket_logreg_eval_v1,RAW,COMBINED,FAVORITE_ONLY,100.0,640,0.5078125,-19.679444491875138,-3.07491320185549,45.946850507982624,0.24751702560479327,0.007157508973934842,0.6881740312823795
842,6,102,VALID_FOR_REPLAY,02c9ed7517c70cd4e3ac56fd0b12cdc9a22d8b4c,canonical_pnl_v1,polymarket_logreg_eval_v1,RAW,COMBINED,OUTSIDER_ONLY,100.0,230,0.41739130434782606,-0.21008130081298937,-0.09133969600564755,25.7149593495935,0.24751702560479327,0.007157508973934842,0.6881740312823795
842,6,102,VALID_FOR_REPLAY,02c9ed7517c70cd4e3ac56fd0b12cdc9a22d8b4c,canonical_pnl_v1,polymarket_logreg_eval_v1,RAW,T1,COMBINED,100.0,381,0.49343832020997375,-12.403310656840883,-3.2554621146563996,26.641677241394646,0.2458169117615858,0.0067234307680846764,0.6847619419088291
842,6,102,VALID_FOR_REPLAY,02c9ed7517c70cd4e3ac56fd0b12cdc9a22d8b4c,canonical_pnl_v1,polymarket_logreg_eval_v1,RAW,T1,FAVORITE_ONLY,100.0,242,0.5495867768595041,10.815325991064054,4.469142971514072,10.891230256979426,0.2458169117615858,0.0067234307680846764,0.6847619419088291
842,6,102,VALID_FOR_REPLAY,02c9ed7517c70cd4e3ac56fd0b12cdc9a22d8b4c,canonical_pnl_v1,polymarket_logreg_eval_v1,RAW,T1,OUTSIDER_ONLY,100.0,65,0.3076923076923077,-17.136585365853655,-26.363977485928704,25.7149593495935,0.2458169117615858,0.0067234307680846764,0.6847619419088291
842,6,102,VALID_FOR_REPLAY,02c9ed7517c70cd4e3ac56fd0b12cdc9a22d8b4c,canonical_pnl_v1,polymarket_logreg_eval_v1,RAW,T2,COMBINED,100.0,372,0.478494623655914,-7.3731706345322685,-1.9820351168097499,28.428219010355388,0.24774332000699253,0.009184239390949051,0.6886253880234982
842,6,102,VALID_FOR_REPLAY,02c9ed7517c70cd4e3ac56fd0b12cdc9a22d8b4c,canonical_pnl_v1,polymarket_logreg_eval_v1,RAW,T2,FAVORITE_ONLY,100.0,208,0.46634615384615385,-22.322898773442617,-10.732162871847411,27.31062124704745,0.24774332000699253,0.009184239390949051,0.6886253880234982
842,6,102,VALID_FOR_REPLAY,02c9ed7517c70cd4e3ac56fd0b12cdc9a22d8b4c,canonical_pnl_v1,polymarket_logreg_eval_v1,RAW,T2,OUTSIDER_ONLY,100.0,96,0.5,18.9518699186992,19.741531165311667,7.359024390243903,0.24774332000699253,0.009184239390949051,0.6886253880234982
842,6,102,VALID_FOR_REPLAY,02c9ed7517c70cd4e3ac56fd0b12cdc9a22d8b4c,canonical_pnl_v1,polymarket_logreg_eval_v1,RAW,T3,COMBINED,100.0,332,0.46987951807228917,-19.162426100108352,-5.771815090394082,37.27705845565244,0.24898955899044287,0.01900137431174559,0.6911321803784825
842,6,102,VALID_FOR_REPLAY,02c9ed7517c70cd4e3ac56fd0b12cdc9a22d8b4c,canonical_pnl_v1,polymarket_logreg_eval_v1,RAW,T3,FAVORITE_ONLY,100.0,190,0.5,-8.171871709496576,-4.300985110261355,20.70105580693816,0.24898955899044287,0.01900137431174559,0.6911321803784825
842,6,102,VALID_FOR_REPLAY,02c9ed7517c70cd4e3ac56fd0b12cdc9a22d8b4c,canonical_pnl_v1,polymarket_logreg_eval_v1,RAW,T3,OUTSIDER_ONLY,100.0,69,0.4057971014492754,-2.0253658536585295,-2.935312831389173,15.36471544715447,0.24898955899044287,0.01900137431174559,0.6911321803784825
842,6,102,VALID_FOR_REPLAY,02c9ed7517c70cd4e3ac56fd0b12cdc9a22d8b4c,canonical_pnl_v1,polymarket_logreg_eval_v1,PLATT,COMBINED,COMBINED,100.0,1085,0.48110599078341015,-38.9389073914815,-3.588839390919954,52.25507816691761,0.24751702560479327,0.007157508973934842,0.6881740312823795
842,6,102,VALID_FOR_REPLAY,02c9ed7517c70cd4e3ac56fd0b12cdc9a22d8b4c,canonical_pnl_v1,polymarket_logreg_eval_v1,PLATT,COMBINED,FAVORITE_ONLY,100.0,640,0.5078125,-19.679444491875138,-3.07491320185549,45.946850507982624,0.24751702560479327,0.007157508973934842,0.6881740312823795
842,6,102,VALID_FOR_REPLAY,02c9ed7517c70cd4e3ac56fd0b12cdc9a22d8b4c,canonical_pnl_v1,polymarket_logreg_eval_v1,PLATT,COMBINED,OUTSIDER_ONLY,100.0,230,0.41739130434782606,-0.21008130081298937,-0.09133969600564755,25.7149593495935,0.24751702560479327,0.007157508973934842,0.6881740312823795
842,6,102,VALID_FOR_REPLAY,02c9ed7517c70cd4e3ac56fd0b12cdc9a22d8b4c,canonical_pnl_v1,polymarket_logreg_eval_v1,PLATT,T1,COMBINED,100.0,381,0.49343832020997375,-12.403310656840883,-3.2554621146563996,26.641677241394646,0.2458169117615858,0.0067234307680846764,0.6847619419088291
842,6,102,VALID_FOR_REPLAY,02c9ed7517c70cd4e3ac56fd0b12cdc9a22d8b4c,canonical_pnl_v1,polymarket_logreg_eval_v1,PLATT,T1,FAVORITE_ONLY,100.0,242,0.5495867768595041,10.815325991064054,4.469142971514072,10.891230256979426,0.2458169117615858,0.0067234307680846764,0.6847619419088291
842,6,102,VALID_FOR_REPLAY,02c9ed7517c70cd4e3ac56fd0b12cdc9a22d8b4c,canonical_pnl_v1,polymarket_logreg_eval_v1,PLATT,T1,OUTSIDER_ONLY,100.0,65,0.3076923076923077,-17.136585365853655,-26.363977485928704,25.7149593495935,0.2458169117615858,0.0067234307680846764,0.6847619419088291
842,6,102,VALID_FOR_REPLAY,02c9ed7517c70cd4e3ac56fd0b12cdc9a22d8b4c,canonical_pnl_v1,polymarket_logreg_eval_v1,PLATT,T2,COMBINED,100.0,372,0.478494623655914,-7.3731706345322685,-1.9820351168097499,28.428219010355388,0.24774332000699253,0.009184239390949051,0.6886253880234982
842,6,102,VALID_FOR_REPLAY,02c9ed7517c70cd4e3ac56fd0b12cdc9a22d8b4c,canonical_pnl_v1,polymarket_logreg_eval_v1,PLATT,T2,FAVORITE_ONLY,100.0,208,0.46634615384615385,-22.322898773442617,-10.732162871847411,27.31062124704745,0.24774332000699253,0.009184239390949051,0.6886253880234982
842,6,102,VALID_FOR_REPLAY,02c9ed7517c70cd4e3ac56fd0b12cdc9a22d8b4c,canonical_pnl_v1,polymarket_logreg_eval_v1,PLATT,T2,OUTSIDER_ONLY,100.0,96,0.5,18.9518699186992,19.741531165311667,7.359024390243903,0.24774332000699253,0.009184239390949051,0.6886253880234982
842,6,102,VALID_FOR_REPLAY,02c9ed7517c70cd4e3ac56fd0b12cdc9a22d8b4c,canonical_pnl_v1,polymarket_logreg_eval_v1,PLATT,T3,COMBINED,100.0,332,0.46987951807228917,-19.162426100108352,-5.771815090394082,37.27705845565244,0.24898955899044287,0.01900137431174559,0.6911321803784825
842,6,102,VALID_FOR_REPLAY,02c9ed7517c70cd4e3ac56fd0b12cdc9a22d8b4c,canonical_pnl_v1,polymarket_logreg_eval_v1,PLATT,T3,FAVORITE_ONLY,100.0,190,0.5,-8.171871709496576,-4.300985110261355,20.70105580693816,0.24898955899044287,0.01900137431174559,0.6911321803784825
842,6,102,VALID_FOR_REPLAY,02c9ed7517c70cd4e3ac56fd0b12cdc9a22d8b4c,canonical_pnl_v1,polymarket_logreg_eval_v1,PLATT,T3,OUTSIDER_ONLY,100.0,69,0.4057971014492754,-2.0253658536585295,-2.935312831389173,15.36471544715447,0.24898955899044287,0.01900137431174559,0.6911321803784825
843,7,103,VALID_FOR_REPLAY,02c9ed7517c70cd4e3ac56fd0b12cdc9a22d8b4c,canonical_pnl_v1,polymarket_logreg_eval_v1,RAW,COMBINED,COMBINED,100.0,1155,0.47878787878787876,-30.981619804769167,-2.6823913250882394,52.70797589225786,0.24755469939778274,0.00500988522312385,0.6882504783980534
843,7,103,VALID_FOR_REPLAY,02c9ed7517c70cd4e3ac56fd0b12cdc9a22d8b4c,canonical_pnl_v1,polymarket_logreg_eval_v1,RAW,COMBINED,FAVORITE_ONLY,100.0,624,0.5048076923076923,-23.909574040872617,-3.8316625065500984,47.93707390648571,0.24755469939778274,0.00500988522312385,0.6882504783980534
843,7,103,VALID_FOR_REPLAY,02c9ed7517c70cd4e3ac56fd0b12cdc9a22d8b4c,canonical_pnl_v1,polymarket_logreg_eval_v1,RAW,COMBINED,OUTSIDER_ONLY,100.0,318,0.4339622641509434,11.881951219512207,3.736462647645348,18.355934959349593,0.24755469939778274,0.00500988522312385,0.6882504783980534
843,7,103,VALID_FOR_REPLAY,02c9ed7517c70cd4e3ac56fd0b12cdc9a22d8b4c,canonical_pnl_v1,polymarket_logreg_eval_v1,RAW,T1,COMBINED,100.0,384,0.5,-13.661716605002937,-3.557738699219515,31.16018152299683,0.24596399923128048,0.005514050595559993,0.6850601177137193
843,7,103,VALID_FOR_REPLAY,02c9ed7517c70cd4e3ac56fd0b12cdc9a22d8b4c,canonical_pnl_v1,polymarket_logreg_eval_v1,RAW,T1,FAVORITE_ONLY,100.0,269,0.5427509293680297,7.249115164853224,2.6948383512465517,10.21271173846091,0.24596399923128048,0.005514050595559993,0.6850601177137193
843,7,103,VALID_FOR_REPLAY,02c9ed7517c70cd4e3ac56fd0b12cdc9a22d8b4c,canonical_pnl_v1,polymarket_logreg_eval_v1,RAW,T1,OUTSIDER_ONLY,100.0,41,0.2682926829268293,-14.828780487804876,-36.16775728732897,18.355934959349593,0.24596399923128048,0.005514050595559993,0.6850601177137193
843,7,103,VALID_FOR_REPLAY,02c9ed7517c70cd4e3ac56fd0b12cdc9a22d8b4c,canonical_pnl_v1,polymarket_logreg_eval_v1,RAW,T2,COMBINED,100.0,413,0.46731234866828086,-6.671309801700422,-1.6153292498063976,28.758967001434723,0.24774516994891438,0.005624650130840907,0.688629318354067
843,7,103,VALID_FOR_REPLAY,02c9ed7517c70cd4e3ac56fd0b12cdc9a22d8b4c,canonical_pnl_v1,polymarket_logreg_eval_v1,RAW,T2,FAVORITE_ONLY,100.0,188,0.4574468085106383,-23.166991661686453,-12.322867905152368,29.350075414781294,0.24774516994891438,0.005624650130840907,0.688629318354067
843,7,103,VALID_FOR_REPLAY,02c9ed7517c70cd4e3ac56fd0b12cdc9a22d8b4c,canonical_pnl_v1,polymarket_logreg_eval_v1,RAW,T2,OUTSIDER_ONLY,100.0,158,0.47468354430379744,21.402439024390254,13.5458474837913,11.06260162601626,0.24774516994891438,0.005624650130840907,0.688629318354067
843,7,103,VALID_FOR_REPLAY,02c9ed7517c70cd4e3ac56fd0b12cdc9a22d8b4c,canonical_pnl_v1,polymarket_logreg_eval_v1,RAW,T3,COMBINED,100.0,358,0.4692737430167598,-10.648593398065799,-2.9744674296273184,32.61226722583968,0.2489537071723021,0.014910409388094953,0.6910595457924047
843,7,103,VALID_FOR_REPLAY,02c9ed7517c70cd4e3ac56fd0b12cdc9a22d8b4c,canonical_pnl_v1,polymarket_logreg_eval_v1,RAW,T3,FAVORITE_ONLY,100.0,167,0.49700598802395207,-7.991697544039392,-4.785447631161312,19.49161387631976,0.2489537071723021,0.014910409388094953,0.6910595457924047
843,7,103,VALID_FOR_REPLAY,02c9ed7517c70cd4e3ac56fd0b12cdc9a22d8b4c,canonical_pnl_v1,polymarket_logreg_eval_v1,RAW,T3,OUTSIDER_ONLY,100.0,119,0.4369747899159664,5.308292682926835,4.46075015372003,12.299024390243902,0.2489537071723021,0.014910409388094953,0.6910595457924047
843,7,103,VALID_FOR_REPLAY,02c9ed7517c70cd4e3ac56fd0b12cdc9a22d8b4c,canonical_pnl_v1,polymarket_logreg_eval_v1,PLATT,COMBINED,COMBINED,100.0,1155,0.47878787878787876,-30.981619804769167,-2.6823913250882394,52.70797589225786,0.24755469939778274,0.00500988522312385,0.6882504783980534
843,7,103,VALID_FOR_REPLAY,02c9ed7517c70cd4e3ac56fd0b12cdc9a22d8b4c,canonical_pnl_v1,polymarket_logreg_eval_v1,PLATT,COMBINED,FAVORITE_ONLY,100.0,624,0.5048076923076923,-23.909574040872617,-3.8316625065500984,47.93707390648571,0.24755469939778274,0.00500988522312385,0.6882504783980534
843,7,103,VALID_FOR_REPLAY,02c9ed7517c70cd4e3ac56fd0b12cdc9a22d8b4c,canonical_pnl_v1,polymarket_logreg_eval_v1,PLATT,COMBINED,OUTSIDER_ONLY,100.0,318,0.4339622641509434,11.881951219512207,3.736462647645348,18.355934959349593,0.24755469939778274,0.00500988522312385,0.6882504783980534
843,7,103,VALID_FOR_REPLAY,02c9ed7517c70cd4e3ac56fd0b12cdc9a22d8b4c,canonical_pnl_v1,polymarket_logreg_eval_v1,PLATT,T1,COMBINED,100.0,384,0.5,-13.661716605002937,-3.557738699219515,31.16018152299683,0.24596399923128048,0.005514050595559993,0.6850601177137193
843,7,103,VALID_FOR_REPLAY,02c9ed7517c70cd4e3ac56fd0b12cdc9a22d8b4c,canonical_pnl_v1,polymarket_logreg_eval_v1,PLATT,T1,FAVORITE_ONLY,100.0,269,0.5427509293680297,7.249115164853224,2.6948383512465517,10.21271173846091,0.24596399923128048,0.005514050595559993,0.6850601177137193
843,7,103,VALID_FOR_REPLAY,02c9ed7517c70cd4e3ac56fd0b12cdc9a22d8b4c,canonical_pnl_v1,polymarket_logreg_eval_v1,PLATT,T1,OUTSIDER_ONLY,100.0,41,0.2682926829268293,-14.828780487804876,-36.16775728732897,18.355934959349593,0.24596399923128048,0.005514050595559993,0.6850601177137193
843,7,103,VALID_FOR_REPLAY,02c9ed7517c70cd4e3ac56fd0b12cdc9a22d8b4c,canonical_pnl_v1,polymarket_logreg_eval_v1,PLATT,T2,COMBINED,100.0,413,0.46731234866828086,-6.671309801700422,-1.6153292498063976,28.758967001434723,0.24774516994891438,0.005624650130840907,0.688629318354067
843,7,103,VALID_FOR_REPLAY,02c9ed7517c70cd4e3ac56fd0b12cdc9a22d8b4c,canonical_pnl_v1,polymarket_logreg_eval_v1,PLATT,T2,FAVORITE_ONLY,100.0,188,0.4574468085106383,-23.166991661686453,-12.322867905152368,29.350075414781294,0.24774516994891438,0.005624650130840907,0.688629318354067
843,7,103,VALID_FOR_REPLAY,02c9ed7517c70cd4e3ac56fd0b12cdc9a22d8b4c,canonical_pnl_v1,polymarket_logreg_eval_v1,PLATT,T2,OUTSIDER_ONLY,100.0,158,0.47468354430379744,21.402439024390254,13.5458474837913,11.06260162601626,0.24774516994891438,0.005624650130840907,0.688629318354067
843,7,103,VALID_FOR_REPLAY,02c9ed7517c70cd4e3ac56fd0b12cdc9a22d8b4c,canonical_pnl_v1,polymarket_logreg_eval_v1,PLATT,T3,COMBINED,100.0,358,0.4692737430167598,-10.648593398065799,-2.9744674296273184,32.61226722583968,0.2489537071723021,0.014910409388094953,0.6910595457924047
843,7,103,VALID_FOR_REPLAY,02c9ed7517c70cd4e3ac56fd0b12cdc9a22d8b4c,canonical_pnl_v1,polymarket_logreg_eval_v1,PLATT,T3,FAVORITE_ONLY,100.0,167,0.49700598802395207,-7.991697544039392,-4.785447631161312,19.49161387631976,0.2489537071723021,0.014910409388094953,0.6910595457924047
843,7,103,VALID_FOR_REPLAY,02c9ed7517c70cd4e3ac56fd0b12cdc9a22d8b4c,canonical_pnl_v1,polymarket_logreg_eval_v1,PLATT,T3,OUTSIDER_ONLY,100.0,119,0.4369747899159664,5.308292682926835,4.46075015372003,12.299024390243902,0.2489537071723021,0.014910409388094953,0.6910595457924047
844,36,104,VALID_FOR_REPLAY,02c9ed7517c70cd4e3ac56fd0b12cdc9a22d8b4c,canonical_pnl_v1,polymarket_logreg_eval_v1,RAW,COMBINED,COMBINED,100.0,2730,0.46996336996336996,-49.84052123862615,-1.8256601186309946,82.06437246728485,0.23666295987435265,0.016685621471649193,0.6660216272400385
844,36,104,VALID_FOR_REPLAY,02c9ed7517c70cd4e3ac56fd0b12cdc9a22d8b4c,canonical_pnl_v1,polymarket_logreg_eval_v1,RAW,COMBINED,FAVORITE_ONLY,100.0,1768,0.5526018099547512,3.119782182038339,0.17645826821483818,48.266057916049114,0.23666295987435265,0.016685621471649193,0.6660216272400385
844,36,104,VALID_FOR_REPLAY,02c9ed7517c70cd4e3ac56fd0b12cdc9a22d8b4c,canonical_pnl_v1,polymarket_logreg_eval_v1,RAW,COMBINED,OUTSIDER_ONLY,100.0,808,0.275990099009901,-59.01077149744279,-7.303313304138959,79.80335674980616,0.23666295987435265,0.016685621471649193,0.6660216272400385
844,36,104,VALID_FOR_REPLAY,02c9ed7517c70cd4e3ac56fd0b12cdc9a22d8b4c,canonical_pnl_v1,polymarket_logreg_eval_v1,RAW,T1,COMBINED,100.0,929,0.48546824542518835,-16.302963729202045,-1.7548938352208874,28.314908049177347,0.2315467144170692,0.013372650182840859,0.6553861546423859
844,36,104,VALID_FOR_REPLAY,02c9ed7517c70cd4e3ac56fd0b12cdc9a22d8b4c,canonical_pnl_v1,polymarket_logreg_eval_v1,RAW,T1,FAVORITE_ONLY,100.0,641,0.5756630265210608,28.53423937923151,4.451519403936273,14.885313333048604,0.2315467144170692,0.013372650182840859,0.6553861546423859
844,36,104,VALID_FOR_REPLAY,02c9ed7517c70cd4e3ac56fd0b12cdc9a22d8b4c,canonical_pnl_v1,polymarket_logreg_eval_v1,RAW,T1,OUTSIDER_ONLY,100.0,236,0.2330508474576271,-44.990689351737245,-19.063851420227646,49.45842215645788,0.2315467144170692,0.013372650182840859,0.6553861546423859
844,36,104,VALID_FOR_REPLAY,02c9ed7517c70cd4e3ac56fd0b12cdc9a22d8b4c,canonical_pnl_v1,polymarket_logreg_eval_v1,RAW,T2,COMBINED,100.0,926,0.46652267818574517,-28.551655999594264,-3.0833321813816696,50.29846791620482,0.24377340341606699,0.04212122193524945,0.6805529631203564
844,36,104,VALID_FOR_REPLAY,02c9ed7517c70cd4e3ac56fd0b12cdc9a22d8b4c,canonical_pnl_v1,polymarket_logreg_eval_v1,RAW,T2,FAVORITE_ONLY,100.0,627,0.5247208931419458,-32.31352850815981,-5.15367280831895,48.26605791604908,0.24377340341606699,0.04212122193524945,0.6805529631203564
844,36,104,VALID_FOR_REPLAY,02c9ed7517c70cd4e3ac56fd0b12cdc9a22d8b4c,canonical_pnl_v1,polymarket_logreg_eval_v1,RAW,T2,OUTSIDER_ONLY,100.0,242,0.2892561983471074,-2.9061954501128344,-1.2009072107904275,28.186184754702044,0.24377340341606699,0.04212122193524945,0.6805529631203564
844,36,104,VALID_FOR_REPLAY,02c9ed7517c70cd4e3ac56fd0b12cdc9a22d8b4c,canonical_pnl_v1,polymarket_logreg_eval_v1,RAW,T3,COMBINED,100.0,875,0.45714285714285713,-4.985901509829848,-0.5698173154091255,37.05182444905938,0.2346702679818284,0.028891650017258914,0.6621287064523
844,36,104,VALID_FOR_REPLAY,02c9ed7517c70cd4e3ac56fd0b12cdc9a22d8b4c,canonical_pnl_v1,polymarket_logreg_eval_v1,RAW,T3,FAVORITE_ONLY,100.0,500,0.558,6.899071310966633,1.3798142621933267,12.371487819521981,0.2346702679818284,0.028891650017258914,0.6621287064523
844,36,104,VALID_FOR_REPLAY,02c9ed7517c70cd4e3ac56fd0b12cdc9a22d8b4c,canonical_pnl_v1,polymarket_logreg_eval_v1,RAW,T3,OUTSIDER_ONLY,100.0,330,0.296969696969697,-11.113886695592702,-3.3678444532099094,36.55901345498037,0.2346702679818284,0.028891650017258914,0.6621287064523
844,36,104,VALID_FOR_REPLAY,02c9ed7517c70cd4e3ac56fd0b12cdc9a22d8b4c,canonical_pnl_v1,polymarket_logreg_eval_v1,PLATT,COMBINED,COMBINED,100.0,2730,0.46996336996336996,-49.84052123862615,-1.8256601186309946,82.06437246728485,0.23666295987435265,0.016685621471649193,0.6660216272400385
844,36,104,VALID_FOR_REPLAY,02c9ed7517c70cd4e3ac56fd0b12cdc9a22d8b4c,canonical_pnl_v1,polymarket_logreg_eval_v1,PLATT,COMBINED,FAVORITE_ONLY,100.0,1768,0.5526018099547512,3.119782182038339,0.17645826821483818,48.266057916049114,0.23666295987435265,0.016685621471649193,0.6660216272400385
844,36,104,VALID_FOR_REPLAY,02c9ed7517c70cd4e3ac56fd0b12cdc9a22d8b4c,canonical_pnl_v1,polymarket_logreg_eval_v1,PLATT,COMBINED,OUTSIDER_ONLY,100.0,808,0.275990099009901,-59.01077149744279,-7.303313304138959,79.80335674980616,0.23666295987435265,0.016685621471649193,0.6660216272400385
844,36,104,VALID_FOR_REPLAY,02c9ed7517c70cd4e3ac56fd0b12cdc9a22d8b4c,canonical_pnl_v1,polymarket_logreg_eval_v1,PLATT,T1,COMBINED,100.0,929,0.48546824542518835,-16.302963729202045,-1.7548938352208874,28.314908049177347,0.2315467144170692,0.013372650182840859,0.6553861546423859
844,36,104,VALID_FOR_REPLAY,02c9ed7517c70cd4e3ac56fd0b12cdc9a22d8b4c,canonical_pnl_v1,polymarket_logreg_eval_v1,PLATT,T1,FAVORITE_ONLY,100.0,641,0.5756630265210608,28.53423937923151,4.451519403936273,14.885313333048604,0.2315467144170692,0.013372650182840859,0.6553861546423859
844,36,104,VALID_FOR_REPLAY,02c9ed7517c70cd4e3ac56fd0b12cdc9a22d8b4c,canonical_pnl_v1,polymarket_logreg_eval_v1,PLATT,T1,OUTSIDER_ONLY,100.0,236,0.2330508474576271,-44.990689351737245,-19.063851420227646,49.45842215645788,0.2315467144170692,0.013372650182840859,0.6553861546423859
844,36,104,VALID_FOR_REPLAY,02c9ed7517c70cd4e3ac56fd0b12cdc9a22d8b4c,canonical_pnl_v1,polymarket_logreg_eval_v1,PLATT,T2,COMBINED,100.0,926,0.46652267818574517,-28.551655999594264,-3.0833321813816696,50.29846791620482,0.24377340341606699,0.04212122193524945,0.6805529631203564
844,36,104,VALID_FOR_REPLAY,02c9ed7517c70cd4e3ac56fd0b12cdc9a22d8b4c,canonical_pnl_v1,polymarket_logreg_eval_v1,PLATT,T2,FAVORITE_ONLY,100.0,627,0.5247208931419458,-32.31352850815981,-5.15367280831895,48.26605791604908,0.24377340341606699,0.04212122193524945,0.6805529631203564
844,36,104,VALID_FOR_REPLAY,02c9ed7517c70cd4e3ac56fd0b12cdc9a22d8b4c,canonical_pnl_v1,polymarket_logreg_eval_v1,PLATT,T2,OUTSIDER_ONLY,100.0,242,0.2892561983471074,-2.9061954501128344,-1.2009072107904275,28.186184754702044,0.24377340341606699,0.04212122193524945,0.6805529631203564
844,36,104,VALID_FOR_REPLAY,02c9ed7517c70cd4e3ac56fd0b12cdc9a22d8b4c,canonical_pnl_v1,polymarket_logreg_eval_v1,PLATT,T3,COMBINED,100.0,875,0.45714285714285713,-4.985901509829848,-0.5698173154091255,37.05182444905938,0.2346702679818284,0.028891650017258914,0.6621287064523
844,36,104,VALID_FOR_REPLAY,02c9ed7517c70cd4e3ac56fd0b12cdc9a22d8b4c,canonical_pnl_v1,polymarket_logreg_eval_v1,PLATT,T3,FAVORITE_ONLY,100.0,500,0.558,6.899071310966633,1.3798142621933267,12.371487819521981,0.2346702679818284,0.028891650017258914,0.6621287064523
844,36,104,VALID_FOR_REPLAY,02c9ed7517c70cd4e3ac56fd0b12cdc9a22d8b4c,canonical_pnl_v1,polymarket_logreg_eval_v1,PLATT,T3,OUTSIDER_ONLY,100.0,330,0.296969696969697,-11.113886695592702,-3.3678444532099094,36.55901345498037,0.2346702679818284,0.028891650017258914,0.6621287064523
845,37,105,VALID_FOR_REPLAY,02c9ed7517c70cd4e3ac56fd0b12cdc9a22d8b4c,canonical_pnl_v1,polymarket_logreg_eval_v1,RAW,COMBINED,COMBINED,100.0,2730,0.46996336996336996,-49.84052123862615,-1.8256601186309946,82.06437246728485,0.23666295987435265,0.016685621471649193,0.6660216272400385
845,37,105,VALID_FOR_REPLAY,02c9ed7517c70cd4e3ac56fd0b12cdc9a22d8b4c,canonical_pnl_v1,polymarket_logreg_eval_v1,RAW,COMBINED,FAVORITE_ONLY,100.0,1768,0.5526018099547512,3.119782182038339,0.17645826821483818,48.266057916049114,0.23666295987435265,0.016685621471649193,0.6660216272400385
845,37,105,VALID_FOR_REPLAY,02c9ed7517c70cd4e3ac56fd0b12cdc9a22d8b4c,canonical_pnl_v1,polymarket_logreg_eval_v1,RAW,COMBINED,OUTSIDER_ONLY,100.0,808,0.275990099009901,-59.01077149744279,-7.303313304138959,79.80335674980616,0.23666295987435265,0.016685621471649193,0.6660216272400385
845,37,105,VALID_FOR_REPLAY,02c9ed7517c70cd4e3ac56fd0b12cdc9a22d8b4c,canonical_pnl_v1,polymarket_logreg_eval_v1,RAW,T1,COMBINED,100.0,929,0.48546824542518835,-16.302963729202045,-1.7548938352208874,28.314908049177347,0.2315467144170692,0.013372650182840859,0.6553861546423859
845,37,105,VALID_FOR_REPLAY,02c9ed7517c70cd4e3ac56fd0b12cdc9a22d8b4c,canonical_pnl_v1,polymarket_logreg_eval_v1,RAW,T1,FAVORITE_ONLY,100.0,641,0.5756630265210608,28.53423937923151,4.451519403936273,14.885313333048604,0.2315467144170692,0.013372650182840859,0.6553861546423859
845,37,105,VALID_FOR_REPLAY,02c9ed7517c70cd4e3ac56fd0b12cdc9a22d8b4c,canonical_pnl_v1,polymarket_logreg_eval_v1,RAW,T1,OUTSIDER_ONLY,100.0,236,0.2330508474576271,-44.990689351737245,-19.063851420227646,49.45842215645788,0.2315467144170692,0.013372650182840859,0.6553861546423859
845,37,105,VALID_FOR_REPLAY,02c9ed7517c70cd4e3ac56fd0b12cdc9a22d8b4c,canonical_pnl_v1,polymarket_logreg_eval_v1,RAW,T2,COMBINED,100.0,926,0.46652267818574517,-28.551655999594264,-3.0833321813816696,50.29846791620482,0.24377340341606699,0.04212122193524945,0.6805529631203564
845,37,105,VALID_FOR_REPLAY,02c9ed7517c70cd4e3ac56fd0b12cdc9a22d8b4c,canonical_pnl_v1,polymarket_logreg_eval_v1,RAW,T2,FAVORITE_ONLY,100.0,627,0.5247208931419458,-32.31352850815981,-5.15367280831895,48.26605791604908,0.24377340341606699,0.04212122193524945,0.6805529631203564
845,37,105,VALID_FOR_REPLAY,02c9ed7517c70cd4e3ac56fd0b12cdc9a22d8b4c,canonical_pnl_v1,polymarket_logreg_eval_v1,RAW,T2,OUTSIDER_ONLY,100.0,242,0.2892561983471074,-2.9061954501128344,-1.2009072107904275,28.186184754702044,0.24377340341606699,0.04212122193524945,0.6805529631203564
845,37,105,VALID_FOR_REPLAY,02c9ed7517c70cd4e3ac56fd0b12cdc9a22d8b4c,canonical_pnl_v1,polymarket_logreg_eval_v1,RAW,T3,COMBINED,100.0,875,0.45714285714285713,-4.985901509829848,-0.5698173154091255,37.05182444905938,0.2346702679818284,0.028891650017258914,0.6621287064523
845,37,105,VALID_FOR_REPLAY,02c9ed7517c70cd4e3ac56fd0b12cdc9a22d8b4c,canonical_pnl_v1,polymarket_logreg_eval_v1,RAW,T3,FAVORITE_ONLY,100.0,500,0.558,6.899071310966633,1.3798142621933267,12.371487819521981,0.2346702679818284,0.028891650017258914,0.6621287064523
845,37,105,VALID_FOR_REPLAY,02c9ed7517c70cd4e3ac56fd0b12cdc9a22d8b4c,canonical_pnl_v1,polymarket_logreg_eval_v1,RAW,T3,OUTSIDER_ONLY,100.0,330,0.296969696969697,-11.113886695592702,-3.3678444532099094,36.55901345498037,0.2346702679818284,0.028891650017258914,0.6621287064523
845,37,105,VALID_FOR_REPLAY,02c9ed7517c70cd4e3ac56fd0b12cdc9a22d8b4c,canonical_pnl_v1,polymarket_logreg_eval_v1,PLATT,COMBINED,COMBINED,100.0,2730,0.46996336996336996,-49.84052123862615,-1.8256601186309946,82.06437246728485,0.23666295987435265,0.016685621471649193,0.6660216272400385
845,37,105,VALID_FOR_REPLAY,02c9ed7517c70cd4e3ac56fd0b12cdc9a22d8b4c,canonical_pnl_v1,polymarket_logreg_eval_v1,PLATT,COMBINED,FAVORITE_ONLY,100.0,1768,0.5526018099547512,3.119782182038339,0.17645826821483818,48.266057916049114,0.23666295987435265,0.016685621471649193,0.6660216272400385
845,37,105,VALID_FOR_REPLAY,02c9ed7517c70cd4e3ac56fd0b12cdc9a22d8b4c,canonical_pnl_v1,polymarket_logreg_eval_v1,PLATT,COMBINED,OUTSIDER_ONLY,100.0,808,0.275990099009901,-59.01077149744279,-7.303313304138959,79.80335674980616,0.23666295987435265,0.016685621471649193,0.6660216272400385
845,37,105,VALID_FOR_REPLAY,02c9ed7517c70cd4e3ac56fd0b12cdc9a22d8b4c,canonical_pnl_v1,polymarket_logreg_eval_v1,PLATT,T1,COMBINED,100.0,929,0.48546824542518835,-16.302963729202045,-1.7548938352208874,28.314908049177347,0.2315467144170692,0.013372650182840859,0.6553861546423859
845,37,105,VALID_FOR_REPLAY,02c9ed7517c70cd4e3ac56fd0b12cdc9a22d8b4c,canonical_pnl_v1,polymarket_logreg_eval_v1,PLATT,T1,FAVORITE_ONLY,100.0,641,0.5756630265210608,28.53423937923151,4.451519403936273,14.885313333048604,0.2315467144170692,0.013372650182840859,0.6553861546423859
845,37,105,VALID_FOR_REPLAY,02c9ed7517c70cd4e3ac56fd0b12cdc9a22d8b4c,canonical_pnl_v1,polymarket_logreg_eval_v1,PLATT,T1,OUTSIDER_ONLY,100.0,236,0.2330508474576271,-44.990689351737245,-19.063851420227646,49.45842215645788,0.2315467144170692,0.013372650182840859,0.6553861546423859
845,37,105,VALID_FOR_REPLAY,02c9ed7517c70cd4e3ac56fd0b12cdc9a22d8b4c,canonical_pnl_v1,polymarket_logreg_eval_v1,PLATT,T2,COMBINED,100.0,926,0.46652267818574517,-28.551655999594264,-3.0833321813816696,50.29846791620482,0.24377340341606699,0.04212122193524945,0.6805529631203564
845,37,105,VALID_FOR_REPLAY,02c9ed7517c70cd4e3ac56fd0b12cdc9a22d8b4c,canonical_pnl_v1,polymarket_logreg_eval_v1,PLATT,T2,FAVORITE_ONLY,100.0,627,0.5247208931419458,-32.31352850815981,-5.15367280831895,48.26605791604908,0.24377340341606699,0.04212122193524945,0.6805529631203564
845,37,105,VALID_FOR_REPLAY,02c9ed7517c70cd4e3ac56fd0b12cdc9a22d8b4c,canonical_pnl_v1,polymarket_logreg_eval_v1,PLATT,T2,OUTSIDER_ONLY,100.0,242,0.2892561983471074,-2.9061954501128344,-1.2009072107904275,28.186184754702044,0.24377340341606699,0.04212122193524945,0.6805529631203564
845,37,105,VALID_FOR_REPLAY,02c9ed7517c70cd4e3ac56fd0b12cdc9a22d8b4c,canonical_pnl_v1,polymarket_logreg_eval_v1,PLATT,T3,COMBINED,100.0,875,0.45714285714285713,-4.985901509829848,-0.5698173154091255,37.05182444905938,0.2346702679818284,0.028891650017258914,0.6621287064523
845,37,105,VALID_FOR_REPLAY,02c9ed7517c70cd4e3ac56fd0b12cdc9a22d8b4c,canonical_pnl_v1,polymarket_logreg_eval_v1,PLATT,T3,FAVORITE_ONLY,100.0,500,0.558,6.899071310966633,1.3798142621933267,12.371487819521981,0.2346702679818284,0.028891650017258914,0.6621287064523
845,37,105,VALID_FOR_REPLAY,02c9ed7517c70cd4e3ac56fd0b12cdc9a22d8b4c,canonical_pnl_v1,polymarket_logreg_eval_v1,PLATT,T3,OUTSIDER_ONLY,100.0,330,0.296969696969697,-11.113886695592702,-3.3678444532099094,36.55901345498037,0.2346702679818284,0.028891650017258914,0.6621287064523
846,38,106,VALID_FOR_REPLAY,02c9ed7517c70cd4e3ac56fd0b12cdc9a22d8b4c,canonical_pnl_v1,polymarket_logreg_eval_v1,RAW,COMBINED,COMBINED,100.0,2655,0.46064030131826744,-51.82033963125288,-1.951801869350391,73.59394303379682,0.236677578826987,0.016413089410788114,0.666040238570155
846,38,106,VALID_FOR_REPLAY,02c9ed7517c70cd4e3ac56fd0b12cdc9a22d8b4c,canonical_pnl_v1,polymarket_logreg_eval_v1,RAW,COMBINED,FAVORITE_ONLY,100.0,1618,0.5519159456118665,8.076732720383319,0.49918001980119403,44.05365369231646,0.236677578826987,0.016413089410788114,0.666040238570155
846,38,106,VALID_FOR_REPLAY,02c9ed7517c70cd4e3ac56fd0b12cdc9a22d8b4c,canonical_pnl_v1,polymarket_logreg_eval_v1,RAW,COMBINED,OUTSIDER_ONLY,100.0,886,0.28103837471783294,-65.31090743178149,-7.3714342473794,79.27805493870717,0.236677578826987,0.016413089410788114,0.666040238570155
846,38,106,VALID_FOR_REPLAY,02c9ed7517c70cd4e3ac56fd0b12cdc9a22d8b4c,canonical_pnl_v1,polymarket_logreg_eval_v1,RAW,T1,COMBINED,100.0,931,0.48442534908700324,-11.698194553246434,-1.2565192860629897,29.90761733791919,0.23164535146842385,0.015715734850544977,0.6555918825931704
846,38,106,VALID_FOR_REPLAY,02c9ed7517c70cd4e3ac56fd0b12cdc9a22d8b4c,canonical_pnl_v1,polymarket_logreg_eval_v1,RAW,T1,FAVORITE_ONLY,100.0,629,0.5771065182829889,30.448137684316258,4.8407214124509155,13.885313333048604,0.23164535146842385,0.015715734850544977,0.6555918825931704
846,38,106,VALID_FOR_REPLAY,02c9ed7517c70cd4e3ac56fd0b12cdc9a22d8b4c,canonical_pnl_v1,polymarket_logreg_eval_v1,RAW,T1,OUTSIDER_ONLY,100.0,250,0.244,-42.299818480866364,-16.919927392346544,45.76755128558701,0.23164535146842385,0.015715734850544977,0.6555918825931704
846,38,106,VALID_FOR_REPLAY,02c9ed7517c70cd4e3ac56fd0b12cdc9a22d8b4c,canonical_pnl_v1,polymarket_logreg_eval_v1,RAW,T2,COMBINED,100.0,902,0.458980044345898,-29.443506158813182,-3.2642468025291778,49.554539192874905,0.24330053340123234,0.042923744814253637,0.6795426280238317
846,38,106,VALID_FOR_REPLAY,02c9ed7517c70cd4e3ac56fd0b12cdc9a22d8b4c,canonical_pnl_v1,polymarket_logreg_eval_v1,RAW,T2,FAVORITE_ONLY,100.0,582,0.5257731958762887,-26.41232311182316,-4.5381998473922955,44.05365369231647,0.24330053340123234,0.042923744814253637,0.6795426280238317
846,38,106,VALID_FOR_REPLAY,02c9ed7517c70cd4e3ac56fd0b12cdc9a22d8b4c,canonical_pnl_v1,polymarket_logreg_eval_v1,RAW,T2,OUTSIDER_ONLY,100.0,263,0.28517110266159695,-9.699251005668394,-3.687928139037412,34.89951808803538,0.24330053340123234,0.042923744814253637,0.6795426280238317
846,38,106,VALID_FOR_REPLAY,02c9ed7517c70cd4e3ac56fd0b12cdc9a22d8b4c,canonical_pnl_v1,polymarket_logreg_eval_v1,RAW,T3,COMBINED,100.0,822,0.43552311435523117,-10.678638919193281,-1.299104491386044,31.20147160484257,0.23508805306690575,0.04171285048256788,0.6629885117652731
846,38,106,VALID_FOR_REPLAY,02c9ed7517c70cd4e3ac56fd0b12cdc9a22d8b4c,canonical_pnl_v1,polymarket_logreg_eval_v1,RAW,T3,FAVORITE_ONLY,100.0,407,0.5503685503685504,4.040918147890225,0.9928545817912101,12.400286608582393,0.23508805306690575,0.04171285048256788,0.6629885117652731
846,38,106,VALID_FOR_REPLAY,02c9ed7517c70cd4e3ac56fd0b12cdc9a22d8b4c,canonical_pnl_v1,polymarket_logreg_eval_v1,RAW,T3,OUTSIDER_ONLY,100.0,373,0.30294906166219837,-13.31183794524674,-3.568857357974997,31.93152695919666,0.23508805306690575,0.04171285048256788,0.6629885117652731
846,38,106,VALID_FOR_REPLAY,02c9ed7517c70cd4e3ac56fd0b12cdc9a22d8b4c,canonical_pnl_v1,polymarket_logreg_eval_v1,PLATT,COMBINED,COMBINED,100.0,2655,0.46064030131826744,-51.82033963125288,-1.951801869350391,73.59394303379682,0.236677578826987,0.016413089410788114,0.666040238570155
846,38,106,VALID_FOR_REPLAY,02c9ed7517c70cd4e3ac56fd0b12cdc9a22d8b4c,canonical_pnl_v1,polymarket_logreg_eval_v1,PLATT,COMBINED,FAVORITE_ONLY,100.0,1618,0.5519159456118665,8.076732720383319,0.49918001980119403,44.05365369231646,0.236677578826987,0.016413089410788114,0.666040238570155
846,38,106,VALID_FOR_REPLAY,02c9ed7517c70cd4e3ac56fd0b12cdc9a22d8b4c,canonical_pnl_v1,polymarket_logreg_eval_v1,PLATT,COMBINED,OUTSIDER_ONLY,100.0,886,0.28103837471783294,-65.31090743178149,-7.3714342473794,79.27805493870717,0.236677578826987,0.016413089410788114,0.666040238570155
846,38,106,VALID_FOR_REPLAY,02c9ed7517c70cd4e3ac56fd0b12cdc9a22d8b4c,canonical_pnl_v1,polymarket_logreg_eval_v1,PLATT,T1,COMBINED,100.0,931,0.48442534908700324,-11.698194553246434,-1.2565192860629897,29.90761733791919,0.23164535146842385,0.015715734850544977,0.6555918825931704
846,38,106,VALID_FOR_REPLAY,02c9ed7517c70cd4e3ac56fd0b12cdc9a22d8b4c,canonical_pnl_v1,polymarket_logreg_eval_v1,PLATT,T1,FAVORITE_ONLY,100.0,629,0.5771065182829889,30.448137684316258,4.8407214124509155,13.885313333048604,0.23164535146842385,0.015715734850544977,0.6555918825931704
846,38,106,VALID_FOR_REPLAY,02c9ed7517c70cd4e3ac56fd0b12cdc9a22d8b4c,canonical_pnl_v1,polymarket_logreg_eval_v1,PLATT,T1,OUTSIDER_ONLY,100.0,250,0.244,-42.299818480866364,-16.919927392346544,45.76755128558701,0.23164535146842385,0.015715734850544977,0.6555918825931704
846,38,106,VALID_FOR_REPLAY,02c9ed7517c70cd4e3ac56fd0b12cdc9a22d8b4c,canonical_pnl_v1,polymarket_logreg_eval_v1,PLATT,T2,COMBINED,100.0,902,0.458980044345898,-29.443506158813182,-3.2642468025291778,49.554539192874905,0.24330053340123234,0.042923744814253637,0.6795426280238317
846,38,106,VALID_FOR_REPLAY,02c9ed7517c70cd4e3ac56fd0b12cdc9a22d8b4c,canonical_pnl_v1,polymarket_logreg_eval_v1,PLATT,T2,FAVORITE_ONLY,100.0,582,0.5257731958762887,-26.41232311182316,-4.5381998473922955,44.05365369231647,0.24330053340123234,0.042923744814253637,0.6795426280238317
846,38,106,VALID_FOR_REPLAY,02c9ed7517c70cd4e3ac56fd0b12cdc9a22d8b4c,canonical_pnl_v1,polymarket_logreg_eval_v1,PLATT,T2,OUTSIDER_ONLY,100.0,263,0.28517110266159695,-9.699251005668394,-3.687928139037412,34.89951808803538,0.24330053340123234,0.042923744814253637,0.6795426280238317
846,38,106,VALID_FOR_REPLAY,02c9ed7517c70cd4e3ac56fd0b12cdc9a22d8b4c,canonical_pnl_v1,polymarket_logreg_eval_v1,PLATT,T3,COMBINED,100.0,822,0.43552311435523117,-10.678638919193281,-1.299104491386044,31.20147160484257,0.23508805306690575,0.04171285048256788,0.6629885117652731
846,38,106,VALID_FOR_REPLAY,02c9ed7517c70cd4e3ac56fd0b12cdc9a22d8b4c,canonical_pnl_v1,polymarket_logreg_eval_v1,PLATT,T3,FAVORITE_ONLY,100.0,407,0.5503685503685504,4.040918147890225,0.9928545817912101,12.400286608582393,0.23508805306690575,0.04171285048256788,0.6629885117652731
846,38,106,VALID_FOR_REPLAY,02c9ed7517c70cd4e3ac56fd0b12cdc9a22d8b4c,canonical_pnl_v1,polymarket_logreg_eval_v1,PLATT,T3,OUTSIDER_ONLY,100.0,373,0.30294906166219837,-13.31183794524674,-3.568857357974997,31.93152695919666,0.23508805306690575,0.04171285048256788,0.6629885117652731
847,15,107,VALID_FOR_REPLAY,02c9ed7517c70cd4e3ac56fd0b12cdc9a22d8b4c,canonical_pnl_v1,polymarket_logreg_eval_v1,RAW,COMBINED,COMBINED,100.0,2835,0.7485008818342151,-47.24217181350793,-1.6663905401590098,73.70815632277181,0.1544546672163621,0.05120992276255854,0.49670776015678336
847,15,107,VALID_FOR_REPLAY,02c9ed7517c70cd4e3ac56fd0b12cdc9a22d8b4c,canonical_pnl_v1,polymarket_logreg_eval_v1,RAW,COMBINED,FAVORITE_ONLY,100.0,2648,0.7941842900302115,-11.340225835509315,-0.4282562626702914,33.80175887816768,0.1544546672163621,0.05120992276255854,0.49670776015678336
847,15,107,VALID_FOR_REPLAY,02c9ed7517c70cd4e3ac56fd0b12cdc9a22d8b4c,canonical_pnl_v1,polymarket_logreg_eval_v1,RAW,COMBINED,OUTSIDER_ONLY,100.0,187,0.10160427807486631,-35.9019459779986,-19.19890159251262,57.423185294237925,0.1544546672163621,0.05120992276255854,0.49670776015678336
847,15,107,VALID_FOR_REPLAY,02c9ed7517c70cd4e3ac56fd0b12cdc9a22d8b4c,canonical_pnl_v1,polymarket_logreg_eval_v1,RAW,T1,COMBINED,100.0,995,0.7638190954773869,6.9826711666857975,0.701775996651839,35.68035983505944,0.15776888521141164,0.06167376713644334,0.5074303030421872
847,15,107,VALID_FOR_REPLAY,02c9ed7517c70cd4e3ac56fd0b12cdc9a22d8b4c,canonical_pnl_v1,polymarket_logreg_eval_v1,RAW,T1,FAVORITE_ONLY,100.0,953,0.7911857292759706,-5.361901482886866,-0.5626339436397552,22.817610608040518,0.15776888521141164,0.06167376713644334,0.5074303030421872
847,15,107,VALID_FOR_REPLAY,02c9ed7517c70cd4e3ac56fd0b12cdc9a22d8b4c,canonical_pnl_v1,polymarket_logreg_eval_v1,RAW,T1,OUTSIDER_ONLY,100.0,42,0.14285714285714285,12.34457264957266,29.391839641839667,25.0,0.15776888521141164,0.06167376713644334,0.5074303030421872
847,15,107,VALID_FOR_REPLAY,02c9ed7517c70cd4e3ac56fd0b12cdc9a22d8b4c,canonical_pnl_v1,polymarket_logreg_eval_v1,RAW,T2,COMBINED,100.0,924,0.7391774891774892,-12.10401938110871,-1.3099588074792976,30.897238423511908,0.1605669459668147,0.05874249928008349,0.5113614726366144
847,15,107,VALID_FOR_REPLAY,02c9ed7517c70cd4e3ac56fd0b12cdc9a22d8b4c,canonical_pnl_v1,polymarket_logreg_eval_v1,RAW,T2,FAVORITE_ONLY,100.0,858,0.7867132867132867,-12.496828238917558,-1.4565067877526292,18.206383810067067,0.1605669459668147,0.05874249928008349,0.5113614726366144
847,15,107,VALID_FOR_REPLAY,02c9ed7517c70cd4e3ac56fd0b12cdc9a22d8b4c,canonical_pnl_v1,polymarket_logreg_eval_v1,RAW,T2,OUTSIDER_ONLY,100.0,66,0.12121212121212122,0.39280885780885555,0.5951649360740235,16.29653846153846,0.1605669459668147,0.05874249928008349,0.5113614726366144
847,15,107,VALID_FOR_REPLAY,02c9ed7517c70cd4e3ac56fd0b12cdc9a22d8b4c,canonical_pnl_v1,polymarket_logreg_eval_v1,RAW,T3,COMBINED,100.0,916,0.7412663755458515,-42.120823599085014,-4.598343187673037,52.74256859245408,0.14502817047085997,0.03725028562378571,0.4713315047915485
847,15,107,VALID_FOR_REPLAY,02c9ed7517c70cd4e3ac56fd0b12cdc9a22d8b4c,canonical_pnl_v1,polymarket_logreg_eval_v1,RAW,T3,FAVORITE_ONLY,100.0,837,0.8052568697729988,6.518503886295113,0.7787937737509095,14.134962214218053,0.14502817047085997,0.03725028562378571,0.4713315047915485
847,15,107,VALID_FOR_REPLAY,02c9ed7517c70cd4e3ac56fd0b12cdc9a22d8b4c,canonical_pnl_v1,polymarket_logreg_eval_v1,RAW,T3,OUTSIDER_ONLY,100.0,79,0.06329113924050633,-48.63932748538012,-61.5687689688356,52.192660818713456,0.14502817047085997,0.03725028562378571,0.4713315047915485
847,15,107,VALID_FOR_REPLAY,02c9ed7517c70cd4e3ac56fd0b12cdc9a22d8b4c,canonical_pnl_v1,polymarket_logreg_eval_v1,PLATT,COMBINED,COMBINED,100.0,2835,0.7485008818342151,-47.24217181350793,-1.6663905401590098,73.70815632277181,0.1544546672163621,0.05120992276255854,0.49670776015678336
847,15,107,VALID_FOR_REPLAY,02c9ed7517c70cd4e3ac56fd0b12cdc9a22d8b4c,canonical_pnl_v1,polymarket_logreg_eval_v1,PLATT,COMBINED,FAVORITE_ONLY,100.0,2648,0.7941842900302115,-11.340225835509315,-0.4282562626702914,33.80175887816768,0.1544546672163621,0.05120992276255854,0.49670776015678336
847,15,107,VALID_FOR_REPLAY,02c9ed7517c70cd4e3ac56fd0b12cdc9a22d8b4c,canonical_pnl_v1,polymarket_logreg_eval_v1,PLATT,COMBINED,OUTSIDER_ONLY,100.0,187,0.10160427807486631,-35.9019459779986,-19.19890159251262,57.423185294237925,0.1544546672163621,0.05120992276255854,0.49670776015678336
847,15,107,VALID_FOR_REPLAY,02c9ed7517c70cd4e3ac56fd0b12cdc9a22d8b4c,canonical_pnl_v1,polymarket_logreg_eval_v1,PLATT,T1,COMBINED,100.0,995,0.7638190954773869,6.9826711666857975,0.701775996651839,35.68035983505944,0.15776888521141164,0.06167376713644334,0.5074303030421872
847,15,107,VALID_FOR_REPLAY,02c9ed7517c70cd4e3ac56fd0b12cdc9a22d8b4c,canonical_pnl_v1,polymarket_logreg_eval_v1,PLATT,T1,FAVORITE_ONLY,100.0,953,0.7911857292759706,-5.361901482886866,-0.5626339436397552,22.817610608040518,0.15776888521141164,0.06167376713644334,0.5074303030421872
847,15,107,VALID_FOR_REPLAY,02c9ed7517c70cd4e3ac56fd0b12cdc9a22d8b4c,canonical_pnl_v1,polymarket_logreg_eval_v1,PLATT,T1,OUTSIDER_ONLY,100.0,42,0.14285714285714285,12.34457264957266,29.391839641839667,25.0,0.15776888521141164,0.06167376713644334,0.5074303030421872
847,15,107,VALID_FOR_REPLAY,02c9ed7517c70cd4e3ac56fd0b12cdc9a22d8b4c,canonical_pnl_v1,polymarket_logreg_eval_v1,PLATT,T2,COMBINED,100.0,924,0.7391774891774892,-12.10401938110871,-1.3099588074792976,30.897238423511908,0.1605669459668147,0.05874249928008349,0.5113614726366144
847,15,107,VALID_FOR_REPLAY,02c9ed7517c70cd4e3ac56fd0b12cdc9a22d8b4c,canonical_pnl_v1,polymarket_logreg_eval_v1,PLATT,T2,FAVORITE_ONLY,100.0,858,0.7867132867132867,-12.496828238917558,-1.4565067877526292,18.206383810067067,0.1605669459668147,0.05874249928008349,0.5113614726366144
847,15,107,VALID_FOR_REPLAY,02c9ed7517c70cd4e3ac56fd0b12cdc9a22d8b4c,canonical_pnl_v1,polymarket_logreg_eval_v1,PLATT,T2,OUTSIDER_ONLY,100.0,66,0.12121212121212122,0.39280885780885555,0.5951649360740235,16.29653846153846,0.1605669459668147,0.05874249928008349,0.5113614726366144
847,15,107,VALID_FOR_REPLAY,02c9ed7517c70cd4e3ac56fd0b12cdc9a22d8b4c,canonical_pnl_v1,polymarket_logreg_eval_v1,PLATT,T3,COMBINED,100.0,916,0.7412663755458515,-42.120823599085014,-4.598343187673037,52.74256859245408,0.14502817047085997,0.03725028562378571,0.4713315047915485
847,15,107,VALID_FOR_REPLAY,02c9ed7517c70cd4e3ac56fd0b12cdc9a22d8b4c,canonical_pnl_v1,polymarket_logreg_eval_v1,PLATT,T3,FAVORITE_ONLY,100.0,837,0.8052568697729988,6.518503886295113,0.7787937737509095,14.134962214218053,0.14502817047085997,0.03725028562378571,0.4713315047915485
847,15,107,VALID_FOR_REPLAY,02c9ed7517c70cd4e3ac56fd0b12cdc9a22d8b4c,canonical_pnl_v1,polymarket_logreg_eval_v1,PLATT,T3,OUTSIDER_ONLY,100.0,79,0.06329113924050633,-48.63932748538012,-61.5687689688356,52.192660818713456,0.14502817047085997,0.03725028562378571,0.4713315047915485
848,16,108,VALID_FOR_REPLAY,02c9ed7517c70cd4e3ac56fd0b12cdc9a22d8b4c,canonical_pnl_v1,polymarket_logreg_eval_v1,RAW,COMBINED,COMBINED,100.0,2835,0.7485008818342151,-47.24217181350793,-1.6663905401590098,73.70815632277181,0.1544546672163621,0.05120992276255854,0.49670776015678336
848,16,108,VALID_FOR_REPLAY,02c9ed7517c70cd4e3ac56fd0b12cdc9a22d8b4c,canonical_pnl_v1,polymarket_logreg_eval_v1,RAW,COMBINED,FAVORITE_ONLY,100.0,2648,0.7941842900302115,-11.340225835509315,-0.4282562626702914,33.80175887816768,0.1544546672163621,0.05120992276255854,0.49670776015678336
848,16,108,VALID_FOR_REPLAY,02c9ed7517c70cd4e3ac56fd0b12cdc9a22d8b4c,canonical_pnl_v1,polymarket_logreg_eval_v1,RAW,COMBINED,OUTSIDER_ONLY,100.0,187,0.10160427807486631,-35.9019459779986,-19.19890159251262,57.423185294237925,0.1544546672163621,0.05120992276255854,0.49670776015678336
848,16,108,VALID_FOR_REPLAY,02c9ed7517c70cd4e3ac56fd0b12cdc9a22d8b4c,canonical_pnl_v1,polymarket_logreg_eval_v1,RAW,T1,COMBINED,100.0,995,0.7638190954773869,6.9826711666857975,0.701775996651839,35.68035983505944,0.15776888521141164,0.06167376713644334,0.5074303030421872
848,16,108,VALID_FOR_REPLAY,02c9ed7517c70cd4e3ac56fd0b12cdc9a22d8b4c,canonical_pnl_v1,polymarket_logreg_eval_v1,RAW,T1,FAVORITE_ONLY,100.0,953,0.7911857292759706,-5.361901482886866,-0.5626339436397552,22.817610608040518,0.15776888521141164,0.06167376713644334,0.5074303030421872
848,16,108,VALID_FOR_REPLAY,02c9ed7517c70cd4e3ac56fd0b12cdc9a22d8b4c,canonical_pnl_v1,polymarket_logreg_eval_v1,RAW,T1,OUTSIDER_ONLY,100.0,42,0.14285714285714285,12.34457264957266,29.391839641839667,25.0,0.15776888521141164,0.06167376713644334,0.5074303030421872
848,16,108,VALID_FOR_REPLAY,02c9ed7517c70cd4e3ac56fd0b12cdc9a22d8b4c,canonical_pnl_v1,polymarket_logreg_eval_v1,RAW,T2,COMBINED,100.0,924,0.7391774891774892,-12.10401938110871,-1.3099588074792976,30.897238423511908,0.1605669459668147,0.05874249928008349,0.5113614726366144
848,16,108,VALID_FOR_REPLAY,02c9ed7517c70cd4e3ac56fd0b12cdc9a22d8b4c,canonical_pnl_v1,polymarket_logreg_eval_v1,RAW,T2,FAVORITE_ONLY,100.0,858,0.7867132867132867,-12.496828238917558,-1.4565067877526292,18.206383810067067,0.1605669459668147,0.05874249928008349,0.5113614726366144
848,16,108,VALID_FOR_REPLAY,02c9ed7517c70cd4e3ac56fd0b12cdc9a22d8b4c,canonical_pnl_v1,polymarket_logreg_eval_v1,RAW,T2,OUTSIDER_ONLY,100.0,66,0.12121212121212122,0.39280885780885555,0.5951649360740235,16.29653846153846,0.1605669459668147,0.05874249928008349,0.5113614726366144
848,16,108,VALID_FOR_REPLAY,02c9ed7517c70cd4e3ac56fd0b12cdc9a22d8b4c,canonical_pnl_v1,polymarket_logreg_eval_v1,RAW,T3,COMBINED,100.0,916,0.7412663755458515,-42.120823599085014,-4.598343187673037,52.74256859245408,0.14502817047085997,0.03725028562378571,0.4713315047915485
848,16,108,VALID_FOR_REPLAY,02c9ed7517c70cd4e3ac56fd0b12cdc9a22d8b4c,canonical_pnl_v1,polymarket_logreg_eval_v1,RAW,T3,FAVORITE_ONLY,100.0,837,0.8052568697729988,6.518503886295113,0.7787937737509095,14.134962214218053,0.14502817047085997,0.03725028562378571,0.4713315047915485
848,16,108,VALID_FOR_REPLAY,02c9ed7517c70cd4e3ac56fd0b12cdc9a22d8b4c,canonical_pnl_v1,polymarket_logreg_eval_v1,RAW,T3,OUTSIDER_ONLY,100.0,79,0.06329113924050633,-48.63932748538012,-61.5687689688356,52.192660818713456,0.14502817047085997,0.03725028562378571,0.4713315047915485
848,16,108,VALID_FOR_REPLAY,02c9ed7517c70cd4e3ac56fd0b12cdc9a22d8b4c,canonical_pnl_v1,polymarket_logreg_eval_v1,PLATT,COMBINED,COMBINED,100.0,2835,0.7485008818342151,-47.24217181350793,-1.6663905401590098,73.70815632277181,0.1544546672163621,0.05120992276255854,0.49670776015678336
848,16,108,VALID_FOR_REPLAY,02c9ed7517c70cd4e3ac56fd0b12cdc9a22d8b4c,canonical_pnl_v1,polymarket_logreg_eval_v1,PLATT,COMBINED,FAVORITE_ONLY,100.0,2648,0.7941842900302115,-11.340225835509315,-0.4282562626702914,33.80175887816768,0.1544546672163621,0.05120992276255854,0.49670776015678336
848,16,108,VALID_FOR_REPLAY,02c9ed7517c70cd4e3ac56fd0b12cdc9a22d8b4c,canonical_pnl_v1,polymarket_logreg_eval_v1,PLATT,COMBINED,OUTSIDER_ONLY,100.0,187,0.10160427807486631,-35.9019459779986,-19.19890159251262,57.423185294237925,0.1544546672163621,0.05120992276255854,0.49670776015678336
848,16,108,VALID_FOR_REPLAY,02c9ed7517c70cd4e3ac56fd0b12cdc9a22d8b4c,canonical_pnl_v1,polymarket_logreg_eval_v1,PLATT,T1,COMBINED,100.0,995,0.7638190954773869,6.9826711666857975,0.701775996651839,35.68035983505944,0.15776888521141164,0.06167376713644334,0.5074303030421872
848,16,108,VALID_FOR_REPLAY,02c9ed7517c70cd4e3ac56fd0b12cdc9a22d8b4c,canonical_pnl_v1,polymarket_logreg_eval_v1,PLATT,T1,FAVORITE_ONLY,100.0,953,0.7911857292759706,-5.361901482886866,-0.5626339436397552,22.817610608040518,0.15776888521141164,0.06167376713644334,0.5074303030421872
848,16,108,VALID_FOR_REPLAY,02c9ed7517c70cd4e3ac56fd0b12cdc9a22d8b4c,canonical_pnl_v1,polymarket_logreg_eval_v1,PLATT,T1,OUTSIDER_ONLY,100.0,42,0.14285714285714285,12.34457264957266,29.391839641839667,25.0,0.15776888521141164,0.06167376713644334,0.5074303030421872
848,16,108,VALID_FOR_REPLAY,02c9ed7517c70cd4e3ac56fd0b12cdc9a22d8b4c,canonical_pnl_v1,polymarket_logreg_eval_v1,PLATT,T2,COMBINED,100.0,924,0.7391774891774892,-12.10401938110871,-1.3099588074792976,30.897238423511908,0.1605669459668147,0.05874249928008349,0.5113614726366144
848,16,108,VALID_FOR_REPLAY,02c9ed7517c70cd4e3ac56fd0b12cdc9a22d8b4c,canonical_pnl_v1,polymarket_logreg_eval_v1,PLATT,T2,FAVORITE_ONLY,100.0,858,0.7867132867132867,-12.496828238917558,-1.4565067877526292,18.206383810067067,0.1605669459668147,0.05874249928008349,0.5113614726366144
848,16,108,VALID_FOR_REPLAY,02c9ed7517c70cd4e3ac56fd0b12cdc9a22d8b4c,canonical_pnl_v1,polymarket_logreg_eval_v1,PLATT,T2,OUTSIDER_ONLY,100.0,66,0.12121212121212122,0.39280885780885555,0.5951649360740235,16.29653846153846,0.1605669459668147,0.05874249928008349,0.5113614726366144
848,16,108,VALID_FOR_REPLAY,02c9ed7517c70cd4e3ac56fd0b12cdc9a22d8b4c,canonical_pnl_v1,polymarket_logreg_eval_v1,PLATT,T3,COMBINED,100.0,916,0.7412663755458515,-42.120823599085014,-4.598343187673037,52.74256859245408,0.14502817047085997,0.03725028562378571,0.4713315047915485
848,16,108,VALID_FOR_REPLAY,02c9ed7517c70cd4e3ac56fd0b12cdc9a22d8b4c,canonical_pnl_v1,polymarket_logreg_eval_v1,PLATT,T3,FAVORITE_ONLY,100.0,837,0.8052568697729988,6.518503886295113,0.7787937737509095,14.134962214218053,0.14502817047085997,0.03725028562378571,0.4713315047915485
848,16,108,VALID_FOR_REPLAY,02c9ed7517c70cd4e3ac56fd0b12cdc9a22d8b4c,canonical_pnl_v1,polymarket_logreg_eval_v1,PLATT,T3,OUTSIDER_ONLY,100.0,79,0.06329113924050633,-48.63932748538012,-61.5687689688356,52.192660818713456,0.14502817047085997,0.03725028562378571,0.4713315047915485
849,17,109,VALID_FOR_REPLAY,02c9ed7517c70cd4e3ac56fd0b12cdc9a22d8b4c,canonical_pnl_v1,polymarket_logreg_eval_v1,RAW,COMBINED,COMBINED,100.0,2716,0.7363770250368189,-46.410600044746346,-1.7087849795561982,77.37289102650028,0.15437165635729272,0.05326903548902104,0.49674532266006866
849,17,109,VALID_FOR_REPLAY,02c9ed7517c70cd4e3ac56fd0b12cdc9a22d8b4c,canonical_pnl_v1,polymarket_logreg_eval_v1,RAW,COMBINED,FAVORITE_ONLY,100.0,2485,0.7943661971830986,-11.976821487562223,-0.4819646473868098,37.15330635944483,0.15437165635729272,0.05326903548902104,0.49674532266006866
849,17,109,VALID_FOR_REPLAY,02c9ed7517c70cd4e3ac56fd0b12cdc9a22d8b4c,canonical_pnl_v1,polymarket_logreg_eval_v1,RAW,COMBINED,OUTSIDER_ONLY,100.0,231,0.11255411255411256,-34.43377855718413,-14.906397643802652,59.533479411885,0.15437165635729272,0.05326903548902104,0.49674532266006866
849,17,109,VALID_FOR_REPLAY,02c9ed7517c70cd4e3ac56fd0b12cdc9a22d8b4c,canonical_pnl_v1,polymarket_logreg_eval_v1,RAW,T1,COMBINED,100.0,965,0.7502590673575129,9.56381960590484,0.9910693892129366,43.57745958165509,0.15772124160133388,0.06615092362982966,0.5077039973921419
849,17,109,VALID_FOR_REPLAY,02c9ed7517c70cd4e3ac56fd0b12cdc9a22d8b4c,canonical_pnl_v1,polymarket_logreg_eval_v1,RAW,T1,FAVORITE_ONLY,100.0,905,0.7900552486187845,-6.379214582129359,-0.7048855891855645,24.861109906276155,0.15772124160133388,0.06615092362982966,0.5077039973921419
849,17,109,VALID_FOR_REPLAY,02c9ed7517c70cd4e3ac56fd0b12cdc9a22d8b4c,canonical_pnl_v1,polymarket_logreg_eval_v1,RAW,T1,OUTSIDER_ONLY,100.0,60,0.15,15.943034188034197,26.57172364672366,31.0,0.15772124160133388,0.06615092362982966,0.5077039973921419
849,17,109,VALID_FOR_REPLAY,02c9ed7517c70cd4e3ac56fd0b12cdc9a22d8b4c,canonical_pnl_v1,polymarket_logreg_eval_v1,RAW,T2,COMBINED,100.0,877,0.7240592930444698,-16.223606486014237,-1.8498981169913613,32.41842493749769,0.1604344610211392,0.061758042349189565,0.5112254821570528
849,17,109,VALID_FOR_REPLAY,02c9ed7517c70cd4e3ac56fd0b12cdc9a22d8b4c,canonical_pnl_v1,polymarket_logreg_eval_v1,RAW,T2,FAVORITE_ONLY,100.0,796,0.785175879396985,-14.421121226176036,-1.811698646504527,16.432013147554517,0.1604344610211392,0.061758042349189565,0.5112254821570528
849,17,109,VALID_FOR_REPLAY,02c9ed7517c70cd4e3ac56fd0b12cdc9a22d8b4c,canonical_pnl_v1,polymarket_logreg_eval_v1,RAW,T2,OUTSIDER_ONLY,100.0,81,0.12345679012345678,-1.8024852598382042,-2.2252904442446964,24.296538461538464,0.1604344610211392,0.061758042349189565,0.5112254821570528
849,17,109,VALID_FOR_REPLAY,02c9ed7517c70cd4e3ac56fd0b12cdc9a22d8b4c,canonical_pnl_v1,polymarket_logreg_eval_v1,RAW,T3,COMBINED,100.0,874,0.7334096109839817,-39.75081316463694,-4.548147959340611,50.00894180353301,0.14495926644940507,0.03921122725242397,0.4713064884310113
849,17,109,VALID_FOR_REPLAY,02c9ed7517c70cd4e3ac56fd0b12cdc9a22d8b4c,canonical_pnl_v1,polymarket_logreg_eval_v1,RAW,T3,FAVORITE_ONLY,100.0,784,0.8086734693877551,8.823514320743177,1.125448255196834,12.027016462652956,0.14495926644940507,0.03921122725242397,0.4713064884310113
849,17,109,VALID_FOR_REPLAY,02c9ed7517c70cd4e3ac56fd0b12cdc9a22d8b4c,canonical_pnl_v1,polymarket_logreg_eval_v1,RAW,T3,OUTSIDER_ONLY,100.0,90,0.07777777777777778,-48.574327485380124,-53.9714749837557,52.12766081871346,0.14495926644940507,0.03921122725242397,0.4713064884310113
849,17,109,VALID_FOR_REPLAY,02c9ed7517c70cd4e3ac56fd0b12cdc9a22d8b4c,canonical_pnl_v1,polymarket_logreg_eval_v1,PLATT,COMBINED,COMBINED,100.0,2716,0.7363770250368189,-46.410600044746346,-1.7087849795561982,77.37289102650028,0.15437165635729272,0.05326903548902104,0.49674532266006866
849,17,109,VALID_FOR_REPLAY,02c9ed7517c70cd4e3ac56fd0b12cdc9a22d8b4c,canonical_pnl_v1,polymarket_logreg_eval_v1,PLATT,COMBINED,FAVORITE_ONLY,100.0,2485,0.7943661971830986,-11.976821487562223,-0.4819646473868098,37.15330635944483,0.15437165635729272,0.05326903548902104,0.49674532266006866
849,17,109,VALID_FOR_REPLAY,02c9ed7517c70cd4e3ac56fd0b12cdc9a22d8b4c,canonical_pnl_v1,polymarket_logreg_eval_v1,PLATT,COMBINED,OUTSIDER_ONLY,100.0,231,0.11255411255411256,-34.43377855718413,-14.906397643802652,59.533479411885,0.15437165635729272,0.05326903548902104,0.49674532266006866
849,17,109,VALID_FOR_REPLAY,02c9ed7517c70cd4e3ac56fd0b12cdc9a22d8b4c,canonical_pnl_v1,polymarket_logreg_eval_v1,PLATT,T1,COMBINED,100.0,965,0.7502590673575129,9.56381960590484,0.9910693892129366,43.57745958165509,0.15772124160133388,0.06615092362982966,0.5077039973921419
849,17,109,VALID_FOR_REPLAY,02c9ed7517c70cd4e3ac56fd0b12cdc9a22d8b4c,canonical_pnl_v1,polymarket_logreg_eval_v1,PLATT,T1,FAVORITE_ONLY,100.0,905,0.7900552486187845,-6.379214582129359,-0.7048855891855645,24.861109906276155,0.15772124160133388,0.06615092362982966,0.5077039973921419
849,17,109,VALID_FOR_REPLAY,02c9ed7517c70cd4e3ac56fd0b12cdc9a22d8b4c,canonical_pnl_v1,polymarket_logreg_eval_v1,PLATT,T1,OUTSIDER_ONLY,100.0,60,0.15,15.943034188034197,26.57172364672366,31.0,0.15772124160133388,0.06615092362982966,0.5077039973921419
849,17,109,VALID_FOR_REPLAY,02c9ed7517c70cd4e3ac56fd0b12cdc9a22d8b4c,canonical_pnl_v1,polymarket_logreg_eval_v1,PLATT,T2,COMBINED,100.0,877,0.7240592930444698,-16.223606486014237,-1.8498981169913613,32.41842493749769,0.1604344610211392,0.061758042349189565,0.5112254821570528
849,17,109,VALID_FOR_REPLAY,02c9ed7517c70cd4e3ac56fd0b12cdc9a22d8b4c,canonical_pnl_v1,polymarket_logreg_eval_v1,PLATT,T2,FAVORITE_ONLY,100.0,796,0.785175879396985,-14.421121226176036,-1.811698646504527,16.432013147554517,0.1604344610211392,0.061758042349189565,0.5112254821570528
849,17,109,VALID_FOR_REPLAY,02c9ed7517c70cd4e3ac56fd0b12cdc9a22d8b4c,canonical_pnl_v1,polymarket_logreg_eval_v1,PLATT,T2,OUTSIDER_ONLY,100.0,81,0.12345679012345678,-1.8024852598382042,-2.2252904442446964,24.296538461538464,0.1604344610211392,0.061758042349189565,0.5112254821570528
849,17,109,VALID_FOR_REPLAY,02c9ed7517c70cd4e3ac56fd0b12cdc9a22d8b4c,canonical_pnl_v1,polymarket_logreg_eval_v1,PLATT,T3,COMBINED,100.0,874,0.7334096109839817,-39.75081316463694,-4.548147959340611,50.00894180353301,0.14495926644940507,0.03921122725242397,0.4713064884310113
849,17,109,VALID_FOR_REPLAY,02c9ed7517c70cd4e3ac56fd0b12cdc9a22d8b4c,canonical_pnl_v1,polymarket_logreg_eval_v1,PLATT,T3,FAVORITE_ONLY,100.0,784,0.8086734693877551,8.823514320743177,1.125448255196834,12.027016462652956,0.14495926644940507,0.03921122725242397,0.4713064884310113
849,17,109,VALID_FOR_REPLAY,02c9ed7517c70cd4e3ac56fd0b12cdc9a22d8b4c,canonical_pnl_v1,polymarket_logreg_eval_v1,PLATT,T3,OUTSIDER_ONLY,100.0,90,0.07777777777777778,-48.574327485380124,-53.9714749837557,52.12766081871346,0.14495926644940507,0.03921122725242397,0.4713064884310113
850,14,110,VALID_FOR_REPLAY,02c9ed7517c70cd4e3ac56fd0b12cdc9a22d8b4c,canonical_pnl_v1,polymarket_logreg_eval_v1,RAW,COMBINED,COMBINED,100.0,2155,0.5665893271461717,-42.07444955480813,-1.952410652195273,82.80755959938688,0.22330020858866664,0.01732512802369987,0.6388532081609786
850,14,110,VALID_FOR_REPLAY,02c9ed7517c70cd4e3ac56fd0b12cdc9a22d8b4c,canonical_pnl_v1,polymarket_logreg_eval_v1,RAW,COMBINED,FAVORITE_ONLY,100.0,1795,0.6295264623955432,-9.795923176971392,-0.5457338817254257,56.4716956332594,0.22330020858866664,0.01732512802369987,0.6388532081609786
850,14,110,VALID_FOR_REPLAY,02c9ed7517c70cd4e3ac56fd0b12cdc9a22d8b4c,canonical_pnl_v1,polymarket_logreg_eval_v1,RAW,COMBINED,OUTSIDER_ONLY,100.0,360,0.25277777777777777,-32.27852637783675,-8.966257327176875,49.96659986246194,0.22330020858866664,0.01732512802369987,0.6388532081609786
850,14,110,VALID_FOR_REPLAY,02c9ed7517c70cd4e3ac56fd0b12cdc9a22d8b4c,canonical_pnl_v1,polymarket_logreg_eval_v1,RAW,T1,COMBINED,100.0,742,0.610512129380054,15.318876066046492,2.064538553375538,30.443152672647315,0.21916500985959855,0.010437610655504222,0.6301652011841343
850,14,110,VALID_FOR_REPLAY,02c9ed7517c70cd4e3ac56fd0b12cdc9a22d8b4c,canonical_pnl_v1,polymarket_logreg_eval_v1,RAW,T1,FAVORITE_ONLY,100.0,657,0.6575342465753424,24.469560809145037,3.724438479321923,17.023249666559405,0.21916500985959855,0.010437610655504222,0.6301652011841343
850,14,110,VALID_FOR_REPLAY,02c9ed7517c70cd4e3ac56fd0b12cdc9a22d8b4c,canonical_pnl_v1,polymarket_logreg_eval_v1,RAW,T1,OUTSIDER_ONLY,100.0,85,0.24705882352941178,-9.150684743098545,-10.765511462468876,18.834826603792123,0.21916500985959855,0.010437610655504222,0.6301652011841343
850,14,110,VALID_FOR_REPLAY,02c9ed7517c70cd4e3ac56fd0b12cdc9a22d8b4c,canonical_pnl_v1,polymarket_logreg_eval_v1,RAW,T2,COMBINED,100.0,739,0.550744248985115,-31.814799102347724,-4.305114898829191,43.47847097704177,0.2295581191610267,0.03707364912611196,0.6520201316021035
850,14,110,VALID_FOR_REPLAY,02c9ed7517c70cd4e3ac56fd0b12cdc9a22d8b4c,canonical_pnl_v1,polymarket_logreg_eval_v1,RAW,T2,FAVORITE_ONLY,100.0,617,0.6077795786061588,-25.548855492955827,-4.140819366767557,38.92551123446147,0.2295581191610267,0.03707364912611196,0.6520201316021035
850,14,110,VALID_FOR_REPLAY,02c9ed7517c70cd4e3ac56fd0b12cdc9a22d8b4c,canonical_pnl_v1,polymarket_logreg_eval_v1,RAW,T2,OUTSIDER_ONLY,100.0,122,0.26229508196721313,-6.265943609391892,-5.136019351960567,18.1508831908832,0.2295581191610267,0.03707364912611196,0.6520201316021035
850,14,110,VALID_FOR_REPLAY,02c9ed7517c70cd4e3ac56fd0b12cdc9a22d8b4c,canonical_pnl_v1,polymarket_logreg_eval_v1,RAW,T3,COMBINED,100.0,674,0.5356083086053413,-25.578526518506916,-3.79503360808708,43.82856312570735,0.22117749674537454,0.015008206810748112,0.6343742916966981
850,14,110,VALID_FOR_REPLAY,02c9ed7517c70cd4e3ac56fd0b12cdc9a22d8b4c,canonical_pnl_v1,polymarket_logreg_eval_v1,RAW,T3,FAVORITE_ONLY,100.0,521,0.6199616122840691,-8.716628493160602,-1.6730572923532825,19.303930125293668,0.22117749674537454,0.015008206810748112,0.6343742916966981
850,14,110,VALID_FOR_REPLAY,02c9ed7517c70cd4e3ac56fd0b12cdc9a22d8b4c,canonical_pnl_v1,polymarket_logreg_eval_v1,RAW,T3,OUTSIDER_ONLY,100.0,153,0.24836601307189543,-16.86189802534631,-11.020848382579288,29.43476962373514,0.22117749674537454,0.015008206810748112,0.6343742916966981
850,14,110,VALID_FOR_REPLAY,02c9ed7517c70cd4e3ac56fd0b12cdc9a22d8b4c,canonical_pnl_v1,polymarket_logreg_eval_v1,PLATT,COMBINED,COMBINED,100.0,2155,0.5665893271461717,-42.07444955480813,-1.952410652195273,82.80755959938688,0.22330020858866664,0.01732512802369987,0.6388532081609786
850,14,110,VALID_FOR_REPLAY,02c9ed7517c70cd4e3ac56fd0b12cdc9a22d8b4c,canonical_pnl_v1,polymarket_logreg_eval_v1,PLATT,COMBINED,FAVORITE_ONLY,100.0,1795,0.6295264623955432,-9.795923176971392,-0.5457338817254257,56.4716956332594,0.22330020858866664,0.01732512802369987,0.6388532081609786
850,14,110,VALID_FOR_REPLAY,02c9ed7517c70cd4e3ac56fd0b12cdc9a22d8b4c,canonical_pnl_v1,polymarket_logreg_eval_v1,PLATT,COMBINED,OUTSIDER_ONLY,100.0,360,0.25277777777777777,-32.27852637783675,-8.966257327176875,49.96659986246194,0.22330020858866664,0.01732512802369987,0.6388532081609786
850,14,110,VALID_FOR_REPLAY,02c9ed7517c70cd4e3ac56fd0b12cdc9a22d8b4c,canonical_pnl_v1,polymarket_logreg_eval_v1,PLATT,T1,COMBINED,100.0,742,0.610512129380054,15.318876066046492,2.064538553375538,30.443152672647315,0.21916500985959855,0.010437610655504222,0.6301652011841343
850,14,110,VALID_FOR_REPLAY,02c9ed7517c70cd4e3ac56fd0b12cdc9a22d8b4c,canonical_pnl_v1,polymarket_logreg_eval_v1,PLATT,T1,FAVORITE_ONLY,100.0,657,0.6575342465753424,24.469560809145037,3.724438479321923,17.023249666559405,0.21916500985959855,0.010437610655504222,0.6301652011841343
850,14,110,VALID_FOR_REPLAY,02c9ed7517c70cd4e3ac56fd0b12cdc9a22d8b4c,canonical_pnl_v1,polymarket_logreg_eval_v1,PLATT,T1,OUTSIDER_ONLY,100.0,85,0.24705882352941178,-9.150684743098545,-10.765511462468876,18.834826603792123,0.21916500985959855,0.010437610655504222,0.6301652011841343
850,14,110,VALID_FOR_REPLAY,02c9ed7517c70cd4e3ac56fd0b12cdc9a22d8b4c,canonical_pnl_v1,polymarket_logreg_eval_v1,PLATT,T2,COMBINED,100.0,739,0.550744248985115,-31.814799102347724,-4.305114898829191,43.47847097704177,0.2295581191610267,0.03707364912611196,0.6520201316021035
850,14,110,VALID_FOR_REPLAY,02c9ed7517c70cd4e3ac56fd0b12cdc9a22d8b4c,canonical_pnl_v1,polymarket_logreg_eval_v1,PLATT,T2,FAVORITE_ONLY,100.0,617,0.6077795786061588,-25.548855492955827,-4.140819366767557,38.92551123446147,0.2295581191610267,0.03707364912611196,0.6520201316021035
850,14,110,VALID_FOR_REPLAY,02c9ed7517c70cd4e3ac56fd0b12cdc9a22d8b4c,canonical_pnl_v1,polymarket_logreg_eval_v1,PLATT,T2,OUTSIDER_ONLY,100.0,122,0.26229508196721313,-6.265943609391892,-5.136019351960567,18.1508831908832,0.2295581191610267,0.03707364912611196,0.6520201316021035
850,14,110,VALID_FOR_REPLAY,02c9ed7517c70cd4e3ac56fd0b12cdc9a22d8b4c,canonical_pnl_v1,polymarket_logreg_eval_v1,PLATT,T3,COMBINED,100.0,674,0.5356083086053413,-25.578526518506916,-3.79503360808708,43.82856312570735,0.22117749674537454,0.015008206810748112,0.6343742916966981
850,14,110,VALID_FOR_REPLAY,02c9ed7517c70cd4e3ac56fd0b12cdc9a22d8b4c,canonical_pnl_v1,polymarket_logreg_eval_v1,PLATT,T3,FAVORITE_ONLY,100.0,521,0.6199616122840691,-8.716628493160602,-1.6730572923532825,19.303930125293668,0.22117749674537454,0.015008206810748112,0.6343742916966981
850,14,110,VALID_FOR_REPLAY,02c9ed7517c70cd4e3ac56fd0b12cdc9a22d8b4c,canonical_pnl_v1,polymarket_logreg_eval_v1,PLATT,T3,OUTSIDER_ONLY,100.0,153,0.24836601307189543,-16.86189802534631,-11.020848382579288,29.43476962373514,0.22117749674537454,0.015008206810748112,0.6343742916966981
851,15,111,VALID_FOR_REPLAY,02c9ed7517c70cd4e3ac56fd0b12cdc9a22d8b4c,canonical_pnl_v1,polymarket_logreg_eval_v1,RAW,COMBINED,COMBINED,100.0,2155,0.5665893271461717,-42.07444955480813,-1.952410652195273,82.80755959938688,0.22330020858866664,0.01732512802369987,0.6388532081609786
851,15,111,VALID_FOR_REPLAY,02c9ed7517c70cd4e3ac56fd0b12cdc9a22d8b4c,canonical_pnl_v1,polymarket_logreg_eval_v1,RAW,COMBINED,FAVORITE_ONLY,100.0,1795,0.6295264623955432,-9.795923176971392,-0.5457338817254257,56.4716956332594,0.22330020858866664,0.01732512802369987,0.6388532081609786
851,15,111,VALID_FOR_REPLAY,02c9ed7517c70cd4e3ac56fd0b12cdc9a22d8b4c,canonical_pnl_v1,polymarket_logreg_eval_v1,RAW,COMBINED,OUTSIDER_ONLY,100.0,360,0.25277777777777777,-32.27852637783675,-8.966257327176875,49.96659986246194,0.22330020858866664,0.01732512802369987,0.6388532081609786
851,15,111,VALID_FOR_REPLAY,02c9ed7517c70cd4e3ac56fd0b12cdc9a22d8b4c,canonical_pnl_v1,polymarket_logreg_eval_v1,RAW,T1,COMBINED,100.0,742,0.610512129380054,15.318876066046492,2.064538553375538,30.443152672647315,0.21916500985959855,0.010437610655504222,0.6301652011841343
851,15,111,VALID_FOR_REPLAY,02c9ed7517c70cd4e3ac56fd0b12cdc9a22d8b4c,canonical_pnl_v1,polymarket_logreg_eval_v1,RAW,T1,FAVORITE_ONLY,100.0,657,0.6575342465753424,24.469560809145037,3.724438479321923,17.023249666559405,0.21916500985959855,0.010437610655504222,0.6301652011841343
851,15,111,VALID_FOR_REPLAY,02c9ed7517c70cd4e3ac56fd0b12cdc9a22d8b4c,canonical_pnl_v1,polymarket_logreg_eval_v1,RAW,T1,OUTSIDER_ONLY,100.0,85,0.24705882352941178,-9.150684743098545,-10.765511462468876,18.834826603792123,0.21916500985959855,0.010437610655504222,0.6301652011841343
851,15,111,VALID_FOR_REPLAY,02c9ed7517c70cd4e3ac56fd0b12cdc9a22d8b4c,canonical_pnl_v1,polymarket_logreg_eval_v1,RAW,T2,COMBINED,100.0,739,0.550744248985115,-31.814799102347724,-4.305114898829191,43.47847097704177,0.2295581191610267,0.03707364912611196,0.6520201316021035
851,15,111,VALID_FOR_REPLAY,02c9ed7517c70cd4e3ac56fd0b12cdc9a22d8b4c,canonical_pnl_v1,polymarket_logreg_eval_v1,RAW,T2,FAVORITE_ONLY,100.0,617,0.6077795786061588,-25.548855492955827,-4.140819366767557,38.92551123446147,0.2295581191610267,0.03707364912611196,0.6520201316021035
851,15,111,VALID_FOR_REPLAY,02c9ed7517c70cd4e3ac56fd0b12cdc9a22d8b4c,canonical_pnl_v1,polymarket_logreg_eval_v1,RAW,T2,OUTSIDER_ONLY,100.0,122,0.26229508196721313,-6.265943609391892,-5.136019351960567,18.1508831908832,0.2295581191610267,0.03707364912611196,0.6520201316021035
851,15,111,VALID_FOR_REPLAY,02c9ed7517c70cd4e3ac56fd0b12cdc9a22d8b4c,canonical_pnl_v1,polymarket_logreg_eval_v1,RAW,T3,COMBINED,100.0,674,0.5356083086053413,-25.578526518506916,-3.79503360808708,43.82856312570735,0.22117749674537454,0.015008206810748112,0.6343742916966981
851,15,111,VALID_FOR_REPLAY,02c9ed7517c70cd4e3ac56fd0b12cdc9a22d8b4c,canonical_pnl_v1,polymarket_logreg_eval_v1,RAW,T3,FAVORITE_ONLY,100.0,521,0.6199616122840691,-8.716628493160602,-1.6730572923532825,19.303930125293668,0.22117749674537454,0.015008206810748112,0.6343742916966981
851,15,111,VALID_FOR_REPLAY,02c9ed7517c70cd4e3ac56fd0b12cdc9a22d8b4c,canonical_pnl_v1,polymarket_logreg_eval_v1,RAW,T3,OUTSIDER_ONLY,100.0,153,0.24836601307189543,-16.86189802534631,-11.020848382579288,29.43476962373514,0.22117749674537454,0.015008206810748112,0.6343742916966981
851,15,111,VALID_FOR_REPLAY,02c9ed7517c70cd4e3ac56fd0b12cdc9a22d8b4c,canonical_pnl_v1,polymarket_logreg_eval_v1,PLATT,COMBINED,COMBINED,100.0,2155,0.5665893271461717,-42.07444955480813,-1.952410652195273,82.80755959938688,0.22330020858866664,0.01732512802369987,0.6388532081609786
851,15,111,VALID_FOR_REPLAY,02c9ed7517c70cd4e3ac56fd0b12cdc9a22d8b4c,canonical_pnl_v1,polymarket_logreg_eval_v1,PLATT,COMBINED,FAVORITE_ONLY,100.0,1795,0.6295264623955432,-9.795923176971392,-0.5457338817254257,56.4716956332594,0.22330020858866664,0.01732512802369987,0.6388532081609786
851,15,111,VALID_FOR_REPLAY,02c9ed7517c70cd4e3ac56fd0b12cdc9a22d8b4c,canonical_pnl_v1,polymarket_logreg_eval_v1,PLATT,COMBINED,OUTSIDER_ONLY,100.0,360,0.25277777777777777,-32.27852637783675,-8.966257327176875,49.96659986246194,0.22330020858866664,0.01732512802369987,0.6388532081609786
851,15,111,VALID_FOR_REPLAY,02c9ed7517c70cd4e3ac56fd0b12cdc9a22d8b4c,canonical_pnl_v1,polymarket_logreg_eval_v1,PLATT,T1,COMBINED,100.0,742,0.610512129380054,15.318876066046492,2.064538553375538,30.443152672647315,0.21916500985959855,0.010437610655504222,0.6301652011841343
851,15,111,VALID_FOR_REPLAY,02c9ed7517c70cd4e3ac56fd0b12cdc9a22d8b4c,canonical_pnl_v1,polymarket_logreg_eval_v1,PLATT,T1,FAVORITE_ONLY,100.0,657,0.6575342465753424,24.469560809145037,3.724438479321923,17.023249666559405,0.21916500985959855,0.010437610655504222,0.6301652011841343
851,15,111,VALID_FOR_REPLAY,02c9ed7517c70cd4e3ac56fd0b12cdc9a22d8b4c,canonical_pnl_v1,polymarket_logreg_eval_v1,PLATT,T1,OUTSIDER_ONLY,100.0,85,0.24705882352941178,-9.150684743098545,-10.765511462468876,18.834826603792123,0.21916500985959855,0.010437610655504222,0.6301652011841343
851,15,111,VALID_FOR_REPLAY,02c9ed7517c70cd4e3ac56fd0b12cdc9a22d8b4c,canonical_pnl_v1,polymarket_logreg_eval_v1,PLATT,T2,COMBINED,100.0,739,0.550744248985115,-31.814799102347724,-4.305114898829191,43.47847097704177,0.2295581191610267,0.03707364912611196,0.6520201316021035
851,15,111,VALID_FOR_REPLAY,02c9ed7517c70cd4e3ac56fd0b12cdc9a22d8b4c,canonical_pnl_v1,polymarket_logreg_eval_v1,PLATT,T2,FAVORITE_ONLY,100.0,617,0.6077795786061588,-25.548855492955827,-4.140819366767557,38.92551123446147,0.2295581191610267,0.03707364912611196,0.6520201316021035
851,15,111,VALID_FOR_REPLAY,02c9ed7517c70cd4e3ac56fd0b12cdc9a22d8b4c,canonical_pnl_v1,polymarket_logreg_eval_v1,PLATT,T2,OUTSIDER_ONLY,100.0,122,0.26229508196721313,-6.265943609391892,-5.136019351960567,18.1508831908832,0.2295581191610267,0.03707364912611196,0.6520201316021035
851,15,111,VALID_FOR_REPLAY,02c9ed7517c70cd4e3ac56fd0b12cdc9a22d8b4c,canonical_pnl_v1,polymarket_logreg_eval_v1,PLATT,T3,COMBINED,100.0,674,0.5356083086053413,-25.578526518506916,-3.79503360808708,43.82856312570735,0.22117749674537454,0.015008206810748112,0.6343742916966981
851,15,111,VALID_FOR_REPLAY,02c9ed7517c70cd4e3ac56fd0b12cdc9a22d8b4c,canonical_pnl_v1,polymarket_logreg_eval_v1,PLATT,T3,FAVORITE_ONLY,100.0,521,0.6199616122840691,-8.716628493160602,-1.6730572923532825,19.303930125293668,0.22117749674537454,0.015008206810748112,0.6343742916966981
851,15,111,VALID_FOR_REPLAY,02c9ed7517c70cd4e3ac56fd0b12cdc9a22d8b4c,canonical_pnl_v1,polymarket_logreg_eval_v1,PLATT,T3,OUTSIDER_ONLY,100.0,153,0.24836601307189543,-16.86189802534631,-11.020848382579288,29.43476962373514,0.22117749674537454,0.015008206810748112,0.6343742916966981
852,16,112,VALID_FOR_REPLAY,02c9ed7517c70cd4e3ac56fd0b12cdc9a22d8b4c,canonical_pnl_v1,polymarket_logreg_eval_v1,RAW,COMBINED,COMBINED,100.0,2123,0.5609985869053227,-41.16322708474948,-1.9389179031912143,90.4780172595428,0.22321092359318326,0.015397809788183957,0.6386448952737354
852,16,112,VALID_FOR_REPLAY,02c9ed7517c70cd4e3ac56fd0b12cdc9a22d8b4c,canonical_pnl_v1,polymarket_logreg_eval_v1,RAW,COMBINED,FAVORITE_ONLY,100.0,1728,0.6319444444444444,-0.9745857643839742,-0.0563996391425911,58.23287528099579,0.22321092359318326,0.015397809788183957,0.6386448952737354
852,16,112,VALID_FOR_REPLAY,02c9ed7517c70cd4e3ac56fd0b12cdc9a22d8b4c,canonical_pnl_v1,polymarket_logreg_eval_v1,RAW,COMBINED,OUTSIDER_ONLY,100.0,395,0.25063291139240507,-40.188641320365484,-10.174339574776072,58.80200805580118,0.22321092359318326,0.015397809788183957,0.6386448952737354
852,16,112,VALID_FOR_REPLAY,02c9ed7517c70cd4e3ac56fd0b12cdc9a22d8b4c,canonical_pnl_v1,polymarket_logreg_eval_v1,RAW,T1,COMBINED,100.0,738,0.6111111111111112,16.407024928678105,2.2231741095769793,25.804405522198028,0.21912682493896685,0.008426318234885063,0.6300791800120705
852,16,112,VALID_FOR_REPLAY,02c9ed7517c70cd4e3ac56fd0b12cdc9a22d8b4c,canonical_pnl_v1,polymarket_logreg_eval_v1,RAW,T1,FAVORITE_ONLY,100.0,650,0.6615384615384615,28.437020016604244,4.374926156400653,15.032946636256343,0.21912682493896685,0.008426318234885063,0.6300791800120705
852,16,112,VALID_FOR_REPLAY,02c9ed7517c70cd4e3ac56fd0b12cdc9a22d8b4c,canonical_pnl_v1,polymarket_logreg_eval_v1,RAW,T1,OUTSIDER_ONLY,100.0,88,0.23863636363636365,-12.029995087926128,-13.670448963552417,18.868165831614114,0.21912682493896685,0.008426318234885063,0.6300791800120705
852,16,112,VALID_FOR_REPLAY,02c9ed7517c70cd4e3ac56fd0b12cdc9a22d8b4c,canonical_pnl_v1,polymarket_logreg_eval_v1,RAW,T2,COMBINED,100.0,723,0.5463347164591977,-30.176860230874375,-4.173839589332555,45.199386391310256,0.2293515051885231,0.035629796261928984,0.6515401936285616
852,16,112,VALID_FOR_REPLAY,02c9ed7517c70cd4e3ac56fd0b12cdc9a22d8b4c,canonical_pnl_v1,polymarket_logreg_eval_v1,RAW,T2,FAVORITE_ONLY,100.0,594,0.6077441077441077,-23.709537311137645,-3.9915045978346204,38.5439327487542,0.2293515051885231,0.035629796261928984,0.6515401936285616
852,16,112,VALID_FOR_REPLAY,02c9ed7517c70cd4e3ac56fd0b12cdc9a22d8b4c,canonical_pnl_v1,polymarket_logreg_eval_v1,RAW,T2,OUTSIDER_ONLY,100.0,129,0.26356589147286824,-6.467322919736723,-5.013428619950948,19.318923273406035,0.2293515051885231,0.035629796261928984,0.6515401936285616
852,16,112,VALID_FOR_REPLAY,02c9ed7517c70cd4e3ac56fd0b12cdc9a22d8b4c,canonical_pnl_v1,polymarket_logreg_eval_v1,RAW,T3,COMBINED,100.0,662,0.5211480362537765,-27.393391782553216,-4.137974589509549,50.71779978942677,0.22115444065205989,0.016024201357847427,0.6343153121805738
852,16,112,VALID_FOR_REPLAY,02c9ed7517c70cd4e3ac56fd0b12cdc9a22d8b4c,canonical_pnl_v1,polymarket_logreg_eval_v1,RAW,T3,FAVORITE_ONLY,100.0,484,0.621900826446281,-5.70206846985058,-1.178113320217062,20.918995951044977,0.22115444065205989,0.016024201357847427,0.6343153121805738
852,16,112,VALID_FOR_REPLAY,02c9ed7517c70cd4e3ac56fd0b12cdc9a22d8b4c,canonical_pnl_v1,polymarket_logreg_eval_v1,RAW,T3,OUTSIDER_ONLY,100.0,178,0.24719101123595505,-21.69132331270264,-12.186136692529573,37.51545927890756,0.22115444065205989,0.016024201357847427,0.6343153121805738
852,16,112,VALID_FOR_REPLAY,02c9ed7517c70cd4e3ac56fd0b12cdc9a22d8b4c,canonical_pnl_v1,polymarket_logreg_eval_v1,PLATT,COMBINED,COMBINED,100.0,2123,0.5609985869053227,-41.16322708474948,-1.9389179031912143,90.4780172595428,0.22321092359318326,0.015397809788183957,0.6386448952737354
852,16,112,VALID_FOR_REPLAY,02c9ed7517c70cd4e3ac56fd0b12cdc9a22d8b4c,canonical_pnl_v1,polymarket_logreg_eval_v1,PLATT,COMBINED,FAVORITE_ONLY,100.0,1728,0.6319444444444444,-0.9745857643839742,-0.0563996391425911,58.23287528099579,0.22321092359318326,0.015397809788183957,0.6386448952737354
852,16,112,VALID_FOR_REPLAY,02c9ed7517c70cd4e3ac56fd0b12cdc9a22d8b4c,canonical_pnl_v1,polymarket_logreg_eval_v1,PLATT,COMBINED,OUTSIDER_ONLY,100.0,395,0.25063291139240507,-40.188641320365484,-10.174339574776072,58.80200805580118,0.22321092359318326,0.015397809788183957,0.6386448952737354
852,16,112,VALID_FOR_REPLAY,02c9ed7517c70cd4e3ac56fd0b12cdc9a22d8b4c,canonical_pnl_v1,polymarket_logreg_eval_v1,PLATT,T1,COMBINED,100.0,738,0.6111111111111112,16.407024928678105,2.2231741095769793,25.804405522198028,0.21912682493896685,0.008426318234885063,0.6300791800120705
852,16,112,VALID_FOR_REPLAY,02c9ed7517c70cd4e3ac56fd0b12cdc9a22d8b4c,canonical_pnl_v1,polymarket_logreg_eval_v1,PLATT,T1,FAVORITE_ONLY,100.0,650,0.6615384615384615,28.437020016604244,4.374926156400653,15.032946636256343,0.21912682493896685,0.008426318234885063,0.6300791800120705
852,16,112,VALID_FOR_REPLAY,02c9ed7517c70cd4e3ac56fd0b12cdc9a22d8b4c,canonical_pnl_v1,polymarket_logreg_eval_v1,PLATT,T1,OUTSIDER_ONLY,100.0,88,0.23863636363636365,-12.029995087926128,-13.670448963552417,18.868165831614114,0.21912682493896685,0.008426318234885063,0.6300791800120705
852,16,112,VALID_FOR_REPLAY,02c9ed7517c70cd4e3ac56fd0b12cdc9a22d8b4c,canonical_pnl_v1,polymarket_logreg_eval_v1,PLATT,T2,COMBINED,100.0,723,0.5463347164591977,-30.176860230874375,-4.173839589332555,45.199386391310256,0.2293515051885231,0.035629796261928984,0.6515401936285616
852,16,112,VALID_FOR_REPLAY,02c9ed7517c70cd4e3ac56fd0b12cdc9a22d8b4c,canonical_pnl_v1,polymarket_logreg_eval_v1,PLATT,T2,FAVORITE_ONLY,100.0,594,0.6077441077441077,-23.709537311137645,-3.9915045978346204,38.5439327487542,0.2293515051885231,0.035629796261928984,0.6515401936285616
852,16,112,VALID_FOR_REPLAY,02c9ed7517c70cd4e3ac56fd0b12cdc9a22d8b4c,canonical_pnl_v1,polymarket_logreg_eval_v1,PLATT,T2,OUTSIDER_ONLY,100.0,129,0.26356589147286824,-6.467322919736723,-5.013428619950948,19.318923273406035,0.2293515051885231,0.035629796261928984,0.6515401936285616
852,16,112,VALID_FOR_REPLAY,02c9ed7517c70cd4e3ac56fd0b12cdc9a22d8b4c,canonical_pnl_v1,polymarket_logreg_eval_v1,PLATT,T3,COMBINED,100.0,662,0.5211480362537765,-27.393391782553216,-4.137974589509549,50.71779978942677,0.22115444065205989,0.016024201357847427,0.6343153121805738
852,16,112,VALID_FOR_REPLAY,02c9ed7517c70cd4e3ac56fd0b12cdc9a22d8b4c,canonical_pnl_v1,polymarket_logreg_eval_v1,PLATT,T3,FAVORITE_ONLY,100.0,484,0.621900826446281,-5.70206846985058,-1.178113320217062,20.918995951044977,0.22115444065205989,0.016024201357847427,0.6343153121805738
852,16,112,VALID_FOR_REPLAY,02c9ed7517c70cd4e3ac56fd0b12cdc9a22d8b4c,canonical_pnl_v1,polymarket_logreg_eval_v1,PLATT,T3,OUTSIDER_ONLY,100.0,178,0.24719101123595505,-21.69132331270264,-12.186136692529573,37.51545927890756,0.22115444065205989,0.016024201357847427,0.6343153121805738
853,4,113,VALID_FOR_REPLAY,02c9ed7517c70cd4e3ac56fd0b12cdc9a22d8b4c,canonical_pnl_v1,polymarket_logreg_eval_v1,RAW,COMBINED,COMBINED,100.0,1003,0.481555333998006,-31.76733578923507,-3.1672318832736854,56.031067986321105,0.24526095937094478,0.017202075878233577,0.6836439734067075
853,4,113,VALID_FOR_REPLAY,02c9ed7517c70cd4e3ac56fd0b12cdc9a22d8b4c,canonical_pnl_v1,polymarket_logreg_eval_v1,RAW,COMBINED,FAVORITE_ONLY,100.0,575,0.52,-6.237131242016973,-1.084718476872517,42.45436243438687,0.24526095937094478,0.017202075878233577,0.6836439734067075
853,4,113,VALID_FOR_REPLAY,02c9ed7517c70cd4e3ac56fd0b12cdc9a22d8b4c,canonical_pnl_v1,polymarket_logreg_eval_v1,RAW,COMBINED,OUTSIDER_ONLY,100.0,283,0.37809187279151946,-29.406967118719834,-10.391154458911602,38.10437683700306,0.24526095937094478,0.017202075878233577,0.6836439734067075
853,4,113,VALID_FOR_REPLAY,02c9ed7517c70cd4e3ac56fd0b12cdc9a22d8b4c,canonical_pnl_v1,polymarket_logreg_eval_v1,RAW,T1,COMBINED,100.0,324,0.4444444444444444,-19.563675895767524,-6.038171572767754,30.188280901735823,0.2442165781037043,0.04174522690578878,0.6815518028232921
853,4,113,VALID_FOR_REPLAY,02c9ed7517c70cd4e3ac56fd0b12cdc9a22d8b4c,canonical_pnl_v1,polymarket_logreg_eval_v1,RAW,T1,FAVORITE_ONLY,100.0,117,0.5555555555555556,6.685272400144763,5.713908034311763,6.650822732576341,0.2442165781037043,0.04174522690578878,0.6815518028232921
853,4,113,VALID_FOR_REPLAY,02c9ed7517c70cd4e3ac56fd0b12cdc9a22d8b4c,canonical_pnl_v1,polymarket_logreg_eval_v1,RAW,T1,OUTSIDER_ONLY,100.0,182,0.36813186813186816,-24.47525980164665,-13.447944945959698,34.28084497842864,0.2442165781037043,0.04174522690578878,0.6815518028232921
853,4,113,VALID_FOR_REPLAY,02c9ed7517c70cd4e3ac56fd0b12cdc9a22d8b4c,canonical_pnl_v1,polymarket_logreg_eval_v1,RAW,T2,COMBINED,100.0,389,0.4755784061696658,-26.245623148804007,-6.746946824885349,31.529327350722642,0.24858838520773394,0.019387184783165548,0.6903294948720564
853,4,113,VALID_FOR_REPLAY,02c9ed7517c70cd4e3ac56fd0b12cdc9a22d8b4c,canonical_pnl_v1,polymarket_logreg_eval_v1,RAW,T2,FAVORITE_ONLY,100.0,273,0.46153846153846156,-33.80353970181056,-12.382248975022183,35.912308306494786,0.24858838520773394,0.019387184783165548,0.6903294948720564
853,4,113,VALID_FOR_REPLAY,02c9ed7517c70cd4e3ac56fd0b12cdc9a22d8b4c,canonical_pnl_v1,polymarket_logreg_eval_v1,RAW,T2,OUTSIDER_ONLY,100.0,46,0.43478260869565216,2.2048780487804818,4.793213149522786,7.9487804878048784,0.24858838520773394,0.019387184783165548,0.6903294948720564
853,4,113,VALID_FOR_REPLAY,02c9ed7517c70cd4e3ac56fd0b12cdc9a22d8b4c,canonical_pnl_v1,polymarket_logreg_eval_v1,RAW,T3,COMBINED,100.0,290,0.5310344827586206,14.04196325533646,4.842056294943607,14.007483992145497,0.24297995323404734,0.029237430057047313,0.6790547237309185
853,4,113,VALID_FOR_REPLAY,02c9ed7517c70cd4e3ac56fd0b12cdc9a22d8b4c,canonical_pnl_v1,polymarket_logreg_eval_v1,RAW,T3,FAVORITE_ONLY,100.0,185,0.5837837837837838,20.881136059648817,11.287100572783144,6.36606334841629,0.24297995323404734,0.029237430057047313,0.6790547237309185
853,4,113,VALID_FOR_REPLAY,02c9ed7517c70cd4e3ac56fd0b12cdc9a22d8b4c,canonical_pnl_v1,polymarket_logreg_eval_v1,RAW,T3,OUTSIDER_ONLY,100.0,55,0.36363636363636365,-7.136585365853664,-12.975609756097569,15.239024390243902,0.24297995323404734,0.029237430057047313,0.6790547237309185
853,4,113,VALID_FOR_REPLAY,02c9ed7517c70cd4e3ac56fd0b12cdc9a22d8b4c,canonical_pnl_v1,polymarket_logreg_eval_v1,PLATT,COMBINED,COMBINED,100.0,1003,0.481555333998006,-31.76733578923507,-3.1672318832736854,56.031067986321105,0.24526095937094478,0.017202075878233577,0.6836439734067075
853,4,113,VALID_FOR_REPLAY,02c9ed7517c70cd4e3ac56fd0b12cdc9a22d8b4c,canonical_pnl_v1,polymarket_logreg_eval_v1,PLATT,COMBINED,FAVORITE_ONLY,100.0,575,0.52,-6.237131242016973,-1.084718476872517,42.45436243438687,0.24526095937094478,0.017202075878233577,0.6836439734067075
853,4,113,VALID_FOR_REPLAY,02c9ed7517c70cd4e3ac56fd0b12cdc9a22d8b4c,canonical_pnl_v1,polymarket_logreg_eval_v1,PLATT,COMBINED,OUTSIDER_ONLY,100.0,283,0.37809187279151946,-29.406967118719834,-10.391154458911602,38.10437683700306,0.24526095937094478,0.017202075878233577,0.6836439734067075
853,4,113,VALID_FOR_REPLAY,02c9ed7517c70cd4e3ac56fd0b12cdc9a22d8b4c,canonical_pnl_v1,polymarket_logreg_eval_v1,PLATT,T1,COMBINED,100.0,324,0.4444444444444444,-19.563675895767524,-6.038171572767754,30.188280901735823,0.2442165781037043,0.04174522690578878,0.6815518028232921
853,4,113,VALID_FOR_REPLAY,02c9ed7517c70cd4e3ac56fd0b12cdc9a22d8b4c,canonical_pnl_v1,polymarket_logreg_eval_v1,PLATT,T1,FAVORITE_ONLY,100.0,117,0.5555555555555556,6.685272400144763,5.713908034311763,6.650822732576341,0.2442165781037043,0.04174522690578878,0.6815518028232921
853,4,113,VALID_FOR_REPLAY,02c9ed7517c70cd4e3ac56fd0b12cdc9a22d8b4c,canonical_pnl_v1,polymarket_logreg_eval_v1,PLATT,T1,OUTSIDER_ONLY,100.0,182,0.36813186813186816,-24.47525980164665,-13.447944945959698,34.28084497842864,0.2442165781037043,0.04174522690578878,0.6815518028232921
853,4,113,VALID_FOR_REPLAY,02c9ed7517c70cd4e3ac56fd0b12cdc9a22d8b4c,canonical_pnl_v1,polymarket_logreg_eval_v1,PLATT,T2,COMBINED,100.0,389,0.4755784061696658,-26.245623148804007,-6.746946824885349,31.529327350722642,0.24858838520773394,0.019387184783165548,0.6903294948720564
853,4,113,VALID_FOR_REPLAY,02c9ed7517c70cd4e3ac56fd0b12cdc9a22d8b4c,canonical_pnl_v1,polymarket_logreg_eval_v1,PLATT,T2,FAVORITE_ONLY,100.0,273,0.46153846153846156,-33.80353970181056,-12.382248975022183,35.912308306494786,0.24858838520773394,0.019387184783165548,0.6903294948720564
853,4,113,VALID_FOR_REPLAY,02c9ed7517c70cd4e3ac56fd0b12cdc9a22d8b4c,canonical_pnl_v1,polymarket_logreg_eval_v1,PLATT,T2,OUTSIDER_ONLY,100.0,46,0.43478260869565216,2.2048780487804818,4.793213149522786,7.9487804878048784,0.24858838520773394,0.019387184783165548,0.6903294948720564
853,4,113,VALID_FOR_REPLAY,02c9ed7517c70cd4e3ac56fd0b12cdc9a22d8b4c,canonical_pnl_v1,polymarket_logreg_eval_v1,PLATT,T3,COMBINED,100.0,290,0.5310344827586206,14.04196325533646,4.842056294943607,14.007483992145497,0.24297995323404734,0.029237430057047313,0.6790547237309185
853,4,113,VALID_FOR_REPLAY,02c9ed7517c70cd4e3ac56fd0b12cdc9a22d8b4c,canonical_pnl_v1,polymarket_logreg_eval_v1,PLATT,T3,FAVORITE_ONLY,100.0,185,0.5837837837837838,20.881136059648817,11.287100572783144,6.36606334841629,0.24297995323404734,0.029237430057047313,0.6790547237309185
853,4,113,VALID_FOR_REPLAY,02c9ed7517c70cd4e3ac56fd0b12cdc9a22d8b4c,canonical_pnl_v1,polymarket_logreg_eval_v1,PLATT,T3,OUTSIDER_ONLY,100.0,55,0.36363636363636365,-7.136585365853664,-12.975609756097569,15.239024390243902,0.24297995323404734,0.029237430057047313,0.6790547237309185
854,5,114,VALID_FOR_REPLAY,02c9ed7517c70cd4e3ac56fd0b12cdc9a22d8b4c,canonical_pnl_v1,polymarket_logreg_eval_v1,RAW,COMBINED,COMBINED,100.0,1003,0.481555333998006,-31.76733578923507,-3.1672318832736854,56.031067986321105,0.24526095937094478,0.017202075878233577,0.6836439734067075
854,5,114,VALID_FOR_REPLAY,02c9ed7517c70cd4e3ac56fd0b12cdc9a22d8b4c,canonical_pnl_v1,polymarket_logreg_eval_v1,RAW,COMBINED,FAVORITE_ONLY,100.0,575,0.52,-6.237131242016973,-1.084718476872517,42.45436243438687,0.24526095937094478,0.017202075878233577,0.6836439734067075
854,5,114,VALID_FOR_REPLAY,02c9ed7517c70cd4e3ac56fd0b12cdc9a22d8b4c,canonical_pnl_v1,polymarket_logreg_eval_v1,RAW,COMBINED,OUTSIDER_ONLY,100.0,283,0.37809187279151946,-29.406967118719834,-10.391154458911602,38.10437683700306,0.24526095937094478,0.017202075878233577,0.6836439734067075
854,5,114,VALID_FOR_REPLAY,02c9ed7517c70cd4e3ac56fd0b12cdc9a22d8b4c,canonical_pnl_v1,polymarket_logreg_eval_v1,RAW,T1,COMBINED,100.0,324,0.4444444444444444,-19.563675895767524,-6.038171572767754,30.188280901735823,0.2442165781037043,0.04174522690578878,0.6815518028232921
854,5,114,VALID_FOR_REPLAY,02c9ed7517c70cd4e3ac56fd0b12cdc9a22d8b4c,canonical_pnl_v1,polymarket_logreg_eval_v1,RAW,T1,FAVORITE_ONLY,100.0,117,0.5555555555555556,6.685272400144763,5.713908034311763,6.650822732576341,0.2442165781037043,0.04174522690578878,0.6815518028232921
854,5,114,VALID_FOR_REPLAY,02c9ed7517c70cd4e3ac56fd0b12cdc9a22d8b4c,canonical_pnl_v1,polymarket_logreg_eval_v1,RAW,T1,OUTSIDER_ONLY,100.0,182,0.36813186813186816,-24.47525980164665,-13.447944945959698,34.28084497842864,0.2442165781037043,0.04174522690578878,0.6815518028232921
854,5,114,VALID_FOR_REPLAY,02c9ed7517c70cd4e3ac56fd0b12cdc9a22d8b4c,canonical_pnl_v1,polymarket_logreg_eval_v1,RAW,T2,COMBINED,100.0,389,0.4755784061696658,-26.245623148804007,-6.746946824885349,31.529327350722642,0.24858838520773394,0.019387184783165548,0.6903294948720564
854,5,114,VALID_FOR_REPLAY,02c9ed7517c70cd4e3ac56fd0b12cdc9a22d8b4c,canonical_pnl_v1,polymarket_logreg_eval_v1,RAW,T2,FAVORITE_ONLY,100.0,273,0.46153846153846156,-33.80353970181056,-12.382248975022183,35.912308306494786,0.24858838520773394,0.019387184783165548,0.6903294948720564
854,5,114,VALID_FOR_REPLAY,02c9ed7517c70cd4e3ac56fd0b12cdc9a22d8b4c,canonical_pnl_v1,polymarket_logreg_eval_v1,RAW,T2,OUTSIDER_ONLY,100.0,46,0.43478260869565216,2.2048780487804818,4.793213149522786,7.9487804878048784,0.24858838520773394,0.019387184783165548,0.6903294948720564
854,5,114,VALID_FOR_REPLAY,02c9ed7517c70cd4e3ac56fd0b12cdc9a22d8b4c,canonical_pnl_v1,polymarket_logreg_eval_v1,RAW,T3,COMBINED,100.0,290,0.5310344827586206,14.04196325533646,4.842056294943607,14.007483992145497,0.24297995323404734,0.029237430057047313,0.6790547237309185
854,5,114,VALID_FOR_REPLAY,02c9ed7517c70cd4e3ac56fd0b12cdc9a22d8b4c,canonical_pnl_v1,polymarket_logreg_eval_v1,RAW,T3,FAVORITE_ONLY,100.0,185,0.5837837837837838,20.881136059648817,11.287100572783144,6.36606334841629,0.24297995323404734,0.029237430057047313,0.6790547237309185
854,5,114,VALID_FOR_REPLAY,02c9ed7517c70cd4e3ac56fd0b12cdc9a22d8b4c,canonical_pnl_v1,polymarket_logreg_eval_v1,RAW,T3,OUTSIDER_ONLY,100.0,55,0.36363636363636365,-7.136585365853664,-12.975609756097569,15.239024390243902,0.24297995323404734,0.029237430057047313,0.6790547237309185
854,5,114,VALID_FOR_REPLAY,02c9ed7517c70cd4e3ac56fd0b12cdc9a22d8b4c,canonical_pnl_v1,polymarket_logreg_eval_v1,PLATT,COMBINED,COMBINED,100.0,1003,0.481555333998006,-31.76733578923507,-3.1672318832736854,56.031067986321105,0.24526095937094478,0.017202075878233577,0.6836439734067075
854,5,114,VALID_FOR_REPLAY,02c9ed7517c70cd4e3ac56fd0b12cdc9a22d8b4c,canonical_pnl_v1,polymarket_logreg_eval_v1,PLATT,COMBINED,FAVORITE_ONLY,100.0,575,0.52,-6.237131242016973,-1.084718476872517,42.45436243438687,0.24526095937094478,0.017202075878233577,0.6836439734067075
854,5,114,VALID_FOR_REPLAY,02c9ed7517c70cd4e3ac56fd0b12cdc9a22d8b4c,canonical_pnl_v1,polymarket_logreg_eval_v1,PLATT,COMBINED,OUTSIDER_ONLY,100.0,283,0.37809187279151946,-29.406967118719834,-10.391154458911602,38.10437683700306,0.24526095937094478,0.017202075878233577,0.6836439734067075
854,5,114,VALID_FOR_REPLAY,02c9ed7517c70cd4e3ac56fd0b12cdc9a22d8b4c,canonical_pnl_v1,polymarket_logreg_eval_v1,PLATT,T1,COMBINED,100.0,324,0.4444444444444444,-19.563675895767524,-6.038171572767754,30.188280901735823,0.2442165781037043,0.04174522690578878,0.6815518028232921
854,5,114,VALID_FOR_REPLAY,02c9ed7517c70cd4e3ac56fd0b12cdc9a22d8b4c,canonical_pnl_v1,polymarket_logreg_eval_v1,PLATT,T1,FAVORITE_ONLY,100.0,117,0.5555555555555556,6.685272400144763,5.713908034311763,6.650822732576341,0.2442165781037043,0.04174522690578878,0.6815518028232921
854,5,114,VALID_FOR_REPLAY,02c9ed7517c70cd4e3ac56fd0b12cdc9a22d8b4c,canonical_pnl_v1,polymarket_logreg_eval_v1,PLATT,T1,OUTSIDER_ONLY,100.0,182,0.36813186813186816,-24.47525980164665,-13.447944945959698,34.28084497842864,0.2442165781037043,0.04174522690578878,0.6815518028232921
854,5,114,VALID_FOR_REPLAY,02c9ed7517c70cd4e3ac56fd0b12cdc9a22d8b4c,canonical_pnl_v1,polymarket_logreg_eval_v1,PLATT,T2,COMBINED,100.0,389,0.4755784061696658,-26.245623148804007,-6.746946824885349,31.529327350722642,0.24858838520773394,0.019387184783165548,0.6903294948720564
854,5,114,VALID_FOR_REPLAY,02c9ed7517c70cd4e3ac56fd0b12cdc9a22d8b4c,canonical_pnl_v1,polymarket_logreg_eval_v1,PLATT,T2,FAVORITE_ONLY,100.0,273,0.46153846153846156,-33.80353970181056,-12.382248975022183,35.912308306494786,0.24858838520773394,0.019387184783165548,0.6903294948720564
854,5,114,VALID_FOR_REPLAY,02c9ed7517c70cd4e3ac56fd0b12cdc9a22d8b4c,canonical_pnl_v1,polymarket_logreg_eval_v1,PLATT,T2,OUTSIDER_ONLY,100.0,46,0.43478260869565216,2.2048780487804818,4.793213149522786,7.9487804878048784,0.24858838520773394,0.019387184783165548,0.6903294948720564
854,5,114,VALID_FOR_REPLAY,02c9ed7517c70cd4e3ac56fd0b12cdc9a22d8b4c,canonical_pnl_v1,polymarket_logreg_eval_v1,PLATT,T3,COMBINED,100.0,290,0.5310344827586206,14.04196325533646,4.842056294943607,14.007483992145497,0.24297995323404734,0.029237430057047313,0.6790547237309185
854,5,114,VALID_FOR_REPLAY,02c9ed7517c70cd4e3ac56fd0b12cdc9a22d8b4c,canonical_pnl_v1,polymarket_logreg_eval_v1,PLATT,T3,FAVORITE_ONLY,100.0,185,0.5837837837837838,20.881136059648817,11.287100572783144,6.36606334841629,0.24297995323404734,0.029237430057047313,0.6790547237309185
854,5,114,VALID_FOR_REPLAY,02c9ed7517c70cd4e3ac56fd0b12cdc9a22d8b4c,canonical_pnl_v1,polymarket_logreg_eval_v1,PLATT,T3,OUTSIDER_ONLY,100.0,55,0.36363636363636365,-7.136585365853664,-12.975609756097569,15.239024390243902,0.24297995323404734,0.029237430057047313,0.6790547237309185
855,6,115,VALID_FOR_REPLAY,02c9ed7517c70cd4e3ac56fd0b12cdc9a22d8b4c,canonical_pnl_v1,polymarket_logreg_eval_v1,RAW,COMBINED,COMBINED,100.0,967,0.48293691830403307,-32.58145786596183,-3.3693338020643053,56.082171195123394,0.24524326093897794,0.01650822373853816,0.6836090108022199
855,6,115,VALID_FOR_REPLAY,02c9ed7517c70cd4e3ac56fd0b12cdc9a22d8b4c,canonical_pnl_v1,polymarket_logreg_eval_v1,RAW,COMBINED,FAVORITE_ONLY,100.0,571,0.5201401050788091,-5.9752444495641495,-1.046452618137329,44.71624922683974,0.24524326093897794,0.01650822373853816,0.6836090108022199
855,6,115,VALID_FOR_REPLAY,02c9ed7517c70cd4e3ac56fd0b12cdc9a22d8b4c,canonical_pnl_v1,polymarket_logreg_eval_v1,RAW,COMBINED,OUTSIDER_ONLY,100.0,251,0.3705179282868526,-30.48297598789942,-12.144611947370286,39.59062960862167,0.24524326093897794,0.01650822373853816,0.6836090108022199
855,6,115,VALID_FOR_REPLAY,02c9ed7517c70cd4e3ac56fd0b12cdc9a22d8b4c,canonical_pnl_v1,polymarket_logreg_eval_v1,RAW,T1,COMBINED,100.0,339,0.45722713864306785,-14.760485501256376,-4.354125516594801,28.682826356281275,0.24410547067108468,0.040281780913306656,0.6813278437608369
855,6,115,VALID_FOR_REPLAY,02c9ed7517c70cd4e3ac56fd0b12cdc9a22d8b4c,canonical_pnl_v1,polymarket_logreg_eval_v1,RAW,T1,FAVORITE_ONLY,100.0,139,0.5611510791366906,8.983008249201363,6.462595862734793,8.650822732576342,0.24410547067108468,0.040281780913306656,0.6813278437608369
855,6,115,VALID_FOR_REPLAY,02c9ed7517c70cd4e3ac56fd0b12cdc9a22d8b4c,canonical_pnl_v1,polymarket_logreg_eval_v1,RAW,T1,OUTSIDER_ONLY,100.0,175,0.37142857142857144,-21.969805256192103,-12.554174432109773,31.775390432974095,0.24410547067108468,0.040281780913306656,0.6813278437608369
855,6,115,VALID_FOR_REPLAY,02c9ed7517c70cd4e3ac56fd0b12cdc9a22d8b4c,canonical_pnl_v1,polymarket_logreg_eval_v1,RAW,T2,COMBINED,100.0,377,0.47214854111405835,-32.19970506320804,-8.541035825784626,35.81127857023483,0.2486066483939924,0.02029894653892361,0.690366602562457
855,6,115,VALID_FOR_REPLAY,02c9ed7517c70cd4e3ac56fd0b12cdc9a22d8b4c,canonical_pnl_v1,polymarket_logreg_eval_v1,RAW,T2,FAVORITE_ONLY,100.0,278,0.460431654676259,-35.065426494263384,-12.613462767720643,37.04325170272121,0.2486066483939924,0.02029894653892361,0.690366602562457
855,6,115,VALID_FOR_REPLAY,02c9ed7517c70cd4e3ac56fd0b12cdc9a22d8b4c,canonical_pnl_v1,polymarket_logreg_eval_v1,RAW,T2,OUTSIDER_ONLY,100.0,29,0.3793103448275862,-2.487317073170732,-8.576955424726663,7.179512195121951,0.2486066483939924,0.02029894653892361,0.690366602562457
855,6,115,VALID_FOR_REPLAY,02c9ed7517c70cd4e3ac56fd0b12cdc9a22d8b4c,canonical_pnl_v1,polymarket_logreg_eval_v1,RAW,T3,COMBINED,100.0,251,0.5338645418326693,14.378732698502594,5.728578764343663,10.75971022399544,0.24301965089220248,0.029530199686675418,0.6791365828911508
855,6,115,VALID_FOR_REPLAY,02c9ed7517c70cd4e3ac56fd0b12cdc9a22d8b4c,canonical_pnl_v1,polymarket_logreg_eval_v1,RAW,T3,FAVORITE_ONLY,100.0,154,0.5909090909090909,20.10717379549787,13.056606360712902,7.249200603318251,0.24301965089220248,0.029530199686675418,0.6791365828911508
855,6,115,VALID_FOR_REPLAY,02c9ed7517c70cd4e3ac56fd0b12cdc9a22d8b4c,canonical_pnl_v1,polymarket_logreg_eval_v1,RAW,T3,OUTSIDER_ONLY,100.0,47,0.3617021276595745,-6.025853658536587,-12.820965230928907,12.948780487804878,0.24301965089220248,0.029530199686675418,0.6791365828911508
855,6,115,VALID_FOR_REPLAY,02c9ed7517c70cd4e3ac56fd0b12cdc9a22d8b4c,canonical_pnl_v1,polymarket_logreg_eval_v1,PLATT,COMBINED,COMBINED,100.0,967,0.48293691830403307,-32.58145786596183,-3.3693338020643053,56.082171195123394,0.24524326093897794,0.01650822373853816,0.6836090108022199
855,6,115,VALID_FOR_REPLAY,02c9ed7517c70cd4e3ac56fd0b12cdc9a22d8b4c,canonical_pnl_v1,polymarket_logreg_eval_v1,PLATT,COMBINED,FAVORITE_ONLY,100.0,571,0.5201401050788091,-5.9752444495641495,-1.046452618137329,44.71624922683974,0.24524326093897794,0.01650822373853816,0.6836090108022199
855,6,115,VALID_FOR_REPLAY,02c9ed7517c70cd4e3ac56fd0b12cdc9a22d8b4c,canonical_pnl_v1,polymarket_logreg_eval_v1,PLATT,COMBINED,OUTSIDER_ONLY,100.0,251,0.3705179282868526,-30.48297598789942,-12.144611947370286,39.59062960862167,0.24524326093897794,0.01650822373853816,0.6836090108022199
855,6,115,VALID_FOR_REPLAY,02c9ed7517c70cd4e3ac56fd0b12cdc9a22d8b4c,canonical_pnl_v1,polymarket_logreg_eval_v1,PLATT,T1,COMBINED,100.0,339,0.45722713864306785,-14.760485501256376,-4.354125516594801,28.682826356281275,0.24410547067108468,0.040281780913306656,0.6813278437608369
855,6,115,VALID_FOR_REPLAY,02c9ed7517c70cd4e3ac56fd0b12cdc9a22d8b4c,canonical_pnl_v1,polymarket_logreg_eval_v1,PLATT,T1,FAVORITE_ONLY,100.0,139,0.5611510791366906,8.983008249201363,6.462595862734793,8.650822732576342,0.24410547067108468,0.040281780913306656,0.6813278437608369
855,6,115,VALID_FOR_REPLAY,02c9ed7517c70cd4e3ac56fd0b12cdc9a22d8b4c,canonical_pnl_v1,polymarket_logreg_eval_v1,PLATT,T1,OUTSIDER_ONLY,100.0,175,0.37142857142857144,-21.969805256192103,-12.554174432109773,31.775390432974095,0.24410547067108468,0.040281780913306656,0.6813278437608369
855,6,115,VALID_FOR_REPLAY,02c9ed7517c70cd4e3ac56fd0b12cdc9a22d8b4c,canonical_pnl_v1,polymarket_logreg_eval_v1,PLATT,T2,COMBINED,100.0,377,0.47214854111405835,-32.19970506320804,-8.541035825784626,35.81127857023483,0.2486066483939924,0.02029894653892361,0.690366602562457
855,6,115,VALID_FOR_REPLAY,02c9ed7517c70cd4e3ac56fd0b12cdc9a22d8b4c,canonical_pnl_v1,polymarket_logreg_eval_v1,PLATT,T2,FAVORITE_ONLY,100.0,278,0.460431654676259,-35.065426494263384,-12.613462767720643,37.04325170272121,0.2486066483939924,0.02029894653892361,0.690366602562457
855,6,115,VALID_FOR_REPLAY,02c9ed7517c70cd4e3ac56fd0b12cdc9a22d8b4c,canonical_pnl_v1,polymarket_logreg_eval_v1,PLATT,T2,OUTSIDER_ONLY,100.0,29,0.3793103448275862,-2.487317073170732,-8.576955424726663,7.179512195121951,0.2486066483939924,0.02029894653892361,0.690366602562457
855,6,115,VALID_FOR_REPLAY,02c9ed7517c70cd4e3ac56fd0b12cdc9a22d8b4c,canonical_pnl_v1,polymarket_logreg_eval_v1,PLATT,T3,COMBINED,100.0,251,0.5338645418326693,14.378732698502594,5.728578764343663,10.75971022399544,0.24301965089220248,0.029530199686675418,0.6791365828911508
855,6,115,VALID_FOR_REPLAY,02c9ed7517c70cd4e3ac56fd0b12cdc9a22d8b4c,canonical_pnl_v1,polymarket_logreg_eval_v1,PLATT,T3,FAVORITE_ONLY,100.0,154,0.5909090909090909,20.10717379549787,13.056606360712902,7.249200603318251,0.24301965089220248,0.029530199686675418,0.6791365828911508
855,6,115,VALID_FOR_REPLAY,02c9ed7517c70cd4e3ac56fd0b12cdc9a22d8b4c,canonical_pnl_v1,polymarket_logreg_eval_v1,PLATT,T3,OUTSIDER_ONLY,100.0,47,0.3617021276595745,-6.025853658536587,-12.820965230928907,12.948780487804878,0.24301965089220248,0.029530199686675418,0.6791365828911508
856,37,116,VALID_FOR_REPLAY,02c9ed7517c70cd4e3ac56fd0b12cdc9a22d8b4c,canonical_pnl_v1,polymarket_logreg_eval_v1,RAW,COMBINED,COMBINED,100.0,2624,0.45121951219512196,40.87910720645965,1.5578928051242245,68.3516837354355,0.23712232846289927,0.015637663196447615,0.6669313827978354
856,37,116,VALID_FOR_REPLAY,02c9ed7517c70cd4e3ac56fd0b12cdc9a22d8b4c,canonical_pnl_v1,polymarket_logreg_eval_v1,RAW,COMBINED,FAVORITE_ONLY,100.0,1296,0.5609567901234568,37.99282243609256,2.9315449410565244,16.78652956207947,0.23712232846289927,0.015637663196447615,0.6669313827978354
856,37,116,VALID_FOR_REPLAY,02c9ed7517c70cd4e3ac56fd0b12cdc9a22d8b4c,canonical_pnl_v1,polymarket_logreg_eval_v1,RAW,COMBINED,OUTSIDER_ONLY,100.0,1138,0.30755711775043937,-12.640340985182078,-1.1107505259386712,71.66622341616456,0.23712232846289927,0.015637663196447615,0.6669313827978354
856,37,116,VALID_FOR_REPLAY,02c9ed7517c70cd4e3ac56fd0b12cdc9a22d8b4c,canonical_pnl_v1,polymarket_logreg_eval_v1,RAW,T1,COMBINED,100.0,880,0.43863636363636366,-32.19592260541932,-3.6586275687976495,49.086733128602596,0.23682745261386098,0.021765967058053722,0.6662632742067597
856,37,116,VALID_FOR_REPLAY,02c9ed7517c70cd4e3ac56fd0b12cdc9a22d8b4c,canonical_pnl_v1,polymarket_logreg_eval_v1,RAW,T1,FAVORITE_ONLY,100.0,462,0.5562770562770563,10.344601900485491,2.239091320451405,13.473760563821045,0.23682745261386098,0.021765967058053722,0.6662632742067597
856,37,116,VALID_FOR_REPLAY,02c9ed7517c70cd4e3ac56fd0b12cdc9a22d8b4c,canonical_pnl_v1,polymarket_logreg_eval_v1,RAW,T1,OUTSIDER_ONLY,100.0,357,0.2773109243697479,-39.60281711525623,-11.093226082704827,47.581846637065986,0.23682745261386098,0.021765967058053722,0.6662632742067597
856,37,116,VALID_FOR_REPLAY,02c9ed7517c70cd4e3ac56fd0b12cdc9a22d8b4c,canonical_pnl_v1,polymarket_logreg_eval_v1,RAW,T2,COMBINED,100.0,855,0.4678362573099415,42.70707370498213,4.9949793806996645,22.113251375021832,0.23937904471514743,0.01733589830032797,0.6715926342717011
856,37,116,VALID_FOR_REPLAY,02c9ed7517c70cd4e3ac56fd0b12cdc9a22d8b4c,canonical_pnl_v1,polymarket_logreg_eval_v1,RAW,T2,FAVORITE_ONLY,100.0,424,0.5660377358490566,17.274799747132512,4.074245223380309,14.367145084919217,0.23937904471514743,0.01733589830032797,0.6715926342717011
856,37,116,VALID_FOR_REPLAY,02c9ed7517c70cd4e3ac56fd0b12cdc9a22d8b4c,canonical_pnl_v1,polymarket_logreg_eval_v1,RAW,T2,OUTSIDER_ONLY,100.0,356,0.32303370786516855,14.012708802324427,3.9361541579562993,27.149951221224264,0.23937904471514743,0.01733589830032797,0.6715926342717011
856,37,116,VALID_FOR_REPLAY,02c9ed7517c70cd4e3ac56fd0b12cdc9a22d8b4c,canonical_pnl_v1,polymarket_logreg_eval_v1,RAW,T3,COMBINED,100.0,889,0.44769403824521936,30.367956106896838,3.415968066017642,38.090045867057675,0.2351602663485247,0.022258549494349914,0.6629377375777585
856,37,116,VALID_FOR_REPLAY,02c9ed7517c70cd4e3ac56fd0b12cdc9a22d8b4c,canonical_pnl_v1,polymarket_logreg_eval_v1,RAW,T3,FAVORITE_ONLY,100.0,410,0.5609756097560976,10.373420788474562,2.5301026313352586,16.786529562079533,0.2351602663485247,0.022258549494349914,0.6629377375777585
856,37,116,VALID_FOR_REPLAY,02c9ed7517c70cd4e3ac56fd0b12cdc9a22d8b4c,canonical_pnl_v1,polymarket_logreg_eval_v1,RAW,T3,OUTSIDER_ONLY,100.0,425,0.32,12.949767327749742,3.0470040771175864,36.21725384070261,0.2351602663485247,0.022258549494349914,0.6629377375777585
856,37,116,VALID_FOR_REPLAY,02c9ed7517c70cd4e3ac56fd0b12cdc9a22d8b4c,canonical_pnl_v1,polymarket_logreg_eval_v1,PLATT,COMBINED,COMBINED,100.0,2624,0.45121951219512196,40.87910720645965,1.5578928051242245,68.3516837354355,0.23712232846289927,0.015637663196447615,0.6669313827978354
856,37,116,VALID_FOR_REPLAY,02c9ed7517c70cd4e3ac56fd0b12cdc9a22d8b4c,canonical_pnl_v1,polymarket_logreg_eval_v1,PLATT,COMBINED,FAVORITE_ONLY,100.0,1296,0.5609567901234568,37.99282243609256,2.9315449410565244,16.78652956207947,0.23712232846289927,0.015637663196447615,0.6669313827978354
856,37,116,VALID_FOR_REPLAY,02c9ed7517c70cd4e3ac56fd0b12cdc9a22d8b4c,canonical_pnl_v1,polymarket_logreg_eval_v1,PLATT,COMBINED,OUTSIDER_ONLY,100.0,1138,0.30755711775043937,-12.640340985182078,-1.1107505259386712,71.66622341616456,0.23712232846289927,0.015637663196447615,0.6669313827978354
856,37,116,VALID_FOR_REPLAY,02c9ed7517c70cd4e3ac56fd0b12cdc9a22d8b4c,canonical_pnl_v1,polymarket_logreg_eval_v1,PLATT,T1,COMBINED,100.0,880,0.43863636363636366,-32.19592260541932,-3.6586275687976495,49.086733128602596,0.23682745261386098,0.021765967058053722,0.6662632742067597
856,37,116,VALID_FOR_REPLAY,02c9ed7517c70cd4e3ac56fd0b12cdc9a22d8b4c,canonical_pnl_v1,polymarket_logreg_eval_v1,PLATT,T1,FAVORITE_ONLY,100.0,462,0.5562770562770563,10.344601900485491,2.239091320451405,13.473760563821045,0.23682745261386098,0.021765967058053722,0.6662632742067597
856,37,116,VALID_FOR_REPLAY,02c9ed7517c70cd4e3ac56fd0b12cdc9a22d8b4c,canonical_pnl_v1,polymarket_logreg_eval_v1,PLATT,T1,OUTSIDER_ONLY,100.0,357,0.2773109243697479,-39.60281711525623,-11.093226082704827,47.581846637065986,0.23682745261386098,0.021765967058053722,0.6662632742067597
856,37,116,VALID_FOR_REPLAY,02c9ed7517c70cd4e3ac56fd0b12cdc9a22d8b4c,canonical_pnl_v1,polymarket_logreg_eval_v1,PLATT,T2,COMBINED,100.0,855,0.4678362573099415,42.70707370498213,4.9949793806996645,22.113251375021832,0.23937904471514743,0.01733589830032797,0.6715926342717011
856,37,116,VALID_FOR_REPLAY,02c9ed7517c70cd4e3ac56fd0b12cdc9a22d8b4c,canonical_pnl_v1,polymarket_logreg_eval_v1,PLATT,T2,FAVORITE_ONLY,100.0,424,0.5660377358490566,17.274799747132512,4.074245223380309,14.367145084919217,0.23937904471514743,0.01733589830032797,0.6715926342717011
856,37,116,VALID_FOR_REPLAY,02c9ed7517c70cd4e3ac56fd0b12cdc9a22d8b4c,canonical_pnl_v1,polymarket_logreg_eval_v1,PLATT,T2,OUTSIDER_ONLY,100.0,356,0.32303370786516855,14.012708802324427,3.9361541579562993,27.149951221224264,0.23937904471514743,0.01733589830032797,0.6715926342717011
856,37,116,VALID_FOR_REPLAY,02c9ed7517c70cd4e3ac56fd0b12cdc9a22d8b4c,canonical_pnl_v1,polymarket_logreg_eval_v1,PLATT,T3,COMBINED,100.0,889,0.44769403824521936,30.367956106896838,3.415968066017642,38.090045867057675,0.2351602663485247,0.022258549494349914,0.6629377375777585
856,37,116,VALID_FOR_REPLAY,02c9ed7517c70cd4e3ac56fd0b12cdc9a22d8b4c,canonical_pnl_v1,polymarket_logreg_eval_v1,PLATT,T3,FAVORITE_ONLY,100.0,410,0.5609756097560976,10.373420788474562,2.5301026313352586,16.786529562079533,0.2351602663485247,0.022258549494349914,0.6629377375777585
856,37,116,VALID_FOR_REPLAY,02c9ed7517c70cd4e3ac56fd0b12cdc9a22d8b4c,canonical_pnl_v1,polymarket_logreg_eval_v1,PLATT,T3,OUTSIDER_ONLY,100.0,425,0.32,12.949767327749742,3.0470040771175864,36.21725384070261,0.2351602663485247,0.022258549494349914,0.6629377375777585
857,38,117,VALID_FOR_REPLAY,02c9ed7517c70cd4e3ac56fd0b12cdc9a22d8b4c,canonical_pnl_v1,polymarket_logreg_eval_v1,RAW,COMBINED,COMBINED,100.0,2624,0.45121951219512196,40.87910720645965,1.5578928051242245,68.3516837354355,0.23712232846289927,0.015637663196447615,0.6669313827978354
857,38,117,VALID_FOR_REPLAY,02c9ed7517c70cd4e3ac56fd0b12cdc9a22d8b4c,canonical_pnl_v1,polymarket_logreg_eval_v1,RAW,COMBINED,FAVORITE_ONLY,100.0,1296,0.5609567901234568,37.99282243609256,2.9315449410565244,16.78652956207947,0.23712232846289927,0.015637663196447615,0.6669313827978354
857,38,117,VALID_FOR_REPLAY,02c9ed7517c70cd4e3ac56fd0b12cdc9a22d8b4c,canonical_pnl_v1,polymarket_logreg_eval_v1,RAW,COMBINED,OUTSIDER_ONLY,100.0,1138,0.30755711775043937,-12.640340985182078,-1.1107505259386712,71.66622341616456,0.23712232846289927,0.015637663196447615,0.6669313827978354
857,38,117,VALID_FOR_REPLAY,02c9ed7517c70cd4e3ac56fd0b12cdc9a22d8b4c,canonical_pnl_v1,polymarket_logreg_eval_v1,RAW,T1,COMBINED,100.0,880,0.43863636363636366,-32.19592260541932,-3.6586275687976495,49.086733128602596,0.23682745261386098,0.021765967058053722,0.6662632742067597
857,38,117,VALID_FOR_REPLAY,02c9ed7517c70cd4e3ac56fd0b12cdc9a22d8b4c,canonical_pnl_v1,polymarket_logreg_eval_v1,RAW,T1,FAVORITE_ONLY,100.0,462,0.5562770562770563,10.344601900485491,2.239091320451405,13.473760563821045,0.23682745261386098,0.021765967058053722,0.6662632742067597
857,38,117,VALID_FOR_REPLAY,02c9ed7517c70cd4e3ac56fd0b12cdc9a22d8b4c,canonical_pnl_v1,polymarket_logreg_eval_v1,RAW,T1,OUTSIDER_ONLY,100.0,357,0.2773109243697479,-39.60281711525623,-11.093226082704827,47.581846637065986,0.23682745261386098,0.021765967058053722,0.6662632742067597
857,38,117,VALID_FOR_REPLAY,02c9ed7517c70cd4e3ac56fd0b12cdc9a22d8b4c,canonical_pnl_v1,polymarket_logreg_eval_v1,RAW,T2,COMBINED,100.0,855,0.4678362573099415,42.70707370498213,4.9949793806996645,22.113251375021832,0.23937904471514743,0.01733589830032797,0.6715926342717011
857,38,117,VALID_FOR_REPLAY,02c9ed7517c70cd4e3ac56fd0b12cdc9a22d8b4c,canonical_pnl_v1,polymarket_logreg_eval_v1,RAW,T2,FAVORITE_ONLY,100.0,424,0.5660377358490566,17.274799747132512,4.074245223380309,14.367145084919217,0.23937904471514743,0.01733589830032797,0.6715926342717011
857,38,117,VALID_FOR_REPLAY,02c9ed7517c70cd4e3ac56fd0b12cdc9a22d8b4c,canonical_pnl_v1,polymarket_logreg_eval_v1,RAW,T2,OUTSIDER_ONLY,100.0,356,0.32303370786516855,14.012708802324427,3.9361541579562993,27.149951221224264,0.23937904471514743,0.01733589830032797,0.6715926342717011
857,38,117,VALID_FOR_REPLAY,02c9ed7517c70cd4e3ac56fd0b12cdc9a22d8b4c,canonical_pnl_v1,polymarket_logreg_eval_v1,RAW,T3,COMBINED,100.0,889,0.44769403824521936,30.367956106896838,3.415968066017642,38.090045867057675,0.2351602663485247,0.022258549494349914,0.6629377375777585
857,38,117,VALID_FOR_REPLAY,02c9ed7517c70cd4e3ac56fd0b12cdc9a22d8b4c,canonical_pnl_v1,polymarket_logreg_eval_v1,RAW,T3,FAVORITE_ONLY,100.0,410,0.5609756097560976,10.373420788474562,2.5301026313352586,16.786529562079533,0.2351602663485247,0.022258549494349914,0.6629377375777585
857,38,117,VALID_FOR_REPLAY,02c9ed7517c70cd4e3ac56fd0b12cdc9a22d8b4c,canonical_pnl_v1,polymarket_logreg_eval_v1,RAW,T3,OUTSIDER_ONLY,100.0,425,0.32,12.949767327749742,3.0470040771175864,36.21725384070261,0.2351602663485247,0.022258549494349914,0.6629377375777585
857,38,117,VALID_FOR_REPLAY,02c9ed7517c70cd4e3ac56fd0b12cdc9a22d8b4c,canonical_pnl_v1,polymarket_logreg_eval_v1,PLATT,COMBINED,COMBINED,100.0,2624,0.45121951219512196,40.87910720645965,1.5578928051242245,68.3516837354355,0.23712232846289927,0.015637663196447615,0.6669313827978354
857,38,117,VALID_FOR_REPLAY,02c9ed7517c70cd4e3ac56fd0b12cdc9a22d8b4c,canonical_pnl_v1,polymarket_logreg_eval_v1,PLATT,COMBINED,FAVORITE_ONLY,100.0,1296,0.5609567901234568,37.99282243609256,2.9315449410565244,16.78652956207947,0.23712232846289927,0.015637663196447615,0.6669313827978354
857,38,117,VALID_FOR_REPLAY,02c9ed7517c70cd4e3ac56fd0b12cdc9a22d8b4c,canonical_pnl_v1,polymarket_logreg_eval_v1,PLATT,COMBINED,OUTSIDER_ONLY,100.0,1138,0.30755711775043937,-12.640340985182078,-1.1107505259386712,71.66622341616456,0.23712232846289927,0.015637663196447615,0.6669313827978354
857,38,117,VALID_FOR_REPLAY,02c9ed7517c70cd4e3ac56fd0b12cdc9a22d8b4c,canonical_pnl_v1,polymarket_logreg_eval_v1,PLATT,T1,COMBINED,100.0,880,0.43863636363636366,-32.19592260541932,-3.6586275687976495,49.086733128602596,0.23682745261386098,0.021765967058053722,0.6662632742067597
857,38,117,VALID_FOR_REPLAY,02c9ed7517c70cd4e3ac56fd0b12cdc9a22d8b4c,canonical_pnl_v1,polymarket_logreg_eval_v1,PLATT,T1,FAVORITE_ONLY,100.0,462,0.5562770562770563,10.344601900485491,2.239091320451405,13.473760563821045,0.23682745261386098,0.021765967058053722,0.6662632742067597
857,38,117,VALID_FOR_REPLAY,02c9ed7517c70cd4e3ac56fd0b12cdc9a22d8b4c,canonical_pnl_v1,polymarket_logreg_eval_v1,PLATT,T1,OUTSIDER_ONLY,100.0,357,0.2773109243697479,-39.60281711525623,-11.093226082704827,47.581846637065986,0.23682745261386098,0.021765967058053722,0.6662632742067597
857,38,117,VALID_FOR_REPLAY,02c9ed7517c70cd4e3ac56fd0b12cdc9a22d8b4c,canonical_pnl_v1,polymarket_logreg_eval_v1,PLATT,T2,COMBINED,100.0,855,0.4678362573099415,42.70707370498213,4.9949793806996645,22.113251375021832,0.23937904471514743,0.01733589830032797,0.6715926342717011
857,38,117,VALID_FOR_REPLAY,02c9ed7517c70cd4e3ac56fd0b12cdc9a22d8b4c,canonical_pnl_v1,polymarket_logreg_eval_v1,PLATT,T2,FAVORITE_ONLY,100.0,424,0.5660377358490566,17.274799747132512,4.074245223380309,14.367145084919217,0.23937904471514743,0.01733589830032797,0.6715926342717011
857,38,117,VALID_FOR_REPLAY,02c9ed7517c70cd4e3ac56fd0b12cdc9a22d8b4c,canonical_pnl_v1,polymarket_logreg_eval_v1,PLATT,T2,OUTSIDER_ONLY,100.0,356,0.32303370786516855,14.012708802324427,3.9361541579562993,27.149951221224264,0.23937904471514743,0.01733589830032797,0.6715926342717011
857,38,117,VALID_FOR_REPLAY,02c9ed7517c70cd4e3ac56fd0b12cdc9a22d8b4c,canonical_pnl_v1,polymarket_logreg_eval_v1,PLATT,T3,COMBINED,100.0,889,0.44769403824521936,30.367956106896838,3.415968066017642,38.090045867057675,0.2351602663485247,0.022258549494349914,0.6629377375777585
857,38,117,VALID_FOR_REPLAY,02c9ed7517c70cd4e3ac56fd0b12cdc9a22d8b4c,canonical_pnl_v1,polymarket_logreg_eval_v1,PLATT,T3,FAVORITE_ONLY,100.0,410,0.5609756097560976,10.373420788474562,2.5301026313352586,16.786529562079533,0.2351602663485247,0.022258549494349914,0.6629377375777585
857,38,117,VALID_FOR_REPLAY,02c9ed7517c70cd4e3ac56fd0b12cdc9a22d8b4c,canonical_pnl_v1,polymarket_logreg_eval_v1,PLATT,T3,OUTSIDER_ONLY,100.0,425,0.32,12.949767327749742,3.0470040771175864,36.21725384070261,0.2351602663485247,0.022258549494349914,0.6629377375777585
858,39,118,VALID_FOR_REPLAY,02c9ed7517c70cd4e3ac56fd0b12cdc9a22d8b4c,canonical_pnl_v1,polymarket_logreg_eval_v1,RAW,COMBINED,COMBINED,100.0,2540,0.4338582677165354,35.39236527376812,1.3934002076286662,83.03435561021236,0.23759229915084146,0.026228493913574933,0.6678922617513352
858,39,118,VALID_FOR_REPLAY,02c9ed7517c70cd4e3ac56fd0b12cdc9a22d8b4c,canonical_pnl_v1,polymarket_logreg_eval_v1,RAW,COMBINED,FAVORITE_ONLY,100.0,1046,0.5544933078393881,27.832215066377696,2.6608236201125903,23.391152310480273,0.23759229915084146,0.026228493913574933,0.6678922617513352
858,39,118,VALID_FOR_REPLAY,02c9ed7517c70cd4e3ac56fd0b12cdc9a22d8b4c,canonical_pnl_v1,polymarket_logreg_eval_v1,RAW,COMBINED,OUTSIDER_ONLY,100.0,1310,0.3190839694656489,-8.495027736710938,-0.6484753997489265,70.85729951250383,0.23759229915084146,0.026228493913574933,0.6678922617513352
858,39,118,VALID_FOR_REPLAY,02c9ed7517c70cd4e3ac56fd0b12cdc9a22d8b4c,canonical_pnl_v1,polymarket_logreg_eval_v1,RAW,T1,COMBINED,100.0,861,0.42044134727061555,-43.43139221587984,-5.044296424608576,58.665888234082104,0.2372316441569216,0.03456346272769316,0.6670886213141451
858,39,118,VALID_FOR_REPLAY,02c9ed7517c70cd4e3ac56fd0b12cdc9a22d8b4c,canonical_pnl_v1,polymarket_logreg_eval_v1,RAW,T1,FAVORITE_ONLY,100.0,403,0.5409429280397022,0.1067517718549702,0.026489273413143968,15.183055858105812,0.2372316441569216,0.03456346272769316,0.6670886213141451
858,39,118,VALID_FOR_REPLAY,02c9ed7517c70cd4e3ac56fd0b12cdc9a22d8b4c,canonical_pnl_v1,polymarket_logreg_eval_v1,RAW,T1,OUTSIDER_ONLY,100.0,397,0.2871536523929471,-40.60043659708625,-10.22681022596631,47.178413487317044,0.2372316441569216,0.03456346272769316,0.6670886213141451
858,39,118,VALID_FOR_REPLAY,02c9ed7517c70cd4e3ac56fd0b12cdc9a22d8b4c,canonical_pnl_v1,polymarket_logreg_eval_v1,RAW,T2,COMBINED,100.0,838,0.45346062052505964,46.07071427476353,5.497698600807104,26.783037371395594,0.23967453341535858,0.025516763800850547,0.6721938940677576
858,39,118,VALID_FOR_REPLAY,02c9ed7517c70cd4e3ac56fd0b12cdc9a22d8b4c,canonical_pnl_v1,polymarket_logreg_eval_v1,RAW,T2,FAVORITE_ONLY,100.0,345,0.5623188405797102,15.096995592837605,4.375940751547132,12.552153792686543,0.23967453341535858,0.025516763800850547,0.6721938940677576
858,39,118,VALID_FOR_REPLAY,02c9ed7517c70cd4e3ac56fd0b12cdc9a22d8b4c,canonical_pnl_v1,polymarket_logreg_eval_v1,RAW,T2,OUTSIDER_ONLY,100.0,418,0.3373205741626794,19.55415352640073,4.678027159426012,25.942355204154556,0.23967453341535858,0.025516763800850547,0.6721938940677576
858,39,118,VALID_FOR_REPLAY,02c9ed7517c70cd4e3ac56fd0b12cdc9a22d8b4c,canonical_pnl_v1,polymarket_logreg_eval_v1,RAW,T3,COMBINED,100.0,841,0.4280618311533888,32.75304321488444,3.8945354595581976,43.963099989506354,0.23587044871107582,0.034969024681118926,0.6643936656311724
858,39,118,VALID_FOR_REPLAY,02c9ed7517c70cd4e3ac56fd0b12cdc9a22d8b4c,canonical_pnl_v1,polymarket_logreg_eval_v1,RAW,T3,FAVORITE_ONLY,100.0,298,0.5637583892617449,12.628467701685128,4.237740839491654,15.776635632030874,0.23587044871107582,0.034969024681118926,0.6643936656311724
858,39,118,VALID_FOR_REPLAY,02c9ed7517c70cd4e3ac56fd0b12cdc9a22d8b4c,canonical_pnl_v1,polymarket_logreg_eval_v1,RAW,T3,OUTSIDER_ONLY,100.0,495,0.3292929292929293,12.551255333974595,2.535607138176686,36.30632860335813,0.23587044871107582,0.034969024681118926,0.6643936656311724
858,39,118,VALID_FOR_REPLAY,02c9ed7517c70cd4e3ac56fd0b12cdc9a22d8b4c,canonical_pnl_v1,polymarket_logreg_eval_v1,PLATT,COMBINED,COMBINED,100.0,2540,0.4338582677165354,35.39236527376812,1.3934002076286662,83.03435561021236,0.23759229915084146,0.026228493913574933,0.6678922617513352
858,39,118,VALID_FOR_REPLAY,02c9ed7517c70cd4e3ac56fd0b12cdc9a22d8b4c,canonical_pnl_v1,polymarket_logreg_eval_v1,PLATT,COMBINED,FAVORITE_ONLY,100.0,1046,0.5544933078393881,27.832215066377696,2.6608236201125903,23.391152310480273,0.23759229915084146,0.026228493913574933,0.6678922617513352
858,39,118,VALID_FOR_REPLAY,02c9ed7517c70cd4e3ac56fd0b12cdc9a22d8b4c,canonical_pnl_v1,polymarket_logreg_eval_v1,PLATT,COMBINED,OUTSIDER_ONLY,100.0,1310,0.3190839694656489,-8.495027736710938,-0.6484753997489265,70.85729951250383,0.23759229915084146,0.026228493913574933,0.6678922617513352
858,39,118,VALID_FOR_REPLAY,02c9ed7517c70cd4e3ac56fd0b12cdc9a22d8b4c,canonical_pnl_v1,polymarket_logreg_eval_v1,PLATT,T1,COMBINED,100.0,861,0.42044134727061555,-43.43139221587984,-5.044296424608576,58.665888234082104,0.2372316441569216,0.03456346272769316,0.6670886213141451
858,39,118,VALID_FOR_REPLAY,02c9ed7517c70cd4e3ac56fd0b12cdc9a22d8b4c,canonical_pnl_v1,polymarket_logreg_eval_v1,PLATT,T1,FAVORITE_ONLY,100.0,403,0.5409429280397022,0.1067517718549702,0.026489273413143968,15.183055858105812,0.2372316441569216,0.03456346272769316,0.6670886213141451
858,39,118,VALID_FOR_REPLAY,02c9ed7517c70cd4e3ac56fd0b12cdc9a22d8b4c,canonical_pnl_v1,polymarket_logreg_eval_v1,PLATT,T1,OUTSIDER_ONLY,100.0,397,0.2871536523929471,-40.60043659708625,-10.22681022596631,47.178413487317044,0.2372316441569216,0.03456346272769316,0.6670886213141451
858,39,118,VALID_FOR_REPLAY,02c9ed7517c70cd4e3ac56fd0b12cdc9a22d8b4c,canonical_pnl_v1,polymarket_logreg_eval_v1,PLATT,T2,COMBINED,100.0,838,0.45346062052505964,46.07071427476353,5.497698600807104,26.783037371395594,0.23967453341535858,0.025516763800850547,0.6721938940677576
858,39,118,VALID_FOR_REPLAY,02c9ed7517c70cd4e3ac56fd0b12cdc9a22d8b4c,canonical_pnl_v1,polymarket_logreg_eval_v1,PLATT,T2,FAVORITE_ONLY,100.0,345,0.5623188405797102,15.096995592837605,4.375940751547132,12.552153792686543,0.23967453341535858,0.025516763800850547,0.6721938940677576
858,39,118,VALID_FOR_REPLAY,02c9ed7517c70cd4e3ac56fd0b12cdc9a22d8b4c,canonical_pnl_v1,polymarket_logreg_eval_v1,PLATT,T2,OUTSIDER_ONLY,100.0,418,0.3373205741626794,19.55415352640073,4.678027159426012,25.942355204154556,0.23967453341535858,0.025516763800850547,0.6721938940677576
858,39,118,VALID_FOR_REPLAY,02c9ed7517c70cd4e3ac56fd0b12cdc9a22d8b4c,canonical_pnl_v1,polymarket_logreg_eval_v1,PLATT,T3,COMBINED,100.0,841,0.4280618311533888,32.75304321488444,3.8945354595581976,43.963099989506354,0.23587044871107582,0.034969024681118926,0.6643936656311724
858,39,118,VALID_FOR_REPLAY,02c9ed7517c70cd4e3ac56fd0b12cdc9a22d8b4c,canonical_pnl_v1,polymarket_logreg_eval_v1,PLATT,T3,FAVORITE_ONLY,100.0,298,0.5637583892617449,12.628467701685128,4.237740839491654,15.776635632030874,0.23587044871107582,0.034969024681118926,0.6643936656311724
858,39,118,VALID_FOR_REPLAY,02c9ed7517c70cd4e3ac56fd0b12cdc9a22d8b4c,canonical_pnl_v1,polymarket_logreg_eval_v1,PLATT,T3,OUTSIDER_ONLY,100.0,495,0.3292929292929293,12.551255333974595,2.535607138176686,36.30632860335813,0.23587044871107582,0.034969024681118926,0.6643936656311724
859,17,119,VALID_FOR_REPLAY,02c9ed7517c70cd4e3ac56fd0b12cdc9a22d8b4c,canonical_pnl_v1,polymarket_logreg_eval_v1,RAW,COMBINED,COMBINED,100.0,2545,0.6915520628683693,-44.33497828486058,-1.742042368756801,116.3078388777241,0.16562729544004637,0.05442088416573865,0.525835942874083
859,17,119,VALID_FOR_REPLAY,02c9ed7517c70cd4e3ac56fd0b12cdc9a22d8b4c,canonical_pnl_v1,polymarket_logreg_eval_v1,RAW,COMBINED,FAVORITE_ONLY,100.0,2196,0.7777777777777778,-52.61720653304856,-2.396047656331902,54.69875731662169,0.16562729544004637,0.05442088416573865,0.525835942874083
859,17,119,VALID_FOR_REPLAY,02c9ed7517c70cd4e3ac56fd0b12cdc9a22d8b4c,canonical_pnl_v1,polymarket_logreg_eval_v1,RAW,COMBINED,OUTSIDER_ONLY,100.0,349,0.1489971346704871,8.282228248187991,2.373131303205728,80.2191170576929,0.16562729544004637,0.05442088416573865,0.525835942874083
859,17,119,VALID_FOR_REPLAY,02c9ed7517c70cd4e3ac56fd0b12cdc9a22d8b4c,canonical_pnl_v1,polymarket_logreg_eval_v1,RAW,T1,COMBINED,100.0,886,0.6918735891647856,-7.890308998888756,-0.8905540630799951,44.66459063484992,0.16293464463358295,0.05136885791525112,0.5188383466282468
859,17,119,VALID_FOR_REPLAY,02c9ed7517c70cd4e3ac56fd0b12cdc9a22d8b4c,canonical_pnl_v1,polymarket_logreg_eval_v1,RAW,T1,FAVORITE_ONLY,100.0,749,0.7903871829105474,-3.9374950653163,-0.5257002757431641,12.173948631691706,0.16293464463358295,0.05136885791525112,0.5188383466282468
859,17,119,VALID_FOR_REPLAY,02c9ed7517c70cd4e3ac56fd0b12cdc9a22d8b4c,canonical_pnl_v1,polymarket_logreg_eval_v1,RAW,T1,OUTSIDER_ONLY,100.0,137,0.15328467153284672,-3.9528139335724433,-2.8852656449433893,44.17006490241785,0.16293464463358295,0.05136885791525112,0.5188383466282468
859,17,119,VALID_FOR_REPLAY,02c9ed7517c70cd4e3ac56fd0b12cdc9a22d8b4c,canonical_pnl_v1,polymarket_logreg_eval_v1,RAW,T2,COMBINED,100.0,842,0.6805225653206651,-44.74060525193366,-5.3136110750515035,58.86856891889832,0.17145674473186792,0.07220434818658403,0.5413486148833576
859,17,119,VALID_FOR_REPLAY,02c9ed7517c70cd4e3ac56fd0b12cdc9a22d8b4c,canonical_pnl_v1,polymarket_logreg_eval_v1,RAW,T2,FAVORITE_ONLY,100.0,732,0.7636612021857924,-32.72895247746355,-4.47116837123819,37.80079171678055,0.17145674473186792,0.07220434818658403,0.5413486148833576
859,17,119,VALID_FOR_REPLAY,02c9ed7517c70cd4e3ac56fd0b12cdc9a22d8b4c,canonical_pnl_v1,polymarket_logreg_eval_v1,RAW,T2,OUTSIDER_ONLY,100.0,110,0.12727272727272726,-12.011652774470111,-10.919684340427374,29.130898626657135,0.17145674473186792,0.07220434818658403,0.5413486148833576
859,17,119,VALID_FOR_REPLAY,02c9ed7517c70cd4e3ac56fd0b12cdc9a22d8b4c,canonical_pnl_v1,polymarket_logreg_eval_v1,RAW,T3,COMBINED,100.0,817,0.7025703794369645,8.295935965961835,1.0154144389182174,32.0243972002055,0.16249289328660985,0.057405661425835974,0.5173273721341457
859,17,119,VALID_FOR_REPLAY,02c9ed7517c70cd4e3ac56fd0b12cdc9a22d8b4c,canonical_pnl_v1,polymarket_logreg_eval_v1,RAW,T3,FAVORITE_ONLY,100.0,715,0.779020979020979,-15.950758990268705,-2.2308753832543644,19.858615793557608,0.16249289328660985,0.057405661425835974,0.5173273721341457
859,17,119,VALID_FOR_REPLAY,02c9ed7517c70cd4e3ac56fd0b12cdc9a22d8b4c,canonical_pnl_v1,polymarket_logreg_eval_v1,RAW,T3,OUTSIDER_ONLY,100.0,102,0.16666666666666666,24.24669495623054,23.771269564931906,27.0,0.16249289328660985,0.057405661425835974,0.5173273721341457
859,17,119,VALID_FOR_REPLAY,02c9ed7517c70cd4e3ac56fd0b12cdc9a22d8b4c,canonical_pnl_v1,polymarket_logreg_eval_v1,PLATT,COMBINED,COMBINED,100.0,2545,0.6915520628683693,-44.33497828486058,-1.742042368756801,116.3078388777241,0.16562729544004637,0.05442088416573865,0.525835942874083
859,17,119,VALID_FOR_REPLAY,02c9ed7517c70cd4e3ac56fd0b12cdc9a22d8b4c,canonical_pnl_v1,polymarket_logreg_eval_v1,PLATT,COMBINED,FAVORITE_ONLY,100.0,2196,0.7777777777777778,-52.61720653304856,-2.396047656331902,54.69875731662169,0.16562729544004637,0.05442088416573865,0.525835942874083
859,17,119,VALID_FOR_REPLAY,02c9ed7517c70cd4e3ac56fd0b12cdc9a22d8b4c,canonical_pnl_v1,polymarket_logreg_eval_v1,PLATT,COMBINED,OUTSIDER_ONLY,100.0,349,0.1489971346704871,8.282228248187991,2.373131303205728,80.2191170576929,0.16562729544004637,0.05442088416573865,0.525835942874083
859,17,119,VALID_FOR_REPLAY,02c9ed7517c70cd4e3ac56fd0b12cdc9a22d8b4c,canonical_pnl_v1,polymarket_logreg_eval_v1,PLATT,T1,COMBINED,100.0,886,0.6918735891647856,-7.890308998888756,-0.8905540630799951,44.66459063484992,0.16293464463358295,0.05136885791525112,0.5188383466282468
859,17,119,VALID_FOR_REPLAY,02c9ed7517c70cd4e3ac56fd0b12cdc9a22d8b4c,canonical_pnl_v1,polymarket_logreg_eval_v1,PLATT,T1,FAVORITE_ONLY,100.0,749,0.7903871829105474,-3.9374950653163,-0.5257002757431641,12.173948631691706,0.16293464463358295,0.05136885791525112,0.5188383466282468
859,17,119,VALID_FOR_REPLAY,02c9ed7517c70cd4e3ac56fd0b12cdc9a22d8b4c,canonical_pnl_v1,polymarket_logreg_eval_v1,PLATT,T1,OUTSIDER_ONLY,100.0,137,0.15328467153284672,-3.9528139335724433,-2.8852656449433893,44.17006490241785,0.16293464463358295,0.05136885791525112,0.5188383466282468
859,17,119,VALID_FOR_REPLAY,02c9ed7517c70cd4e3ac56fd0b12cdc9a22d8b4c,canonical_pnl_v1,polymarket_logreg_eval_v1,PLATT,T2,COMBINED,100.0,842,0.6805225653206651,-44.74060525193366,-5.3136110750515035,58.86856891889832,0.17145674473186792,0.07220434818658403,0.5413486148833576
859,17,119,VALID_FOR_REPLAY,02c9ed7517c70cd4e3ac56fd0b12cdc9a22d8b4c,canonical_pnl_v1,polymarket_logreg_eval_v1,PLATT,T2,FAVORITE_ONLY,100.0,732,0.7636612021857924,-32.72895247746355,-4.47116837123819,37.80079171678055,0.17145674473186792,0.07220434818658403,0.5413486148833576
859,17,119,VALID_FOR_REPLAY,02c9ed7517c70cd4e3ac56fd0b12cdc9a22d8b4c,canonical_pnl_v1,polymarket_logreg_eval_v1,PLATT,T2,OUTSIDER_ONLY,100.0,110,0.12727272727272726,-12.011652774470111,-10.919684340427374,29.130898626657135,0.17145674473186792,0.07220434818658403,0.5413486148833576
859,17,119,VALID_FOR_REPLAY,02c9ed7517c70cd4e3ac56fd0b12cdc9a22d8b4c,canonical_pnl_v1,polymarket_logreg_eval_v1,PLATT,T3,COMBINED,100.0,817,0.7025703794369645,8.295935965961835,1.0154144389182174,32.0243972002055,0.16249289328660985,0.057405661425835974,0.5173273721341457
859,17,119,VALID_FOR_REPLAY,02c9ed7517c70cd4e3ac56fd0b12cdc9a22d8b4c,canonical_pnl_v1,polymarket_logreg_eval_v1,PLATT,T3,FAVORITE_ONLY,100.0,715,0.779020979020979,-15.950758990268705,-2.2308753832543644,19.858615793557608,0.16249289328660985,0.057405661425835974,0.5173273721341457
859,17,119,VALID_FOR_REPLAY,02c9ed7517c70cd4e3ac56fd0b12cdc9a22d8b4c,canonical_pnl_v1,polymarket_logreg_eval_v1,PLATT,T3,OUTSIDER_ONLY,100.0,102,0.16666666666666666,24.24669495623054,23.771269564931906,27.0,0.16249289328660985,0.057405661425835974,0.5173273721341457
860,18,120,VALID_FOR_REPLAY,02c9ed7517c70cd4e3ac56fd0b12cdc9a22d8b4c,canonical_pnl_v1,polymarket_logreg_eval_v1,RAW,COMBINED,COMBINED,100.0,2545,0.6915520628683693,-44.33497828486058,-1.742042368756801,116.3078388777241,0.16562729544004637,0.05442088416573865,0.525835942874083
860,18,120,VALID_FOR_REPLAY,02c9ed7517c70cd4e3ac56fd0b12cdc9a22d8b4c,canonical_pnl_v1,polymarket_logreg_eval_v1,RAW,COMBINED,FAVORITE_ONLY,100.0,2196,0.7777777777777778,-52.61720653304856,-2.396047656331902,54.69875731662169,0.16562729544004637,0.05442088416573865,0.525835942874083
860,18,120,VALID_FOR_REPLAY,02c9ed7517c70cd4e3ac56fd0b12cdc9a22d8b4c,canonical_pnl_v1,polymarket_logreg_eval_v1,RAW,COMBINED,OUTSIDER_ONLY,100.0,349,0.1489971346704871,8.282228248187991,2.373131303205728,80.2191170576929,0.16562729544004637,0.05442088416573865,0.525835942874083
860,18,120,VALID_FOR_REPLAY,02c9ed7517c70cd4e3ac56fd0b12cdc9a22d8b4c,canonical_pnl_v1,polymarket_logreg_eval_v1,RAW,T1,COMBINED,100.0,886,0.6918735891647856,-7.890308998888756,-0.8905540630799951,44.66459063484992,0.16293464463358295,0.05136885791525112,0.5188383466282468
860,18,120,VALID_FOR_REPLAY,02c9ed7517c70cd4e3ac56fd0b12cdc9a22d8b4c,canonical_pnl_v1,polymarket_logreg_eval_v1,RAW,T1,FAVORITE_ONLY,100.0,749,0.7903871829105474,-3.9374950653163,-0.5257002757431641,12.173948631691706,0.16293464463358295,0.05136885791525112,0.5188383466282468
860,18,120,VALID_FOR_REPLAY,02c9ed7517c70cd4e3ac56fd0b12cdc9a22d8b4c,canonical_pnl_v1,polymarket_logreg_eval_v1,RAW,T1,OUTSIDER_ONLY,100.0,137,0.15328467153284672,-3.9528139335724433,-2.8852656449433893,44.17006490241785,0.16293464463358295,0.05136885791525112,0.5188383466282468
860,18,120,VALID_FOR_REPLAY,02c9ed7517c70cd4e3ac56fd0b12cdc9a22d8b4c,canonical_pnl_v1,polymarket_logreg_eval_v1,RAW,T2,COMBINED,100.0,842,0.6805225653206651,-44.74060525193366,-5.3136110750515035,58.86856891889832,0.17145674473186792,0.07220434818658403,0.5413486148833576
860,18,120,VALID_FOR_REPLAY,02c9ed7517c70cd4e3ac56fd0b12cdc9a22d8b4c,canonical_pnl_v1,polymarket_logreg_eval_v1,RAW,T2,FAVORITE_ONLY,100.0,732,0.7636612021857924,-32.72895247746355,-4.47116837123819,37.80079171678055,0.17145674473186792,0.07220434818658403,0.5413486148833576
860,18,120,VALID_FOR_REPLAY,02c9ed7517c70cd4e3ac56fd0b12cdc9a22d8b4c,canonical_pnl_v1,polymarket_logreg_eval_v1,RAW,T2,OUTSIDER_ONLY,100.0,110,0.12727272727272726,-12.011652774470111,-10.919684340427374,29.130898626657135,0.17145674473186792,0.07220434818658403,0.5413486148833576
860,18,120,VALID_FOR_REPLAY,02c9ed7517c70cd4e3ac56fd0b12cdc9a22d8b4c,canonical_pnl_v1,polymarket_logreg_eval_v1,RAW,T3,COMBINED,100.0,817,0.7025703794369645,8.295935965961835,1.0154144389182174,32.0243972002055,0.16249289328660985,0.057405661425835974,0.5173273721341457
860,18,120,VALID_FOR_REPLAY,02c9ed7517c70cd4e3ac56fd0b12cdc9a22d8b4c,canonical_pnl_v1,polymarket_logreg_eval_v1,RAW,T3,FAVORITE_ONLY,100.0,715,0.779020979020979,-15.950758990268705,-2.2308753832543644,19.858615793557608,0.16249289328660985,0.057405661425835974,0.5173273721341457
860,18,120,VALID_FOR_REPLAY,02c9ed7517c70cd4e3ac56fd0b12cdc9a22d8b4c,canonical_pnl_v1,polymarket_logreg_eval_v1,RAW,T3,OUTSIDER_ONLY,100.0,102,0.16666666666666666,24.24669495623054,23.771269564931906,27.0,0.16249289328660985,0.057405661425835974,0.5173273721341457
860,18,120,VALID_FOR_REPLAY,02c9ed7517c70cd4e3ac56fd0b12cdc9a22d8b4c,canonical_pnl_v1,polymarket_logreg_eval_v1,PLATT,COMBINED,COMBINED,100.0,2545,0.6915520628683693,-44.33497828486058,-1.742042368756801,116.3078388777241,0.16562729544004637,0.05442088416573865,0.525835942874083
860,18,120,VALID_FOR_REPLAY,02c9ed7517c70cd4e3ac56fd0b12cdc9a22d8b4c,canonical_pnl_v1,polymarket_logreg_eval_v1,PLATT,COMBINED,FAVORITE_ONLY,100.0,2196,0.7777777777777778,-52.61720653304856,-2.396047656331902,54.69875731662169,0.16562729544004637,0.05442088416573865,0.525835942874083
860,18,120,VALID_FOR_REPLAY,02c9ed7517c70cd4e3ac56fd0b12cdc9a22d8b4c,canonical_pnl_v1,polymarket_logreg_eval_v1,PLATT,COMBINED,OUTSIDER_ONLY,100.0,349,0.1489971346704871,8.282228248187991,2.373131303205728,80.2191170576929,0.16562729544004637,0.05442088416573865,0.525835942874083
860,18,120,VALID_FOR_REPLAY,02c9ed7517c70cd4e3ac56fd0b12cdc9a22d8b4c,canonical_pnl_v1,polymarket_logreg_eval_v1,PLATT,T1,COMBINED,100.0,886,0.6918735891647856,-7.890308998888756,-0.8905540630799951,44.66459063484992,0.16293464463358295,0.05136885791525112,0.5188383466282468
860,18,120,VALID_FOR_REPLAY,02c9ed7517c70cd4e3ac56fd0b12cdc9a22d8b4c,canonical_pnl_v1,polymarket_logreg_eval_v1,PLATT,T1,FAVORITE_ONLY,100.0,749,0.7903871829105474,-3.9374950653163,-0.5257002757431641,12.173948631691706,0.16293464463358295,0.05136885791525112,0.5188383466282468
860,18,120,VALID_FOR_REPLAY,02c9ed7517c70cd4e3ac56fd0b12cdc9a22d8b4c,canonical_pnl_v1,polymarket_logreg_eval_v1,PLATT,T1,OUTSIDER_ONLY,100.0,137,0.15328467153284672,-3.9528139335724433,-2.8852656449433893,44.17006490241785,0.16293464463358295,0.05136885791525112,0.5188383466282468
860,18,120,VALID_FOR_REPLAY,02c9ed7517c70cd4e3ac56fd0b12cdc9a22d8b4c,canonical_pnl_v1,polymarket_logreg_eval_v1,PLATT,T2,COMBINED,100.0,842,0.6805225653206651,-44.74060525193366,-5.3136110750515035,58.86856891889832,0.17145674473186792,0.07220434818658403,0.5413486148833576
860,18,120,VALID_FOR_REPLAY,02c9ed7517c70cd4e3ac56fd0b12cdc9a22d8b4c,canonical_pnl_v1,polymarket_logreg_eval_v1,PLATT,T2,FAVORITE_ONLY,100.0,732,0.7636612021857924,-32.72895247746355,-4.47116837123819,37.80079171678055,0.17145674473186792,0.07220434818658403,0.5413486148833576
860,18,120,VALID_FOR_REPLAY,02c9ed7517c70cd4e3ac56fd0b12cdc9a22d8b4c,canonical_pnl_v1,polymarket_logreg_eval_v1,PLATT,T2,OUTSIDER_ONLY,100.0,110,0.12727272727272726,-12.011652774470111,-10.919684340427374,29.130898626657135,0.17145674473186792,0.07220434818658403,0.5413486148833576
860,18,120,VALID_FOR_REPLAY,02c9ed7517c70cd4e3ac56fd0b12cdc9a22d8b4c,canonical_pnl_v1,polymarket_logreg_eval_v1,PLATT,T3,COMBINED,100.0,817,0.7025703794369645,8.295935965961835,1.0154144389182174,32.0243972002055,0.16249289328660985,0.057405661425835974,0.5173273721341457
860,18,120,VALID_FOR_REPLAY,02c9ed7517c70cd4e3ac56fd0b12cdc9a22d8b4c,canonical_pnl_v1,polymarket_logreg_eval_v1,PLATT,T3,FAVORITE_ONLY,100.0,715,0.779020979020979,-15.950758990268705,-2.2308753832543644,19.858615793557608,0.16249289328660985,0.057405661425835974,0.5173273721341457
860,18,120,VALID_FOR_REPLAY,02c9ed7517c70cd4e3ac56fd0b12cdc9a22d8b4c,canonical_pnl_v1,polymarket_logreg_eval_v1,PLATT,T3,OUTSIDER_ONLY,100.0,102,0.16666666666666666,24.24669495623054,23.771269564931906,27.0,0.16249289328660985,0.057405661425835974,0.5173273721341457
861,19,121,VALID_FOR_REPLAY,02c9ed7517c70cd4e3ac56fd0b12cdc9a22d8b4c,canonical_pnl_v1,polymarket_logreg_eval_v1,RAW,COMBINED,COMBINED,100.0,2495,0.6637274549098197,-12.547120141280189,-0.5028905868248573,106.57891457239063,0.1656027014785573,0.052186956282065336,0.5261362618993491
861,19,121,VALID_FOR_REPLAY,02c9ed7517c70cd4e3ac56fd0b12cdc9a22d8b4c,canonical_pnl_v1,polymarket_logreg_eval_v1,RAW,COMBINED,FAVORITE_ONLY,100.0,2027,0.777503700049334,-52.67770315804504,-2.598801339814753,54.528820246881565,0.1656027014785573,0.052186956282065336,0.5261362618993491
861,19,121,VALID_FOR_REPLAY,02c9ed7517c70cd4e3ac56fd0b12cdc9a22d8b4c,canonical_pnl_v1,polymarket_logreg_eval_v1,RAW,COMBINED,OUTSIDER_ONLY,100.0,468,0.17094017094017094,40.13058301676486,8.574910901018132,77.24234021986749,0.1656027014785573,0.052186956282065336,0.5261362618993491
861,19,121,VALID_FOR_REPLAY,02c9ed7517c70cd4e3ac56fd0b12cdc9a22d8b4c,canonical_pnl_v1,polymarket_logreg_eval_v1,RAW,T1,COMBINED,100.0,866,0.6697459584295612,-5.4083776587690195,-0.624523979072635,44.46742472900257,0.16302843627238878,0.051489714303134086,0.5193135529706767
861,19,121,VALID_FOR_REPLAY,02c9ed7517c70cd4e3ac56fd0b12cdc9a22d8b4c,canonical_pnl_v1,polymarket_logreg_eval_v1,RAW,T1,FAVORITE_ONLY,100.0,696,0.7931034482758621,-2.304347919270847,-0.33108447115960443,10.839098708512973,0.16302843627238878,0.051489714303134086,0.5193135529706767
861,19,121,VALID_FOR_REPLAY,02c9ed7517c70cd4e3ac56fd0b12cdc9a22d8b4c,canonical_pnl_v1,polymarket_logreg_eval_v1,RAW,T1,OUTSIDER_ONLY,100.0,170,0.16470588235294117,-3.1040297394981735,-1.8258998467636314,47.92764092669867,0.16302843627238878,0.051489714303134086,0.5193135529706767
861,19,121,VALID_FOR_REPLAY,02c9ed7517c70cd4e3ac56fd0b12cdc9a22d8b4c,canonical_pnl_v1,polymarket_logreg_eval_v1,RAW,T2,COMBINED,100.0,836,0.65311004784689,-30.915309497387696,-3.6980035283956574,59.1623547679827,0.1713310068406571,0.06842431903302937,0.541407084206189
861,19,121,VALID_FOR_REPLAY,02c9ed7517c70cd4e3ac56fd0b12cdc9a22d8b4c,canonical_pnl_v1,polymarket_logreg_eval_v1,RAW,T2,FAVORITE_ONLY,100.0,685,0.7635036496350365,-32.00929862450174,-4.672890310146239,35.158782287142145,0.1713310068406571,0.06842431903302937,0.541407084206189
861,19,121,VALID_FOR_REPLAY,02c9ed7517c70cd4e3ac56fd0b12cdc9a22d8b4c,canonical_pnl_v1,polymarket_logreg_eval_v1,RAW,T2,OUTSIDER_ONLY,100.0,151,0.152317880794702,1.0939891271140478,0.7244961106715548,31.44257259633622,0.1713310068406571,0.06842431903302937,0.541407084206189
861,19,121,VALID_FOR_REPLAY,02c9ed7517c70cd4e3ac56fd0b12cdc9a22d8b4c,canonical_pnl_v1,polymarket_logreg_eval_v1,RAW,T3,COMBINED,100.0,793,0.6683480453972257,23.776567014876516,2.9983060548394094,36.24507100035372,0.16245107082618288,0.047449543785749476,0.5176946023893089
861,19,121,VALID_FOR_REPLAY,02c9ed7517c70cd4e3ac56fd0b12cdc9a22d8b4c,canonical_pnl_v1,polymarket_logreg_eval_v1,RAW,T3,FAVORITE_ONLY,100.0,646,0.7755417956656346,-18.36405661427246,-2.842733222023601,22.10269391055541,0.16245107082618288,0.047449543785749476,0.5176946023893089
861,19,121,VALID_FOR_REPLAY,02c9ed7517c70cd4e3ac56fd0b12cdc9a22d8b4c,canonical_pnl_v1,polymarket_logreg_eval_v1,RAW,T3,OUTSIDER_ONLY,100.0,147,0.19727891156462585,42.14062362914898,28.667090904182977,29.21529411764706,0.16245107082618288,0.047449543785749476,0.5176946023893089
861,19,121,VALID_FOR_REPLAY,02c9ed7517c70cd4e3ac56fd0b12cdc9a22d8b4c,canonical_pnl_v1,polymarket_logreg_eval_v1,PLATT,COMBINED,COMBINED,100.0,2495,0.6637274549098197,-12.547120141280189,-0.5028905868248573,106.57891457239063,0.1656027014785573,0.052186956282065336,0.5261362618993491
861,19,121,VALID_FOR_REPLAY,02c9ed7517c70cd4e3ac56fd0b12cdc9a22d8b4c,canonical_pnl_v1,polymarket_logreg_eval_v1,PLATT,COMBINED,FAVORITE_ONLY,100.0,2027,0.777503700049334,-52.67770315804504,-2.598801339814753,54.528820246881565,0.1656027014785573,0.052186956282065336,0.5261362618993491
861,19,121,VALID_FOR_REPLAY,02c9ed7517c70cd4e3ac56fd0b12cdc9a22d8b4c,canonical_pnl_v1,polymarket_logreg_eval_v1,PLATT,COMBINED,OUTSIDER_ONLY,100.0,468,0.17094017094017094,40.13058301676486,8.574910901018132,77.24234021986749,0.1656027014785573,0.052186956282065336,0.5261362618993491
861,19,121,VALID_FOR_REPLAY,02c9ed7517c70cd4e3ac56fd0b12cdc9a22d8b4c,canonical_pnl_v1,polymarket_logreg_eval_v1,PLATT,T1,COMBINED,100.0,866,0.6697459584295612,-5.4083776587690195,-0.624523979072635,44.46742472900257,0.16302843627238878,0.051489714303134086,0.5193135529706767
861,19,121,VALID_FOR_REPLAY,02c9ed7517c70cd4e3ac56fd0b12cdc9a22d8b4c,canonical_pnl_v1,polymarket_logreg_eval_v1,PLATT,T1,FAVORITE_ONLY,100.0,696,0.7931034482758621,-2.304347919270847,-0.33108447115960443,10.839098708512973,0.16302843627238878,0.051489714303134086,0.5193135529706767
861,19,121,VALID_FOR_REPLAY,02c9ed7517c70cd4e3ac56fd0b12cdc9a22d8b4c,canonical_pnl_v1,polymarket_logreg_eval_v1,PLATT,T1,OUTSIDER_ONLY,100.0,170,0.16470588235294117,-3.1040297394981735,-1.8258998467636314,47.92764092669867,0.16302843627238878,0.051489714303134086,0.5193135529706767
861,19,121,VALID_FOR_REPLAY,02c9ed7517c70cd4e3ac56fd0b12cdc9a22d8b4c,canonical_pnl_v1,polymarket_logreg_eval_v1,PLATT,T2,COMBINED,100.0,836,0.65311004784689,-30.915309497387696,-3.6980035283956574,59.1623547679827,0.1713310068406571,0.06842431903302937,0.541407084206189
861,19,121,VALID_FOR_REPLAY,02c9ed7517c70cd4e3ac56fd0b12cdc9a22d8b4c,canonical_pnl_v1,polymarket_logreg_eval_v1,PLATT,T2,FAVORITE_ONLY,100.0,685,0.7635036496350365,-32.00929862450174,-4.672890310146239,35.158782287142145,0.1713310068406571,0.06842431903302937,0.541407084206189
861,19,121,VALID_FOR_REPLAY,02c9ed7517c70cd4e3ac56fd0b12cdc9a22d8b4c,canonical_pnl_v1,polymarket_logreg_eval_v1,PLATT,T2,OUTSIDER_ONLY,100.0,151,0.152317880794702,1.0939891271140478,0.7244961106715548,31.44257259633622,0.1713310068406571,0.06842431903302937,0.541407084206189
861,19,121,VALID_FOR_REPLAY,02c9ed7517c70cd4e3ac56fd0b12cdc9a22d8b4c,canonical_pnl_v1,polymarket_logreg_eval_v1,PLATT,T3,COMBINED,100.0,793,0.6683480453972257,23.776567014876516,2.9983060548394094,36.24507100035372,0.16245107082618288,0.047449543785749476,0.5176946023893089
861,19,121,VALID_FOR_REPLAY,02c9ed7517c70cd4e3ac56fd0b12cdc9a22d8b4c,canonical_pnl_v1,polymarket_logreg_eval_v1,PLATT,T3,FAVORITE_ONLY,100.0,646,0.7755417956656346,-18.36405661427246,-2.842733222023601,22.10269391055541,0.16245107082618288,0.047449543785749476,0.5176946023893089
861,19,121,VALID_FOR_REPLAY,02c9ed7517c70cd4e3ac56fd0b12cdc9a22d8b4c,canonical_pnl_v1,polymarket_logreg_eval_v1,PLATT,T3,OUTSIDER_ONLY,100.0,147,0.19727891156462585,42.14062362914898,28.667090904182977,29.21529411764706,0.16245107082618288,0.047449543785749476,0.5176946023893089
862,17,122,VALID_FOR_REPLAY,02c9ed7517c70cd4e3ac56fd0b12cdc9a22d8b4c,canonical_pnl_v1,polymarket_logreg_eval_v1,RAW,COMBINED,COMBINED,100.0,1803,0.4597892401552967,-18.840131976333364,-1.0449324446108355,56.395441117286964,0.22671614224155473,0.0058470146471542184,0.645850564115644
862,17,122,VALID_FOR_REPLAY,02c9ed7517c70cd4e3ac56fd0b12cdc9a22d8b4c,canonical_pnl_v1,polymarket_logreg_eval_v1,RAW,COMBINED,FAVORITE_ONLY,100.0,935,0.6203208556149733,-3.4489798731734034,-0.36887485274581855,20.746951348492843,0.22671614224155473,0.0058470146471542184,0.645850564115644
862,17,122,VALID_FOR_REPLAY,02c9ed7517c70cd4e3ac56fd0b12cdc9a22d8b4c,canonical_pnl_v1,polymarket_logreg_eval_v1,RAW,COMBINED,OUTSIDER_ONLY,100.0,868,0.2868663594470046,-15.391152103159952,-1.7731742054331743,63.48905719080082,0.22671614224155473,0.0058470146471542184,0.645850564115644
862,17,122,VALID_FOR_REPLAY,02c9ed7517c70cd4e3ac56fd0b12cdc9a22d8b4c,canonical_pnl_v1,polymarket_logreg_eval_v1,RAW,T1,COMBINED,100.0,640,0.465625,-12.408231535927333,-1.938786177488646,30.164448839594616,0.22183514598592832,0.009549282883930272,0.635738978687346
862,17,122,VALID_FOR_REPLAY,02c9ed7517c70cd4e3ac56fd0b12cdc9a22d8b4c,canonical_pnl_v1,polymarket_logreg_eval_v1,RAW,T1,FAVORITE_ONLY,100.0,350,0.62,-1.436268124539538,-0.41036232129701083,10.379811121732724,0.22183514598592832,0.009549282883930272,0.635738978687346
862,17,122,VALID_FOR_REPLAY,02c9ed7517c70cd4e3ac56fd0b12cdc9a22d8b4c,canonical_pnl_v1,polymarket_logreg_eval_v1,RAW,T1,OUTSIDER_ONLY,100.0,290,0.2793103448275862,-10.971963411387799,-3.783435659099241,33.45306979264711,0.22183514598592832,0.009549282883930272,0.635738978687346
862,17,122,VALID_FOR_REPLAY,02c9ed7517c70cd4e3ac56fd0b12cdc9a22d8b4c,canonical_pnl_v1,polymarket_logreg_eval_v1,RAW,T2,COMBINED,100.0,603,0.47429519071310117,-18.02594412709487,-2.9893771355049537,32.60452192766914,0.2344716628739559,0.03251548028124816,0.6619410625255735
862,17,122,VALID_FOR_REPLAY,02c9ed7517c70cd4e3ac56fd0b12cdc9a22d8b4c,canonical_pnl_v1,polymarket_logreg_eval_v1,RAW,T2,FAVORITE_ONLY,100.0,348,0.6235632183908046,0.036185146013286484,0.010398030463588072,16.665080718608593,0.2344716628739559,0.03251548028124816,0.6619410625255735
862,17,122,VALID_FOR_REPLAY,02c9ed7517c70cd4e3ac56fd0b12cdc9a22d8b4c,canonical_pnl_v1,polymarket_logreg_eval_v1,RAW,T2,OUTSIDER_ONLY,100.0,255,0.27058823529411763,-18.06212927310816,-7.083187950238494,35.74802804001914,0.2344716628739559,0.03251548028124816,0.6619410625255735
862,17,122,VALID_FOR_REPLAY,02c9ed7517c70cd4e3ac56fd0b12cdc9a22d8b4c,canonical_pnl_v1,polymarket_logreg_eval_v1,RAW,T3,COMBINED,100.0,560,0.4375,11.594043686688835,2.070364944051578,42.35219097769179,0.22383775019738253,0.012974528375022816,0.6398636387842277
862,17,122,VALID_FOR_REPLAY,02c9ed7517c70cd4e3ac56fd0b12cdc9a22d8b4c,canonical_pnl_v1,polymarket_logreg_eval_v1,RAW,T3,FAVORITE_ONLY,100.0,237,0.6160337552742616,-2.0488968946471564,-0.864513457657028,8.501571185146013,0.22383775019738253,0.012974528375022816,0.6398636387842277
862,17,122,VALID_FOR_REPLAY,02c9ed7517c70cd4e3ac56fd0b12cdc9a22d8b4c,canonical_pnl_v1,polymarket_logreg_eval_v1,RAW,T3,OUTSIDER_ONLY,100.0,323,0.3065015479876161,13.642940581335996,4.223820613416717,38.43054105701492,0.22383775019738253,0.012974528375022816,0.6398636387842277
862,17,122,VALID_FOR_REPLAY,02c9ed7517c70cd4e3ac56fd0b12cdc9a22d8b4c,canonical_pnl_v1,polymarket_logreg_eval_v1,PLATT,COMBINED,COMBINED,100.0,1803,0.4597892401552967,-18.840131976333364,-1.0449324446108355,56.395441117286964,0.22671614224155473,0.0058470146471542184,0.645850564115644
862,17,122,VALID_FOR_REPLAY,02c9ed7517c70cd4e3ac56fd0b12cdc9a22d8b4c,canonical_pnl_v1,polymarket_logreg_eval_v1,PLATT,COMBINED,FAVORITE_ONLY,100.0,935,0.6203208556149733,-3.4489798731734034,-0.36887485274581855,20.746951348492843,0.22671614224155473,0.0058470146471542184,0.645850564115644
862,17,122,VALID_FOR_REPLAY,02c9ed7517c70cd4e3ac56fd0b12cdc9a22d8b4c,canonical_pnl_v1,polymarket_logreg_eval_v1,PLATT,COMBINED,OUTSIDER_ONLY,100.0,868,0.2868663594470046,-15.391152103159952,-1.7731742054331743,63.48905719080082,0.22671614224155473,0.0058470146471542184,0.645850564115644
862,17,122,VALID_FOR_REPLAY,02c9ed7517c70cd4e3ac56fd0b12cdc9a22d8b4c,canonical_pnl_v1,polymarket_logreg_eval_v1,PLATT,T1,COMBINED,100.0,640,0.465625,-12.408231535927333,-1.938786177488646,30.164448839594616,0.22183514598592832,0.009549282883930272,0.635738978687346
862,17,122,VALID_FOR_REPLAY,02c9ed7517c70cd4e3ac56fd0b12cdc9a22d8b4c,canonical_pnl_v1,polymarket_logreg_eval_v1,PLATT,T1,FAVORITE_ONLY,100.0,350,0.62,-1.436268124539538,-0.41036232129701083,10.379811121732724,0.22183514598592832,0.009549282883930272,0.635738978687346
862,17,122,VALID_FOR_REPLAY,02c9ed7517c70cd4e3ac56fd0b12cdc9a22d8b4c,canonical_pnl_v1,polymarket_logreg_eval_v1,PLATT,T1,OUTSIDER_ONLY,100.0,290,0.2793103448275862,-10.971963411387799,-3.783435659099241,33.45306979264711,0.22183514598592832,0.009549282883930272,0.635738978687346
862,17,122,VALID_FOR_REPLAY,02c9ed7517c70cd4e3ac56fd0b12cdc9a22d8b4c,canonical_pnl_v1,polymarket_logreg_eval_v1,PLATT,T2,COMBINED,100.0,603,0.47429519071310117,-18.02594412709487,-2.9893771355049537,32.60452192766914,0.2344716628739559,0.03251548028124816,0.6619410625255735
862,17,122,VALID_FOR_REPLAY,02c9ed7517c70cd4e3ac56fd0b12cdc9a22d8b4c,canonical_pnl_v1,polymarket_logreg_eval_v1,PLATT,T2,FAVORITE_ONLY,100.0,348,0.6235632183908046,0.036185146013286484,0.010398030463588072,16.665080718608593,0.2344716628739559,0.03251548028124816,0.6619410625255735
862,17,122,VALID_FOR_REPLAY,02c9ed7517c70cd4e3ac56fd0b12cdc9a22d8b4c,canonical_pnl_v1,polymarket_logreg_eval_v1,PLATT,T2,OUTSIDER_ONLY,100.0,255,0.27058823529411763,-18.06212927310816,-7.083187950238494,35.74802804001914,0.2344716628739559,0.03251548028124816,0.6619410625255735
862,17,122,VALID_FOR_REPLAY,02c9ed7517c70cd4e3ac56fd0b12cdc9a22d8b4c,canonical_pnl_v1,polymarket_logreg_eval_v1,PLATT,T3,COMBINED,100.0,560,0.4375,11.594043686688835,2.070364944051578,42.35219097769179,0.22383775019738253,0.012974528375022816,0.6398636387842277
862,17,122,VALID_FOR_REPLAY,02c9ed7517c70cd4e3ac56fd0b12cdc9a22d8b4c,canonical_pnl_v1,polymarket_logreg_eval_v1,PLATT,T3,FAVORITE_ONLY,100.0,237,0.6160337552742616,-2.0488968946471564,-0.864513457657028,8.501571185146013,0.22383775019738253,0.012974528375022816,0.6398636387842277
862,17,122,VALID_FOR_REPLAY,02c9ed7517c70cd4e3ac56fd0b12cdc9a22d8b4c,canonical_pnl_v1,polymarket_logreg_eval_v1,PLATT,T3,OUTSIDER_ONLY,100.0,323,0.3065015479876161,13.642940581335996,4.223820613416717,38.43054105701492,0.22383775019738253,0.012974528375022816,0.6398636387842277
863,18,123,VALID_FOR_REPLAY,02c9ed7517c70cd4e3ac56fd0b12cdc9a22d8b4c,canonical_pnl_v1,polymarket_logreg_eval_v1,RAW,COMBINED,COMBINED,100.0,1803,0.4597892401552967,-18.840131976333364,-1.0449324446108355,56.395441117286964,0.22671614224155473,0.0058470146471542184,0.645850564115644
863,18,123,VALID_FOR_REPLAY,02c9ed7517c70cd4e3ac56fd0b12cdc9a22d8b4c,canonical_pnl_v1,polymarket_logreg_eval_v1,RAW,COMBINED,FAVORITE_ONLY,100.0,935,0.6203208556149733,-3.4489798731734034,-0.36887485274581855,20.746951348492843,0.22671614224155473,0.0058470146471542184,0.645850564115644
863,18,123,VALID_FOR_REPLAY,02c9ed7517c70cd4e3ac56fd0b12cdc9a22d8b4c,canonical_pnl_v1,polymarket_logreg_eval_v1,RAW,COMBINED,OUTSIDER_ONLY,100.0,868,0.2868663594470046,-15.391152103159952,-1.7731742054331743,63.48905719080082,0.22671614224155473,0.0058470146471542184,0.645850564115644
863,18,123,VALID_FOR_REPLAY,02c9ed7517c70cd4e3ac56fd0b12cdc9a22d8b4c,canonical_pnl_v1,polymarket_logreg_eval_v1,RAW,T1,COMBINED,100.0,640,0.465625,-12.408231535927333,-1.938786177488646,30.164448839594616,0.22183514598592832,0.009549282883930272,0.635738978687346
863,18,123,VALID_FOR_REPLAY,02c9ed7517c70cd4e3ac56fd0b12cdc9a22d8b4c,canonical_pnl_v1,polymarket_logreg_eval_v1,RAW,T1,FAVORITE_ONLY,100.0,350,0.62,-1.436268124539538,-0.41036232129701083,10.379811121732724,0.22183514598592832,0.009549282883930272,0.635738978687346
863,18,123,VALID_FOR_REPLAY,02c9ed7517c70cd4e3ac56fd0b12cdc9a22d8b4c,canonical_pnl_v1,polymarket_logreg_eval_v1,RAW,T1,OUTSIDER_ONLY,100.0,290,0.2793103448275862,-10.971963411387799,-3.783435659099241,33.45306979264711,0.22183514598592832,0.009549282883930272,0.635738978687346
863,18,123,VALID_FOR_REPLAY,02c9ed7517c70cd4e3ac56fd0b12cdc9a22d8b4c,canonical_pnl_v1,polymarket_logreg_eval_v1,RAW,T2,COMBINED,100.0,603,0.47429519071310117,-18.02594412709487,-2.9893771355049537,32.60452192766914,0.2344716628739559,0.03251548028124816,0.6619410625255735
863,18,123,VALID_FOR_REPLAY,02c9ed7517c70cd4e3ac56fd0b12cdc9a22d8b4c,canonical_pnl_v1,polymarket_logreg_eval_v1,RAW,T2,FAVORITE_ONLY,100.0,348,0.6235632183908046,0.036185146013286484,0.010398030463588072,16.665080718608593,0.2344716628739559,0.03251548028124816,0.6619410625255735
863,18,123,VALID_FOR_REPLAY,02c9ed7517c70cd4e3ac56fd0b12cdc9a22d8b4c,canonical_pnl_v1,polymarket_logreg_eval_v1,RAW,T2,OUTSIDER_ONLY,100.0,255,0.27058823529411763,-18.06212927310816,-7.083187950238494,35.74802804001914,0.2344716628739559,0.03251548028124816,0.6619410625255735
863,18,123,VALID_FOR_REPLAY,02c9ed7517c70cd4e3ac56fd0b12cdc9a22d8b4c,canonical_pnl_v1,polymarket_logreg_eval_v1,RAW,T3,COMBINED,100.0,560,0.4375,11.594043686688835,2.070364944051578,42.35219097769179,0.22383775019738253,0.012974528375022816,0.6398636387842277
863,18,123,VALID_FOR_REPLAY,02c9ed7517c70cd4e3ac56fd0b12cdc9a22d8b4c,canonical_pnl_v1,polymarket_logreg_eval_v1,RAW,T3,FAVORITE_ONLY,100.0,237,0.6160337552742616,-2.0488968946471564,-0.864513457657028,8.501571185146013,0.22383775019738253,0.012974528375022816,0.6398636387842277
863,18,123,VALID_FOR_REPLAY,02c9ed7517c70cd4e3ac56fd0b12cdc9a22d8b4c,canonical_pnl_v1,polymarket_logreg_eval_v1,RAW,T3,OUTSIDER_ONLY,100.0,323,0.3065015479876161,13.642940581335996,4.223820613416717,38.43054105701492,0.22383775019738253,0.012974528375022816,0.6398636387842277
863,18,123,VALID_FOR_REPLAY,02c9ed7517c70cd4e3ac56fd0b12cdc9a22d8b4c,canonical_pnl_v1,polymarket_logreg_eval_v1,PLATT,COMBINED,COMBINED,100.0,1803,0.4597892401552967,-18.840131976333364,-1.0449324446108355,56.395441117286964,0.22671614224155473,0.0058470146471542184,0.645850564115644
863,18,123,VALID_FOR_REPLAY,02c9ed7517c70cd4e3ac56fd0b12cdc9a22d8b4c,canonical_pnl_v1,polymarket_logreg_eval_v1,PLATT,COMBINED,FAVORITE_ONLY,100.0,935,0.6203208556149733,-3.4489798731734034,-0.36887485274581855,20.746951348492843,0.22671614224155473,0.0058470146471542184,0.645850564115644
863,18,123,VALID_FOR_REPLAY,02c9ed7517c70cd4e3ac56fd0b12cdc9a22d8b4c,canonical_pnl_v1,polymarket_logreg_eval_v1,PLATT,COMBINED,OUTSIDER_ONLY,100.0,868,0.2868663594470046,-15.391152103159952,-1.7731742054331743,63.48905719080082,0.22671614224155473,0.0058470146471542184,0.645850564115644
863,18,123,VALID_FOR_REPLAY,02c9ed7517c70cd4e3ac56fd0b12cdc9a22d8b4c,canonical_pnl_v1,polymarket_logreg_eval_v1,PLATT,T1,COMBINED,100.0,640,0.465625,-12.408231535927333,-1.938786177488646,30.164448839594616,0.22183514598592832,0.009549282883930272,0.635738978687346
863,18,123,VALID_FOR_REPLAY,02c9ed7517c70cd4e3ac56fd0b12cdc9a22d8b4c,canonical_pnl_v1,polymarket_logreg_eval_v1,PLATT,T1,FAVORITE_ONLY,100.0,350,0.62,-1.436268124539538,-0.41036232129701083,10.379811121732724,0.22183514598592832,0.009549282883930272,0.635738978687346
863,18,123,VALID_FOR_REPLAY,02c9ed7517c70cd4e3ac56fd0b12cdc9a22d8b4c,canonical_pnl_v1,polymarket_logreg_eval_v1,PLATT,T1,OUTSIDER_ONLY,100.0,290,0.2793103448275862,-10.971963411387799,-3.783435659099241,33.45306979264711,0.22183514598592832,0.009549282883930272,0.635738978687346
863,18,123,VALID_FOR_REPLAY,02c9ed7517c70cd4e3ac56fd0b12cdc9a22d8b4c,canonical_pnl_v1,polymarket_logreg_eval_v1,PLATT,T2,COMBINED,100.0,603,0.47429519071310117,-18.02594412709487,-2.9893771355049537,32.60452192766914,0.2344716628739559,0.03251548028124816,0.6619410625255735
863,18,123,VALID_FOR_REPLAY,02c9ed7517c70cd4e3ac56fd0b12cdc9a22d8b4c,canonical_pnl_v1,polymarket_logreg_eval_v1,PLATT,T2,FAVORITE_ONLY,100.0,348,0.6235632183908046,0.036185146013286484,0.010398030463588072,16.665080718608593,0.2344716628739559,0.03251548028124816,0.6619410625255735
863,18,123,VALID_FOR_REPLAY,02c9ed7517c70cd4e3ac56fd0b12cdc9a22d8b4c,canonical_pnl_v1,polymarket_logreg_eval_v1,PLATT,T2,OUTSIDER_ONLY,100.0,255,0.27058823529411763,-18.06212927310816,-7.083187950238494,35.74802804001914,0.2344716628739559,0.03251548028124816,0.6619410625255735
863,18,123,VALID_FOR_REPLAY,02c9ed7517c70cd4e3ac56fd0b12cdc9a22d8b4c,canonical_pnl_v1,polymarket_logreg_eval_v1,PLATT,T3,COMBINED,100.0,560,0.4375,11.594043686688835,2.070364944051578,42.35219097769179,0.22383775019738253,0.012974528375022816,0.6398636387842277
863,18,123,VALID_FOR_REPLAY,02c9ed7517c70cd4e3ac56fd0b12cdc9a22d8b4c,canonical_pnl_v1,polymarket_logreg_eval_v1,PLATT,T3,FAVORITE_ONLY,100.0,237,0.6160337552742616,-2.0488968946471564,-0.864513457657028,8.501571185146013,0.22383775019738253,0.012974528375022816,0.6398636387842277
863,18,123,VALID_FOR_REPLAY,02c9ed7517c70cd4e3ac56fd0b12cdc9a22d8b4c,canonical_pnl_v1,polymarket_logreg_eval_v1,PLATT,T3,OUTSIDER_ONLY,100.0,323,0.3065015479876161,13.642940581335996,4.223820613416717,38.43054105701492,0.22383775019738253,0.012974528375022816,0.6398636387842277
864,19,124,VALID_FOR_REPLAY,02c9ed7517c70cd4e3ac56fd0b12cdc9a22d8b4c,canonical_pnl_v1,polymarket_logreg_eval_v1,RAW,COMBINED,COMBINED,100.0,1763,0.443562110039705,-22.207415572262292,-1.2596378656983716,61.53344816538703,0.22675326594405132,0.004033228019393548,0.6459255205446037
864,19,124,VALID_FOR_REPLAY,02c9ed7517c70cd4e3ac56fd0b12cdc9a22d8b4c,canonical_pnl_v1,polymarket_logreg_eval_v1,RAW,COMBINED,FAVORITE_ONLY,100.0,833,0.6146458583433373,-10.122333924688764,-1.2151661374176188,19.324504677286512,0.22675326594405132,0.004033228019393548,0.6459255205446037
864,19,124,VALID_FOR_REPLAY,02c9ed7517c70cd4e3ac56fd0b12cdc9a22d8b4c,canonical_pnl_v1,polymarket_logreg_eval_v1,RAW,COMBINED,OUTSIDER_ONLY,100.0,930,0.2903225806451613,-12.085081647573531,-1.2994711449003797,67.68057234231597,0.22675326594405132,0.004033228019393548,0.6459255205446037
864,19,124,VALID_FOR_REPLAY,02c9ed7517c70cd4e3ac56fd0b12cdc9a22d8b4c,canonical_pnl_v1,polymarket_logreg_eval_v1,RAW,T1,COMBINED,100.0,607,0.44810543657331137,-17.204928161517568,-2.8344197959666504,35.51978122211898,0.22203659120338679,0.013329276885258827,0.6361785242165416
864,19,124,VALID_FOR_REPLAY,02c9ed7517c70cd4e3ac56fd0b12cdc9a22d8b4c,canonical_pnl_v1,polymarket_logreg_eval_v1,RAW,T1,FAVORITE_ONLY,100.0,309,0.6084142394822006,-6.9158509437416065,-2.2381394639940475,10.804255566177169,0.22203659120338679,0.013329276885258827,0.6361785242165416
864,19,124,VALID_FOR_REPLAY,02c9ed7517c70cd4e3ac56fd0b12cdc9a22d8b4c,canonical_pnl_v1,polymarket_logreg_eval_v1,RAW,T1,OUTSIDER_ONLY,100.0,298,0.28187919463087246,-10.289077217775962,-3.4527104757637455,31.4839788835562,0.22203659120338679,0.013329276885258827,0.6361785242165416
864,19,124,VALID_FOR_REPLAY,02c9ed7517c70cd4e3ac56fd0b12cdc9a22d8b4c,canonical_pnl_v1,polymarket_logreg_eval_v1,RAW,T2,COMBINED,100.0,600,0.4633333333333333,-8.953690595641458,-1.492281765940243,35.49673996071374,0.2343327608566911,0.02850555606558818,0.6616179175958278
864,19,124,VALID_FOR_REPLAY,02c9ed7517c70cd4e3ac56fd0b12cdc9a22d8b4c,canonical_pnl_v1,polymarket_logreg_eval_v1,RAW,T2,FAVORITE_ONLY,100.0,311,0.6334405144694534,5.079044738072764,1.6331333562934935,15.09198895352252,0.2343327608566911,0.02850555606558818,0.6616179175958278
864,19,124,VALID_FOR_REPLAY,02c9ed7517c70cd4e3ac56fd0b12cdc9a22d8b4c,canonical_pnl_v1,polymarket_logreg_eval_v1,RAW,T2,OUTSIDER_ONLY,100.0,289,0.28027681660899656,-14.032735333714214,-4.85561776253087,42.19530076729187,0.2343327608566911,0.02850555606558818,0.6616179175958278
864,19,124,VALID_FOR_REPLAY,02c9ed7517c70cd4e3ac56fd0b12cdc9a22d8b4c,canonical_pnl_v1,polymarket_logreg_eval_v1,RAW,T3,COMBINED,100.0,556,0.4172661870503597,3.9512031848967304,0.7106480548375415,44.34763900636563,0.2238867083119012,0.013164646626007099,0.6399723963695179
864,19,124,VALID_FOR_REPLAY,02c9ed7517c70cd4e3ac56fd0b12cdc9a22d8b4c,canonical_pnl_v1,polymarket_logreg_eval_v1,RAW,T3,FAVORITE_ONLY,100.0,213,0.596244131455399,-8.285527719019917,-3.8899191169107596,11.137048005170689,0.2238867083119012,0.013164646626007099,0.6399723963695179
864,19,124,VALID_FOR_REPLAY,02c9ed7517c70cd4e3ac56fd0b12cdc9a22d8b4c,canonical_pnl_v1,polymarket_logreg_eval_v1,RAW,T3,OUTSIDER_ONLY,100.0,343,0.30612244897959184,12.236730903916648,3.567560030296399,37.91925073443427,0.2238867083119012,0.013164646626007099,0.6399723963695179
864,19,124,VALID_FOR_REPLAY,02c9ed7517c70cd4e3ac56fd0b12cdc9a22d8b4c,canonical_pnl_v1,polymarket_logreg_eval_v1,PLATT,COMBINED,COMBINED,100.0,1763,0.443562110039705,-22.207415572262292,-1.2596378656983716,61.53344816538703,0.22675326594405132,0.004033228019393548,0.6459255205446037
864,19,124,VALID_FOR_REPLAY,02c9ed7517c70cd4e3ac56fd0b12cdc9a22d8b4c,canonical_pnl_v1,polymarket_logreg_eval_v1,PLATT,COMBINED,FAVORITE_ONLY,100.0,833,0.6146458583433373,-10.122333924688764,-1.2151661374176188,19.324504677286512,0.22675326594405132,0.004033228019393548,0.6459255205446037
864,19,124,VALID_FOR_REPLAY,02c9ed7517c70cd4e3ac56fd0b12cdc9a22d8b4c,canonical_pnl_v1,polymarket_logreg_eval_v1,PLATT,COMBINED,OUTSIDER_ONLY,100.0,930,0.2903225806451613,-12.085081647573531,-1.2994711449003797,67.68057234231597,0.22675326594405132,0.004033228019393548,0.6459255205446037
864,19,124,VALID_FOR_REPLAY,02c9ed7517c70cd4e3ac56fd0b12cdc9a22d8b4c,canonical_pnl_v1,polymarket_logreg_eval_v1,PLATT,T1,COMBINED,100.0,607,0.44810543657331137,-17.204928161517568,-2.8344197959666504,35.51978122211898,0.22203659120338679,0.013329276885258827,0.6361785242165416
864,19,124,VALID_FOR_REPLAY,02c9ed7517c70cd4e3ac56fd0b12cdc9a22d8b4c,canonical_pnl_v1,polymarket_logreg_eval_v1,PLATT,T1,FAVORITE_ONLY,100.0,309,0.6084142394822006,-6.9158509437416065,-2.2381394639940475,10.804255566177169,0.22203659120338679,0.013329276885258827,0.6361785242165416
864,19,124,VALID_FOR_REPLAY,02c9ed7517c70cd4e3ac56fd0b12cdc9a22d8b4c,canonical_pnl_v1,polymarket_logreg_eval_v1,PLATT,T1,OUTSIDER_ONLY,100.0,298,0.28187919463087246,-10.289077217775962,-3.4527104757637455,31.4839788835562,0.22203659120338679,0.013329276885258827,0.6361785242165416
864,19,124,VALID_FOR_REPLAY,02c9ed7517c70cd4e3ac56fd0b12cdc9a22d8b4c,canonical_pnl_v1,polymarket_logreg_eval_v1,PLATT,T2,COMBINED,100.0,600,0.4633333333333333,-8.953690595641458,-1.492281765940243,35.49673996071374,0.2343327608566911,0.02850555606558818,0.6616179175958278
864,19,124,VALID_FOR_REPLAY,02c9ed7517c70cd4e3ac56fd0b12cdc9a22d8b4c,canonical_pnl_v1,polymarket_logreg_eval_v1,PLATT,T2,FAVORITE_ONLY,100.0,311,0.6334405144694534,5.079044738072764,1.6331333562934935,15.09198895352252,0.2343327608566911,0.02850555606558818,0.6616179175958278
864,19,124,VALID_FOR_REPLAY,02c9ed7517c70cd4e3ac56fd0b12cdc9a22d8b4c,canonical_pnl_v1,polymarket_logreg_eval_v1,PLATT,T2,OUTSIDER_ONLY,100.0,289,0.28027681660899656,-14.032735333714214,-4.85561776253087,42.19530076729187,0.2343327608566911,0.02850555606558818,0.6616179175958278
864,19,124,VALID_FOR_REPLAY,02c9ed7517c70cd4e3ac56fd0b12cdc9a22d8b4c,canonical_pnl_v1,polymarket_logreg_eval_v1,PLATT,T3,COMBINED,100.0,556,0.4172661870503597,3.9512031848967304,0.7106480548375415,44.34763900636563,0.2238867083119012,0.013164646626007099,0.6399723963695179
864,19,124,VALID_FOR_REPLAY,02c9ed7517c70cd4e3ac56fd0b12cdc9a22d8b4c,canonical_pnl_v1,polymarket_logreg_eval_v1,PLATT,T3,FAVORITE_ONLY,100.0,213,0.596244131455399,-8.285527719019917,-3.8899191169107596,11.137048005170689,0.2238867083119012,0.013164646626007099,0.6399723963695179
864,19,124,VALID_FOR_REPLAY,02c9ed7517c70cd4e3ac56fd0b12cdc9a22d8b4c,canonical_pnl_v1,polymarket_logreg_eval_v1,PLATT,T3,OUTSIDER_ONLY,100.0,343,0.30612244897959184,12.236730903916648,3.567560030296399,37.91925073443427,0.2238867083119012,0.013164646626007099,0.6399723963695179
865,4,125,VALID_FOR_REPLAY,02c9ed7517c70cd4e3ac56fd0b12cdc9a22d8b4c,canonical_pnl_v1,polymarket_logreg_eval_v1,RAW,COMBINED,COMBINED,100.0,849,0.49352179034157834,27.485695926432427,3.237420014891923,23.482314758806446,0.24686109435642165,0.01519185688133964,0.686860757066419
865,4,125,VALID_FOR_REPLAY,02c9ed7517c70cd4e3ac56fd0b12cdc9a22d8b4c,canonical_pnl_v1,polymarket_logreg_eval_v1,RAW,COMBINED,FAVORITE_ONLY,100.0,312,0.5256410256410257,2.423479459061001,0.776756236878526,23.75810922337005,0.24686109435642165,0.01519185688133964,0.686860757066419
865,4,125,VALID_FOR_REPLAY,02c9ed7517c70cd4e3ac56fd0b12cdc9a22d8b4c,canonical_pnl_v1,polymarket_logreg_eval_v1,RAW,COMBINED,OUTSIDER_ONLY,100.0,346,0.45375722543352603,26.37974286254489,7.624203139463841,10.173775761013424,0.24686109435642165,0.01519185688133964,0.686860757066419
865,4,125,VALID_FOR_REPLAY,02c9ed7517c70cd4e3ac56fd0b12cdc9a22d8b4c,canonical_pnl_v1,polymarket_logreg_eval_v1,RAW,T1,COMBINED,100.0,331,0.4622356495468278,-14.480764736944247,-4.374853394847205,23.482314758806446,0.24954902277991836,0.025899125743666623,0.6922645724353319
865,4,125,VALID_FOR_REPLAY,02c9ed7517c70cd4e3ac56fd0b12cdc9a22d8b4c,canonical_pnl_v1,polymarket_logreg_eval_v1,RAW,T1,FAVORITE_ONLY,100.0,148,0.49324324324324326,-8.277580205572464,-5.592959598359773,17.653916161529928,0.24954902277991836,0.025899125743666623,0.6922645724353319
865,4,125,VALID_FOR_REPLAY,02c9ed7517c70cd4e3ac56fd0b12cdc9a22d8b4c,canonical_pnl_v1,polymarket_logreg_eval_v1,RAW,T1,OUTSIDER_ONLY,100.0,111,0.45045045045045046,7.660616373605595,6.9014561924374735,10.173775761013424,0.24954902277991836,0.025899125743666623,0.6922645724353319
865,4,125,VALID_FOR_REPLAY,02c9ed7517c70cd4e3ac56fd0b12cdc9a22d8b4c,canonical_pnl_v1,polymarket_logreg_eval_v1,RAW,T2,COMBINED,100.0,267,0.5131086142322098,26.661418243767258,9.98554990403268,13.05843137254902,0.24611699866059583,0.018922870391930052,0.6853665451965685
865,4,125,VALID_FOR_REPLAY,02c9ed7517c70cd4e3ac56fd0b12cdc9a22d8b4c,canonical_pnl_v1,polymarket_logreg_eval_v1,RAW,T2,FAVORITE_ONLY,100.0,62,0.5645161290322581,5.443056938950388,8.779124095081272,8.562835595776773,0.24611699866059583,0.018922870391930052,0.6853665451965685
865,4,125,VALID_FOR_REPLAY,02c9ed7517c70cd4e3ac56fd0b12cdc9a22d8b4c,canonical_pnl_v1,polymarket_logreg_eval_v1,RAW,T2,OUTSIDER_ONLY,100.0,140,0.4714285714285714,16.321890716581578,11.658493368986841,9.0,0.24611699866059583,0.018922870391930052,0.6853665451965685
865,4,125,VALID_FOR_REPLAY,02c9ed7517c70cd4e3ac56fd0b12cdc9a22d8b4c,canonical_pnl_v1,polymarket_logreg_eval_v1,RAW,T3,COMBINED,100.0,251,0.5139442231075697,15.305042419609421,6.097626461995785,12.84966559982342,0.24491966801050855,0.020583076070016686,0.6829559913608826
865,4,125,VALID_FOR_REPLAY,02c9ed7517c70cd4e3ac56fd0b12cdc9a22d8b4c,canonical_pnl_v1,polymarket_logreg_eval_v1,RAW,T3,FAVORITE_ONLY,100.0,102,0.5490196078431373,5.258002725683078,5.154904633022626,6.570913230313896,0.24491966801050855,0.020583076070016686,0.6829559913608826
865,4,125,VALID_FOR_REPLAY,02c9ed7517c70cd4e3ac56fd0b12cdc9a22d8b4c,canonical_pnl_v1,polymarket_logreg_eval_v1,RAW,T3,OUTSIDER_ONLY,100.0,95,0.43157894736842106,2.3972357723577162,2.523406076166017,6.999512195121954,0.24491966801050855,0.020583076070016686,0.6829559913608826
865,4,125,VALID_FOR_REPLAY,02c9ed7517c70cd4e3ac56fd0b12cdc9a22d8b4c,canonical_pnl_v1,polymarket_logreg_eval_v1,PLATT,COMBINED,COMBINED,100.0,849,0.49352179034157834,27.485695926432427,3.237420014891923,23.482314758806446,0.24686109435642165,0.01519185688133964,0.686860757066419
865,4,125,VALID_FOR_REPLAY,02c9ed7517c70cd4e3ac56fd0b12cdc9a22d8b4c,canonical_pnl_v1,polymarket_logreg_eval_v1,PLATT,COMBINED,FAVORITE_ONLY,100.0,312,0.5256410256410257,2.423479459061001,0.776756236878526,23.75810922337005,0.24686109435642165,0.01519185688133964,0.686860757066419
865,4,125,VALID_FOR_REPLAY,02c9ed7517c70cd4e3ac56fd0b12cdc9a22d8b4c,canonical_pnl_v1,polymarket_logreg_eval_v1,PLATT,COMBINED,OUTSIDER_ONLY,100.0,346,0.45375722543352603,26.37974286254489,7.624203139463841,10.173775761013424,0.24686109435642165,0.01519185688133964,0.686860757066419
865,4,125,VALID_FOR_REPLAY,02c9ed7517c70cd4e3ac56fd0b12cdc9a22d8b4c,canonical_pnl_v1,polymarket_logreg_eval_v1,PLATT,T1,COMBINED,100.0,331,0.4622356495468278,-14.480764736944247,-4.374853394847205,23.482314758806446,0.24954902277991836,0.025899125743666623,0.6922645724353319
865,4,125,VALID_FOR_REPLAY,02c9ed7517c70cd4e3ac56fd0b12cdc9a22d8b4c,canonical_pnl_v1,polymarket_logreg_eval_v1,PLATT,T1,FAVORITE_ONLY,100.0,148,0.49324324324324326,-8.277580205572464,-5.592959598359773,17.653916161529928,0.24954902277991836,0.025899125743666623,0.6922645724353319
865,4,125,VALID_FOR_REPLAY,02c9ed7517c70cd4e3ac56fd0b12cdc9a22d8b4c,canonical_pnl_v1,polymarket_logreg_eval_v1,PLATT,T1,OUTSIDER_ONLY,100.0,111,0.45045045045045046,7.660616373605595,6.9014561924374735,10.173775761013424,0.24954902277991836,0.025899125743666623,0.6922645724353319
865,4,125,VALID_FOR_REPLAY,02c9ed7517c70cd4e3ac56fd0b12cdc9a22d8b4c,canonical_pnl_v1,polymarket_logreg_eval_v1,PLATT,T2,COMBINED,100.0,267,0.5131086142322098,26.661418243767258,9.98554990403268,13.05843137254902,0.24611699866059583,0.018922870391930052,0.6853665451965685
865,4,125,VALID_FOR_REPLAY,02c9ed7517c70cd4e3ac56fd0b12cdc9a22d8b4c,canonical_pnl_v1,polymarket_logreg_eval_v1,PLATT,T2,FAVORITE_ONLY,100.0,62,0.5645161290322581,5.443056938950388,8.779124095081272,8.562835595776773,0.24611699866059583,0.018922870391930052,0.6853665451965685
865,4,125,VALID_FOR_REPLAY,02c9ed7517c70cd4e3ac56fd0b12cdc9a22d8b4c,canonical_pnl_v1,polymarket_logreg_eval_v1,PLATT,T2,OUTSIDER_ONLY,100.0,140,0.4714285714285714,16.321890716581578,11.658493368986841,9.0,0.24611699866059583,0.018922870391930052,0.6853665451965685
865,4,125,VALID_FOR_REPLAY,02c9ed7517c70cd4e3ac56fd0b12cdc9a22d8b4c,canonical_pnl_v1,polymarket_logreg_eval_v1,PLATT,T3,COMBINED,100.0,251,0.5139442231075697,15.305042419609421,6.097626461995785,12.84966559982342,0.24491966801050855,0.020583076070016686,0.6829559913608826
865,4,125,VALID_FOR_REPLAY,02c9ed7517c70cd4e3ac56fd0b12cdc9a22d8b4c,canonical_pnl_v1,polymarket_logreg_eval_v1,PLATT,T3,FAVORITE_ONLY,100.0,102,0.5490196078431373,5.258002725683078,5.154904633022626,6.570913230313896,0.24491966801050855,0.020583076070016686,0.6829559913608826
865,4,125,VALID_FOR_REPLAY,02c9ed7517c70cd4e3ac56fd0b12cdc9a22d8b4c,canonical_pnl_v1,polymarket_logreg_eval_v1,PLATT,T3,OUTSIDER_ONLY,100.0,95,0.43157894736842106,2.3972357723577162,2.523406076166017,6.999512195121954,0.24491966801050855,0.020583076070016686,0.6829559913608826
866,5,126,VALID_FOR_REPLAY,02c9ed7517c70cd4e3ac56fd0b12cdc9a22d8b4c,canonical_pnl_v1,polymarket_logreg_eval_v1,RAW,COMBINED,COMBINED,100.0,849,0.49352179034157834,27.485695926432427,3.237420014891923,23.482314758806446,0.24686109435642165,0.01519185688133964,0.686860757066419
866,5,126,VALID_FOR_REPLAY,02c9ed7517c70cd4e3ac56fd0b12cdc9a22d8b4c,canonical_pnl_v1,polymarket_logreg_eval_v1,RAW,COMBINED,FAVORITE_ONLY,100.0,312,0.5256410256410257,2.423479459061001,0.776756236878526,23.75810922337005,0.24686109435642165,0.01519185688133964,0.686860757066419
866,5,126,VALID_FOR_REPLAY,02c9ed7517c70cd4e3ac56fd0b12cdc9a22d8b4c,canonical_pnl_v1,polymarket_logreg_eval_v1,RAW,COMBINED,OUTSIDER_ONLY,100.0,346,0.45375722543352603,26.37974286254489,7.624203139463841,10.173775761013424,0.24686109435642165,0.01519185688133964,0.686860757066419
866,5,126,VALID_FOR_REPLAY,02c9ed7517c70cd4e3ac56fd0b12cdc9a22d8b4c,canonical_pnl_v1,polymarket_logreg_eval_v1,RAW,T1,COMBINED,100.0,331,0.4622356495468278,-14.480764736944247,-4.374853394847205,23.482314758806446,0.24954902277991836,0.025899125743666623,0.6922645724353319
866,5,126,VALID_FOR_REPLAY,02c9ed7517c70cd4e3ac56fd0b12cdc9a22d8b4c,canonical_pnl_v1,polymarket_logreg_eval_v1,RAW,T1,FAVORITE_ONLY,100.0,148,0.49324324324324326,-8.277580205572464,-5.592959598359773,17.653916161529928,0.24954902277991836,0.025899125743666623,0.6922645724353319
866,5,126,VALID_FOR_REPLAY,02c9ed7517c70cd4e3ac56fd0b12cdc9a22d8b4c,canonical_pnl_v1,polymarket_logreg_eval_v1,RAW,T1,OUTSIDER_ONLY,100.0,111,0.45045045045045046,7.660616373605595,6.9014561924374735,10.173775761013424,0.24954902277991836,0.025899125743666623,0.6922645724353319
866,5,126,VALID_FOR_REPLAY,02c9ed7517c70cd4e3ac56fd0b12cdc9a22d8b4c,canonical_pnl_v1,polymarket_logreg_eval_v1,RAW,T2,COMBINED,100.0,267,0.5131086142322098,26.661418243767258,9.98554990403268,13.05843137254902,0.24611699866059583,0.018922870391930052,0.6853665451965685
866,5,126,VALID_FOR_REPLAY,02c9ed7517c70cd4e3ac56fd0b12cdc9a22d8b4c,canonical_pnl_v1,polymarket_logreg_eval_v1,RAW,T2,FAVORITE_ONLY,100.0,62,0.5645161290322581,5.443056938950388,8.779124095081272,8.562835595776773,0.24611699866059583,0.018922870391930052,0.6853665451965685
866,5,126,VALID_FOR_REPLAY,02c9ed7517c70cd4e3ac56fd0b12cdc9a22d8b4c,canonical_pnl_v1,polymarket_logreg_eval_v1,RAW,T2,OUTSIDER_ONLY,100.0,140,0.4714285714285714,16.321890716581578,11.658493368986841,9.0,0.24611699866059583,0.018922870391930052,0.6853665451965685
866,5,126,VALID_FOR_REPLAY,02c9ed7517c70cd4e3ac56fd0b12cdc9a22d8b4c,canonical_pnl_v1,polymarket_logreg_eval_v1,RAW,T3,COMBINED,100.0,251,0.5139442231075697,15.305042419609421,6.097626461995785,12.84966559982342,0.24491966801050855,0.020583076070016686,0.6829559913608826
866,5,126,VALID_FOR_REPLAY,02c9ed7517c70cd4e3ac56fd0b12cdc9a22d8b4c,canonical_pnl_v1,polymarket_logreg_eval_v1,RAW,T3,FAVORITE_ONLY,100.0,102,0.5490196078431373,5.258002725683078,5.154904633022626,6.570913230313896,0.24491966801050855,0.020583076070016686,0.6829559913608826
866,5,126,VALID_FOR_REPLAY,02c9ed7517c70cd4e3ac56fd0b12cdc9a22d8b4c,canonical_pnl_v1,polymarket_logreg_eval_v1,RAW,T3,OUTSIDER_ONLY,100.0,95,0.43157894736842106,2.3972357723577162,2.523406076166017,6.999512195121954,0.24491966801050855,0.020583076070016686,0.6829559913608826
866,5,126,VALID_FOR_REPLAY,02c9ed7517c70cd4e3ac56fd0b12cdc9a22d8b4c,canonical_pnl_v1,polymarket_logreg_eval_v1,PLATT,COMBINED,COMBINED,100.0,849,0.49352179034157834,27.485695926432427,3.237420014891923,23.482314758806446,0.24686109435642165,0.01519185688133964,0.686860757066419
866,5,126,VALID_FOR_REPLAY,02c9ed7517c70cd4e3ac56fd0b12cdc9a22d8b4c,canonical_pnl_v1,polymarket_logreg_eval_v1,PLATT,COMBINED,FAVORITE_ONLY,100.0,312,0.5256410256410257,2.423479459061001,0.776756236878526,23.75810922337005,0.24686109435642165,0.01519185688133964,0.686860757066419
866,5,126,VALID_FOR_REPLAY,02c9ed7517c70cd4e3ac56fd0b12cdc9a22d8b4c,canonical_pnl_v1,polymarket_logreg_eval_v1,PLATT,COMBINED,OUTSIDER_ONLY,100.0,346,0.45375722543352603,26.37974286254489,7.624203139463841,10.173775761013424,0.24686109435642165,0.01519185688133964,0.686860757066419
866,5,126,VALID_FOR_REPLAY,02c9ed7517c70cd4e3ac56fd0b12cdc9a22d8b4c,canonical_pnl_v1,polymarket_logreg_eval_v1,PLATT,T1,COMBINED,100.0,331,0.4622356495468278,-14.480764736944247,-4.374853394847205,23.482314758806446,0.24954902277991836,0.025899125743666623,0.6922645724353319
866,5,126,VALID_FOR_REPLAY,02c9ed7517c70cd4e3ac56fd0b12cdc9a22d8b4c,canonical_pnl_v1,polymarket_logreg_eval_v1,PLATT,T1,FAVORITE_ONLY,100.0,148,0.49324324324324326,-8.277580205572464,-5.592959598359773,17.653916161529928,0.24954902277991836,0.025899125743666623,0.6922645724353319
866,5,126,VALID_FOR_REPLAY,02c9ed7517c70cd4e3ac56fd0b12cdc9a22d8b4c,canonical_pnl_v1,polymarket_logreg_eval_v1,PLATT,T1,OUTSIDER_ONLY,100.0,111,0.45045045045045046,7.660616373605595,6.9014561924374735,10.173775761013424,0.24954902277991836,0.025899125743666623,0.6922645724353319
866,5,126,VALID_FOR_REPLAY,02c9ed7517c70cd4e3ac56fd0b12cdc9a22d8b4c,canonical_pnl_v1,polymarket_logreg_eval_v1,PLATT,T2,COMBINED,100.0,267,0.5131086142322098,26.661418243767258,9.98554990403268,13.05843137254902,0.24611699866059583,0.018922870391930052,0.6853665451965685
866,5,126,VALID_FOR_REPLAY,02c9ed7517c70cd4e3ac56fd0b12cdc9a22d8b4c,canonical_pnl_v1,polymarket_logreg_eval_v1,PLATT,T2,FAVORITE_ONLY,100.0,62,0.5645161290322581,5.443056938950388,8.779124095081272,8.562835595776773,0.24611699866059583,0.018922870391930052,0.6853665451965685
866,5,126,VALID_FOR_REPLAY,02c9ed7517c70cd4e3ac56fd0b12cdc9a22d8b4c,canonical_pnl_v1,polymarket_logreg_eval_v1,PLATT,T2,OUTSIDER_ONLY,100.0,140,0.4714285714285714,16.321890716581578,11.658493368986841,9.0,0.24611699866059583,0.018922870391930052,0.6853665451965685
866,5,126,VALID_FOR_REPLAY,02c9ed7517c70cd4e3ac56fd0b12cdc9a22d8b4c,canonical_pnl_v1,polymarket_logreg_eval_v1,PLATT,T3,COMBINED,100.0,251,0.5139442231075697,15.305042419609421,6.097626461995785,12.84966559982342,0.24491966801050855,0.020583076070016686,0.6829559913608826
866,5,126,VALID_FOR_REPLAY,02c9ed7517c70cd4e3ac56fd0b12cdc9a22d8b4c,canonical_pnl_v1,polymarket_logreg_eval_v1,PLATT,T3,FAVORITE_ONLY,100.0,102,0.5490196078431373,5.258002725683078,5.154904633022626,6.570913230313896,0.24491966801050855,0.020583076070016686,0.6829559913608826
866,5,126,VALID_FOR_REPLAY,02c9ed7517c70cd4e3ac56fd0b12cdc9a22d8b4c,canonical_pnl_v1,polymarket_logreg_eval_v1,PLATT,T3,OUTSIDER_ONLY,100.0,95,0.43157894736842106,2.3972357723577162,2.523406076166017,6.999512195121954,0.24491966801050855,0.020583076070016686,0.6829559913608826
867,6,127,VALID_FOR_REPLAY,02c9ed7517c70cd4e3ac56fd0b12cdc9a22d8b4c,canonical_pnl_v1,polymarket_logreg_eval_v1,RAW,COMBINED,COMBINED,100.0,846,0.5047281323877069,34.98436278189634,4.13526746830926,21.771003207955086,0.24684491013450707,0.014350622209401441,0.6868276342857383
867,6,127,VALID_FOR_REPLAY,02c9ed7517c70cd4e3ac56fd0b12cdc9a22d8b4c,canonical_pnl_v1,polymarket_logreg_eval_v1,RAW,COMBINED,FAVORITE_ONLY,100.0,356,0.5393258426966292,10.614829241354178,2.98169360712196,25.115090355445528,0.24684491013450707,0.014350622209401441,0.6868276342857383
867,6,127,VALID_FOR_REPLAY,02c9ed7517c70cd4e3ac56fd0b12cdc9a22d8b4c,canonical_pnl_v1,polymarket_logreg_eval_v1,RAW,COMBINED,OUTSIDER_ONLY,100.0,299,0.45819397993311034,25.68705993571562,8.59098994505539,10.173775761013427,0.24684491013450707,0.014350622209401441,0.6868276342857383
867,6,127,VALID_FOR_REPLAY,02c9ed7517c70cd4e3ac56fd0b12cdc9a22d8b4c,canonical_pnl_v1,polymarket_logreg_eval_v1,RAW,T1,COMBINED,100.0,348,0.49137931034482757,-4.702449044353363,-1.3512784610210815,21.771003207955086,0.2494349507870768,0.024206867317819254,0.692032903092349
867,6,127,VALID_FOR_REPLAY,02c9ed7517c70cd4e3ac56fd0b12cdc9a22d8b4c,canonical_pnl_v1,polymarket_logreg_eval_v1,RAW,T1,FAVORITE_ONLY,100.0,200,0.52,-2.336825488591332,-1.168412744295666,19.010897293605403,0.2494349507870768,0.024206867317819254,0.692032903092349
867,6,127,VALID_FOR_REPLAY,02c9ed7517c70cd4e3ac56fd0b12cdc9a22d8b4c,canonical_pnl_v1,polymarket_logreg_eval_v1,RAW,T1,OUTSIDER_ONLY,100.0,76,0.4868421052631579,11.498177349215348,15.129180722651775,10.173775761013427,0.2494349507870768,0.024206867317819254,0.692032903092349
867,6,127,VALID_FOR_REPLAY,02c9ed7517c70cd4e3ac56fd0b12cdc9a22d8b4c,canonical_pnl_v1,polymarket_logreg_eval_v1,RAW,T2,COMBINED,100.0,254,0.5118110236220472,23.131174341328233,9.106761551704029,14.752353052395096,0.24614396586193965,0.018528592786934812,0.6854208799368827
867,6,127,VALID_FOR_REPLAY,02c9ed7517c70cd4e3ac56fd0b12cdc9a22d8b4c,canonical_pnl_v1,polymarket_logreg_eval_v1,RAW,T2,FAVORITE_ONLY,100.0,63,0.5555555555555556,4.443056938950388,7.052471331667283,9.562835595776773,0.24614396586193965,0.018528592786934812,0.6854208799368827
867,6,127,VALID_FOR_REPLAY,02c9ed7517c70cd4e3ac56fd0b12cdc9a22d8b4c,canonical_pnl_v1,polymarket_logreg_eval_v1,RAW,T2,OUTSIDER_ONLY,100.0,126,0.46825396825396826,13.791646814142556,10.94575143979568,8.0,0.24614396586193965,0.018528592786934812,0.6854208799368827
867,6,127,VALID_FOR_REPLAY,02c9ed7517c70cd4e3ac56fd0b12cdc9a22d8b4c,canonical_pnl_v1,polymarket_logreg_eval_v1,RAW,T3,COMBINED,100.0,244,0.5163934426229508,16.55563748492147,6.785097329885847,12.754280984438811,0.24495813250173176,0.021223619899273936,0.6830337798716776
867,6,127,VALID_FOR_REPLAY,02c9ed7517c70cd4e3ac56fd0b12cdc9a22d8b4c,canonical_pnl_v1,polymarket_logreg_eval_v1,RAW,T3,FAVORITE_ONLY,100.0,93,0.5698924731182796,8.508597790995124,9.149029882790455,5.570913230313897,0.24495813250173176,0.021223619899273936,0.6830337798716776
867,6,127,VALID_FOR_REPLAY,02c9ed7517c70cd4e3ac56fd0b12cdc9a22d8b4c,canonical_pnl_v1,polymarket_logreg_eval_v1,RAW,T3,OUTSIDER_ONLY,100.0,97,0.422680412371134,0.39723577235771756,0.40952141480177073,8.999512195121955,0.24495813250173176,0.021223619899273936,0.6830337798716776
867,6,127,VALID_FOR_REPLAY,02c9ed7517c70cd4e3ac56fd0b12cdc9a22d8b4c,canonical_pnl_v1,polymarket_logreg_eval_v1,PLATT,COMBINED,COMBINED,100.0,846,0.5047281323877069,34.98436278189634,4.13526746830926,21.771003207955086,0.24684491013450707,0.014350622209401441,0.6868276342857383
867,6,127,VALID_FOR_REPLAY,02c9ed7517c70cd4e3ac56fd0b12cdc9a22d8b4c,canonical_pnl_v1,polymarket_logreg_eval_v1,PLATT,COMBINED,FAVORITE_ONLY,100.0,356,0.5393258426966292,10.614829241354178,2.98169360712196,25.115090355445528,0.24684491013450707,0.014350622209401441,0.6868276342857383
867,6,127,VALID_FOR_REPLAY,02c9ed7517c70cd4e3ac56fd0b12cdc9a22d8b4c,canonical_pnl_v1,polymarket_logreg_eval_v1,PLATT,COMBINED,OUTSIDER_ONLY,100.0,299,0.45819397993311034,25.68705993571562,8.59098994505539,10.173775761013427,0.24684491013450707,0.014350622209401441,0.6868276342857383
867,6,127,VALID_FOR_REPLAY,02c9ed7517c70cd4e3ac56fd0b12cdc9a22d8b4c,canonical_pnl_v1,polymarket_logreg_eval_v1,PLATT,T1,COMBINED,100.0,348,0.49137931034482757,-4.702449044353363,-1.3512784610210815,21.771003207955086,0.2494349507870768,0.024206867317819254,0.692032903092349
867,6,127,VALID_FOR_REPLAY,02c9ed7517c70cd4e3ac56fd0b12cdc9a22d8b4c,canonical_pnl_v1,polymarket_logreg_eval_v1,PLATT,T1,FAVORITE_ONLY,100.0,200,0.52,-2.336825488591332,-1.168412744295666,19.010897293605403,0.2494349507870768,0.024206867317819254,0.692032903092349
867,6,127,VALID_FOR_REPLAY,02c9ed7517c70cd4e3ac56fd0b12cdc9a22d8b4c,canonical_pnl_v1,polymarket_logreg_eval_v1,PLATT,T1,OUTSIDER_ONLY,100.0,76,0.4868421052631579,11.498177349215348,15.129180722651775,10.173775761013427,0.2494349507870768,0.024206867317819254,0.692032903092349
867,6,127,VALID_FOR_REPLAY,02c9ed7517c70cd4e3ac56fd0b12cdc9a22d8b4c,canonical_pnl_v1,polymarket_logreg_eval_v1,PLATT,T2,COMBINED,100.0,254,0.5118110236220472,23.131174341328233,9.106761551704029,14.752353052395096,0.24614396586193965,0.018528592786934812,0.6854208799368827
867,6,127,VALID_FOR_REPLAY,02c9ed7517c70cd4e3ac56fd0b12cdc9a22d8b4c,canonical_pnl_v1,polymarket_logreg_eval_v1,PLATT,T2,FAVORITE_ONLY,100.0,63,0.5555555555555556,4.443056938950388,7.052471331667283,9.562835595776773,0.24614396586193965,0.018528592786934812,0.6854208799368827
867,6,127,VALID_FOR_REPLAY,02c9ed7517c70cd4e3ac56fd0b12cdc9a22d8b4c,canonical_pnl_v1,polymarket_logreg_eval_v1,PLATT,T2,OUTSIDER_ONLY,100.0,126,0.46825396825396826,13.791646814142556,10.94575143979568,8.0,0.24614396586193965,0.018528592786934812,0.6854208799368827
867,6,127,VALID_FOR_REPLAY,02c9ed7517c70cd4e3ac56fd0b12cdc9a22d8b4c,canonical_pnl_v1,polymarket_logreg_eval_v1,PLATT,T3,COMBINED,100.0,244,0.5163934426229508,16.55563748492147,6.785097329885847,12.754280984438811,0.24495813250173176,0.021223619899273936,0.6830337798716776
867,6,127,VALID_FOR_REPLAY,02c9ed7517c70cd4e3ac56fd0b12cdc9a22d8b4c,canonical_pnl_v1,polymarket_logreg_eval_v1,PLATT,T3,FAVORITE_ONLY,100.0,93,0.5698924731182796,8.508597790995124,9.149029882790455,5.570913230313897,0.24495813250173176,0.021223619899273936,0.6830337798716776
867,6,127,VALID_FOR_REPLAY,02c9ed7517c70cd4e3ac56fd0b12cdc9a22d8b4c,canonical_pnl_v1,polymarket_logreg_eval_v1,PLATT,T3,OUTSIDER_ONLY,100.0,97,0.422680412371134,0.39723577235771756,0.40952141480177073,8.999512195121955,0.24495813250173176,0.021223619899273936,0.6830337798716776
868,36,128,VALID_FOR_REPLAY,02c9ed7517c70cd4e3ac56fd0b12cdc9a22d8b4c,canonical_pnl_v1,polymarket_logreg_eval_v1,RAW,COMBINED,COMBINED,100.0,2154,0.4619312906220984,23.25788413910989,1.0797532098008304,59.16944839287255,0.2399491720243043,0.019290411215342786,0.6728481133413192
868,36,128,VALID_FOR_REPLAY,02c9ed7517c70cd4e3ac56fd0b12cdc9a22d8b4c,canonical_pnl_v1,polymarket_logreg_eval_v1,RAW,COMBINED,FAVORITE_ONLY,100.0,1158,0.542314335060449,-42.21288880978353,-3.645327185646246,52.80722693261966,0.2399491720243043,0.019290411215342786,0.6728481133413192
868,36,128,VALID_FOR_REPLAY,02c9ed7517c70cd4e3ac56fd0b12cdc9a22d8b4c,canonical_pnl_v1,polymarket_logreg_eval_v1,RAW,COMBINED,OUTSIDER_ONLY,100.0,793,0.3076923076923077,40.662081546226915,5.127626928906294,44.225356065368274,0.2399491720243043,0.019290411215342786,0.6728481133413192
868,36,128,VALID_FOR_REPLAY,02c9ed7517c70cd4e3ac56fd0b12cdc9a22d8b4c,canonical_pnl_v1,polymarket_logreg_eval_v1,RAW,T1,COMBINED,100.0,805,0.47329192546583854,0.07841658691713604,0.009741190921383359,37.80079224414024,0.23436563217539721,0.012350455058156703,0.6610331118140385
868,36,128,VALID_FOR_REPLAY,02c9ed7517c70cd4e3ac56fd0b12cdc9a22d8b4c,canonical_pnl_v1,polymarket_logreg_eval_v1,RAW,T1,FAVORITE_ONLY,100.0,494,0.5364372469635628,-22.81011761046417,-4.617432714668861,35.0201716554618,0.23436563217539721,0.012350455058156703,0.6610331118140385
868,36,128,VALID_FOR_REPLAY,02c9ed7517c70cd4e3ac56fd0b12cdc9a22d8b4c,canonical_pnl_v1,polymarket_logreg_eval_v1,RAW,T1,OUTSIDER_ONLY,100.0,250,0.292,3.736228076262183,1.4944912305048732,30.2163717392298,0.23436563217539721,0.012350455058156703,0.6610331118140385
868,36,128,VALID_FOR_REPLAY,02c9ed7517c70cd4e3ac56fd0b12cdc9a22d8b4c,canonical_pnl_v1,polymarket_logreg_eval_v1,RAW,T2,COMBINED,100.0,536,0.4533582089552239,6.0996027280168335,1.1379855835852302,30.243189164731003,0.24390571689949567,0.02538556909400231,0.6809564825030935
868,36,128,VALID_FOR_REPLAY,02c9ed7517c70cd4e3ac56fd0b12cdc9a22d8b4c,canonical_pnl_v1,polymarket_logreg_eval_v1,RAW,T2,FAVORITE_ONLY,100.0,236,0.5466101694915254,-6.612406925464606,-2.801867341298562,18.37222733751557,0.24390571689949567,0.02538556909400231,0.6809564825030935
868,36,128,VALID_FOR_REPLAY,02c9ed7517c70cd4e3ac56fd0b12cdc9a22d8b4c,canonical_pnl_v1,polymarket_logreg_eval_v1,RAW,T2,OUTSIDER_ONLY,100.0,229,0.31004366812227074,4.974640521649437,2.172332105523772,19.508089679878715,0.24390571689949567,0.02538556909400231,0.6809564825030935
868,36,128,VALID_FOR_REPLAY,02c9ed7517c70cd4e3ac56fd0b12cdc9a22d8b4c,canonical_pnl_v1,polymarket_logreg_eval_v1,RAW,T3,COMBINED,100.0,813,0.45633456334563344,17.07986482417591,2.100844381817455,26.6478822936345,0.24157198770172586,0.030237531840600403,0.6765459021428084
868,36,128,VALID_FOR_REPLAY,02c9ed7517c70cd4e3ac56fd0b12cdc9a22d8b4c,canonical_pnl_v1,polymarket_logreg_eval_v1,RAW,T3,FAVORITE_ONLY,100.0,428,0.5467289719626168,-12.790364273854752,-2.988402867723073,31.30240673051255,0.24157198770172586,0.030237531840600403,0.6765459021428084
868,36,128,VALID_FOR_REPLAY,02c9ed7517c70cd4e3ac56fd0b12cdc9a22d8b4c,canonical_pnl_v1,polymarket_logreg_eval_v1,RAW,T3,OUTSIDER_ONLY,100.0,314,0.3184713375796178,31.951212948315305,10.17554552494118,25.56377492830167,0.24157198770172586,0.030237531840600403,0.6765459021428084
868,36,128,VALID_FOR_REPLAY,02c9ed7517c70cd4e3ac56fd0b12cdc9a22d8b4c,canonical_pnl_v1,polymarket_logreg_eval_v1,PLATT,COMBINED,COMBINED,100.0,2154,0.4619312906220984,23.25788413910989,1.0797532098008304,59.16944839287255,0.2399491720243043,0.019290411215342786,0.6728481133413192
868,36,128,VALID_FOR_REPLAY,02c9ed7517c70cd4e3ac56fd0b12cdc9a22d8b4c,canonical_pnl_v1,polymarket_logreg_eval_v1,PLATT,COMBINED,FAVORITE_ONLY,100.0,1158,0.542314335060449,-42.21288880978353,-3.645327185646246,52.80722693261966,0.2399491720243043,0.019290411215342786,0.6728481133413192
868,36,128,VALID_FOR_REPLAY,02c9ed7517c70cd4e3ac56fd0b12cdc9a22d8b4c,canonical_pnl_v1,polymarket_logreg_eval_v1,PLATT,COMBINED,OUTSIDER_ONLY,100.0,793,0.3076923076923077,40.662081546226915,5.127626928906294,44.225356065368274,0.2399491720243043,0.019290411215342786,0.6728481133413192
868,36,128,VALID_FOR_REPLAY,02c9ed7517c70cd4e3ac56fd0b12cdc9a22d8b4c,canonical_pnl_v1,polymarket_logreg_eval_v1,PLATT,T1,COMBINED,100.0,805,0.47329192546583854,0.07841658691713604,0.009741190921383359,37.80079224414024,0.23436563217539721,0.012350455058156703,0.6610331118140385
868,36,128,VALID_FOR_REPLAY,02c9ed7517c70cd4e3ac56fd0b12cdc9a22d8b4c,canonical_pnl_v1,polymarket_logreg_eval_v1,PLATT,T1,FAVORITE_ONLY,100.0,494,0.5364372469635628,-22.81011761046417,-4.617432714668861,35.0201716554618,0.23436563217539721,0.012350455058156703,0.6610331118140385
868,36,128,VALID_FOR_REPLAY,02c9ed7517c70cd4e3ac56fd0b12cdc9a22d8b4c,canonical_pnl_v1,polymarket_logreg_eval_v1,PLATT,T1,OUTSIDER_ONLY,100.0,250,0.292,3.736228076262183,1.4944912305048732,30.2163717392298,0.23436563217539721,0.012350455058156703,0.6610331118140385
868,36,128,VALID_FOR_REPLAY,02c9ed7517c70cd4e3ac56fd0b12cdc9a22d8b4c,canonical_pnl_v1,polymarket_logreg_eval_v1,PLATT,T2,COMBINED,100.0,536,0.4533582089552239,6.0996027280168335,1.1379855835852302,30.243189164731003,0.24390571689949567,0.02538556909400231,0.6809564825030935
868,36,128,VALID_FOR_REPLAY,02c9ed7517c70cd4e3ac56fd0b12cdc9a22d8b4c,canonical_pnl_v1,polymarket_logreg_eval_v1,PLATT,T2,FAVORITE_ONLY,100.0,236,0.5466101694915254,-6.612406925464606,-2.801867341298562,18.37222733751557,0.24390571689949567,0.02538556909400231,0.6809564825030935
868,36,128,VALID_FOR_REPLAY,02c9ed7517c70cd4e3ac56fd0b12cdc9a22d8b4c,canonical_pnl_v1,polymarket_logreg_eval_v1,PLATT,T2,OUTSIDER_ONLY,100.0,229,0.31004366812227074,4.974640521649437,2.172332105523772,19.508089679878715,0.24390571689949567,0.02538556909400231,0.6809564825030935
868,36,128,VALID_FOR_REPLAY,02c9ed7517c70cd4e3ac56fd0b12cdc9a22d8b4c,canonical_pnl_v1,polymarket_logreg_eval_v1,PLATT,T3,COMBINED,100.0,813,0.45633456334563344,17.07986482417591,2.100844381817455,26.6478822936345,0.24157198770172586,0.030237531840600403,0.6765459021428084
868,36,128,VALID_FOR_REPLAY,02c9ed7517c70cd4e3ac56fd0b12cdc9a22d8b4c,canonical_pnl_v1,polymarket_logreg_eval_v1,PLATT,T3,FAVORITE_ONLY,100.0,428,0.5467289719626168,-12.790364273854752,-2.988402867723073,31.30240673051255,0.24157198770172586,0.030237531840600403,0.6765459021428084
868,36,128,VALID_FOR_REPLAY,02c9ed7517c70cd4e3ac56fd0b12cdc9a22d8b4c,canonical_pnl_v1,polymarket_logreg_eval_v1,PLATT,T3,OUTSIDER_ONLY,100.0,314,0.3184713375796178,31.951212948315305,10.17554552494118,25.56377492830167,0.24157198770172586,0.030237531840600403,0.6765459021428084
869,37,129,VALID_FOR_REPLAY,02c9ed7517c70cd4e3ac56fd0b12cdc9a22d8b4c,canonical_pnl_v1,polymarket_logreg_eval_v1,RAW,COMBINED,COMBINED,100.0,2154,0.4619312906220984,23.25788413910989,1.0797532098008304,59.16944839287255,0.2399491720243043,0.019290411215342786,0.6728481133413192
869,37,129,VALID_FOR_REPLAY,02c9ed7517c70cd4e3ac56fd0b12cdc9a22d8b4c,canonical_pnl_v1,polymarket_logreg_eval_v1,RAW,COMBINED,FAVORITE_ONLY,100.0,1158,0.542314335060449,-42.21288880978353,-3.645327185646246,52.80722693261966,0.2399491720243043,0.019290411215342786,0.6728481133413192
869,37,129,VALID_FOR_REPLAY,02c9ed7517c70cd4e3ac56fd0b12cdc9a22d8b4c,canonical_pnl_v1,polymarket_logreg_eval_v1,RAW,COMBINED,OUTSIDER_ONLY,100.0,793,0.3076923076923077,40.662081546226915,5.127626928906294,44.225356065368274,0.2399491720243043,0.019290411215342786,0.6728481133413192
869,37,129,VALID_FOR_REPLAY,02c9ed7517c70cd4e3ac56fd0b12cdc9a22d8b4c,canonical_pnl_v1,polymarket_logreg_eval_v1,RAW,T1,COMBINED,100.0,805,0.47329192546583854,0.07841658691713604,0.009741190921383359,37.80079224414024,0.23436563217539721,0.012350455058156703,0.6610331118140385
869,37,129,VALID_FOR_REPLAY,02c9ed7517c70cd4e3ac56fd0b12cdc9a22d8b4c,canonical_pnl_v1,polymarket_logreg_eval_v1,RAW,T1,FAVORITE_ONLY,100.0,494,0.5364372469635628,-22.81011761046417,-4.617432714668861,35.0201716554618,0.23436563217539721,0.012350455058156703,0.6610331118140385
869,37,129,VALID_FOR_REPLAY,02c9ed7517c70cd4e3ac56fd0b12cdc9a22d8b4c,canonical_pnl_v1,polymarket_logreg_eval_v1,RAW,T1,OUTSIDER_ONLY,100.0,250,0.292,3.736228076262183,1.4944912305048732,30.2163717392298,0.23436563217539721,0.012350455058156703,0.6610331118140385
869,37,129,VALID_FOR_REPLAY,02c9ed7517c70cd4e3ac56fd0b12cdc9a22d8b4c,canonical_pnl_v1,polymarket_logreg_eval_v1,RAW,T2,COMBINED,100.0,536,0.4533582089552239,6.0996027280168335,1.1379855835852302,30.243189164731003,0.24390571689949567,0.02538556909400231,0.6809564825030935
869,37,129,VALID_FOR_REPLAY,02c9ed7517c70cd4e3ac56fd0b12cdc9a22d8b4c,canonical_pnl_v1,polymarket_logreg_eval_v1,RAW,T2,FAVORITE_ONLY,100.0,236,0.5466101694915254,-6.612406925464606,-2.801867341298562,18.37222733751557,0.24390571689949567,0.02538556909400231,0.6809564825030935
869,37,129,VALID_FOR_REPLAY,02c9ed7517c70cd4e3ac56fd0b12cdc9a22d8b4c,canonical_pnl_v1,polymarket_logreg_eval_v1,RAW,T2,OUTSIDER_ONLY,100.0,229,0.31004366812227074,4.974640521649437,2.172332105523772,19.508089679878715,0.24390571689949567,0.02538556909400231,0.6809564825030935
869,37,129,VALID_FOR_REPLAY,02c9ed7517c70cd4e3ac56fd0b12cdc9a22d8b4c,canonical_pnl_v1,polymarket_logreg_eval_v1,RAW,T3,COMBINED,100.0,813,0.45633456334563344,17.07986482417591,2.100844381817455,26.6478822936345,0.24157198770172586,0.030237531840600403,0.6765459021428084
869,37,129,VALID_FOR_REPLAY,02c9ed7517c70cd4e3ac56fd0b12cdc9a22d8b4c,canonical_pnl_v1,polymarket_logreg_eval_v1,RAW,T3,FAVORITE_ONLY,100.0,428,0.5467289719626168,-12.790364273854752,-2.988402867723073,31.30240673051255,0.24157198770172586,0.030237531840600403,0.6765459021428084
869,37,129,VALID_FOR_REPLAY,02c9ed7517c70cd4e3ac56fd0b12cdc9a22d8b4c,canonical_pnl_v1,polymarket_logreg_eval_v1,RAW,T3,OUTSIDER_ONLY,100.0,314,0.3184713375796178,31.951212948315305,10.17554552494118,25.56377492830167,0.24157198770172586,0.030237531840600403,0.6765459021428084
869,37,129,VALID_FOR_REPLAY,02c9ed7517c70cd4e3ac56fd0b12cdc9a22d8b4c,canonical_pnl_v1,polymarket_logreg_eval_v1,PLATT,COMBINED,COMBINED,100.0,2154,0.4619312906220984,23.25788413910989,1.0797532098008304,59.16944839287255,0.2399491720243043,0.019290411215342786,0.6728481133413192
869,37,129,VALID_FOR_REPLAY,02c9ed7517c70cd4e3ac56fd0b12cdc9a22d8b4c,canonical_pnl_v1,polymarket_logreg_eval_v1,PLATT,COMBINED,FAVORITE_ONLY,100.0,1158,0.542314335060449,-42.21288880978353,-3.645327185646246,52.80722693261966,0.2399491720243043,0.019290411215342786,0.6728481133413192
869,37,129,VALID_FOR_REPLAY,02c9ed7517c70cd4e3ac56fd0b12cdc9a22d8b4c,canonical_pnl_v1,polymarket_logreg_eval_v1,PLATT,COMBINED,OUTSIDER_ONLY,100.0,793,0.3076923076923077,40.662081546226915,5.127626928906294,44.225356065368274,0.2399491720243043,0.019290411215342786,0.6728481133413192
869,37,129,VALID_FOR_REPLAY,02c9ed7517c70cd4e3ac56fd0b12cdc9a22d8b4c,canonical_pnl_v1,polymarket_logreg_eval_v1,PLATT,T1,COMBINED,100.0,805,0.47329192546583854,0.07841658691713604,0.009741190921383359,37.80079224414024,0.23436563217539721,0.012350455058156703,0.6610331118140385
869,37,129,VALID_FOR_REPLAY,02c9ed7517c70cd4e3ac56fd0b12cdc9a22d8b4c,canonical_pnl_v1,polymarket_logreg_eval_v1,PLATT,T1,FAVORITE_ONLY,100.0,494,0.5364372469635628,-22.81011761046417,-4.617432714668861,35.0201716554618,0.23436563217539721,0.012350455058156703,0.6610331118140385
869,37,129,VALID_FOR_REPLAY,02c9ed7517c70cd4e3ac56fd0b12cdc9a22d8b4c,canonical_pnl_v1,polymarket_logreg_eval_v1,PLATT,T1,OUTSIDER_ONLY,100.0,250,0.292,3.736228076262183,1.4944912305048732,30.2163717392298,0.23436563217539721,0.012350455058156703,0.6610331118140385
869,37,129,VALID_FOR_REPLAY,02c9ed7517c70cd4e3ac56fd0b12cdc9a22d8b4c,canonical_pnl_v1,polymarket_logreg_eval_v1,PLATT,T2,COMBINED,100.0,536,0.4533582089552239,6.0996027280168335,1.1379855835852302,30.243189164731003,0.24390571689949567,0.02538556909400231,0.6809564825030935
869,37,129,VALID_FOR_REPLAY,02c9ed7517c70cd4e3ac56fd0b12cdc9a22d8b4c,canonical_pnl_v1,polymarket_logreg_eval_v1,PLATT,T2,FAVORITE_ONLY,100.0,236,0.5466101694915254,-6.612406925464606,-2.801867341298562,18.37222733751557,0.24390571689949567,0.02538556909400231,0.6809564825030935
869,37,129,VALID_FOR_REPLAY,02c9ed7517c70cd4e3ac56fd0b12cdc9a22d8b4c,canonical_pnl_v1,polymarket_logreg_eval_v1,PLATT,T2,OUTSIDER_ONLY,100.0,229,0.31004366812227074,4.974640521649437,2.172332105523772,19.508089679878715,0.24390571689949567,0.02538556909400231,0.6809564825030935
869,37,129,VALID_FOR_REPLAY,02c9ed7517c70cd4e3ac56fd0b12cdc9a22d8b4c,canonical_pnl_v1,polymarket_logreg_eval_v1,PLATT,T3,COMBINED,100.0,813,0.45633456334563344,17.07986482417591,2.100844381817455,26.6478822936345,0.24157198770172586,0.030237531840600403,0.6765459021428084
869,37,129,VALID_FOR_REPLAY,02c9ed7517c70cd4e3ac56fd0b12cdc9a22d8b4c,canonical_pnl_v1,polymarket_logreg_eval_v1,PLATT,T3,FAVORITE_ONLY,100.0,428,0.5467289719626168,-12.790364273854752,-2.988402867723073,31.30240673051255,0.24157198770172586,0.030237531840600403,0.6765459021428084
869,37,129,VALID_FOR_REPLAY,02c9ed7517c70cd4e3ac56fd0b12cdc9a22d8b4c,canonical_pnl_v1,polymarket_logreg_eval_v1,PLATT,T3,OUTSIDER_ONLY,100.0,314,0.3184713375796178,31.951212948315305,10.17554552494118,25.56377492830167,0.24157198770172586,0.030237531840600403,0.6765459021428084
870,38,130,VALID_FOR_REPLAY,02c9ed7517c70cd4e3ac56fd0b12cdc9a22d8b4c,canonical_pnl_v1,polymarket_logreg_eval_v1,RAW,COMBINED,COMBINED,100.0,2171,0.4380469829571626,-12.049692341479371,-0.555029587355107,88.8035044945942,0.24047063504198282,0.013060631287695943,0.6738976146853012
870,38,130,VALID_FOR_REPLAY,02c9ed7517c70cd4e3ac56fd0b12cdc9a22d8b4c,canonical_pnl_v1,polymarket_logreg_eval_v1,RAW,COMBINED,FAVORITE_ONLY,100.0,1002,0.5329341317365269,-44.56565545989656,-4.4476702055785,52.24588706863629,0.24047063504198282,0.013060631287695943,0.6738976146853012
870,38,130,VALID_FOR_REPLAY,02c9ed7517c70cd4e3ac56fd0b12cdc9a22d8b4c,canonical_pnl_v1,polymarket_logreg_eval_v1,RAW,COMBINED,OUTSIDER_ONLY,100.0,962,0.31392931392931395,23.766593278433035,2.470539841832956,55.865300584367745,0.24047063504198282,0.013060631287695943,0.6738976146853012
870,38,130,VALID_FOR_REPLAY,02c9ed7517c70cd4e3ac56fd0b12cdc9a22d8b4c,canonical_pnl_v1,polymarket_logreg_eval_v1,RAW,T1,COMBINED,100.0,770,0.43636363636363634,-19.315011995818587,-2.5084431163400764,55.83088615171645,0.23433552044226452,0.012090699717466043,0.6609445406077286
870,38,130,VALID_FOR_REPLAY,02c9ed7517c70cd4e3ac56fd0b12cdc9a22d8b4c,canonical_pnl_v1,polymarket_logreg_eval_v1,RAW,T1,FAVORITE_ONLY,100.0,391,0.5191815856777494,-24.346349443255466,-6.226687837149736,34.10210438706548,0.23433552044226452,0.012090699717466043,0.6609445406077286
870,38,130,VALID_FOR_REPLAY,02c9ed7517c70cd4e3ac56fd0b12cdc9a22d8b4c,canonical_pnl_v1,polymarket_logreg_eval_v1,RAW,T1,OUTSIDER_ONLY,100.0,323,0.29102167182662536,-12.071670428068213,-3.737359265655794,39.00079401578639,0.23433552044226452,0.012090699717466043,0.6609445406077286
870,38,130,VALID_FOR_REPLAY,02c9ed7517c70cd4e3ac56fd0b12cdc9a22d8b4c,canonical_pnl_v1,polymarket_logreg_eval_v1,RAW,T2,COMBINED,100.0,581,0.42168674698795183,-10.875796402647424,-1.871909879973739,45.11995923641347,0.24517714579689381,0.029363724492955896,0.6834962118923946
870,38,130,VALID_FOR_REPLAY,02c9ed7517c70cd4e3ac56fd0b12cdc9a22d8b4c,canonical_pnl_v1,polymarket_logreg_eval_v1,RAW,T2,FAVORITE_ONLY,100.0,204,0.5392156862745098,-5.944227990893955,-2.9138372504382133,17.914235260597103,0.24517714579689381,0.029363724492955896,0.6834962118923946
870,38,130,VALID_FOR_REPLAY,02c9ed7517c70cd4e3ac56fd0b12cdc9a22d8b4c,canonical_pnl_v1,polymarket_logreg_eval_v1,RAW,T2,OUTSIDER_ONLY,100.0,295,0.3288135593220339,5.942934359679286,2.0145540202302663,24.394314536700684,0.24517714579689381,0.029363724492955896,0.6834962118923946
870,38,130,VALID_FOR_REPLAY,02c9ed7517c70cd4e3ac56fd0b12cdc9a22d8b4c,canonical_pnl_v1,polymarket_logreg_eval_v1,RAW,T3,COMBINED,100.0,820,0.45121951219512196,18.1411160569866,2.2123312264617807,25.481311253842204,0.24189464673514374,0.031192895770416274,0.6772423961410516
870,38,130,VALID_FOR_REPLAY,02c9ed7517c70cd4e3ac56fd0b12cdc9a22d8b4c,canonical_pnl_v1,polymarket_logreg_eval_v1,RAW,T3,FAVORITE_ONLY,100.0,407,0.542997542997543,-14.275078025747131,-3.5073901783162484,30.07543442623316,0.24189464673514374,0.031192895770416274,0.6772423961410516
870,38,130,VALID_FOR_REPLAY,02c9ed7517c70cd4e3ac56fd0b12cdc9a22d8b4c,canonical_pnl_v1,polymarket_logreg_eval_v1,RAW,T3,OUTSIDER_ONLY,100.0,344,0.3226744186046512,29.895329346821946,8.690502717099404,26.192932735264336,0.24189464673514374,0.031192895770416274,0.6772423961410516
870,38,130,VALID_FOR_REPLAY,02c9ed7517c70cd4e3ac56fd0b12cdc9a22d8b4c,canonical_pnl_v1,polymarket_logreg_eval_v1,PLATT,COMBINED,COMBINED,100.0,2171,0.4380469829571626,-12.049692341479371,-0.555029587355107,88.8035044945942,0.24047063504198282,0.013060631287695943,0.6738976146853012
870,38,130,VALID_FOR_REPLAY,02c9ed7517c70cd4e3ac56fd0b12cdc9a22d8b4c,canonical_pnl_v1,polymarket_logreg_eval_v1,PLATT,COMBINED,FAVORITE_ONLY,100.0,1002,0.5329341317365269,-44.56565545989656,-4.4476702055785,52.24588706863629,0.24047063504198282,0.013060631287695943,0.6738976146853012
870,38,130,VALID_FOR_REPLAY,02c9ed7517c70cd4e3ac56fd0b12cdc9a22d8b4c,canonical_pnl_v1,polymarket_logreg_eval_v1,PLATT,COMBINED,OUTSIDER_ONLY,100.0,962,0.31392931392931395,23.766593278433035,2.470539841832956,55.865300584367745,0.24047063504198282,0.013060631287695943,0.6738976146853012
870,38,130,VALID_FOR_REPLAY,02c9ed7517c70cd4e3ac56fd0b12cdc9a22d8b4c,canonical_pnl_v1,polymarket_logreg_eval_v1,PLATT,T1,COMBINED,100.0,770,0.43636363636363634,-19.315011995818587,-2.5084431163400764,55.83088615171645,0.23433552044226452,0.012090699717466043,0.6609445406077286
870,38,130,VALID_FOR_REPLAY,02c9ed7517c70cd4e3ac56fd0b12cdc9a22d8b4c,canonical_pnl_v1,polymarket_logreg_eval_v1,PLATT,T1,FAVORITE_ONLY,100.0,391,0.5191815856777494,-24.346349443255466,-6.226687837149736,34.10210438706548,0.23433552044226452,0.012090699717466043,0.6609445406077286
870,38,130,VALID_FOR_REPLAY,02c9ed7517c70cd4e3ac56fd0b12cdc9a22d8b4c,canonical_pnl_v1,polymarket_logreg_eval_v1,PLATT,T1,OUTSIDER_ONLY,100.0,323,0.29102167182662536,-12.071670428068213,-3.737359265655794,39.00079401578639,0.23433552044226452,0.012090699717466043,0.6609445406077286
870,38,130,VALID_FOR_REPLAY,02c9ed7517c70cd4e3ac56fd0b12cdc9a22d8b4c,canonical_pnl_v1,polymarket_logreg_eval_v1,PLATT,T2,COMBINED,100.0,581,0.42168674698795183,-10.875796402647424,-1.871909879973739,45.11995923641347,0.24517714579689381,0.029363724492955896,0.6834962118923946
870,38,130,VALID_FOR_REPLAY,02c9ed7517c70cd4e3ac56fd0b12cdc9a22d8b4c,canonical_pnl_v1,polymarket_logreg_eval_v1,PLATT,T2,FAVORITE_ONLY,100.0,204,0.5392156862745098,-5.944227990893955,-2.9138372504382133,17.914235260597103,0.24517714579689381,0.029363724492955896,0.6834962118923946
870,38,130,VALID_FOR_REPLAY,02c9ed7517c70cd4e3ac56fd0b12cdc9a22d8b4c,canonical_pnl_v1,polymarket_logreg_eval_v1,PLATT,T2,OUTSIDER_ONLY,100.0,295,0.3288135593220339,5.942934359679286,2.0145540202302663,24.394314536700684,0.24517714579689381,0.029363724492955896,0.6834962118923946
870,38,130,VALID_FOR_REPLAY,02c9ed7517c70cd4e3ac56fd0b12cdc9a22d8b4c,canonical_pnl_v1,polymarket_logreg_eval_v1,PLATT,T3,COMBINED,100.0,820,0.45121951219512196,18.1411160569866,2.2123312264617807,25.481311253842204,0.24189464673514374,0.031192895770416274,0.6772423961410516
870,38,130,VALID_FOR_REPLAY,02c9ed7517c70cd4e3ac56fd0b12cdc9a22d8b4c,canonical_pnl_v1,polymarket_logreg_eval_v1,PLATT,T3,FAVORITE_ONLY,100.0,407,0.542997542997543,-14.275078025747131,-3.5073901783162484,30.07543442623316,0.24189464673514374,0.031192895770416274,0.6772423961410516
870,38,130,VALID_FOR_REPLAY,02c9ed7517c70cd4e3ac56fd0b12cdc9a22d8b4c,canonical_pnl_v1,polymarket_logreg_eval_v1,PLATT,T3,OUTSIDER_ONLY,100.0,344,0.3226744186046512,29.895329346821946,8.690502717099404,26.192932735264336,0.24189464673514374,0.031192895770416274,0.6772423961410516
871,16,131,VALID_FOR_REPLAY,02c9ed7517c70cd4e3ac56fd0b12cdc9a22d8b4c,canonical_pnl_v1,polymarket_logreg_eval_v1,RAW,COMBINED,COMBINED,100.0,2080,0.7024038461538461,75.41900449102022,3.6259136774528953,51.70316250154791,0.16698415708952194,0.05758786900448806,0.5277699761566366
871,16,131,VALID_FOR_REPLAY,02c9ed7517c70cd4e3ac56fd0b12cdc9a22d8b4c,canonical_pnl_v1,polymarket_logreg_eval_v1,RAW,COMBINED,FAVORITE_ONLY,100.0,1811,0.774710104914412,-76.52483882424721,-4.225557085822596,80.29320470923354,0.16698415708952194,0.05758786900448806,0.5277699761566366
871,16,131,VALID_FOR_REPLAY,02c9ed7517c70cd4e3ac56fd0b12cdc9a22d8b4c,canonical_pnl_v1,polymarket_logreg_eval_v1,RAW,COMBINED,OUTSIDER_ONLY,100.0,269,0.21561338289962825,151.94384331526746,56.48470011719979,27.676960784313728,0.16698415708952194,0.05758786900448806,0.5277699761566366
871,16,131,VALID_FOR_REPLAY,02c9ed7517c70cd4e3ac56fd0b12cdc9a22d8b4c,canonical_pnl_v1,polymarket_logreg_eval_v1,RAW,T1,COMBINED,100.0,773,0.6882276843467011,-45.47538855217219,-5.882973939478938,51.70316250154791,0.17102248287830382,0.06800325973241941,0.5385137975265872
871,16,131,VALID_FOR_REPLAY,02c9ed7517c70cd4e3ac56fd0b12cdc9a22d8b4c,canonical_pnl_v1,polymarket_logreg_eval_v1,RAW,T1,FAVORITE_ONLY,100.0,685,0.762043795620438,-36.77216514159584,-5.368199290743918,44.50524783504176,0.17102248287830382,0.06800325973241941,0.5385137975265872
871,16,131,VALID_FOR_REPLAY,02c9ed7517c70cd4e3ac56fd0b12cdc9a22d8b4c,canonical_pnl_v1,polymarket_logreg_eval_v1,RAW,T1,OUTSIDER_ONLY,100.0,88,0.11363636363636363,-8.703223410576346,-9.890026602927666,27.648333333333333,0.17102248287830382,0.06800325973241941,0.5385137975265872
871,16,131,VALID_FOR_REPLAY,02c9ed7517c70cd4e3ac56fd0b12cdc9a22d8b4c,canonical_pnl_v1,polymarket_logreg_eval_v1,RAW,T2,COMBINED,100.0,584,0.7174657534246576,18.675204986662873,3.1978090730587114,20.668557232294486,0.16533696154819505,0.060713338661487246,0.5238954771982188
871,16,131,VALID_FOR_REPLAY,02c9ed7517c70cd4e3ac56fd0b12cdc9a22d8b4c,canonical_pnl_v1,polymarket_logreg_eval_v1,RAW,T2,FAVORITE_ONLY,100.0,513,0.783625730994152,-23.45207505355833,-4.571554591336907,32.14332429124418,0.16533696154819505,0.060713338661487246,0.5238954771982188
871,16,131,VALID_FOR_REPLAY,02c9ed7517c70cd4e3ac56fd0b12cdc9a22d8b4c,canonical_pnl_v1,polymarket_logreg_eval_v1,RAW,T2,OUTSIDER_ONLY,100.0,71,0.23943661971830985,42.12728004022122,59.3341972397482,8.446666666666665,0.16533696154819505,0.060713338661487246,0.5238954771982188
871,16,131,VALID_FOR_REPLAY,02c9ed7517c70cd4e3ac56fd0b12cdc9a22d8b4c,canonical_pnl_v1,polymarket_logreg_eval_v1,RAW,T3,COMBINED,100.0,723,0.7053941908713693,102.21918805652953,14.138200284443919,15.992269610039955,0.16459302684206703,0.05134928272913093,0.5209006537451031
871,16,131,VALID_FOR_REPLAY,02c9ed7517c70cd4e3ac56fd0b12cdc9a22d8b4c,canonical_pnl_v1,polymarket_logreg_eval_v1,RAW,T3,FAVORITE_ONLY,100.0,613,0.7814029363784666,-16.30059862909305,-2.6591514892484582,21.645747005617686,0.16459302684206703,0.05134928272913093,0.5209006537451031
871,16,131,VALID_FOR_REPLAY,02c9ed7517c70cd4e3ac56fd0b12cdc9a22d8b4c,canonical_pnl_v1,polymarket_logreg_eval_v1,RAW,T3,OUTSIDER_ONLY,100.0,110,0.2818181818181818,118.51978668562259,107.74526062329326,12.313333333333333,0.16459302684206703,0.05134928272913093,0.5209006537451031
871,16,131,VALID_FOR_REPLAY,02c9ed7517c70cd4e3ac56fd0b12cdc9a22d8b4c,canonical_pnl_v1,polymarket_logreg_eval_v1,PLATT,COMBINED,COMBINED,100.0,2080,0.7024038461538461,75.41900449102022,3.6259136774528953,51.70316250154791,0.16698415708952194,0.05758786900448806,0.5277699761566366
871,16,131,VALID_FOR_REPLAY,02c9ed7517c70cd4e3ac56fd0b12cdc9a22d8b4c,canonical_pnl_v1,polymarket_logreg_eval_v1,PLATT,COMBINED,FAVORITE_ONLY,100.0,1811,0.774710104914412,-76.52483882424721,-4.225557085822596,80.29320470923354,0.16698415708952194,0.05758786900448806,0.5277699761566366
871,16,131,VALID_FOR_REPLAY,02c9ed7517c70cd4e3ac56fd0b12cdc9a22d8b4c,canonical_pnl_v1,polymarket_logreg_eval_v1,PLATT,COMBINED,OUTSIDER_ONLY,100.0,269,0.21561338289962825,151.94384331526746,56.48470011719979,27.676960784313728,0.16698415708952194,0.05758786900448806,0.5277699761566366
871,16,131,VALID_FOR_REPLAY,02c9ed7517c70cd4e3ac56fd0b12cdc9a22d8b4c,canonical_pnl_v1,polymarket_logreg_eval_v1,PLATT,T1,COMBINED,100.0,773,0.6882276843467011,-45.47538855217219,-5.882973939478938,51.70316250154791,0.17102248287830382,0.06800325973241941,0.5385137975265872
871,16,131,VALID_FOR_REPLAY,02c9ed7517c70cd4e3ac56fd0b12cdc9a22d8b4c,canonical_pnl_v1,polymarket_logreg_eval_v1,PLATT,T1,FAVORITE_ONLY,100.0,685,0.762043795620438,-36.77216514159584,-5.368199290743918,44.50524783504176,0.17102248287830382,0.06800325973241941,0.5385137975265872
871,16,131,VALID_FOR_REPLAY,02c9ed7517c70cd4e3ac56fd0b12cdc9a22d8b4c,canonical_pnl_v1,polymarket_logreg_eval_v1,PLATT,T1,OUTSIDER_ONLY,100.0,88,0.11363636363636363,-8.703223410576346,-9.890026602927666,27.648333333333333,0.17102248287830382,0.06800325973241941,0.5385137975265872
871,16,131,VALID_FOR_REPLAY,02c9ed7517c70cd4e3ac56fd0b12cdc9a22d8b4c,canonical_pnl_v1,polymarket_logreg_eval_v1,PLATT,T2,COMBINED,100.0,584,0.7174657534246576,18.675204986662873,3.1978090730587114,20.668557232294486,0.16533696154819505,0.060713338661487246,0.5238954771982188
871,16,131,VALID_FOR_REPLAY,02c9ed7517c70cd4e3ac56fd0b12cdc9a22d8b4c,canonical_pnl_v1,polymarket_logreg_eval_v1,PLATT,T2,FAVORITE_ONLY,100.0,513,0.783625730994152,-23.45207505355833,-4.571554591336907,32.14332429124418,0.16533696154819505,0.060713338661487246,0.5238954771982188
871,16,131,VALID_FOR_REPLAY,02c9ed7517c70cd4e3ac56fd0b12cdc9a22d8b4c,canonical_pnl_v1,polymarket_logreg_eval_v1,PLATT,T2,OUTSIDER_ONLY,100.0,71,0.23943661971830985,42.12728004022122,59.3341972397482,8.446666666666665,0.16533696154819505,0.060713338661487246,0.5238954771982188
871,16,131,VALID_FOR_REPLAY,02c9ed7517c70cd4e3ac56fd0b12cdc9a22d8b4c,canonical_pnl_v1,polymarket_logreg_eval_v1,PLATT,T3,COMBINED,100.0,723,0.7053941908713693,102.21918805652953,14.138200284443919,15.992269610039955,0.16459302684206703,0.05134928272913093,0.5209006537451031
871,16,131,VALID_FOR_REPLAY,02c9ed7517c70cd4e3ac56fd0b12cdc9a22d8b4c,canonical_pnl_v1,polymarket_logreg_eval_v1,PLATT,T3,FAVORITE_ONLY,100.0,613,0.7814029363784666,-16.30059862909305,-2.6591514892484582,21.645747005617686,0.16459302684206703,0.05134928272913093,0.5209006537451031
871,16,131,VALID_FOR_REPLAY,02c9ed7517c70cd4e3ac56fd0b12cdc9a22d8b4c,canonical_pnl_v1,polymarket_logreg_eval_v1,PLATT,T3,OUTSIDER_ONLY,100.0,110,0.2818181818181818,118.51978668562259,107.74526062329326,12.313333333333333,0.16459302684206703,0.05134928272913093,0.5209006537451031
872,17,132,VALID_FOR_REPLAY,02c9ed7517c70cd4e3ac56fd0b12cdc9a22d8b4c,canonical_pnl_v1,polymarket_logreg_eval_v1,RAW,COMBINED,COMBINED,100.0,2080,0.7024038461538461,75.41900449102022,3.6259136774528953,51.70316250154791,0.16698415708952194,0.05758786900448806,0.5277699761566366
872,17,132,VALID_FOR_REPLAY,02c9ed7517c70cd4e3ac56fd0b12cdc9a22d8b4c,canonical_pnl_v1,polymarket_logreg_eval_v1,RAW,COMBINED,FAVORITE_ONLY,100.0,1811,0.774710104914412,-76.52483882424721,-4.225557085822596,80.29320470923354,0.16698415708952194,0.05758786900448806,0.5277699761566366
872,17,132,VALID_FOR_REPLAY,02c9ed7517c70cd4e3ac56fd0b12cdc9a22d8b4c,canonical_pnl_v1,polymarket_logreg_eval_v1,RAW,COMBINED,OUTSIDER_ONLY,100.0,269,0.21561338289962825,151.94384331526746,56.48470011719979,27.676960784313728,0.16698415708952194,0.05758786900448806,0.5277699761566366
872,17,132,VALID_FOR_REPLAY,02c9ed7517c70cd4e3ac56fd0b12cdc9a22d8b4c,canonical_pnl_v1,polymarket_logreg_eval_v1,RAW,T1,COMBINED,100.0,773,0.6882276843467011,-45.47538855217219,-5.882973939478938,51.70316250154791,0.17102248287830382,0.06800325973241941,0.5385137975265872
872,17,132,VALID_FOR_REPLAY,02c9ed7517c70cd4e3ac56fd0b12cdc9a22d8b4c,canonical_pnl_v1,polymarket_logreg_eval_v1,RAW,T1,FAVORITE_ONLY,100.0,685,0.762043795620438,-36.77216514159584,-5.368199290743918,44.50524783504176,0.17102248287830382,0.06800325973241941,0.5385137975265872
872,17,132,VALID_FOR_REPLAY,02c9ed7517c70cd4e3ac56fd0b12cdc9a22d8b4c,canonical_pnl_v1,polymarket_logreg_eval_v1,RAW,T1,OUTSIDER_ONLY,100.0,88,0.11363636363636363,-8.703223410576346,-9.890026602927666,27.648333333333333,0.17102248287830382,0.06800325973241941,0.5385137975265872
872,17,132,VALID_FOR_REPLAY,02c9ed7517c70cd4e3ac56fd0b12cdc9a22d8b4c,canonical_pnl_v1,polymarket_logreg_eval_v1,RAW,T2,COMBINED,100.0,584,0.7174657534246576,18.675204986662873,3.1978090730587114,20.668557232294486,0.16533696154819505,0.060713338661487246,0.5238954771982188
872,17,132,VALID_FOR_REPLAY,02c9ed7517c70cd4e3ac56fd0b12cdc9a22d8b4c,canonical_pnl_v1,polymarket_logreg_eval_v1,RAW,T2,FAVORITE_ONLY,100.0,513,0.783625730994152,-23.45207505355833,-4.571554591336907,32.14332429124418,0.16533696154819505,0.060713338661487246,0.5238954771982188
872,17,132,VALID_FOR_REPLAY,02c9ed7517c70cd4e3ac56fd0b12cdc9a22d8b4c,canonical_pnl_v1,polymarket_logreg_eval_v1,RAW,T2,OUTSIDER_ONLY,100.0,71,0.23943661971830985,42.12728004022122,59.3341972397482,8.446666666666665,0.16533696154819505,0.060713338661487246,0.5238954771982188
872,17,132,VALID_FOR_REPLAY,02c9ed7517c70cd4e3ac56fd0b12cdc9a22d8b4c,canonical_pnl_v1,polymarket_logreg_eval_v1,RAW,T3,COMBINED,100.0,723,0.7053941908713693,102.21918805652953,14.138200284443919,15.992269610039955,0.16459302684206703,0.05134928272913093,0.5209006537451031
872,17,132,VALID_FOR_REPLAY,02c9ed7517c70cd4e3ac56fd0b12cdc9a22d8b4c,canonical_pnl_v1,polymarket_logreg_eval_v1,RAW,T3,FAVORITE_ONLY,100.0,613,0.7814029363784666,-16.30059862909305,-2.6591514892484582,21.645747005617686,0.16459302684206703,0.05134928272913093,0.5209006537451031
872,17,132,VALID_FOR_REPLAY,02c9ed7517c70cd4e3ac56fd0b12cdc9a22d8b4c,canonical_pnl_v1,polymarket_logreg_eval_v1,RAW,T3,OUTSIDER_ONLY,100.0,110,0.2818181818181818,118.51978668562259,107.74526062329326,12.313333333333333,0.16459302684206703,0.05134928272913093,0.5209006537451031
872,17,132,VALID_FOR_REPLAY,02c9ed7517c70cd4e3ac56fd0b12cdc9a22d8b4c,canonical_pnl_v1,polymarket_logreg_eval_v1,PLATT,COMBINED,COMBINED,100.0,2080,0.7024038461538461,75.41900449102022,3.6259136774528953,51.70316250154791,0.16698415708952194,0.05758786900448806,0.5277699761566366
872,17,132,VALID_FOR_REPLAY,02c9ed7517c70cd4e3ac56fd0b12cdc9a22d8b4c,canonical_pnl_v1,polymarket_logreg_eval_v1,PLATT,COMBINED,FAVORITE_ONLY,100.0,1811,0.774710104914412,-76.52483882424721,-4.225557085822596,80.29320470923354,0.16698415708952194,0.05758786900448806,0.5277699761566366
872,17,132,VALID_FOR_REPLAY,02c9ed7517c70cd4e3ac56fd0b12cdc9a22d8b4c,canonical_pnl_v1,polymarket_logreg_eval_v1,PLATT,COMBINED,OUTSIDER_ONLY,100.0,269,0.21561338289962825,151.94384331526746,56.48470011719979,27.676960784313728,0.16698415708952194,0.05758786900448806,0.5277699761566366
872,17,132,VALID_FOR_REPLAY,02c9ed7517c70cd4e3ac56fd0b12cdc9a22d8b4c,canonical_pnl_v1,polymarket_logreg_eval_v1,PLATT,T1,COMBINED,100.0,773,0.6882276843467011,-45.47538855217219,-5.882973939478938,51.70316250154791,0.17102248287830382,0.06800325973241941,0.5385137975265872
872,17,132,VALID_FOR_REPLAY,02c9ed7517c70cd4e3ac56fd0b12cdc9a22d8b4c,canonical_pnl_v1,polymarket_logreg_eval_v1,PLATT,T1,FAVORITE_ONLY,100.0,685,0.762043795620438,-36.77216514159584,-5.368199290743918,44.50524783504176,0.17102248287830382,0.06800325973241941,0.5385137975265872
872,17,132,VALID_FOR_REPLAY,02c9ed7517c70cd4e3ac56fd0b12cdc9a22d8b4c,canonical_pnl_v1,polymarket_logreg_eval_v1,PLATT,T1,OUTSIDER_ONLY,100.0,88,0.11363636363636363,-8.703223410576346,-9.890026602927666,27.648333333333333,0.17102248287830382,0.06800325973241941,0.5385137975265872
872,17,132,VALID_FOR_REPLAY,02c9ed7517c70cd4e3ac56fd0b12cdc9a22d8b4c,canonical_pnl_v1,polymarket_logreg_eval_v1,PLATT,T2,COMBINED,100.0,584,0.7174657534246576,18.675204986662873,3.1978090730587114,20.668557232294486,0.16533696154819505,0.060713338661487246,0.5238954771982188
872,17,132,VALID_FOR_REPLAY,02c9ed7517c70cd4e3ac56fd0b12cdc9a22d8b4c,canonical_pnl_v1,polymarket_logreg_eval_v1,PLATT,T2,FAVORITE_ONLY,100.0,513,0.783625730994152,-23.45207505355833,-4.571554591336907,32.14332429124418,0.16533696154819505,0.060713338661487246,0.5238954771982188
872,17,132,VALID_FOR_REPLAY,02c9ed7517c70cd4e3ac56fd0b12cdc9a22d8b4c,canonical_pnl_v1,polymarket_logreg_eval_v1,PLATT,T2,OUTSIDER_ONLY,100.0,71,0.23943661971830985,42.12728004022122,59.3341972397482,8.446666666666665,0.16533696154819505,0.060713338661487246,0.5238954771982188
872,17,132,VALID_FOR_REPLAY,02c9ed7517c70cd4e3ac56fd0b12cdc9a22d8b4c,canonical_pnl_v1,polymarket_logreg_eval_v1,PLATT,T3,COMBINED,100.0,723,0.7053941908713693,102.21918805652953,14.138200284443919,15.992269610039955,0.16459302684206703,0.05134928272913093,0.5209006537451031
872,17,132,VALID_FOR_REPLAY,02c9ed7517c70cd4e3ac56fd0b12cdc9a22d8b4c,canonical_pnl_v1,polymarket_logreg_eval_v1,PLATT,T3,FAVORITE_ONLY,100.0,613,0.7814029363784666,-16.30059862909305,-2.6591514892484582,21.645747005617686,0.16459302684206703,0.05134928272913093,0.5209006537451031
872,17,132,VALID_FOR_REPLAY,02c9ed7517c70cd4e3ac56fd0b12cdc9a22d8b4c,canonical_pnl_v1,polymarket_logreg_eval_v1,PLATT,T3,OUTSIDER_ONLY,100.0,110,0.2818181818181818,118.51978668562259,107.74526062329326,12.313333333333333,0.16459302684206703,0.05134928272913093,0.5209006537451031
873,18,133,VALID_FOR_REPLAY,02c9ed7517c70cd4e3ac56fd0b12cdc9a22d8b4c,canonical_pnl_v1,polymarket_logreg_eval_v1,RAW,COMBINED,COMBINED,100.0,2053,0.6765708718947882,67.86017654988636,3.3054153214752247,57.6063050548187,0.1668490804390404,0.05529646975814338,0.5278930434658473
873,18,133,VALID_FOR_REPLAY,02c9ed7517c70cd4e3ac56fd0b12cdc9a22d8b4c,canonical_pnl_v1,polymarket_logreg_eval_v1,RAW,COMBINED,FAVORITE_ONLY,100.0,1699,0.7751618599175986,-73.05042211148424,-4.29961283763886,76.81878799647087,0.1668490804390404,0.05529646975814338,0.5278930434658473
873,18,133,VALID_FOR_REPLAY,02c9ed7517c70cd4e3ac56fd0b12cdc9a22d8b4c,canonical_pnl_v1,polymarket_logreg_eval_v1,RAW,COMBINED,OUTSIDER_ONLY,100.0,354,0.2033898305084746,140.9105986613706,39.805253859144244,36.821960784313724,0.1668490804390404,0.05529646975814338,0.5278930434658473
873,18,133,VALID_FOR_REPLAY,02c9ed7517c70cd4e3ac56fd0b12cdc9a22d8b4c,canonical_pnl_v1,polymarket_logreg_eval_v1,RAW,T1,COMBINED,100.0,754,0.656498673740053,-48.44072073742605,-6.4244987715419155,52.02825135803805,0.1708036294924601,0.06927861902206975,0.5381835850465574
873,18,133,VALID_FOR_REPLAY,02c9ed7517c70cd4e3ac56fd0b12cdc9a22d8b4c,canonical_pnl_v1,polymarket_logreg_eval_v1,RAW,T1,FAVORITE_ONLY,100.0,628,0.7627388535031847,-34.01516176386196,-5.416427032462096,40.66033711570864,0.1708036294924601,0.06927861902206975,0.5381835850465574
873,18,133,VALID_FOR_REPLAY,02c9ed7517c70cd4e3ac56fd0b12cdc9a22d8b4c,canonical_pnl_v1,polymarket_logreg_eval_v1,RAW,T1,OUTSIDER_ONLY,100.0,126,0.12698412698412698,-14.425558973564087,-11.448856328225466,33.79333333333334,0.1708036294924601,0.06927861902206975,0.5381835850465574
873,18,133,VALID_FOR_REPLAY,02c9ed7517c70cd4e3ac56fd0b12cdc9a22d8b4c,canonical_pnl_v1,polymarket_logreg_eval_v1,RAW,T2,COMBINED,100.0,578,0.6920415224913494,13.683730172010456,2.367427365399733,23.926829319341877,0.1651930234880368,0.05515464550473994,0.5241609275199361
873,18,133,VALID_FOR_REPLAY,02c9ed7517c70cd4e3ac56fd0b12cdc9a22d8b4c,canonical_pnl_v1,polymarket_logreg_eval_v1,RAW,T2,FAVORITE_ONLY,100.0,480,0.7895833333333333,-19.443549868210756,-4.05073955587724,28.070674041222997,0.1651930234880368,0.05515464550473994,0.5241609275199361
873,18,133,VALID_FOR_REPLAY,02c9ed7517c70cd4e3ac56fd0b12cdc9a22d8b4c,canonical_pnl_v1,polymarket_logreg_eval_v1,RAW,T2,OUTSIDER_ONLY,100.0,98,0.21428571428571427,33.127280040221216,33.80334697981757,14.0,0.1651930234880368,0.05515464550473994,0.5241609275199361
873,18,133,VALID_FOR_REPLAY,02c9ed7517c70cd4e3ac56fd0b12cdc9a22d8b4c,canonical_pnl_v1,polymarket_logreg_eval_v1,RAW,T3,COMBINED,100.0,721,0.6851595006934813,102.61716711530195,14.232616798238828,17.131652343648263,0.1645505883366243,0.05000899082476923,0.5213346178310482
873,18,133,VALID_FOR_REPLAY,02c9ed7517c70cd4e3ac56fd0b12cdc9a22d8b4c,canonical_pnl_v1,polymarket_logreg_eval_v1,RAW,T3,FAVORITE_ONLY,100.0,591,0.7766497461928934,-19.591710479411525,-3.3150102334029654,24.736135964369897,0.1645505883366243,0.05000899082476923,0.5213346178310482
873,18,133,VALID_FOR_REPLAY,02c9ed7517c70cd4e3ac56fd0b12cdc9a22d8b4c,canonical_pnl_v1,polymarket_logreg_eval_v1,RAW,T3,OUTSIDER_ONLY,100.0,130,0.2692307692307692,122.2088775947135,94.00682891901039,14.313333333333333,0.1645505883366243,0.05000899082476923,0.5213346178310482
873,18,133,VALID_FOR_REPLAY,02c9ed7517c70cd4e3ac56fd0b12cdc9a22d8b4c,canonical_pnl_v1,polymarket_logreg_eval_v1,PLATT,COMBINED,COMBINED,100.0,2053,0.6765708718947882,67.86017654988636,3.3054153214752247,57.6063050548187,0.1668490804390404,0.05529646975814338,0.5278930434658473
873,18,133,VALID_FOR_REPLAY,02c9ed7517c70cd4e3ac56fd0b12cdc9a22d8b4c,canonical_pnl_v1,polymarket_logreg_eval_v1,PLATT,COMBINED,FAVORITE_ONLY,100.0,1699,0.7751618599175986,-73.05042211148424,-4.29961283763886,76.81878799647087,0.1668490804390404,0.05529646975814338,0.5278930434658473
873,18,133,VALID_FOR_REPLAY,02c9ed7517c70cd4e3ac56fd0b12cdc9a22d8b4c,canonical_pnl_v1,polymarket_logreg_eval_v1,PLATT,COMBINED,OUTSIDER_ONLY,100.0,354,0.2033898305084746,140.9105986613706,39.805253859144244,36.821960784313724,0.1668490804390404,0.05529646975814338,0.5278930434658473
873,18,133,VALID_FOR_REPLAY,02c9ed7517c70cd4e3ac56fd0b12cdc9a22d8b4c,canonical_pnl_v1,polymarket_logreg_eval_v1,PLATT,T1,COMBINED,100.0,754,0.656498673740053,-48.44072073742605,-6.4244987715419155,52.02825135803805,0.1708036294924601,0.06927861902206975,0.5381835850465574
873,18,133,VALID_FOR_REPLAY,02c9ed7517c70cd4e3ac56fd0b12cdc9a22d8b4c,canonical_pnl_v1,polymarket_logreg_eval_v1,PLATT,T1,FAVORITE_ONLY,100.0,628,0.7627388535031847,-34.01516176386196,-5.416427032462096,40.66033711570864,0.1708036294924601,0.06927861902206975,0.5381835850465574
873,18,133,VALID_FOR_REPLAY,02c9ed7517c70cd4e3ac56fd0b12cdc9a22d8b4c,canonical_pnl_v1,polymarket_logreg_eval_v1,PLATT,T1,OUTSIDER_ONLY,100.0,126,0.12698412698412698,-14.425558973564087,-11.448856328225466,33.79333333333334,0.1708036294924601,0.06927861902206975,0.5381835850465574
873,18,133,VALID_FOR_REPLAY,02c9ed7517c70cd4e3ac56fd0b12cdc9a22d8b4c,canonical_pnl_v1,polymarket_logreg_eval_v1,PLATT,T2,COMBINED,100.0,578,0.6920415224913494,13.683730172010456,2.367427365399733,23.926829319341877,0.1651930234880368,0.05515464550473994,0.5241609275199361
873,18,133,VALID_FOR_REPLAY,02c9ed7517c70cd4e3ac56fd0b12cdc9a22d8b4c,canonical_pnl_v1,polymarket_logreg_eval_v1,PLATT,T2,FAVORITE_ONLY,100.0,480,0.7895833333333333,-19.443549868210756,-4.05073955587724,28.070674041222997,0.1651930234880368,0.05515464550473994,0.5241609275199361
873,18,133,VALID_FOR_REPLAY,02c9ed7517c70cd4e3ac56fd0b12cdc9a22d8b4c,canonical_pnl_v1,polymarket_logreg_eval_v1,PLATT,T2,OUTSIDER_ONLY,100.0,98,0.21428571428571427,33.127280040221216,33.80334697981757,14.0,0.1651930234880368,0.05515464550473994,0.5241609275199361
873,18,133,VALID_FOR_REPLAY,02c9ed7517c70cd4e3ac56fd0b12cdc9a22d8b4c,canonical_pnl_v1,polymarket_logreg_eval_v1,PLATT,T3,COMBINED,100.0,721,0.6851595006934813,102.61716711530195,14.232616798238828,17.131652343648263,0.1645505883366243,0.05000899082476923,0.5213346178310482
873,18,133,VALID_FOR_REPLAY,02c9ed7517c70cd4e3ac56fd0b12cdc9a22d8b4c,canonical_pnl_v1,polymarket_logreg_eval_v1,PLATT,T3,FAVORITE_ONLY,100.0,591,0.7766497461928934,-19.591710479411525,-3.3150102334029654,24.736135964369897,0.1645505883366243,0.05000899082476923,0.5213346178310482
873,18,133,VALID_FOR_REPLAY,02c9ed7517c70cd4e3ac56fd0b12cdc9a22d8b4c,canonical_pnl_v1,polymarket_logreg_eval_v1,PLATT,T3,OUTSIDER_ONLY,100.0,130,0.2692307692307692,122.2088775947135,94.00682891901039,14.313333333333333,0.1645505883366243,0.05000899082476923,0.5213346178310482
874,16,134,VALID_FOR_REPLAY,02c9ed7517c70cd4e3ac56fd0b12cdc9a22d8b4c,canonical_pnl_v1,polymarket_logreg_eval_v1,RAW,COMBINED,COMBINED,100.0,1237,0.5246564268391269,-76.46054046507312,-6.181126957564521,80.23451084591794,0.22765628767007512,0.025633282519256714,0.6480099204376055
874,16,134,VALID_FOR_REPLAY,02c9ed7517c70cd4e3ac56fd0b12cdc9a22d8b4c,canonical_pnl_v1,polymarket_logreg_eval_v1,RAW,COMBINED,FAVORITE_ONLY,100.0,934,0.6124197002141327,-39.1813754542507,-4.195008078613565,46.82152577364164,0.22765628767007512,0.025633282519256714,0.6480099204376055
874,16,134,VALID_FOR_REPLAY,02c9ed7517c70cd4e3ac56fd0b12cdc9a22d8b4c,canonical_pnl_v1,polymarket_logreg_eval_v1,RAW,COMBINED,OUTSIDER_ONLY,100.0,303,0.25412541254125415,-37.27916501082241,-12.3033547890503,43.49246658997494,0.22765628767007512,0.025633282519256714,0.6480099204376055
874,16,134,VALID_FOR_REPLAY,02c9ed7517c70cd4e3ac56fd0b12cdc9a22d8b4c,canonical_pnl_v1,polymarket_logreg_eval_v1,RAW,T1,COMBINED,100.0,544,0.5753676470588235,-26.971513911564983,-4.9579988808023865,31.42061973115755,0.22457756266955256,0.03112495374389769,0.6417296809985326
874,16,134,VALID_FOR_REPLAY,02c9ed7517c70cd4e3ac56fd0b12cdc9a22d8b4c,canonical_pnl_v1,polymarket_logreg_eval_v1,RAW,T1,FAVORITE_ONLY,100.0,462,0.6428571428571429,0.18344433580705388,0.03970656619200301,14.086140640941766,0.22457756266955256,0.03112495374389769,0.6417296809985326
874,16,134,VALID_FOR_REPLAY,02c9ed7517c70cd4e3ac56fd0b12cdc9a22d8b4c,canonical_pnl_v1,polymarket_logreg_eval_v1,RAW,T1,OUTSIDER_ONLY,100.0,82,0.1951219512195122,-27.15495824737204,-33.11580274069761,28.4416249140387,0.22457756266955256,0.03112495374389769,0.6417296809985326
874,16,134,VALID_FOR_REPLAY,02c9ed7517c70cd4e3ac56fd0b12cdc9a22d8b4c,canonical_pnl_v1,polymarket_logreg_eval_v1,RAW,T2,COMBINED,100.0,267,0.5168539325842697,-25.212102253891672,-9.44273492655119,34.49014226121378,0.2312276832425031,0.03719687823225864,0.6554489044338534
874,16,134,VALID_FOR_REPLAY,02c9ed7517c70cd4e3ac56fd0b12cdc9a22d8b4c,canonical_pnl_v1,polymarket_logreg_eval_v1,RAW,T2,FAVORITE_ONLY,100.0,206,0.5970873786407767,-14.354593911288777,-6.968249471499406,26.087989065183013,0.2312276832425031,0.03719687823225864,0.6554489044338534
874,16,134,VALID_FOR_REPLAY,02c9ed7517c70cd4e3ac56fd0b12cdc9a22d8b4c,canonical_pnl_v1,polymarket_logreg_eval_v1,RAW,T2,OUTSIDER_ONLY,100.0,61,0.2459016393442623,-10.857508342602895,-17.79919400426704,17.842795698924732,0.2312276832425031,0.03719687823225864,0.6554489044338534
874,16,134,VALID_FOR_REPLAY,02c9ed7517c70cd4e3ac56fd0b12cdc9a22d8b4c,canonical_pnl_v1,polymarket_logreg_eval_v1,RAW,T3,COMBINED,100.0,426,0.4647887323943662,-24.276924299616454,-5.698808521036726,30.439630087847398,0.22716361709816973,0.017954924159023635,0.6468511758804304
874,16,134,VALID_FOR_REPLAY,02c9ed7517c70cd4e3ac56fd0b12cdc9a22d8b4c,canonical_pnl_v1,polymarket_logreg_eval_v1,RAW,T3,FAVORITE_ONLY,100.0,266,0.5714285714285714,-25.01022587876897,-9.402340555928184,30.033981460765546,0.22716361709816973,0.017954924159023635,0.6468511758804304
874,16,134,VALID_FOR_REPLAY,02c9ed7517c70cd4e3ac56fd0b12cdc9a22d8b4c,canonical_pnl_v1,polymarket_logreg_eval_v1,RAW,T3,OUTSIDER_ONLY,100.0,160,0.2875,0.7333015791525082,0.4583134869703176,16.893932606346397,0.22716361709816973,0.017954924159023635,0.6468511758804304
874,16,134,VALID_FOR_REPLAY,02c9ed7517c70cd4e3ac56fd0b12cdc9a22d8b4c,canonical_pnl_v1,polymarket_logreg_eval_v1,PLATT,COMBINED,COMBINED,100.0,1237,0.5246564268391269,-76.46054046507312,-6.181126957564521,80.23451084591794,0.22765628767007512,0.025633282519256714,0.6480099204376055
874,16,134,VALID_FOR_REPLAY,02c9ed7517c70cd4e3ac56fd0b12cdc9a22d8b4c,canonical_pnl_v1,polymarket_logreg_eval_v1,PLATT,COMBINED,FAVORITE_ONLY,100.0,934,0.6124197002141327,-39.1813754542507,-4.195008078613565,46.82152577364164,0.22765628767007512,0.025633282519256714,0.6480099204376055
874,16,134,VALID_FOR_REPLAY,02c9ed7517c70cd4e3ac56fd0b12cdc9a22d8b4c,canonical_pnl_v1,polymarket_logreg_eval_v1,PLATT,COMBINED,OUTSIDER_ONLY,100.0,303,0.25412541254125415,-37.27916501082241,-12.3033547890503,43.49246658997494,0.22765628767007512,0.025633282519256714,0.6480099204376055
874,16,134,VALID_FOR_REPLAY,02c9ed7517c70cd4e3ac56fd0b12cdc9a22d8b4c,canonical_pnl_v1,polymarket_logreg_eval_v1,PLATT,T1,COMBINED,100.0,544,0.5753676470588235,-26.971513911564983,-4.9579988808023865,31.42061973115755,0.22457756266955256,0.03112495374389769,0.6417296809985326
874,16,134,VALID_FOR_REPLAY,02c9ed7517c70cd4e3ac56fd0b12cdc9a22d8b4c,canonical_pnl_v1,polymarket_logreg_eval_v1,PLATT,T1,FAVORITE_ONLY,100.0,462,0.6428571428571429,0.18344433580705388,0.03970656619200301,14.086140640941766,0.22457756266955256,0.03112495374389769,0.6417296809985326
874,16,134,VALID_FOR_REPLAY,02c9ed7517c70cd4e3ac56fd0b12cdc9a22d8b4c,canonical_pnl_v1,polymarket_logreg_eval_v1,PLATT,T1,OUTSIDER_ONLY,100.0,82,0.1951219512195122,-27.15495824737204,-33.11580274069761,28.4416249140387,0.22457756266955256,0.03112495374389769,0.6417296809985326
874,16,134,VALID_FOR_REPLAY,02c9ed7517c70cd4e3ac56fd0b12cdc9a22d8b4c,canonical_pnl_v1,polymarket_logreg_eval_v1,PLATT,T2,COMBINED,100.0,267,0.5168539325842697,-25.212102253891672,-9.44273492655119,34.49014226121378,0.2312276832425031,0.03719687823225864,0.6554489044338534
874,16,134,VALID_FOR_REPLAY,02c9ed7517c70cd4e3ac56fd0b12cdc9a22d8b4c,canonical_pnl_v1,polymarket_logreg_eval_v1,PLATT,T2,FAVORITE_ONLY,100.0,206,0.5970873786407767,-14.354593911288777,-6.968249471499406,26.087989065183013,0.2312276832425031,0.03719687823225864,0.6554489044338534
874,16,134,VALID_FOR_REPLAY,02c9ed7517c70cd4e3ac56fd0b12cdc9a22d8b4c,canonical_pnl_v1,polymarket_logreg_eval_v1,PLATT,T2,OUTSIDER_ONLY,100.0,61,0.2459016393442623,-10.857508342602895,-17.79919400426704,17.842795698924732,0.2312276832425031,0.03719687823225864,0.6554489044338534
874,16,134,VALID_FOR_REPLAY,02c9ed7517c70cd4e3ac56fd0b12cdc9a22d8b4c,canonical_pnl_v1,polymarket_logreg_eval_v1,PLATT,T3,COMBINED,100.0,426,0.4647887323943662,-24.276924299616454,-5.698808521036726,30.439630087847398,0.22716361709816973,0.017954924159023635,0.6468511758804304
874,16,134,VALID_FOR_REPLAY,02c9ed7517c70cd4e3ac56fd0b12cdc9a22d8b4c,canonical_pnl_v1,polymarket_logreg_eval_v1,PLATT,T3,FAVORITE_ONLY,100.0,266,0.5714285714285714,-25.01022587876897,-9.402340555928184,30.033981460765546,0.22716361709816973,0.017954924159023635,0.6468511758804304
874,16,134,VALID_FOR_REPLAY,02c9ed7517c70cd4e3ac56fd0b12cdc9a22d8b4c,canonical_pnl_v1,polymarket_logreg_eval_v1,PLATT,T3,OUTSIDER_ONLY,100.0,160,0.2875,0.7333015791525082,0.4583134869703176,16.893932606346397,0.22716361709816973,0.017954924159023635,0.6468511758804304
875,17,135,VALID_FOR_REPLAY,02c9ed7517c70cd4e3ac56fd0b12cdc9a22d8b4c,canonical_pnl_v1,polymarket_logreg_eval_v1,RAW,COMBINED,COMBINED,100.0,1237,0.5246564268391269,-76.46054046507312,-6.181126957564521,80.23451084591794,0.22765628767007512,0.025633282519256714,0.6480099204376055
875,17,135,VALID_FOR_REPLAY,02c9ed7517c70cd4e3ac56fd0b12cdc9a22d8b4c,canonical_pnl_v1,polymarket_logreg_eval_v1,RAW,COMBINED,FAVORITE_ONLY,100.0,934,0.6124197002141327,-39.1813754542507,-4.195008078613565,46.82152577364164,0.22765628767007512,0.025633282519256714,0.6480099204376055
875,17,135,VALID_FOR_REPLAY,02c9ed7517c70cd4e3ac56fd0b12cdc9a22d8b4c,canonical_pnl_v1,polymarket_logreg_eval_v1,RAW,COMBINED,OUTSIDER_ONLY,100.0,303,0.25412541254125415,-37.27916501082241,-12.3033547890503,43.49246658997494,0.22765628767007512,0.025633282519256714,0.6480099204376055
875,17,135,VALID_FOR_REPLAY,02c9ed7517c70cd4e3ac56fd0b12cdc9a22d8b4c,canonical_pnl_v1,polymarket_logreg_eval_v1,RAW,T1,COMBINED,100.0,544,0.5753676470588235,-26.971513911564983,-4.9579988808023865,31.42061973115755,0.22457756266955256,0.03112495374389769,0.6417296809985326
875,17,135,VALID_FOR_REPLAY,02c9ed7517c70cd4e3ac56fd0b12cdc9a22d8b4c,canonical_pnl_v1,polymarket_logreg_eval_v1,RAW,T1,FAVORITE_ONLY,100.0,462,0.6428571428571429,0.18344433580705388,0.03970656619200301,14.086140640941766,0.22457756266955256,0.03112495374389769,0.6417296809985326
875,17,135,VALID_FOR_REPLAY,02c9ed7517c70cd4e3ac56fd0b12cdc9a22d8b4c,canonical_pnl_v1,polymarket_logreg_eval_v1,RAW,T1,OUTSIDER_ONLY,100.0,82,0.1951219512195122,-27.15495824737204,-33.11580274069761,28.4416249140387,0.22457756266955256,0.03112495374389769,0.6417296809985326
875,17,135,VALID_FOR_REPLAY,02c9ed7517c70cd4e3ac56fd0b12cdc9a22d8b4c,canonical_pnl_v1,polymarket_logreg_eval_v1,RAW,T2,COMBINED,100.0,267,0.5168539325842697,-25.212102253891672,-9.44273492655119,34.49014226121378,0.2312276832425031,0.03719687823225864,0.6554489044338534
875,17,135,VALID_FOR_REPLAY,02c9ed7517c70cd4e3ac56fd0b12cdc9a22d8b4c,canonical_pnl_v1,polymarket_logreg_eval_v1,RAW,T2,FAVORITE_ONLY,100.0,206,0.5970873786407767,-14.354593911288777,-6.968249471499406,26.087989065183013,0.2312276832425031,0.03719687823225864,0.6554489044338534
875,17,135,VALID_FOR_REPLAY,02c9ed7517c70cd4e3ac56fd0b12cdc9a22d8b4c,canonical_pnl_v1,polymarket_logreg_eval_v1,RAW,T2,OUTSIDER_ONLY,100.0,61,0.2459016393442623,-10.857508342602895,-17.79919400426704,17.842795698924732,0.2312276832425031,0.03719687823225864,0.6554489044338534
875,17,135,VALID_FOR_REPLAY,02c9ed7517c70cd4e3ac56fd0b12cdc9a22d8b4c,canonical_pnl_v1,polymarket_logreg_eval_v1,RAW,T3,COMBINED,100.0,426,0.4647887323943662,-24.276924299616454,-5.698808521036726,30.439630087847398,0.22716361709816973,0.017954924159023635,0.6468511758804304
875,17,135,VALID_FOR_REPLAY,02c9ed7517c70cd4e3ac56fd0b12cdc9a22d8b4c,canonical_pnl_v1,polymarket_logreg_eval_v1,RAW,T3,FAVORITE_ONLY,100.0,266,0.5714285714285714,-25.01022587876897,-9.402340555928184,30.033981460765546,0.22716361709816973,0.017954924159023635,0.6468511758804304
875,17,135,VALID_FOR_REPLAY,02c9ed7517c70cd4e3ac56fd0b12cdc9a22d8b4c,canonical_pnl_v1,polymarket_logreg_eval_v1,RAW,T3,OUTSIDER_ONLY,100.0,160,0.2875,0.7333015791525082,0.4583134869703176,16.893932606346397,0.22716361709816973,0.017954924159023635,0.6468511758804304
875,17,135,VALID_FOR_REPLAY,02c9ed7517c70cd4e3ac56fd0b12cdc9a22d8b4c,canonical_pnl_v1,polymarket_logreg_eval_v1,PLATT,COMBINED,COMBINED,100.0,1237,0.5246564268391269,-76.46054046507312,-6.181126957564521,80.23451084591794,0.22765628767007512,0.025633282519256714,0.6480099204376055
875,17,135,VALID_FOR_REPLAY,02c9ed7517c70cd4e3ac56fd0b12cdc9a22d8b4c,canonical_pnl_v1,polymarket_logreg_eval_v1,PLATT,COMBINED,FAVORITE_ONLY,100.0,934,0.6124197002141327,-39.1813754542507,-4.195008078613565,46.82152577364164,0.22765628767007512,0.025633282519256714,0.6480099204376055
875,17,135,VALID_FOR_REPLAY,02c9ed7517c70cd4e3ac56fd0b12cdc9a22d8b4c,canonical_pnl_v1,polymarket_logreg_eval_v1,PLATT,COMBINED,OUTSIDER_ONLY,100.0,303,0.25412541254125415,-37.27916501082241,-12.3033547890503,43.49246658997494,0.22765628767007512,0.025633282519256714,0.6480099204376055
875,17,135,VALID_FOR_REPLAY,02c9ed7517c70cd4e3ac56fd0b12cdc9a22d8b4c,canonical_pnl_v1,polymarket_logreg_eval_v1,PLATT,T1,COMBINED,100.0,544,0.5753676470588235,-26.971513911564983,-4.9579988808023865,31.42061973115755,0.22457756266955256,0.03112495374389769,0.6417296809985326
875,17,135,VALID_FOR_REPLAY,02c9ed7517c70cd4e3ac56fd0b12cdc9a22d8b4c,canonical_pnl_v1,polymarket_logreg_eval_v1,PLATT,T1,FAVORITE_ONLY,100.0,462,0.6428571428571429,0.18344433580705388,0.03970656619200301,14.086140640941766,0.22457756266955256,0.03112495374389769,0.6417296809985326
875,17,135,VALID_FOR_REPLAY,02c9ed7517c70cd4e3ac56fd0b12cdc9a22d8b4c,canonical_pnl_v1,polymarket_logreg_eval_v1,PLATT,T1,OUTSIDER_ONLY,100.0,82,0.1951219512195122,-27.15495824737204,-33.11580274069761,28.4416249140387,0.22457756266955256,0.03112495374389769,0.6417296809985326
875,17,135,VALID_FOR_REPLAY,02c9ed7517c70cd4e3ac56fd0b12cdc9a22d8b4c,canonical_pnl_v1,polymarket_logreg_eval_v1,PLATT,T2,COMBINED,100.0,267,0.5168539325842697,-25.212102253891672,-9.44273492655119,34.49014226121378,0.2312276832425031,0.03719687823225864,0.6554489044338534
875,17,135,VALID_FOR_REPLAY,02c9ed7517c70cd4e3ac56fd0b12cdc9a22d8b4c,canonical_pnl_v1,polymarket_logreg_eval_v1,PLATT,T2,FAVORITE_ONLY,100.0,206,0.5970873786407767,-14.354593911288777,-6.968249471499406,26.087989065183013,0.2312276832425031,0.03719687823225864,0.6554489044338534
875,17,135,VALID_FOR_REPLAY,02c9ed7517c70cd4e3ac56fd0b12cdc9a22d8b4c,canonical_pnl_v1,polymarket_logreg_eval_v1,PLATT,T2,OUTSIDER_ONLY,100.0,61,0.2459016393442623,-10.857508342602895,-17.79919400426704,17.842795698924732,0.2312276832425031,0.03719687823225864,0.6554489044338534
875,17,135,VALID_FOR_REPLAY,02c9ed7517c70cd4e3ac56fd0b12cdc9a22d8b4c,canonical_pnl_v1,polymarket_logreg_eval_v1,PLATT,T3,COMBINED,100.0,426,0.4647887323943662,-24.276924299616454,-5.698808521036726,30.439630087847398,0.22716361709816973,0.017954924159023635,0.6468511758804304
875,17,135,VALID_FOR_REPLAY,02c9ed7517c70cd4e3ac56fd0b12cdc9a22d8b4c,canonical_pnl_v1,polymarket_logreg_eval_v1,PLATT,T3,FAVORITE_ONLY,100.0,266,0.5714285714285714,-25.01022587876897,-9.402340555928184,30.033981460765546,0.22716361709816973,0.017954924159023635,0.6468511758804304
875,17,135,VALID_FOR_REPLAY,02c9ed7517c70cd4e3ac56fd0b12cdc9a22d8b4c,canonical_pnl_v1,polymarket_logreg_eval_v1,PLATT,T3,OUTSIDER_ONLY,100.0,160,0.2875,0.7333015791525082,0.4583134869703176,16.893932606346397,0.22716361709816973,0.017954924159023635,0.6468511758804304
876,18,136,VALID_FOR_REPLAY,02c9ed7517c70cd4e3ac56fd0b12cdc9a22d8b4c,canonical_pnl_v1,polymarket_logreg_eval_v1,RAW,COMBINED,COMBINED,100.0,1166,0.4922813036020583,-88.56424108605364,-7.595560985081787,91.68446146689864,0.22736689077109665,0.02122567289537743,0.6473288733225587
876,18,136,VALID_FOR_REPLAY,02c9ed7517c70cd4e3ac56fd0b12cdc9a22d8b4c,canonical_pnl_v1,polymarket_logreg_eval_v1,RAW,COMBINED,FAVORITE_ONLY,100.0,793,0.6027742749054225,-41.32057755836061,-5.210665518078262,47.05108129897962,0.22736689077109665,0.02122567289537743,0.6473288733225587
876,18,136,VALID_FOR_REPLAY,02c9ed7517c70cd4e3ac56fd0b12cdc9a22d8b4c,canonical_pnl_v1,polymarket_logreg_eval_v1,RAW,COMBINED,OUTSIDER_ONLY,100.0,373,0.257372654155496,-47.243663527693016,-12.665861535574535,49.530330194359706,0.22736689077109665,0.02122567289537743,0.6473288733225587
876,18,136,VALID_FOR_REPLAY,02c9ed7517c70cd4e3ac56fd0b12cdc9a22d8b4c,canonical_pnl_v1,polymarket_logreg_eval_v1,RAW,T1,COMBINED,100.0,488,0.5307377049180327,-32.9347406917157,-6.748922272892561,39.03729254108494,0.2240694677866189,0.013653048610043388,0.6405174208855764
876,18,136,VALID_FOR_REPLAY,02c9ed7517c70cd4e3ac56fd0b12cdc9a22d8b4c,canonical_pnl_v1,polymarket_logreg_eval_v1,RAW,T1,FAVORITE_ONLY,100.0,368,0.6277173913043478,-5.955266315311405,-1.6182788900302731,18.357832061291006,0.2240694677866189,0.013653048610043388,0.6405174208855764
876,18,136,VALID_FOR_REPLAY,02c9ed7517c70cd4e3ac56fd0b12cdc9a22d8b4c,canonical_pnl_v1,polymarket_logreg_eval_v1,RAW,T1,OUTSIDER_ONLY,100.0,120,0.23333333333333334,-26.9794743764043,-22.48289531367025,28.266141043070963,0.2240694677866189,0.013653048610043388,0.6405174208855764
876,18,136,VALID_FOR_REPLAY,02c9ed7517c70cd4e3ac56fd0b12cdc9a22d8b4c,canonical_pnl_v1,polymarket_logreg_eval_v1,RAW,T2,COMBINED,100.0,244,0.48770491803278687,-27.716495691994787,-11.359219545899503,37.18725300734819,0.23083252647383679,0.03398111021623674,0.6545374010478531
876,18,136,VALID_FOR_REPLAY,02c9ed7517c70cd4e3ac56fd0b12cdc9a22d8b4c,canonical_pnl_v1,polymarket_logreg_eval_v1,RAW,T2,FAVORITE_ONLY,100.0,174,0.5862068965517241,-14.326944338639205,-8.233876056689198,23.814013734957687,0.23083252647383679,0.03398111021623674,0.6545374010478531
876,18,136,VALID_FOR_REPLAY,02c9ed7517c70cd4e3ac56fd0b12cdc9a22d8b4c,canonical_pnl_v1,polymarket_logreg_eval_v1,RAW,T2,OUTSIDER_ONLY,100.0,70,0.24285714285714285,-13.389551353355582,-19.12793050479369,18.842795698924732,0.23083252647383679,0.03398111021623674,0.6545374010478531
876,18,136,VALID_FOR_REPLAY,02c9ed7517c70cd4e3ac56fd0b12cdc9a22d8b4c,canonical_pnl_v1,polymarket_logreg_eval_v1,RAW,T3,COMBINED,100.0,434,0.45161290322580644,-27.913004702343134,-6.431567903765699,40.67533414648806,0.22719867805283425,0.016042859859852005,0.6469317980342465
876,18,136,VALID_FOR_REPLAY,02c9ed7517c70cd4e3ac56fd0b12cdc9a22d8b4c,canonical_pnl_v1,polymarket_logreg_eval_v1,RAW,T3,FAVORITE_ONLY,100.0,251,0.5776892430278885,-21.038366904409997,-8.381819483828684,24.96738058030163,0.22719867805283425,0.016042859859852005,0.6469317980342465
876,18,136,VALID_FOR_REPLAY,02c9ed7517c70cd4e3ac56fd0b12cdc9a22d8b4c,canonical_pnl_v1,polymarket_logreg_eval_v1,RAW,T3,OUTSIDER_ONLY,100.0,183,0.2786885245901639,-6.874637797933136,-3.756632676466195,26.05249156232471,0.22719867805283425,0.016042859859852005,0.6469317980342465
876,18,136,VALID_FOR_REPLAY,02c9ed7517c70cd4e3ac56fd0b12cdc9a22d8b4c,canonical_pnl_v1,polymarket_logreg_eval_v1,PLATT,COMBINED,COMBINED,100.0,1166,0.4922813036020583,-88.56424108605364,-7.595560985081787,91.68446146689864,0.22736689077109665,0.02122567289537743,0.6473288733225587
876,18,136,VALID_FOR_REPLAY,02c9ed7517c70cd4e3ac56fd0b12cdc9a22d8b4c,canonical_pnl_v1,polymarket_logreg_eval_v1,PLATT,COMBINED,FAVORITE_ONLY,100.0,793,0.6027742749054225,-41.32057755836061,-5.210665518078262,47.05108129897962,0.22736689077109665,0.02122567289537743,0.6473288733225587
876,18,136,VALID_FOR_REPLAY,02c9ed7517c70cd4e3ac56fd0b12cdc9a22d8b4c,canonical_pnl_v1,polymarket_logreg_eval_v1,PLATT,COMBINED,OUTSIDER_ONLY,100.0,373,0.257372654155496,-47.243663527693016,-12.665861535574535,49.530330194359706,0.22736689077109665,0.02122567289537743,0.6473288733225587
876,18,136,VALID_FOR_REPLAY,02c9ed7517c70cd4e3ac56fd0b12cdc9a22d8b4c,canonical_pnl_v1,polymarket_logreg_eval_v1,PLATT,T1,COMBINED,100.0,488,0.5307377049180327,-32.9347406917157,-6.748922272892561,39.03729254108494,0.2240694677866189,0.013653048610043388,0.6405174208855764
876,18,136,VALID_FOR_REPLAY,02c9ed7517c70cd4e3ac56fd0b12cdc9a22d8b4c,canonical_pnl_v1,polymarket_logreg_eval_v1,PLATT,T1,FAVORITE_ONLY,100.0,368,0.6277173913043478,-5.955266315311405,-1.6182788900302731,18.357832061291006,0.2240694677866189,0.013653048610043388,0.6405174208855764
876,18,136,VALID_FOR_REPLAY,02c9ed7517c70cd4e3ac56fd0b12cdc9a22d8b4c,canonical_pnl_v1,polymarket_logreg_eval_v1,PLATT,T1,OUTSIDER_ONLY,100.0,120,0.23333333333333334,-26.9794743764043,-22.48289531367025,28.266141043070963,0.2240694677866189,0.013653048610043388,0.6405174208855764
876,18,136,VALID_FOR_REPLAY,02c9ed7517c70cd4e3ac56fd0b12cdc9a22d8b4c,canonical_pnl_v1,polymarket_logreg_eval_v1,PLATT,T2,COMBINED,100.0,244,0.48770491803278687,-27.716495691994787,-11.359219545899503,37.18725300734819,0.23083252647383679,0.03398111021623674,0.6545374010478531
876,18,136,VALID_FOR_REPLAY,02c9ed7517c70cd4e3ac56fd0b12cdc9a22d8b4c,canonical_pnl_v1,polymarket_logreg_eval_v1,PLATT,T2,FAVORITE_ONLY,100.0,174,0.5862068965517241,-14.326944338639205,-8.233876056689198,23.814013734957687,0.23083252647383679,0.03398111021623674,0.6545374010478531
876,18,136,VALID_FOR_REPLAY,02c9ed7517c70cd4e3ac56fd0b12cdc9a22d8b4c,canonical_pnl_v1,polymarket_logreg_eval_v1,PLATT,T2,OUTSIDER_ONLY,100.0,70,0.24285714285714285,-13.389551353355582,-19.12793050479369,18.842795698924732,0.23083252647383679,0.03398111021623674,0.6545374010478531
876,18,136,VALID_FOR_REPLAY,02c9ed7517c70cd4e3ac56fd0b12cdc9a22d8b4c,canonical_pnl_v1,polymarket_logreg_eval_v1,PLATT,T3,COMBINED,100.0,434,0.45161290322580644,-27.913004702343134,-6.431567903765699,40.67533414648806,0.22719867805283425,0.016042859859852005,0.6469317980342465
876,18,136,VALID_FOR_REPLAY,02c9ed7517c70cd4e3ac56fd0b12cdc9a22d8b4c,canonical_pnl_v1,polymarket_logreg_eval_v1,PLATT,T3,FAVORITE_ONLY,100.0,251,0.5776892430278885,-21.038366904409997,-8.381819483828684,24.96738058030163,0.22719867805283425,0.016042859859852005,0.6469317980342465
876,18,136,VALID_FOR_REPLAY,02c9ed7517c70cd4e3ac56fd0b12cdc9a22d8b4c,canonical_pnl_v1,polymarket_logreg_eval_v1,PLATT,T3,OUTSIDER_ONLY,100.0,183,0.2786885245901639,-6.874637797933136,-3.756632676466195,26.05249156232471,0.22719867805283425,0.016042859859852005,0.6469317980342465
877,8,137,VALID_FOR_REPLAY,02c9ed7517c70cd4e3ac56fd0b12cdc9a22d8b4c,canonical_pnl_v1,polymarket_logreg_eval_v1,RAW,COMBINED,COMBINED,100.0,356,0.4438202247191011,-31.17765319215122,-8.757767750604275,38.827533621243575,0.24796744499726156,0.005783156099526841,0.6890804113176882
877,8,137,VALID_FOR_REPLAY,02c9ed7517c70cd4e3ac56fd0b12cdc9a22d8b4c,canonical_pnl_v1,polymarket_logreg_eval_v1,RAW,COMBINED,FAVORITE_ONLY,100.0,150,0.4666666666666667,-16.363169128318965,-10.90877941887931,22.747906314920744,0.24796744499726156,0.005783156099526841,0.6890804113176882
877,8,137,VALID_FOR_REPLAY,02c9ed7517c70cd4e3ac56fd0b12cdc9a22d8b4c,canonical_pnl_v1,polymarket_logreg_eval_v1,RAW,COMBINED,OUTSIDER_ONLY,100.0,129,0.4186046511627907,-2.9437284930988756,-2.2819600721696713,16.12376011963079,0.24796744499726156,0.005783156099526841,0.6890804113176882
877,8,137,VALID_FOR_REPLAY,02c9ed7517c70cd4e3ac56fd0b12cdc9a22d8b4c,canonical_pnl_v1,polymarket_logreg_eval_v1,RAW,T1,COMBINED,100.0,149,0.4429530201342282,-9.03676197198656,-6.064940920796349,15.704161952352269,0.24697402718571831,0.012187967649632817,0.6870855677603385
877,8,137,VALID_FOR_REPLAY,02c9ed7517c70cd4e3ac56fd0b12cdc9a22d8b4c,canonical_pnl_v1,polymarket_logreg_eval_v1,RAW,T1,FAVORITE_ONLY,100.0,47,0.574468085106383,4.3632590568883565,9.283529908273099,3.3801439995446656,0.24697402718571831,0.012187967649632817,0.6870855677603385
877,8,137,VALID_FOR_REPLAY,02c9ed7517c70cd4e3ac56fd0b12cdc9a22d8b4c,canonical_pnl_v1,polymarket_logreg_eval_v1,RAW,T1,OUTSIDER_ONLY,100.0,94,0.3723404255319149,-13.05543581017205,-13.88876150018303,16.12376011963079,0.24697402718571831,0.012187967649632817,0.6870855677603385
877,8,137,VALID_FOR_REPLAY,02c9ed7517c70cd4e3ac56fd0b12cdc9a22d8b4c,canonical_pnl_v1,polymarket_logreg_eval_v1,RAW,T2,COMBINED,100.0,75,0.49333333333333335,-2.7866148584818915,-3.715486477975855,8.054488161649312,0.24962572934987834,0.027626321103580584,0.6924129062521344
877,8,137,VALID_FOR_REPLAY,02c9ed7517c70cd4e3ac56fd0b12cdc9a22d8b4c,canonical_pnl_v1,polymarket_logreg_eval_v1,RAW,T2,FAVORITE_ONLY,100.0,44,0.45454545454545453,-5.6817894646973475,-12.913157874312153,10.257294743732038,0.24962572934987834,0.027626321103580584,0.6924129062521344
877,8,137,VALID_FOR_REPLAY,02c9ed7517c70cd4e3ac56fd0b12cdc9a22d8b4c,canonical_pnl_v1,polymarket_logreg_eval_v1,RAW,T2,OUTSIDER_ONLY,100.0,4,0.75,3.1169105691056913,77.92276422764229,1.0,0.24962572934987834,0.027626321103580584,0.6924129062521344
877,8,137,VALID_FOR_REPLAY,02c9ed7517c70cd4e3ac56fd0b12cdc9a22d8b4c,canonical_pnl_v1,polymarket_logreg_eval_v1,RAW,T3,COMBINED,100.0,132,0.4166666666666667,-19.354276361682768,-14.662330577032401,24.661171847832197,0.24730257845618803,0.001911114844632458,0.6877427599405916
877,8,137,VALID_FOR_REPLAY,02c9ed7517c70cd4e3ac56fd0b12cdc9a22d8b4c,canonical_pnl_v1,polymarket_logreg_eval_v1,RAW,T3,FAVORITE_ONLY,100.0,59,0.3898305084745763,-15.044638720509976,-25.499387661881318,17.392421525939838,0.24730257845618803,0.001911114844632458,0.6877427599405916
877,8,137,VALID_FOR_REPLAY,02c9ed7517c70cd4e3ac56fd0b12cdc9a22d8b4c,canonical_pnl_v1,polymarket_logreg_eval_v1,RAW,T3,OUTSIDER_ONLY,100.0,31,0.5161290322580645,6.994796747967482,22.563860477314456,7.0,0.24730257845618803,0.001911114844632458,0.6877427599405916
877,8,137,VALID_FOR_REPLAY,02c9ed7517c70cd4e3ac56fd0b12cdc9a22d8b4c,canonical_pnl_v1,polymarket_logreg_eval_v1,PLATT,COMBINED,COMBINED,100.0,356,0.4438202247191011,-31.17765319215122,-8.757767750604275,38.827533621243575,0.24796744499726156,0.005783156099526841,0.6890804113176882
877,8,137,VALID_FOR_REPLAY,02c9ed7517c70cd4e3ac56fd0b12cdc9a22d8b4c,canonical_pnl_v1,polymarket_logreg_eval_v1,PLATT,COMBINED,FAVORITE_ONLY,100.0,150,0.4666666666666667,-16.363169128318965,-10.90877941887931,22.747906314920744,0.24796744499726156,0.005783156099526841,0.6890804113176882
877,8,137,VALID_FOR_REPLAY,02c9ed7517c70cd4e3ac56fd0b12cdc9a22d8b4c,canonical_pnl_v1,polymarket_logreg_eval_v1,PLATT,COMBINED,OUTSIDER_ONLY,100.0,129,0.4186046511627907,-2.9437284930988756,-2.2819600721696713,16.12376011963079,0.24796744499726156,0.005783156099526841,0.6890804113176882
877,8,137,VALID_FOR_REPLAY,02c9ed7517c70cd4e3ac56fd0b12cdc9a22d8b4c,canonical_pnl_v1,polymarket_logreg_eval_v1,PLATT,T1,COMBINED,100.0,149,0.4429530201342282,-9.03676197198656,-6.064940920796349,15.704161952352269,0.24697402718571831,0.012187967649632817,0.6870855677603385
877,8,137,VALID_FOR_REPLAY,02c9ed7517c70cd4e3ac56fd0b12cdc9a22d8b4c,canonical_pnl_v1,polymarket_logreg_eval_v1,PLATT,T1,FAVORITE_ONLY,100.0,47,0.574468085106383,4.3632590568883565,9.283529908273099,3.3801439995446656,0.24697402718571831,0.012187967649632817,0.6870855677603385
877,8,137,VALID_FOR_REPLAY,02c9ed7517c70cd4e3ac56fd0b12cdc9a22d8b4c,canonical_pnl_v1,polymarket_logreg_eval_v1,PLATT,T1,OUTSIDER_ONLY,100.0,94,0.3723404255319149,-13.05543581017205,-13.88876150018303,16.12376011963079,0.24697402718571831,0.012187967649632817,0.6870855677603385
877,8,137,VALID_FOR_REPLAY,02c9ed7517c70cd4e3ac56fd0b12cdc9a22d8b4c,canonical_pnl_v1,polymarket_logreg_eval_v1,PLATT,T2,COMBINED,100.0,75,0.49333333333333335,-2.7866148584818915,-3.715486477975855,8.054488161649312,0.24962572934987834,0.027626321103580584,0.6924129062521344
877,8,137,VALID_FOR_REPLAY,02c9ed7517c70cd4e3ac56fd0b12cdc9a22d8b4c,canonical_pnl_v1,polymarket_logreg_eval_v1,PLATT,T2,FAVORITE_ONLY,100.0,44,0.45454545454545453,-5.6817894646973475,-12.913157874312153,10.257294743732038,0.24962572934987834,0.027626321103580584,0.6924129062521344
877,8,137,VALID_FOR_REPLAY,02c9ed7517c70cd4e3ac56fd0b12cdc9a22d8b4c,canonical_pnl_v1,polymarket_logreg_eval_v1,PLATT,T2,OUTSIDER_ONLY,100.0,4,0.75,3.1169105691056913,77.92276422764229,1.0,0.24962572934987834,0.027626321103580584,0.6924129062521344
877,8,137,VALID_FOR_REPLAY,02c9ed7517c70cd4e3ac56fd0b12cdc9a22d8b4c,canonical_pnl_v1,polymarket_logreg_eval_v1,PLATT,T3,COMBINED,100.0,132,0.4166666666666667,-19.354276361682768,-14.662330577032401,24.661171847832197,0.24730257845618803,0.001911114844632458,0.6877427599405916
877,8,137,VALID_FOR_REPLAY,02c9ed7517c70cd4e3ac56fd0b12cdc9a22d8b4c,canonical_pnl_v1,polymarket_logreg_eval_v1,PLATT,T3,FAVORITE_ONLY,100.0,59,0.3898305084745763,-15.044638720509976,-25.499387661881318,17.392421525939838,0.24730257845618803,0.001911114844632458,0.6877427599405916
877,8,137,VALID_FOR_REPLAY,02c9ed7517c70cd4e3ac56fd0b12cdc9a22d8b4c,canonical_pnl_v1,polymarket_logreg_eval_v1,PLATT,T3,OUTSIDER_ONLY,100.0,31,0.5161290322580645,6.994796747967482,22.563860477314456,7.0,0.24730257845618803,0.001911114844632458,0.6877427599405916
878,9,138,VALID_FOR_REPLAY,02c9ed7517c70cd4e3ac56fd0b12cdc9a22d8b4c,canonical_pnl_v1,polymarket_logreg_eval_v1,RAW,COMBINED,COMBINED,100.0,356,0.4438202247191011,-31.17765319215122,-8.757767750604275,38.827533621243575,0.24796744499726156,0.005783156099526841,0.6890804113176882
878,9,138,VALID_FOR_REPLAY,02c9ed7517c70cd4e3ac56fd0b12cdc9a22d8b4c,canonical_pnl_v1,polymarket_logreg_eval_v1,RAW,COMBINED,FAVORITE_ONLY,100.0,150,0.4666666666666667,-16.363169128318965,-10.90877941887931,22.747906314920744,0.24796744499726156,0.005783156099526841,0.6890804113176882
878,9,138,VALID_FOR_REPLAY,02c9ed7517c70cd4e3ac56fd0b12cdc9a22d8b4c,canonical_pnl_v1,polymarket_logreg_eval_v1,RAW,COMBINED,OUTSIDER_ONLY,100.0,129,0.4186046511627907,-2.9437284930988756,-2.2819600721696713,16.12376011963079,0.24796744499726156,0.005783156099526841,0.6890804113176882
878,9,138,VALID_FOR_REPLAY,02c9ed7517c70cd4e3ac56fd0b12cdc9a22d8b4c,canonical_pnl_v1,polymarket_logreg_eval_v1,RAW,T1,COMBINED,100.0,149,0.4429530201342282,-9.03676197198656,-6.064940920796349,15.704161952352269,0.24697402718571831,0.012187967649632817,0.6870855677603385
878,9,138,VALID_FOR_REPLAY,02c9ed7517c70cd4e3ac56fd0b12cdc9a22d8b4c,canonical_pnl_v1,polymarket_logreg_eval_v1,RAW,T1,FAVORITE_ONLY,100.0,47,0.574468085106383,4.3632590568883565,9.283529908273099,3.3801439995446656,0.24697402718571831,0.012187967649632817,0.6870855677603385
878,9,138,VALID_FOR_REPLAY,02c9ed7517c70cd4e3ac56fd0b12cdc9a22d8b4c,canonical_pnl_v1,polymarket_logreg_eval_v1,RAW,T1,OUTSIDER_ONLY,100.0,94,0.3723404255319149,-13.05543581017205,-13.88876150018303,16.12376011963079,0.24697402718571831,0.012187967649632817,0.6870855677603385
878,9,138,VALID_FOR_REPLAY,02c9ed7517c70cd4e3ac56fd0b12cdc9a22d8b4c,canonical_pnl_v1,polymarket_logreg_eval_v1,RAW,T2,COMBINED,100.0,75,0.49333333333333335,-2.7866148584818915,-3.715486477975855,8.054488161649312,0.24962572934987834,0.027626321103580584,0.6924129062521344
878,9,138,VALID_FOR_REPLAY,02c9ed7517c70cd4e3ac56fd0b12cdc9a22d8b4c,canonical_pnl_v1,polymarket_logreg_eval_v1,RAW,T2,FAVORITE_ONLY,100.0,44,0.45454545454545453,-5.6817894646973475,-12.913157874312153,10.257294743732038,0.24962572934987834,0.027626321103580584,0.6924129062521344
878,9,138,VALID_FOR_REPLAY,02c9ed7517c70cd4e3ac56fd0b12cdc9a22d8b4c,canonical_pnl_v1,polymarket_logreg_eval_v1,RAW,T2,OUTSIDER_ONLY,100.0,4,0.75,3.1169105691056913,77.92276422764229,1.0,0.24962572934987834,0.027626321103580584,0.6924129062521344
878,9,138,VALID_FOR_REPLAY,02c9ed7517c70cd4e3ac56fd0b12cdc9a22d8b4c,canonical_pnl_v1,polymarket_logreg_eval_v1,RAW,T3,COMBINED,100.0,132,0.4166666666666667,-19.354276361682768,-14.662330577032401,24.661171847832197,0.24730257845618803,0.001911114844632458,0.6877427599405916
878,9,138,VALID_FOR_REPLAY,02c9ed7517c70cd4e3ac56fd0b12cdc9a22d8b4c,canonical_pnl_v1,polymarket_logreg_eval_v1,RAW,T3,FAVORITE_ONLY,100.0,59,0.3898305084745763,-15.044638720509976,-25.499387661881318,17.392421525939838,0.24730257845618803,0.001911114844632458,0.6877427599405916
878,9,138,VALID_FOR_REPLAY,02c9ed7517c70cd4e3ac56fd0b12cdc9a22d8b4c,canonical_pnl_v1,polymarket_logreg_eval_v1,RAW,T3,OUTSIDER_ONLY,100.0,31,0.5161290322580645,6.994796747967482,22.563860477314456,7.0,0.24730257845618803,0.001911114844632458,0.6877427599405916
878,9,138,VALID_FOR_REPLAY,02c9ed7517c70cd4e3ac56fd0b12cdc9a22d8b4c,canonical_pnl_v1,polymarket_logreg_eval_v1,PLATT,COMBINED,COMBINED,100.0,356,0.4438202247191011,-31.17765319215122,-8.757767750604275,38.827533621243575,0.24796744499726156,0.005783156099526841,0.6890804113176882
878,9,138,VALID_FOR_REPLAY,02c9ed7517c70cd4e3ac56fd0b12cdc9a22d8b4c,canonical_pnl_v1,polymarket_logreg_eval_v1,PLATT,COMBINED,FAVORITE_ONLY,100.0,150,0.4666666666666667,-16.363169128318965,-10.90877941887931,22.747906314920744,0.24796744499726156,0.005783156099526841,0.6890804113176882
878,9,138,VALID_FOR_REPLAY,02c9ed7517c70cd4e3ac56fd0b12cdc9a22d8b4c,canonical_pnl_v1,polymarket_logreg_eval_v1,PLATT,COMBINED,OUTSIDER_ONLY,100.0,129,0.4186046511627907,-2.9437284930988756,-2.2819600721696713,16.12376011963079,0.24796744499726156,0.005783156099526841,0.6890804113176882
878,9,138,VALID_FOR_REPLAY,02c9ed7517c70cd4e3ac56fd0b12cdc9a22d8b4c,canonical_pnl_v1,polymarket_logreg_eval_v1,PLATT,T1,COMBINED,100.0,149,0.4429530201342282,-9.03676197198656,-6.064940920796349,15.704161952352269,0.24697402718571831,0.012187967649632817,0.6870855677603385
878,9,138,VALID_FOR_REPLAY,02c9ed7517c70cd4e3ac56fd0b12cdc9a22d8b4c,canonical_pnl_v1,polymarket_logreg_eval_v1,PLATT,T1,FAVORITE_ONLY,100.0,47,0.574468085106383,4.3632590568883565,9.283529908273099,3.3801439995446656,0.24697402718571831,0.012187967649632817,0.6870855677603385
878,9,138,VALID_FOR_REPLAY,02c9ed7517c70cd4e3ac56fd0b12cdc9a22d8b4c,canonical_pnl_v1,polymarket_logreg_eval_v1,PLATT,T1,OUTSIDER_ONLY,100.0,94,0.3723404255319149,-13.05543581017205,-13.88876150018303,16.12376011963079,0.24697402718571831,0.012187967649632817,0.6870855677603385
878,9,138,VALID_FOR_REPLAY,02c9ed7517c70cd4e3ac56fd0b12cdc9a22d8b4c,canonical_pnl_v1,polymarket_logreg_eval_v1,PLATT,T2,COMBINED,100.0,75,0.49333333333333335,-2.7866148584818915,-3.715486477975855,8.054488161649312,0.24962572934987834,0.027626321103580584,0.6924129062521344
878,9,138,VALID_FOR_REPLAY,02c9ed7517c70cd4e3ac56fd0b12cdc9a22d8b4c,canonical_pnl_v1,polymarket_logreg_eval_v1,PLATT,T2,FAVORITE_ONLY,100.0,44,0.45454545454545453,-5.6817894646973475,-12.913157874312153,10.257294743732038,0.24962572934987834,0.027626321103580584,0.6924129062521344
878,9,138,VALID_FOR_REPLAY,02c9ed7517c70cd4e3ac56fd0b12cdc9a22d8b4c,canonical_pnl_v1,polymarket_logreg_eval_v1,PLATT,T2,OUTSIDER_ONLY,100.0,4,0.75,3.1169105691056913,77.92276422764229,1.0,0.24962572934987834,0.027626321103580584,0.6924129062521344
878,9,138,VALID_FOR_REPLAY,02c9ed7517c70cd4e3ac56fd0b12cdc9a22d8b4c,canonical_pnl_v1,polymarket_logreg_eval_v1,PLATT,T3,COMBINED,100.0,132,0.4166666666666667,-19.354276361682768,-14.662330577032401,24.661171847832197,0.24730257845618803,0.001911114844632458,0.6877427599405916
878,9,138,VALID_FOR_REPLAY,02c9ed7517c70cd4e3ac56fd0b12cdc9a22d8b4c,canonical_pnl_v1,polymarket_logreg_eval_v1,PLATT,T3,FAVORITE_ONLY,100.0,59,0.3898305084745763,-15.044638720509976,-25.499387661881318,17.392421525939838,0.24730257845618803,0.001911114844632458,0.6877427599405916
878,9,138,VALID_FOR_REPLAY,02c9ed7517c70cd4e3ac56fd0b12cdc9a22d8b4c,canonical_pnl_v1,polymarket_logreg_eval_v1,PLATT,T3,OUTSIDER_ONLY,100.0,31,0.5161290322580645,6.994796747967482,22.563860477314456,7.0,0.24730257845618803,0.001911114844632458,0.6877427599405916
879,10,139,VALID_FOR_REPLAY,02c9ed7517c70cd4e3ac56fd0b12cdc9a22d8b4c,canonical_pnl_v1,polymarket_logreg_eval_v1,RAW,COMBINED,COMBINED,100.0,423,0.4326241134751773,-34.629933037075176,-8.18674539883574,43.73523796154964,0.24814040972201296,0.002982114516603893,0.6894256683226552
879,10,139,VALID_FOR_REPLAY,02c9ed7517c70cd4e3ac56fd0b12cdc9a22d8b4c,canonical_pnl_v1,polymarket_logreg_eval_v1,RAW,COMBINED,FAVORITE_ONLY,100.0,126,0.4444444444444444,-18.672196704516352,-14.819203733743135,22.23542445715587,0.24814040972201296,0.002982114516603893,0.6894256683226552
879,10,139,VALID_FOR_REPLAY,02c9ed7517c70cd4e3ac56fd0b12cdc9a22d8b4c,canonical_pnl_v1,polymarket_logreg_eval_v1,RAW,COMBINED,OUTSIDER_ONLY,100.0,217,0.41935483870967744,-6.93388427668631,-3.1953383763531384,29.159017744088644,0.24814040972201296,0.002982114516603893,0.6894256683226552
879,10,139,VALID_FOR_REPLAY,02c9ed7517c70cd4e3ac56fd0b12cdc9a22d8b4c,canonical_pnl_v1,polymarket_logreg_eval_v1,RAW,T1,COMBINED,100.0,225,0.4266666666666667,-15.328862421111099,-6.812827742716044,28.041467496415088,0.2476811759152788,0.023172237967030298,0.6885051476914397
879,10,139,VALID_FOR_REPLAY,02c9ed7517c70cd4e3ac56fd0b12cdc9a22d8b4c,canonical_pnl_v1,polymarket_logreg_eval_v1,RAW,T1,FAVORITE_ONLY,100.0,33,0.5757575757575758,3.446365007541477,10.443530325883263,4.249200603318251,0.2476811759152788,0.023172237967030298,0.6885051476914397
879,10,139,VALID_FOR_REPLAY,02c9ed7517c70cd4e3ac56fd0b12cdc9a22d8b4c,canonical_pnl_v1,polymarket_logreg_eval_v1,RAW,T1,OUTSIDER_ONLY,100.0,167,0.38323353293413176,-20.53873585543466,-12.298644224811174,29.159017744088644,0.2476811759152788,0.023172237967030298,0.6885051476914397
879,10,139,VALID_FOR_REPLAY,02c9ed7517c70cd4e3ac56fd0b12cdc9a22d8b4c,canonical_pnl_v1,polymarket_logreg_eval_v1,RAW,T2,COMBINED,100.0,82,0.4878048780487805,-1.2737846698026427,-1.5533959387837106,9.813212669683258,0.24947618368839722,0.02982915985951503,0.6921084678439123
879,10,139,VALID_FOR_REPLAY,02c9ed7517c70cd4e3ac56fd0b12cdc9a22d8b4c,canonical_pnl_v1,polymarket_logreg_eval_v1,RAW,T2,FAVORITE_ONLY,100.0,40,0.475,-3.5508460684709315,-8.877115171177328,8.126351347505622,0.24947618368839722,0.02982915985951503,0.6921084678439123
879,10,139,VALID_FOR_REPLAY,02c9ed7517c70cd4e3ac56fd0b12cdc9a22d8b4c,canonical_pnl_v1,polymarket_logreg_eval_v1,RAW,T2,OUTSIDER_ONLY,100.0,17,0.5294117647058824,4.236910569105692,24.92300334768054,4.0,0.24947618368839722,0.02982915985951503,0.6921084678439123
879,10,139,VALID_FOR_REPLAY,02c9ed7517c70cd4e3ac56fd0b12cdc9a22d8b4c,canonical_pnl_v1,polymarket_logreg_eval_v1,RAW,T3,COMBINED,100.0,116,0.4051724137931034,-18.02728594616144,-15.540763746690898,24.610282192960707,0.2472638695623627,0.003928154100078675,0.6876633894326134
879,10,139,VALID_FOR_REPLAY,02c9ed7517c70cd4e3ac56fd0b12cdc9a22d8b4c,canonical_pnl_v1,polymarket_logreg_eval_v1,RAW,T3,FAVORITE_ONLY,100.0,53,0.33962264150943394,-18.5677156435869,-35.03342574261679,19.106267679785994,0.2472638695623627,0.003928154100078675,0.6876633894326134
879,10,139,VALID_FOR_REPLAY,02c9ed7517c70cd4e3ac56fd0b12cdc9a22d8b4c,canonical_pnl_v1,polymarket_logreg_eval_v1,RAW,T3,OUTSIDER_ONLY,100.0,33,0.5454545454545454,9.367941009642657,28.38770002922017,3.0,0.2472638695623627,0.003928154100078675,0.6876633894326134
879,10,139,VALID_FOR_REPLAY,02c9ed7517c70cd4e3ac56fd0b12cdc9a22d8b4c,canonical_pnl_v1,polymarket_logreg_eval_v1,PLATT,COMBINED,COMBINED,100.0,423,0.4326241134751773,-34.629933037075176,-8.18674539883574,43.73523796154964,0.24814040972201296,0.002982114516603893,0.6894256683226552
879,10,139,VALID_FOR_REPLAY,02c9ed7517c70cd4e3ac56fd0b12cdc9a22d8b4c,canonical_pnl_v1,polymarket_logreg_eval_v1,PLATT,COMBINED,FAVORITE_ONLY,100.0,126,0.4444444444444444,-18.672196704516352,-14.819203733743135,22.23542445715587,0.24814040972201296,0.002982114516603893,0.6894256683226552
879,10,139,VALID_FOR_REPLAY,02c9ed7517c70cd4e3ac56fd0b12cdc9a22d8b4c,canonical_pnl_v1,polymarket_logreg_eval_v1,PLATT,COMBINED,OUTSIDER_ONLY,100.0,217,0.41935483870967744,-6.93388427668631,-3.1953383763531384,29.159017744088644,0.24814040972201296,0.002982114516603893,0.6894256683226552
879,10,139,VALID_FOR_REPLAY,02c9ed7517c70cd4e3ac56fd0b12cdc9a22d8b4c,canonical_pnl_v1,polymarket_logreg_eval_v1,PLATT,T1,COMBINED,100.0,225,0.4266666666666667,-15.328862421111099,-6.812827742716044,28.041467496415088,0.2476811759152788,0.023172237967030298,0.6885051476914397
879,10,139,VALID_FOR_REPLAY,02c9ed7517c70cd4e3ac56fd0b12cdc9a22d8b4c,canonical_pnl_v1,polymarket_logreg_eval_v1,PLATT,T1,FAVORITE_ONLY,100.0,33,0.5757575757575758,3.446365007541477,10.443530325883263,4.249200603318251,0.2476811759152788,0.023172237967030298,0.6885051476914397
879,10,139,VALID_FOR_REPLAY,02c9ed7517c70cd4e3ac56fd0b12cdc9a22d8b4c,canonical_pnl_v1,polymarket_logreg_eval_v1,PLATT,T1,OUTSIDER_ONLY,100.0,167,0.38323353293413176,-20.53873585543466,-12.298644224811174,29.159017744088644,0.2476811759152788,0.023172237967030298,0.6885051476914397
879,10,139,VALID_FOR_REPLAY,02c9ed7517c70cd4e3ac56fd0b12cdc9a22d8b4c,canonical_pnl_v1,polymarket_logreg_eval_v1,PLATT,T2,COMBINED,100.0,82,0.4878048780487805,-1.2737846698026427,-1.5533959387837106,9.813212669683258,0.24947618368839722,0.02982915985951503,0.6921084678439123
879,10,139,VALID_FOR_REPLAY,02c9ed7517c70cd4e3ac56fd0b12cdc9a22d8b4c,canonical_pnl_v1,polymarket_logreg_eval_v1,PLATT,T2,FAVORITE_ONLY,100.0,40,0.475,-3.5508460684709315,-8.877115171177328,8.126351347505622,0.24947618368839722,0.02982915985951503,0.6921084678439123
879,10,139,VALID_FOR_REPLAY,02c9ed7517c70cd4e3ac56fd0b12cdc9a22d8b4c,canonical_pnl_v1,polymarket_logreg_eval_v1,PLATT,T2,OUTSIDER_ONLY,100.0,17,0.5294117647058824,4.236910569105692,24.92300334768054,4.0,0.24947618368839722,0.02982915985951503,0.6921084678439123
879,10,139,VALID_FOR_REPLAY,02c9ed7517c70cd4e3ac56fd0b12cdc9a22d8b4c,canonical_pnl_v1,polymarket_logreg_eval_v1,PLATT,T3,COMBINED,100.0,116,0.4051724137931034,-18.02728594616144,-15.540763746690898,24.610282192960707,0.2472638695623627,0.003928154100078675,0.6876633894326134
879,10,139,VALID_FOR_REPLAY,02c9ed7517c70cd4e3ac56fd0b12cdc9a22d8b4c,canonical_pnl_v1,polymarket_logreg_eval_v1,PLATT,T3,FAVORITE_ONLY,100.0,53,0.33962264150943394,-18.5677156435869,-35.03342574261679,19.106267679785994,0.2472638695623627,0.003928154100078675,0.6876633894326134
879,10,139,VALID_FOR_REPLAY,02c9ed7517c70cd4e3ac56fd0b12cdc9a22d8b4c,canonical_pnl_v1,polymarket_logreg_eval_v1,PLATT,T3,OUTSIDER_ONLY,100.0,33,0.5454545454545454,9.367941009642657,28.38770002922017,3.0,0.2472638695623627,0.003928154100078675,0.6876633894326134
