opportunity_id,market_id,ct_state
4902132d08f93d5f5be2,3293216,REVERSION
b931d9fc865ae28c65a6,3293216,REVERSION
563c445ff373bc861731,3293217,UNCERTAIN
701882089af4b617ef67,3293217,UNCERTAIN
831397bd3599abf0d2a5,3293219,REVERSION
bb9bf664d87cb4beee4f,3293219,UNCERTAIN
f1d0735ce19f0d06fac3,3293220,REVERSION
042a78b031651c760a5d,3293220,REVERSION
90c2377cf113e4c5076b,3293250,TREND
7ad59b36be6aaf7b6587,3293250,TREND
8e73798347c5e35d262d,3293252,UNCERTAIN
c49e6efd63536e488adf,3293252,UNCERTAIN
6805737caeb572027e11,3293254,REVERSION
4ef2ae6f1afe560f35ac,3293254,UNCERTAIN
03a823c05a96d95dbe42,3293256,REVERSION
5cd459a3323658d99289,3293256,REVERSION
af5f3296f3f044429eac,3293259,REVERSION
0990d4cfa1644e7682bc,3293259,REVERSION
ff6aefbb7a4e07585c5e,3293673,TREND
956cc2aedd6c7d4c69fa,3293673,UNCERTAIN
e13c0925aab27cc65651,3293674,TREND
3d5f20bb13f040e04d3f,3293674,TREND
c546dd4a3a7979f9ff53,3293675,TREND
2f7a886f3cf48bdfaf3d,3293675,UNCERTAIN
3cfb0c30894ddc0123fa,3293680,UNCERTAIN
3263ef36a3655fad8674,3293680,REVERSION
4bde6a32b17d1a087ff1,3293684,TREND
24ef2b17a42150f6ac64,3293684,UNCERTAIN
88a061bfe4223f2bf916,3295031,REVERSION
0848d5c7c2c6c3ab605f,3295031,UNCERTAIN
be0fa80af0171d906c14,3295033,REVERSION
5b4f32946cbedd57d161,3295033,UNCERTAIN
c36fb4e90c2458470491,3295036,TREND
4046827c9e4986247387,3295036,TREND
18780372f70b99250f5d,3295037,TREND
8243179f7b7b013f6552,3295037,TREND
2d3bea3b150c367fe3c5,3295040,TREND
4a7ebade7e9c0018bb26,3295040,TREND
1fb7ca3985d2516475b2,3295174,TREND
f8d6adb215b0fff3a1ef,3295175,UNCERTAIN
822a5f61a4b9bee74cbe,3295177,TREND
7698f9bfd3f4dada8d67,3295183,TREND
685c9757b191b8bf3d8c,3295184,UNCERTAIN
226db1fa68329e893975,3295579,REVERSION
10fd698856e5502487d4,3295579,UNCERTAIN
91f2428abac203144a1b,3295581,UNCERTAIN
d5bc0a6b0bf1ed4b5682,3295581,REVERSION
d9c6b7a8f656466dd4e3,3295583,REVERSION
1c5cecda8f1f0945ce8b,3295583,REVERSION
16b0a9d0895b697b913f,3295584,UNCERTAIN
f07ec924b51385645758,3295584,UNCERTAIN
d4cb5603c6b84e9d5812,3295590,REVERSION
8b6bd80b96938e29d025,3295590,REVERSION
e0051eaf261ff346d5f2,3295901,TREND
161fb52ae93f96b1ff1a,3295901,TREND
f289a4efa80789efdce3,3295906,TREND
16d5092d549c1c5b35ea,3295906,TREND
cdd12db2a581b035682d,3295908,TREND
9d925b657253c9e631c7,3295912,TREND
857deecdf9213d934d4d,3295912,TREND
940754ef063a00fbd3b7,3295914,TREND
89ff0d6a13ede0687d2f,3295914,UNCERTAIN
da44b1d996bbd9cda5a6,3296183,TREND
77b6bb59190201ad3d5e,3296185,TREND
439bf0fb42cea06183a2,3296190,UNCERTAIN
934a473ff2aa1f2db409,3296191,TREND
f2992ad99f42ff033415,3296194,TREND
366faf5268e38e5603bd,3296315,TREND
f5ccc2aa0f2dd6498785,3296315,TREND
97fa5a1fa239e6a23e0e,3296316,TREND
856f3d1db6d5df1b4551,3296316,TREND
a8a1f765bd5e859a618f,3296317,TREND
1a4c29487e9805dd4fa2,3296317,TREND
5532d1bac91afb54bc35,3296323,TREND
0b80aa4f3cecaa3d0be3,3296323,TREND
5213e178d1296c3357ee,3296324,TREND
64620fe22deef5a0f810,3296324,TREND
1c0b4e8036075cc30b78,3296353,UNCERTAIN
02f62c516461598cc494,3296353,REVERSION
ddd328ed1d93e27efc1d,3296359,TREND
2fbc069ea001d187296e,3296359,UNCERTAIN
658c5581e536555644f7,3296360,UNCERTAIN
34de121600b50aacbc22,3296360,UNCERTAIN
3fcb2668b6ec36516656,3296362,UNCERTAIN
cb1a7b032b9fa7b49e23,3296362,UNCERTAIN
3f20b09fa48dfcb9583c,3296364,UNCERTAIN
3d37d2714fa9e11fb8c3,3296364,UNCERTAIN
bc09be4a60c867540836,3296433,TREND
bea11b9789b36705973a,3296437,TREND
fac394c448484d0726ba,3296438,TREND
71b85374428198a10826,3296445,TREND
476290f18c721cdc6c10,3296503,REVERSION
2739139f59b35803dd85,3296503,REVERSION
ceb5bd2d3fbba4222c37,3296504,UNCERTAIN
937221709a31ea7ff76d,3296504,UNCERTAIN
c38b0242153e73208b42,3296505,REVERSION
b08dc324b83f9acae216,3296505,REVERSION
b609d1fd7eb7e965d654,3296507,REVERSION
1e9c1a043c2070766986,3296507,UNCERTAIN
d1e64429d8630a58d680,3296512,UNCERTAIN
e2ecdcb83339355faeec,3296512,UNCERTAIN
e9322dcc408501638665,3296535,REVERSION
854e80f57170d14d6418,3296536,UNCERTAIN
4226598061f33b0939fb,3296539,REVERSION
e61e095759c99a3779a4,3296541,REVERSION
238e4f5a7a7a85c6888c,3296553,REVERSION
4df7dbdc4dae5351fbda,3296611,TREND
2ec26f90b7dae1c8ddab,3296616,TREND
fa4d3e2eeb686be9cc62,3296618,TREND
5e03b5f90e39b32ac1c8,3296621,TREND
4ac1ac863f34fa9421ef,3296622,TREND
c02fbf482e2bc916399a,3296854,TREND
0a3d860083002dc7279c,3296858,REVERSION
ad95c21ec2d3072768cf,3296859,REVERSION
f304d33f55e97ed6c1c7,3296862,REVERSION
9bcbf4cb1705553e0edf,3296867,UNCERTAIN
64f5ba59e23c1626ee42,3296974,UNCERTAIN
625cb8e9f29e0d5016c4,3296976,UNCERTAIN
0847cb739331f004ff2e,3296982,UNCERTAIN
86e5b23ed03d3f1dbe22,3296985,TREND
fa40865744ade62b71bd,3296986,UNCERTAIN
39e0aa619757180f17df,3297239,UNCERTAIN
bb348c1af763de50e0f7,3297243,UNCERTAIN
ff9967f818e678a84014,3297247,UNCERTAIN
8ef03d2b6eeb9c620c75,3297278,UNCERTAIN
042d27fe96c66bc86df0,3297280,TREND
9c9b097fd6be773a6408,3297282,TREND
8aaef7e38344b37ea86e,3297285,REVERSION
5c918dc8141cd4e5cbd9,3297285,REVERSION
73afe9ab32456a7c2169,3297285,REVERSION
f75dc3ba88e30403a45c,3297290,UNCERTAIN
883ac99b758b90f3f5bc,3297290,REVERSION
cc2269e2690560a5926d,3297290,REVERSION
fc552b1638264b346f54,3297365,TREND
b4e8ce6ce11a83c61fce,3297468,TREND
c52dddd5e9c49544b041,3297470,TREND
3bdd436904f9ee3c03aa,3297473,TREND
e15c867e0866e50b51c8,3297478,TREND
3a5ecb3c9cf33cdb1079,3297480,TREND
e768180fe5a062f18c66,3297687,REVERSION
af7cfd36d45fb951e6b6,3297690,TREND
95871dc2ec61588006ef,3297691,REVERSION
25449d106b6864b786d2,3297692,UNCERTAIN
4dcc10a2a0685c8bf573,3297696,REVERSION
99df7153cdf94c0f65e0,3298245,UNCERTAIN
fd16afdadf4ec0d33aaa,3298248,UNCERTAIN
a4c8d1557ea9f15c4f5a,3298250,TREND
6bd1717580a021007a8f,3298252,UNCERTAIN
19e9bb428b4ba1c874eb,3298254,REVERSION
4b3358cbc667517d449e,3299107,REVERSION
d234a5d42b6c72ee229f,3299108,TREND
9b4d91c020d68ac8c893,3299112,TREND
4c632f571af3e5722f0b,3299114,TREND
52fd7c55a221b2cf1ff2,3299118,TREND
9eae450b9cdf15b149c1,3299398,REVERSION
4c95a5f1081e98c250b1,3299402,TREND
a446824c5081d9bcbab0,3299403,REVERSION
014e2e0dac56c0ef2c4f,3299406,UNCERTAIN
8f4934b0fbceb8b0653f,3299410,UNCERTAIN
df49217864012a291803,3299650,TREND
2764d122edc9d363c982,3299651,UNCERTAIN
3db76b12a97b3a29511e,3299654,TREND
4552ac472f39b3fc4e1b,3299659,TREND
62e9f6edf8775ee06d58,3299661,TREND
35c7a0b71e035ce664d0,3300824,UNCERTAIN
31c271c2a7661faa619c,3300824,UNCERTAIN
c3311d15e8743b6882ef,3300825,REVERSION
30a41fc74a46691a734e,3300825,REVERSION
d36277b8b9408160b398,3300826,UNCERTAIN
be132d0d46644edbd918,3300826,REVERSION
987f53ce4d313c7e49ce,3300829,UNCERTAIN
0d49f9055e2f20fcfacc,3300829,REVERSION
59f55822a37056bb509a,3300835,REVERSION
a4473b8f57869f34e0fa,3300835,REVERSION
05b7fa7a36c4892fbdee,3301042,TREND
129423d596fd12f421b3,3301044,UNCERTAIN
69e168499b3c00221f70,3301046,UNCERTAIN
22daea5b5bcb1272d0c5,3301047,TREND
937a1513c48c5dfd84ca,3301049,TREND
5de73d53fd3ef44ce895,3301092,REVERSION
785e9462581eecbfecee,3301093,UNCERTAIN
32627bb07079773696bc,3301094,UNCERTAIN
eeb55b2fb0d1ca0fb374,3301102,REVERSION
f03e7b214bcd8d6efd22,3301104,REVERSION
27dc0828917c90246f1f,3301183,UNCERTAIN
89525a1b82e175b66f40,3301183,UNCERTAIN
d690fbf2ec3a2298624b,3301187,TREND
0a8b6b90a895e918f8b4,3301187,TREND
a3360bd8355ae92c4187,3301189,TREND
3cfdabc03d621f3fddd3,3301189,TREND
73b048549e3b35774a02,3301190,UNCERTAIN
2d0bba53b2ad34ee2437,3301190,REVERSION
b07e0d6d212777508e9c,3301192,UNCERTAIN
fb7e4eae48d7bdaf77c4,3301192,UNCERTAIN
d1f7a71c5d0405f2430a,3301266,QUIET
c59308e7065152433921,3301268,TREND
5cf43e4e6320bb707c53,3301271,TREND
a039a33d92f7befdea2a,3301274,UNCERTAIN
81b20f9a2debb1007809,3301278,TREND
5dd4f840ef3f0e2dec87,3301300,TREND
2f00895980558b5b7ac9,3301301,REVERSION
bc735e99e3a3f0d434b9,3301303,UNCERTAIN
0e9178e983e6e8fc86cd,3301306,UNCERTAIN
c919541845a6d2e44b2d,3301307,REVERSION
5600139c6b8a44cb6f66,3301545,TREND
e1f80317a65be2a74938,3301546,UNCERTAIN
0af87adc51fddbec9ffd,3301549,TREND
d5921a9d52951657acc4,3301550,REVERSION
c16040c50ae2439bcc9f,3301551,UNCERTAIN
11b318df33722a648dff,3301742,TREND
75e914e9801cc4b91489,3301742,UNCERTAIN
7d7118635bb88cb0385f,3301750,TREND
4e5da62cd303a55191e0,3301750,TREND
8be8dd3707130a4a6e71,3301751,TREND
2bc0bda38ef3366e65ed,3301751,TREND
a33cfaa6840256f0a7c9,3301752,UNCERTAIN
8fe505877d19ad06fe9d,3301752,REVERSION
98184978b8efd1aa3001,3301755,UNCERTAIN
5e86247d6c1d6a90fc3c,3301755,UNCERTAIN
63c3a41378f521ddba86,3301988,REVERSION
ed171dfac4f7479f72cb,3301992,REVERSION
2f6fb0104e311480596f,3301994,UNCERTAIN
79d2371b1b1b787c4221,3301996,REVERSION
3bea8a8804c8ce646c8d,3301999,REVERSION
47b202a4bf8ff74f49f7,3302027,REVERSION
ebf829e5158742b96d18,3302028,UNCERTAIN
8a9aa5bf4d6b15ce4076,3302033,REVERSION
33144647e02870f0c50b,3302036,REVERSION
ec585a00b5b1f0057b88,3302039,UNCERTAIN
77b5a9d62c108ae84268,3302108,TREND
ff9c73c0f45fda3966d8,3302108,REVERSION
98679c6e9383515eb683,3302109,REVERSION
f95a01d3a30288d9284e,3302109,UNCERTAIN
746edd20908556886dbd,3302116,TREND
b57534e9668c6f051a2b,3302118,UNCERTAIN
1b6ee0565e7d0ef8d018,3302120,UNCERTAIN
ad33c5641faaf3e43499,3302143,REVERSION
199e093c4d6e4db673f0,3302283,UNCERTAIN
e4fc2d7c300f03cb15e2,3302300,REVERSION
cbc05156d9ead9c71298,3302301,REVERSION
67dd84b0b75e2855e46b,3302303,UNCERTAIN
8680bbead215e9cbd59a,3302307,UNCERTAIN
e5ecd5079a7df919e50c,3302313,UNCERTAIN
a72ef57792a7602d8570,3302469,TREND
cf7cc871e7b9122db4a4,3302471,TREND
88c734e2fe10d930713f,3302476,TREND
17f4ed45b3445c6a499e,3302478,TREND
5443ff7e8a07b05c338f,3302480,TREND
51ff876038aaded31b74,3302579,REVERSION
c2d940b951b4d6d8cc6b,3302580,TREND
128da49a41aff9910620,3302581,UNCERTAIN
a043511b974dc9281b78,3302584,REVERSION
a57dad9ec688c6b70376,3302590,REVERSION
58319271110eca61ad29,3302608,REVERSION
312531820d8398a6ca79,3302609,UNCERTAIN
d4318e627d1b50527c48,3302611,UNCERTAIN
07f4ed46c57575c4996d,3302612,UNCERTAIN
4f9be637ea73a0f336eb,3302616,REVERSION
ddfedd5358a153b43bc5,3303347,UNCERTAIN
e55a4fa3c333a01e3c79,3303348,TREND
c8bf710518203531cd1c,3303349,TREND
da90ebc6cf057cee2370,3303350,UNCERTAIN
565de6d627fca8a3ec71,3303352,TREND
f504c056d961c74c8d87,3303507,TREND
113e5bf18fe591956475,3303507,UNCERTAIN
6a97ae26adf9f4a207cd,3303508,TREND
570cc960df9941c45336,3303508,UNCERTAIN
7330c8ad1f77f8823bbc,3303508,REVERSION
9c26eb87f7d217eff059,3303509,TREND
b22461f7ec273fb24f72,3303510,REVERSION
b05a8db6fcac2ebe32f5,3303512,TREND
11e3d2c8bcea596a8351,3307316,TREND
7545c3b2127da4fbc683,3307316,TREND
37c572209c418577fb07,3307316,TREND
d381fe7fbc19f8f29c31,3307320,TREND
7991bf8810ed4f08df10,3307320,TREND
a28ee585ea4039ef0063,3307323,TREND
4bd72f9ca451582d7274,3307323,UNCERTAIN
9b24bb26ce981021e084,3307325,UNCERTAIN
01991f9ce3e375c12c9e,3307327,REVERSION
f30a64960990d88aa85b,3309169,UNCERTAIN
12f92f4f7d88d0ede7a1,3309169,REVERSION
736a8a74ec968ae15fa1,3309170,UNCERTAIN
0aac9d66334e950b6682,3309170,REVERSION
2e7d738602e65a0311f8,3309179,REVERSION
99d5a6f07f631fcb33c0,3309179,REVERSION
63ef2fac708b1e2ef3c4,3313215,UNCERTAIN
a15928815328a582f7e1,3313216,REVERSION
40b5acb780d5377a6c71,3313217,UNCERTAIN
afdc7bc3634bb822fd83,3313218,UNCERTAIN
ffbca44451e5689c6578,3313224,UNCERTAIN
453abb7e436c149e6b02,3314039,TREND
892edc5f33ea976feced,3314039,TREND
4b89213229acdc1d2f9b,3314044,TREND
c607e2eb7393a6f917a2,3314044,TREND
d7f6e8f9f1376f3f3a12,3314045,TREND
21cb6815a675a277b25b,3314045,TREND
c9311e735bc64b8f7ed9,3314049,TREND
bd6a7285e10061f0bea9,3314049,TREND
4bc95796e888266e8d4c,3314050,TREND
2119ce9a3136da1e9f05,3314050,TREND
2794c98fc6b0a1b0fc01,3314226,UNCERTAIN
57f6c334d0c78d98a8eb,3314232,UNCERTAIN
09956a9dd55aeba17a08,3314233,UNCERTAIN
5a4683a42341f795ee55,3314235,UNCERTAIN
f6ffafa2f135acbcf2c1,3314237,REVERSION
7962c62b6693b0d5b9a5,3315030,UNCERTAIN
7e6c55fe3cc8b40ac7b6,3315032,REVERSION
dc6f5487002847839b48,3315033,UNCERTAIN
72769c2802a901034811,3315035,UNCERTAIN
ca5950a236e6e8013682,3315036,UNCERTAIN
2b19c8a7cec8f0bd5344,3315274,TREND
f87fa8b6e3b0cc9f79c1,3315274,TREND
7ee8df642cb481021452,3315274,TREND
8a2e88ac82e3f493034a,3315275,TREND
8ef46e66663137c3d2f5,3315275,TREND
7f539e92f121ba4bc015,3315275,TREND
c74f696ba96fa6273c35,3315276,UNCERTAIN
b6e6fb6b52432342a9ab,3315276,TREND
4c121aaea95b3bc3e402,3315276,TREND
32e5bd6245a5a43a7600,3315283,UNCERTAIN
dc3a7c4b08899c060427,3315283,TREND
d0519c904beb8ec72a00,3315283,UNCERTAIN
3a6b14f562ef4470a302,3315284,UNCERTAIN
f936b3f31c144f8b405b,3315284,TREND
751e215e33c9c4ce734d,3315284,TREND
15ed4a1f4a0a9da25f52,3315820,REVERSION
abf194c48e27fc32b214,3315820,UNCERTAIN
6228985c1a1e08ef08fe,3315823,REVERSION
7eb85b56270e11954bae,3315823,UNCERTAIN
a64236b399d7fb8ea11f,3315824,REVERSION
0eeaca742de906e3185c,3315824,UNCERTAIN
afd3aabb81995cf0b3ac,3315825,REVERSION
d95e4d7923a60f9af903,3315825,UNCERTAIN
78165c2c8a8e45d122a3,3315828,REVERSION
72ad51c884ad4b85b584,3315828,UNCERTAIN
e68d4c6eca28a85512eb,3316509,UNCERTAIN
4923bff9d730939a650f,3316509,UNCERTAIN
d0de8a527fb06bac62e2,3316512,TREND
156a869d46ec42dbd3f4,3316512,TREND
4f7524043ce495119419,3316514,TREND
79ab102b1a97ff1bb021,3316518,UNCERTAIN
2b860af43bf5c7979e9b,3316518,UNCERTAIN
b46cfbd20073c1ead021,3316520,REVERSION
fd0938bf46d9d6d02f68,3316520,UNCERTAIN
64d8971ac415c4c438da,3316636,REVERSION
5a44ffd3faedb2b0b31a,3316636,REVERSION
d0fb90df756b7bff1b78,3316638,UNCERTAIN
d61c0815f2d4e1b86f41,3316638,UNCERTAIN
45aaad99abdbac10aa9a,3316641,UNCERTAIN
1bd78d2648b8e853ddd5,3316641,UNCERTAIN
44ad462e3d493afcf107,3316642,UNCERTAIN
ea0537f4f0097a4607a7,3316642,UNCERTAIN
f940e5086b2cd5d5211c,3316646,REVERSION
21cf5b4271c8c596e1b5,3316646,UNCERTAIN
169762d73fed50de508f,3317962,REVERSION
496af7e4b8d3b1410b15,3317966,REVERSION
96230832137621a15afd,3317969,REVERSION
9f188060b09f2a940ede,3317973,REVERSION
862508f44863669a204b,3317974,REVERSION
d89564e1a3460853260a,3318400,UNCERTAIN
f3ccf802258e8c7c56c0,3318400,TREND
6c2644389a9c2ddb9fc7,3318412,TREND
9eee988def586f95f1cf,3318412,TREND
041c63ca6689ccd25547,3318420,REVERSION
718dba67ee40faaf792a,3318420,UNCERTAIN
0a629f59e628d22933cb,3318421,TREND
f86cfd162a407001e5e8,3318421,TREND
fa8bc091fa3f23c4cd0a,3318424,UNCERTAIN
4e6b7c595d5bcfeec7d4,3318424,TREND
c0e47070e36d82e72a8a,3319054,REVERSION
04165733b31f0c658f37,3319055,UNCERTAIN
2b071ee1f149a69b781a,3319056,UNCERTAIN
1e1215a6d09bdf467911,3319063,UNCERTAIN
ce2ba65b93bc1f11e9d9,3319064,REVERSION
6a804eb3b655f161b83c,3319276,UNCERTAIN
4d91e71e22f967320acc,3319276,UNCERTAIN
064c7dbb3d514f4cd799,3319279,REVERSION
8d21606baea3f01583eb,3319279,REVERSION
f0851602fc5d4aa69846,3319280,REVERSION
64c08b5206aec70e4ee8,3319280,UNCERTAIN
5c771e114d048b04c9cb,3319282,UNCERTAIN
6989ff65805934327153,3319282,TREND
f01548c66c70a70aef68,3319283,TREND
81a02e45a0563f728b7c,3319283,TREND
3a94de40dd244a4b3ed7,3319507,REVERSION
75e2c3c096b01c006b40,3319507,REVERSION
4b34a9de69903a23261b,3319507,REVERSION
1cf51b08667b50e1a499,3319508,UNCERTAIN
e55ff7b7d2238dec6b5a,3319508,UNCERTAIN
2ebf2c45d9b998fc4b5c,3319508,UNCERTAIN
ac48834d580e1d920023,3319512,TREND
e31302abd3548d5cd342,3319512,UNCERTAIN
d340de5a5d088e22fd07,3319512,UNCERTAIN
a9159a1dfaa7b496e747,3319515,TREND
24852e23e19e6087c2b1,3319515,TREND
13fa6fcda1e9d655a081,3319515,UNCERTAIN
113c8564d05a877b95ea,3319524,TREND
dae2b4d7bf7b52ae39ae,3319524,TREND
ada92d3639db093623c1,3319524,TREND
00bfa2cdd7b68adb38ab,3319981,TREND
089a2c4c0ff45e481995,3319981,TREND
e501b7e06cd03533d1ba,3319981,TREND
9f4f61fe42618e0ab85a,3319982,TREND
b798f959a101c1a4e655,3319982,TREND
cacbc6bf076d4930ea54,3319982,TREND
85e6fa4d781d5e3d8ed2,3319984,TREND
89e6a271d2ebd1ea0080,3319984,TREND
a3332d107e64ca81c9c3,3319984,UNCERTAIN
6910f48baa869cf056e4,3319989,TREND
fe39f6819c36ec4a0d0f,3319989,TREND
250f5728c27b0dc411e3,3319989,TREND
9965d1d130e6558581b6,3319991,TREND
eb73f933a28b6a989356,3319991,TREND
a034d367a0529347c90b,3319991,TREND
7858b0ac03a0e57a325e,3320061,UNCERTAIN
953fa10ecd98306927d1,3320061,UNCERTAIN
087588d386fdf5a15c5a,3320061,UNCERTAIN
0be3b2e2856521839516,3320067,UNCERTAIN
723c4a45ba3a68b49216,3320067,UNCERTAIN
34008f83ccd24e4c02dd,3320067,UNCERTAIN
9c9dc6744db203857a1f,3320068,TREND
45cef716221917e21059,3320068,TREND
242d38120214260e2bb8,3320068,TREND
eeafe9393e3c73c521d2,3320069,REVERSION
84351ff49a1fd3281506,3320069,REVERSION
d2d369258c05484d1742,3320069,UNCERTAIN
32eb35299c2397cd7253,3320070,TREND
4113b9278ef16f15cb4c,3320070,TREND
767ac17a8d7b29e452af,3320129,UNCERTAIN
f2a422dbf9bd2ffa9905,3320129,TREND
9cea6e76257784983521,3320131,TREND
af94c5be6bb352f24da6,3320131,TREND
bb906271dba3a812139d,3320131,TREND
95d6550343f69f9c0bec,3320132,TREND
bfa4eb3041c8b594a56a,3320132,TREND
a090ac8321e20834c66a,3320133,TREND
57cafdde141a633b423e,3320133,TREND
7097d0df9149c238e200,3320133,TREND
fce83b9315a180c3c82f,3320136,UNCERTAIN
6c5b47a05da69235c5ce,3320136,TREND
27eca57c582943ffa81c,3320136,TREND
d05a272f23779acf87f9,3320162,UNCERTAIN
d4062192b707e5e9bb4e,3320162,UNCERTAIN
f1c6a5b2efe3124fec31,3320163,UNCERTAIN
66946b1d05b6214798f7,3320163,UNCERTAIN
e1a48747fc6d8db53e33,3320172,UNCERTAIN
b029cc880697de5febc5,3320172,UNCERTAIN
93903ba3f9d9ee4f4ef5,3320173,REVERSION
857419159ff1f238f13a,3320173,REVERSION
792afa0ead7ee735277e,3320175,REVERSION
4d8197a7ecd1b82f0347,3320175,REVERSION
56fc43a4cd5d58e0cb6a,3320230,REVERSION
3c36b1b6e3142b74c82a,3320230,UNCERTAIN
93ee1b94cae97f3a4033,3320232,REVERSION
50bbdc7a5c450705fe5a,3320232,REVERSION
d26a389c294e977426c7,3320233,REVERSION
9a52cd5faac334f517c1,3320233,UNCERTAIN
16ad2f4d097c26d5d11a,3320235,REVERSION
5509344797b6f3e0c3dc,3320235,UNCERTAIN
b27aefe00bbe267712f5,3320237,REVERSION
03885e682c75b12ab2f6,3320237,UNCERTAIN
e22f004be89c2a91288e,3320299,UNCERTAIN
767443c1c21a7bb77346,3320300,REVERSION
02debebf09398f284f30,3320301,UNCERTAIN
c3646dbc0ef29e1fb53f,3320305,UNCERTAIN
b83e72890e7def11b761,3320310,REVERSION
38163116739ac8285fed,3320382,UNCERTAIN
fba2443f119bf66aeeac,3320382,UNCERTAIN
cbfa9f11661ac051bad5,3320382,UNCERTAIN
bfab6d18620556b7d446,3320383,REVERSION
2a00fa19652fb6a7fc0c,3320383,REVERSION
6908dd62ec09fb9e860b,3320383,UNCERTAIN
81a62d05a6fbcc502dc3,3320385,UNCERTAIN
fd5caf29aa4a6dcac483,3320385,UNCERTAIN
e79697d8634bc9e7b58b,3320385,UNCERTAIN
a066328111aec522519c,3320386,REVERSION
202173cee251bd0b1613,3320386,REVERSION
ad00a2eaee35ecaae92c,3320386,UNCERTAIN
6d724f1fac50c8c9c7f2,3320388,UNCERTAIN
6cd56303d275dc5a120e,3320388,UNCERTAIN
8b589267997c086b79ab,3320388,UNCERTAIN
2a314fccfaf7d7935057,3320866,UNCERTAIN
561dd37ca6497415ab0b,3320866,REVERSION
e078188189199173d99b,3320868,UNCERTAIN
f4c040bc3a5eede90e54,3320868,REVERSION
05e71319df1b7dc3cd14,3320872,UNCERTAIN
908125f81efc9d6fddaa,3320872,UNCERTAIN
eed367028542b99901bb,3320875,REVERSION
e6e9cd78a512541fa647,3320875,REVERSION
3ef576bc6905b672e8ff,3320877,UNCERTAIN
e98433811d053015cc91,3320877,REVERSION
656a047d982e20e3fbb9,3320912,UNCERTAIN
47be71d6eff1da91631c,3320917,UNCERTAIN
0f44a1af4d091a5a94c9,3320919,REVERSION
b12b6f4924c67485a456,3320920,REVERSION
c259b72bdc61d104b9d4,3320922,REVERSION
90c5a35553f5dac73c68,3320982,UNCERTAIN
63757d049a18de9d43e1,3320984,REVERSION
c79e170c8b519d429b32,3320989,REVERSION
aff82eba074ae8352c91,3320990,REVERSION
b30bc69fbbef8ff86864,3320991,REVERSION
76524393bd2de3cfcfc6,3321050,UNCERTAIN
7ff040fc38573d7a8d47,3321050,UNCERTAIN
64e160c7ec2dfbefeee4,3321050,UNCERTAIN
62ad24ed1bad9d2f145b,3321051,TREND
ed998a205d0f59aeb788,3321051,TREND
1df4698238858c1d59a0,3321051,UNCERTAIN
8aebbee8836dbe62b514,3321055,TREND
dbda4ecb7ead949c7f36,3321055,UNCERTAIN
17f94fcecba03d92a21e,3321055,UNCERTAIN
52a98f6d9a81f79ad686,3321056,UNCERTAIN
84d5562f5d886874962b,3321056,TREND
0d9438dd3e419c45653b,3321056,UNCERTAIN
967c78c090da3c040688,3321060,UNCERTAIN
c9483881685fa6e77783,3321060,TREND
3bd221654befdc69dd85,3321060,UNCERTAIN
9ae244b9fb6946c87082,3323159,UNCERTAIN
d395e586caeac5b2b819,3323161,UNCERTAIN
fdbdf5a14acceed73aff,3323163,UNCERTAIN
cadff616e99b207821fc,3323168,UNCERTAIN
b798a74ffe7fdabe2328,3323169,UNCERTAIN
c860a47c0a4c3efa6f8e,3323199,TREND
d0f0ea0175337e71324b,3323199,UNCERTAIN
c4c137e165d4f563333c,3323201,UNCERTAIN
f24b9327d5b4a648bf38,3323201,REVERSION
06054aad3d9f91c10175,3323201,REVERSION
bb795fdd945283d4862c,3323202,REVERSION
3b1ad64088b812507a06,3323202,REVERSION
b4c9e5bf13dbca138c18,3323202,UNCERTAIN
4201d94911060359044d,3323203,UNCERTAIN
566d4b95e1fce218eb8c,3323203,UNCERTAIN
0042fbbf72acd9fa1ee6,3323203,UNCERTAIN
10734a6aff6289f10234,3323204,REVERSION
dbb5947d047a19de2b61,3323204,REVERSION
c2852e38746dd2a67bfe,3323204,UNCERTAIN
838f045c04e12fa82273,3323282,REVERSION
cb14228a69e486f8bcf5,3323282,UNCERTAIN
20a5e9da8aa70e12f1f6,3323284,REVERSION
bdeccdbdd7f596d3aca0,3323284,REVERSION
930a47b14dd3ee1b9127,3323285,UNCERTAIN
7bbef023c42de9c599a8,3323285,UNCERTAIN
5c29eb6f578d8885b46a,3323288,REVERSION
fed8c589a904c8e19e4f,3323288,REVERSION
7c58041d1ed93cb763ee,3323289,REVERSION
3a58c07ee2025ada63e9,3323289,REVERSION
3a434d06394d91ddd98d,3323405,REVERSION
a614d449077ea59be426,3323405,REVERSION
c32f3fdbeaaa55682ae2,3323406,TREND
72f839029b5e2720b807,3323406,TREND
bfc522a848e39a2a7c99,3323408,REVERSION
c8bfac456be7bd293ccf,3323408,REVERSION
c8cb67562c8003819db4,3323409,REVERSION
c70b4ae16fc30a731b8e,3323409,UNCERTAIN
0d15f2d6b5feb1c7eac7,3323411,UNCERTAIN
30b5283540bdd974d002,3323411,UNCERTAIN
e43e5d90d232a1e67fbd,3323596,REVERSION
33c318e50d6f9045f6cd,3323596,REVERSION
bdf68d51721a5a12b883,3323596,REVERSION
7dbbe859bb19152d687f,3323598,UNCERTAIN
84a80688670951099603,3323598,TREND
40bcf1deef5535e7889d,3323598,UNCERTAIN
9aff6b9a0253fb118744,3323600,REVERSION
dc7bd11c6f0cc1207ed4,3323600,UNCERTAIN
25874f4ecf37db4309fa,3323600,REVERSION
261634f9ebf470843dd3,3323602,UNCERTAIN
c2f94f75e2a31e5c313b,3323602,UNCERTAIN
d9a9d3ce4416153bac73,3323602,REVERSION
33029220b7c3eb48cf11,3323608,UNCERTAIN
de99ef6ddc3254793f60,3323608,TREND
539e6c7dd7389e93b214,3323608,UNCERTAIN
10e06c6f99243e730f9c,3323730,TREND
ddecc39a814d2b3ce658,3323734,TREND
83c9e238790cc37b763e,3323737,TREND
cb40153c73fc727d9909,3323739,REVERSION
aecd8224573a37babde0,3323743,TREND
009e059b87f2fccdd798,3323858,UNCERTAIN
b9a4c59606cdec06d586,3323858,UNCERTAIN
449dc4771a9b031cee4b,3323858,UNCERTAIN
b2a21cb309ac8c7e60c6,3323862,TREND
b9cc8febfd068c2b38b8,3323862,UNCERTAIN
783116b6dab38d87540b,3323862,UNCERTAIN
73be48fe625c6c4ee772,3323863,TREND
8b105404382e4e1dede0,3323863,TREND
56e0cb99fb1773d16ace,3323863,TREND
4b94731d7b133c7fd2fb,3323866,TREND
48e149f4740abde80196,3323866,UNCERTAIN
df7035da0a4dc2236c4b,3323866,TREND
b9f2eb714db183f31e13,3323867,UNCERTAIN
9478fcde50dfb47ec732,3323867,UNCERTAIN
29939573d4b481e1e2ef,3323867,UNCERTAIN
1f124f55b3e6b711739e,3324087,TREND
c5e682b70f769382b490,3324087,UNCERTAIN
5dbd0414be657a7f53ec,3324087,UNCERTAIN
941c2580942e69efef91,3324090,TREND
0154c3310ecb82aef108,3324090,UNCERTAIN
3b0eba9f094f41458168,3324090,UNCERTAIN
f2839ab4316c896d3985,3324091,TREND
bda8b3b453a72d7656a7,3324091,TREND
b1ed08458a80688765fa,3324091,UNCERTAIN
679a1169cd2a12afb762,3324094,UNCERTAIN
9de0e8ae4e7162b05946,3324094,UNCERTAIN
0f274c1cfb60eeaa5381,3324094,REVERSION
f6bffcf6ca646b3d7fbf,3324095,TREND
cf73e8a809deb07c14c3,3324095,UNCERTAIN
01822dfcf91b7f5be996,3324095,UNCERTAIN
ce70d9756640057aaed0,3324127,UNCERTAIN
4478b58f9d28256614e5,3324127,UNCERTAIN
7e464c56671802ee21a5,3324131,UNCERTAIN
82cbaa2d1e26d08a7c13,3324131,UNCERTAIN
76170ac4ecc8c64ab438,3324132,TREND
38fddc3dfa892fb9d960,3324132,UNCERTAIN
3c4bf4aced77dc1559f2,3324134,TREND
1822f7be6cc671c8f01b,3324134,UNCERTAIN
5dfce056f4d1415d3394,3324135,TREND
2dc95f918e578e755bc8,3324135,UNCERTAIN
1e170136b0519cf7a2e0,3324220,UNCERTAIN
018fb304535147c72dc9,3324225,UNCERTAIN
edd14b7ab196ef85e404,3324226,UNCERTAIN
61c311e37337b8178743,3324227,UNCERTAIN
34ad25812eeb49cbf061,3324227,UNCERTAIN
cf777bc385ac48d486cb,3324229,TREND
a9b552ad77bc9224e15a,3324290,TREND
8c46150ca08df675699f,3324290,TREND
867a5a75b47a25aab240,3324290,TREND
3de3210a6c03a05dffac,3324296,TREND
b7b893b8af4ec056b1cb,3324296,TREND
ffb4e5aa19ef247660db,3324296,TREND
67738ec67f35938202df,3324297,TREND
a62cef53f800562602c9,3324297,TREND
bd487fd944314c216926,3324297,TREND
188cce401dadeef1fc15,3324298,UNCERTAIN
19a324fe3b66f6e710bf,3324298,TREND
c01f525bb53a2e1e9864,3324298,TREND
feae572a1c6534ec8cdf,3324300,TREND
cfec84aa4ac6307d911e,3324300,TREND
35848243d119d5b50edc,3324300,TREND
dba6053a7f4774d2761a,3324335,UNCERTAIN
33d997a677e147dc6962,3324335,UNCERTAIN
f6907f118d804d33b53f,3324336,UNCERTAIN
7da52e6c1954a0d8feaa,3324336,UNCERTAIN
a06c8a205eda6843ddca,3324339,REVERSION
cf84eedfde91bf47cea5,3324339,REVERSION
bc858676c7d9ffbdbb0d,3324340,REVERSION
c05167b29d1834caf3c4,3324340,REVERSION
3753581b937c7e4d2663,3324345,REVERSION
712881b0e324e47ccbea,3324345,REVERSION
0e7d0d6e8027e32766d8,3324442,TREND
2c3d4f72795c159ff231,3324443,UNCERTAIN
f7997aaf2cdd416f4ee4,3324444,UNCERTAIN
3a39d708f2e2277cfda0,3324449,UNCERTAIN
8efc0724574360e76c8f,3324451,TREND
22f46a7ec8621e864862,3324538,TREND
32d523db6950ed0059d9,3324540,UNCERTAIN
8581d94c41f4505e7be4,3324542,UNCERTAIN
f331ca06c0766f3b35d2,3324543,UNCERTAIN
bac680d0f6ec4348e8e0,3324545,REVERSION
8cbc2a8861bbebd73f0f,3324641,UNCERTAIN
b1c107133107f288fb8c,3324641,REVERSION
3117a401db975eeecfaa,3324641,UNCERTAIN
45ca5d8e9f243dbbd2dc,3324643,UNCERTAIN
98b0f06086a034af0c41,3324643,UNCERTAIN
535fabc9777935cfe672,3324643,UNCERTAIN
5af4a7be223ffbeb3354,3324650,UNCERTAIN
0673310727a0fbc62ae0,3324650,UNCERTAIN
f6ef57de6af28f92bf3d,3324650,UNCERTAIN
a7a44986aa355fd1d637,3324651,UNCERTAIN
46ed70f33d1fe7644a09,3324651,UNCERTAIN
ffec92a83f8923883526,3324651,UNCERTAIN
b1d68b96c1b8fe60341d,3324654,TREND
eda647085ecd7e7338a5,3324654,UNCERTAIN
c6d9ad0db6dd79283c6c,3324654,UNCERTAIN
5adcb10981abad5cfba9,3324780,TREND
36edce5f38421b0af08c,3324786,TREND
d99566a82a1fc5fe85d9,3324787,TREND
19794b8c84b819dad268,3324788,TREND
0317d2ad842170729178,3324790,TREND
5cf52f9bbe8316163780,3324844,TREND
28f64b63814eb7e2a16f,3324846,TREND
89f5dd7687f31b6d9ef3,3324850,TREND
7f51e1e10d1d3baa459e,3324851,UNCERTAIN
d1e87383da4af75d094c,3324857,TREND
40044c800b77c90d6628,3324909,REVERSION
e311d2bda02f384cf7f4,3324911,UNCERTAIN
0fb9c1eced8f818a7bca,3324916,REVERSION
f4c443c07aa1a2c2319d,3324918,TREND
771db274765ed419090a,3324920,UNCERTAIN
b46c57b14852de163df3,3325555,UNCERTAIN
5afac2bf3d6c51ed258a,3325558,TREND
4c842ded62db3c089fdb,3325560,UNCERTAIN
3ab34a7983ac4b2367fd,3325567,UNCERTAIN
9c80e2e47aba3187bc7a,3325573,UNCERTAIN
e7a71383743676111ae9,3325660,TREND
0772265dde8605bd5154,3325660,UNCERTAIN
0d3c90c0c16932c75e00,3325660,UNCERTAIN
9513c7ee4a810000f1dd,3325667,TREND
98e2d91672e55764535f,3325667,UNCERTAIN
c836c5bc367529d785b8,3325667,UNCERTAIN
ce193e09ca19d8db447e,3325668,REVERSION
fc642d1ed37e3ad856a7,3325668,UNCERTAIN
3f4c3774aa735ce3e356,3325668,UNCERTAIN
380955745e664524016f,3325669,TREND
f11b2dc6c8ea07ebf13a,3325669,UNCERTAIN
98c7a1bb9378ed25ae4a,3325669,UNCERTAIN
255fbd7ba59b65d38377,3325670,TREND
04eb52ce1665d261d956,3325670,UNCERTAIN
ee90fd4402cf1a5c66ad,3325670,REVERSION
6f8556f0113a41379c0b,3325886,TREND
f4939b81d81ba2bfd692,3325890,TREND
abfbdaf582fa4f548ff2,3325892,TREND
93a955e26f153d1e810a,3325895,UNCERTAIN
541b7d7fcf495f9764a4,3325897,TREND
32d92db3919f3aef3bbc,3326095,UNCERTAIN
46bfa6a60028f20497c7,3326097,UNCERTAIN
2878204f58750e189b00,3326098,REVERSION
5158cd600d7f979796d4,3326102,UNCERTAIN
516a1331e9e8afaee6e0,3326104,UNCERTAIN
dad9f78348e873462448,3327833,TREND
1dfac65d24f30dad89bc,3327833,TREND
c4629f393b34a75b8206,3327836,TREND
e21d531f42c096c9c5b2,3327836,TREND
51a86cf8d3161edcff89,3327837,TREND
e90b9aa9fcfc71e6ec9b,3327837,TREND
7ee9864bdbd936496439,3327841,TREND
4fa608be2f8fba8215c2,3327841,TREND
a36127d9a810481e2bd6,3327844,UNCERTAIN
a994bd1271ce4637d044,3327844,UNCERTAIN
31ad875e6b48b6ff4bec,3327943,TREND
2e4941974573a04e08ca,3327943,TREND
f7e179fcd05fe9edcc94,3327945,UNCERTAIN
533e4cc463da58e44441,3327948,UNCERTAIN
4eb889f7ddb915c686e0,3327948,UNCERTAIN
f83effdb34dbee762926,3327950,UNCERTAIN
4f756c32d5cc77db19d7,3327950,TREND
999a260c7c69c1dd6de2,3327952,UNCERTAIN
3afbe28e4100c574b009,3327952,UNCERTAIN
1124bf9cc7e250aa378b,3328041,TREND
e586f316fa41ad0b6c70,3328041,TREND
cf3e7467078e2bedabca,3328044,TREND
f9ddc146b1ec5b5edac8,3328044,TREND
ff49a9e288e8f2851701,3328045,TREND
248a7a1d146dfa37050b,3328050,TREND
47d25cfe4da657234e8d,3328052,TREND
30f00d7b23c3cb062682,3328302,UNCERTAIN
59564d58feb94f622187,3328303,UNCERTAIN
e8775419cb28ed8d7004,3328305,UNCERTAIN
02a0aac3040ef9ecc315,3328307,UNCERTAIN
e2501f3c5464a5b37047,3328310,REVERSION
a0fe8e2746e371dc9913,3328625,TREND
f6f102c6698c5c15ff9e,3328628,TREND
06babb2d6a4cd5bf8490,3328632,REVERSION
c8da6db925431f09706e,3328633,UNCERTAIN
1afd19f0c499390233d9,3328635,TREND
5d2af82058d6c2bcf3f6,3328654,REVERSION
5de521df829b83970feb,3328656,REVERSION
3a458239b909f7cc46b9,3328662,TREND
c6dcb2738676b6fe9524,3328663,UNCERTAIN
65fcc014369857870bfb,3328750,TREND
eebef3cf3b8ff49dcf98,3328752,TREND
c81474f1b754855ec44d,3328757,TREND
67eb361c41a3e9481837,3328761,TREND
8d22bf959f351e6792f9,3328763,TREND
4c382d95b2fb354468af,3328949,UNCERTAIN
082e8d80adee2a60880e,3328952,UNCERTAIN
7cce49e483cd75215255,3328954,REVERSION
53ff6183b7673d21abae,3328955,TREND
a2411dcda3ab017f6722,3328956,REVERSION
158b05005203081bb2ba,3328979,REVERSION
a1680d8d4ec284a87b1a,3328979,REVERSION
18defd686b8f0ab4a7ae,3328981,REVERSION
88f343fc861a4aebe4b1,3328981,REVERSION
3f5b75b91d6dae27742c,3328985,REVERSION
ba369d5f3a015650c074,3328985,REVERSION
1afd43855d9c48de7229,3328986,REVERSION
70e81625062ce9df1f7f,3328986,UNCERTAIN
9bf4a156843645f18e7c,3328992,REVERSION
171979caf348640efc73,3328992,REVERSION
57943cb13612a157db39,3329124,UNCERTAIN
b9a297fe0fe18d85768a,3329125,TREND
9ffcb0e56e6a86a1901b,3329127,TREND
9a28454ea66d3adce393,3329129,TREND
eea161be680f721edd95,3329134,TREND
22c1f5b7b2bb82a2e0b1,3329159,REVERSION
f7a7c35e78d3cfad01fd,3329160,UNCERTAIN
2843c544c6a12204da5c,3329163,UNCERTAIN
4df81d2a2f08c87a39bd,3329164,REVERSION
a4a0fdc7834c829f939b,3329166,UNCERTAIN
261bb6498491f93217fc,3329184,TREND
0f97cb35b79b895be77c,3329186,TREND
e08f16dfb392e654fc7a,3329190,REVERSION
a3999bdd6d30e3da5607,3329193,TREND
e6631314fece1276e8b0,3329197,TREND
3bb226c8074679bc661e,3329299,UNCERTAIN
205f44112dd6f0874b26,3329299,UNCERTAIN
47f7ad50b7d40bcf7d57,3329301,REVERSION
228104fe9d7072a1ac38,3329301,REVERSION
4a0526f87b86b3aa937e,3329305,UNCERTAIN
4b96d868627cea68fcdd,3329305,UNCERTAIN
55413a13e14682966097,3329310,TREND
9faba7a1d3be84b697cd,3329310,TREND
377d478d7ab41b2e9db0,3329314,TREND
89ed28101c605ce8cfc7,3329314,UNCERTAIN
dea80be97a98194f61bf,3329471,TREND
fc2e20a2d6828bea6ff6,3329472,TREND
d6bff7e5830e28472ef3,3329473,TREND
b8a37c4b972ed703bd64,3329477,UNCERTAIN
a35f06e1672f0421daa1,3329477,UNCERTAIN
f1a0635bdc699b039551,3329625,UNCERTAIN
e97bdad6939027c5a61c,3329626,REVERSION
fc7c596b566501d586ac,3329627,TREND
e3ca0fac3fd283d5112f,3329628,REVERSION
2b1079382eba606f126f,3329633,REVERSION
a2602c4c0c67b3e916bb,3330175,UNCERTAIN
ad26c68883bcf561e800,3330497,REVERSION
835e8fefb42d8e70a67c,3330501,REVERSION
85484bd2d0e4e1b9bfcc,3330505,REVERSION
cc28d67b80652df94c8b,3330509,REVERSION
b6a1200248919a9e4a32,3330510,REVERSION
284fbf8d4b491f7ea7cd,3330550,TREND
2225e5b9f8f18f8d8eae,3332620,REVERSION
325ceaa7ee52fec69b6e,3332621,REVERSION
0c04ecdb8239f0e5d57e,3332628,REVERSION
b3118d9048f532516061,3332630,REVERSION
4675d6614a60620dadc0,3332655,UNCERTAIN
13f7a6b293dd49191e90,3332656,TREND
51f7bb45db01a768d7e2,3332663,TREND
d43ff92dc5a97df5988d,3332664,TREND
ab31989283b0d68b15f3,3332666,UNCERTAIN
18a47674f30b8c4697c6,3334284,TREND
11fa1810990721d0ff03,3334284,TREND
d45022dc3d86857dc2cc,3334285,TREND
8317353d99983aef09e8,3334285,TREND
1a0b57d145038aa356a9,3334291,REVERSION
520c414b1c81e954202f,3334291,REVERSION
cdd1847bdcb9dc1abc5d,3334736,UNCERTAIN
d649d2be4c42c952afa9,3334738,UNCERTAIN
631233a87e148c2c4e3d,3334739,REVERSION
0987c973411427ed7ee2,3334742,TREND
d0755f8815c5412fcc94,3334748,REVERSION
8ef946ec0915f5dc36dc,3335039,TREND
95cfd35b393202471e68,3335040,REVERSION
27c1f2bb44f3ee2d8127,3335042,UNCERTAIN
cf793af16b5676b28844,3335043,REVERSION
9d449b170eecd4d591a5,3335048,TREND
f390a0d0283136563720,3335048,UNCERTAIN
92878cdeaccacbe5f54d,3335565,UNCERTAIN
7a37786e09428d924220,3335567,REVERSION
15386c195141241323d3,3335569,REVERSION
4138376a4a27e36cc068,3335571,REVERSION
8055204c0e894e8a2dd5,3335573,REVERSION
fe2449818d5f6bd7a4f5,3335665,TREND
ad454ef5bcc5f61daebc,3335667,TREND
b64635f1ca564fdfa9ca,3335668,TREND
c78e6f284366656de303,3335669,TREND
1f02e8972b1e89dc8f2c,3335673,TREND
ade169c935fca480dd53,3335898,TREND
5edd7fd0dab2f3fb9b9e,3335900,TREND
6a1015ecc334cd79bfe9,3335901,TREND
40f3d0173a6b027c8ab1,3335902,TREND
95656c8cddbeda786dc3,3335908,TREND
f32dcff3768d65046d81,3335908,TREND
60ee795a08f6007d9f41,3336194,UNCERTAIN
f21b9a0a4444329c062f,3336200,REVERSION
97e2f8f91c10548f7f3d,3336203,REVERSION
3b16b0b37654bca46eba,3336204,REVERSION
2224af114a3a06f82718,3336207,REVERSION
ca193ef86805bc004e2a,3336261,UNCERTAIN
f3a6f4aab19500c97699,3336263,REVERSION
7a1437d2f68619c2434b,3336265,TREND
08636f7a2aa3e8a21a2a,3336267,TREND
4e85c545b08197d360c8,3336268,TREND
f3b9947eb0a82d66ff5c,3336600,TREND
b90e14421147fc779aeb,3336601,TREND
89d88382392108d78789,3336603,TREND
1b7a54e6c8518e6fab67,3336608,TREND
2585214079ab0da62420,3336610,TREND
4b68f1df3c7448752d44,3336850,REVERSION
82fecd17d939e3072d67,3336852,REVERSION
44d39f6613f8366b9032,3336853,UNCERTAIN
092927c1489cda7e2f5b,3336855,REVERSION
92862af1589b1ced7b2d,3336856,REVERSION
0788c1de99ae2338c41f,3337601,REVERSION
78255e0105f05bfa22ee,3337603,UNCERTAIN
793b8e57ca9366b6b44a,3337605,REVERSION
ef205c39336aa8ae6740,3337606,REVERSION
c293541b47bd3a038b09,3337611,UNCERTAIN
43e14e8103604d8d538f,3338057,UNCERTAIN
c9915e24c9203d3ee069,3338057,TREND
512f7a54f5588344900c,3338058,REVERSION
9495eb21fb71e8fa9064,3338058,REVERSION
05843cf525a167db9b8d,3338065,REVERSION
371164419467c0969a6e,3338065,REVERSION
514b13d0acb1e4deef77,3338066,UNCERTAIN
4bb3cbfacd17719583e9,3338066,UNCERTAIN
9d97392686106c2adccb,3338067,REVERSION
e9bbbe48e86f2835e618,3338067,UNCERTAIN
ee66e1eac9c665a8f3cc,3338121,UNCERTAIN
e5e0bfc147284499c9ff,3338121,UNCERTAIN
b8aee29d7eb4f4a925e7,3338123,REVERSION
77eacd5116aeb274c114,3338123,UNCERTAIN
0044dfd10ea5c93fe230,3338126,REVERSION
e2c0082d90697beae363,3338126,REVERSION
28590d6313799afddf66,3338128,UNCERTAIN
954e450423eba54bc2d1,3338128,UNCERTAIN
0129a344d2eef88212cd,3338133,REVERSION
5784e3c738202440fa1b,3338133,REVERSION
3ce90807fb7ed4f1d064,3338401,TREND
c1fcd28d73206b08c4a1,3338401,TREND
34c5ab74211243228ef3,3338405,UNCERTAIN
13ae0c5ab6a411a189da,3338405,UNCERTAIN
b55afb94f3d721dc0228,3338406,TREND
7f3a10ae98d8f49ebde9,3338406,TREND
a2ecda6e761d1e43cb57,3338407,UNCERTAIN
03af24f83d9085cbb7ed,3338407,TREND
3ec9e31f6d1a553167f3,3338410,UNCERTAIN
d0c19784cab3a1272f9d,3338410,UNCERTAIN
dc2c807bb67f91946c04,3338502,UNCERTAIN
66761e9b419951e952c4,3338502,UNCERTAIN
976394b0cda3f1ce3308,3338504,UNCERTAIN
504240f37343d6720b0d,3338505,UNCERTAIN
043802ab93260334861f,3338505,UNCERTAIN
788caeadfbd45c87ea57,3338507,UNCERTAIN
35e0fcdc25c76ea88904,3338511,UNCERTAIN
034d155d5bfc90d4f438,3340194,TREND
4a51d128471c5a125e1c,3340194,TREND
bb04e0b3a20010ec0174,3340196,TREND
1630e4c564e5628eb02e,3340196,TREND
8af86caf9f43d390a078,3340197,TREND
f5362aceec25e121f989,3340197,TREND
3109fe05281691fbaecb,3340199,TREND
fc3bc366c41f80b98bf8,3340199,TREND
76d147ff2e0eaf842e81,3340203,TREND
537a454eabcd225ab7e2,3340203,TREND
b0a9153502d5d22f5251,3340519,TREND
f11a6fc5a97067a71580,3340520,UNCERTAIN
91392ac4eccc0cda980f,3340523,UNCERTAIN
fbace1a5d429b1905018,3340527,TREND
34c10d81419e64669e70,3340533,UNCERTAIN
038f9eca6b25dfe738c2,3342058,REVERSION
213285fdf2b04f9b883e,3342058,REVERSION
cebe3ef123d741a49826,3342058,REVERSION
6481fc00ca4fd0edd3c7,3342059,TREND
6b740878e8f16e1bd5b2,3342059,UNCERTAIN
73f262ea1a46df28bd1c,3342059,TREND
6e56b4fe4e9a8a1e7014,3342063,TREND
364e7a1dd242afcccfc7,3342063,TREND
d18c61528ab7fb918ee2,3342063,TREND
afbf2a550bd35a5bdd13,3342066,UNCERTAIN
e23f53bdd2a17c953593,3342066,TREND
98a7764a5fff360c95b4,3342066,UNCERTAIN
71b2b28c96a9efde650e,3342071,TREND
74eb945edd12673f1481,3342071,TREND
6575a1ff29a084a5a445,3342071,TREND
a642be3fccdfd01ff694,3342203,TREND
4dcedbfd88094fa54ddb,3342203,TREND
8bd23ea73cfca18a34e8,3342203,UNCERTAIN
c31b6668a089ce240b52,3342206,TREND
76228ca3232489c8f73c,3342206,UNCERTAIN
46dc064b5e7258d927e2,3342206,UNCERTAIN
ddc4d8bf349604dd8c20,3342208,TREND
ae34a4e8e78baee69ae3,3342208,UNCERTAIN
04a21a876027a3d32874,3342208,TREND
9c6472bd042fadef5df8,3342213,TREND
31f5731a470795a4ff9f,3342213,UNCERTAIN
d6b191826a797595c125,3342213,UNCERTAIN
5b299abc6d1508fcf757,3342214,TREND
dec5b43d42cdaa285c4a,3342214,TREND
2ecd6e4d66dd6b872b85,3342214,TREND
3706d14c7a2fb9fd2bf5,3342683,UNCERTAIN
b2fa2b195fe6e2dfd433,3342683,UNCERTAIN
bcfde3585cdfe7762181,3342690,UNCERTAIN
878b3db3e06bbbfcdae0,3342690,UNCERTAIN
751a5cd2c6fd15f64358,3342691,UNCERTAIN
8d508659b7976af9fa5e,3342691,UNCERTAIN
2ca2fdf6fad365c6a5b8,3342693,UNCERTAIN
0ab90d8e079ff45e42c5,3342693,UNCERTAIN
45a124f69767460cc804,3342696,REVERSION
c04c8ba6033b5a133d82,3342696,REVERSION
331bdf6ac1252db42d01,3342876,UNCERTAIN
9a6392b9e8c07bac62fe,3342876,TREND
1a9452c524b806920a36,3342877,TREND
39a4b6dc134ec7a1fc53,3342877,TREND
7ec7b4a822e5e671e340,3342878,TREND
fcba66840e2c92a8b8af,3342878,TREND
8c8575d00345b5f39669,3342880,REVERSION
4f5c144dfbc715dddc72,3342880,UNCERTAIN
2c51d8ceb751d7e9a5f8,3342884,TREND
64a8e395252e03908111,3342884,TREND
c76c8808489e34ca2a21,3343052,REVERSION
13bc03136f51698741d5,3343052,TREND
586b210a1196b1f7f0f4,3343054,UNCERTAIN
a944a7dd243068e185c3,3343054,TREND
3f3fa05bea6344158803,3343055,UNCERTAIN
608beaf0bcd90f563617,3343055,TREND
e26aa63960967dee102a,3343056,TREND
3984757ac9ae6fe611c6,3343056,TREND
c9f3e5630d1e3ab18ef8,3343057,TREND
73948836f790be75749c,3343057,TREND
4633e5d6fa999611dfae,3343143,REVERSION
94fae899fd2529cda0d8,3343143,REVERSION
fd56e8d507c3d7515636,3343143,REVERSION
ff7eabfaefdaf6925d19,3343144,REVERSION
d0e473a5cd6b73bda303,3343144,REVERSION
dbd9b757d5d52b618181,3343144,REVERSION
a2dcf40d22ce41ef7869,3343145,REVERSION
5908a25c88c7d86e1b5a,3343145,UNCERTAIN
c6b703d6272df565cbd4,3343145,REVERSION
b70d5f32ca9b16dbb6ee,3343154,UNCERTAIN
5f263951ec2c29d048ef,3343154,TREND
b7cdd067af63f57e0b21,3343154,UNCERTAIN
0bed826a35488ed99e3b,3343156,UNCERTAIN
4465500117307a5fc741,3343156,TREND
25d053a604ab84ebbd65,3343156,TREND
fa338aa6e78ca75f8f2b,3343516,TREND
aeb68991438bae7b10c6,3343518,TREND
8ee9a1db1d8c7001d8c8,3343519,TREND
fb32f736e79292a702c6,3343523,REVERSION
0c74c725999f14b8c8c3,3343896,UNCERTAIN
cc6430c9d58e898fb99a,3343896,UNCERTAIN
6cdc3795b4c862e2e392,3343897,TREND
3f4e1421e671fb64998e,3343897,TREND
409f1e31bacaf930bbba,3343898,REVERSION
5b2430f8685cdd35b275,3343898,UNCERTAIN
26c9ccb4c5ee0477f3d0,3343899,REVERSION
7d16d2dde10d0418d2da,3343899,REVERSION
5de64f039c802597e477,3343900,REVERSION
ab04817bd579a60963db,3343900,REVERSION
43b6502046c9f618ec4b,3344107,TREND
a167bbe29fd189626a39,3344107,UNCERTAIN
06ed0d4d979451f1092b,3344108,TREND
d7f409a87bbb8019975e,3344108,TREND
ab4e2c280fb58057c36b,3344112,UNCERTAIN
44186584e4358d2db841,3344112,UNCERTAIN
acc42e7e2d8e8550b799,3344115,REVERSION
e594c8efbe66f6d990c4,3344115,REVERSION
9ffdd1f4b7a1ab56b3b7,3344117,UNCERTAIN
6ba865b573fe36dd0169,3344117,UNCERTAIN
634a43b98ce918d021ff,3344278,TREND
4ab99094bae47b0bb7a9,3344281,TREND
387bfe3bd5586eb699e6,3344282,TREND
a282f4a0ecb13aa1fca4,3344285,TREND
859c388ed5add02f43d9,3344288,TREND
947ea34e260a66d04e8f,3344556,TREND
ad35fc383bdf707672f4,3344556,TREND
3da15880c1ed5ebdff52,3344558,REVERSION
335e89093dbae156a031,3344558,REVERSION
9f3c2a59556772b7014c,3344559,REVERSION
08e84817b9fee2ae9692,3344559,REVERSION
884d255d38816de7e35c,3344564,REVERSION
4d6810fcb0ce7103fdf3,3344564,REVERSION
7822f017c722a5c1b6be,3344565,UNCERTAIN
24d431923e062af180c3,3344565,REVERSION
143a4172edb585132306,3344876,UNCERTAIN
b1f9b969c8ca2504268a,3344877,UNCERTAIN
ecf986614f7ef3233b46,3344879,UNCERTAIN
afdbfb846dc3874a5ad1,3344882,UNCERTAIN
e69d8e9542a8a3465e49,3344883,UNCERTAIN
c0a63113c52272628af0,3346143,UNCERTAIN
76e7a70ae6ee08a744bd,3346144,UNCERTAIN
9264b3d6f8d3e162a59f,3346149,REVERSION
ae487d017c5152e71994,3346155,UNCERTAIN
5cb1ecf1850028a3a8fd,3346156,TREND
6975fc06ff6c78903d61,3346250,UNCERTAIN
dc1f24d5e2858795fd71,3346250,UNCERTAIN
054b5191091e3daffaf0,3346254,UNCERTAIN
85905401cc58ec3c58d2,3346254,UNCERTAIN
6a9972693ce301fd673c,3346255,UNCERTAIN
ad48ec35498a4ac24a14,3346255,UNCERTAIN
8072abd7759176c1522a,3346257,UNCERTAIN
d1885db05699f2f3d626,3346257,UNCERTAIN
34f57af3a351d4e0baa7,3346258,TREND
f778d0355ea46ac63033,3346258,TREND
1a4f2aaab9770625738a,3346529,UNCERTAIN
eb447bd9e0b96863399a,3346531,TREND
a13f3914aa6e44d3f7da,3346532,TREND
e3854fc53046533bcdcf,3346536,REVERSION
36c6e4be4e146ae39ab7,3346538,TREND
231c06b2310792e7caa3,3346825,REVERSION
fbf282616043d053176e,3346828,TREND
7958f256db4a438c4037,3346831,UNCERTAIN
ac7e83f2677eb3610874,3346833,REVERSION
899e0965cbb24435460c,3346835,TREND
74e567a5de3d08dbd149,3347001,TREND
5d0b620527814ff14b4e,3347001,UNCERTAIN
b4838069739b5ff6b86c,3347004,UNCERTAIN
2334b99d7001b824e48b,3347004,UNCERTAIN
a420bb80081b239acaf5,3347009,UNCERTAIN
e0b7ac61e9156e50b614,3347009,REVERSION
b3f080f60a18a5b3a5a3,3347010,UNCERTAIN
dacfea60986694094f83,3347010,TREND
5d4cc248658afbd7d275,3347012,REVERSION
f23013f57e3a7020f2c2,3347012,REVERSION
8c799113e6f9b9f381e6,3347074,TREND
e632f671b9243c17c412,3347074,TREND
ad740185e5823ec87760,3347074,TREND
96f5651628b6138b1a24,3347080,TREND
dbe3296dadbce04d3112,3347080,TREND
8b094f37ebed2f56756b,3347080,TREND
595dfd6dceb5bce788c3,3347081,TREND
4933f72386ced88f3037,3347081,TREND
7c4828a42f84c1b9eea6,3347081,TREND
c2f175d97a3bb1cd9409,3347082,TREND
6770c7ca7796153e2d17,3347082,TREND
b2463ef7559ca496d64f,3347082,TREND
bb4dbfc6ebde6b280c4a,3347083,TREND
f78ecf166532378a08da,3347083,TREND
cd34dc88d4e085bd98bd,3347083,TREND
8ac9787d464537f50fb2,3347145,TREND
c5f78ced8365d89459f6,3347146,TREND
3caaa9bf49241ba5d870,3347147,UNCERTAIN
85114a41fc046b775ef8,3347153,TREND
c1543df4e19989a8af19,3347155,TREND
17f0bc69aefc2f4b847d,3347199,UNCERTAIN
e223889e0c067de95198,3347199,UNCERTAIN
4e39e22870268d60a74b,3347203,TREND
27d43a33f2f2f47cc259,3347203,UNCERTAIN
a9f84b4d898a4e90ec6e,3347204,TREND
da7bb35f15adde46f76b,3347204,TREND
ecb401eaa06c0541964f,3347205,TREND
ee4002954bec12411cac,3347205,UNCERTAIN
bc66381adbd60277260a,3347211,TREND
47f46683a04bc6971cde,3347211,TREND
31e7e48df1d5b21a9c59,3347280,REVERSION
4b0a3c4e0ed75e4fc6d7,3347280,TREND
46ffee0600531b93a20c,3347280,UNCERTAIN
ccc55fd4c71d7585ac88,3347284,REVERSION
d05f5d8f747711566638,3347284,REVERSION
2ce280da32366b1414ca,3347284,REVERSION
ea5e4d3458910f1809cb,3347285,UNCERTAIN
0022e2eea6e64959b23b,3347285,UNCERTAIN
ca946ac63b9cc420b0a4,3347285,UNCERTAIN
aa52edc9d1ab55a161ca,3347290,REVERSION
2ba538ee22d5a60b50c2,3347290,REVERSION
7efe852eaf6b8ad4d055,3347290,REVERSION
13ba5557512452d841a3,3347291,UNCERTAIN
378cf98564f53331b575,3347291,UNCERTAIN
983e1411bf306eb987ea,3347291,UNCERTAIN
d8cb10b20ccee3551ea9,3347468,TREND
c170cb076cdef8282f40,3347468,UNCERTAIN
f035a298ff8a050662fe,3347468,UNCERTAIN
c45fda6ea38daca270bc,3347472,UNCERTAIN
d919b493b29601fd9487,3347472,UNCERTAIN
ce9d504878e7a396feca,3347472,UNCERTAIN
d95d0e7a9c079e472734,3347479,TREND
02d1b1f6d60708b78b78,3347479,UNCERTAIN
b229c87f169308bfe2c6,3347479,UNCERTAIN
a19d351566facf8c898c,3347480,UNCERTAIN
69bc4d08a53bb42b811c,3347480,UNCERTAIN
ca4f7e6a3efd40e80e48,3347480,UNCERTAIN
4235068d5b232c71add5,3347481,REVERSION
327aedb1ec91642fa2d8,3347481,UNCERTAIN
555e45840c41616a7751,3347481,UNCERTAIN
93867f391ebf3e4ab605,3347804,REVERSION
715eb691f5e5d9c1af63,3347804,REVERSION
ed674ff9ce0a99180cff,3347807,REVERSION
7ea72583b1a69a70c85e,3347807,REVERSION
4d41f2a1453f639a84ae,3347815,REVERSION
97bb74e80b654b86ab9e,3347815,REVERSION
1b1ceae3bbfd686d7d0c,3347816,REVERSION
370250e70d8f117deb42,3347816,REVERSION
2fa51ce2911aabaeb2df,3347817,UNCERTAIN
851e661ce5e2155ecd05,3347817,UNCERTAIN
40f14dbd7a32821159ca,3347889,UNCERTAIN
1e714a3e1c0e2e44d6fe,3347889,UNCERTAIN
d3df9a92caedb2351fb0,3347893,UNCERTAIN
3f6f2759570b6d4c5701,3347893,UNCERTAIN
f533434e8e7b102306d3,3347897,UNCERTAIN
9bde092cc87c5d90e2ec,3347897,UNCERTAIN
479f66b79321ccf0023f,3347903,UNCERTAIN
ac61503b0ee41613e7d8,3347903,UNCERTAIN
157f77b2882c24c9a7cc,3347911,UNCERTAIN
975569ddbd4e6fb5c43f,3347911,UNCERTAIN
4e8e5826f17bcd8ec377,3347979,UNCERTAIN
8df20c8d2e8c99b1038c,3347982,TREND
36a0bc123e573b0fa5ce,3347984,UNCERTAIN
87f4bf3c16dded49e17c,3347986,UNCERTAIN
55e0939b98fbf3614d62,3347989,UNCERTAIN
ff751808ba5ab4ad84e2,3348065,REVERSION
b8c5f801a0d9552d4c49,3348065,REVERSION
35a2373d96fd8f7c4821,3348065,REVERSION
108aaed3ccb9aeacf088,3348068,REVERSION
6d2557763110b91ee172,3348068,REVERSION
5f02f8828fea3dafe709,3348068,REVERSION
59ac6d3c318dc51bf41d,3348073,REVERSION
8ba701b60113698141f1,3348073,REVERSION
cfef1d59cdeba3990936,3348073,REVERSION
77208a47b01b7ec374b2,3348074,UNCERTAIN
73167c6bd8fcc017248a,3348074,REVERSION
959cded5b6791865e087,3348074,REVERSION
13fddc31c0afdf6f1973,3348078,REVERSION
a13e420acfc5e5be02c5,3348078,REVERSION
a36880a4815f9921fe95,3348078,REVERSION
820a45663c1bf2c40061,3349950,REVERSION
27d58deb05c9881a7207,3349950,REVERSION
ee3c87f7087de729fe62,3349950,REVERSION
cf11a2d2448b785728f4,3349954,REVERSION
5e41e4105d211ae54183,3349954,REVERSION
643f89a159e735d500cd,3349954,REVERSION
8f44458e5eb043eee6b3,3349960,REVERSION
21f2878bccfc5895eea7,3349960,REVERSION
5859e8a9ce148ff38aab,3349960,REVERSION
3450989126b1ff64cdce,3349962,TREND
428bd414ae4323e73558,3349962,TREND
b916a49d16a7ea0bb3b1,3349962,UNCERTAIN
e5b01f72b4ef83c9f741,3349963,TREND
aced61f853a9fe706da6,3349963,TREND
245c34d1a82c9b556448,3349963,REVERSION
9069c819a66d1a76aedd,3350033,TREND
dd38fba874d32914f6df,3350033,UNCERTAIN
e00e1849477862cd40d1,3350033,UNCERTAIN
80d1a1741c56fcbac22a,3350036,REVERSION
4662093ca2a288a9720b,3350036,REVERSION
2f5c37fa2085311dbb73,3350036,UNCERTAIN
a074fb98ba82e26d4269,3350039,REVERSION
310cadfc2bd127a49fe9,3350039,UNCERTAIN
8f766e99983904eab22d,3350039,UNCERTAIN
2887fb1f8c388fa5db86,3350045,REVERSION
7c86b5ac5c27021eb122,3350045,REVERSION
5870658c12cba730225e,3350045,REVERSION
d12d4f9f53b2a163645b,3350046,UNCERTAIN
9c000f29df327b2623e3,3350046,REVERSION
919775966ecfa2f895db,3350046,UNCERTAIN
872c603306d7d078406f,3350175,UNCERTAIN
3788e2d7dd1390493cde,3350175,UNCERTAIN
776441041a6e657bfc7e,3350175,UNCERTAIN
408168c646be9e33832c,3350176,REVERSION
f512cdd082abc6049c2e,3350176,REVERSION
3964060156990d7cffb9,3350176,REVERSION
39cac5dff8881b6d177a,3350178,UNCERTAIN
84f28b55425c85566403,3350178,REVERSION
faba001b7003273bf116,3350178,REVERSION
36eacd6e94ac8598801e,3350183,TREND
fb4ee7334d05ca47f191,3350183,UNCERTAIN
23efb46e6e1e76103310,3350183,UNCERTAIN
622a3a2674024d8d5b26,3350186,UNCERTAIN
8e893e17b7d26abf9ca3,3350186,UNCERTAIN
23f87a911b0c9b70047f,3350186,UNCERTAIN
b062ed59012a50f11163,3350228,TREND
34e3205e8a15488028ae,3350228,REVERSION
e8617b063139d547861a,3350229,TREND
96a413c696c75f5c81d4,3350229,UNCERTAIN
d3b9a6a8c875e307cc45,3350233,TREND
02637d845809b2d1467f,3350233,UNCERTAIN
fbdc4f818283ec0bb605,3350240,TREND
fe31ebaf63aea02047d7,3350240,REVERSION
e49557401abbc8db6b6d,3350245,TREND
f7ff3236c687e3f703d3,3350245,UNCERTAIN
b54accf76dc5c8bbe40c,3350321,REVERSION
2f12d0e9d85614f6bbef,3350321,REVERSION
860e40cc729fe67b0780,3350323,TREND
5211361b8594c444be5c,3350323,UNCERTAIN
3c431d4892fdadadf521,3350327,REVERSION
fed921352b147b572674,3350327,UNCERTAIN
0fabceb5a5098116fa24,3350328,TREND
380fe040c75f4d431edd,3350328,UNCERTAIN
999ebc7bab1c5539a7df,3350340,REVERSION
98816ad15fa87ff05e70,3350340,REVERSION
15f61254d666ff448c21,3350427,TREND
8bed0dc7850d9d4ae37d,3350429,UNCERTAIN
28471051bcd52ee80289,3350430,TREND
8a9cb12711eecb735eba,3350431,UNCERTAIN
81433575b99f4de13ee4,3350432,TREND
6e102e92eb53c6247466,3350507,UNCERTAIN
a1c1d8a49391a05f9507,3350507,UNCERTAIN
621e6663893074e4d53e,3350514,TREND
7f1bda505f6c3698fdf9,3350514,TREND
59351ee89b9f532a7800,3350518,UNCERTAIN
ab3d719ae0fc2fa94fd2,3350518,UNCERTAIN
5f5ba8f61c59e0faaf8c,3350519,UNCERTAIN
d2cca755a849b19844d6,3350519,TREND
0db4adf1a800a5949fb8,3350523,REVERSION
9e2ccef764705c20d97f,3350523,REVERSION
17c3413b05a62246c42f,3350659,UNCERTAIN
c8db7d79b7f5466d5858,3350659,UNCERTAIN
93292a9caff957bebd58,3350659,UNCERTAIN
768b2059257496ade762,3350663,REVERSION
decb046bfdb1b1b79ee7,3350663,REVERSION
cd35d06d1e7e9f1ca8e8,3350663,UNCERTAIN
0f959bfd78177ea897a2,3350665,TREND
ec6cc31ec730b987b07d,3350665,REVERSION
d2602bb5777c26181db6,3350665,REVERSION
ca0bbef692372944f984,3350667,REVERSION
fa373fda1d2119dd33cc,3350667,REVERSION
5840575cafe358836963,3350667,UNCERTAIN
aca3eae8ac9c567c0fe8,3350668,REVERSION
3d84e12c93ddbb38e5e2,3350668,REVERSION
acc6796b6bfcd0f305b1,3350668,REVERSION
a9a736b9ee08b9bd0d6f,3350949,UNCERTAIN
e3c73fa70c030953d597,3350949,UNCERTAIN
ef195ace4f459c60f296,3350954,UNCERTAIN
ac9b0417dad33b668419,3350954,UNCERTAIN
3989085ce8a36e3dcdd5,3350959,REVERSION
c643e4c0d600376ad10a,3350959,REVERSION
92cd8f1c127a50a61c79,3350961,REVERSION
8936c8b15fe057ad092b,3350961,REVERSION
a3fa8d15d68d67d55c89,3350966,UNCERTAIN
d239226b79630092afb8,3350966,UNCERTAIN
265f9663a2c38fd4a5f5,3351013,UNCERTAIN
f2475688712baba607d0,3351013,UNCERTAIN
eebcbabbb7cce5cfad56,3351013,UNCERTAIN
4812e2c79ca022d9bd44,3351023,UNCERTAIN
f774baa0e4daa3113c86,3351023,UNCERTAIN
adeaaa000b54df183a76,3351023,UNCERTAIN
a19f815b9f98d5430b61,3351025,UNCERTAIN
500eadcd66dd7210792f,3351025,UNCERTAIN
48a82a09831a5d19ff08,3351025,UNCERTAIN
3ca8f488cf0d7b282eb8,3351026,REVERSION
0bec56a900287613e511,3351026,UNCERTAIN
7361a4b544640e724e6e,3351026,UNCERTAIN
c705e8326724cf3778a7,3351029,UNCERTAIN
63c37af37f77d8ffb191,3351029,UNCERTAIN
0469c5f19a259e5655f5,3351029,UNCERTAIN
4e2c909a73ae94c99ad4,3351122,UNCERTAIN
372d5a3ca4bbd7a90a2c,3351122,UNCERTAIN
b924dce976c70729a760,3351122,UNCERTAIN
b9c5662eddec21e00422,3351124,UNCERTAIN
1c936a075c9788f4b9fa,3351124,UNCERTAIN
0a19a7c57571b371a6cf,3351124,UNCERTAIN
bb044791efc042c1ec1a,3351125,UNCERTAIN
203123022f632aae0577,3351125,UNCERTAIN
47f8ee9d00efa8fe9892,3351125,UNCERTAIN
3eac520abb82579fbe74,3351133,UNCERTAIN
4a24304a99ed4a7bc2bb,3351133,UNCERTAIN
78e2110eb64b636e26c5,3351133,UNCERTAIN
f36ee648d39435c5c65f,3351135,UNCERTAIN
4aea1d204d7e0dd466d1,3351135,UNCERTAIN
958ce13ecec0f3e2cecc,3351135,UNCERTAIN
deab5f33e8dcf42cc833,3351303,TREND
e2d0627acca7a32624b6,3351303,TREND
a3f5c52bb27f686adbd3,3351303,TREND
4a8ca54e850d186833b8,3351306,TREND
0db5c1e52461f2ead2c9,3351306,TREND
8983a61bf8b2962ed7c6,3351306,UNCERTAIN
23c96b60aeb953fdeb70,3351308,TREND
cbd2ea2c21461e2606f0,3351308,TREND
e3bc053ddbe4577461f2,3351308,TREND
f03dc939e5cb6d21a663,3351313,UNCERTAIN
20676d98e97dee0310d1,3351313,UNCERTAIN
7314c3bcc8633fd8cd85,3351313,UNCERTAIN
cd53acbe00df92f432f9,3351314,TREND
bee972f5b2bb5650baee,3351314,UNCERTAIN
fc547b37cd9d1841d748,3351314,UNCERTAIN
da57817538c459e62536,3351371,UNCERTAIN
710d9ac388fda58ac4d2,3351371,UNCERTAIN
aff4386c8825837e4199,3351371,UNCERTAIN
503f32da27d358997470,3351375,TREND
853c65a1b6c93fc67629,3351375,UNCERTAIN
a17b073fe33cfaa76574,3351375,REVERSION
cc24ebfda4ad8b4f6553,3351379,UNCERTAIN
331a07306bf02b3d5290,3351379,REVERSION
4bda117a37b1b80c5082,3351379,UNCERTAIN
cd05808cfcf08b9b3e35,3351382,REVERSION
5d690afdc966c754272b,3351382,REVERSION
99e13e30cd1493b92b28,3351382,REVERSION
1432c2b8d1677edcd735,3351383,TREND
35ff6b17264ebd336db8,3351383,UNCERTAIN
b18620107d3610ad1748,3351383,UNCERTAIN
261560c15a3516c2203e,3351482,REVERSION
28c711787cf3c5d7977c,3351482,REVERSION
d24a917547f44abbcf15,3351482,REVERSION
c27675359652d6f21574,3351485,REVERSION
b7403a1faaf83a810ce0,3351485,TREND
5564f57c245fe541c397,3351485,TREND
e64de71401aaea7d442e,3351487,REVERSION
82cdef1ac6ddf5a3f21d,3351487,UNCERTAIN
aecee8d04065abf5f2d9,3351487,REVERSION
f644e9c5e1788c397644,3351492,UNCERTAIN
680212334d25e0d4d990,3351492,UNCERTAIN
4c2c16d4a5bb45b1bd42,3351492,UNCERTAIN
d8fd697c4d49c65afacd,3351496,UNCERTAIN
c22365dc50d7594b799c,3351496,UNCERTAIN
fd9f906b874318115e9c,3351496,UNCERTAIN
4e662cc456ea5d5daad1,3351596,REVERSION
14765b6a2b4efc8200a6,3351596,REVERSION
da234a23fa5e4e000321,3351596,REVERSION
54a41a9d4508631a1705,3351598,REVERSION
2026d65b89d91818d677,3351598,REVERSION
a260b7121104657731bf,3351598,REVERSION
76e4874b77215f2e6214,3351601,TREND
159b1a115c2b8f45bde4,3351601,TREND
9950b5d6382acddacd23,3351601,TREND
8308a265004e09379df3,3351604,UNCERTAIN
e5d8f62671ca303b1824,3351604,REVERSION
c9aa1b602619f8e8a38c,3351604,REVERSION
5d4e513e892e1dcae89e,3351605,REVERSION
476f2218ea969312492b,3351605,REVERSION
78953dc12e79ad1dc877,3351605,REVERSION
e6c6c8cf37ae9bfc6192,3351748,REVERSION
6e06696ba8e138cf0046,3351748,REVERSION
750de9725066ed3dce53,3351748,REVERSION
b42074eb7ff217c0aea1,3351752,UNCERTAIN
1bebbe9ef543d8be887e,3351752,REVERSION
10bd1a4fef0ee2afe5c7,3351752,UNCERTAIN
3398d7f9e90378598da4,3351757,REVERSION
111f7fba04953a4baff3,3351757,REVERSION
06bc91a3471c6bdf9af4,3351757,REVERSION
681576b3d18121113d37,3351761,REVERSION
3654a6faa02feb868b7d,3351761,REVERSION
1c4f8864b10969a4cac5,3351761,UNCERTAIN
a16b380c850919d58f56,3351768,UNCERTAIN
74a42f8d59713de52f3a,3351768,UNCERTAIN
1d332bb801e129aa56e9,3351768,UNCERTAIN
314abae3201e05694f9c,3351799,UNCERTAIN
b4202bedb479733fb5cb,3351799,UNCERTAIN
2b17391422c136b7e2ff,3351799,UNCERTAIN
b561a634d2121f2a7ae5,3351805,UNCERTAIN
f28df48ddeeb1944ea79,3351805,UNCERTAIN
b8ba0c206706f104e14b,3351805,UNCERTAIN
afff9f1f2badfcd93966,3351807,TREND
8a385987ba8da93e8c2a,3351807,UNCERTAIN
04984606d7fbff669000,3351807,UNCERTAIN
bb310d0bff5115e601a7,3351810,TREND
2570c5c719df5cbb474d,3351810,UNCERTAIN
d095418d8d679e38a2cc,3351810,UNCERTAIN
1762b8a857dbb5e0f3b8,3351811,UNCERTAIN
a6366babc297e2ec398b,3351811,UNCERTAIN
06dc152c409087a11e2d,3351811,UNCERTAIN
b8091ffe6ceb70696e66,3351859,TREND
4e1883abcfb2ec96e0bc,3351859,TREND
f837df35aeb90a41d4c6,3351859,TREND
7129d25c486f5164ed06,3351863,TREND
427eddc5070036ab8519,3351863,UNCERTAIN
40909abc0c80354ec439,3351863,UNCERTAIN
6e015120fabf78b96d7b,3351864,TREND
c6ec83daf7eac6998860,3351864,UNCERTAIN
c5ee11bf6026b704011a,3351864,UNCERTAIN
9ed0c24e26113549aa80,3351865,TREND
dc0e865ee2dda08d2591,3351865,TREND
cc730a15699f17e9ea7d,3351865,UNCERTAIN
7f4aeb1d4248c2f816eb,3351867,TREND
c0ba81e8c91483ed6e15,3351867,UNCERTAIN
e8f9828a922bb233c09f,3351867,REVERSION
3561fda928906a0c0da3,3351931,UNCERTAIN
31ebbc5469e5e62d06c8,3351931,UNCERTAIN
ad9341dd6de76a44795e,3351931,UNCERTAIN
1fd7aa5078c89cdf796a,3351933,TREND
5f4a0e17719b24e66fb5,3351933,TREND
69675cfcfd2ff9bfa4f3,3351933,TREND
1e62a235e4e6a103d38f,3351934,UNCERTAIN
6d4542a9532e5eac0551,3351934,UNCERTAIN
090224bb8d94ccced0d3,3351934,UNCERTAIN
7957e987a98226e720e8,3351935,UNCERTAIN
58f47b357f90437f0b61,3351935,UNCERTAIN
6aefab74dc002ce5c756,3351935,UNCERTAIN
ca6a395803d0de549872,3351936,UNCERTAIN
44080e4f4f51bdb20ed0,3351936,TREND
e1a31bfcb321d865e57d,3351936,UNCERTAIN
6140b7584853b22faaf6,3352061,TREND
6c73a96723a580c38024,3352061,TREND
6e8245d4543506a896a1,3352061,REVERSION
f947b8fe15e4d6805b5a,3352062,TREND
ee130ff10207514688c9,3352062,TREND
72005814f2807bde1935,3352062,UNCERTAIN
183ada9e0c18dcbbcf0b,3352067,TREND
d99461c7f555431c6393,3352067,UNCERTAIN
8fac512556bf9b9f5d5c,3352067,UNCERTAIN
43a5b55612f62b305b2f,3352068,TREND
42672ec6e310b49a1a2e,3352068,TREND
a5bd0812bf7e77b3838d,3352068,UNCERTAIN
1b3c003782161ccef8d0,3352079,TREND
826c55fd7e9750d17bcd,3352079,TREND
efd2080a8b1c18aa2b5b,3352079,REVERSION
c60843d39e4f55dbacfa,3352658,REVERSION
2659f5df9f96257b70d6,3352658,REVERSION
b7ef9c1d7081a09caaaa,3352658,REVERSION
7208b34359d3681568a3,3352661,REVERSION
9a0e812e3f26a4871921,3352661,UNCERTAIN
a81f65ca36e5bc7acea0,3352661,UNCERTAIN
6f7d4d5366c85122d7f3,3352664,UNCERTAIN
06ad19da1176145aaa55,3352664,UNCERTAIN
1122b4ae2fbfe98283f7,3352664,UNCERTAIN
06bb160f3a052bd8d468,3352666,REVERSION
38bf7c84d22342b0e544,3352666,UNCERTAIN
41ad30f421187ef0187b,3352666,UNCERTAIN
0349f38f0b8222c960f0,3352676,UNCERTAIN
132c4321180a59832913,3352676,UNCERTAIN
02974a15abf0adccea71,3352676,UNCERTAIN
e1c8f92ab841b8af7ea0,3352709,TREND
1f182ec12b3eed527281,3352709,TREND
91ba63a3ee18f9206b26,3352709,TREND
8ecd22e89e888938ce61,3352712,UNCERTAIN
ad8072d09dbae5059663,3352712,TREND
26e4f1d61d9f1e35ac9e,3352712,TREND
9fe9b07890126b902af6,3352716,UNCERTAIN
b003b980c2666474eb39,3352716,TREND
87d24bc949fe9e568c93,3352716,TREND
6cd1b6a387c528396d39,3352721,TREND
10e75a1a9b718c373f82,3352721,TREND
aeecffd17386b06b0f3c,3352721,TREND
7eb536905f4302c3039a,3352731,UNCERTAIN
41dfb448326cfe86161d,3352731,TREND
8fe75a90bd0882ec8f39,3352731,TREND
d8bdf89b2e3ed73d6065,3352828,REVERSION
193b83d9fef4acf6385c,3352828,REVERSION
57e520e10e410ea322fa,3352828,REVERSION
ce869312ed960eb2aede,3352832,UNCERTAIN
e22ce78ded42fb9545b2,3352832,UNCERTAIN
9005d4c1aa773e5f0e9d,3352832,REVERSION
1c8767629798f206eeb2,3352833,REVERSION
b373a2e60683f501a63d,3352833,REVERSION
b145144d2d737aedb5fd,3352833,REVERSION
b76d90aa363b5e99c915,3352837,REVERSION
ad47a96fa346cae18457,3352837,REVERSION
2e956e1d6abe75342f54,3352837,REVERSION
1762cda63aa8dc319f8b,3352842,UNCERTAIN
b856565319b6d0d86ed0,3352842,UNCERTAIN
3361bfb349d8cfa0ecc3,3352842,REVERSION
03189ee3ae91457d4f66,3352998,UNCERTAIN
3f85d3db14e599622fc5,3352998,UNCERTAIN
b8b969c3c1b8486b4a8e,3352999,REVERSION
b99064636b091e583fb2,3352999,UNCERTAIN
2670f6e9c699fbe7fc3c,3353005,UNCERTAIN
58624cc118be237ca420,3353005,UNCERTAIN
619724699c333523e88d,3353010,UNCERTAIN
78113e54072bbd207ce4,3353010,UNCERTAIN
4e77bf3cd1c5797a06dd,3353011,REVERSION
43b2eb26bd34e1cfce33,3353011,UNCERTAIN
a90d39ef1635137015ab,3354106,UNCERTAIN
5cf684dfd074575d2a7d,3354106,TREND
61b5b3ef13c501859a38,3354108,REVERSION
bc5db00d31857dd33b53,3354108,UNCERTAIN
15a227afb010293c3c84,3354118,TREND
58650fafe5e84ab6af9e,3354118,TREND
ac625c601c292538dbdc,3354119,TREND
eba140ac4e05c668955d,3354119,TREND
78e7addc44a364db7c66,3354121,TREND
9a0db271e7c519618957,3354307,UNCERTAIN
a342aea3c37be81d7e8e,3354309,REVERSION
cc03404ac082ad995a3f,3354316,REVERSION
557d386aaf880e9750ad,3354317,REVERSION
1cb9b7a242a1447454a7,3354321,UNCERTAIN
d66780bbb0333bacc2b8,3354431,REVERSION
dceb3185c57260dd7a30,3354432,TREND
b7040109d7b1962b0664,3354437,UNCERTAIN
5877034670c32c617478,3355053,TREND
3ad1f2c463b796c815a5,3355053,TREND
01e83d8908e9856cab99,3355057,UNCERTAIN
b7c013485f7d61412282,3355059,TREND
b50954b555aeb8924282,3355067,TREND
e29172d6f33f8fb1bb9a,3355071,TREND
298be22b85ed16b7a12a,3355171,TREND
cd3a4faeeceb34c90092,3355173,UNCERTAIN
7e8df74a33d0ffdebd2d,3355175,TREND
53c3b5910d8591ff29df,3355177,UNCERTAIN
1f0b916502409b8f3711,3355182,UNCERTAIN
b8146a32204260c3a723,3355378,TREND
29a826b4c751620075be,3355378,TREND
22ddd5184ae4f4ff5953,3355382,REVERSION
4d3cefe049196592b20e,3355621,UNCERTAIN
3f1c124bb42dcddb22f9,3355621,UNCERTAIN
9539d17b41165d8a9583,3355628,TREND
13a920b8f42382bc7ced,3355628,UNCERTAIN
5e4970742f78dbe13e77,3355630,UNCERTAIN
c08ad061e3175d50bdbc,3355818,REVERSION
a4976ccba1de9b8b73fc,3355818,REVERSION
c2547904ca4510071935,3355819,REVERSION
e412e3918105ea035032,3355819,REVERSION
87e02f8f6a859c742c92,3355820,REVERSION
ee06db457b845c61aa8d,3355863,UNCERTAIN
48284436ba73f1d6ddfe,3355868,TREND
b94fbf2b33b93dc51f69,3355873,TREND
9010aa7532b14f9e6c29,3355873,UNCERTAIN
9e63d149b31261a1bb29,3355875,TREND
20a52372ad12c9230212,3355876,TREND
b3de676108915e2c59fc,3356053,TREND
cfd7b03b8315e4fc44bd,3356053,UNCERTAIN
3fb3d048848817227ee8,3356056,UNCERTAIN
571984f1ada0bb14f835,3356056,UNCERTAIN
2f1911cb0121832c4fb6,3356057,TREND
7a1c6cfa285421dd9613,3356059,TREND
31eb9c2e7775f9733d42,3356060,TREND
7651c46478a54e6e7ef7,3356388,REVERSION
ac05d7a6dc657a4e21db,3356388,REVERSION
ab2a39e2c7e69239951f,3356388,REVERSION
e52bd714c232537e69b7,3356391,REVERSION
6538ef0eed9948adc1a7,3356391,REVERSION
140ea000767c98d6af59,3356391,UNCERTAIN
ba075244c2379615f485,3356394,REVERSION
a84c090c3f746d019a76,3356394,REVERSION
f359468b871cdaaeff52,3356395,UNCERTAIN
a2be0284e147354ae2c8,3356400,REVERSION
bb1e295b7d960b4f3088,3356430,TREND
3c745b5752fde171c5f1,3356430,TREND
ae28fe11f05e9ad94666,3356430,UNCERTAIN
97c9d0df27039cb1de61,3356431,UNCERTAIN
c4f6a065d4c643c3b5a8,3356431,REVERSION
0d9591551e72b7ebe652,3356431,REVERSION
d17ecaf12343b982121b,3356434,TREND
36d445fbbc7cacbcf962,3356434,REVERSION
94a1b2cd6d335f01d114,3356434,REVERSION
ea2c5e0a40adcd5159c8,3356435,REVERSION
229bca5b55523969b8f2,3356439,UNCERTAIN
8b20b1672f1367c00b94,3356483,UNCERTAIN
fe620dd127c8dd7a21bf,3356483,REVERSION
1917a513419626a5bbd3,3356483,REVERSION
9b35efea691140fdf399,3356491,UNCERTAIN
c0bf4d9318ed4af21ed0,3356491,REVERSION
840955f933b20091b34f,3356491,REVERSION
276d5aa35cd4e2930e4d,3356493,REVERSION
29fc658a19bfa29faa2f,3356493,REVERSION
09bf9549f7b180a6a67f,3356493,REVERSION
2b6f5e6c2deded8a9aca,3356494,UNCERTAIN
9aa44dede0a699d966d4,3356496,UNCERTAIN
3d82a0b75f6cdea3845a,3356643,UNCERTAIN
0f2f6ffe6e46069bfe83,3356643,UNCERTAIN
87fa1d1d20566756b34c,3356643,REVERSION
5590a56edb53d05c0f1d,3356644,UNCERTAIN
0af9c11f81a00700d0d2,3356644,TREND
dcf2fcbab3fe7608091e,3356644,UNCERTAIN
ebe99514dae3e4319100,3356651,UNCERTAIN
ce976bf1a7e4ea7ee190,3356652,REVERSION
4604d36e67d8b6b03f00,3356652,REVERSION
0be1bc43689a03b71c18,3356652,REVERSION
ebeb7753b3d26864f0e8,3356654,UNCERTAIN
6cc366e82208295c30e7,3356685,REVERSION
48b26c44031bf072d6f7,3356685,UNCERTAIN
4ad3e512d82dcc2055fb,3356685,UNCERTAIN
9fee1659e907ebd93a3f,3356691,TREND
a529da7f77f2f2c645e2,3356691,TREND
50262d38ba46f8507092,3356691,TREND
aefa1a469ae20254672a,3356692,UNCERTAIN
6421dec3dfb70a1e46ed,3356692,UNCERTAIN
5154f052cf7052378026,3356692,UNCERTAIN
73a03f22aae7224971fc,3356693,TREND
3ba194275dd09de23ad8,3356694,TREND
446894d261941c45a6c0,3356740,REVERSION
4e360eab72356bf32ed8,3356740,REVERSION
bdf579ffe5b54cbe76cd,3356741,UNCERTAIN
e5fb6341aaa5bb70144b,3356742,TREND
4ba1d5541847c121384f,3356745,TREND
1b1ef5660e356ccbd390,3356753,TREND
c40fd8bdec73dc68e181,3356808,REVERSION
224ca33d55317b391d68,3356808,REVERSION
16fa94951ef32e9cf837,3356808,REVERSION
4b944d98b3035976e5cc,3356811,UNCERTAIN
799971c42800a9e0ec69,3356811,UNCERTAIN
68afae73e904cbd410ce,3356811,UNCERTAIN
96c2f91b6aeef26b0a7c,3356812,UNCERTAIN
e24817016e7899952d9a,3356812,REVERSION
abfd732633afdd1998f1,3356812,UNCERTAIN
c65741ad863d49c44c73,3356814,UNCERTAIN
1780650a2a36e58e76ec,3356815,UNCERTAIN
0248ce34808e50b7d8ab,3356944,TREND
ca17c52b3448da8c4184,3356946,REVERSION
cbe5fae76a9586efc6fe,3356946,REVERSION
9301af5e99cb61bcb3fa,3356947,REVERSION
399651d7c143ada4acdd,3356947,REVERSION
371b92d577e9011070a3,3356949,REVERSION
68275ba5f871c891b404,3356956,REVERSION
96b1e601bd6186e0766e,3357187,UNCERTAIN
6bc6df3ca1e97f049961,3357188,REVERSION
b615bb1cac819382cb91,3357188,UNCERTAIN
9fb797db3e18cd9fbd54,3357189,REVERSION
51208057bec6f1d94af7,3357189,UNCERTAIN
817bfc4edab080447c16,3357195,UNCERTAIN
f84ca27b51f2b52bf630,3357272,TREND
3f9cd55b911ad13c2397,3357272,TREND
d6347d2438071533941b,3357273,UNCERTAIN
afd0adbb0ac80de32c04,3357275,TREND
87b0d4e93f85219525b9,3357631,REVERSION
ccb68e0c371537d4d4ce,3357631,REVERSION
69186a6bb293c7fa8c39,3357631,REVERSION
1db2dce4653bdfaa9cc0,3357635,UNCERTAIN
5f9f2a8aef2987f42448,3357635,REVERSION
59a88377229075f9e85c,3357635,REVERSION
985e6bb29f786dd11656,3357640,UNCERTAIN
cfab56556cd43b3018ea,3357640,REVERSION
db1212ca34a30509b3ee,3357640,UNCERTAIN
e81257fd80de869427e6,3357642,UNCERTAIN
58667385e768b85ad537,3357643,UNCERTAIN
7e016fccc40f7c533a04,3357984,UNCERTAIN
104800d5cf61b17da302,3357984,UNCERTAIN
5057ade46d2acd7c5ef0,3357985,UNCERTAIN
28d20ebb203d97d68cc5,3357986,REVERSION
fbb459f92e667d8545bd,3357988,REVERSION
252e7f6a4cf7674b5cf2,3357989,REVERSION
acd50d6f1f32eb773f56,3358389,TREND
aae0595b5c001cde7ff6,3358389,TREND
5700fbd382333a3a4c86,3358389,TREND
d75f1535b3f1afc191a0,3358392,TREND
ddd62ef604fc234d2ed7,3358392,TREND
52869a6e65ed56714e69,3358394,TREND
aae5a30e2dff4084591e,3358394,UNCERTAIN
6d9d0b36b672f7f43a52,3358396,TREND
a0762ea08c572be078ad,3358399,UNCERTAIN
1045abf5ef7b0d1c2e54,3358703,UNCERTAIN
59202f081c4ab94dbbac,3358703,UNCERTAIN
d8f2e8c4bc1744b4d015,3358709,UNCERTAIN
7d8210246d07750de65f,3358709,UNCERTAIN
730cf9161bad96c484e6,3358709,UNCERTAIN
ca66e5098491fb175d10,3358710,TREND
2c5ca55abdae8461b314,3358710,TREND
48bbe412f9c4ac614f81,3358710,TREND
aff9069f9bbcd8e50a4c,3358711,TREND
6a5908116c417c1a45be,3358716,UNCERTAIN
314059bf56a352881878,3358990,TREND
2bac462099571391bb81,3358990,TREND
e737c7ce74aedd575f7c,3358992,TREND
ae53db6ea225b3aa8787,3358992,UNCERTAIN
2db447fed5934787a2de,3358993,TREND
1f2a97933872af782c2d,3358993,TREND
3a5b476cf010bcd56186,3358994,UNCERTAIN
28ae0047e50457c1cb7f,3358994,UNCERTAIN
e69d3970b8c74cd9f99a,3359003,TREND
65beea5803b72dc790c4,3359003,TREND
ed20b4faa4f6d28cc885,3359180,TREND
a3a895ac16ec85e8266b,3359180,TREND
acb900931e6ca4e8896c,3359180,TREND
211249057b3b4d2d2c71,3359185,TREND
4ed283afbc918f5a5cf3,3359185,TREND
21fa38634d7f20b4488c,3359187,TREND
457817c80271faee1a6b,3359187,TREND
ff6fa2d434fe4fb0f0c9,3359191,UNCERTAIN
d882d37a2069e6700584,3359191,UNCERTAIN
972e46d5382617e39874,3359194,TREND
4d96e60a92faf66568f7,3359194,TREND
3c24e78a8d1f105f26fd,3359221,REVERSION
1ad652070b65ea5b524e,3359221,UNCERTAIN
e6cfc4cde02c0c86dceb,3359221,UNCERTAIN
f4ab281fc0ebda6b5a7b,3359222,UNCERTAIN
64cedbdd4e5fdb29c8fe,3359222,TREND
0882add740e63f2f6129,3359222,TREND
afb4cb8d15100f3df5e3,3359225,UNCERTAIN
ef11d6f3e25420700223,3359225,UNCERTAIN
9071c3a93574791598be,3359226,UNCERTAIN
e648885c2c83bd8975bd,3359226,UNCERTAIN
259bdafc2fa063457622,3359232,TREND
87c19a5593e199bb46ce,3359232,TREND
b1e42f3cdbe1a1c1aaf8,3359310,TREND
e1e94e002c0c46fe1ffc,3359313,UNCERTAIN
5bfb63fdba21a1f8405c,3359318,UNCERTAIN
b09c6cfb83425ca8f803,3359320,TREND
fd5a79d4abaf137a9765,3359414,REVERSION
3f98aae9697f76114bd7,3359414,UNCERTAIN
8a818dabc95d50c4008b,3359418,TREND
5b6e01626e32b80fbdc2,3359418,UNCERTAIN
75eca1a853a1ead66243,3359419,REVERSION
f4ad9db82429e3f35437,3359419,TREND
ebf1ea27e953cdc8aa04,3359421,TREND
c10dd641521474d4b84d,3359423,UNCERTAIN
339f9cba2c8149fe7b80,3359423,TREND
8a8658cf55c2497d9db1,3359498,TREND
03019c9c4faf33c87f14,3359500,TREND
021042458c3b98af827a,3359502,UNCERTAIN
ac066007da85fb608062,3359504,TREND
b87dc626918b7827e635,3359506,TREND
2e3e220fc5aca156876a,3359561,REVERSION
fabc436f4e0db0ce507e,3359562,TREND
1aee873dbe138413bc0d,3359564,UNCERTAIN
5dd2ad4abbae6ff5f7b7,3359588,UNCERTAIN
a7aaf47b1d8d5aa579f7,3359589,UNCERTAIN
b4769d441b0f70f95ec8,3359595,REVERSION
831e33299a0fe91599b7,3359596,UNCERTAIN
deca638976ccf5a291cc,3359597,REVERSION
5318d14230e011aed755,3359747,UNCERTAIN
d0ffe401ed13df54b797,3359749,TREND
5654ed74d566d926044d,3359751,TREND
0206b005ad1d2218cc00,3359752,TREND
9d6d5117d683c49daa81,3359756,REVERSION
f5d91d83256141ae8e49,3359791,REVERSION
0a4cc0a0bd4cf8c6ef72,3359793,REVERSION
d16de738f646682231bf,3359798,REVERSION
371bf2ac9b0c465f708e,3359799,REVERSION
cac7549c0d38547f2085,3359800,REVERSION
c046bc653787e30c2c49,3359828,UNCERTAIN
5a0d3a342e8d522eb483,3359828,TREND
07da7547cf486fbaca6c,3359830,UNCERTAIN
e77db588693afd6c8bfe,3359830,UNCERTAIN
8baab791548d903cd062,3359837,UNCERTAIN
700f6b46659742882c84,3359837,TREND
541b44015f5ae815a858,3359840,TREND
88d17c67a58663ce6a4e,3359841,UNCERTAIN
3398f53badeb749c67ea,3359915,UNCERTAIN
1984f6f2e657c30b5660,3359916,TREND
090226863c05c0b709dd,3359918,TREND
bf208a66e917e33911ab,3359920,TREND
acc38c48fb342ab9e5b8,3359922,TREND
5c2f0b6055d5bd79e5c4,3360112,UNCERTAIN
0cae948b9fa13eb4d9c1,3360112,UNCERTAIN
5200a48d449298f988b9,3360114,REVERSION
e67d049c66ba786ad730,3360114,UNCERTAIN
6f7abd67d25dd2ec4d01,3360120,UNCERTAIN
22711df8c0d55774e2b4,3360129,UNCERTAIN
704ce799baf379d686e4,3360130,UNCERTAIN
a244944e0ac9a9d8ab57,3360301,UNCERTAIN
18edafbee737ae0bd7a4,3360301,UNCERTAIN
da9998dbea2c68d44d29,3360307,UNCERTAIN
8429bb8feeaa13b88ae4,3360307,UNCERTAIN
bfa128b8c580ca5db596,3360308,UNCERTAIN
663533bd0b8e72bdc210,3360308,UNCERTAIN
7a84777a70a4f36efa48,3360310,UNCERTAIN
d25a3485cd28df7eab65,3360310,UNCERTAIN
e8d1d8a395e6b1fb64c5,3360311,UNCERTAIN
cf9a4580c031f2c0709f,3360311,UNCERTAIN
d748e129540e7be8f047,3361093,REVERSION
87055a073374b9a23175,3361093,UNCERTAIN
8b278da74fba08283d92,3361094,UNCERTAIN
6b1e62c8fe35f54865b2,3361098,TREND
43caf38a69133055889b,3361099,UNCERTAIN
8188dcf6bcf689ea9c52,3361104,REVERSION
090190c257e0ebfd5a42,3361211,TREND
69ed24fd8b9cbd971662,3361211,REVERSION
5b18ffc0db866bdc13d0,3361211,UNCERTAIN
a3ca2236e101f8ae4824,3361215,TREND
0b927649d69800a46083,3361215,TREND
5adca40afde1df0673d9,3361215,UNCERTAIN
2ac0bbfebd64e9e606e7,3361218,TREND
51b4cf88300a14345cd4,3361218,UNCERTAIN
30d2117ee84d353db79f,3361218,UNCERTAIN
c1d9585f0fcff961bc0a,3361222,TREND
7ca907e76c9d7259ed62,3361222,UNCERTAIN
89d6d9887e0f1f302f3a,3361222,UNCERTAIN
4e1af3d3c9e06aab97b6,3361224,REVERSION
07f0a6a69b629bbee0cf,3361224,REVERSION
bccdfa9e8a6e736b456e,3361224,REVERSION
856d96268d4a1b3c07f2,3362459,REVERSION
653f5042663bc75126cb,3362464,UNCERTAIN
3b2b481b9d11fc88f8f2,3362467,REVERSION
81abc0c09d5b191add6f,3362473,REVERSION
d8c3a828cad8832f236d,3362476,REVERSION
9e0371867684b61b6bc3,3362988,REVERSION
57c2d2284967ea764609,3362988,REVERSION
0a8ef3655cd00891a6b7,3362995,TREND
f7a4cae80b0f04ba271c,3362995,UNCERTAIN
52bef6ec9f1e786ee5cd,3362996,REVERSION
ee6f0cd671ac1bb9a841,3362996,REVERSION
8f85eb2851c78137f964,3362997,REVERSION
8bbf57ee4fc21f5eb11e,3362999,REVERSION
d7d9c273f9dcfb24feba,3364257,UNCERTAIN
b1936e62b9e86c634f80,3364260,REVERSION
586f56aeb1f6b09b367d,3364266,REVERSION
8479cc62ea484a55aa92,3364267,REVERSION
e02405d39dcc2d7d7241,3364275,UNCERTAIN
a92f3eeef6b23ee6035f,3364573,UNCERTAIN
1ec145fe0ce4bdbd34fb,3364573,UNCERTAIN
342093fd0da1da4fbdaa,3364577,REVERSION
89f7d923c1345f60994b,3364577,REVERSION
47cfd2344ab426338c9a,3364580,UNCERTAIN
13effd45d60d3c7bcdf2,3364580,UNCERTAIN
1f2cef29d6fe75d45c54,3364582,UNCERTAIN
a2ccc5c476158db9fe32,3364582,UNCERTAIN
92a5c17dd1b906b87b68,3364583,UNCERTAIN
d2ae883826f6c1d60a03,3364583,UNCERTAIN
f28f6fde84e0fca757c0,3364851,REVERSION
8cb22e9ed50a4e974e72,3364853,REVERSION
204a7c8e904ea9e6fbfd,3364860,REVERSION
12543ca0b94219134e86,3364861,TREND
0c685def7709d98e338d,3364862,REVERSION
a45c0fea4135ecd62f98,3365085,UNCERTAIN
4b834dc76a13de74c12e,3365085,REVERSION
a045073992e55547ba92,3365085,REVERSION
4a136799e0d17848cc8a,3365086,TREND
af0e7664cb1651c7cdc4,3365086,TREND
7d99cff98979ff72fa72,3365086,TREND
1b928b86a785d9a7462e,3365093,TREND
1310918580891518f156,3365093,REVERSION
f5cca29a975c6a7456ed,3365093,UNCERTAIN
066d45d27539e8b509b0,3365096,REVERSION
373abf2c0651f9cbffae,3365096,UNCERTAIN
b25e58f7228514c618c9,3365097,REVERSION
ff6888fa06e5eb349e81,3365097,REVERSION
f5c56ad7f9f3559202c9,3365146,REVERSION
9f25b9664d88eece5ac7,3365146,UNCERTAIN
8ff5764467d7d8559024,3365147,REVERSION
59a97fbc11411987f2ef,3365147,REVERSION
ae9e64a68b3ee479ea4d,3365148,TREND
05a913ffb7aac022feff,3365148,TREND
86eb8248e6a62639ef0f,3365150,REVERSION
2612fdcee6647656ff7a,3365150,REVERSION
2d472f1fd7b869f99871,3365152,UNCERTAIN
c6b01cca80e24f9f2497,3365152,UNCERTAIN
f112649cd9ec3f5213ae,3365254,REVERSION
893beb85dde546703a72,3365254,REVERSION
91c39484351e46187b1d,3365254,UNCERTAIN
6335aa8e8bde5f24c242,3365259,UNCERTAIN
5713a5c9960084564bda,3365259,UNCERTAIN
89b7abdd6fb37558b15d,3365259,UNCERTAIN
68fa1a2e0871ca7a5bfd,3365261,UNCERTAIN
3c35d79d510442497cfc,3365261,UNCERTAIN
8bc6db210089dd6d3f6f,3365261,UNCERTAIN
31f541e7eb39b6a1b083,3365262,UNCERTAIN
4ca6c9c8b273bfc5b78d,3365262,UNCERTAIN
516b2035a00063ca269e,3365263,UNCERTAIN
43f892c615e2e0c19528,3365263,UNCERTAIN
f4446dd546da2bb8a6d2,3365495,UNCERTAIN
00684ef5daaba3aa58ce,3365496,UNCERTAIN
ec3f559aedd538dbd8cc,3365499,REVERSION
21f67efa51296526899d,3365506,TREND
2974c502e11265762ec9,3365508,UNCERTAIN
f81dcab53ea354a46d10,3365681,TREND
d4b49f183ff6fac0e33a,3365681,TREND
77c4b17d76c8e1fbb326,3365682,TREND
7de0ec529ace16570042,3365682,TREND
4277f8ccb3bd76b22adc,3365683,TREND
b43884188d4a5fdd37ed,3365685,TREND
78fee73482344fb75ef9,3365685,TREND
ee7eaebc0ed69dc88c94,3365693,TREND
a6cc74719bf38193be87,3365693,TREND
607b4687199eb29c7403,3365975,TREND
3cb468473b34319e57be,3365975,UNCERTAIN
5e7483b91dc524489c4d,3365975,UNCERTAIN
172983c44e067dce4d88,3365984,TREND
5139efd40b3d84707834,3365984,UNCERTAIN
f836c15914ab5337991d,3365984,UNCERTAIN
08984bd2042fdad49ea5,3365985,TREND
1de39a279c5d67f3eb9e,3365985,UNCERTAIN
feb73dd125e1ad84c0f6,3365985,UNCERTAIN
cc6120299d7ba3693222,3365988,UNCERTAIN
6de1f7dfb7e2906d4179,3365988,UNCERTAIN
21eaf5bf8f804911cec2,3365990,UNCERTAIN
f0ed4da0a397e47ceef3,3365990,UNCERTAIN
3079495709ec8e350e90,3366669,UNCERTAIN
360d65f2a68e3b1ede0c,3366669,UNCERTAIN
ee4acf9606a0fcdbb737,3366669,UNCERTAIN
5fe15b2572af7a0bd628,3366670,UNCERTAIN
6efe033a4b35fbf139d9,3366670,UNCERTAIN
797605c287fd01a5e5cb,3366670,UNCERTAIN
80b921b7aadfa8386f86,3366675,REVERSION
7a44a8a6b19c23b19aaa,3366675,REVERSION
233b5c639f02a28f169e,3366675,REVERSION
b90de0ed0ef49e7665a9,3366677,TREND
7a212d70b6569ed06a16,3366677,UNCERTAIN
2c8460bdae1ea86e11c1,3366679,UNCERTAIN
9f5de6b4374cc995f78b,3366679,UNCERTAIN
503473647aa85cbe637e,3367218,UNCERTAIN
dbcdcbdb2cf3fabe2416,3367218,REVERSION
5a3b4d85a0e4ea8950ce,3367218,UNCERTAIN
6a564eef2281439e9032,3367222,TREND
8ec7359e8464bee5a3e8,3367222,UNCERTAIN
169fe24fafeecdcc0c8e,3367222,UNCERTAIN
dd2646d5bd5604729716,3367226,REVERSION
022b503fcb4e3293fc87,3367226,REVERSION
14daac797d94606bc2f2,3367226,REVERSION
2aca015237ec086a40ee,3367229,UNCERTAIN
2b6d5951074b4e9ef412,3367229,UNCERTAIN
c68034e9d652875934c6,3367231,UNCERTAIN
32d566152dee11f84329,3367231,UNCERTAIN
83ddfba667625254b834,3368356,UNCERTAIN
432de277f281a3f390ee,3368356,REVERSION
88f953acd55d2cacf5ea,3368356,REVERSION
4fab488bb6b1ed1e7936,3368359,UNCERTAIN
d8a9093e3ea0d539f57e,3368359,UNCERTAIN
a3d4909b439363edb740,3368359,UNCERTAIN
b39a44b422e7e165b2eb,3368361,UNCERTAIN
1bb4f664906b627e4423,3368361,UNCERTAIN
11bf805e392094de9cd7,3368361,UNCERTAIN
ca673d50403ca3f477cd,3368363,UNCERTAIN
a2c503beaa9d035d7e0c,3368363,UNCERTAIN
5aa97fbff9b589c0cae1,3368366,UNCERTAIN
216bd97294df52f444fd,3368366,UNCERTAIN
a3f82f97b78a65481da1,3368756,UNCERTAIN
5a2a2727c72c2d14dac6,3368756,REVERSION
50214a9255a447d27588,3368756,REVERSION
87041705da509873c622,3368757,TREND
416cf866894adf720988,3368757,REVERSION
679926404f99650c0231,3368757,UNCERTAIN
58a6c07c54d330d49895,3368759,REVERSION
2a92b211861c29833ea8,3368759,REVERSION
575e25d197847c763474,3368759,UNCERTAIN
0e138c03f8fd5c9cdf4c,3368763,REVERSION
ba44d502a9d86ef608e4,3368763,UNCERTAIN
3d298fd5d702829fb1e3,3368767,REVERSION
4a31ef70adf808836dd1,3368767,UNCERTAIN
d2733d4077544352e82b,3368911,TREND
1a614c83ef7c5ec092d6,3368911,TREND
26a73c8b6e055b7b3624,3368911,TREND
4ae6aa6fab4928091cb4,3368914,TREND
207ba61dad30b687186d,3368914,UNCERTAIN
f47d342207d628be8e2d,3368914,REVERSION
e432a6bf6d11795ce5a0,3368920,TREND
7cdc03b330df0d760553,3368920,TREND
5df57978b5e6ac38bde5,3368920,TREND
e84bab63c7f2af821129,3368921,REVERSION
cc6f7aafeedaae0a8fa9,3368921,REVERSION
5684bb89c6167c42c2b0,3368921,REVERSION
9558e7d2e230233953be,3368925,UNCERTAIN
dceaa1014e3cd7e06fb8,3368925,UNCERTAIN
e0e3cdf0b2eb35857b2f,3368925,UNCERTAIN
fcfb3f5af07a3dda612d,3369231,TREND
2b2806965873c4abf203,3369231,UNCERTAIN
03dbb9a1c016feddda67,3369231,UNCERTAIN
cbbca0aa5b8a9d42fc19,3369233,TREND
56c07ed8886544b0fc2b,3369233,UNCERTAIN
eaacc22f9e0bffa67b7e,3369233,UNCERTAIN
7026c582fd8b1dd28386,3369234,UNCERTAIN
c336ee0140120073a4d7,3369234,REVERSION
ade40daf3ec0523169de,3369234,UNCERTAIN
ec6766078f571e21fc1d,3369237,UNCERTAIN
2b5413648a9e8f21a526,3369237,REVERSION
c6ceb7c936b190d7efe6,3369237,UNCERTAIN
0dd51bc9c410094d77da,3369243,TREND
24fed8a84ccf9243ef8e,3369243,UNCERTAIN
d45d22227e66063a5139,3369243,UNCERTAIN
ef5b9079b509910c4bae,3369375,REVERSION
aaa1fecab6229de7aefb,3369375,REVERSION
140226896630d6cccfb5,3369380,UNCERTAIN
51ae707c3b55450ff0b9,3369380,UNCERTAIN
65058cf1c9eddeee4bf6,3369382,UNCERTAIN
e2dbe2ecd88707bb69ca,3369382,REVERSION
484fea8232f0b3821ec4,3369383,UNCERTAIN
d86b6a9c7085ac5cc6c0,3369383,UNCERTAIN
f7e641bc30483099200f,3369385,REVERSION
e6c710be0e531c355ff9,3369385,REVERSION
3b59188499343dde82f0,3369493,UNCERTAIN
cb2dbd98fedc5346f805,3369493,UNCERTAIN
8acb24a1e1f79f83555c,3369493,UNCERTAIN
c3716efab2173b0f1aa6,3369494,REVERSION
07d5ba4f2745d592c6b6,3369494,UNCERTAIN
acfa78cb6419993632f2,3369494,UNCERTAIN
c2599d4cacd9e388a042,3369495,TREND
96ad75f364dec4cc594c,3369495,UNCERTAIN
1e142afb6efffea4b440,3369495,UNCERTAIN
f7545f3b38ea427991a7,3369500,UNCERTAIN
4f659be73b403c96a354,3369500,REVERSION
2d0b1bd8086fdf99b5c6,3369500,UNCERTAIN
5ce136f920c9d5a1132b,3369504,UNCERTAIN
b56261ab22c6789dc30c,3369504,REVERSION
ddc47eb74b7f6ecb93f4,3369504,REVERSION
c547745e1f56c0c9943e,3369597,UNCERTAIN
9d32821dab08acaaadfc,3369597,UNCERTAIN
42b066bfdd8d3bead08e,3369599,UNCERTAIN
0d77b875c4eb67f6d6ce,3369599,UNCERTAIN
9a7a8f371fbcc93c488e,3369600,REVERSION
f4d22de66653a9ff1b01,3369600,REVERSION
8d50fe6ce88007da1882,3369603,UNCERTAIN
0e62d4a075595313f8bf,3369603,UNCERTAIN
d50fae66b6165ebc37d0,3369606,UNCERTAIN
8717ea589276b0f2721e,3369606,UNCERTAIN
05a445960681e310ffd7,3369650,TREND
fdb156c462143b45e250,3369650,UNCERTAIN
e0f11721e99a6d98a34a,3369650,UNCERTAIN
85fbc5a6be7b40164051,3369652,TREND
2377642e85cb078454bd,3369652,UNCERTAIN
28bdd3a7441fdccbe3b2,3369652,UNCERTAIN
571e6b48884956546302,3369654,UNCERTAIN
7df5ebfdfef5d54cd754,3369654,UNCERTAIN
71528cf8f9b5633c1306,3369654,REVERSION
f5039521db16f0486141,3369656,UNCERTAIN
66547abf5d06e849039c,3369656,UNCERTAIN
74314181f1b08616a4f8,3369656,UNCERTAIN
6ba36766a1c2e6b752ef,3369663,TREND
4cd1e2664d2fe685ede0,3369663,UNCERTAIN
31b94687d42f725893be,3369663,UNCERTAIN
d96236f40ad8e8676990,3369721,UNCERTAIN
c6bef6002278f774e1c3,3369721,REVERSION
e5aa8ab1dc3ec0e4ed75,3369721,REVERSION
fffd2b59bf0e316dbc9b,3369722,UNCERTAIN
cf877fc8af29529aaa61,3369722,UNCERTAIN
02612251bcdb5d228ebc,3369722,UNCERTAIN
9c17c52f35e80a691665,3369726,UNCERTAIN
8a0a6d16d238baaf7834,3369726,REVERSION
ab7ce27230782eb3d8a8,3369726,UNCERTAIN
c92dd6e3e66dd73344a7,3369727,TREND
4e858eef575987a9eaa6,3369727,UNCERTAIN
f6a825b0ae655d5b05cc,3369727,REVERSION
d584ad2c0d61149ec8d4,3369730,TREND
b99aaabbc59b3f21d3db,3369730,UNCERTAIN
6e8cf497a7d66d3ec4c4,3369730,UNCERTAIN
d0792fa39256046596ed,3369856,TREND
5ec24688536d818de4db,3369856,TREND
d06b9f711d4d14cc288e,3369856,UNCERTAIN
3ffb66414a656eeab4af,3369857,TREND
857f0ae6383c47437bf5,3369857,REVERSION
8e4f4dd9fd2c8cb55d90,3369857,UNCERTAIN
54ea584a31699db688af,3369858,UNCERTAIN
b7eb42a3c6d5b31e48eb,3369858,TREND
655e615c577631c006b3,3369858,UNCERTAIN
9eef218523fd8bd5391b,3369865,REVERSION
09f444c6234969ac592f,3369865,REVERSION
62e9a0440fe303e6988c,3369865,REVERSION
60065031c8a1e2bff96f,3369868,UNCERTAIN
17e828fd86573cd4bb5f,3369868,REVERSION
985762871f27a5659904,3369868,REVERSION
58cc03d43e9966973c42,3370194,REVERSION
13ecf4a4f01375da59d9,3370194,REVERSION
c0488d11c91b82421cb1,3370194,REVERSION
2d4ed252ffdd03d83c86,3370195,REVERSION
122c18841ce837e81561,3370195,REVERSION
cca20e5f34fd69d64157,3370195,REVERSION
e25506f43e7f6916c642,3370196,REVERSION
b5ad6e242653caa94830,3370196,REVERSION
3bbf83fd4a4191db8f0a,3370196,REVERSION
fd692f1ae75e3b665e6d,3370202,REVERSION
6c1c9cf72a3582e177c1,3370202,REVERSION
1e7dd9da440398127f88,3370202,REVERSION
c688216374553c9c66d8,3370207,REVERSION
2e9639f51f139ac0a851,3370207,REVERSION
54a7574cb0336b4c16a7,3370207,REVERSION
2beea7b9cb50ae5ab906,3370333,TREND
17fb592fc66982b45876,3370333,TREND
10744d8f19dad54f7e97,3370333,TREND
ae96d5841713c3a84639,3370334,UNCERTAIN
99723f9bb8e87546bde4,3370334,TREND
2383bc3b6db126c41350,3370334,TREND
1dbb0fa1da0058e28879,3370339,REVERSION
3f91f722df77e560f015,3370339,REVERSION
ef6ecd9a577caed5c794,3370339,UNCERTAIN
fefd42617c5bca3c187d,3370340,TREND
a72ac7bc86b41e1bbc36,3370340,TREND
ad324119ad72a3883066,3370340,TREND
c94eed2472680c93ac1f,3370341,TREND
b2b54206c63d09e0376a,3370341,TREND
07717c37c3fe877e8685,3370341,TREND
8df04119d7b0b49fa904,3370525,UNCERTAIN
1bcd1cc98bdb841f0c4b,3370525,UNCERTAIN
79d5f418f3bc5cb3dd4b,3370525,UNCERTAIN
762f8918a035aa9c07c7,3370527,UNCERTAIN
465d041980ce14a8f71f,3370527,UNCERTAIN
c8522587e8c49dc592d7,3370527,REVERSION
67bd754735978add3d32,3370530,UNCERTAIN
4d90ef883decbadf5416,3370530,UNCERTAIN
c4d362a79cea8109462a,3370530,UNCERTAIN
7b11076842a19ee7bd90,3370531,UNCERTAIN
b68796ba3653635eb214,3370531,UNCERTAIN
fe2f8d8e0c331b050bab,3370531,UNCERTAIN
23c8ea2b973d85556f3a,3370534,UNCERTAIN
845fded15de30455d785,3370534,REVERSION
c9daad681050f56272c3,3370534,REVERSION
34a11aa7de821c027b3c,3370598,TREND
7eaa480ba50b57ffd779,3370598,TREND
8c7043316d925972fb2e,3370598,TREND
3ce1b789de9a3b2f4710,3370600,REVERSION
8f733b702789c5d82981,3370600,UNCERTAIN
7b322a7e203bc7aa4ebd,3370600,UNCERTAIN
a352d8c7bfbcbb8c8f4c,3370602,UNCERTAIN
1d4ce4111a4413a96277,3370602,UNCERTAIN
cdc98d031f8729c6e79f,3370602,UNCERTAIN
e74c6df67ce5fef3b6f4,3370606,TREND
48f6116540ccf8eb89dc,3370606,UNCERTAIN
998d56347aca523c642f,3370606,UNCERTAIN
b61b770d09755e7a765e,3370608,TREND
563ca7f7ce2c122ba0b5,3370608,UNCERTAIN
c6f64f9f264cb8cc0b00,3370608,UNCERTAIN
554192818adf1dbbd6a4,3372311,UNCERTAIN
f7d29495055a24642373,3372311,UNCERTAIN
cbe60ebe4d12d5e90438,3372311,UNCERTAIN
5549331faf89c8c3a4d9,3372312,REVERSION
ad45c5fde3377b66f815,3372312,REVERSION
8bb22da16b152b747015,3372312,REVERSION
5094d3aa7c3dd34dde08,3372319,TREND
a176fee27a62c10c6719,3372319,TREND
64a34be5d3af2238823a,3372319,TREND
b5f4666486e8cc823ace,3372320,UNCERTAIN
a9891b1bd013c5d71f87,3372320,UNCERTAIN
45a163950f698721352b,3372320,UNCERTAIN
420ba69eb2b7fa305f09,3372322,REVERSION
abd5b45f88c823fc8579,3372322,REVERSION
bc3361ce4f2131cf3396,3372411,UNCERTAIN
3a9db072091989d3ea72,3372411,TREND
aaeb1669b211ac3c77a2,3372411,TREND
2e9a5f572adb63f55135,3372412,TREND
1e7c9c507d0423978b0f,3372412,TREND
ab37a9eb5d2d09484418,3372412,TREND
f7a8c2717b4eee9ef0d0,3372417,REVERSION
3b5742af29ac7784ad47,3372417,TREND
73f85d58d19b99596c9b,3372417,UNCERTAIN
9ea55d81756beb2bb49e,3372418,UNCERTAIN
005844a9514dd36df98d,3372418,UNCERTAIN
a517d715e1f7489ff185,3372420,TREND
c121fe4245061b59b2f3,3372420,TREND
4d4e9b8e81025a28b633,3372547,REVERSION
d01301d2427c56fef41d,3372547,UNCERTAIN
bd75305a9dce0bda8dcb,3372548,REVERSION
2ff557d5ddb6a8c21117,3372548,UNCERTAIN
01ca0889803ef46c2873,3372549,UNCERTAIN
328c51cb0f488bcaaeee,3372549,UNCERTAIN
97bc2ac3a4c354b1cc2d,3372556,UNCERTAIN
0b67ec769282bffa979e,3372556,UNCERTAIN
fcd07105177c67c7eae6,3372558,UNCERTAIN
94974b3292a608db2263,3372558,UNCERTAIN
8931fd37397a2551ecff,3372669,TREND
b751cf3667fc9e781131,3372669,UNCERTAIN
66e98afa221e05008053,3372669,UNCERTAIN
2c4664123e43828f4fa8,3372671,REVERSION
6645200b547b0ae42ef7,3372671,UNCERTAIN
a1052f55e3c03f823d4b,3372673,UNCERTAIN
2dfdf21bf678de80cf14,3372673,UNCERTAIN
3d770e0fa5b41c952783,3372675,REVERSION
b236b7fbb94432c7b608,3372675,UNCERTAIN
c2e0e2e13cd0cab92d27,3372680,UNCERTAIN
cbb4de707dd234da5e9e,3372680,UNCERTAIN
177784d9021efd3649c6,3372748,UNCERTAIN
53136c99279eec3fb421,3372749,UNCERTAIN
7484fa4f52a5648f26d9,3372751,UNCERTAIN
fce0acf05d7cd04d2781,3372755,TREND
d58b30a682f38526bf7f,3372763,TREND
badf2fc82ee3f998c341,3372784,UNCERTAIN
fdb0f0fe3d7172729b4d,3372784,UNCERTAIN
bfaa9bfa7da2cf02df43,3372785,UNCERTAIN
c8df1dcb7a2777d62fcf,3372785,UNCERTAIN
2c6e3fab3a63059f500a,3372786,UNCERTAIN
c72ad854373be7c06392,3372786,REVERSION
7f747661c9b07409d708,3372787,UNCERTAIN
75138e4c0a564aadd910,3372787,UNCERTAIN
5e12091e8cda0fa6bbb4,3372789,UNCERTAIN
e2303ff408cc4d183b64,3372789,UNCERTAIN
eb8bcfe979abb1e5250a,3372877,REVERSION
9b2beb547a0368ada709,3372877,UNCERTAIN
4a7de0d80cada50cb681,3372878,UNCERTAIN
ec0b592b7570a3b3a0d4,3372878,UNCERTAIN
21b3ec61702bfa789251,3372880,UNCERTAIN
36ee3e4ff6665461f528,3372880,UNCERTAIN
296e3e6052042f84305f,3372881,UNCERTAIN
ef44d7465750d7d65f15,3372881,REVERSION
3f38e8d44fff8ab14200,3372882,REVERSION
3953fbbcaed136c00bd2,3372882,UNCERTAIN
e15acf3a14dab88b02d6,3372926,UNCERTAIN
4a7446b2166f2895eb8e,3372926,UNCERTAIN
c10633d04f9026a13375,3372926,UNCERTAIN
104c3b83259a52a14c77,3372927,UNCERTAIN
eb5f3852592723ce0b01,3372927,UNCERTAIN
761efcc7c43eb5248981,3372927,UNCERTAIN
0e292036f808236357d3,3372928,UNCERTAIN
110e35e2ff9d0276b6f6,3372928,REVERSION
3a32cb643a60626abcea,3372928,UNCERTAIN
11e3f44bb2adc67ba389,3372929,REVERSION
245d490a51442f8d96a5,3372929,UNCERTAIN
d305a0d19be3515aaf83,3372929,UNCERTAIN
8fc709408cf916b90916,3372931,UNCERTAIN
0e50e7d81d49781b0299,3372931,UNCERTAIN
a4bd8f3d90eb42f33868,3373123,TREND
4a0b81c396c63e677c2b,3373123,TREND
d60141496c42305b00b2,3373123,UNCERTAIN
8a316594ad721d764cbc,3373124,TREND
456b7172c1f0ada9d481,3373124,TREND
78efd18b7235c15a464c,3373124,TREND
6e11ee3bea012176f9e4,3373125,REVERSION
b46cb20e4e9bb8ab7afb,3373125,REVERSION
bfaf52be467af0949f90,3373127,TREND
36bea72f98bad7a9513a,3373127,REVERSION
aa7873c84764c8580cf3,3373128,UNCERTAIN
95d04099556ea3b2942b,3373128,UNCERTAIN
d932eae1f88ec981841d,3373147,REVERSION
e66a630cdc4ca30f778e,3373147,REVERSION
44c1a91930d3ecfcec2a,3373147,REVERSION
acad5ff640642bf9aecf,3373148,REVERSION
e016b07e2ca1752e90ab,3373148,REVERSION
aadefad96e559268c472,3373148,REVERSION
9f2afa0a64eada132463,3373149,REVERSION
330fbf3517935edfe2e7,3373149,REVERSION
3cf7f5efbc796bad12b8,3373149,REVERSION
86a0b88951486a1142ef,3373150,REVERSION
d79adb62c5ee962d4b7f,3373150,REVERSION
fd9653db84aa0f87fd93,3373150,REVERSION
dd04978fb359edaa9656,3373153,REVERSION
2198f0cfe71cd6f92ad4,3373153,REVERSION
464e8f161145f31c8983,3373241,REVERSION
d966e0a2440d270ac919,3373242,UNCERTAIN
820390988c633aa0b738,3373243,UNCERTAIN
8e5c5a3c8203122fcbce,3373243,UNCERTAIN
4838686f6b99489f1c85,3373244,UNCERTAIN
a4beb14f30747e038e86,3373244,UNCERTAIN
3d8ee8e24a49f82474ad,3373246,REVERSION
d0c5944dbfae19c3a6f8,3373463,UNCERTAIN
f79466356fa4c8ebe390,3373463,UNCERTAIN
65620305096daf1bbaa9,3373463,UNCERTAIN
ad80afd40bdc99101de1,3373465,UNCERTAIN
3a7f02d95bc2a58ac249,3373465,REVERSION
b1b21b3c978361858e13,3373465,UNCERTAIN
84a4981326a74363085c,3373469,UNCERTAIN
80d1d812b9a7a9b250c1,3373469,UNCERTAIN
b7cd6b8aef9044f94d39,3373469,UNCERTAIN
4f3e1e616474f3a35029,3373471,REVERSION
1b9cad51a428a772783c,3373471,REVERSION
d6d80301bb0324d3ba37,3373473,UNCERTAIN
0aadd6244484bacdbf9c,3373473,REVERSION
0e4384c9ced33534a36c,3373599,REVERSION
c4a6d60d2aa4895d2a81,3373599,REVERSION
c592c1c9ea57e3acc647,3373601,REVERSION
9c4110d47ab4ad5c5cc4,3373601,UNCERTAIN
a44477f1cc72d7c61f74,3373604,UNCERTAIN
d661150e8d040cb520b1,3373608,REVERSION
ce868532e2fcad9dbb36,3373608,REVERSION
6b33c21ad9a1fd9b97bf,3373609,REVERSION
7e37ce7eac8ef680ca78,3373609,UNCERTAIN
f69f88d6e5497bd92cef,3373717,TREND
169597fdd2821ec83f39,3373717,UNCERTAIN
e04142ea923190b5eb15,3373717,UNCERTAIN
70d0884ed8759469ae1b,3373722,UNCERTAIN
a313d12aecfdb6e28f1e,3373722,UNCERTAIN
59c9eb03011e4609b429,3373722,UNCERTAIN
fce0d086b60027500c74,3373727,TREND
c1d4c1cc8d14cca3e057,3373727,UNCERTAIN
c97f54df745eea1d846c,3373727,UNCERTAIN
99e6c5968f4857c56570,3373729,UNCERTAIN
dd0fbd9e3db9a4159465,3373729,UNCERTAIN
0689d135618d0592454e,3373730,UNCERTAIN
a9a73412478cc9b07e6b,3373730,UNCERTAIN
d9779597f064bca82a01,3373795,REVERSION
2a5bbaa24fd835c144af,3373795,REVERSION
e7cff62536462878be60,3373798,UNCERTAIN
c2b5d67fa84a942edc38,3373798,REVERSION
4c47d0796cd6ea5978f2,3373800,REVERSION
24fb326a2345550793ac,3373800,REVERSION
1d34e3e4a27e4532f203,3373804,REVERSION
82310100c46375c88b15,3373804,REVERSION
e54a3757a6023b2ce47a,3373807,UNCERTAIN
9808bccd80008eb8b50d,3373807,UNCERTAIN
78d886739e97a1693e33,3373945,TREND
32ee9b637cc1f9d708ec,3373945,UNCERTAIN
a553ce6f1953bd3ebc62,3373945,UNCERTAIN
5cc50b5ab4b3dd4a5445,3373951,TREND
3dec845b9dd1cc2b1c67,3373951,UNCERTAIN
418dc4735fe711f2fd37,3373951,UNCERTAIN
eb831e35832bf7f25be7,3373953,TREND
15a8bb16c3a73ff188ea,3373953,UNCERTAIN
c797b05d6abe63377b71,3373953,REVERSION
4e54ac0a2257bcc3ea95,3373956,UNCERTAIN
19e971cb9c266aae9670,3373956,UNCERTAIN
3910cb6c2af4f97a18cf,3373956,UNCERTAIN
e2a71e0ef26e8f3e1cb0,3373959,TREND
c27ecb67d51f5060501a,3373959,TREND
5030f03b5796d3e2b6f2,3373990,REVERSION
9c34ec2dfb941e2d433b,3373990,UNCERTAIN
7a1e27dd1d8af0adf99f,3373991,REVERSION
b7d5bebb962e95df7ed0,3373991,REVERSION
12eb2c00b52d60906dd1,3373999,REVERSION
5ea4519102dfac13394e,3373999,REVERSION
cb1e2478877eb47976a9,3374003,REVERSION
655f9762809da694c140,3374003,REVERSION
abc538747ea807d8805e,3374004,REVERSION
6be486a95e86d2331422,3374004,REVERSION
1987462451d33453cfd1,3374036,REVERSION
044bae30782a15b5821c,3374036,REVERSION
b9c170a28fb0169b7b90,3374038,REVERSION
e9898f06c1d8c76e1c81,3374038,REVERSION
5181d50b1faf5adcfcd5,3374045,REVERSION
5a6def75b9b1ddaa4d58,3374045,REVERSION
4a3b853e6e877180825d,3374048,REVERSION
8c52b1ad96a964e5b1de,3374048,REVERSION
3791cdfddaff44803306,3374050,REVERSION
d9d392d3e31b1686b703,3374050,REVERSION
271f0be66d38d8d215f2,3374113,REVERSION
f51abf454d4ea6d20001,3374113,REVERSION
82263fccfa54137d45fe,3374114,REVERSION
6997494aea4ec6f97356,3374114,REVERSION
7fdbdeae980e116e1410,3374115,REVERSION
46f81b46ec1b8164bceb,3374115,REVERSION
d03181254e5c7eb7f3b6,3374116,REVERSION
138e2ceb7e0b3e717da7,3374116,REVERSION
2101996921e5bba94ad9,3374117,UNCERTAIN
ccc150d4d78418c0895f,3374117,UNCERTAIN
89cb13b2bee4beebb088,3374184,REVERSION
79b28ce156214f9a435a,3374184,REVERSION
6ea1da8748cd421d2abc,3374184,UNCERTAIN
60d61b339140d619f5b9,3374189,UNCERTAIN
b876eb3f6966995c1ac5,3374189,UNCERTAIN
34c41b72dd2b0a59de48,3374189,UNCERTAIN
9a00aa28d84e5a0440af,3374193,REVERSION
b2eaef42a4abd2a784a9,3374193,REVERSION
298ae27f07cad285cb44,3374195,REVERSION
e20adf6005469fe4341d,3374195,REVERSION
f4f11adcce36daae73fa,3374199,REVERSION
33cc76684407f07b7f4b,3374199,REVERSION
cf084069ba0ec720c061,3374599,TREND
b1118df5a37ff5c9fc9b,3374599,TREND
b3d9f9eef748b7a14780,3374611,REVERSION
a50a9fbc72d9ce782cec,3374611,REVERSION
6026e94a891fdec8dba7,3374613,UNCERTAIN
68a9b19204e0958e9f3d,3374613,UNCERTAIN
99f8498cb160adb91569,3374614,REVERSION
6b09bc764ef3d15e8c1d,3374614,REVERSION
fd43e1599d6ae97fd060,3374616,REVERSION
1ec27c2f35c5857d73ea,3374616,REVERSION
0748eb2571ab048cabbd,3374672,TREND
1a8c94455489accc63a7,3374674,REVERSION
368737917e2b918f490c,3374678,UNCERTAIN
57dcf8cfb67e7ddcb651,3374679,REVERSION
3a4a91bc85909a116709,3374684,UNCERTAIN
48cbf047476d594d6d8b,3374787,TREND
072905e6aa048695a036,3374787,UNCERTAIN
b9aaa640da6c621e50fc,3374788,TREND
e8532bb058c24629162d,3374788,UNCERTAIN
fb80d9878c1a7cffba29,3374790,TREND
c8dfc96e84031f9b9ab8,3374790,UNCERTAIN
5d769c4bdf2cf4444c74,3374794,TREND
bb74f4e9690a052e9864,3374794,UNCERTAIN
239139c3117e4bb4b17e,3374798,UNCERTAIN
fd4f927c43491e1cc3d4,3374798,UNCERTAIN
32f92f31683d5e36ac9b,3374904,TREND
b8012adb0427b1cdb7ed,3374907,TREND
12d1edb3ea6658a1a472,3374907,TREND
b3a979bea1110986bd3e,3374910,TREND
d5bb3247709e06a13668,3374910,TREND
39f4d5b2eeb5c3dcd9f1,3374912,TREND
b72ce989fa9541351469,3374912,TREND
e1d257ce69c9d55ce0ae,3374919,REVERSION
a159627220ea6f9c7d82,3374919,UNCERTAIN
89c773bbaf462080f060,3375759,UNCERTAIN
0d250406cedf0c7bf7c3,3375759,REVERSION
72ca401ddd21216ad6ac,3375761,UNCERTAIN
77c78e491c8a19e27ae2,3375761,UNCERTAIN
2bcc248bfd718674f301,3375793,UNCERTAIN
31e5d99f999d0624ecc5,3375797,UNCERTAIN
ef169d0fff4d8a2f2a73,3375802,REVERSION
a0e449d8f5303a9158fc,3375803,REVERSION
6db689fbdecdb1e40587,3375807,UNCERTAIN
6d3c4bcfbbcca96900e2,3375890,REVERSION
2c1aa7bb565ef41729fa,3375894,UNCERTAIN
c2a976baa3bf1f769d67,3375898,UNCERTAIN
bf5bf2e5d41ec0f37dc0,3375899,UNCERTAIN
62183114fd8ab933790a,3375900,REVERSION
dfb6da4007cfd2d48405,3375955,TREND
8fe81f5061f6576462f8,3375957,TREND
74cc3864ed0f743e9771,3375958,TREND
aa768075db6aeca1d5d0,3375962,UNCERTAIN
8996c0fa66a610b83c80,3375969,TREND
fe2e08b4e83b6652d9f5,3376189,REVERSION
ac507b9aae4088687739,3376192,TREND
e3a7812ffd7620f28f4b,3376198,UNCERTAIN
03862eb412f6f46154db,3376202,UNCERTAIN
22d473e1dfea1cc4aa8c,3376203,REVERSION
f5d2ec1bf0470a875c5e,3376298,TREND
ac36723fcca83ed1ca78,3376300,UNCERTAIN
f0aa94a2a64c5d55da8a,3376301,TREND
8f675c50926c5017e1e7,3376302,TREND
53d72fd81da56aa7381e,3376337,UNCERTAIN
a6160389e037533b5ef6,3376337,UNCERTAIN
cdff3fb2548d31fcd645,3376338,UNCERTAIN
4006b0ac14af64b7443d,3376338,UNCERTAIN
1dc2fa68d898f7b5f8a4,3376340,UNCERTAIN
fef053348820fb1cdd03,3376340,UNCERTAIN
04069457e29e4ed6fc15,3376342,UNCERTAIN
f98baedb35968ca4d875,3376342,UNCERTAIN
4d81734dd33d5ca9a569,3376343,TREND
181a1b92d43f605ff2c4,3376343,TREND
0c620b3e37b8d2463678,3376489,UNCERTAIN
43792f33893de9994e7d,3376489,UNCERTAIN
9be4b820d3938d41391e,3376489,UNCERTAIN
cd4fa61e040d2c1d9922,3376492,UNCERTAIN
3a56c61d930f65295e59,3376492,UNCERTAIN
edf38756cd7048741389,3376492,UNCERTAIN
d6dc50e5c087a578f62c,3376494,REVERSION
e27286a28898e45348d8,3376494,REVERSION
76db01081a79bef79a6e,3376494,REVERSION
8cdb03bd42e30ea4cd8b,3376496,UNCERTAIN
f8b278302f5777bfcc2b,3376496,UNCERTAIN
7d2e9f3669b4bb24a9fd,3376497,TREND
a02eac19cd70faa3b6e3,3376497,REVERSION
770e2dac1e9159321199,3376560,UNCERTAIN
72bca59b77f0ceecc796,3376560,UNCERTAIN
53213bfee3e99e9b7b6f,3376560,UNCERTAIN
0b82e83b3b57f8a0e65b,3376567,REVERSION
8aa2e971f3f5e60525e1,3376567,REVERSION
6c0b796a7f956ae52a25,3376567,UNCERTAIN
689d4ac5f4a7cd78a08d,3376570,REVERSION
169c44cca596ca16a3d3,3376570,REVERSION
93ded5fd408dd36065d1,3376570,UNCERTAIN
5671c9393ace536b7472,3376571,REVERSION
80092a6204960bc5a50a,3376571,REVERSION
88b9cc89bd923a6e5afe,3376571,UNCERTAIN
f0bf8dcef7591da94080,3376572,REVERSION
4c6bf7442c438915ce62,3376572,REVERSION
e2d01dd2ddcae3af6596,3376572,UNCERTAIN
fb7e026a982e44e638a4,3376593,UNCERTAIN
0e2aa51211ca7c39034c,3376593,UNCERTAIN
958f10eca2cbf3d8890e,3376593,REVERSION
1582a54905c3934140e4,3376596,REVERSION
df227e70b6ec20c858bf,3376596,REVERSION
681abd751a36895ba227,3376596,REVERSION
2d8013210e0553bc30e4,3376602,REVERSION
1d9c8e9aa1b740faacf4,3376602,UNCERTAIN
9a711b171905836ff7d4,3376602,REVERSION
12f0b9cbf658abd3587d,3376604,UNCERTAIN
f3eec241d729d31d95b7,3376604,UNCERTAIN
402a621579aafaf26d2d,3376604,REVERSION
5451581892026a8e37a3,3376606,UNCERTAIN
46eb01ac0ed21dfd51f6,3376606,REVERSION
a0c6a94e86079beef2c4,3376606,REVERSION
146fb907a364ae6093f8,3376626,REVERSION
c322554104d8fdb88f49,3376626,UNCERTAIN
7c3b4e6b0d6eec7a16fa,3376631,TREND
43f8358b8253335a01bd,3376631,UNCERTAIN
a7b3826967864dc0acd2,3376633,REVERSION
13a3a71f194bedc9ee49,3376633,UNCERTAIN
23df2f5216e956d7c23e,3376639,UNCERTAIN
a9c3a7f9ddd7124866b2,3376639,TREND
9eae8a6c40861a71a250,3376640,REVERSION
398108aaefaf0b77ddd4,3376640,UNCERTAIN
89e32ec427d6b6884074,3376715,UNCERTAIN
2881683632e60e52f754,3376715,TREND
834a1cf8d37cd43c0232,3376715,TREND
30f673d94149dca617f2,3376717,TREND
ff242a0905e62dbb9f7e,3376717,UNCERTAIN
a0ee1a8ebf04ab720792,3376717,UNCERTAIN
721ebd1f7eaaae8ec7cd,3376721,TREND
6e1fc5711cd09d691b5f,3376721,TREND
ec75b5183325716679c6,3376721,TREND
a16dca500c8a7be78b22,3376727,REVERSION
7464e4e7e33df5742d05,3376727,REVERSION
e7ce35094f31df67b160,3376727,REVERSION
5d7efe3e3aba0e7625b3,3376730,TREND
15b1e6bcf19313837bca,3376730,UNCERTAIN
701705f5c5cc4c15d7a8,3376730,UNCERTAIN
383189c8c146b338b36d,3376823,UNCERTAIN
d17f3ec9032767fd92e8,3376823,UNCERTAIN
639cb9fcad053da444bf,3376827,REVERSION
a655f3104b6202165e48,3376827,REVERSION
3a90738465d691ccf443,3376838,REVERSION
fb8251ddeb501804c699,3376838,REVERSION
903069f51f8818dba33a,3376839,UNCERTAIN
b0ddde0c7b759d7d84e1,3376839,UNCERTAIN
fd974e6eb93c5e0a8067,3376840,REVERSION
7e7d0d93223c50e44a11,3376840,REVERSION
26d035b647290e2b5ba5,3377084,UNCERTAIN
1b597d1b6698509fc6dc,3377084,UNCERTAIN
0371e1953dc62bb6d33f,3377086,REVERSION
226a8e1cd50a9aff1b2f,3377086,REVERSION
693b58c6a3aed5991724,3377089,REVERSION
9859f8f924af3d4d9512,3377089,REVERSION
5350eb8e7a1025c43cad,3377090,UNCERTAIN
5290e62509cf48f35578,3377090,TREND
7b89c5ae7e5054b34cfe,3377093,TREND
2399778ef38398374edd,3377093,UNCERTAIN
b3e073b4c029ad4f3e74,3377485,UNCERTAIN
b7d67ea6d1341879be0a,3377485,UNCERTAIN
28303b44f3f382424fdf,3377486,UNCERTAIN
d2c2df5e54cf887cf907,3377486,UNCERTAIN
a20a00bfe585248bcf84,3377488,UNCERTAIN
9925e2b213c17504f0cc,3377488,UNCERTAIN
93f6e968ca87cd64a16f,3377495,UNCERTAIN
302406009f82effb9941,3377495,UNCERTAIN
25506502fcce33c45f17,3377497,UNCERTAIN
f4f8969d31569372638f,3377497,UNCERTAIN
95e21785dd3821095979,3377715,TREND
9928d57e00fc2a2e20bb,3377715,UNCERTAIN
7b373699f609de67c311,3377715,TREND
7561cb3b139fc4526d59,3377719,TREND
ef4d99109d45c4ae8f16,3377719,TREND
ea67c88b134d2520ada6,3377719,TREND
6da546f9074cf08f4897,3377720,TREND
53ba1144a4586233a4f9,3377720,TREND
7edd91ca3faaf02857dd,3377720,TREND
47bc39c34e2de934dfaf,3377722,TREND
9dc8ee0310c5eac70048,3377722,TREND
86354c63db6fb9d7b9d3,3377722,TREND
74ced003d86892cc4f3f,3377723,UNCERTAIN
108817924366e31af4bd,3377723,UNCERTAIN
5484d415925b3b7a6b74,3377723,REVERSION
a470d9254e42af77933a,3377805,TREND
db8a6f018c2bd035496c,3377810,TREND
37705bff40b2615168ab,3377812,TREND
608c16f3786ac54e20ba,3377906,TREND
69a09e8db9610f5cd899,3377906,TREND
549b988dc30c8aa97f6e,3377906,TREND
8f25426065935b47254e,3377908,UNCERTAIN
36a911aaa9c93dbaff7f,3377908,UNCERTAIN
78e64c717f77f2bc5fca,3377908,UNCERTAIN
99af04ce34f60840bbc7,3377914,TREND
a92047df8fdf3a745101,3377914,UNCERTAIN
cc97c60be6314268a82c,3377914,UNCERTAIN
d29f3430d1559e13ae8a,3377917,UNCERTAIN
5d35437683477deeb6b8,3377917,UNCERTAIN
b1a367b72214da59c4d1,3377917,REVERSION
e06239f4aa790447bc91,3377919,TREND
5004558ec7cd34375937,3377919,TREND
caf63cf790c3eca9bfac,3377919,TREND
cc6dea31ff42a4dfe2d8,3377989,REVERSION
3f7b604d53b0d5ca6236,3377989,REVERSION
1342f184da9caebf9313,3377989,REVERSION
cdf6352a197cce8a43c6,3377997,UNCERTAIN
4b1ed3bd46d9c217195f,3377997,UNCERTAIN
4cdfcbcbc2e5fed0be22,3377997,REVERSION
5ad27c8d89c79466b320,3378000,TREND
b1b35895afaa7b55828d,3378000,UNCERTAIN
73424e2f5cefb5f25807,3378000,UNCERTAIN
dfe1ad94fb21dc233e72,3378001,TREND
707f2d2d3a218eb004be,3378001,REVERSION
82cb2882aade6e9c28db,3378001,REVERSION
bfc40fb9aaf0055df27b,3378003,UNCERTAIN
c28c6faf441ed549ea9f,3378003,REVERSION
ccbcabd1dbc287d839a4,3378003,UNCERTAIN
a95c94ef9502c809350a,3378068,REVERSION
63d26eb471de7262b5c2,3378068,UNCERTAIN
f761eb5b9aea7797af29,3378068,UNCERTAIN
eb999a8f3534fe083522,3378070,REVERSION
3991f7693f8b03af9302,3378070,REVERSION
55a0c53447312de203b4,3378070,REVERSION
9502ab41ea8ae164d333,3378074,REVERSION
cf9af78943cdfec288f6,3378074,REVERSION
a88fe82c9955a1f27af3,3378074,REVERSION
c07fefa58cde832cadca,3378080,REVERSION
9f9f3bbbf803233f1460,3378080,REVERSION
a17ecf9047038da4206e,3378080,REVERSION
355ea7becbfb55e534f1,3378081,TREND
6d508fbe8214e9774ec5,3378081,UNCERTAIN
83b3147f2e6eb860d480,3378135,REVERSION
6d49786c6c2a274b2c7f,3378135,UNCERTAIN
96f66eb429fdf5ae6903,3378135,TREND
b442f064fedff02e5288,3378137,UNCERTAIN
02cd222bb63442210a50,3378137,UNCERTAIN
e7f364f29d1ed1c2a798,3378137,UNCERTAIN
1ad21be0c348801d6a03,3378141,UNCERTAIN
d5afdd0e248aaad94a7f,3378141,UNCERTAIN
c7d11b120fad3aa482b2,3378141,TREND
011d5170bce684c1f5f2,3378142,UNCERTAIN
7ae4aabd45298f9f0418,3378142,UNCERTAIN
a17708a9f8e084501b8d,3378142,UNCERTAIN
b216fd1b7b9feefaa21f,3378147,UNCERTAIN
adfe330689f82b6e815b,3378147,UNCERTAIN
011dfe47ead2cc8b8b5a,3378147,UNCERTAIN
9f9d7e97377e377d1f4d,3378184,REVERSION
ff30d5f14e47e2fe45fb,3378184,UNCERTAIN
8336e464dc0168d69289,3378184,UNCERTAIN
292ed3ff16f11adc6198,3378186,REVERSION
090bbe43a3bc2ace9a8c,3378186,REVERSION
fc115a89478ca3ebb770,3378186,REVERSION
84e8e521e053d1e8ba35,3378187,REVERSION
54c316f799d4b2df7e17,3378187,UNCERTAIN
89004834fa4c46963224,3378187,UNCERTAIN
9301ea66d29fc491c8ed,3378190,REVERSION
cee9acb2bec0e1c917f2,3378190,REVERSION
e78f5b0516b42f3d4e80,3378190,UNCERTAIN
b8e715b8eb9d52863434,3378191,REVERSION
1d7541e6405360eb6bb2,3378191,REVERSION
de15ff98d73bf98b38b8,3378191,UNCERTAIN
9de38a54a022fcc5ac54,3378297,TREND
d00057033af7be2b220d,3378297,UNCERTAIN
85f950d83e2c4cc31f0e,3378297,UNCERTAIN
6f64199a777d385d2b79,3378298,TREND
040281ee4bb03b4fb987,3378298,REVERSION
02e318dda78509d65f8b,3378298,UNCERTAIN
cee594a8c1e1ac112cc1,3378299,REVERSION
40b68a8bf29c456b6d3f,3378299,REVERSION
e220031a7ef640318334,3378299,UNCERTAIN
edebe4ec22a2a8df52c5,3378304,UNCERTAIN
5677e4787119b596e39d,3378304,REVERSION
c4ca19cd1618a0e4821e,3378304,REVERSION
493fbc9a2742e0becd13,3378307,TREND
c2f7b195ae73da33752c,3378307,TREND
29571624e2ed8761a788,3378307,UNCERTAIN
e03139ba2fbd1aab649d,3378570,TREND
709e08f22be94d9c9f78,3378570,TREND
d571f455beb5756204fb,3378572,UNCERTAIN
4abef0217183fbb274b3,3378572,UNCERTAIN
6015e22a8a4797450a15,3378574,TREND
5d3a248d2f9c285f5efe,3378574,TREND
3dc0ea5c7a0206fe9316,3378577,TREND
76ce2d4230197fb04b98,3378577,TREND
e5d2de857c5374fbed28,3378581,TREND
2f83a4ca186aef6febea,3378581,TREND
bc372899eb610213a5f1,3378628,TREND
b11927b1310cb5152cae,3378628,UNCERTAIN
3700a6e151357e4a7366,3378630,TREND
1b200d47fde349f6217b,3378630,UNCERTAIN
da483815d5752a77c4e8,3378631,REVERSION
c7ee9d2ad8c4fce48eb8,3378631,UNCERTAIN
4291cb18f0e2fcf4875c,3378641,UNCERTAIN
84c8b56c2f8d7305c9ac,3378642,UNCERTAIN
2daa63fa97d7ba2069bc,3378678,TREND
228a6f62e1f78785814c,3378678,UNCERTAIN
0c00ecbf614961cf0b8e,3378681,TREND
79e151a5c67bbd9a1561,3378681,TREND
fba283cc83b186e08b8c,3378682,TREND
cda3a37e049210ecfc02,3378682,UNCERTAIN
8e03e1e53e3feb263c4e,3378683,TREND
525342df8e4f6b6604e6,3378683,REVERSION
7cc908299fe3428a5428,3378692,UNCERTAIN
e588791c3a0826de348e,3378692,REVERSION
93de721e64b4e9624af0,3378753,UNCERTAIN
ebec6e7a2ffa30119ec0,3378754,UNCERTAIN
5521f4dc8e5fd471bfed,3378754,UNCERTAIN
53fe500c2f750bc21dc3,3378755,UNCERTAIN
47e50624db5153ff605e,3378755,UNCERTAIN
ef42402294916a8856ee,3378756,UNCERTAIN
2885970aaefd16d9508e,3378756,UNCERTAIN
80fa13d2a1a5129341bb,3378760,TREND
8445cbae97903687fef8,3378760,UNCERTAIN
4ca0888d5aac0164ea9f,3378898,UNCERTAIN
5895f5f4a850b9628fb8,3378905,TREND
0923d2b0e5985bfd727e,3378907,UNCERTAIN
96975f2a10bf72f9efa1,3378908,TREND
e80851ed5d2cbd6340f7,3378914,UNCERTAIN
f55ac4cbda4bcf0e8af1,3379090,UNCERTAIN
b068ffc18ac3487c1d2f,3379090,REVERSION
e3d515cbbf7ae38e3eda,3379096,UNCERTAIN
9e5c5a76ec8022c97aed,3379096,TREND
f86320002543d4ae523b,3379098,UNCERTAIN
5902f02315bfdd1cf7b3,3379098,REVERSION
976d6b66a6d326fd3708,3379099,TREND
57d2a657d09e5aa45ce9,3379099,TREND
a752f62ff72714b8659a,3379104,TREND
6c266c4a7b1434326d7a,3379104,UNCERTAIN
46e9f6c6a147e3e47ddc,3379135,UNCERTAIN
624d8b9f8708cddd8de4,3379135,UNCERTAIN
2ef765df1184580c1cf2,3379135,UNCERTAIN
a16ee925279a549f69dc,3379136,UNCERTAIN
83d67c8217e87d38b550,3379136,UNCERTAIN
ea9b542e15a21e948296,3379136,UNCERTAIN
ed87759352d2c63c97b3,3379138,UNCERTAIN
04fe1fe4c33bbea227fa,3379138,TREND
60ea6a05b90b9627a3d7,3379138,UNCERTAIN
b326555b8f8b5969e31e,3379143,UNCERTAIN
05fa4550bee334406b9b,3379143,TREND
76e652ea616786d36a39,3379143,TREND
69ac54936c14e0279d57,3379145,UNCERTAIN
81a639265995c7e8331e,3379145,TREND
49c3d0622d3e596989fb,3379145,UNCERTAIN
479e8dc5e154112dbcc5,3379405,TREND
e3ea90943d934af5581b,3379405,TREND
ef84750aa2fb40cf3719,3379406,TREND
501b76c077ef60e5007f,3379406,TREND
ffd87c3f42c221be71c9,3379406,TREND
727026df36f168c86c13,3379410,TREND
1ffb63972747a5b0879a,3379410,UNCERTAIN
63df8c0c7a1dc7bba0e7,3379415,TREND
79603bd68235374a40eb,3379415,UNCERTAIN
2eb821e9aacca46857d2,3379418,REVERSION
594ba193474c889e310e,3379418,REVERSION
447e1ab5e880835de111,3379418,UNCERTAIN
5efeebbc5e5933eab5df,3379590,UNCERTAIN
c2e26f9da887437bebd9,3379594,UNCERTAIN
c911af47d3c72c0571cb,3379594,REVERSION
174a865facfb135fb4bc,3379595,UNCERTAIN
4e78e85d7e506cf37e3b,3379595,REVERSION
d750b06289be40ea18ce,3379598,UNCERTAIN
524d9065f1019073e11c,3379598,REVERSION
afb51eec6e2b93678baf,3379598,REVERSION
12b6fadfa250eae8a315,3379600,TREND
bf4b1e72e7c61f6cd663,3379600,UNCERTAIN
1b81f860b0347191d724,3379600,UNCERTAIN
8bd56222ae2dee392a48,3379739,UNCERTAIN
f90043cf54c76400ab71,3379742,REVERSION
18f71d072e669bdcd61c,3379743,UNCERTAIN
1ee995eac8c99a98e7e5,3379747,UNCERTAIN
6bc6f2932c9840e20fde,3379752,UNCERTAIN
d61e943946a49732fb5a,3379804,UNCERTAIN
83deca2508e4c89aea80,3379805,TREND
32669571530812261e60,3379805,UNCERTAIN
00f6ef47dda3646b27ac,3379808,TREND
fad217ac10aa1a2a19a1,3379808,UNCERTAIN
030881a7d92144d1e98f,3379811,TREND
f822c7a83fbecf0ee000,3379811,UNCERTAIN
0187241510a8e252e06c,3379815,TREND
71cde417ef306ca9b379,3379815,TREND
bb5b36de2d8dfff9f8a4,3379949,UNCERTAIN
b503ea9cf942acc5dc57,3379949,UNCERTAIN
6e7f2cab4abbe2b52dd5,3379949,UNCERTAIN
18a509f6c14f38259f86,3379953,TREND
b2a192442a3b2c4087f2,3379953,UNCERTAIN
eb739e8e31f33f867ed9,3379953,UNCERTAIN
f25f2aa0161c25034d8e,3379958,REVERSION
56284aacbbff9d6641bc,3379958,REVERSION
66a9caff4af6cce76e42,3379958,REVERSION
5dbfe521ad5d8c4db57e,3379960,TREND
373f59ee5fb5e76af666,3379960,UNCERTAIN
d92a31598e0634c43705,3379960,UNCERTAIN
dec2149eca0d6f4c80f3,3379961,TREND
5ba2868f564ca6f0ae57,3379961,UNCERTAIN
e4feebc1bd9bfd666720,3379961,UNCERTAIN
c5a100a745c4944db692,3379988,UNCERTAIN
795b09e9ffacfb987183,3379988,TREND
7d4f8d2353df145704ca,3379988,TREND
7dc143766ce6dac36cc2,3379990,UNCERTAIN
0b497436e347c8efa8b4,3379990,TREND
97eea034acf7743d5d09,3379990,TREND
0d5b68b85224819dd67c,3379993,UNCERTAIN
315b195e0e88776916c7,3379993,UNCERTAIN
1887a2eecff1f530b374,3379993,UNCERTAIN
105b3cff7a2518664e84,3379999,UNCERTAIN
f488eb757c45bad92373,3379999,UNCERTAIN
f2e774656aa6dc09375d,3379999,UNCERTAIN
a9f96a9236838c55d407,3380000,UNCERTAIN
1eff8730b1482229656b,3380000,REVERSION
962f95bf835f34c7488c,3380000,REVERSION
f70e68ab5efd4822a377,3380135,TREND
1a013e74129a04711c8f,3380138,UNCERTAIN
88e55651666d23954e2f,3380140,UNCERTAIN
d708121343157f2b88ac,3380142,UNCERTAIN
eeaf4c50f810f5eef570,3380150,UNCERTAIN
aff439ee1b97420dee2d,3380184,UNCERTAIN
0a88aa72fa7a86a1f7ea,3380185,REVERSION
ca704331eb6dbf88da9f,3380186,REVERSION
d5756092f77733e44f58,3380188,TREND
b82720f50f0ec3065723,3380195,REVERSION
a7ac6c9d640c648b81ac,3380306,UNCERTAIN
9ee09dae9233b3773e99,3380306,TREND
f87f2a0e86192518b6ac,3380307,REVERSION
eccf0d2e1c815ca6d797,3380307,TREND
0de6fa0259bf44138cdc,3380308,UNCERTAIN
a79ad93c9fff2034a907,3380308,UNCERTAIN
175e78f1931f54676a0b,3380309,TREND
f7c8d51e7a93bf518c5a,3380309,TREND
54223455884624a00829,3380317,UNCERTAIN
30e72157e3c724adb7e6,3380317,TREND
96bd1dd9ca5b7071e691,3380527,UNCERTAIN
c7c999037d682b9bb47c,3380533,REVERSION
9f62486c941d8ba4b8aa,3380653,REVERSION
27a522ba11828e8531f7,3380653,REVERSION
e77ca50f47d3eefe0738,3380653,REVERSION
e8347ef74d1016dbd1e7,3380654,UNCERTAIN
0de8c4a948641ac798fe,3380654,REVERSION
1990e6722df46d499103,3380654,REVERSION
724d923aed5409697c27,3380994,TREND
ac5e04988b8b4fba0d96,3380996,REVERSION
a6fc960331a18b3bd72b,3382790,UNCERTAIN
446788a2225cf7556fd1,3382790,TREND
7776044cb4b798bc6b8e,3382806,UNCERTAIN
1fc39527d1c1c6005dc8,3382806,UNCERTAIN
17a5b2d47f95931398c7,3383624,UNCERTAIN
a6ad50587955447eec1c,3383624,REVERSION
0b5988110567542e8ce0,3383624,REVERSION
23bc9b6c786ad284f7b3,3383636,TREND
ec4659c60983cbd9debb,3383636,UNCERTAIN
5114e331fa08dfd8bc56,3383636,TREND
a9ef98c09ef49ff16fd4,3385058,TREND
c3f86e88269c947d7831,3385063,UNCERTAIN
c368166155d8a596d8c4,3385177,TREND
bd651ea48dec81e6f89d,3385177,REVERSION
25e03f50d3fe31ab3878,3385178,TREND
56f1a31de735fe306880,3385178,TREND
c4d3554041089a7a63ec,3385981,REVERSION
f99b15ad34c5063b4c02,3385983,TREND
b348990616249649ded5,3386269,REVERSION
93dbffe919a671b0f03b,3386275,REVERSION
32ae883b90de55f3b17a,3386277,TREND
caf2a2542da69550cf7d,3386279,TREND
c92f0b8f82e16ac98caf,3386342,REVERSION
3179fe856fa987b81bc7,3386343,UNCERTAIN
a6bf67bb28a4b9f2862d,3386347,REVERSION
52e83af985d3e28d0f45,3386350,REVERSION
44c3bf7d80b96da7ca74,3386354,UNCERTAIN
150ff99d58327ac9fa61,3386486,TREND
5a38ccd055b1a14106df,3386488,UNCERTAIN
3ac2814bbbb00024718c,3386492,TREND
9b7df4641b71157a2c77,3386494,REVERSION
bc9077f40b3b6cbbc676,3386497,TREND
972fd7406495383a331e,3386874,REVERSION
ea729feae3ba5463366e,3386874,REVERSION
16127328b3fc1c0d0885,3386879,TREND
69754cb6c0dff0cd9511,3386879,TREND
8182126c9c9bc8e36c96,3386881,UNCERTAIN
0fca43c1d8a854997406,3386881,TREND
39447a53f40189c2bc05,3386884,UNCERTAIN
b392f2eafa077467a113,3386884,REVERSION
07beb26e16fb651c4d44,3386887,UNCERTAIN
ab081f8dc9bf3cfbb8cf,3386887,REVERSION
d5156446fcee85dfbf64,3387871,UNCERTAIN
d9e268acceaecbea3e51,3387871,REVERSION
1f99d8f71c61695924a6,3387871,REVERSION
fdaf89a1b050b31f6ebc,3387876,TREND
75bf312d3b6f6b7042d1,3387876,UNCERTAIN
b7e565a1e6753a5137e9,3387876,UNCERTAIN
c7e40cbb6d2b90875eb3,3387881,UNCERTAIN
9110cfc66833ed5c134b,3387881,UNCERTAIN
f1316d3486f327396807,3387881,UNCERTAIN
0c4f0fa08c151f24765d,3387882,UNCERTAIN
bb341b0d6c77d8e1ef88,3387882,UNCERTAIN
d7e4ca673c75dab2b367,3387882,TREND
cf72ecedfb44e15a2c15,3387883,REVERSION
448334583e98fccaa814,3387883,UNCERTAIN
f5dde2bd4d28fa5d5f64,3387883,UNCERTAIN
dcb381305af6ce1c9a2a,3388068,TREND
76546fe3ee1615292c93,3388073,TREND
bc02de4ec51d26f9e751,3388080,UNCERTAIN
6dc202fb785b206e8a98,3388194,UNCERTAIN
67082732c4fd527c336f,3388194,UNCERTAIN
5beb2f694da3c4d9c21d,3388194,UNCERTAIN
d683c4ee35c707b8fd92,3388195,UNCERTAIN
21a51e60e59b9239af27,3388195,TREND
5746a3b8fa9787455289,3388195,TREND
a1c3780068beb65037ad,3388199,TREND
2b4fcc8c58e1caabfcc8,3388199,TREND
391cc1545e9026c408e8,3388199,TREND
7dc23279cabbfbff62ee,3388200,UNCERTAIN
320141bd7e3347ba0414,3388200,UNCERTAIN
c23aefd3c381f58131eb,3388200,TREND
3670d9e547c53daffbd8,3388202,UNCERTAIN
4c5c3de32e018e87f76b,3388202,UNCERTAIN
e9e817e0cffa7fe5c217,3388202,TREND
b492e87f6c25c7c8a6c2,3388357,TREND
1de4e63acd2202eb7602,3388357,REVERSION
9864999fe692ca532171,3388358,UNCERTAIN
e7be091deca56b4a7f12,3388358,REVERSION
a85ff9769749f4850bbb,3388359,TREND
0603c679a7649bce3899,3388359,UNCERTAIN
3ccfadd9bf2176c5ebb9,3388360,TREND
dbb6af8935496efafa31,3388360,REVERSION
4ae6647b11bb9600b0a8,3388365,UNCERTAIN
17886b0643585b3e8ad8,3388365,UNCERTAIN
f3f3bc58403d1afe7a50,3388455,TREND
7691cbeef0ab32c0b40d,3388455,REVERSION
cff2bfbe378fb5e03c31,3388455,REVERSION
3568f94f911fe68df4eb,3388457,TREND
e362f77eb862365f2fa5,3388457,REVERSION
bc08c5a355ec705dec27,3388457,REVERSION
77e9425f15294c696d18,3388460,UNCERTAIN
8d96edb1ef2329505d1e,3388460,UNCERTAIN
aaccb6639d2e0d754345,3388460,UNCERTAIN
4a4536b44059a76cecc2,3388463,TREND
224fcdf21539ca6070c3,3388463,UNCERTAIN
b1bf9350eef8885a0c71,3388463,UNCERTAIN
a419bc98ec25f096a878,3388465,REVERSION
2008bf7947b69a5da9fc,3388465,REVERSION
060387f23738a56fabb8,3388465,UNCERTAIN
a2dead37a5123c4604f4,3388997,REVERSION
b83d83b010f82792e40d,3388997,REVERSION
bed17cda73ccf4f76118,3389000,REVERSION
dc205cc29bb85b1d5e41,3389000,REVERSION
721af88299add08691de,3389001,UNCERTAIN
ae9fb302eaf8e538a6f3,3389001,REVERSION
cd0618e9c64ca6366a0e,3389005,REVERSION
408d812bf61c8ee474ab,3389005,REVERSION
418659f9348dfbde054f,3389006,REVERSION
fe5fcb5affd5f17194fd,3389006,REVERSION
495459fae73af58ac267,3389528,UNCERTAIN
1b2c69e6431e686c80c8,3389528,UNCERTAIN
f52399da473d77f3b4ce,3389528,UNCERTAIN
4149d907d93210baea3b,3389533,TREND
156bf6c4ce441cc78b37,3389533,UNCERTAIN
9739753a10b09da0a5b3,3389533,UNCERTAIN
238f27e1a489c9a5f4b6,3389536,TREND
27791bc91c60ced72c85,3389536,UNCERTAIN
121945963059dc7c9511,3389536,UNCERTAIN
ddba9889171997d1aae8,3389538,UNCERTAIN
7c7321d938a5a39dd135,3389538,TREND
6bdce10d31af44b83b82,3389538,UNCERTAIN
b1d03fc243c27f6e4655,3389542,TREND
d643a804210425072715,3389542,TREND
72b12918b1cda299d8a0,3389542,TREND
b2cfa434dc0c71df45e2,3389615,TREND
d97c742664e030b3af0a,3389615,TREND
387fb6a39b937090581a,3389616,REVERSION
229fbd697b6a33c5ca2d,3389616,REVERSION
cc2317442cfbf8d12878,3389618,TREND
496464ace6c48f0b135c,3389618,UNCERTAIN
a64d6211f6ee0053394a,3389622,TREND
f9d70307c002658f3487,3389622,TREND
19d2ed1a2444242c537d,3389623,TREND
d19af643988d007e7205,3389623,UNCERTAIN
be7de43d52351f343173,3389711,UNCERTAIN
619506c7c6ef574d4f0f,3389711,UNCERTAIN
8800cdadae0a42ee4178,3389713,REVERSION
cd9fba3a74057a4d31b0,3389713,UNCERTAIN
66b41ef3300a4fab2213,3389722,UNCERTAIN
634be2d1d744a96d6b24,3389722,UNCERTAIN
ca7cbfcbe0f4ed02ad68,3389724,UNCERTAIN
9ba8443d373fb941fb51,3389725,REVERSION
310b32a462dee41aef3f,3389845,REVERSION
a636169eb4bc97273c60,3389845,REVERSION
44e6397810ff4e346c52,3389850,UNCERTAIN
cf3b260176cadbdfcf38,3389850,UNCERTAIN
75d7c44f95a27b839e29,3389854,REVERSION
526efc9d08aec2174cb9,3389854,UNCERTAIN
6197431b1368cbfb489e,3389856,UNCERTAIN
df0445ea6369c398f5f8,3389856,UNCERTAIN
5fdb177a69ac5e32f409,3389857,REVERSION
1a15f701c987d77d9b07,3389857,REVERSION
9540d4011739c71cc1b9,3389955,REVERSION
66347e20fc8c45e01b9d,3389955,UNCERTAIN
8a1b4fcf52f9838bdbd9,3389955,UNCERTAIN
407383cc1c25457c30a0,3389960,REVERSION
743bbd70f8e6371c7af5,3389960,UNCERTAIN
ad08289636a5a7439038,3389960,REVERSION
4bce60ab39b3d24663f7,3389962,UNCERTAIN
0864fc8aec7c93420b6b,3389962,UNCERTAIN
711bdc0e9f2b0e5badd3,3389962,UNCERTAIN
5cecab36c22468d285f0,3389967,UNCERTAIN
28a6f17a8c2f4b9a0259,3389967,UNCERTAIN
203d55b485ba7f0fb034,3389967,UNCERTAIN
413984689643da7678be,3389969,REVERSION
d0162864d557d8864947,3389969,UNCERTAIN
4691f9c910611f9d0309,3389969,UNCERTAIN
1afd51524ed0a00acd5f,3390128,UNCERTAIN
0ee1a8737b37b45bc51f,3390128,UNCERTAIN
00a78eedebdcb01fe129,3390130,UNCERTAIN
bdb338fb965b52bad390,3390130,UNCERTAIN
7f7b5518ced865e5d3f9,3390130,UNCERTAIN
79f1f85e2d5d0b9b2e87,3390131,UNCERTAIN
a49a4f624282202f83b2,3390131,UNCERTAIN
8f79d4a676e7b9bf4dde,3390131,UNCERTAIN
8aa01304f0b323793941,3390135,UNCERTAIN
f458032874130fba000b,3390135,UNCERTAIN
b4049bff898667c808d3,3390135,UNCERTAIN
62316618e88a7fdfaa78,3390138,UNCERTAIN
58fca58a15775ad9faaf,3390138,UNCERTAIN
cf395337be2cc7e99590,3390138,UNCERTAIN
2b7c29b011a460b3a59d,3390725,UNCERTAIN
cc6046c7d78f8ca5ef33,3390725,TREND
e16e17660dc8b7520a65,3390729,UNCERTAIN
48597dab86bb80de6739,3390729,UNCERTAIN
6b3269bc056ed59aa9f7,3390732,UNCERTAIN
c6dc609244b2a213637b,3390732,UNCERTAIN
3d1b9efea614d912906c,3390734,TREND
7b41e48d660422eb25ac,3390735,UNCERTAIN
81131a9e7de306599f36,3391003,UNCERTAIN
9cf9291d5c006857aa42,3391003,UNCERTAIN
28583cbb9dbdc304a4eb,3391004,REVERSION
338c4fbd53eb9cc456ed,3391004,UNCERTAIN
955b9431686bf7db601a,3391005,REVERSION
4b4525e96c6349f20557,3391005,REVERSION
b3d2925921c0f4e8c999,3391006,REVERSION
bda939ccf69d4c5a6dc9,3391006,REVERSION
a148457939d848da931a,3391007,REVERSION
bfc90ffc320af3bdf00c,3391007,REVERSION
da492ce289d0fab15af7,3391050,REVERSION
eab955b7875234b21ed6,3391055,TREND
4504d73f2e93fb7a04b4,3391059,TREND
c8352669e1b25eee1f2a,3391132,UNCERTAIN
72f433023ccbc0cc80a4,3391135,TREND
a91e0ed5bd6ee47d402e,3391135,TREND
fb89f0b7be86b38caa84,3391137,TREND
a44e9171726d7d8a4ccd,3391137,TREND
cabb6d3cb5d97cf33708,3391139,UNCERTAIN
24eff338acdcd26bc5ba,3391139,TREND
6be6b2e2a26eda0feefc,3391141,TREND
d213044ecd65ff6fcbf5,3391141,TREND
5046740f7abccbea54df,3391209,TREND
051e24234bb17a31a165,3391209,TREND
ed757fd08d17da2988fa,3391209,UNCERTAIN
d1fecb313d84d39f122b,3391210,REVERSION
b489e39cc4b8ae92c74f,3391210,REVERSION
58787e4d798c62d41706,3391210,REVERSION
5129203236eda5813cae,3391213,REVERSION
404fbc997ea2f91d8d2a,3391213,REVERSION
9fa133f96309ddfd3c74,3391213,REVERSION
a84a2a3773fecc47fbc6,3391215,TREND
6f0c06e704030aeae6dd,3391215,TREND
9b83f27a4198c067856c,3391215,TREND
85a5f029833f753f3ea1,3391216,TREND
76ed4082316e9a219ee7,3391216,TREND
92c95a2b19f3166ca631,3391216,UNCERTAIN
a5f39c39ac5a6333c3d4,3392362,TREND
39b1429ae90e828ae386,3392362,TREND
9aa479f1275550856abc,3392365,REVERSION
c5dd87922f1d322e17a7,3392371,TREND
1af5dcb6220a43b6afd9,3392374,TREND
847c9b814bf02a0acb8a,3392493,UNCERTAIN
e8f17e75ce3e0e97e666,3392493,UNCERTAIN
48ac1ce1c8fa7bae6284,3392495,TREND
74e54313387ca29650a2,3392495,REVERSION
d2f43dd6f8d032b9935d,3392500,UNCERTAIN
f722edce55fdfe4e0923,3392500,UNCERTAIN
e54ec5ebeae1f8d09590,3392502,TREND
6382eb04e68989a793b2,3392502,UNCERTAIN
9db9053c8e2d75ec5f57,3392506,UNCERTAIN
f77f128a215bb10474ee,3392565,UNCERTAIN
46d259f082c1a394c739,3392565,UNCERTAIN
b6a515282a67447e3403,3392570,REVERSION
ec0622ab8197611bdd52,3392570,UNCERTAIN
c10133febcd674a8e5cc,3392573,UNCERTAIN
57fb1d3e89bceebb5705,3392573,REVERSION
523c06ebacc456e4495e,3392576,UNCERTAIN
4ebad342362c57627f13,3392576,UNCERTAIN
f8ad7cab987ff1096b9d,3392579,TREND
c440abf356a0a1a727a9,3392579,TREND
77e64796d22ca3812403,3392638,TREND
8108f041fc0129a6e5bc,3392638,TREND
66915886a1eda6a96d89,3392638,TREND
9f076022df5a6825ec67,3392639,REVERSION
b19614baac65ec3720c9,3392639,REVERSION
e289085ee11a96e435d1,3392639,UNCERTAIN
120918e4b9ca99d4b8f9,3392640,UNCERTAIN
ef93021c986b5266f7cf,3392640,UNCERTAIN
f7fddc0e82357c4ce955,3392640,UNCERTAIN
306faf913ca2c21af35a,3392646,TREND
52bf3549d85feb9f7c61,3392646,TREND
cf17931bef1042e0ce9e,3392646,TREND
bc7f6883949af67ec1cb,3392648,REVERSION
28ddb9c5de310eeff4e6,3392648,UNCERTAIN
e34f13f6b5330db7d462,3392648,UNCERTAIN
c3fcc9326642b012ac42,3392685,UNCERTAIN
3d0d1703725e2cba2b62,3392690,UNCERTAIN
b25091128b2c9cbeca13,3392695,UNCERTAIN
796ec5b7fbf550042781,3392696,UNCERTAIN
2c5e1fe422902ed98453,3392707,UNCERTAIN
23a9aae466c040aa79af,3392806,TREND
eb578cec4b4f0ef5e85a,3392806,TREND
ea0cf0baa90829c046cc,3392806,UNCERTAIN
a0e14389b46d598213db,3392808,TREND
b50f2c9abfd329c23884,3392808,UNCERTAIN
bf92fafd50c8b6c195f7,3392808,UNCERTAIN
9210e782ea20d169f8a0,3392811,TREND
4bc6d30b5aa11fad3b17,3392811,UNCERTAIN
1b81db36f1d3ab58a9bb,3392811,UNCERTAIN
c5d544c402e59eed39fc,3392812,TREND
d8e7477df9de2f8a59ee,3392812,TREND
0ca79a36cc55114b6c49,3392812,TREND
7348922a51a9997730ae,3392813,UNCERTAIN
78a9be211003cd3231e4,3392813,UNCERTAIN
ffdc76b0fe3a0e300ebd,3392813,REVERSION
5ab470e5b1869729c28f,3392923,UNCERTAIN
86a74052d05db55d79d5,3392935,UNCERTAIN
db2920dc1f11df3cf3eb,3392940,UNCERTAIN
531e74a90beedb61414f,3392947,REVERSION
3e3fb38d4fca2ab6eb56,3392949,UNCERTAIN
d3e42d05169b8e3c25bc,3393023,TREND
ea202f83a96f6a7c7a16,3393023,TREND
8f072e71b73739217f9a,3393026,UNCERTAIN
e8872daa6bf47cc4fc71,3393026,REVERSION
69d61d4db4199503e797,3393027,UNCERTAIN
3d527a80b29371624469,3393027,UNCERTAIN
aa82e10e24ab1eda5750,3393035,TREND
752e7eabb26d279ea023,3393035,UNCERTAIN
85e0061e91478c8327f0,3393036,REVERSION
ab3cb42a85395e9257b4,3393036,TREND
70dcb7cf191c1934f8ee,3393337,UNCERTAIN
6e98dfbd50e2e504193a,3393337,REVERSION
ba8967c3144b71a0471e,3393337,UNCERTAIN
ae57e1f7bb288d4c37bc,3393339,TREND
0f430b393d5d438559c9,3393339,TREND
b391a6ae5cc674665f4a,3393339,UNCERTAIN
d491de32846ef08ac614,3393342,REVERSION
a5086ce746aa71d4a37a,3393342,REVERSION
8bb1c699cb572c9b3ea3,3393342,UNCERTAIN
5c62bf069727eb2ab07c,3393344,TREND
6224baf0b5ff9032ec2e,3393344,TREND
85bc7654689d58c927c4,3393344,TREND
b9debad64f22ad765b66,3393347,TREND
17a79ebcafe7a2e1f87a,3393347,UNCERTAIN
91d07879fc15213eb3c4,3393347,REVERSION
69cae1822bcc969be6dd,3393385,UNCERTAIN
9947d74ba3bf47e06393,3393388,UNCERTAIN
5e01d6e3fe7fea54e48d,3393389,UNCERTAIN
534531e04b69d0ecd1a9,3393389,UNCERTAIN
c5bd88355daa65edc568,3393390,UNCERTAIN
05263977f0cdaadd8a2a,3393392,TREND
d0c6257857d1130332d1,3393392,TREND
c8b6a5bd0b809fc13edb,3393472,TREND
cbabb84d49cc8c3ec816,3393479,UNCERTAIN
4aed6225db858a64d8df,3393479,REVERSION
a2cb9e8add2c1ef88ee8,3393480,TREND
bc0b1f7a9f6377a313cc,3393480,UNCERTAIN
dd30172062c997c12120,3393481,UNCERTAIN
bc14961cc85548788c7f,3393481,UNCERTAIN
50ad71c195992224f37a,3393487,UNCERTAIN
2782b162836192059548,3393542,TREND
357ee9a68ad3edaf952b,3393542,TREND
468fb79639297a6645ee,3393542,TREND
e582c9e26d8776245fb7,3393546,TREND
5e0b561839f8680d66bb,3393546,TREND
286af8021c3c3f52bd9f,3393546,TREND
455100a20e8e8afe0370,3393552,TREND
eb12fdf24306b63b2d79,3393552,UNCERTAIN
8db269750ee88c07ceb2,3393552,UNCERTAIN
22ed035619768dd4ecfa,3393554,REVERSION
26e95a4a5e3b300987b6,3393554,UNCERTAIN
e73ef0d736a420c42d7a,3393554,TREND
130839f71f400907fafc,3393556,TREND
8875bc9bec7abf3b08e5,3393556,TREND
947b445f45beda772ec1,3393556,TREND
081cf9045db44480e3fe,3393590,TREND
c2b50274dbfcbd1e424f,3393590,UNCERTAIN
a701a7582297b657b182,3393592,TREND
6fb4688753994d8301c3,3393592,TREND
48fff04fd0afab7a5748,3393597,TREND
d108342e7357b6fc9e85,3393597,UNCERTAIN
f2e14d3ff31361866862,3393600,UNCERTAIN
fdf6f0ebae421461ab81,3393600,UNCERTAIN
b3f9f230a0c3b1ed0321,3393602,TREND
229507d5ca4b4f05bc5a,3393670,TREND
9ba965c0cd40079b3dc8,3393671,UNCERTAIN
7f341e2d6a20f5ac250b,3393751,UNCERTAIN
8b254323074a0fee9c04,3393753,UNCERTAIN
b958448e22d70a778b5e,3393755,REVERSION
0b9f2dd87a7f4bf986e1,3393756,UNCERTAIN
bd93bdf297efb0e22918,3393763,UNCERTAIN
64f6d9a2f4ec03e1fe1d,3393847,TREND
1d0f353189146abde720,3393847,TREND
39ff55f8755b2ca4eb93,3393850,UNCERTAIN
a4924f15269d8b76ad3f,3393850,REVERSION
db6bac051d190382834b,3393856,REVERSION
5cf6f94c4660b0ad0790,3393856,REVERSION
f460b025148197dd7b71,3393859,REVERSION
47f4cd75f36ae91531f7,3393859,UNCERTAIN
c3cbbbf7eb351cc76e32,3393862,UNCERTAIN
08759023bfdf814bf21d,3393862,UNCERTAIN
3f7032dd754a752204cc,3393893,REVERSION
cc57441af9276b9bf399,3393893,REVERSION
0b4a355d2c0187c90461,3393893,REVERSION
4f8a915192e53d115ba9,3393896,TREND
13508243775728a3bb51,3393896,TREND
a556b4349177b7c0e33d,3393896,TREND
80965936e8b58df0af23,3393905,TREND
3258c3a076799f72af72,3393905,TREND
0c972d9778deacb125ba,3393905,TREND
3d8d89136c8281771284,3393906,TREND
af2c259a6dd62edb790e,3393906,TREND
cd9d2b14e38b4eef3952,3393906,TREND
e6b4c605b9ce511beb81,3393907,TREND
4d5cc57c89ce21e79cdc,3393907,TREND
66cead7c32e2148d5214,3393907,TREND
7e58c87b206af105da60,3393947,TREND
02a4b7186e9d06ccd7a9,3393947,TREND
ffeb190f2361515de676,3393948,TREND
07cbfe5877771e6ffbb2,3393948,TREND
fef107fed9108d6d8eed,3393954,TREND
7699ec2b806af517bba3,3393954,UNCERTAIN
50e71627586d220106bb,3393956,TREND
4d863cc2153a45d8e6b0,3393956,TREND
3c86f765fe37e57542c0,3393958,REVERSION
448a547b6fa6701fe2d2,3393958,REVERSION
e7b1fc5229ac4f18fa90,3394137,UNCERTAIN
2c7d107441874f215072,3394137,REVERSION
98979a655b3f17ecbbaa,3394137,REVERSION
72f0cd4fecd5375b4eaf,3394139,REVERSION
24d621456a1a7212fcf5,3394139,UNCERTAIN
10fba807c7a82894ef0d,3394139,REVERSION
7672bde5b4fc6379aee7,3394140,UNCERTAIN
eee7c94c0aafcd8a1059,3394140,UNCERTAIN
34f8b002110c90bc865d,3394141,UNCERTAIN
a2f0280c6750e87f441e,3394141,UNCERTAIN
b3eb2f8af46dc0c240a3,3394141,UNCERTAIN
f6721cd9588317a84082,3394145,UNCERTAIN
14a56d68c09b2bf2ef3a,3394145,REVERSION
cc3777b122d841939900,3394145,REVERSION
76d5e7b55853995e27cc,3394662,TREND
ae9804b7ff25902fd32a,3394662,UNCERTAIN
e259e8bc26028209d66c,3394668,UNCERTAIN
9c8e17c0544981969d95,3394668,UNCERTAIN
b545a63ecf6d8573df6e,3394671,TREND
3d93f8c819c2d77e00d8,3394671,UNCERTAIN
c8c7991167b8384621c7,3394678,TREND
c3ed813f685b8ffb0e0a,3394678,UNCERTAIN
b146e74af25b67fa2cd7,3394682,UNCERTAIN
55e5a6a9bdaac49d64e6,3394682,TREND
a8e59edc10a6a7d1e5fc,3394715,TREND
aa203d61cf830c7bb1c7,3394715,UNCERTAIN
80c500195f045cb3d031,3394715,UNCERTAIN
240d57fa1aede44751c7,3394721,UNCERTAIN
6854e9a191d9224cf544,3394721,UNCERTAIN
10f6ec57fdf362adb5c7,3394721,UNCERTAIN
72384521398cbee3cc27,3394722,REVERSION
3c0cc791fd693f0c6bc0,3394722,REVERSION
fdfb47f5c35fc7d4960a,3394722,REVERSION
850132007efea95d8e4a,3394725,UNCERTAIN
495229530caa28f034e4,3394725,REVERSION
d3f55229a7e8889c60a8,3394725,REVERSION
b61319c79db13fdb8c6e,3394728,UNCERTAIN
2ed3e678a2432f06ce61,3394728,UNCERTAIN
41a17c2fef5d0cdff801,3394728,UNCERTAIN
faf7d56ec8f4a938a692,3394868,TREND
3e0f023f467e532224a6,3394870,UNCERTAIN
3b3335eec1dcd7718fd6,3394871,TREND
3568664461110aeb8285,3394872,REVERSION
e897e6dd4c55a3d40f41,3394879,UNCERTAIN
6c988ec8c8fe6f3558fb,3394999,UNCERTAIN
4c507cfd34898ad36b52,3394999,UNCERTAIN
710eee7942b0c966c727,3395001,TREND
211a0d745d6421932095,3395001,TREND
ceb9c04e7093012e17c0,3395005,TREND
91dcd4651b0773b42c8f,3395005,TREND
4ce24ca49ac36fa9119b,3395006,UNCERTAIN
d8e6e56fc3ce7404640f,3395006,TREND
28b642c89d7ebaeb31b2,3395009,REVERSION
ec8eec27b16ac3128d94,3395404,TREND
3ee309bc7576ec743140,3395404,TREND
af46e174e2729632ee6c,3395408,REVERSION
e1e24d93d172205bb668,3395408,REVERSION
5a4f63ab4b2f953b4fd7,3395411,UNCERTAIN
9634f5c7dc75eeabfdd2,3395411,REVERSION
0ecba077c8d3187d7a73,3395413,REVERSION
80bded08601e67491319,3395413,REVERSION
3115c53de34f313a5dca,3395419,TREND
1788b006e09f09e9a945,3395419,UNCERTAIN
40b68c17994fda9e6fbc,3395446,UNCERTAIN
ed65ef58bc0378904305,3395449,TREND
934d62d8f7f240f662db,3395453,REVERSION
ea8452bfa829ea2c1c7e,3395458,UNCERTAIN
146ffb57f26bf222377f,3395459,TREND
ca1d0488a5b5b7f6c1d4,3395594,TREND
2dc66da94e04db6b1f3f,3395594,TREND
41f27813c5c87635fc91,3395594,TREND
b56500caf6a65dcd655e,3395596,TREND
4246ad76427079e400ff,3395596,UNCERTAIN
b805cad9eaacadbe63df,3395596,UNCERTAIN
679686aefd5d7cfe03bf,3395602,TREND
cf7f2c573332522a05ad,3395602,TREND
0079c074ae2adfff349d,3395602,TREND
b3bfe3484317c6fe52b5,3395604,TREND
0c5610fd510e7e1e9ce0,3395604,TREND
59c46e2680d529a21562,3395604,TREND
c78188a16cd5f7add83a,3395606,TREND
9954ce70048fc99ad967,3395606,TREND
a352c2e5a5285bcdb586,3396189,REVERSION
97c718d2566890cf532b,3396191,UNCERTAIN
2da5c5c4be344883dba4,3396192,UNCERTAIN
bec7fadcd48f9ddccb4d,3396254,UNCERTAIN
2d6eff11eb64afd8df44,3396256,UNCERTAIN
694b7eda84d3bc5ce5ed,3396260,UNCERTAIN
8c45fc6d3e038cbe6a69,3396262,UNCERTAIN
0527f1c31a39297309e4,3396263,REVERSION
8bdbc7c66683e6374ee3,3396471,TREND
7a84ecaf5243bfb89281,3396474,REVERSION
27a5bcb9dd03469e668e,3396479,TREND
b0ece80f11450fbbe1af,3396480,TREND
972c050586458c8b940f,3396484,UNCERTAIN
00ec8da2fe91133ceec6,3396547,REVERSION
4e0f52b027b92b2b244f,3396547,TREND
05e3dad2e3cbfaa524a4,3396549,TREND
8dee7701d830bbf4d664,3396549,TREND
cdce299eda3649530b5e,3396557,REVERSION
2cda59901aea26665de7,3396557,UNCERTAIN
9eff1b7e25b15c966b00,3396561,REVERSION
c0d9bf01397ee9febebd,3396561,REVERSION
2f17e992e47fd62c76d4,3396562,TREND
c4bc5bf5d78159f9aa64,3396562,TREND
50a82089cf876c2cfe73,3396618,TREND
3390d228f55255958c9a,3396621,TREND
7d1d7b7040aeb914d54f,3396626,TREND
491e4866958f45e5c65d,3396627,REVERSION
0edec9832076efa7fb5d,3396630,UNCERTAIN
43612b8645926d5dd5bb,3396699,REVERSION
bb46d8a1a2b3da32a215,3396699,UNCERTAIN
1ff77d3392da9c5410b0,3396699,UNCERTAIN
37387fbfe9f8eddc57c4,3396700,REVERSION
8e950a7ac6cbf906701c,3396700,TREND
c0de5c3dd391f6125585,3396700,UNCERTAIN
76dbeb0caa9fadf84851,3396702,REVERSION
5a74204e961e0d350258,3396702,UNCERTAIN
22dec8b393a4a28bef96,3396702,REVERSION
e76a4bbca3aa8d6baa00,3396704,UNCERTAIN
a6a67265e390ccde4caa,3396704,UNCERTAIN
9990b7966dc4d1c08dc5,3396704,TREND
0cc88dfd9082c25c2808,3396710,UNCERTAIN
1dd114f44d4174a47ce0,3396710,UNCERTAIN
e740fab775d433fe8684,3396745,UNCERTAIN
5317c6b7eadb735ddca8,3396746,REVERSION
599f2eaf664f290811a3,3396749,REVERSION
3ebbca193e43e86398a1,3396753,TREND
017a8ae70c618391f6ce,3396754,REVERSION
250bc35ceb97fe83a2da,3396882,TREND
7e38f42d0c2988d34c4e,3396882,TREND
e44a19053bdbbe7aca74,3396883,UNCERTAIN
1e14233e0ca9e1f2f6af,3396883,UNCERTAIN
de08c5f954a6a2996000,3396888,TREND
4aa4f48fce0bfd50d9a2,3396888,TREND
945b52be2664f2b4de8f,3396889,TREND
8ac49b652c94602b8479,3396889,TREND
c0683a2c4413f236a324,3396891,TREND
bdb11409a6ecf9e5a0c3,3396891,UNCERTAIN
5fcddee104174bf7af6e,3396952,REVERSION
b83977f5666dc628ec0e,3396954,UNCERTAIN
7ddf9bf60a70b94aa0e9,3396959,TREND
3a8ad9208d71493e3ae8,3396960,TREND
43c40cfaafcba9c22f55,3397109,TREND
b3e7dd75ae2197711955,3397109,UNCERTAIN
d096f2ae7c5f2a10c169,3397109,UNCERTAIN
407dbbcf1a82352c5f3c,3397110,TREND
2d2b3f505d45f6855bef,3397110,UNCERTAIN
896697657737118316af,3397110,UNCERTAIN
fd24cdfc7d285ccc8aa2,3397112,TREND
f386356ec0f5b4066045,3397112,UNCERTAIN
9c33314d4238a731e427,3397112,UNCERTAIN
582506a79590ae664238,3397120,TREND
7a54a6b6f7b10b839bc1,3397120,UNCERTAIN
218af20510e55bbb1fe1,3397120,UNCERTAIN
5f9cbf85e9aef615afdc,3397122,TREND
cbcb945ac35cf304a1e4,3397122,TREND
fa07e04e5049a15b7534,3397122,TREND
be1707049e588b5dee34,3397255,UNCERTAIN
857f067be48948d69fc8,3397255,UNCERTAIN
5ff48ea9d7d367ad8c10,3397257,UNCERTAIN
1b575eaf6025b727dcc7,3397257,REVERSION
2b962de531914799178c,3397260,TREND
58fc6f00fcc39f28659e,3397260,REVERSION
a548c15ac9d522eecd27,3397263,TREND
d7a15a08a195e479e349,3397263,UNCERTAIN
4d712bb6c470dcfffb9a,3397268,UNCERTAIN
cf598dcd8df192e426cc,3397268,REVERSION
2efbbcf92b4d177bc8ed,3397316,UNCERTAIN
6252e3301fc23084a844,3397316,UNCERTAIN
f8c104f7b514b013e665,3397317,TREND
c2b6f8815c6ba26e0dff,3397317,TREND
fe7789f4ea16d35c4f52,3397317,TREND
31953b9d8b6164ff9598,3397321,REVERSION
eff2795d26e9c8c91aea,3397321,TREND
f3573086fdffc0fd3398,3397327,TREND
51506159e9ba54ace0cc,3397327,TREND
030e01b0e065698c044c,3397328,TREND
53d6db2b1cd5f9abdd2e,3397328,UNCERTAIN
ef9d2ec862e20262c0a0,3397355,REVERSION
3c61cfd88dabdb876840,3397355,UNCERTAIN
d7c664ad79f49a16194a,3397355,REVERSION
d4deb3e03084de6f2ed4,3397358,REVERSION
7a685ca03a7b7de93e8f,3397358,REVERSION
6594e0ed63c81030b3db,3397358,REVERSION
52c1ab222f4ac7cec7ad,3397362,UNCERTAIN
8b9336e701eb833444a7,3397362,UNCERTAIN
ed66d13b44d57687fb72,3397362,UNCERTAIN
9ef04e7d2e0321059382,3397363,UNCERTAIN
4df763656170e76da267,3397363,REVERSION
ea5c5a970a29fb7e6561,3397363,REVERSION
b7dcf8659063f0ea087f,3397365,TREND
f47814e4acbdcf813ce1,3397365,TREND
fa2c88df5de22099700d,3397365,TREND
c92ae31ba62978681692,3397437,TREND
b51f3fe025027307079e,3397437,UNCERTAIN
b21108badc851f15f98c,3397439,UNCERTAIN
bbed2b337db4ac932d90,3397439,UNCERTAIN
6841a2b560aab89fa443,3397440,UNCERTAIN
5bf5d423f03ac67c4d61,3397440,UNCERTAIN
d2b822b9d3eca6662e3f,3397444,TREND
ffbbbf79606a0b0cce6d,3397444,UNCERTAIN
65675dc0da9a3993e69e,3397447,TREND
65b6dfdddbee4c0f64e2,3397447,TREND
e9d761ce82aade920e7b,3397511,REVERSION
89b1164944bdb62d1f1b,3397511,TREND
884b6746859bedf82cac,3397513,TREND
86f8c8f36e40664c18d6,3397513,TREND
599df81e438f4d1db6f0,3397516,UNCERTAIN
af5a9c990ceea6e96370,3397516,UNCERTAIN
46dcb32b226a2d5cd67e,3397517,UNCERTAIN
a1fa485d281c07e394d5,3397517,UNCERTAIN
e806d087da67a09cb06c,3397520,TREND
463b8f4b681e847fc8fe,3397520,TREND
47279a1b018b9d9a7d5e,3397580,UNCERTAIN
6e16e0b6ee336da7b08a,3397580,UNCERTAIN
ee6a6c3f1ca07f7c1c74,3397580,TREND
2b66bcb54ee05f125555,3397584,TREND
6ec9dad6328e5ae8f9a6,3397584,REVERSION
b16f8999319f9c5049d9,3397584,TREND
4a07c227038dcc0290e2,3397586,UNCERTAIN
571252087c4e923a8794,3397586,UNCERTAIN
e48605e8d935b72073cd,3397586,REVERSION
6026a2b4e8658b58b2e3,3397587,UNCERTAIN
791e11df5e9a6e2dca69,3397587,UNCERTAIN
bce5c182fa420beaada5,3397587,UNCERTAIN
92db9968c7767f813c1f,3397591,TREND
829152e807a7b890f9a9,3397591,REVERSION
52aba7b2c4935b37f112,3397591,UNCERTAIN
8fbe667a01e74f693cd5,3397624,REVERSION
cbde3e4709e6eb8f266e,3397624,UNCERTAIN
a4d5fa63cdb96b73138c,3397627,TREND
f626072eecaf1f3364c7,3397627,TREND
5914be4526443591a517,3397629,UNCERTAIN
eccd92480da05db958d7,3397629,UNCERTAIN
c9a96fd8bc3a7eee933e,3397631,UNCERTAIN
1d0ce4e6f6f103d6ce70,3397631,UNCERTAIN
d55e47a6d7f057a8d63c,3397635,UNCERTAIN
09305ba3fb17c8af2a76,3397635,REVERSION
ba0770d1c8f592c26a58,3397745,REVERSION
4d6b24e035ca93593b4d,3397745,REVERSION
3a22807520d71b0980a0,3397749,TREND
7439fc3e27512e6b2b8a,3397749,TREND
6078ad6d6397f79cbb76,3397750,TREND
b01e1c95e1a29b718d65,3397750,TREND
9c3e4eda83ccf502fd81,3397753,UNCERTAIN
cfca7ab51832092efa89,3397753,REVERSION
8eb19007d5ced6c031b0,3397754,UNCERTAIN
00b86b69a8a088af4683,3397754,UNCERTAIN
cc3a8906207547b84a15,3397917,UNCERTAIN
d7622c709062dc6ad652,3397917,UNCERTAIN
28d64e2a3cc1c80ffc85,3397917,REVERSION
7315b6644b34828875b9,3397923,UNCERTAIN
1a4f010736349deddd26,3397923,REVERSION
31cc3aee9c6260f55bae,3397923,UNCERTAIN
863001d72dd64e62e1c0,3397926,UNCERTAIN
a1e3c9b809bd134eee4f,3397926,REVERSION
edbbb6b4da776b4699d8,3397926,REVERSION
03dd4dc7b02abc6659d9,3397930,REVERSION
1c0b3df0c1bd0eb29454,3397930,UNCERTAIN
e9ec565fc5ac113d070b,3397930,UNCERTAIN
64216104266204a8b4a1,3397931,TREND
db98997438038c7c80f9,3397931,TREND
4b502d99e78fb038f9d0,3397931,TREND
a433fba5666973c110ed,3397977,TREND
216227a56cd487b7c287,3397977,TREND
bb4fdd2ca1d5046ecf21,3397977,TREND
0ba4214b8955a62cc75d,3397979,TREND
b500a8c56605d4edacc4,3397979,TREND
2e4f4d82bb1923db94e4,3397979,TREND
c4ee88a0aeed3674a504,3397981,UNCERTAIN
2667949a182d9ad69f1d,3397981,UNCERTAIN
67b12ac0de263155678b,3397981,UNCERTAIN
684135bde161a6659dac,3397982,TREND
96f110f2b081c87604bc,3397982,TREND
e719bd97c415e9871613,3397983,TREND
488e198e53426dc8f7d5,3397983,TREND
7f73923388eaa90da72e,3398010,TREND
989785d31d86d39b5ff3,3398010,TREND
3da03a647e063ea87f9d,3398012,UNCERTAIN
558fdff368b34fcecf66,3398012,UNCERTAIN
3ea82ef660b3673e527c,3398015,UNCERTAIN
b5959207da5a4104472b,3398015,UNCERTAIN
6cc37f0e0e705630427e,3398023,UNCERTAIN
39c1f5a67548763a4596,3398023,UNCERTAIN
3a97d699ff69f636aca5,3398024,UNCERTAIN
61ec4cb4933c2a19bc66,3398024,UNCERTAIN
f51f6faacf4bb7cbf719,3398161,UNCERTAIN
c0a41352036df180b52b,3398161,UNCERTAIN
3867700959735f6afdef,3398161,UNCERTAIN
cd381422d34e9bb68bf5,3398162,REVERSION
f65eac00f2e21de6b5bb,3398162,TREND
08f5107bfb52f447a1e2,3398162,TREND
5ecf570002daa7a6ca95,3398164,UNCERTAIN
fc23e8176fe7098a5d93,3398164,UNCERTAIN
8f296347565c991d6895,3398164,TREND
64cdb2594bc7e3b75b3d,3398167,TREND
9f8fb60a77a630fd2b85,3398167,TREND
03a8d6e621960f0f3018,3398167,TREND
eb17a49e4a498e665fa7,3398170,TREND
7beacc88e85c609f3629,3398170,UNCERTAIN
a1f28767e919e12cd710,3398170,UNCERTAIN
3a87eff5bb73716d70df,3398350,UNCERTAIN
f95b9ce5a4dd20ff03c7,3398350,UNCERTAIN
7e8285e7b93da56f4942,3398360,TREND
0fb5303d5f1222b62ddd,3398360,UNCERTAIN
34b2a37f9cbbd29f8de9,3398369,REVERSION
5c11bc6233445daf4696,3398369,REVERSION
198f4b0f472c9e6fc7e5,3398371,TREND
811e3920ee2d50ba2b69,3398371,UNCERTAIN
d321b8291dee292c27b4,3398373,TREND
70a2be8e053c18a0c713,3398373,TREND
c5690f814e30b04a2c9f,3398432,UNCERTAIN
7f51b39bf7faf94201bb,3398432,REVERSION
e49b844b0faa18ec4acc,3398434,TREND
5dd7bb453d986488d04b,3398434,UNCERTAIN
9a6820673d69b978792a,3398436,REVERSION
21652a3818a7ceae5a8e,3398440,REVERSION
113c1e0c32c6766c3446,3398446,TREND
13b33e009bb77b046826,3398446,UNCERTAIN
87400ef1179a40a92cfc,3398475,TREND
02ed3f5aedf09d499e29,3398475,TREND
3be4e71959079f67fc21,3398478,UNCERTAIN
95c12b5a5222486eb487,3398478,UNCERTAIN
1b646f7dfa66bf5dfe2c,3398482,REVERSION
d34db7fcdc6e18bf0f0f,3398482,UNCERTAIN
f05076dfa45b95e92ce4,3398486,TREND
cd1400c6931e3b7cdef8,3398486,TREND
9e8bfd3d4b3252913d41,3398487,TREND
449a19384d8a535d24f6,3398487,UNCERTAIN
b796e553e5ad12c9e73b,3398587,UNCERTAIN
7c55fd1873125dbc65bb,3398587,UNCERTAIN
e86e3878ec6d97c232c3,3398593,TREND
74276e1382fb593dd8f4,3398593,UNCERTAIN
b498ce9e9782db16dba4,3398595,UNCERTAIN
35a284689d11102e0705,3398595,UNCERTAIN
5051430f649324e2fbae,3398601,REVERSION
8271d804c83c6d0a05a4,3398601,UNCERTAIN
fbe3d2961048c3d2f739,3398601,UNCERTAIN
65cacd2be0c2aa471ade,3398602,REVERSION
48aed2bd0d7f3d1d526e,3398602,UNCERTAIN
edd042b6846d41332900,3398797,UNCERTAIN
ccfc10f5e30212b0bd72,3398803,TREND
6197d24b7c9ce27d8078,3398806,REVERSION
99d4f0caa7eeb21a052c,3398807,TREND
7940210f8179590f0f3c,3398812,TREND
a028cb2459e86f40ed7b,3398960,TREND
e82906fdd544b8cff005,3398960,UNCERTAIN
80f94e94cc1ef5fbf2ea,3398960,UNCERTAIN
31d31f5725b5ab76a10d,3398967,TREND
50a7aee21198c39ce300,3398967,UNCERTAIN
e083dbe55afa13650b8d,3398967,UNCERTAIN
36357e522d685c9e8d2d,3398971,REVERSION
341bf1b42fa4b45e1433,3398971,REVERSION
35033431e93704358e39,3398972,TREND
be14d5f79aba2d4fe2bf,3398972,REVERSION
edae0c609070ccf7b6a7,3398972,REVERSION
f8793def449be22bfe0f,3398973,REVERSION
085d96e93c178b37a907,3399009,TREND
d72e9c1eddd2b9cea64c,3399012,UNCERTAIN
b15aca8deaafc8d73f90,3399013,UNCERTAIN
406e45f755f0ad8f9012,3399015,REVERSION
2eb70ae115ffdf89ac29,3399182,REVERSION
15fdd3981b763042a9c3,3399182,REVERSION
a1e164c062668382c730,3399182,REVERSION
be9fbb62d7930f5a1cd9,3399183,REVERSION
f38be818e4c402096b49,3399183,REVERSION
e313ed017902deed715a,3399183,REVERSION
c960883ff8f75acb92d4,3399184,UNCERTAIN
9159d4fe97cffaefc4e5,3399184,UNCERTAIN
742de9253b154bc704a1,3399184,UNCERTAIN
c94e8e6f679ba334b457,3399188,UNCERTAIN
b6d340b04c647fb37e81,3399188,UNCERTAIN
08de6d3a44b18fbf2ba3,3399188,UNCERTAIN
ea6f898e5b46895a6407,3399193,REVERSION
f7ae78905b47ab038e68,3399193,REVERSION
8cb7029f5badeda9b7ac,3399193,REVERSION
b18b4cfc4bbf87824744,3399343,UNCERTAIN
f90c2ed2c14a04ca72df,3399347,TREND
530cfa6ea6a0e4f45743,3399349,UNCERTAIN
3f37d4c201a07a9f4c5c,3399352,TREND
140663d1d9d943160f7d,3399354,UNCERTAIN
a50c35fe3f4a0308fcb6,3399436,REVERSION
d734c3d88156244093ea,3399438,TREND
b362c6d95f465f821c7d,3399439,TREND
b431cf2067d2681acbe7,3399440,REVERSION
edb8ebcdcc0f28eec290,3399441,UNCERTAIN
92cb118410c520a98c56,3399482,TREND
d8e4449f6d78a883e8b6,3399482,TREND
e560fa666cead38138f0,3399482,TREND
f3158ec9b69488bc2e24,3399484,REVERSION
2b34f399eaa5b67deae8,3399484,UNCERTAIN
0e0886b1e265568ebb83,3399484,UNCERTAIN
6fbc2cf9f42d5b2eca77,3399489,UNCERTAIN
b84a32577724d5bdc379,3399489,REVERSION
e2ab9981fbb25fbdec55,3399489,REVERSION
833eef95e47321267c57,3399492,UNCERTAIN
1f24eb7c1669a598d551,3399492,UNCERTAIN
13eea8e8bd9b7d74be1c,3399492,UNCERTAIN
65c607be791739cc9d4a,3399496,REVERSION
44a6c0c0efcc1f78af3f,3399496,UNCERTAIN
7ec9bfcb42cbb0e2f0f9,3399496,UNCERTAIN
50e13559ad9e08a7c751,3399570,TREND
6a5c84292ba7bf3c6dab,3399570,TREND
8964942bd52244eb12a8,3399570,TREND
628781111c947853f3bc,3399571,TREND
de11693fbcf7c72f69d9,3399571,TREND
951f8d45b948483e6ed0,3399571,TREND
74cffca19570e2780f91,3399572,TREND
276f6c8f12e4aba079d1,3399572,TREND
de05f0228cd513d3862c,3399572,TREND
c797349b232bba914523,3399576,TREND
f7cd827a47b44b762176,3399576,TREND
1a897f343129acda7290,3399576,TREND
e8df5ef3859444c98c68,3399579,TREND
72389980b498100bac06,3399579,TREND
87bc4b8e41888eb609c6,3399804,UNCERTAIN
b02add3532f49c24faca,3399804,UNCERTAIN
557197bf1a16e652e138,3399806,REVERSION
6ceb96b17febf2950833,3399806,UNCERTAIN
e6586488e3b19443661c,3399807,REVERSION
22bc62f78b28e5281b9b,3399807,REVERSION
1b89b11ca5176b5f4b2b,3399811,REVERSION
5de4c768a524e59f791e,3399811,UNCERTAIN
d924eaff24636f9512b2,3399817,REVERSION
ae9b52ace4546937da61,3399817,UNCERTAIN
465ede1526b0ad1f8418,3399991,UNCERTAIN
9b951adc150b7874a38a,3399991,UNCERTAIN
d68c99d7f9c91189dfb1,3399991,UNCERTAIN
f40fac22c011ec0dfa0f,3399993,UNCERTAIN
d833810a93d3d2c1cc26,3399993,UNCERTAIN
577b0953b804f40b73ae,3399993,UNCERTAIN
adda2dd25d8f865a85d5,3400001,UNCERTAIN
2299f94830c913ccc815,3400001,UNCERTAIN
f61f4b2cfe134665663f,3400001,UNCERTAIN
a72a626f059cfa1d941f,3400003,UNCERTAIN
5aced5fcd4c25d9593d0,3400003,TREND
113c1e4410099c046d38,3400003,UNCERTAIN
3bd2fb2ab099532deea8,3400005,UNCERTAIN
9aa27d763016e9e2de68,3400005,REVERSION
36d1ffd4384fd237b78c,3400005,UNCERTAIN
58ec7becc430803ff225,3400053,TREND
349e35954c668b169285,3400053,TREND
18986bd04b0a4cbdf5d9,3400054,TREND
0edc6e689ae62925ca74,3400054,TREND
b1cdf8d5caa082c17bf9,3400059,TREND
92f1e22fa284f37aef2d,3400059,TREND
b1701ce2c815b37df7ef,3400062,UNCERTAIN
2c5086fb0940389fe32a,3400062,UNCERTAIN
5f02df646ae2307fe8ae,3400065,UNCERTAIN
7d7f0feb4739bc095cf9,3400065,REVERSION
c7913a4c59735b616dbc,3400146,UNCERTAIN
aa65e86d1e8826b67eb3,3400146,UNCERTAIN
a69658a94a17516b1564,3400148,UNCERTAIN
15155dccb37950e0fb50,3400148,UNCERTAIN
9c6fce9700281279ad1b,3400149,REVERSION
6cf548a3388edd936911,3400149,REVERSION
d2fc2d97382f4009cd12,3400158,TREND
1d04af7a2749286bbc56,3400158,UNCERTAIN
90128a30260d429eb225,3400160,TREND
f3495feff4aeccbd2cff,3400160,UNCERTAIN
b656b86ee5ecc81fd3fa,3402147,UNCERTAIN
a5869099f34daae9c807,3402147,REVERSION
7faad4bc5a2d8fedd5f8,3402147,UNCERTAIN
2469045f91ef4ed48243,3402152,UNCERTAIN
8327990e31386ceb10cb,3402152,TREND
c97f15bdfe19f2e65063,3402152,TREND
ee0642e60b71f2ecb074,3402155,UNCERTAIN
8c12f72ee207c644c8df,3402155,REVERSION
734ee959a62f06aaa7f2,3402155,REVERSION
e5f3e664194265b606f0,3402163,TREND
e68b6c769a6af3465037,3402163,REVERSION
7779149d93be63db146b,3402163,UNCERTAIN
29502cf5c5904677f125,3402168,UNCERTAIN
4e77182c31afc66d6f97,3402168,TREND
f323f217bc9ae73324d4,3402168,UNCERTAIN
a28a8cda9d79952a0017,3402373,UNCERTAIN
81c81562ac44881542ff,3402373,UNCERTAIN
f0c951b747c1a0347df8,3402375,REVERSION
ba9330ca3552b35d5230,3402375,UNCERTAIN
3c69d37ce6930ba5a915,3402377,REVERSION
60e1485616bc9985e192,3402377,UNCERTAIN
e515d6bb11a3102700f8,3402383,REVERSION
2ca1dcd4a369aaa656ac,3402383,REVERSION
d2ce9b06b441dd886179,3402386,REVERSION
1c88c59071d900529540,3402386,REVERSION
34b0ba217d73dc70cff5,3403483,TREND
3a251ae01e589f19288a,3403487,UNCERTAIN
c827f485ff571e0e9213,3403489,TREND
556e087b4ec1a671a0fc,3403491,UNCERTAIN
68575ce572d120f8d2cd,3403491,TREND
a5be49a81b50ac73b6b3,3403492,TREND
d548ec5315b24f2b5a24,3403492,TREND
5d2489c5776ee0c80441,3403978,UNCERTAIN
3bac4ef0ca882ec144b5,3403979,UNCERTAIN
3249d2efda6c6dcf3caa,3403984,UNCERTAIN
ec656b4b8179598e1eb6,3403993,TREND
40edb52071db75823983,3404251,UNCERTAIN
36cf0c34a8f27f022639,3404252,UNCERTAIN
6225176801cb6f91247d,3404253,UNCERTAIN
28a41f9e6a5c650b5154,3404265,UNCERTAIN
41e42a523e5dc990f318,3404352,TREND
a0e802837b947ef9c42a,3404446,UNCERTAIN
3171ca494e8df20e3e72,3404448,UNCERTAIN
e8210fda8568689295a2,3404449,REVERSION
c1df2c469a1fcce3e650,3404456,UNCERTAIN
1e739f4190b798fabbcd,3404749,REVERSION
653da7356a07f2512774,3404751,TREND
1756b0aece2b5e6b65e9,3404759,TREND
f781ac30efaa8c99134f,3404925,REVERSION
026de42de42008f49122,3404925,UNCERTAIN
af4cbde045de7332c1c1,3404927,TREND
d1252975a704de7fa195,3404927,TREND
a694b310d269c9022116,3404932,REVERSION
34f8acd89e8e3ac63f5b,3404932,UNCERTAIN
f5edd4c6cc8e43462a10,3404937,TREND
21808032a8a7ff1ec918,3404937,TREND
02c69942269d31790e7b,3404974,REVERSION
6d50e442942918ed3831,3404979,UNCERTAIN
f17ba95f6d957a5bc467,3404985,UNCERTAIN
0073fc7458721c653f78,3404986,TREND
5ee94e5a6e07ac8b9d52,3405147,UNCERTAIN
be9748ca35352e7993cb,3405148,TREND
1e34b455eeaf6848e830,3405152,UNCERTAIN
8aa64180a932fabfdf41,3405153,UNCERTAIN
bee8509604fa96795432,3405504,TREND
7d6e074ba0a4ab3dc11c,3406025,REVERSION
231c236f81538c26b6fa,3406025,REVERSION
91661c58fe67a863ba72,3406025,REVERSION
bf50102e3175b738d11f,3406030,REVERSION
5d45865bc2a480851dfb,3406030,REVERSION
68ab2fd1f27adc4f63c5,3406030,REVERSION
be9f99c0e585fe5952fd,3406031,TREND
fa399352b7465b6fc8bf,3406031,UNCERTAIN
240370828eb777dcf141,3406031,REVERSION
6700e7bc9e91a30884ad,3406033,UNCERTAIN
5b02dea04e562d8a7adf,3406033,REVERSION
b4731282cb6bc932a43b,3407164,UNCERTAIN
1706cfc5b1708595d523,3407785,UNCERTAIN
447009cecce9a97a1e13,3407785,TREND
a4e4119c1eeb619dab4e,3407785,TREND
3d33dfd34cc4b9d28ce4,3407786,TREND
dd7ebf8199123d2f2932,3407786,TREND
8cf79c5967264022d1de,3407786,TREND
68ad8e8ab8d92ed5bde0,3407788,TREND
a6f959c71681390466b4,3407788,TREND
fc1d05f1ced2da3a249d,3407788,TREND
eaea1a38cad1f61406d2,3407789,TREND
fec6262a3243c7b21ddf,3407789,TREND
20a02c56b3ae9fbd1b29,3407883,UNCERTAIN
fdcd0de108afd611990c,3407883,UNCERTAIN
22bd44ec0fd349194b97,3407885,UNCERTAIN
1f2cce633c39ce556de9,3407885,REVERSION
b48020ddf31727e07366,3407889,UNCERTAIN
614cf9df8b5ce5589e91,3407889,UNCERTAIN
d037fa6bfcd8fe41a24c,3407891,UNCERTAIN
d06e6907c7f0167df226,3408573,UNCERTAIN
d406299465757805730f,3408577,UNCERTAIN
363b49a398f1119ec452,3408578,UNCERTAIN
8b2561041133ebe453c5,3408582,UNCERTAIN
d578d7219739fa8df7c9,3409141,REVERSION
e5d0686ae09184dd9f9a,3409142,REVERSION
1028ae521c9898d57a2a,3409147,REVERSION
37ce9f494181bcba022e,3409148,TREND
81a2c6e2016971cbd1ce,3409215,TREND
87530b8af81b5d7d7da8,3409215,TREND
22fd5581684a80a6c292,3409216,TREND
075d175c33315bbae9a9,3409216,TREND
ab815010fa64900908d6,3409218,TREND
96db9dd83134cd7eebe6,3409218,REVERSION
8b79f2ad275ba632c0fa,3409219,UNCERTAIN
4f642c5a092c99c7e4fc,3409219,TREND
81fda697d7b340fd5af0,3410204,REVERSION
c62b2b4102ec3254daad,3410205,UNCERTAIN
bd76f12992cf89c7d639,3410208,REVERSION
1b9b89bd2ab569325ff1,3410209,REVERSION
8e3724549734ec6fe957,3410302,UNCERTAIN
7326502a189054ecb117,3410303,TREND
b364281eb14eae5654d2,3410308,UNCERTAIN
44d1154fa6bfbdd0a88b,3410308,UNCERTAIN
6ac976060e0d54744628,3410312,UNCERTAIN
095c59e85a8c22cbf812,3410312,UNCERTAIN
834d0fcbb7b4c2dec6f6,3410472,UNCERTAIN
7d919ded2561ec55dbb8,3410472,UNCERTAIN
a78e8efa24233f7d810d,3410473,UNCERTAIN
b2d6e86620e77eb42832,3410473,UNCERTAIN
12308431ef49d9125a2e,3410477,TREND
50029415db967dcd329b,3410477,TREND
d6d6052f9dc4ecc9a97c,3410482,UNCERTAIN
9436f15dffa0c25b62bf,3410482,REVERSION
4c4950e7a6c535ad72a4,3410482,UNCERTAIN
2cc2cfc60454bad78ae1,3410657,UNCERTAIN
1156192cb863cbb57768,3410657,UNCERTAIN
89ba1f21039765fead36,3410660,REVERSION
1477b1a6689fe5c55b88,3410660,UNCERTAIN
dabd84cb0c02034d4318,3410661,TREND
f2325d80b164d0b6185f,3410661,TREND
fd83f541ef12157f1155,3410665,TREND
4901de2977ec2f01abfa,3410665,UNCERTAIN
03b8abb32291b850b416,3411169,TREND
7b1f253e0a199ff4473c,3411174,TREND
7a9e105de7b317f262de,3411258,REVERSION
52d8c3f32e8ea8e80558,3411264,REVERSION
de4cd3997b1e725b0f67,3411266,UNCERTAIN
7b2ce2da0c4586d8c0bc,3411272,REVERSION
ac9e4ee4dcbd2023727f,3411332,UNCERTAIN
a1be3cd458d6da76ad99,3411336,UNCERTAIN
7ac6c50cfa4cdd0c67a0,3411336,TREND
0184262e5675d7843c9b,3411338,UNCERTAIN
5eb40c2526c817bf0cd0,3411338,TREND
6aacd6b70b780f3ade26,3411346,UNCERTAIN
c44fc7adef85c1282610,3411346,TREND
b2176bd86845ac9cd91b,3411430,REVERSION
d57236f0b2994f9d7c9b,3411430,REVERSION
a405f469911ef6fa3799,3411436,TREND
3f675f3671c992425c25,3411436,TREND
071eccaf99159dd4b3de,3411439,REVERSION
1c16fe6cd4621568b4fc,3411439,REVERSION
faa626aa0fddafd2fd01,3411443,REVERSION
5c75de563bcf9c324ed6,3411443,UNCERTAIN
d11a0410d754d9856a34,3411761,TREND
b19a2f4577e7d3642d4d,3411770,TREND
50fb66ac7bba6492885f,3411772,UNCERTAIN
c26932ec62bcc9b485f4,3411774,TREND
cbd7f7fa7eeec712b258,3411774,TREND
3703a098cd790c9d4d91,3412091,UNCERTAIN
0b74c3c1bd0c516da9b4,3412091,UNCERTAIN
9d82e9a863a3139786a6,3412093,TREND
db0ebd6ea21cd61a99c1,3412093,TREND
33ae721f63ce2a034c4a,3412102,REVERSION
33f4ed55757c01d6ab54,3412102,REVERSION
cb8490f1a53e1394ef3d,3412103,TREND
f39da846a8ce940e985d,3412103,TREND
2793a330b59e51296835,3412318,TREND
05b6e55d8e24bc6c8703,3412322,TREND
da71536880f0bf1d102b,3412326,UNCERTAIN
7f9449b544b2fb5b4bc7,3412328,TREND
38d95ac4c448f4cb1ca4,3413079,REVERSION
39174e19420889a746d1,3413079,REVERSION
20dbaaa9fc811664efed,3413085,REVERSION
c7ec5c776a789f405709,3413085,REVERSION
43ecfa1ba2952198fe70,3413092,UNCERTAIN
d17bc5722cc74493cc49,3413092,UNCERTAIN
c72ef44230b36484c607,3413093,REVERSION
db8cbf43d635d2ca3e19,3413093,REVERSION
c5093f84e64da3007271,3413576,TREND
9248e3a47c146aeacb05,3413578,TREND
8793646964551f31a70e,3413580,REVERSION
9d6a7698831fd5b10fe4,3413581,TREND
58f61efb46fc386debba,3413725,UNCERTAIN
3f4099978f76786f4ad8,3413796,TREND
f8141be871ea84e58049,3413796,TREND
eb145cdf48e0c13b0598,3413799,REVERSION
7a61feae7efaad6c810e,3413799,REVERSION
7dbb009212589da12e98,3413800,TREND
c984ea02596de32a8427,3413800,UNCERTAIN
460ed281c937ca1e5735,3413808,TREND
4f95f038fd366feaac49,3413808,UNCERTAIN
644f42cb9fd500a35b75,3413845,REVERSION
a7f44a0b49bf59ed3824,3413845,UNCERTAIN
bb00b51385617b0dc7bc,3413846,REVERSION
836a76a03b5856fe8f1b,3413846,UNCERTAIN
680aa77a26753a85e831,3413850,TREND
92bffcd1f398410d5592,3413850,TREND
554f2a0ececc6f2ba77b,3413851,UNCERTAIN
8d91cd486d9bdf637a39,3413851,UNCERTAIN
1d5605306090aa9c74ca,3414171,TREND
3fd7a64826388a68cd95,3414171,TREND
bca699228c11d7c10312,3414171,TREND
ee624263470a9e47dc07,3414176,UNCERTAIN
488ce20078dacca1abf3,3414176,TREND
fb27901569e7a1c1589a,3414176,TREND
b50908efd841efe97ad1,3414180,REVERSION
f64404aa79031389b3fc,3414180,REVERSION
d123db4cfd0ac6549518,3414180,UNCERTAIN
d342e8c0d96a13250885,3414182,REVERSION
9132711d181b9ee82ee0,3414182,UNCERTAIN
f0692b91dab1a54277ef,3414182,UNCERTAIN
f958c0a326a3ff9f1fa1,3414240,TREND
7a8eb031a5c032993f1a,3414241,UNCERTAIN
94ce99779ffeba5da98b,3414244,UNCERTAIN
c5f3d21659684c47c5a0,3414250,TREND
d707c08e9dacb08bb95c,3414337,REVERSION
2b37c61584a54a5c70c8,3414337,UNCERTAIN
b4f61e43731fe4d0487e,3414337,UNCERTAIN
a419d8b5e6cb3288a88f,3414344,REVERSION
931137861ca793f90b6d,3414344,REVERSION
7b8dd67bc8da0e3dfbc9,3414344,REVERSION
8da97dd83705e1c81bad,3414349,REVERSION
7c39af386c0537fc9880,3414349,REVERSION
696542f6d71518d62144,3414349,UNCERTAIN
6311ac35836842ff8590,3414351,TREND
ebb900570c3e9b64dc3d,3414351,UNCERTAIN
f831f5906fd9e79ff459,3414895,TREND
eaee8c1fd1d9f164fc4a,3414895,UNCERTAIN
3b67e04a0ccfb6904370,3414895,TREND
3499f6f978666e3d3b41,3414906,TREND
37b2f67c54586d37a10f,3414906,TREND
07897947c93f6871617e,3414906,TREND
52196ac39a9c56afd9c3,3414909,UNCERTAIN
d06df0442654b5ec84a5,3414909,TREND
bf8b8156b5f3ad094b58,3414909,TREND
9acef5d3d2c5b51cf24e,3414910,UNCERTAIN
7e99847b44cbe6c2e016,3414910,REVERSION
74791ee27587dd879e42,3414910,REVERSION
8ae9df95c0aee8b48213,3414994,UNCERTAIN
e2a4ed2bdcd03ab925e9,3414994,TREND
eaeaf9b3cc31ae6387f5,3414994,TREND
4121c1b77f5531d93a50,3414996,UNCERTAIN
6be5656c33c702ca1032,3414996,REVERSION
4eb0efbf42701d339b74,3414996,REVERSION
e4aa72e79d372f9d0b40,3414998,REVERSION
a6a5727435db5372c422,3414998,REVERSION
c393277e5800da392dbf,3414998,REVERSION
c8da3d00dad66fc25472,3415002,UNCERTAIN
6d8262b981fc666d5912,3415002,UNCERTAIN
4855d7a1206ee9054efa,3415002,UNCERTAIN
562443d67c4e67f0077e,3415205,TREND
50e5fb145a84b5aa1dde,3415205,TREND
386cec48eab321b0acc4,3415205,UNCERTAIN
9e58aa0a2f79bf705865,3415207,TREND
67d9ecda7ca4e8a4ae53,3415207,UNCERTAIN
df0a8e7f99e6cda5498f,3415207,UNCERTAIN
03ab90ca20b4d8ff3b59,3415208,UNCERTAIN
28ff01a2da0557443c20,3415208,REVERSION
d33a622d97178a238966,3415208,REVERSION
be42241ee8300d40cf86,3415210,REVERSION
9538c5328be82f369af9,3415210,UNCERTAIN
584ad474c20ed1f92b18,3415210,UNCERTAIN
ce261a0b280b4eb995e9,3415315,REVERSION
a8fa78dd60b3a8c16b15,3415315,TREND
2a3c7a88f19d09025d1e,3415315,UNCERTAIN
13eae36d08fe5a9f6a19,3415318,UNCERTAIN
2e5ba2220b46c93ef7f7,3415318,REVERSION
ad1bd0f0d8c51fe60501,3415318,UNCERTAIN
88e423cdd0ead8ee0ede,3415319,REVERSION
3e178f7ad95a635d4c00,3415319,UNCERTAIN
52f1d61bfa050c32768a,3415319,TREND
d05005a797efbe67c14a,3415327,TREND
f5f6e992d194ad384a19,3415327,TREND
378365d84153624ff586,3415784,UNCERTAIN
dc4b7cd60c48c2ec2a30,3415784,UNCERTAIN
dd848c545e864f9d5b03,3415784,UNCERTAIN
ddb5693c8f8d8fe00fa9,3415790,TREND
89435d38ef3e6383cdb8,3415790,UNCERTAIN
d6e42bec9743aa88e2c1,3415790,UNCERTAIN
1c675758b164c8ba66ed,3415792,UNCERTAIN
9be11cf95112bd551d22,3415792,REVERSION
a90e54c85aae13a43614,3415792,UNCERTAIN
ba8bfd8a0b4ee0237367,3415797,REVERSION
fbbf654d08562200a913,3415797,UNCERTAIN
cd4f04a076395c8a5a63,3415797,UNCERTAIN
41e12b62e421a7c9e022,3415870,REVERSION
26ec5d095a9f19d0858a,3415870,REVERSION
e07588186f524705c418,3415870,REVERSION
90269cd765101d089443,3415874,REVERSION
a716b1f4130f0ee27824,3415874,REVERSION
1eb76284d2fa1b316c58,3415874,UNCERTAIN
0b04e0eea9e12e59bc02,3415877,UNCERTAIN
74ac0b444add3bac27b5,3415877,UNCERTAIN
596b13ee9488203f931c,3415877,UNCERTAIN
ed9b81f0afe0c4e4a30f,3415881,UNCERTAIN
279490cddf755eab2b50,3415881,TREND
e68b7b1c89977d6920b3,3415881,TREND
d7ab7b0463ea0dad5ca9,3415938,REVERSION
17d4023344466b58d65a,3415938,REVERSION
ae08aefbba4a42aa3060,3415938,REVERSION
0089035adc883edbc88d,3415940,TREND
3407d96db0f27fc75245,3415940,REVERSION
7904e89573296e651115,3415940,REVERSION
93e742a7b5a67a2ca462,3415942,REVERSION
78d40e8c8fbde02dfb83,3415942,UNCERTAIN
55b46fa9c256fc31a65f,3415942,REVERSION
c442790d8d58ae8df9e2,3415950,UNCERTAIN
82f5132f7e7bd72c87f5,3415950,REVERSION
7ca303f3b9513de4440c,3415950,REVERSION
b63739b0e8bbd104f0ef,3416087,UNCERTAIN
287d903b9c08a33e5349,3416087,TREND
91a5c530aa744e37d3ea,3416090,REVERSION
026ad4b107542ab80738,3416090,UNCERTAIN
8cf80cdcace30d6bea11,3416100,UNCERTAIN
b1f0dfe1d9de9de50a5f,3416100,UNCERTAIN
fc903781635f1a84d6f5,3416101,REVERSION
2a8aeb3665711dc1759c,3416101,UNCERTAIN
acef1fd408c03dac6dde,3416196,REVERSION
75439cb696fa5b83c4fd,3416197,UNCERTAIN
25bd924bce88046b7085,3416200,UNCERTAIN
a549872859ac5ca2b526,3416204,UNCERTAIN
4a544a264a70c3289456,3416288,TREND
1a8329166d3c8699b840,3416288,TREND
2f7968b16d483a4b1bd6,3416291,TREND
42a824504caf38f1ea68,3416291,TREND
f1083392bdec8c675c25,3416295,TREND
898beae67249f55be19c,3416295,UNCERTAIN
17106e9306918503155d,3416301,TREND
7eb3d533fdf35bccfd54,3416301,TREND
ada70f752eef1a70cd69,3416329,TREND
99d1af0431075877913a,3416329,UNCERTAIN
7e1af0f08821527d1921,3416329,UNCERTAIN
b43155fe39d6181cdd7f,3416330,TREND
91613ae19aab5d956f04,3416330,TREND
830dc798a9f17bb51679,3416330,TREND
a8da2326da0c2fc4528e,3416331,TREND
f38b31b19cdec8ff9d6e,3416331,UNCERTAIN
dceed8e0a6484f5d03b9,3416331,UNCERTAIN
a29fd1448035fa55ab3a,3416333,TREND
51140794fdc39cdd46af,3416333,UNCERTAIN
85cf7738dbe9a7436133,3416333,UNCERTAIN
437c1511df76b5df8038,3416428,REVERSION
1a70cdc03f2c2b94c5ca,3416428,REVERSION
e2dd3277decb24bdffe9,3416428,UNCERTAIN
0dd02db1072f3e962697,3416433,UNCERTAIN
36e61d8fb0d97e92448f,3416433,UNCERTAIN
481eee08d0402cf719ac,3416433,UNCERTAIN
64c8db729040530b956f,3416434,UNCERTAIN
e2588fe2f236f8de7b83,3416434,UNCERTAIN
858aa6b95b83ecd146f0,3416434,UNCERTAIN
3184965dc40ed6d46488,3416435,REVERSION
97988b8a5fdbc1c59e55,3416435,REVERSION
4823bd24b166f96f1587,3416435,REVERSION
350ca12f0e82d6eab11c,3416750,UNCERTAIN
39de27606f7d36d32f1d,3416750,UNCERTAIN
639468f1d18299febe31,3416750,UNCERTAIN
aad4f7e3cb17e4e62058,3416757,UNCERTAIN
431ed9c3af8e0a613137,3416757,REVERSION
ee184286bca38932843c,3416757,REVERSION
6e786a5cdebed58a0fdc,3416760,UNCERTAIN
289ceb0eec090e4b5c77,3416760,UNCERTAIN
2f0f68a411adeaaf3f13,3416760,UNCERTAIN
529d52bb555f3fca7f3d,3416761,REVERSION
b99108b4fd7008c653b8,3416761,UNCERTAIN
15c15c46ceb5706ac453,3416761,REVERSION
7111862ce8227adc6424,3416960,TREND
274ca86cd0688fd9b378,3416960,TREND
41bd381faef7da8041f8,3416960,TREND
94a86e22b166407a6986,3416962,REVERSION
0c387de0a9eae246fecf,3416962,UNCERTAIN
522104be8185de26eebe,3416962,UNCERTAIN
c3f2dd92b91d874f208c,3416965,TREND
d7eef45f1f3631e8f4ba,3416965,TREND
105d6759b05c8dc4f6a1,3416965,TREND
fc3753327263008a9b13,3416969,TREND
6d1451f87934a12adade,3416969,TREND
2ea79452b21081676d9a,3416999,REVERSION
b8e21db1c91f2551b79b,3416999,UNCERTAIN
8d9214908c87cceee9b3,3416999,UNCERTAIN
d78d9b12f647d1e74e9c,3417001,UNCERTAIN
5818611faa2ca7800d64,3417001,UNCERTAIN
b7232496a14da4010c4e,3417001,UNCERTAIN
c284a3fd24f63824d780,3417002,UNCERTAIN
3646d3690e4839fd4da0,3417002,UNCERTAIN
f132892f5c74384b840e,3417002,UNCERTAIN
fcbe5c456a5a0c00b070,3417012,UNCERTAIN
a9895a429530612a7a62,3417012,UNCERTAIN
278f9279b141943a155c,3417012,UNCERTAIN
d28f8035484bdd5584e1,3417112,REVERSION
486a48f3d1b2ce827e68,3417112,UNCERTAIN
39d1d88797ce03f54e45,3417112,UNCERTAIN
c416c2529f936cd90019,3417118,UNCERTAIN
9315afa82248bccf495f,3417118,TREND
a64cf4a92dfad84a5a96,3417118,TREND
08ee76177b1cef1c486f,3417189,TREND
415e13618055590be87d,3417189,TREND
5b0b69e386ea43f39edf,3417192,REVERSION
69a5a76f85a104f9bb3f,3417192,REVERSION
14d3dcb0139201943e8b,3417203,TREND
b4c974eb0c7a3d6a7247,3417203,TREND
d97e8fea4b967d29ea78,3417204,UNCERTAIN
d3fb25f3fe6be32f78e3,3417204,UNCERTAIN
98eb7d0b48672b7ec7d6,3417251,REVERSION
a062d3e353cd49d3456b,3417251,UNCERTAIN
fc1912aa2ee50d49c91e,3417253,TREND
395985aca8e4173875f3,3417253,UNCERTAIN
b4dd34c31ea7bbdc5541,3417263,UNCERTAIN
437fb02bcb9981002e1d,3417263,UNCERTAIN
47e68c8932dc03fb3415,3417264,UNCERTAIN
2a9d010006fd426899a8,3417264,UNCERTAIN
7b59c38d5213eabc61cc,3417390,UNCERTAIN
0b3ca33eb8c7791c46a6,3417391,UNCERTAIN
93b052f914c03850a38d,3417398,UNCERTAIN
10e39dc83ecad7fd90f8,3417471,UNCERTAIN
bdfc0626b6937dd8697f,3417471,UNCERTAIN
054832b17548a7182980,3417479,TREND
89fd2a3a216626d2ab62,3417479,UNCERTAIN
656653085f08b362d27c,3417480,REVERSION
017a4049d2d7c3b746d5,3417480,REVERSION
89ae657510be327a958c,3417481,UNCERTAIN
f3940e2e4a4eef4411c9,3417481,UNCERTAIN
8054f02f68e9d3345893,3417509,TREND
e468ba038d6a4a79095f,3417509,UNCERTAIN
e1f4c73bd27aabd66a92,3417519,UNCERTAIN
208822ec7bb87831a6ca,3417519,UNCERTAIN
df20a2fca2ab72710288,3417520,TREND
8a099f5ecea47bd433b9,3417520,REVERSION
562cc5342e43c64a8dda,3417522,UNCERTAIN
2060911b021ea75ea8dd,3417522,REVERSION
d26900458adacfca0151,3417577,REVERSION
22ea79e5dfe44660504b,3417577,UNCERTAIN
a2e22ae6669f4d6b4b13,3417577,UNCERTAIN
b410289ad5f6c6c8220a,3417578,TREND
0113289d64ab1cbc85ac,3417578,REVERSION
6dfa048abc45d6a82e16,3417578,REVERSION
06e912edf7f664a61007,3417580,REVERSION
6c445099d4b9ee8df24a,3417580,TREND
f2a5f228f2335d161035,3417580,TREND
12b7c238fb45643369c2,3417587,UNCERTAIN
34e8d70512a2e05a2640,3417587,UNCERTAIN
da6d4d446408249228f6,3417587,TREND
6d1ea0c7a391061a87d0,3417621,REVERSION
659cd6d1e95712953faf,3417621,REVERSION
fe6b7935d7bcbddcc20b,3417621,UNCERTAIN
ed51e0e216b567ee88fa,3417623,REVERSION
ccd4a5140ba8c138014d,3417623,REVERSION
83e8a22c86b183e9f899,3417623,UNCERTAIN
cdaf9c28bf1d9c3341ca,3417629,TREND
7fb59b8a54eaa53799aa,3417629,TREND
7d67495256b5e59469ad,3417629,TREND
d0516f352c0cc66b6374,3417631,UNCERTAIN
fea2a1f111942b1ef282,3417631,UNCERTAIN
531fb9f876e9fe77968e,3417631,TREND
4eddbb6f64179815ae74,3417721,UNCERTAIN
a8081c58550333342aaf,3417721,REVERSION
2b25e932dff1eaac95f9,3417721,UNCERTAIN
112aa9bb942800368958,3417722,TREND
52bc5da5e33e7094d01f,3417722,TREND
108307ae6e08033c3aa6,3417722,UNCERTAIN
8ac092ebe40a2e4bb4b2,3417724,TREND
87980baf147afa3fb3fd,3417724,UNCERTAIN
cc64ac933339200d4d79,3417724,UNCERTAIN
8b723899c0ef51856aaf,3417728,UNCERTAIN
9c1ed316d46f8cf20c84,3417728,UNCERTAIN
9d151fa783fdcd7f1cc7,3417728,UNCERTAIN
7b87098a6c3df4740a91,3417813,REVERSION
182250e7bd88c4ad53e5,3417813,REVERSION
fab42e34d0ef760932fd,3417813,REVERSION
126d2e8d076a26baf07a,3417820,UNCERTAIN
3a1993b2f454e1a18330,3417820,REVERSION
6e2d75380e8e6f3c8b2d,3417820,REVERSION
8f2a631ed1de662791e9,3417821,UNCERTAIN
d9837e15e25a8e228706,3417821,REVERSION
8f6e5b11536c48e25d27,3417821,REVERSION
ddace4982a577b706e1d,3417825,TREND
32d9c5f2a8b80738fad4,3417825,TREND
8ea207811c26d8ef6afe,3417825,TREND
37e3b03a7edbaa5f5470,3417868,UNCERTAIN
d9656d95e57d70c41802,3417868,UNCERTAIN
06fbc72320445268e970,3417868,REVERSION
85ea0cac7fdbd22550bb,3417870,UNCERTAIN
13a781bd2718d4fe2aeb,3417870,UNCERTAIN
c32fb336dabe59c23981,3417870,UNCERTAIN
e50bed89b082b24f99e1,3417871,REVERSION
08b98aa0b0d9bc1f4251,3417871,UNCERTAIN
d85d4e8b4fc83b7eb358,3417871,REVERSION
d78568d408057bb3207d,3417873,UNCERTAIN
82c61cba770be2ab29c0,3417873,REVERSION
6a979171a83b2c10d286,3417873,REVERSION
cf71b04256e753c5bef2,3417927,UNCERTAIN
b753949da774f8fa84ec,3417927,UNCERTAIN
bcb338b5fa32e24a4f0a,3417927,UNCERTAIN
74f219cad84b59528f12,3417929,REVERSION
04ce3ae2c0ca18b6a4cf,3417929,REVERSION
93e4a57e954307dc0e5a,3417929,UNCERTAIN
672f9c20db0b9daac959,3417931,UNCERTAIN
c51c3611175ef894ae1e,3417931,UNCERTAIN
6212f0b844c4639feea7,3417931,UNCERTAIN
3bc859a99f9cf0dc66b9,3417932,TREND
ef1876da95f2cf35f357,3417932,UNCERTAIN
30fa956de45d165aa091,3417932,UNCERTAIN
41f4b289c888f75ed757,3418020,UNCERTAIN
d9629d26f1fb0380b739,3418020,REVERSION
9a8debae0049b5dd0bda,3418020,UNCERTAIN
20de1f4c1ff9d402aaf8,3418029,UNCERTAIN
ec4936315a1ded16beaa,3418029,TREND
d7ac1d911b1a014b8e2c,3418029,UNCERTAIN
a62956468b084b3ae4b9,3418031,TREND
750f53141c901364d3dc,3418031,TREND
0fbf56578198b8ab3a9d,3418031,TREND
bdfe8bfd3caf1e51028e,3418033,UNCERTAIN
c00f4ac3a74a7cd99e37,3418033,UNCERTAIN
c1211a106f5ef73f869b,3418033,UNCERTAIN
79bfabb09f38b2b6f93f,3418075,TREND
913f1c2e9d9298f89439,3418075,TREND
babfe1c617bf408a9066,3418075,UNCERTAIN
0615c9b45c4a4dad667f,3418081,REVERSION
b26920de7f5292474b5b,3418081,REVERSION
edaef7554ac8d92f2d0e,3418081,UNCERTAIN
e367e63a7cfb7e101731,3418082,TREND
6e7b10c32b04c35e0675,3418082,UNCERTAIN
b65d245b47d778744aa5,3418082,UNCERTAIN
886a52e7bfc9c7a906d9,3418083,REVERSION
2404d522bc573b853b81,3418083,UNCERTAIN
b1fc56f7aedecefe1a05,3418083,UNCERTAIN
5e5c722355ad06d93457,3418140,REVERSION
ea6a8f28f96d437d7d73,3418140,TREND
7d19e04182bba326d0a0,3418140,REVERSION
4e1127a07e0a0f6e1efc,3418143,TREND
187f4081f5d24029534e,3418143,TREND
6ce1185e8435b6556a97,3418143,TREND
18eae5400deec7700f28,3418146,UNCERTAIN
ad50661a55f72a6f68c7,3418146,UNCERTAIN
81ffab2b19708b9c336e,3418146,REVERSION
0baf88514724745314c5,3418147,REVERSION
8a6a73bed34e83f52d67,3418147,TREND
200303daa7fd592c2ac4,3418147,REVERSION
2eeac50af7951d6c6079,3418150,UNCERTAIN
56d950f07d99664ce746,3418150,REVERSION
4b99b1047ca7acf7172f,3418150,REVERSION
c0e5e9549a3e89e1aa23,3418458,TREND
ff153cd623dd8152693c,3418458,REVERSION
f67ada8c216c2a589058,3418458,REVERSION
828fce8bc26d5fe49cd3,3418460,UNCERTAIN
4eade8ec1ce1b3aba5ce,3418460,UNCERTAIN
392aedfa4be8bc57e6fe,3418460,UNCERTAIN
2b56ab6e616baf9383cf,3418461,TREND
c023860ea54856dbeaf6,3418461,UNCERTAIN
b1d27a5a864589661ec3,3418461,UNCERTAIN
3de4d5557b4eef6b1c94,3418468,TREND
9b6949e57c0f5bf88782,3418468,TREND
b959c2d7201005970844,3418468,UNCERTAIN
8ea7dedf3f271774dbd2,3418470,UNCERTAIN
69fabcdf8ae92a63c8e7,3418470,TREND
5bb33f5b31fbe9c4bb42,3418470,UNCERTAIN
c523ed9a86528463d905,3418558,UNCERTAIN
f72efe3aaf5b4e1b4085,3418558,UNCERTAIN
5cb1530d9f8539ce6f09,3418560,TREND
3b3481fbbc15ef43626a,3418560,UNCERTAIN
e60fd152b09859df2d97,3418562,UNCERTAIN
9911320fbd1b4a815e0f,3418562,UNCERTAIN
b42b8ea79f45eb52150a,3418569,UNCERTAIN
166620b99f49ecb15c44,3418569,REVERSION
f75da46b8a897c4f3864,3418570,UNCERTAIN
b85c30f3d6817c7d5d2c,3418570,UNCERTAIN
5398260f583003ce8228,3418620,TREND
69934b531371d130156e,3418620,TREND
f37baf65739ccf9665c7,3418623,TREND
991b8bb1392d5b97b624,3418623,TREND
96350334753c6d334cbd,3418630,UNCERTAIN
6c33c0b557160c49db9e,3418630,TREND
fdce484ddc778dc6223c,3418632,UNCERTAIN
410ac27b6876bea4be60,3418632,UNCERTAIN
dc0d2cc71710029d2c76,3418640,TREND
bab035e6824f50770f2e,3418640,TREND
fdcb7749f683632a9c5a,3418854,UNCERTAIN
68b5b9927e3249694084,3418854,UNCERTAIN
b8dd0413d2637e4a8b74,3418854,UNCERTAIN
59da9731e32854d2271c,3418855,REVERSION
984038aa76118f294f62,3418855,REVERSION
5d206f21c4f90091804b,3418855,UNCERTAIN
2aadb2a7a8cca2fca53c,3418856,TREND
c173838583be0d5e5e0f,3418856,REVERSION
a62982fddf1ad35fe071,3418856,UNCERTAIN
61dae470f640bbdc4dcd,3418857,UNCERTAIN
062ff5a817a0e61cd706,3418857,UNCERTAIN
fc20fe4a85e48b8065d9,3418860,TREND
e2181834ffd16381fdec,3418860,TREND
3aa2b17ea53dd585b59d,3418901,UNCERTAIN
6cfaceeb3f331e72b836,3418901,UNCERTAIN
438b244c81db8dc6ec69,3418901,UNCERTAIN
914173738ae8a4d0cd7b,3418902,REVERSION
ceb0c914c2205fa7d1b2,3418902,UNCERTAIN
96badd4b50e8f8e43f3a,3418902,UNCERTAIN
2c7cda7e34f4c8341343,3418903,REVERSION
2c759a00d6f5463e8e2d,3418903,UNCERTAIN
8c51c7ee7c60d1d8ae8d,3418903,UNCERTAIN
806ba8b4bfba17674eb9,3418911,TREND
54fdba5194f10684226a,3418911,TREND
5a39d648a5ac9bf76d80,3418911,TREND
1ef1f689e89174203349,3418914,UNCERTAIN
20a387cd02561264f444,3418914,UNCERTAIN
25deec6865747ffd18fb,3418914,UNCERTAIN
5aac96c85c603c3fb963,3419089,UNCERTAIN
26597cc1fbba5df88d56,3419089,REVERSION
c395b47afb6dbd5ebd8f,3419089,REVERSION
1cac30717aeb0ce6eaa4,3419090,UNCERTAIN
a8bd6a38fe18fa3465dd,3419090,UNCERTAIN
7931ef8ee1742cbe60bd,3419090,UNCERTAIN
db50373158b0bbe07de7,3419091,REVERSION
7048262d09dcab33872b,3419091,REVERSION
439348d735956c06b3b7,3419091,REVERSION
74188b87de7f3de7b354,3419092,TREND
1041fe12cc2c971847b2,3419092,TREND
0eafb1bc505cdc091dc6,3419092,TREND
915df29cd25c95da837e,3419097,REVERSION
5f98c8fde2031bac461a,3419097,REVERSION
564d79e4bf566b3474c6,3419097,REVERSION
f44b100812994c0f6d87,3419308,UNCERTAIN
bf30a32f8d951d0907e1,3419308,TREND
cbb0fcde02166503eb98,3419308,TREND
4509cf388a7fda4c1100,3419310,UNCERTAIN
3bda1b13ca30032f990a,3419310,TREND
2d159819afcbffd48ebc,3419310,TREND
1d63c345a1d67ff3c365,3419311,TREND
b5b24b6405b37ced94a0,3419311,TREND
e88cabfbc38997b4aeb2,3419311,TREND
33c413055ab511de7aab,3419317,UNCERTAIN
bf9f93a56c045b232e4a,3419317,UNCERTAIN
3c03f509eda4981de939,3419317,UNCERTAIN
1c392e7808506793607e,3419318,TREND
5b6676cd46624f3a6871,3419318,TREND
9299dc2c203b6328128f,3419318,TREND
4eafe1e4a26234fdaaba,3419760,UNCERTAIN
dcd89efa5d2142e5cd75,3419760,UNCERTAIN
8f9d4981c6d3b1ddc65b,3419760,UNCERTAIN
ea16312f6e320e0b36f5,3419764,TREND
73155b89bab39aec557b,3419764,UNCERTAIN
fdff20197206674fc591,3419764,UNCERTAIN
3bca894a94a3d9aaaf4c,3419765,UNCERTAIN
016c42fd3746a459f902,3419765,UNCERTAIN
64de05ff74150745d3a4,3419765,UNCERTAIN
d2857cac2ae34c858727,3419766,TREND
a1813e180121b0cfe490,3419766,TREND
1635ef6a55a75dc1bedd,3419766,TREND
ca6a516f8c40fbed3f14,3419770,TREND
8c7538dd45305898ec07,3419770,TREND
6e8f318d25951822d68e,3419770,TREND
15dac7d9e9b78f902667,3419798,UNCERTAIN
d6c9609a302d6896b3e9,3419798,UNCERTAIN
4f8e32dc475fc951de89,3419798,UNCERTAIN
5c258c43212cbc81cb02,3419800,UNCERTAIN
5c730b592454b083cbd2,3419800,UNCERTAIN
6e4150a790de8e3d4139,3419800,REVERSION
6af4c13a8a987a45267f,3419801,UNCERTAIN
588e0f633d3547aa8673,3419801,UNCERTAIN
93b501c16c34178566b5,3419801,UNCERTAIN
c84095626a5f26051e09,3419808,UNCERTAIN
ea099f21776813562791,3419808,REVERSION
e68d69fd44891e2ebaab,3419808,REVERSION
190a8ff351824c3fd66c,3419813,TREND
60977874ace72d60fdf9,3419813,TREND
69e710468a2afea78417,3419813,TREND
f77329e6a07b642e0bc5,3420141,UNCERTAIN
9d6c0ce8d026f15a4328,3420141,UNCERTAIN
26113e55bd7f1f49a844,3420143,UNCERTAIN
213d18115919222f4d1c,3420143,UNCERTAIN
94f0072e87ddd3fdea97,3420143,UNCERTAIN
d1627d923ceec275a831,3420152,UNCERTAIN
196bb1c453cb07d7bd7d,3420152,TREND
c4fbbd4dbbc40f78844f,3420152,TREND
955a2ce35ee1ec12ffb3,3420153,REVERSION
fcc54795e38aee0c1c36,3420153,UNCERTAIN
16d038366ef71033cfbc,3420153,TREND
e130ed4927f72018ab40,3420154,UNCERTAIN
f184d426cb0bdd8e23a7,3420154,UNCERTAIN
1bedb075f5b20b18746b,3420154,UNCERTAIN
10cbd2a08769bdba4d4f,3420316,UNCERTAIN
4bbcd04f02b7993861b3,3420316,UNCERTAIN
94ef28965d6e829aaf07,3420318,UNCERTAIN
5cfda13de4195d03086c,3420318,UNCERTAIN
c29cf366384ebaf80b95,3420318,UNCERTAIN
aaf744ad05b4930a2829,3420323,UNCERTAIN
57753a4c3740f011f962,3420323,UNCERTAIN
7cd99d78f37d51a02f03,3420325,UNCERTAIN
053fb0ce2bcb04ccb90e,3420325,UNCERTAIN
ef003548195fdec146d2,3420327,UNCERTAIN
c04c7a81ae8c6182c6a2,3420327,UNCERTAIN
e2163488180eaedc0071,3420416,TREND
483696c4d1b05dff0cd0,3420416,TREND
20e0a4d500433de010a1,3420417,TREND
eaabaa45718e7cb7666e,3420418,UNCERTAIN
487085efa4cef3c20392,3420418,UNCERTAIN
207499e7ab34d1a0a1f2,3420425,UNCERTAIN
c8dd09e5fd46036d5150,3420425,UNCERTAIN
784333b5218c8edf6d9e,3420427,TREND
fe455cad3118f1e19b96,3420427,TREND
f6b1bb0253059faad3e5,3420645,REVERSION
b493ff3c6f67d5a56d32,3420645,REVERSION
03c8ee4e4173583a55fd,3420645,REVERSION
47c12aff9cfdbf1f7976,3420647,REVERSION
a6e7ec67e4840ff6762e,3420647,REVERSION
d680ead3e82597c3b760,3420647,REVERSION
175c939c6b62b8d6316d,3420654,UNCERTAIN
f21e4a900bf1ebae84f5,3420654,REVERSION
55f6b6785795a071dbdb,3420654,REVERSION
4b7c77cedceedccb3987,3420655,UNCERTAIN
57b1ab93b56a1f94797e,3420655,REVERSION
9466a47c13793742bd66,3420655,REVERSION
d22b49d4f849b5114528,3420656,UNCERTAIN
955f11604dee5df2cc38,3420656,REVERSION
108ef8673b6c97875fe6,3420656,UNCERTAIN
ad2f67a0a23fef5575fd,3420752,REVERSION
6d281a021336f2bf1d8c,3420752,REVERSION
9b2d4fdf19e3c7e73a0b,3420752,TREND
998dc034e523fc41686a,3420762,TREND
ecddc92382f430c4e99e,3420762,TREND
241d22534b04572b3002,3420766,REVERSION
4789b740c33fc24b2818,3420766,REVERSION
910272bba05fce0ae12c,3420767,REVERSION
473f9ea7390e72644796,3420767,TREND
68b80e659e059cf76edd,3420768,REVERSION
dc382abcb3367550edac,3420768,TREND
dc7ce290fda555a18eeb,3420977,TREND
ad8c4a15c5004265c5f7,3420977,UNCERTAIN
11e1416769551da31ff6,3420977,UNCERTAIN
852116957a0c9a603ec9,3420979,UNCERTAIN
b29e978531fb5a5df88d,3420979,REVERSION
f3dec654d899aeef27f3,3420979,REVERSION
e6cc2eda4845b5a4965c,3420981,TREND
1cf7a84db5305aae2533,3420981,UNCERTAIN
4d55b937ffbe5722eb7f,3420981,UNCERTAIN
73ff314360bba600e5c9,3420987,UNCERTAIN
76d96a1bcd6b6f3a39f7,3420987,UNCERTAIN
64ff6b4b95dabe9556d4,3420987,UNCERTAIN
37e2cccb19c2579f8a2b,3420990,UNCERTAIN
a68fc2a7047321712700,3420990,REVERSION
92470904aa8c79134ccb,3420990,REVERSION
b8ef952817fe9768dbcb,3421043,TREND
183ad96c83bc58e79f25,3421043,TREND
5321591709bc7c0fc173,3421043,UNCERTAIN
315e434e3211eb59c50a,3421044,UNCERTAIN
e70a8e7dc64806eba5bf,3421044,TREND
c184276fdaa68b21ab27,3421044,UNCERTAIN
e374e4ced04972883573,3421045,REVERSION
86dddde077795dfa2ad5,3421045,UNCERTAIN
d1417260543ab4ae7c3b,3421045,UNCERTAIN
7dd5ec07269a389b4bd5,3421049,TREND
00b29d3201e137261b1c,3421049,TREND
4b511d6fb50c026b9986,3421049,UNCERTAIN
39a842bd560823c969c3,3421053,UNCERTAIN
72a9daa8f45ae0d70119,3421053,UNCERTAIN
a73e187920b675caa966,3421053,UNCERTAIN
a821ec819b50c07abe64,3421140,TREND
238041e6d85a66352dac,3421140,TREND
896d40a1a7f170216bfb,3421141,REVERSION
12e6500dbaa3e67d1e64,3421141,REVERSION
8c0d1095171c26446d70,3421144,UNCERTAIN
6950ec4f9c54f80fc1fc,3421144,UNCERTAIN
41bf09d946f6a897516c,3421147,TREND
606471ac0a0cb6a3d006,3421147,TREND
8cd4b72af36a4a66299d,3421153,REVERSION
3dbd2f7fed1a0ec6162e,3421153,REVERSION
23ca7d54225e13e27a58,3421287,TREND
9a80a599ace87f1ab264,3421287,UNCERTAIN
e5bf608f4ee77edba090,3421287,UNCERTAIN
09b4930ebfbb47cdbee9,3421289,TREND
7b7cb9564dc07c0c56f0,3421289,UNCERTAIN
db051e800bc48a60f944,3421289,UNCERTAIN
7092642891f871218c58,3421290,TREND
8d261950d077a42d6a35,3421290,TREND
8b491f1ae49c312e5682,3421290,TREND
1656806ab4e7d51b1ea5,3421297,TREND
d0c5e057a7ce93259c2f,3421297,TREND
8e049cbaedcf89930000,3421297,TREND
f7caa2aa90bc77cd33ca,3421299,REVERSION
16a128741132489140b8,3421299,REVERSION
b4f40ddd6fa79679ebdc,3421299,REVERSION
c271fee176a806b6f500,3422072,UNCERTAIN
a5f850d72ff29d98cb01,3422072,UNCERTAIN
42bd28f1c2fa14e829be,3422074,UNCERTAIN
b716a3a4d66e012893bf,3422074,UNCERTAIN
607c42ab2db6d40143a2,3422074,UNCERTAIN
bdd0fedad0e1b7653d4d,3422075,UNCERTAIN
bf7177d913da88f20cd2,3422075,REVERSION
ce28323bb72c9d697b8f,3422075,REVERSION
3a27e1d75374e847c362,3422085,REVERSION
7fb38b19d6fbb6c4c2f7,3422085,REVERSION
1efd967d3d68748ae79c,3422085,REVERSION
c17b3d1dd8a3522f2c6f,3422091,UNCERTAIN
a8da16fec067532a85c7,3422091,REVERSION
05587850822295494b60,3422091,REVERSION
261c6466e79216435e8d,3422232,REVERSION
c3d172762099ab45e4fe,3422232,REVERSION
e95344804c256e35ca31,3422232,UNCERTAIN
8f24551a8e995e92f9bb,3422235,UNCERTAIN
e887d1b27cb04d813e59,3422235,UNCERTAIN
5d44a72e3524db305273,3422237,REVERSION
dd79f5168e18389caa36,3422237,UNCERTAIN
980d498cc2e415b4386d,3422242,UNCERTAIN
ecd9210d1ecd04a87d01,3422242,UNCERTAIN
9ebebe193d9a4348fbea,3422245,UNCERTAIN
c3a468f5b64fa97fb886,3422245,UNCERTAIN
6e4b26b8d2d499511ba5,3422314,TREND
d9e1b7a6765c8f94af47,3422314,TREND
ec6cf165a641745b5405,3422317,TREND
9cc118d8ff9a7ab4ab39,3422317,TREND
efff1a91324f92410901,3422318,TREND
2001e260a26c28d828e3,3422318,TREND
3eb8510fea7e42be41d8,3422319,TREND
f373d21a829b0a8f466e,3422319,TREND
41375e6db0b4ba031e19,3422320,TREND
f2c68ac093b84a583d8e,3422320,UNCERTAIN
9379dfbedaa906559629,3422518,REVERSION
50396bdda8ef19446559,3422518,UNCERTAIN
20bdb486389ba2d91e0e,3422521,UNCERTAIN
76502e8c9c494213f199,3422521,UNCERTAIN
b7dc9f9c2f2163480574,3422522,REVERSION
f380897fe52aab3ba1e9,3422522,UNCERTAIN
fae8cdff85132d060344,3422525,UNCERTAIN
ee3420fc4bc76c1a4d6d,3422525,UNCERTAIN
7ce5d008a655c65406cd,3422526,UNCERTAIN
43706fc40bd9a5f91c22,3422526,UNCERTAIN
9a0079dda8ece23be393,3422746,TREND
03a58e155588fbdb4fdc,3422746,UNCERTAIN
eaf3ea3231aedf535d1c,3422746,TREND
ea60977f308a392782c3,3422747,UNCERTAIN
2d30edf84e52fa976e59,3422747,REVERSION
76893399dbab549d9a69,3422747,UNCERTAIN
27f46e0f4034b8dee325,3422752,REVERSION
5e3608eaed330915d657,3422752,UNCERTAIN
6efd89c2478b35ce292f,3422752,UNCERTAIN
1a1890d0a2cc93ff6f1a,3422756,REVERSION
be9665df6d7c9b40b3be,3422756,REVERSION
8d6301b3326281672ee3,3422756,REVERSION
0f5343312470c5dcf859,3422757,TREND
c0fb5aca3e594a9a523e,3422757,UNCERTAIN
abc2e0d62c77a35af77f,3422757,REVERSION
96f49293dd5a73e85af3,3423535,REVERSION
625e05e284ef8041dbd5,3423535,REVERSION
8ee6c35702cc09e9afb4,3423535,UNCERTAIN
c2101e6466b842ec8773,3423538,UNCERTAIN
bbcf7c4c2d0ea7141e2d,3423538,REVERSION
1afd38a8764430a61b9f,3423538,REVERSION
709919d0feef174fa2e1,3423539,REVERSION
ef706968c7620170e07b,3423539,UNCERTAIN
184c7fec5b87addf5bc7,3423539,UNCERTAIN
b5c138f82381a65f1f75,3423540,UNCERTAIN
a7c04d4522d5bfa0342b,3423540,REVERSION
1f8165515374503dff82,3423540,REVERSION
1cc04a9f04baf529098c,3423547,UNCERTAIN
3fafdcd3d0d98f984ffb,3423547,REVERSION
af16a0a840a0bdb1af8d,3423547,REVERSION
bac81016b805d6f68b3c,3423607,TREND
7022c03d9ca2b9ea70db,3423607,UNCERTAIN
1c47f86a0e29eada028a,3423608,UNCERTAIN
ec89542d257bd901c0a9,3423614,UNCERTAIN
7d0663ade57e68d043b2,3423616,UNCERTAIN
43625b95ebf5b74660d5,3423618,REVERSION
cb5b28b550903f3a5e29,3423826,TREND
87ef9d3aae2c2b9dc49b,3423826,TREND
c609f53a61513c1ec746,3423826,TREND
fd621a79f94a8c76184a,3423827,TREND
2a8512295ed3e496073b,3423827,TREND
f5f970faa6fac05085a8,3423827,TREND
649bc6030d3d18003950,3423828,UNCERTAIN
d1d42bb8645deddea19c,3423828,TREND
c4d8ec378b6d66f2c233,3423828,TREND
f374f4e2c733b00c37d0,3423831,TREND
e385305e2f167aafa847,3423831,TREND
3b84c32b51bfde99ae07,3423831,TREND
84302fe3892144d7630c,3423835,TREND
da8f283703bb9d118882,3423835,TREND
05dbc4ce69995913a3b0,3423835,TREND
0d23dc95c7ca456eafb6,3424907,UNCERTAIN
6603b7bff09bed70a573,3424907,UNCERTAIN
23344dea954a39813412,3424909,TREND
4ee31b577f9cecff1e6a,3424909,TREND
8eddcbf3a600c0f7722c,3424912,TREND
5944d19594fb8975e41a,3424912,UNCERTAIN
dfccccd0a72d1ba99f59,3424916,TREND
2c877bb6ef9200388010,3424916,UNCERTAIN
996d313840b2a25f4bbd,3424918,TREND
fe934b129a7e4187b124,3424918,UNCERTAIN
6ee506ee0934cef94127,3425459,REVERSION
6cdca1de55b6474b88bf,3425459,REVERSION
159b14ffd471ceaeb356,3425460,UNCERTAIN
4ed48e9b3ec603983e4d,3425460,REVERSION
e407da15ea20ab450d72,3425464,REVERSION
926c7afe64f7c8deccb2,3425464,UNCERTAIN
51ca50e464232d063860,3425465,UNCERTAIN
785ab67ee3cb3b41ff59,3425465,UNCERTAIN
a88073e33bc8d5c433cf,3425469,UNCERTAIN
231fe31ac32006c64d48,3425469,REVERSION
a9b1d2b629ab65974959,3425469,UNCERTAIN
292a53e4812a0a98c0f0,3425698,TREND
df53a6973f59e9efb5de,3425698,UNCERTAIN
db5b86bd247d38f22e68,3425698,UNCERTAIN
17968cc774b9f560739a,3425700,REVERSION
ade26f7c5e3244634437,3425700,UNCERTAIN
84e71d1e56e7a65c628b,3425700,UNCERTAIN
0fddf812924ced6b2fed,3425703,TREND
2292a41dfe2133539c2f,3425703,REVERSION
04f099ca57816ab654d8,3425703,REVERSION
b42c384ab883c1003ac1,3425704,TREND
73d01ece103ca75f22cb,3425704,UNCERTAIN
2c1e5810ca95e0e95c1d,3425704,UNCERTAIN
e8e43f7daf7682fb9956,3425706,UNCERTAIN
6d7a7a4ef6b0f53a8bd3,3425706,UNCERTAIN
a84dbd9e1ae49aa8fcea,3425706,UNCERTAIN
a446c5b47e06f1c0038f,3425804,REVERSION
8a1e58043a8f0bbf64ac,3425804,UNCERTAIN
4efc293851a244263fb6,3425804,UNCERTAIN
a52ceb4d5b751f3e870b,3425805,TREND
aa7a7abfb02565f97f37,3425805,TREND
26058f858cbe5d14f571,3425805,TREND
b09fb1a8408d4b14dcbb,3425807,TREND
aaf31bb56b6c8bf4d4a1,3425807,UNCERTAIN
dc7a058f0bb33fd87852,3425807,UNCERTAIN
fdfd7887533c1cb5f7ed,3425808,UNCERTAIN
2733e17235b21f68c673,3425808,UNCERTAIN
337cfa1cc312deaaf6d2,3425808,UNCERTAIN
cee399c1e2ca8946f05e,3425815,TREND
54790946756d6c2fec78,3425815,TREND
2406a72b2d71e489d944,3427085,UNCERTAIN
5b85a7a4667b94003b0b,3427091,REVERSION
d43bbcd38101eeae75f5,3427091,REVERSION
e290094dfae0c57afcf4,3427093,UNCERTAIN
8d9589c14f04486824e5,3427093,UNCERTAIN
34504258c5df5849c429,3427097,REVERSION
9fe81fc158a3c691dd4f,3427097,UNCERTAIN
abf87d102d22285b4630,3427098,REVERSION
11c27b4898315391cee3,3427098,REVERSION
3cb83bdc2e0ed0721d18,3427098,UNCERTAIN
65db81ac2491f1eac74b,3427838,TREND
18e8bb3cefabe623c531,3427838,TREND
c36cc5c55e1b2dd750df,3427838,TREND
c9c0dc8d78868fa8920d,3427840,TREND
c85678eee50047448d43,3427840,TREND
2f4d18ef1ec52e349178,3427840,TREND
41344a81bf0bc3dfe7bb,3427841,TREND
8e9923627dcb180ef934,3427841,TREND
d7a2adfc6f7f0a09a788,3427841,TREND
19065acf80e6f99d4625,3427844,TREND
79958510eb79c813d42d,3427844,UNCERTAIN
4658810cecee92344834,3427844,TREND
0bb37c6218556ef8f968,3427847,UNCERTAIN
239b2202ef89792aa6da,3427847,TREND
26e13cf2a47ff31068bb,3427847,TREND
32993d8e5a135008949d,3429004,TREND
18f78e8f1fb2074d4357,3429004,TREND
32b6ad93e0ec6f289449,3429004,TREND
16a043fc7a93748f8316,3429007,UNCERTAIN
1e54ceb42fbbfc392cb3,3429007,UNCERTAIN
f78226dc507bfe396cde,3429007,REVERSION
93b8f85697340517cb8e,3429008,TREND
5de753ac2eb58ebb7513,3429008,TREND
d2f7029506721fd84e50,3429008,TREND
1554259237da0cce882e,3429010,TREND
73f3b5f37ea17ef625f7,3429010,UNCERTAIN
7efdd301226c151ca417,3429010,UNCERTAIN
b68f668bd85431523268,3429011,TREND
7a75c34bde3ff7c4cb2c,3429011,UNCERTAIN
e916b795a4c7f68cbef5,3429011,UNCERTAIN
5a207cc22b7adae3970a,3429081,TREND
d3d4c376d94a4fb050cd,3429081,UNCERTAIN
0bc50fb50a8b1eea38b5,3429082,REVERSION
103dae70e9553ceb400b,3429082,UNCERTAIN
c751e771a306e4a6891a,3429086,UNCERTAIN
b90545985657f1ff311a,3429088,UNCERTAIN
67d50ca969a776fff5a6,3429089,UNCERTAIN
67f0a0180fc6158375a5,3429089,UNCERTAIN
aeb51c72f8a8a3c70230,3429290,UNCERTAIN
584bfb9054f326042d45,3429290,REVERSION
4c4b3934890971edb4bb,3429290,UNCERTAIN
528ede0106dd7e3a0077,3429298,UNCERTAIN
ba1a085bb1c31bf69409,3429298,UNCERTAIN
f97336205d6e41444d99,3429298,UNCERTAIN
3cffefac0a7317e111c4,3429299,REVERSION
811a4849ef9451569ea8,3429299,UNCERTAIN
7d0458ee8842a654dd9c,3429299,REVERSION
0648f2317000a2f1b69d,3429303,REVERSION
75f54120c99e96af938e,3429303,UNCERTAIN
51c2e56cd83c01fb0f98,3429303,UNCERTAIN
92358fdd4ced50d47b4e,3429306,UNCERTAIN
3ee3e710f7e45dc99c24,3429306,TREND
f5006ef3472d634205fd,3429306,TREND
3aa5195d3b417595d581,3429530,UNCERTAIN
b1f5d9489c98cda56284,3429530,UNCERTAIN
7827ddc9bd413136d34e,3429530,UNCERTAIN
14b17edb993952f0c741,3429531,REVERSION
92ed9d206d61dcaa9cd8,3429531,REVERSION
f04558d4815a79a3d49a,3429531,REVERSION
303de233ea59e71a94c1,3429532,UNCERTAIN
205896f6b94ca8847bd5,3429532,UNCERTAIN
20d613e6b6af9a838d1c,3429532,UNCERTAIN
0fb243bfbffc3a4e66a3,3429536,UNCERTAIN
5098bfb0bf107d169aa0,3429536,UNCERTAIN
bb6c1f781bf696e4f6ed,3429536,UNCERTAIN
5e7a97f716a2b26e04a8,3429538,REVERSION
c059fbae8b187dbf9029,3429538,REVERSION
daef7e44d29f5a8f7df6,3429538,REVERSION
6d9937e5c434e2ecaef6,3429614,UNCERTAIN
a4fd276be2c698234d6a,3429618,REVERSION
32e78cd9eed893c24941,3429620,TREND
734c4280f07363633ffd,3429621,REVERSION
fda160e4e5c8fddc8db4,3429623,REVERSION
01db2df0d1cf1ca019c8,3429623,REVERSION
bcb26a4ae04904521924,3429834,UNCERTAIN
61f502cd1afa419c378f,3429834,UNCERTAIN
5516f905aedebe2bc076,3429834,REVERSION
e703e3ebabb8e9ffa48a,3429839,TREND
ca3241677bf49da0e516,3429839,UNCERTAIN
ecc70a472ce0be03120e,3429839,UNCERTAIN
8602dd8059ebc0ffab4d,3429841,REVERSION
46505297e690ad8531e5,3429841,REVERSION
3b5c61677174ceb6b7b0,3429841,REVERSION
cd0328baf737c5726422,3429847,REVERSION
c004e634556d59fb1dc2,3429847,REVERSION
b176a41c126c7d3333ca,3429847,UNCERTAIN
fcbfc8f86d9d557f4960,3429849,TREND
5b7b0761bf2acbccb0a3,3429849,UNCERTAIN
d3c41491cd3c9bd0a54e,3429849,UNCERTAIN
0299d4242d556091247b,3430092,TREND
7d79f4e1ad985e443d4f,3430092,TREND
b76b2db925e5296f7f71,3430096,UNCERTAIN
75810f821ba501486747,3430096,UNCERTAIN
b0ae7dbd217625e708da,3430097,REVERSION
157c833ea1d836cdce5d,3430097,REVERSION
43aacd103e55e2a73dbd,3430100,TREND
fa1a07ec29084614c3d8,3430100,UNCERTAIN
d98ca41e0bdcb5e18ac8,3430101,REVERSION
645e5320b1b2e650ff37,3430942,UNCERTAIN
af079603c133bbceed54,3430942,UNCERTAIN
fc853e55dd07cb332a35,3430942,UNCERTAIN
656c01ec3feff0218921,3430943,TREND
1b65a6b0c8ed208ef54a,3430943,TREND
691846934eff58c78851,3430943,UNCERTAIN
0b17b87eb4e43706e83b,3430948,TREND
b7c9a36278792108c57b,3430948,UNCERTAIN
f1dc2fbd4095434f79ed,3430948,UNCERTAIN
ca4db62d24146e45c260,3430951,REVERSION
33d2f550013668b277e2,3430951,UNCERTAIN
d48b5ae87e958a2b4aaa,3430951,UNCERTAIN
96dc08cde8ad044d95a0,3430953,REVERSION
e47107690e90baff2e76,3430953,REVERSION
b6f28ee9343e9a84c4c8,3430953,UNCERTAIN
0dc573aad3305bd8681a,3431418,REVERSION
9ba5fde1a57c8e514e1d,3431418,REVERSION
492a1f7e61a0230ec276,3431418,UNCERTAIN
ebfc91b855241fcd91d1,3431427,UNCERTAIN
5786ccd002b528ed4f31,3431427,UNCERTAIN
a1ba52c1d75f0b0fab9e,3431427,TREND
c5a87f057cc62f2937b1,3431429,TREND
db3bf6bc04689479e7a8,3431429,TREND
5434a3e606e4710a524f,3431429,TREND
196ee27d537f3acbe23d,3431430,UNCERTAIN
9aea8a5f8d450e303845,3431430,REVERSION
c2d79e274bc7cf66408c,3431430,UNCERTAIN
88ee4973426b088078be,3431431,REVERSION
cd85261bc6bcf6e3ffef,3431431,UNCERTAIN
6e19d26e51a992203574,3431431,UNCERTAIN
40d6671b5d98fce9fcbf,3431584,TREND
2dc85268564b3f855f41,3431584,TREND
2ebfc755cc52b877b505,3431584,UNCERTAIN
378a263b376064337b01,3431587,REVERSION
5fea2a7c3a57c6bf5256,3431587,REVERSION
72e15ff5e8267a1932bd,3431587,REVERSION
57b89c2348d1a92d67a9,3431588,UNCERTAIN
99b2b6a09d4d93e7823d,3431588,UNCERTAIN
f19190e7d9e09034dbf3,3431588,UNCERTAIN
f264537acf3bb1ee673d,3431597,UNCERTAIN
36a4d3df7e4c0beea989,3431597,TREND
5e5eade1e73770574e8f,3431597,TREND
543f67bbf13d50770a93,3431598,TREND
baef038810e089d59cce,3431598,UNCERTAIN
7fb324ee2545d4e7fbc7,3431865,UNCERTAIN
5695aae98aec79caa4ff,3431868,REVERSION
bb9c59fa23cbdf80d985,3431875,TREND
e245e5ea152145f2259e,3431877,UNCERTAIN
ad6a444e48c4eca1b897,3431877,UNCERTAIN
e0f8d55f80a576b6dd3c,3431878,TREND
656aa9db0897e98b04b6,3431878,TREND
239adb8bf1d282333c48,3431878,TREND
25609a7780e5132d59a7,3432055,UNCERTAIN
7ec4ccb8030c9a141488,3432055,UNCERTAIN
3c85d02ca951b73f5524,3432056,UNCERTAIN
d4ca950304a38510dfd0,3432056,UNCERTAIN
e85376aab13d089fa9fa,3432056,UNCERTAIN
d21dcf0dcb3ed60074c8,3432061,REVERSION
859b41f4b3917de2db47,3432061,UNCERTAIN
7f5ff991f45fa427c1c1,3432061,UNCERTAIN
39cc9ee38300358bee21,3432064,UNCERTAIN
7cece6b9e4d5ec0132f9,3432064,REVERSION
7340e314756b41502992,3432064,UNCERTAIN
f4c7d43d1de75431b60c,3432070,UNCERTAIN
d3dbf3268105e64f6196,3432070,UNCERTAIN
11f74a1ec62cf0636f5d,3432070,UNCERTAIN
decf00ff9259ce7eefac,3432264,TREND
d443647a3c64a27a64fe,3432264,TREND
40ff3579d1e7c0b21315,3432264,TREND
88fab3d0fed406e50cbf,3432267,UNCERTAIN
697086f7682bd2ea5b7a,3432267,UNCERTAIN
388b5c19ffcf980a4499,3432267,TREND
2c2ad6b24ad4237ad88a,3432269,TREND
5f9c63e0c31bb110b9fd,3432269,TREND
7783142ea818d5070894,3432269,TREND
8142640b0786c28e33e4,3432270,TREND
2bbb5068739264ca43fa,3432270,TREND
6bc778889d681998f805,3432270,TREND
995c3f7db1112bb56641,3432272,TREND
b4616fe0034c1bd34418,3432272,UNCERTAIN
6ee70873025cafa93a8f,3432272,TREND
52253f944e2b29c8d488,3432403,UNCERTAIN
ed4561c529b9129e77ca,3432403,UNCERTAIN
4d80fb9ab7de015dc7f7,3432404,UNCERTAIN
f20518cf8ec537ad2d4b,3432412,UNCERTAIN
afd079aff9a3e917ce17,3432416,UNCERTAIN
850f9fd451daf63a1159,3432416,UNCERTAIN
90477fbf751487b13307,3432417,UNCERTAIN
d73179dee3d51675e659,3432951,UNCERTAIN
f32aaeaf23b04df39446,3432951,UNCERTAIN
a93d1885b4c97a9bab22,3432951,REVERSION
fa20a8ebe95538888389,3432953,REVERSION
6a1a5f3a0f350ff76f9c,3432953,UNCERTAIN
cb030ebaa041bc83b0b2,3432953,REVERSION
1fceffe2f33a46c5ee3c,3432954,UNCERTAIN
0688b13f45bdb80e7ce5,3432954,UNCERTAIN
4a1e346d67583ed5b949,3432954,UNCERTAIN
e2e0a31d6fbf16cc94b6,3432963,REVERSION
ce3ff181339a000af685,3432963,UNCERTAIN
2aca2a943d84908588ff,3432963,REVERSION
fc7a1a67bbe356892669,3432965,REVERSION
6860e33ed53add5c7e72,3432965,UNCERTAIN
f5a2197dcd6a2d75cac2,3432965,REVERSION
bfd314c3618c6186214d,3433088,REVERSION
070ab4680a3483aedc6e,3433088,UNCERTAIN
c3ea40bf2dfa99789f60,3433088,UNCERTAIN
b5e6dc2ed3a0548f98a4,3433089,TREND
04c449ff3312c4b93ecf,3433089,TREND
0f6e1cb21302187a36a7,3433089,TREND
84da1c0d31881e1c20fa,3433092,REVERSION
2ebf3cd2ceae744aba2d,3433092,REVERSION
037f0518aca9c4d03fe8,3433092,REVERSION
e0302eacc87ddf6c9a6b,3433093,UNCERTAIN
f726f88ebce4fa35a5ae,3433093,UNCERTAIN
46da4dcba274992479e6,3433093,REVERSION
dc25d7ca9dfb87b74e78,3433098,TREND
5077c9c629f54013b277,3433098,TREND
811a36e0295b07ec0926,3433098,TREND
5fdccc4503e3f9109de2,3433180,TREND
0df948dd842177ba44ee,3433180,UNCERTAIN
177700f3bf1de431ada2,3433180,UNCERTAIN
702b35fbd5c0b92363ca,3433186,REVERSION
7e57c4bd767ac8367765,3433186,UNCERTAIN
67770e927fcbc7721aa5,3433186,UNCERTAIN
d455e122a129a0a407fd,3433187,REVERSION
e8c34635bb4a2b75b061,3433187,UNCERTAIN
98b58425c6bd8510392e,3433187,UNCERTAIN
95cc1596865fd022caa3,3433188,TREND
517d1467ab742290d213,3433188,UNCERTAIN
81d67d700a29b04b38e5,3433188,UNCERTAIN
429cb9f196720fb34d2d,3433189,UNCERTAIN
cc8d47ace7ce78b557c7,3433189,UNCERTAIN
b92e61b0f967b423cdf0,3433265,UNCERTAIN
056bea34fd5e71eb6c0f,3433267,UNCERTAIN
c31c511611a5642192d1,3433267,UNCERTAIN
97a28e0272a297a90360,3433274,UNCERTAIN
523720e28aeb0e283978,3433274,UNCERTAIN
98a1d9ad7077a3ecd587,3433276,UNCERTAIN
fd2f25f630bb785d137e,3433276,UNCERTAIN
b9649fe80c72725109ad,3433276,UNCERTAIN
e19be59a02bd523914cf,3433277,REVERSION
da4d2a9a528a4b3abaef,3433277,REVERSION
5376a043fb722c419468,3433277,REVERSION
92490077a6a8a84a878d,3433320,UNCERTAIN
75d7ac6ecd8e6fabdca4,3433320,UNCERTAIN
e6835dc220aeccb95900,3433320,UNCERTAIN
d47a0f282b91d0082cb4,3433330,UNCERTAIN
d6c1ed142453d020aa27,3433330,UNCERTAIN
72438b78c04d936a0141,3433330,UNCERTAIN
0b573d9dd8a49f6d8d10,3433331,UNCERTAIN
65b26748f6a3521bbb02,3433331,UNCERTAIN
3d6ca5d4fcef6e9d5d34,3433334,REVERSION
9a7eead414282f1d17ee,3433334,REVERSION
11c0fa0c1bb59de39c19,3433334,UNCERTAIN
e9dc87dd9f7fe6ff0a1e,3433338,UNCERTAIN
6e290aaed4d0d73dd45d,3433338,UNCERTAIN
13d3657b6e1fe65df476,3433338,UNCERTAIN
23ccda2a8a570da82d45,3433481,TREND
f46c4c3abbe26eab6195,3433488,UNCERTAIN
fe8424377a1daf50526f,3433490,TREND
900c26e4cdb5a0d9a6c4,3433557,REVERSION
499e6fd222b9f2b70a3a,3433557,UNCERTAIN
e2f9da3113f888d7c7e0,3433561,UNCERTAIN
e2dc765dc41dab99df5c,3433563,UNCERTAIN
72b6f9c7a3f5845b4a87,3433564,UNCERTAIN
aac7882143bf5a0afb69,3433570,UNCERTAIN
c259f40a32166e5d2b8f,3433639,TREND
8d21523e0741184cac8c,3433639,TREND
e6623d060eefbcdbd7b3,3433639,TREND
0b5b9f8392112d556357,3433643,TREND
315f9fa4b99fd983a75b,3433643,TREND
01c2956ecb6a21d353e0,3433643,TREND
c4b17536a323ea100fd6,3433646,TREND
615bb6ca9756663b5e70,3433646,TREND
51d275e84f8729848e65,3433646,TREND
6f8df6b0309628e84790,3433647,TREND
3a57dab5d0f012b004f2,3433647,TREND
ee0c14ba037fec5000f2,3433647,TREND
8ca543249c3f06f2f373,3433650,TREND
18b4951ab993a29556b8,3433650,TREND
7568e8b842ea6533576f,3433650,TREND
61647453f29a00243cc5,3433994,TREND
ebeccc2548ec9ecb1835,3433994,UNCERTAIN
451a6e08f3fdd4530590,3433994,UNCERTAIN
92ab440578bd23888a6a,3433997,TREND
03d10d6fd4ba01be2bd1,3433997,UNCERTAIN
59a226ab919576a5ec09,3433997,UNCERTAIN
dd59456e676c56d1a67e,3434001,TREND
2934220d4e873600d98c,3434001,UNCERTAIN
830d036aa421a2642150,3434001,UNCERTAIN
cedfbdde492d4babd23d,3434002,TREND
03b52fb0846e9874c5ea,3434002,REVERSION
3ec8e448811720438823,3434002,UNCERTAIN
a1e1d1fe1098e3b5974c,3434005,UNCERTAIN
dbdba498a7dffc6bf7f1,3434005,UNCERTAIN
303a0fceef5218f438ac,3434005,UNCERTAIN
86da6176e00c1802a154,3434081,TREND
fab7d3e02b6dfd4d9fcf,3434081,UNCERTAIN
0843100367ad8ffd9cd9,3434081,UNCERTAIN
4f5ef8a68cd52e6c8e7b,3434083,TREND
2a634d567da31696e388,3434083,UNCERTAIN
58f3416aac44226106d9,3434083,UNCERTAIN
bb7c628e0f49515def02,3434084,TREND
4942adcee8d9d7ccef50,3434084,UNCERTAIN
2ac5d52eea8945459ad7,3434084,UNCERTAIN
75dea3f5e5441867080e,3434086,TREND
fc68cb819aeb3837c815,3434086,UNCERTAIN
785e73835554c86d0220,3434086,UNCERTAIN
cee46e5b38fff93c092b,3434094,TREND
d18288610d07b604b18d,3434094,UNCERTAIN
f066827f2d1bb6fbce87,3434182,TREND
851460b6c443dc17fc4d,3434190,UNCERTAIN
c96681c856ab15a660d6,3434190,UNCERTAIN
09cbd2c2f0ebdf6bfb2a,3434191,UNCERTAIN
e4f7af1a04cd927cd4e2,3434191,UNCERTAIN
aa170cfd11b554f81967,3434192,TREND
af023efd1aa3a86158d7,3434192,TREND
8f1d8d5a79c0f29c8215,3434196,REVERSION
1cdcc7145138f9ccaf1d,3434196,REVERSION
08be21527788752181ec,3434196,UNCERTAIN
82cd487c44396171abf5,3434259,UNCERTAIN
e9ca61c20f3078db8246,3434259,TREND
3327006344262faaacb4,3434259,TREND
afae54fb03b775913ed3,3434260,TREND
2082f3ade1b8bafbd815,3434260,TREND
1afc22d5cbfc093439e3,3434260,TREND
c7fb5cffcde79d9f2e79,3434262,TREND
15277fac37fa3eb123bb,3434262,TREND
903977d3295c8bfaf5fa,3434262,TREND
2a39e27621af0b1462c4,3434263,TREND
d71e0bc15f050b5f71df,3434263,TREND
290bbef6eec3a4631fe1,3434263,TREND
f2e1b6b365e664c32429,3434268,TREND
8a7e75446ec52f32888c,3434268,TREND
b530a7e72730e8dfdb78,3434268,TREND
6a049e71b5086a49238d,3434306,UNCERTAIN
6b3652eb299b812bc849,3434310,UNCERTAIN
2d91403a44803755a76f,3434310,REVERSION
625f6df8e90c3d7328f7,3434312,TREND
543ca82ec2b29647e141,3434312,UNCERTAIN
fda309f5d578f84821b6,3434314,UNCERTAIN
18cc9ad4418efb154bb5,3434314,UNCERTAIN
8c5fa16aecac31a46a95,3434316,TREND
c8502316eeda0c56e631,3434316,UNCERTAIN
cc56776df96f47176167,3434350,TREND
12a467908011a28b3405,3434350,TREND
715dcfe1b5ef7969b97f,3434350,TREND
d8bd6b39727829ff69f3,3434351,TREND
75aa322f532a8204d32d,3434351,TREND
5d13f425e55efc3c44e5,3434353,TREND
65a2368e98e711a30a38,3434353,TREND
4b15e58aaf51be193348,3434354,TREND
f2e53c6579dfcdf16f73,3434354,TREND
0a776ba458804414c47d,3434365,TREND
06374b22b87b051fb8f5,3434425,UNCERTAIN
42636b89b20085e3859a,3434425,UNCERTAIN
453f2deb2c693b8bb926,3434425,UNCERTAIN
f3386c1257fcf268c904,3434426,REVERSION
520b1cc5d20a1790e9dc,3434426,UNCERTAIN
b665a2010db7fa19306b,3434428,UNCERTAIN
c28dff974002237406df,3434428,UNCERTAIN
f9f47cc87030b73a29cc,3434430,UNCERTAIN
8f34e64d8d3069369dd6,3434430,UNCERTAIN
ab46bce07548951fe388,3434433,UNCERTAIN
310600033556749580d3,3434433,UNCERTAIN
c8fb6e0e2487b42019e4,3434492,TREND
cbccd34e3ce50eb7d485,3434492,TREND
9b9243c3b794a8a4357a,3434497,TREND
2c26c8374de364c6325f,3434497,TREND
d95ac0762305b5d6d88c,3434501,TREND
d9d2ce7cdd5fe9f9cf4e,3434501,UNCERTAIN
388806ad2fcd563370f5,3434505,UNCERTAIN
0ca8181b574d9a586bfc,3434505,UNCERTAIN
7d991cf89ffa263fc4a1,3434506,TREND
a5e9ee4694f1f1493032,3434506,REVERSION
df65d2768f796afd77c9,3434506,REVERSION
cee6a8b3e0bd9244deee,3434534,UNCERTAIN
bc6fcff15a94fbf0fa49,3434534,UNCERTAIN
670b2ecc7e9e70c4a03d,3434534,UNCERTAIN
c806103a8106f5314ae6,3434536,UNCERTAIN
4093a4e9c20493031007,3434536,UNCERTAIN
7d5f4f865845f9df120b,3434536,UNCERTAIN
036fa311d361d84b7d3a,3434539,REVERSION
de5462591d3ea17347a4,3434539,UNCERTAIN
b5e647d0f309e4225fdf,3434539,REVERSION
a14fe7a035923472ea70,3434540,UNCERTAIN
5a0778b22f6d490b0eb3,3434540,UNCERTAIN
34c3e2e2758002fceb71,3434540,UNCERTAIN
f0174de2ad92e3823e4e,3434548,REVERSION
8d3d017d6f26507734c6,3434548,REVERSION
572dc55faf24f00fd95c,3434548,REVERSION
82f20bcc97485cc45da4,3434631,UNCERTAIN
f0748e09eee8e8c3954b,3434631,UNCERTAIN
907e333852a799cc2d9f,3434631,UNCERTAIN
5cf490e1246e489c78d1,3434632,UNCERTAIN
5cbdfed74dffbe33c6e0,3434632,UNCERTAIN
42f0e1adb9645db93760,3434634,UNCERTAIN
0faa88355a2c2a7f3a33,3434634,UNCERTAIN
ceb5a66b0e4e01eed1de,3434634,UNCERTAIN
13f15f2a75246550fe79,3434635,REVERSION
ea1c0b0b0222f46d4381,3434635,UNCERTAIN
08fc8a6612ef833f056c,3434642,UNCERTAIN
c2781018b62b976bd757,3434642,UNCERTAIN
f44452457c5eb2a9045c,3434794,UNCERTAIN
d4a3369d8dec39bab094,3434794,UNCERTAIN
2470f198a1663a3b6e6b,3434794,UNCERTAIN
12a3730612b0428d1c20,3434796,UNCERTAIN
4342bd5ea078946ea953,3434796,REVERSION
b3b0d6e1c0d8aa1d0cc1,3434797,UNCERTAIN
ea3a5c4eb2713c8a9748,3434797,UNCERTAIN
79145a8afe08d954f992,3434806,UNCERTAIN
c9df551dc4f9b54dd7a2,3434806,UNCERTAIN
789ac1716765503babcb,3434807,UNCERTAIN
a2634930ebd1ce451f06,3434807,UNCERTAIN
39b851e96a02cc750e48,3434944,UNCERTAIN
23b13cf3ba9c5a8e2369,3434944,REVERSION
9b757499d297dfe4bebb,3434944,REVERSION
5f2d95185a789f3f9b56,3434945,REVERSION
931f0cecf17fd16c2b63,3434945,REVERSION
1d7861bb1721162c148c,3434946,UNCERTAIN
dc90d3cb6db56e490b10,3434946,UNCERTAIN
ac0851b208a15fd4aefa,3434947,UNCERTAIN
abd481f506c396ecb832,3436100,TREND
9ef84dfd0ac9adbd8776,3436100,UNCERTAIN
33a9a9873937ab66e99f,3436100,UNCERTAIN
f64054dbb5f84888f8dd,3436101,REVERSION
54d6c05b7fff186d0d26,3436101,REVERSION
a897bb0eb47ecb7652d5,3436101,REVERSION
6a0c0bf78a9ce87dfa3a,3436103,UNCERTAIN
7f9070ed699d6e28af5b,3436103,UNCERTAIN
bd7fa9ea6fa70c5bbebe,3436103,UNCERTAIN
28c082c693f99f99db8a,3436107,TREND
6272158c53e0d6340de5,3436107,TREND
b171428d3fc9e19c5060,3436107,TREND
bffde7fd5d9f4f67a2b6,3436115,TREND
b1fab81349b4254f56d7,3436115,UNCERTAIN
537c3ad721a227fe4bcc,3436115,UNCERTAIN
ec6e180897e7671dd9d1,3436702,TREND
839e2a34697ed7adebd0,3436702,UNCERTAIN
70d308694549ad084dc7,3436702,UNCERTAIN
397e20db6ad9918ea998,3436705,UNCERTAIN
952e78970d5a26964471,3436705,REVERSION
9f109b0c5b7a4ff5a7f2,3436705,REVERSION
3201230b59ca586ced4b,3436707,UNCERTAIN
14a5393d2405117f6ef6,3436707,UNCERTAIN
761777c29ecfb6f09173,3436707,UNCERTAIN
9ec783b085d3a1e77a58,3436708,UNCERTAIN
767c072fb059fc3a2387,3436708,REVERSION
e9d0f25a192c39feac8d,3436708,REVERSION
cf6f08eba3b9293e7132,3436716,UNCERTAIN
c73af31c8d983489e22c,3436716,UNCERTAIN
116bfd5b25859aa79ee5,3436716,UNCERTAIN
095ebcf9f022ec22ae0e,3436847,UNCERTAIN
07ea464821f6c7ed6ecf,3436847,UNCERTAIN
1441d8fae10f7444f8e6,3436847,UNCERTAIN
7eb7bec044b2ff0e985a,3436848,TREND
9158dfc8110241c04f7f,3436848,REVERSION
c0dace9c167a0d75437e,3436848,REVERSION
ac2693d259911609e9da,3436852,REVERSION
e87e0ec6eceb5b1d4dd9,3436852,UNCERTAIN
dfbcd65fec0de2927190,3436852,UNCERTAIN
50739b2660f1d347ff86,3436855,UNCERTAIN
d116ad759290eb1218de,3436855,UNCERTAIN
7213540d9c243f211404,3436855,UNCERTAIN
93af23f6eb36aa0cc5ed,3436856,UNCERTAIN
03a5e6ae54df52d316a1,3436856,REVERSION
fcdc4c782afbe94f9e8f,3436856,UNCERTAIN
12ddc4a9437f75c499c7,3437087,TREND
abfee63c51a30f0f4fd2,3437087,UNCERTAIN
8850e8694680add6f898,3437087,REVERSION
0417b9d739c3e4031df6,3437089,TREND
1cf2e1e193c245f8e24b,3437089,UNCERTAIN
c79161ba72f1152ae416,3437089,UNCERTAIN
b068b2489b853584cc53,3437090,TREND
38e8ebbc83f4708111a0,3437090,UNCERTAIN
fc2530ad703bec547500,3437090,UNCERTAIN
7120105f248c194a0beb,3437096,TREND
04ddba1a0b5500efa3ef,3437096,UNCERTAIN
44645720f2d935c19d1f,3437096,UNCERTAIN
93b01fcbece9f56fdcd9,3437097,TREND
18b275169c29200e6f47,3437097,REVERSION
6e4907231cc7f8714106,3437097,UNCERTAIN
5c7ad74a0cfb034b58fa,3437973,TREND
3154346dfebe0ee61033,3437973,TREND
c47701db406ca3cd4170,3437973,TREND
537699d3981d83343ca9,3437975,REVERSION
c5862e57f9302d7bd1e5,3437975,UNCERTAIN
fe40bcfdb6b79b3344db,3437975,UNCERTAIN
078e0a87036593eb9666,3437977,TREND
1a98332ab9a8e9d2f92b,3437977,TREND
4fd94a76b94082b67048,3437977,TREND
152e5378ce2424726665,3437981,TREND
907b07c8aeb07718ed7d,3437981,TREND
a714dab51c573ec7f4f8,3437981,TREND
099c5cabf898651dc740,3437986,UNCERTAIN
2dcb3e11fcc7b722d50f,3437986,UNCERTAIN
b4c22cb858a3f4cb91cc,3437986,UNCERTAIN
461dd18d3cbb9fc598cd,3438056,UNCERTAIN
995236b36c2410cfac96,3438056,REVERSION
e06733480143bc41f235,3438056,UNCERTAIN
07cfcbc3b678180b99c3,3438057,UNCERTAIN
51d507af54641c158934,3438057,REVERSION
a0c9682a8bf1cd36db36,3438057,UNCERTAIN
6d1eb5fe17ce511b4274,3438062,TREND
85b5aa1e70ba3568e97c,3438062,UNCERTAIN
a5302063b8e492d88bc1,3438062,TREND
3f9e0e6c3c9570880423,3438063,TREND
2bf0930b011787eedd9a,3438063,UNCERTAIN
2dd73e1a3b9c59e11658,3438070,UNCERTAIN
57cc0b0b6f8e823ea4a1,3438070,REVERSION
36ff532db355af102436,3438070,UNCERTAIN
64a776dcec6a794a9611,3438127,UNCERTAIN
7613bb43b9bd783dd58c,3438127,REVERSION
5e01df3cd5a490e6a17f,3438127,UNCERTAIN
f5aad96eeb6514059850,3438129,UNCERTAIN
d18a4b637f88142c387b,3438129,REVERSION
29c336b033a039d79fa4,3438129,REVERSION
edaf722b93a03bf3ef1b,3438134,REVERSION
be574a23f4d93dbae73f,3438134,UNCERTAIN
6f625bd32993f17201de,3438134,UNCERTAIN
d8c3a6476240ae296c61,3438139,UNCERTAIN
0ecf68baee0ddf8e23e5,3438139,REVERSION
77727965988ae1e051df,3438139,REVERSION
36c09e9339799b6eb438,3438140,REVERSION
cef7184c8b166fb3b3a5,3438140,REVERSION
a548ef13b191810b7d64,3438140,REVERSION
aff042219ed79f4e99f2,3438270,REVERSION
b70349bedb659a1f21a7,3438270,REVERSION
660e81328735262ea563,3438270,UNCERTAIN
541ae69818f8b5915589,3438271,UNCERTAIN
926b4866b620d8c09844,3438271,UNCERTAIN
2543b2bce1d4b9c756e0,3438271,UNCERTAIN
3c96b204ebfa3ffeb8b3,3438276,UNCERTAIN
376bfbaa20d60c96d52e,3438276,REVERSION
f909d041033365d3c8f5,3438276,UNCERTAIN
151bf4ee7faeed837514,3438280,REVERSION
7f2bad1cb460f5c58633,3438280,REVERSION
92a7d51c5388853f903a,3438280,UNCERTAIN
898b358278eee0843714,3438283,REVERSION
5a4a7ee912cdae83095e,3438283,REVERSION
b3a501f40251e99f1ee3,3438283,REVERSION
c3887fa159ddc956f2bb,3438546,UNCERTAIN
791ec24213d3d31204e8,3438546,UNCERTAIN
bac41825564f20831750,3438546,REVERSION
6afc6ad4537fa9bd6d92,3438550,TREND
6472b2719d5232fa8630,3438550,TREND
7fb510868dae0b2febb9,3438550,REVERSION
458c08c9adac808c7080,3438553,UNCERTAIN
41cc1d30ffdcb0104b81,3438553,UNCERTAIN
8b4412f125512500b5e3,3438553,REVERSION
bec06c967be2471eac03,3438555,UNCERTAIN
e00e2eb26a5a5d6a8c96,3438555,TREND
8693177027421309b98e,3438555,UNCERTAIN
1d3df44906b37f77feb5,3438558,TREND
0a4d35f7a63845c1bb35,3438558,UNCERTAIN
41db8ec89d3360824d98,3438558,UNCERTAIN
8582a8c578bcceedbeef,3438981,TREND
9528854586c8890a41ac,3438981,UNCERTAIN
b76a6c9411cc0700e0ae,3438981,UNCERTAIN
af37970d8f1fbe1a30b0,3438982,REVERSION
e79744744004ed91065e,3438982,REVERSION
f0d4a1288547fa6084fd,3438982,UNCERTAIN
084307b209050476c3ac,3438989,UNCERTAIN
40d83b7efa365b204481,3438989,REVERSION
441b3eff550d4b7933e5,3438989,REVERSION
baf2754e1afb53ff7cb5,3438990,REVERSION
dcf5d62982126880de11,3438990,REVERSION
73e879eb001c96018dd9,3438990,UNCERTAIN
2c868e21449f8867a8d3,3438994,UNCERTAIN
42031452e89dbacbadfe,3438994,UNCERTAIN
531bc2ec0b12373b193a,3438994,UNCERTAIN
efcefccdd12784eb5215,3439018,TREND
dbf3ace2b917a18693e7,3439018,TREND
fc302a1d2fa0eb68bc15,3439018,TREND
59f9a4d3399c671e37bf,3439027,REVERSION
e0d6eea7e2646fb57a41,3439027,REVERSION
99499911f888112f7832,3439027,REVERSION
f1a0ebf80750a7a59e70,3439029,TREND
7a413b3ef5b8c55af836,3439029,UNCERTAIN
40325d53372a555ce08d,3439031,UNCERTAIN
da0c15d5d2bfdc2cfe68,3439031,REVERSION
b30c64f37291b7f5632e,3439033,TREND
e6268c4c7fd6260ad26a,3439033,UNCERTAIN
9227daced061dfd8624b,3439122,REVERSION
c1489ab940f22eec96c3,3439122,REVERSION
a055b668663c147189cf,3439122,REVERSION
9302dfec03fc62a8b640,3439126,UNCERTAIN
69a2a405682018fff105,3439126,REVERSION
7eda3d81fe62b54e60d4,3439126,UNCERTAIN
d6e2da994790257f3fdd,3439129,REVERSION
f1f5c317e45cbd39d6ba,3439129,REVERSION
bafbd341e58c232c15d2,3439129,UNCERTAIN
b6ed6bb3728c6c09acfc,3439131,UNCERTAIN
685aef70b8bd95cae473,3439131,UNCERTAIN
e6ea0939b1d08c111381,3439131,UNCERTAIN
bbf43dcb10971b773672,3439135,TREND
791e5d5bc608a570ae85,3439135,REVERSION
39c65bfc3c6ccb066eb5,3439135,UNCERTAIN
68fb839244254e696c7a,3439371,REVERSION
bb687c91dede20b33ca0,3439371,REVERSION
3007d541d17acc713ab1,3439372,REVERSION
ed92e1206bfb15215edc,3439373,UNCERTAIN
94ef0604ddaa51c490e1,3439375,REVERSION
503544fd23e6ea056f4f,3439376,REVERSION
963bbfb7e8e0b31620e6,3439569,UNCERTAIN
474d1646bdaf2127da42,3439569,UNCERTAIN
e756c1941178c844e18e,3439572,UNCERTAIN
6a1efe96d3f79d4872cf,3439572,UNCERTAIN
1ba81d657ffd844aa932,3439574,UNCERTAIN
bfd5a50fd612d23467ea,3439574,UNCERTAIN
a90753a77a9552f9c264,3439577,UNCERTAIN
2bc8d1cdf6c7b85c961a,3439577,UNCERTAIN
6e6f9c1ea14393b525b3,3439582,REVERSION
5583aa26602441f43a23,3439582,REVERSION
b8d07dc6b870d8876f8e,3439601,REVERSION
99268ba33dfd04bf1ecc,3439601,REVERSION
ace79054ff067d5ed6b8,3439601,REVERSION
3bd919b0233bd8cb9833,3439605,TREND
8496c4a0921ed137e4a6,3439605,UNCERTAIN
5f12e9c1617cd14e51e7,3439605,UNCERTAIN
54d732e359b95ab08e64,3439606,UNCERTAIN
3fb4caebd9a3d7e25043,3439606,REVERSION
6dc6e47b7636bcccf99e,3439606,UNCERTAIN
6db536e7ce94424faf2d,3439608,REVERSION
e78f758edcd1fd6552db,3439608,REVERSION
81adbafbdc3b833d1882,3439608,UNCERTAIN
164f4d7c41bf1f249215,3439614,REVERSION
5051bea5d74f21de4682,3439614,REVERSION
4d7f721ea0f37e7763dd,3439614,REVERSION
1f0f3fa2657fbd264028,3439739,TREND
24a8043e0964a31fefc6,3439739,TREND
5699d455eb024cb6132d,3439739,TREND
cb3c9c0ed0b33afa7c88,3439743,UNCERTAIN
10b63a29ab842215d598,3439743,UNCERTAIN
879aff5b2c676f3700e1,3439743,UNCERTAIN
49d61a80a258a94070e0,3439745,REVERSION
4c85e727dc2435b5a8ef,3439745,UNCERTAIN
a8981407a3b1c2438022,3439745,UNCERTAIN
438affc069cb01a0f008,3439746,TREND
478f800c968a285b5e25,3439746,REVERSION
fd299ed875d021a3175c,3439746,REVERSION
306ac6dfdc86a066ab7a,3439751,UNCERTAIN
483943fdddd44013ec5f,3439751,TREND
799eaadf9c4209821f18,3439751,TREND
3beab33213dce0412c61,3439997,UNCERTAIN
85886e7d7d252e619cc1,3439999,UNCERTAIN
6e52b166961c8b76cafe,3440000,UNCERTAIN
3ba8b4912da15044d810,3440007,TREND
be37922cf4c8f4ab8a96,3440014,UNCERTAIN
411e8981b07a4457afcf,3440727,UNCERTAIN
4625f64b5342abeb7685,3440727,UNCERTAIN
fba6c739b17e428dd3ea,3440727,UNCERTAIN
7e76ab7956a2dc62caf6,3440731,UNCERTAIN
b70a2f138a59bb64dae1,3440731,UNCERTAIN
992c8f18ac1ac7481e60,3440731,UNCERTAIN
df4c43bea4b408d66e32,3440737,REVERSION
052ad15bbd6043a4e796,3440737,UNCERTAIN
0fe3fa9fdb3f47ac71fa,3440737,UNCERTAIN
e185ac1f8e484972aa0a,3440739,UNCERTAIN
c03f6b0f8210169442e8,3440739,UNCERTAIN
cfc30c898d2c591627f7,3440739,UNCERTAIN
bcc7aabf166de9cc8cc3,3440740,UNCERTAIN
76235ca191ab2aeea50d,3440740,UNCERTAIN
70d8d0b21954ce7a4bba,3440740,UNCERTAIN
eae231d81e2ea2af9f25,3440764,REVERSION
30648fb2415556e2b20f,3440764,REVERSION
1cb91379cad784dbb8db,3440764,UNCERTAIN
a380d2ebe9d3d2667fc0,3440765,REVERSION
5967e93fc5a473cea764,3440765,REVERSION
24a5a5e033e00a438a0e,3440765,REVERSION
fb7cd696b93427d8bfe8,3440767,UNCERTAIN
83b0aa206c2273af4d93,3440767,REVERSION
c80b220b82bee34f7e48,3440767,REVERSION
dc4bf1c5079509f3d4c2,3440773,REVERSION
894c1544b30032946afd,3440773,UNCERTAIN
fff81b0be5e5ae5c0b03,3440773,UNCERTAIN
758383a41b75c249d2d0,3440778,UNCERTAIN
22fe5cc86083acc91b84,3440778,REVERSION
77587cdd962734086955,3440778,UNCERTAIN
3c4dd8662d8eb51e3a44,3441234,REVERSION
e571b12bc87ba1dd4cf6,3441234,UNCERTAIN
4787e1a86a1d589c33e0,3441234,UNCERTAIN
b25a5cdaa3e1f9e973e3,3441240,UNCERTAIN
85e8af781543ef0c48d5,3441240,TREND
4ef425495f93a4cde1bc,3441240,UNCERTAIN
149ea43baa1f1ebbf453,3441242,REVERSION
ad1fbd128647d5828646,3441242,UNCERTAIN
7c2bddb9ad32f5bcc535,3441242,REVERSION
c302ea4a355d9e9a9c08,3441245,REVERSION
4cdea0b8bad800ecdc37,3441245,UNCERTAIN
c215c786ceb7e9f2f48e,3441245,UNCERTAIN
17ca281d79a24126221f,3441246,UNCERTAIN
050422805dd94a059560,3441246,UNCERTAIN
be89011af8112c1aedc6,3441246,UNCERTAIN
bb79212adb5e869dce10,3441804,TREND
c17ac095fa370b4619fa,3441804,REVERSION
4d871fe8bc53d7f0ed40,3441804,REVERSION
377855ac067e804e1631,3441807,TREND
235e36cc5a25b9a75fb1,3441807,UNCERTAIN
fed806f719710e21ced6,3441807,UNCERTAIN
26829fc68f37f8aa52a8,3441808,TREND
73b689fc04b09e41f448,3441808,UNCERTAIN
1c540a3155cd150439a5,3441808,UNCERTAIN
2f833032e13e14573301,3441811,TREND
ee0cdc43f09da7f0c506,3441811,UNCERTAIN
7a75753778f3b483798d,3441811,REVERSION
6adb16651487a5c591f5,3441814,TREND
45061dd8c85a147c8a77,3441814,UNCERTAIN
6ab8a53520e2770e9692,3441814,UNCERTAIN
10128f6af62b8b78e8a7,3442831,UNCERTAIN
3c038187a55d306ff905,3442831,UNCERTAIN
a5f741a5b2ddd7495302,3442831,UNCERTAIN
cac9bb52069770265c43,3442832,REVERSION
2f4e2a766c4b6c8bdb50,3442832,UNCERTAIN
098bb336c7ba84095b36,3442832,UNCERTAIN
78d221c70ba8cc30b447,3442833,REVERSION
22b53c43b17df8e83a1a,3442833,REVERSION
021845514b2f997b03de,3442833,REVERSION
5f4e55da532f9ac9ddb5,3442834,TREND
a2af08cbedbcc88e56ba,3442834,UNCERTAIN
8cc4b04f567de423489f,3442834,UNCERTAIN
34c479413b2adcd3767e,3442843,REVERSION
3e6d7f7b05d8983d18a5,3442843,UNCERTAIN
c8d0cbff95b514a93f33,3442843,UNCERTAIN
f5528d6988f448351172,3443229,TREND
a7a900eb2244e0697ed9,3443229,UNCERTAIN
4a2b0d3b7c3045d82150,3443229,UNCERTAIN
b1fc1feb47f69b2a27fa,3443234,TREND
943996558a806db0d389,3443234,UNCERTAIN
8d3c2bc24ec812023d12,3443234,UNCERTAIN
ca6d0562f917e6a8e134,3443235,TREND
9f1dcb07c66787680a03,3443235,REVERSION
5f10084a2ea3d4177f13,3443235,UNCERTAIN
2da4d258a78a21c6752f,3443240,TREND
6304c042794578064b44,3443240,TREND
4234faee782fd0706635,3443240,TREND
cd92f9105aa9979504a3,3443243,TREND
271c575a0d34629a3cf9,3443243,TREND
7e3b045f8ab51059c143,3443243,TREND
a03020cba99cf792cc2d,3443757,REVERSION
ff5819276ee39cd2be64,3443757,REVERSION
ebd199f17ec120267ed5,3443759,REVERSION
992203ac91fd78c33429,3443759,REVERSION
230cff23a6ccca1d5f95,3443763,UNCERTAIN
a64f453d7f7fdfd15412,3443763,UNCERTAIN
a6c1b86c5a4235b6e489,3443764,UNCERTAIN
dfd1aac7104ba43e0a66,3443764,UNCERTAIN
086904800146027ce694,3443768,UNCERTAIN
fe675a0fe3127e3a7a74,3443768,UNCERTAIN
bbe8927317b4487cdd03,3443847,REVERSION
0f451bcf5aa9ee78d739,3443849,UNCERTAIN
2dc98f0e8fc4b37e9589,3443851,REVERSION
da17493ebc783e33c81c,3443858,TREND
860bc190f85cdeb2f6cc,3443859,TREND
fc5d34e43d17fe4b86c7,3444014,UNCERTAIN
8aa35c5251b789f75c91,3444014,UNCERTAIN
b9a27e3e72dad1a65885,3444022,UNCERTAIN
9802239317ac32eac13e,3444022,UNCERTAIN
ab7a32a72c8cfa51f899,3444024,UNCERTAIN
bff4bd720d5258a4c50c,3444024,UNCERTAIN
61c45aadfd0f06e10f05,3444027,REVERSION
9ffde19f1cf03dbd4a05,3444027,UNCERTAIN
2d458202ec6c2554dede,3444028,REVERSION
5eb50261bdb7dba22f44,3444028,UNCERTAIN
572eca76dcecd6d22314,3444076,UNCERTAIN
6f9d004aaf83c228d164,3444078,REVERSION
1d410e0515bcbbba36b2,3444079,UNCERTAIN
7557b98e4b8be52e9f10,3444081,REVERSION
aad30cff16e1e8a77c16,3444086,REVERSION
5bede957ac19761abe2c,3444293,TREND
c75affc2036bfb967559,3444293,REVERSION
289210aefd35f80fc740,3444293,UNCERTAIN
70347cb4f204b5114e9a,3444299,UNCERTAIN
1d90a7699e4cc1aa8a20,3444299,UNCERTAIN
ebb6a70461f8e9ed5bb3,3444299,TREND
f86c5ade907317615ffb,3444305,UNCERTAIN
c3934b221c6ddc19d47b,3444305,TREND
6cd35b753296a7ec08bd,3444305,UNCERTAIN
3e2676d6869d2354f78e,3444306,REVERSION
d97272f884e51fd54803,3444306,REVERSION
407b1575dae04625a2f8,3444306,REVERSION
c540f02050b061a5419a,3444307,UNCERTAIN
a5e9653edde8d2ea206d,3444307,UNCERTAIN
e3f859ae5cc92677cfd1,3444307,UNCERTAIN
c08c9272c86c81b706e8,3444711,UNCERTAIN
227b349bb571f1c3cd6e,3444711,REVERSION
bbe9315daa39cfd2ed1b,3444711,UNCERTAIN
4f8667ff8d737f31a2c3,3444714,REVERSION
556539ed3e04e9ac47e9,3444714,REVERSION
83621f69ee894546ccd5,3444714,REVERSION
7d45f40b67662502c23e,3444715,TREND
337888f2e84e3b99adc1,3444715,TREND
25413aafd87defbe44fb,3444715,TREND
61693614bfded6060a18,3444716,REVERSION
40ec0948a62ef4724632,3444716,UNCERTAIN
2b86a11e496d66646ee9,3444716,REVERSION
8aebd3f9d54fd80bd099,3444718,REVERSION
7b190dbf19b7917ee630,3444718,REVERSION
8f26cf27a4ce87612aa0,3444718,REVERSION
b71a174724f5a2c3ed75,3445190,TREND
19f5d544d4bc74da6d6d,3445190,TREND
1ceb10af2c131f1922d1,3445190,TREND
61f9045cb38146fda6be,3445191,TREND
2ce9ee89c6f78d0be5d0,3445191,TREND
a1a19660fad63f953784,3445191,UNCERTAIN
16cc6f92d3c0709eb3c4,3445196,TREND
fdcc13fcb4d412fdb882,3445196,TREND
fbd7edaf1f683e7d7032,3445200,TREND
ea8d23c708b2b8c6962e,3445200,TREND
737b5cbd4e6e00e89c8d,3445200,TREND
af8c9fb586dfa3cb43d7,3445203,TREND
68f763d77c2ad8f685c4,3445203,TREND
812cf74b3568eee3c76c,3445203,UNCERTAIN
20aa2271d7359cb3b2e4,3445268,REVERSION
4fb5fc77323495f27d97,3445268,UNCERTAIN
129ba445d32c96b94303,3445268,UNCERTAIN
a347a5f4427b591db2d0,3445269,UNCERTAIN
1ca355259030ddaf8d73,3445269,UNCERTAIN
135bb299e7c9322cb4d5,3445269,UNCERTAIN
9677f705b6c2621cfe02,3445270,UNCERTAIN
d3772eb623c0491155f0,3445270,REVERSION
d6b3daaa7693e59642d1,3445270,REVERSION
8d5b59c7724f50f3321e,3445277,UNCERTAIN
ad330c34c6fc8d9db3c4,3445277,REVERSION
fde9ef2920476ff3618b,3445277,REVERSION
3863b7f880d2622cbaab,3445278,REVERSION
99d6865e1dc70c5390b0,3445278,REVERSION
247143d8957fb228366d,3445278,REVERSION
e0da90752baccb112fa1,3445756,TREND
47c910ba77098bb59596,3445756,REVERSION
c085cb4aefaf533fb4c0,3445756,REVERSION
5d8fcfb14f72ae2f2cd2,3445759,TREND
0c015dbe88b4fa5eed36,3445759,UNCERTAIN
cf78447ca2a71c1b1a16,3445759,TREND
bdd47f3cfc350d9affb5,3445761,TREND
b40faec52bae837899cd,3445761,UNCERTAIN
58e9bb0ab2ba96a0d5f1,3445761,UNCERTAIN
3d85bfaf480073bdb573,3445766,UNCERTAIN
a15bd8605da6e63b9db8,3445766,UNCERTAIN
2796fe0c1ee10f1a5e33,3445766,UNCERTAIN
abbaac13ad408798b35d,3445767,TREND
d02b110c3cd4b9e838e2,3445767,UNCERTAIN
06613cdee6d72e716b17,3445767,UNCERTAIN
315f15658dd91aaabd50,3446528,UNCERTAIN
8d6a1cf2e848cb924b7d,3446529,UNCERTAIN
d6cde091e9a07f1c57c0,3447074,TREND
79ef8b143544cff872ae,3447074,REVERSION
fc306586ab8f1bf3517b,3447080,TREND
20664771f9ff7aa05976,3447080,TREND
a7b4bff13f60bad0abff,3447082,REVERSION
719487d536644bd26542,3447082,REVERSION
896f8d1d857ef0150aac,3447083,TREND
31cfada3a223f9af3544,3447083,UNCERTAIN
931ff5a5f9565e9c1bfa,3447087,TREND
fbb2664039e2cb30cc03,3447087,TREND
7ce902ba9c1418e17bad,3448632,REVERSION
53e71db9b6081064997f,3448632,TREND
4b10bd0d896a984aafea,3448633,UNCERTAIN
fdc02b0f09171934c19c,3448633,TREND
a91cdb3c3338ec81b609,3448636,UNCERTAIN
b6ab081203427217718a,3448636,REVERSION
1770ee2e71dc89698b65,3448639,REVERSION
c585b6cd68a11949775a,3448639,TREND
c8b6a1e675387401da67,3448642,REVERSION
2bc242bc50d754a35ff6,3448642,TREND
093c77daf3c57b6a55f8,3448734,REVERSION
eea1dc4eb2f9eae238a2,3448734,UNCERTAIN
cdeaa6db917739179fd8,3448739,REVERSION
48ab360763eb900b9edd,3448739,REVERSION
8e5b5e8bf6dd10e16dd6,3448740,REVERSION
95d0982f9827ea60406e,3448740,UNCERTAIN
7e0ba2504e57e881dc54,3448742,REVERSION
f895e2d0e58009244d80,3448742,UNCERTAIN
aa64d9f6d4a7f59ce4d7,3448747,REVERSION
78b7f45bf0847da09318,3448747,UNCERTAIN
aadcf88c06286b7388b3,3449219,TREND
f1a2c72ae342a33ad0e4,3449223,UNCERTAIN
f63e7ffe690ffbe68e08,3449225,REVERSION
d67ee4340bfa40692383,3449226,UNCERTAIN
7ec8ff535a5d5dbc33fe,3449227,UNCERTAIN
c703259e9119b1e1bf37,3449313,REVERSION
97824561cf40585ba4e5,3449313,REVERSION
fd9bcad5e96864aebb7e,3449314,REVERSION
0f815a89c5653db08727,3449314,UNCERTAIN
03e9eef1cb094450318c,3449316,REVERSION
0701b2be18d50a87f000,3449316,REVERSION
13b13876a8c08bb60f70,3449316,REVERSION
31bc2f6bf07d885c1cb1,3449317,REVERSION
7cc870b0dd088eece75b,3449317,REVERSION
a1dac07428931f142411,3449317,REVERSION
c746e0fad0dff2184d9f,3449320,REVERSION
550094473908501f08d6,3449320,REVERSION
f9b3bbf223adc7b8a57f,3449320,REVERSION
643bf3cf9c75d34b3499,3449490,TREND
422bb2dd12f5fbe00b2f,3449498,UNCERTAIN
36a99156ee78a1497c82,3449501,UNCERTAIN
a49efebda7013bd0c3f3,3449503,UNCERTAIN
8f67b7e782be38cf0548,3449504,UNCERTAIN
aa277a9fb52ca0e06a4f,3449685,TREND
c977cba51e8121faef26,3449685,TREND
f723d25b104a71da7627,3449688,TREND
122db27899d9d325654c,3449688,UNCERTAIN
06d5a4d52e51f9318c54,3449691,TREND
12167a7c80f35a83a2d4,3449691,TREND
f4f3c58d72e78058c719,3449692,TREND
8e3ec9d73d5c571119e4,3449692,TREND
f96c62b84d370d431cf9,3449695,REVERSION
794aade653f7ea995744,3449695,UNCERTAIN
6456369e6cf2e29d0637,3449982,TREND
39b031eb576e7d9e3294,3449985,TREND
86690602f47032ce3205,3449989,TREND
dbca37b99c1c09b4cc90,3449989,UNCERTAIN
584938eec4278555acf2,3449990,TREND
f2d6acd666f4c986e62c,3449990,TREND
209279d3a14db6a82cbc,3449996,UNCERTAIN
72d0a361343404ae5913,3449996,UNCERTAIN
7bd7965773c38576fcd1,3450198,UNCERTAIN
7d65cb181e4a5809c801,3450205,UNCERTAIN
ac8be0c4b77f1086a610,3450208,REVERSION
96c8e621766e6229601f,3450212,REVERSION
27f0e0c23551f8d37a3c,3450213,TREND
3ce07a5b0867fcd83536,3450432,TREND
52f7e974ff4acad47cef,3450433,UNCERTAIN
c94f76b5a1cef1056d93,3450434,UNCERTAIN
2dc88b0d5228e4219662,3450442,TREND
d0608de2e72754998195,3450445,TREND
654ea210529d4ac8dd56,3450445,TREND
bd8c0bf37c763886b7c3,3450710,UNCERTAIN
5149f4bc9c15e012498d,3450710,TREND
1246d6fb9bfbef3cf18f,3450715,TREND
00525136eaa4953099de,3450715,UNCERTAIN
89e1770730336045eb2c,3450720,TREND
4ad066d5690342cc5471,3450720,TREND
df286e63e5a101d5412e,3450721,REVERSION
1f54cb169a77486b7090,3450721,REVERSION
743cf6905fa0f0a34895,3450722,UNCERTAIN
d10bcc28eae443a2712e,3450722,REVERSION
b7aa22de60048fca0ef3,3450892,UNCERTAIN
00dda13785155f5b63c5,3450896,UNCERTAIN
64dbd90ddeaf704d3c42,3450898,UNCERTAIN
f25cf5019c927ce5512a,3450903,UNCERTAIN
d0ddb1b4384ed96c4a39,3450904,UNCERTAIN
addb10499d8c191a882e,3450994,UNCERTAIN
01b079cb3be0c6e535b9,3450994,UNCERTAIN
493b93c7b135ba104991,3450998,REVERSION
3c78e0a8818297c25a5b,3450999,UNCERTAIN
d163227e5458d97d2841,3451004,UNCERTAIN
e4e5a4d640eec5a5114a,3451005,REVERSION
9003e529ea3e0f47b598,3451005,REVERSION
90955914c53788363091,3451109,UNCERTAIN
6643f426a811b3ef9251,3451109,UNCERTAIN
45a8d6050f9def99fbdc,3451110,REVERSION
95218de63477e3d70ca7,3451110,UNCERTAIN
d488befb7456fb910583,3451112,UNCERTAIN
5f011f402a640e667adb,3451112,REVERSION
114ba67e9d5a0f43428d,3451113,REVERSION
9e4ddbf3d129869924f8,3451113,REVERSION
2ff4c050d09c7c14805b,3451114,REVERSION
2dd465c3638456d13d54,3451114,UNCERTAIN
1a1dab42ccceb73cc93b,3451854,REVERSION
b1a4a8a2db0e6deb57d8,3451855,UNCERTAIN
ec85158aa4f3e2ae15c3,3451861,UNCERTAIN
f0a9f6ff145aba742e15,3451865,UNCERTAIN
0bad7b762c32eea328fa,3451868,UNCERTAIN
387ad13a096332cb69d7,3452392,UNCERTAIN
a840ce746a93f489c9e6,3452395,UNCERTAIN
6ffaa8b53cb6ccabd2f8,3452400,REVERSION
afb7bb3dfc93b48c0e0a,3452402,UNCERTAIN
a59e1ba9ad93a3b914e9,3452404,TREND
6b011ad3cf1aac5f9ae5,3452440,UNCERTAIN
3faf97557e710904891c,3452440,REVERSION
b1371a69dfc392550188,3452440,UNCERTAIN
368afdc7cb10438b8fb6,3452442,UNCERTAIN
0f49b7f8ae947995bc40,3452442,UNCERTAIN
5462b1e0096623188433,3452442,UNCERTAIN
a394f82d23c488ddbc63,3452443,UNCERTAIN
7fbba91a704ea9076dc7,3452443,UNCERTAIN
4d5659bf12d50f5af7c3,3452443,UNCERTAIN
e2845b45669229153253,3452448,UNCERTAIN
8680fc174c0235348a0f,3452448,UNCERTAIN
ddaa3e05e775a3c72ac2,3452448,REVERSION
e6e939ab070a402f0b26,3452452,UNCERTAIN
55d831cacabc5d92056e,3452452,REVERSION
67b500fbe7a511ed5a28,3452452,REVERSION
f3ce1cc5fb7bbf356923,3452704,UNCERTAIN
3701ed26427680cbe23b,3452704,REVERSION
71bcb7efa09f7a6091b4,3452704,UNCERTAIN
ee01d72b4d3ebab6877b,3452706,TREND
0248c279f6c1ba603ae9,3452706,UNCERTAIN
e7b311c9aa3750f62385,3452706,UNCERTAIN
b37355a78c850ee97913,3452708,TREND
92f858f16d6822162f46,3452708,TREND
282b205adf66c2182237,3452708,TREND
73ded686a40ea15e9d48,3452710,UNCERTAIN
cebabf0574616491aba0,3452710,UNCERTAIN
2abe0ca9eefd68d5bf06,3452710,UNCERTAIN
080071287b1f513407be,3452714,TREND
1bb91dae94dabb190154,3452714,REVERSION
91e17a20c9cdccec39e2,3452714,UNCERTAIN
b1e749d83e196c9b274e,3453387,REVERSION
4c1c405be68b13282f69,3453389,REVERSION
341ea098043ee8c822b9,3453390,UNCERTAIN
6dd6aa98369b68c4b8d8,3453398,UNCERTAIN
fb8b7cf150572e270290,3453399,REVERSION
c6bb88e206b3c39b15d5,3454282,TREND
c0e4e5326ad69028cee2,3454282,TREND
7cbe12a498e9d5189fb8,3454282,TREND
48f369a6919c3d8f7e12,3454284,TREND
fa66fce8595fe301d2df,3454284,REVERSION
c7c4e42cba00e0426f59,3454284,REVERSION
e86caefa292e1c1acfc2,3454286,UNCERTAIN
1d9f4a0cac6eb1ee6abd,3454286,REVERSION
92bce36e8d301ba198f2,3454286,REVERSION
4f9b5e08a3669bbde603,3454289,TREND
9c6a9e615ab55bdeb2b3,3454289,TREND
b67a2429641a0828ea38,3454289,UNCERTAIN
67769b185dc5f2e05596,3454293,TREND
c667778af06ebb8c1374,3454293,TREND
08f29b669185214c2fe4,3454293,TREND
78f2c42d8f4d5147bfae,3454475,UNCERTAIN
85c5300becb292c66542,3454482,REVERSION
e7cf55550564dd814f9a,3454483,REVERSION
aba90319a2934c2acb2b,3454485,UNCERTAIN
a73086b86c84414b277c,3454487,UNCERTAIN
c2984ff4ed7c29280108,3454777,REVERSION
3c8860d8a974c813a98a,3454777,UNCERTAIN
339a2a0fa15f1d6e1fdc,3454780,UNCERTAIN
0f3cd919e994d46e6642,3454780,UNCERTAIN
9327561e6c305157f691,3454782,UNCERTAIN
89872b230494161d96dd,3454782,UNCERTAIN
dbd118a362f5da05c45e,3454786,TREND
da2e205f66e7b77cde04,3454786,TREND
d3490ae5d38f33f3837c,3454790,UNCERTAIN
a66f527ae2284a04aabc,3454790,UNCERTAIN
1dc0fa386a04849a63a5,3455278,UNCERTAIN
1ad5cf176b61bd97ab37,3455280,REVERSION
223132e19af947848f33,3455282,UNCERTAIN
7ecb85b7812f1f540ec9,3455285,UNCERTAIN
785675ca021501650cb5,3455287,REVERSION
71bf28f58b5bd1fc49e3,3457623,UNCERTAIN
35a56bf870f69946154a,3457623,UNCERTAIN
bc70c18474a52a76b970,3457635,TREND
1b8f426d5254fa680906,3457643,REVERSION
0550fdba5d66ea23d34a,3457656,UNCERTAIN
d828638c6740820ecbb8,3457659,UNCERTAIN
8a45a9998fce146c7d84,3461515,UNCERTAIN
bb951fde1aafc7a72ac5,3461515,TREND
e49cd1a764795d7df294,3461515,TREND
9b4ed0d8cda96affecfd,3461521,UNCERTAIN
2755c134d8a4b091d3ae,3461521,TREND
bc4343306042774ff6b5,3461521,TREND
711afce1f935ff557488,3461524,UNCERTAIN
6371e07af1f0728bd461,3461524,UNCERTAIN
bdc3057b997f5b5700c0,3461524,UNCERTAIN
a20abef5ddcfbeb85b48,3461528,REVERSION
9bb44918b7ab5a34c84f,3461528,REVERSION
ec6f843de85d24528ffe,3461528,REVERSION
18ac4f818d77a0c9d461,3461529,UNCERTAIN
822e299d0e41b4df1663,3461529,UNCERTAIN
16edbe4ff500144b8e50,3461529,UNCERTAIN
491e8cd2daf2ae500b16,3461603,REVERSION
1e38bd4938f98a20486f,3461603,REVERSION
e9f1f8ac1b6329ae1311,3461603,REVERSION
dc68017232684cad85b0,3461606,TREND
01863c92c29b2070abda,3461606,REVERSION
76347882c66f8998d270,3461606,UNCERTAIN
890663b596a8811f32dc,3461608,UNCERTAIN
d4537ba7ba7bfc705383,3461608,REVERSION
e9b26b252bc80649efe0,3461608,REVERSION
9cb070456340c8342736,3461609,UNCERTAIN
55c3e3d1ffc172b20e7a,3461609,UNCERTAIN
3b583834a41868b9b7c1,3461609,UNCERTAIN
e6e65ed49dbf00f0bdff,3461617,UNCERTAIN
d3533ff8dfae8a4ab79e,3461617,UNCERTAIN
d1d74983e871462ede3c,3461617,UNCERTAIN
ff0faea0aa676940e8b9,3463664,UNCERTAIN
4e789d77b46746fb06ef,3463664,UNCERTAIN
b62834849baf9904bd53,3463664,REVERSION
4634e0857eb888a06947,3463669,UNCERTAIN
c446e278f880ebb12dc9,3463669,REVERSION
8dc9f0408fbab5b08c85,3463673,TREND
6ba3b92032d4a5d2ef01,3463673,UNCERTAIN
ba8c55a938246315d62e,3463677,REVERSION
bdeb34f11f25b12c5a16,3463677,UNCERTAIN
4a9e9f676ac76da5bc10,3463678,UNCERTAIN
12877a1a368125f2ad8e,3463678,UNCERTAIN
7f68938380b2f038b6e1,3466214,TREND
defa90caa8d1a7d74286,3466214,UNCERTAIN
56821de3fccddcdb0c04,3466223,TREND
a9de0cd03dccbbfc2018,3466223,UNCERTAIN
457f9640778df493c408,3466223,UNCERTAIN
a0e056abc44f4bd5c1a8,3466225,REVERSION
e433533fd3c746acb41f,3466225,UNCERTAIN
2541a183304add5283ee,3466225,UNCERTAIN
6574035ac2f4844ca3e8,3466234,UNCERTAIN
92d6233448004472be7b,3466234,REVERSION
f03a91cec2bf7c1fbf54,3466234,REVERSION
fc54246c43bf7b4bee82,3466235,TREND
cb0042cc93142c857314,3466235,UNCERTAIN
caec972298ade56eb44a,3466235,UNCERTAIN
061b7772a033fad6d583,3468538,TREND
400d8a36beacc3607f6b,3468538,TREND
78c48dc5d526558ee93f,3468538,UNCERTAIN
aeb9019349394f5ba834,3468546,UNCERTAIN
00e60d88fe6b10f1857b,3468546,UNCERTAIN
5213e41ae268286a4af2,3468546,REVERSION
1622d0c252695c5b231a,3468551,TREND
6f4f9296320a775101e0,3468551,UNCERTAIN
1c883e503d4221994b9f,3468551,UNCERTAIN
3b83c103ddf7a8c7dcd0,3468554,TREND
4424861006a54690091d,3468554,TREND
0baec8621901549f908e,3468554,UNCERTAIN
b71b4a7dffaceff20442,3468555,UNCERTAIN
5f5001f901e52ed242a0,3468555,UNCERTAIN
10ac6db2dfe4f1c2467e,3468555,UNCERTAIN
6380b9cea37929779aeb,3468631,REVERSION
10d3fd6260ea4c48eeb8,3468631,UNCERTAIN
70bc7b694e93150b1061,3468633,TREND
250a3cb2436e8335d8c1,3468633,UNCERTAIN
40fc6a4af937ef36820c,3468637,REVERSION
408f285700b116d4c1e7,3468637,UNCERTAIN
77a8d5ef0db9f00dd9ec,3468638,UNCERTAIN
5ce85d31c86fe742113b,3468638,TREND
52bc42d687c0a8058dda,3468641,TREND
7e095b16b979a4703ecb,3468641,TREND
56ecc9d4d2cb39a6378f,3468928,REVERSION
caf3ff6166e824b12be0,3468928,REVERSION
cc66450286a34748aaf1,3468928,REVERSION
f97e83584df5d6d9e24f,3468929,TREND
8b86da92ec10f14999a0,3468929,UNCERTAIN
468fec67796f907af94b,3468929,UNCERTAIN
45b175d9b6dd779bd977,3468935,REVERSION
a40848c8f27732f2cffa,3468935,REVERSION
1d4ac9ee1a89033097cf,3468935,REVERSION
39866fb07d730f1d62e8,3468944,TREND
0a5274a83609b38dea7e,3468944,REVERSION
7cc3dff42190a2ae9013,3468944,UNCERTAIN
6cd1a37a6d027b127742,3468946,TREND
36588c196215eadbc3a5,3468946,UNCERTAIN
ce2d12d9583f8dd55eea,3468946,UNCERTAIN
45cddb561265b87abf0a,3469083,TREND
9f3ab954186d7c61ebed,3469083,UNCERTAIN
d559b8f6586261f49369,3469083,UNCERTAIN
f124b09e3bb2cdd34c05,3469086,TREND
e628b5b89d280847ad3e,3469086,UNCERTAIN
b64429a48bd10dc05f6f,3469086,UNCERTAIN
1451024d5039cab70ba2,3469089,UNCERTAIN
70631c1ce1578c80b879,3469089,UNCERTAIN
56be9ecff1c22638dcb0,3469089,UNCERTAIN
6b00c169f9f7d979e478,3469092,UNCERTAIN
a966eca22cdbb33064c3,3469092,UNCERTAIN
f4df597742a605de210d,3469092,UNCERTAIN
e993e4e9c44e2a36c8c1,3469093,UNCERTAIN
5562007b011dfe0767db,3469093,UNCERTAIN
8fdf198d41f84e0d96c2,3469093,UNCERTAIN
8ad061f4a165eee4ecb1,3469163,REVERSION
4b7aba0ef47ed28d2fbe,3469163,UNCERTAIN
4a3b6c6f6600d999f425,3469164,REVERSION
20adea48f2b6a6768c03,3469164,UNCERTAIN
9a2bce3dda70bffb68f7,3469165,TREND
35f8195b55eaa8598f4f,3469165,TREND
5c9905a83f22c6681390,3469165,REVERSION
afaaf93f8bbdc1300dc6,3469167,UNCERTAIN
82767de4e92016a5d36b,3469167,REVERSION
3c5348b6185f74fb056f,3469171,TREND
cced53e7d6a0bc12f53f,3469171,UNCERTAIN
fc59861983c8c9ee002b,3469491,TREND
730372814f4afbbb2da1,3469491,TREND
8621e0cf2aa1d10b9d86,3469492,TREND
7abaaf8390a475a08789,3469492,UNCERTAIN
ee6f8847da167f92bade,3469492,UNCERTAIN
c3255a4800403c1b06b7,3469494,TREND
fd6252f6b337ddbad363,3469494,TREND
c61c97dd32664ba07529,3469494,TREND
58f5b69c97a7ed6fe957,3469498,UNCERTAIN
bd4e8c4c16d17d300fc9,3469498,UNCERTAIN
cbdb5422b063f0882559,3469498,UNCERTAIN
30cf1c6ccc1678b043aa,3469505,UNCERTAIN
aeb33d717c18a055696b,3469505,UNCERTAIN
a1ce95c975e73cbc526a,3469505,UNCERTAIN
9b4727f6a462140423f4,3470046,TREND
782b20a14055683399df,3470046,REVERSION
657e0bcd7acf145f97a7,3470046,REVERSION
bf23b915bb361641cbb8,3470048,TREND
500ec62b11076e7384a8,3470048,TREND
25437039b72ff58bf8b3,3470048,UNCERTAIN
e2748baaa30b7aa4cebe,3470051,TREND
e69dd5a12c4e1eb766e4,3470051,TREND
a43b7010adf679dc1c14,3470051,TREND
4acb2475a5158c62e781,3470054,UNCERTAIN
5c01f4c33c9803c2353d,3470054,REVERSION
7830a0651c35429a2f57,3470054,UNCERTAIN
b9ae02f2d1231e5bd73f,3470059,TREND
44861f0643fa00a07bbf,3470059,REVERSION
0293b2aa1a576b585e11,3470059,REVERSION
c6a8bae7154182effff6,3470379,TREND
717955d93996f8c20be5,3470379,REVERSION
cdf048b06012fd9899d0,3470379,UNCERTAIN
cdf6e9fb8810976e9ddb,3470382,REVERSION
38afa79d294225f8eb46,3470382,REVERSION
bf8962f21803837bbb99,3470384,REVERSION
07876b058f5b88b9863c,3470384,UNCERTAIN
b339b3c882cb861f73ca,3470385,UNCERTAIN
1a83e7f3b2f25a8a39da,3470385,REVERSION
64d1adfa4b258ac2ef29,3470387,REVERSION
a41fab7fb871ca8bbb69,3470387,REVERSION
dfcabdde189715761608,3470759,UNCERTAIN
e12003e19a5e14818858,3470759,UNCERTAIN
96895fcf920625253106,3470760,UNCERTAIN
4652c73a717fa50df4af,3470760,UNCERTAIN
77fc719b51f8858a324c,3470760,UNCERTAIN
2975736da6d4f8051af2,3470763,UNCERTAIN
2721a3c58e01aad37588,3470763,UNCERTAIN
f096769fb59ebc5cb42a,3470763,UNCERTAIN
d728be77af1a718e2cbc,3470768,UNCERTAIN
9fea6a3b2db9914c6f1e,3470768,UNCERTAIN
cb930185e9273e105d73,3470768,UNCERTAIN
83ce4ac5faf80641e0a1,3470770,UNCERTAIN
1744fd6d9c378a8105b2,3470770,REVERSION
9a43f5d395c2a289ea1a,3470770,UNCERTAIN
09d16a4ffa19c1c8f556,3470827,TREND
0b182c7440c294ca4e3b,3470827,TREND
34ce0f949713b423ff8b,3470827,TREND
6c30f6e36822def72666,3470830,TREND
b5d72eab5fcfbdef269f,3470830,UNCERTAIN
68b6f4550dc68fad7274,3470830,UNCERTAIN
b475570f19c6e12f3d52,3470833,TREND
f8e409039eabffd83453,3470833,TREND
86782d07e9285d9fde38,3470833,TREND
e1c9fcc16134377dd66d,3470835,TREND
1312fb3601fe8871b01c,3470835,TREND
fd66fb9791d7bf81ea28,3470835,TREND
d3b764a3a08a937adffe,3470842,TREND
6bba95027c9af0a51cd4,3470842,TREND
7dfbb3457adc3ac02ace,3470842,TREND
0ba89a695ac493952006,3470971,UNCERTAIN
8dc6c58d6efcaf483893,3470971,UNCERTAIN
1dd860c9f3134a887999,3470971,UNCERTAIN
2e3e0e13128f9ae8b9ea,3470974,REVERSION
fa413ce6063b6c09bde5,3470974,UNCERTAIN
cb8b94e2a41ba8f56ee6,3470974,UNCERTAIN
554785574cca99ae1cf0,3470978,UNCERTAIN
ad2554179f7907cddcef,3470978,REVERSION
100bb211634031271f35,3470978,UNCERTAIN
aab0de9fef11ec2f873d,3470980,UNCERTAIN
a3c50c5bd3af7366f62e,3470980,REVERSION
94e924c0271f30b39e8a,3470980,REVERSION
f48f7373438aa644d91c,3470986,UNCERTAIN
9f035d6d879b16f7ff59,3470986,UNCERTAIN
bbe3c64f9d7976b031a4,3470986,UNCERTAIN
b729db763dec22f05665,3471064,UNCERTAIN
8b8974ef28c21f9f0475,3471066,UNCERTAIN
f2c89c3d3fcf043e1d29,3471068,UNCERTAIN
53deef038fac10a7d845,3471071,UNCERTAIN
d8367d054a39ff67320a,3471079,REVERSION
45ab2dd38ef6cbf8d9fc,3471287,UNCERTAIN
6cf0390971b54e0eb665,3471287,TREND
608d5a18ad6bd71075a1,3471287,UNCERTAIN
08fb06da5ddaebd1aa0d,3471289,UNCERTAIN
11aecb46bb0709bc5d5b,3471289,TREND
0189bcb164cb3d33c28e,3471289,TREND
07736f0cb203432e6ad9,3471291,REVERSION
b0712302b467c99f85a3,3471291,UNCERTAIN
001d1d800e40bc1606c0,3471291,UNCERTAIN
d42da819fd7478888429,3471293,TREND
6878b656729a8f8c2d2e,3471293,TREND
a12a0a7ecfde92f6c175,3471293,TREND
a2aad1cf5028bc2cf0b9,3471296,TREND
9c2dd6c5655ec62f4225,3471296,TREND
fc53b6ea298b89952d6c,3471296,TREND
1f9b5296b9bdf5515561,3471366,TREND
5bf9da14e4063d2c4fd4,3471366,TREND
f0c36e9081667956c9d0,3471366,TREND
5b16464ca3ce01a1c0be,3471367,TREND
eb9d56fc4618397ef31f,3471367,TREND
582ae6271714c140c781,3471367,TREND
410d69db318151604867,3471368,TREND
f40ea316eaade5bc1a62,3471368,TREND
41e5dcd333d435daf5d5,3471368,TREND
4f24f4fa6078c5c966dc,3471372,TREND
406bc699bd045ed0e50f,3471372,TREND
e798d3878d075e7f5946,3471372,TREND
47e738f428596b1768c7,3471378,TREND
b12a780b4f76853701bd,3471378,TREND
a13411925391527acbab,3471378,TREND
20efaef2d071dfa6a0b2,3471679,UNCERTAIN
873b47cb6f7f81577d9e,3471679,UNCERTAIN
a659c669e791c230a4de,3471680,UNCERTAIN
d82c70dea8d7768d9555,3471680,REVERSION
cc9ddabad0a3742411c5,3471687,UNCERTAIN
11070ff7625cdcff9ef4,3471687,UNCERTAIN
03f8bf07f83920523487,3471689,TREND
9bab68d1a3b6bf625156,3471689,UNCERTAIN
13c02cee70db88b79ab2,3471690,TREND
a31d9d9cffd26a67676f,3471690,UNCERTAIN
e118d5ed3f1d5aecc29c,3471830,TREND
4bd86d02f5dd535f4789,3471830,REVERSION
e3d80d4c852dd3e1e38e,3471832,UNCERTAIN
234d59978f1f1ff67bc3,3471832,REVERSION
1d479716ec332b0ea1f1,3471832,REVERSION
a10587b7990eddc3e3eb,3471838,TREND
18661fe9e8d3a96f8cf0,3471838,UNCERTAIN
51bcbffd31c8c4bde01b,3471838,UNCERTAIN
e7ec37fdb288c897ef6a,3471839,REVERSION
71f9bb54236341663bfd,3471839,UNCERTAIN
b39f3dbfa0218859354d,3471839,UNCERTAIN
6215808a3faaeea788f7,3471842,UNCERTAIN
ea43ba3d83bd1e13d997,3471842,UNCERTAIN
ec1290ea95008538e425,3471842,UNCERTAIN
03a70f9efe5c60a9e51e,3472098,TREND
1522a67fba49e96f0242,3472098,REVERSION
2d33d74fbe03e4d816a8,3472098,REVERSION
0dbf3f5120fc847172fa,3472099,TREND
916220c6a10977d61a4b,3472099,TREND
b004803175621bdb8cfa,3472099,TREND
b922624bd67f252ab8d2,3472100,TREND
d2b58fdcf1bdaf05b4e0,3472100,UNCERTAIN
81c0965b48cd3038a968,3472100,TREND
ab5ff4e9a1e7bde439b6,3472103,TREND
1da36de0a6feb8e6ca52,3472103,REVERSION
7e5813cae3997c4ec5fa,3472103,REVERSION
a4e923a4fccfc15b277f,3472111,UNCERTAIN
8d436502cfa38573dfb7,3472111,UNCERTAIN
54aa8fde2f90baa72434,3472111,UNCERTAIN
49d4c5a10ffd095c8630,3472216,TREND
3e08b643514900f0b8d3,3472216,UNCERTAIN
889319af3482847ad6a2,3472218,REVERSION
382ff058b9d6d5b34bd3,3472218,REVERSION
8127af277e42178effc9,3472220,TREND
0d76625d91580178ec96,3472220,UNCERTAIN
7fd4e29c741fde8d475e,3472222,TREND
c5d01efcac93078f65e6,3472222,UNCERTAIN
7ceda00cc43bb50588b0,3472226,REVERSION
9d66fb658c1fef302ad1,3472226,REVERSION
1614f6e78a92c0d10040,3472319,UNCERTAIN
3c7f6d600c7b3966d037,3472319,TREND
000f7f01f6e4c469e62f,3472319,UNCERTAIN
8ef0c3215a75aaa85740,3472323,REVERSION
a2bc079d79f1c3576ff1,3472323,UNCERTAIN
73d5c0b7581caa502cb7,3472323,REVERSION
291f20cfc3f7258469fb,3472324,TREND
5b79770b4931d666675c,3472324,TREND
10f58813a23a18be595a,3472324,TREND
9d35fdfa4535cbb3c1a1,3472325,TREND
a72309428305de00ecc3,3472325,TREND
770c0d31de6ad87b302e,3472325,UNCERTAIN
169c3776a68768dd27b9,3472334,UNCERTAIN
2352b7d7c3dcd35b27c8,3472334,UNCERTAIN
03e9ed06c88a3608dc98,3472334,REVERSION
eca622db53155af9c908,3472414,UNCERTAIN
b98fa883cfd5981815c6,3472414,REVERSION
6539152e524b3e7d7bdf,3472414,REVERSION
e902fe3bea21d3d7fb1b,3472415,UNCERTAIN
cf177df29401f4566a37,3472416,REVERSION
daf484b9e95f556faeaf,3472422,UNCERTAIN
b4797664db89e4381f5f,3472424,UNCERTAIN
c6ddbd179fed3cba50bd,3472520,UNCERTAIN
cf20cfaa41c85f3e433a,3472520,UNCERTAIN
88abd04b8bfeb654dd4c,3472520,UNCERTAIN
fbefac06759f3ceee2e8,3472526,UNCERTAIN
f384b06d53825783d3f6,3472526,UNCERTAIN
cb744b8e755d4c937d90,3472526,UNCERTAIN
3d1c0ea54a05b48aa537,3472531,UNCERTAIN
ced0105e33b5c42e798e,3472531,UNCERTAIN
a413b78db24746d52b24,3472531,UNCERTAIN
cc0e33d3e4a1f76f0737,3472532,REVERSION
574cf4c995e65748dc29,3472532,UNCERTAIN
41cba2bc629865d667b8,3472532,UNCERTAIN
eec2bba6084ac1a18dab,3472535,TREND
d4e3ae905a01e27cab11,3472535,UNCERTAIN
755a7cc6f9f16a801c15,3472535,UNCERTAIN
5a46b84fbf3c26ab7b10,3472595,REVERSION
efec7e0b9eff47cce53c,3472595,UNCERTAIN
6567cceaba0d74b749d4,3472595,UNCERTAIN
bef043ed44749aaf4f1d,3472600,UNCERTAIN
9ffb3f69acabc158f3d6,3472600,UNCERTAIN
b16d35da6a657765c069,3472600,UNCERTAIN
e7eece9b647936d0b108,3472604,REVERSION
6a37b8ad1a5d369f7785,3472604,REVERSION
4ac17eb6b61a35b2a0cd,3472604,REVERSION
677cbb1ecb7dacb78e62,3472605,UNCERTAIN
0123c15651ab52cb587e,3472605,UNCERTAIN
ee26da0132fc53402f82,3472605,UNCERTAIN
4cd68681e2739de4382f,3472606,TREND
b59e574cfce420c0ea9c,3472606,TREND
75a295ab3566eed89de4,3472606,TREND
b698ee862348b72ac4de,3473085,UNCERTAIN
062e6763b3dff659ca62,3473088,UNCERTAIN
c8008b57cee50a24338d,3473091,TREND
728494656defe1f66c72,3473092,UNCERTAIN
3d6645237761581079b0,3473096,TREND
ed644e6d65ef6d566f26,3473130,UNCERTAIN
25d0b8c58a71ec4bc6d9,3473130,REVERSION
c9345b52a3b263965265,3473130,REVERSION
45f697d502b8d6495a9e,3473135,REVERSION
853223dc4db24c4d27b5,3473135,REVERSION
54e284b97b4032d73e06,3473135,REVERSION
e436390bdfd19e1b78d7,3473137,UNCERTAIN
b571cded99b1d2da81ee,3473137,REVERSION
0d7878bf3cf1eebd761f,3473137,UNCERTAIN
13f89460ede0c90eeadf,3473139,REVERSION
33333b7c1d9de88fb690,3473139,UNCERTAIN
c4dd8110e66c2f460dbb,3473139,REVERSION
362196d2542bd9612018,3473142,REVERSION
ab836b3039363ba43912,3473142,REVERSION
4eb4fadfce3075ee695b,3473142,UNCERTAIN
47a29aea9376d1029e1a,3473221,TREND
c545aaa5e090f2bc826b,3473221,UNCERTAIN
ec4b234d2bbc219a6e9d,3473221,TREND
be79003c5fe7e63a21cd,3473223,UNCERTAIN
46954b18d8f4a62d7d10,3473223,UNCERTAIN
26a92cddb574bc50b66f,3473223,TREND
ba518ca0b33e370fc18f,3473228,REVERSION
09398c0d03e8e3d0ce31,3473228,REVERSION
cc6ec9c312093466ba34,3473228,REVERSION
ea2eb711017212393fe9,3473230,UNCERTAIN
db461c89d39d458e04f0,3473230,UNCERTAIN
6c9ff7e1d1b120549337,3473230,UNCERTAIN
f91b7525404a76b500a4,3473235,UNCERTAIN
bfadeeb7cc890e5cda90,3473235,TREND
607ce161526b492e687f,3473235,TREND
c3daaf43e9727f57adf1,3473343,TREND
0ce6619645504dce8302,3473343,TREND
2ed19fcda8c553450ca6,3473343,TREND
f4c19ca879324933b2bf,3473345,UNCERTAIN
2efda850e5303d9629e6,3473345,TREND
877ea6e0d3928c9fccf8,3473347,UNCERTAIN
e409e57de8c350e6d60b,3473347,TREND
c1dd439489f5ff1f890c,3473349,TREND
ae9f790a3d0aba87377c,3473349,TREND
9350b4c33deabd648d80,3473355,TREND
f199deb5908f004b3faa,3473355,TREND
0e49395efe9066e14c78,3473440,REVERSION
9ac696ad3117ac0ad9d0,3473440,REVERSION
c0da684302bf673520db,3473440,REVERSION
299f73231f027d3f0e9b,3473441,REVERSION
1445ea36c51a5e5cc122,3473444,REVERSION
f1bc9fd5046e9156ebdb,3473448,UNCERTAIN
d39626a3fd8df8fd0fc2,3473453,REVERSION
3b9eaf7e516e1ea87a3b,3473489,REVERSION
f5f9be61690ba4e4120c,3473489,UNCERTAIN
eae47d9edf6a1824c002,3473489,UNCERTAIN
9c01460274ac65b2d5d7,3473498,UNCERTAIN
7f0dbf8819e97cf5dd11,3473498,REVERSION
db2f4b781c72f46cf200,3473498,UNCERTAIN
780f9ecacdc424b86250,3473502,UNCERTAIN
1e3d6c46c3628973147a,3473502,TREND
dda68ce245ceb193e818,3473502,TREND
faf23683d77cbc9b7939,3473503,TREND
d4557ce2adf65d00610d,3473503,REVERSION
4dae80a1676f36fbc872,3473503,REVERSION
f63cc2e3df2ab484dc7e,3473504,UNCERTAIN
9479d728f0c79a718673,3473504,UNCERTAIN
fbf9caa225394d9d0c01,3473504,REVERSION
c9ce5085ade9d7b1ad17,3473630,REVERSION
fa3985140ea6a547760c,3473630,UNCERTAIN
d28d45555e7f9fa90b94,3473630,UNCERTAIN
7b05fe8e69c98d400d1d,3473634,UNCERTAIN
d825ba7f2f581fe2222b,3473634,REVERSION
411d987f65f1cb9197e4,3473634,REVERSION
4601a857aa9a6e4bdd8c,3473640,TREND
1f4fab627ff193a07cfd,3473640,UNCERTAIN
219eb14d8753d5d85015,3473640,UNCERTAIN
3b741cfba81bdf692091,3473641,TREND
9cecb72e729dda24f5be,3473641,TREND
32757ce07e8e0b2e8dcc,3473644,UNCERTAIN
6c0e2a1fc55b6c710337,3473644,UNCERTAIN
5ed564403987f5ceb7f8,3473644,UNCERTAIN
6cf2eafa2ef2bdac5bf4,3473815,UNCERTAIN
444adf0ff92069b0235d,3473815,REVERSION
23165bb95c75fe39e67d,3473815,UNCERTAIN
137142a62ca3d85f7dad,3473817,REVERSION
e71e30b715c26c7c4419,3473817,UNCERTAIN
339881a28dbb8b0bbaeb,3473819,UNCERTAIN
ed87fea64645759923a9,3473819,UNCERTAIN
3c48cc2e48c7e5a435cc,3473822,UNCERTAIN
8c4b5543785502d26717,3473822,UNCERTAIN
059ea6f125fe15ecd37a,3473826,TREND
8480afb1a8bf0729e9b0,3473826,TREND
2105b35968535f490e7c,3473869,TREND
0b371343e1c0bbd08554,3473869,TREND
9cb7499efb0fdccb70aa,3473869,TREND
2f9c202b832ae3c37b02,3473871,TREND
5c95c32f6b58e7c4f412,3473871,TREND
2372653190b44f0b6a37,3473871,TREND
bdf1647cabcac1058c3a,3473876,TREND
638fff44b5f5c0798f04,3473876,TREND
5ba2b77ea8e047840e78,3473876,TREND
1cd518908f76bfd3748e,3473881,TREND
5cb888dd99a322df0a17,3473881,UNCERTAIN
4ac7d6a9971e07f0e9b1,3473881,UNCERTAIN
94ef3bd27bba2bbfd4d9,3473882,UNCERTAIN
497cc97595c74e35a799,3473882,UNCERTAIN
8c04885108b4cd753179,3473882,UNCERTAIN
d659aae49a54647926c8,3473964,TREND
d9172b1a4afa3239a3b6,3473964,UNCERTAIN
8df29ad208b4f74d9a76,3473964,TREND
e7dfada6ae8949a92f48,3473965,UNCERTAIN
f7f1a6a05ff6246f8af8,3473965,REVERSION
05c29117ce03098a5567,3473965,UNCERTAIN
e0d2a13629c7679d4579,3473966,UNCERTAIN
34db01cfb82dc6c2f0fa,3473966,UNCERTAIN
184d6b5bfcc500eaea3f,3473966,UNCERTAIN
52b930d4c3f56e5d7bfd,3473971,UNCERTAIN
20556dfb5fd59f13c606,3473971,UNCERTAIN
bd8837a0b9f0353d52ce,3473971,UNCERTAIN
e5965998013268bcf09e,3473972,UNCERTAIN
c85fa3ab6b9b4cd39a65,3473972,UNCERTAIN
422e3f0af88b7924c7b1,3473972,UNCERTAIN
f36704be64459d4d143d,3474034,TREND
59480ad5cded93a6b89d,3474034,UNCERTAIN
11048f191b0ca10fa265,3474034,UNCERTAIN
ce8a226a646d07492a89,3474035,UNCERTAIN
e8c799670bb026188e53,3474035,UNCERTAIN
c4822f8911bd5b74546f,3474035,TREND
73ec8ad80d812c4c0047,3474044,TREND
309202ada617c7141035,3474044,UNCERTAIN
2bf7258f299ea341deb2,3474044,UNCERTAIN
2b917110e2a6fa7c5134,3474045,TREND
cbb7b97984183bcef26a,3474045,UNCERTAIN
9f0360d870dc62066a27,3474045,UNCERTAIN
6418e545640863927e5f,3474046,REVERSION
aec6c3a9ab806afa3d83,3474046,UNCERTAIN
85171bdbd24452308ca8,3474046,UNCERTAIN
15b0e4549a3cbefb905b,3474207,UNCERTAIN
10eb4a1d58ac01a53545,3474209,UNCERTAIN
6e92f5453a4186a84940,3474214,REVERSION
282ab82d7656c1f85021,3474218,UNCERTAIN
ab88e3f99c9aace4e897,3474219,UNCERTAIN
b883ba45d26cccdf1634,3474935,UNCERTAIN
84f442e5894456f8f79d,3474935,TREND
201be8b069a029bbc80c,3474935,UNCERTAIN
e9ba1a721b0c0884d806,3474939,UNCERTAIN
afd0344ea5f43ede1cfe,3474939,UNCERTAIN
7499d9d0fe6a5fbdc902,3474939,UNCERTAIN
538d0830eb5b652e618b,3474940,TREND
8692b1b0158e963adb69,3474940,UNCERTAIN
20f7d5b5fa40c5cf7045,3474940,UNCERTAIN
d9e6a205524cd4374918,3474953,UNCERTAIN
dc59df48dc6dc38e259f,3474953,UNCERTAIN
beae789f3e91ae5f6084,3474953,UNCERTAIN
100477d857d494488ae3,3474955,UNCERTAIN
02230992e1199086e44d,3474955,UNCERTAIN
fa99360001ba423f00bc,3474955,UNCERTAIN
c20069acf928d9b67443,3475230,REVERSION
2f95379799a768aba9ea,3475230,REVERSION
9be30809dcbd85f50c13,3475230,UNCERTAIN
2fd9f74714ad2ff53095,3475234,REVERSION
66bb98fe5b4d735dade7,3475234,REVERSION
bf99c0d8d944b47543f3,3475237,UNCERTAIN
593d92c49cc9de5d9a58,3475237,REVERSION
74f853ef31e6b096081f,3475238,UNCERTAIN
7dce4ec89aa963ae04b5,3475238,UNCERTAIN
e95a9cc5001f284b6ab7,3475241,UNCERTAIN
2f60c327e5eeaa9860bb,3475241,UNCERTAIN
c26b535b5b89110f007f,3475489,UNCERTAIN
8047faedba3d7f921984,3475489,UNCERTAIN
7fb0c9808892d6debb24,3475490,UNCERTAIN
bed1f604d4f4c13bb2b1,3475490,TREND
280a06205c2be43f102d,3475490,TREND
d5bcf8e4bc5b80591051,3475495,UNCERTAIN
a90779483220136dc186,3475495,REVERSION
0dd9c6a425d61c637419,3475495,REVERSION
b702ec21352b5c0e1b46,3475499,TREND
3feb4eae50578e262fb2,3475499,UNCERTAIN
c2b34c9efbbae81ae33a,3475499,UNCERTAIN
3a43970b8feff20ad66e,3475503,TREND
f307cf18da5d304f289a,3475503,REVERSION
f7a4379adc2ae2732a29,3475503,REVERSION
984d8bef8d27ea01141a,3475617,UNCERTAIN
2ddb374a4b9dcc78ae84,3475617,REVERSION
03620c7cdaabd57a584e,3475617,REVERSION
f2383dd0794ac3e16396,3475618,TREND
925460a8cb6487f86a37,3475618,REVERSION
cb111c2504fda681fd92,3475618,REVERSION
51544dd9418f3f5d222d,3475620,TREND
3df679ca8a45cb1e5e8c,3475620,REVERSION
5fccd872c9e620aa3505,3475620,REVERSION
e9e8cff94c1485cf9da1,3475623,REVERSION
03088af43a85bce237de,3475623,REVERSION
347e393f5d8b4dceecbb,3475623,REVERSION
480eebcadbf19fc69a78,3475628,UNCERTAIN
00cf99405a56302a2bce,3475628,UNCERTAIN
a3156fcfba7463dadbda,3475628,UNCERTAIN
24206d596f3f46718a3a,3476100,UNCERTAIN
bf2812303332d7b22200,3476100,UNCERTAIN
53db32ebd26b50e3063a,3476100,UNCERTAIN
77ca333821c5f75bc934,3476101,UNCERTAIN
0a930b3b6a3e0bf09540,3476101,UNCERTAIN
74d48b40970dd4a2e65e,3476101,UNCERTAIN
313db11737ba574e0bb0,3476103,UNCERTAIN
cabcf6de3bc200be4c98,3476103,UNCERTAIN
bdff1e96838c006a8471,3476103,UNCERTAIN
c3d698827f49029e205b,3476111,UNCERTAIN
41f3841a82ef8f5fd0f6,3476111,UNCERTAIN
6463ab7455ac5dc0822f,3476111,UNCERTAIN
0d01fa072576e940adb5,3476112,UNCERTAIN
311d951ac6246fc0a2fb,3476112,UNCERTAIN
ea6c0f0406b3deb4b897,3476112,UNCERTAIN
2eebd38476d96fa0e06f,3476246,UNCERTAIN
c883234863f99068eeeb,3476246,TREND
571629fc4c3d4bc20d74,3476246,TREND
adc4c1cc7c6f57dd39e9,3476247,REVERSION
eb920066e14127cb4816,3476247,UNCERTAIN
2e5422166326ba070c41,3476247,UNCERTAIN
6d1d8a1ac0f80a11db41,3476249,TREND
8e77e31148121d3f286d,3476249,TREND
36797ef5cc194a9d92f1,3476249,TREND
357296bced4340678915,3476255,REVERSION
42f4c1e438002e504279,3476255,TREND
b23d4accfab46daf16dc,3476255,TREND
33796b1328375af2e817,3476260,REVERSION
256c9915db782856897d,3476260,UNCERTAIN
9ad771f6682a4f8a2a0d,3476260,UNCERTAIN
91d2a23c564a39c1bf02,3476448,UNCERTAIN
1ab471cefb190d3c7ac3,3476448,TREND
7c9dbb846030ab9b8527,3476448,TREND
439d4dca3f3eb2710de8,3476449,UNCERTAIN
003d6497e4f704e9ddb8,3476449,TREND
a1c4da7131d809e014b4,3476449,TREND
efe8699730df533795df,3476450,UNCERTAIN
84c53963ffcc0971d26d,3476450,UNCERTAIN
f3001be1a6987fc63925,3476450,UNCERTAIN
7115d0ab13c107d44920,3476459,TREND
9453c61e33da2c224a1f,3476459,TREND
24578d3bd2dc2889361a,3476459,TREND
0b92b6a0508a8fd03e59,3476461,UNCERTAIN
8d887e3156abb2e7074d,3476461,TREND
e5b97b82041486ac5a89,3476461,TREND
c12d2436adc0ef692679,3476522,UNCERTAIN
1b5907e33612c6333273,3476523,TREND
a684fe990623afe5e1b1,3476523,TREND
42804b61244276e4088d,3476524,UNCERTAIN
b6dfb49b326f0926fbf5,3476525,UNCERTAIN
01d01437f15b5c7d5d41,3476528,UNCERTAIN
bcccdd64536c61efed23,3477034,UNCERTAIN
9771aca175c173ef6ac3,3477046,UNCERTAIN
233389c1d29844087573,3477047,REVERSION
55bc78548bb8a3c74636,3477048,TREND
9f977801dd91b2f695ec,3477049,REVERSION
bee44d1493d34ceaf075,3477893,TREND
622643e1865226c89cd0,3477893,TREND
25beecb6906cf2dd9622,3477893,TREND
843163b3f58b617cbca9,3477898,UNCERTAIN
3e13b27b0dcd34e72116,3477898,UNCERTAIN
89d2689661bf5ffbd65a,3477898,UNCERTAIN
8919b440c6572a912a8e,3477899,UNCERTAIN
7cae6c89790fd9e562a2,3477899,REVERSION
b5f85b548e925a5121d8,3477899,REVERSION
dd2e7615256fcfd28366,3477901,UNCERTAIN
1e52958902a08d99cbe9,3477901,UNCERTAIN
305412d76ec9550ed56e,3477901,UNCERTAIN
8daf2522f4ff7c1453a6,3477902,REVERSION
4764b5f19da6894dcb25,3477902,UNCERTAIN
5f5420d3b23a9ee394e1,3477902,UNCERTAIN
91290b21e94ac6796b5d,3477923,REVERSION
d575089bced96e04edd9,3477923,UNCERTAIN
7bcf8302ea4e9ff89d4f,3477923,UNCERTAIN
3486aac29fb2d3d7292a,3477924,TREND
86d249d44f1cf1fcfb93,3477924,TREND
b9491e304e1ed1c409f7,3477925,UNCERTAIN
39a9bb53634d2da6f383,3477925,UNCERTAIN
199e784134d5e4b5344c,3477926,REVERSION
8b49b7304fe12e0a57fd,3477926,UNCERTAIN
17a7e91c73c20ca128eb,3477930,UNCERTAIN
b345b5b8d69abe383ba6,3477930,REVERSION
e9e1f487c7b764ea80a6,3478106,REVERSION
1d6d14da247caf4d05df,3478106,UNCERTAIN
7574dda78ea68b2f2c76,3478110,REVERSION
36c5778da624ab71f926,3478110,REVERSION
055c67be76c5f8e059da,3478110,UNCERTAIN
2bfae9447b720fe6de8f,3478121,UNCERTAIN
baaedbfeab4516d1515a,3478121,UNCERTAIN
dd97a39557e84060c497,3478121,UNCERTAIN
fd085109f13b2ba06fd0,3478123,UNCERTAIN
9d7d259ab08cf4c34d5c,3478123,UNCERTAIN
82171abd560bdff15928,3478123,UNCERTAIN
df4dd4ac6f1e0c710905,3478125,REVERSION
0e2977464bf0b4d0081a,3478125,UNCERTAIN
3cee89865f22c9bb7dad,3478125,TREND
092e94dd438240e2b98f,3478305,TREND
313d8f8060bace56eea2,3478305,UNCERTAIN
2d50d0bf8dc56e4ed309,3478305,UNCERTAIN
7d183d7f08cc0e4af23b,3478308,REVERSION
2e1f59ea2e90afc551c9,3478308,REVERSION
36333e64865ef5d85d6d,3478308,REVERSION
f10e7d3280066b4fdebd,3478309,UNCERTAIN
e8f12c6f8ea6d753d02a,3478309,UNCERTAIN
553a8aa3469c5f35bb2f,3478309,UNCERTAIN
2822d7cdfa58fe10dcd2,3478312,TREND
a62104786a38e7ac1981,3478312,UNCERTAIN
6980b225579696f89bdc,3478312,UNCERTAIN
40ff905cf0a8b4c85f88,3478315,TREND
f372da47b419acb3e9bd,3478315,UNCERTAIN
5c004b3dd4006f925375,3478315,UNCERTAIN
7abaace545521d053f9d,3478524,TREND
9914c60f1b9e5b228864,3478524,TREND
a378abd1e6db906201b1,3478524,TREND
06ec66327433b049a509,3478526,UNCERTAIN
bfeb1a7ba7c8562f1535,3478526,TREND
8a3b8989608bfe08c9d8,3478526,TREND
53c1dc527c2678c36792,3478531,UNCERTAIN
84fb0872ceb1f21b019d,3478531,UNCERTAIN
3acaf6fb636e99fa68ea,3478531,UNCERTAIN
1d6bfe90c2c4b9b123f1,3478533,TREND
c88389bafa74ab78c6a6,3478533,TREND
df30f9f1c2eb2d275bbd,3478533,TREND
bac5b3035a546396c93c,3478535,UNCERTAIN
3f2c33fe67141746308e,3478535,TREND
9263c1ac32d00eca99d8,3478535,TREND
6105052b64e61c4bb565,3478705,TREND
3f4b71d65ff57cee2b4d,3478712,TREND
29a7e72ff1ea37acbb0b,3478713,UNCERTAIN
b09fac60485f87fbce1e,3478717,TREND
98bdc0d29ec134ece6c4,3478990,REVERSION
70bba35649e7c497b151,3478990,REVERSION
fa50f674dd3ea1080086,3478991,REVERSION
0e09531f90378bfc63e4,3478991,TREND
469f457fdc8f87bf7c60,3478995,TREND
c40546acc5f3f08b176c,3478995,REVERSION
267198aa4c7802514356,3478995,REVERSION
cdec379ad5818e80057b,3478998,UNCERTAIN
146773fd747d5d0f499d,3478998,REVERSION
45102dea708a6b806848,3478998,UNCERTAIN
a20deca1673199063302,3478999,UNCERTAIN
25426abe3540c0b22c63,3478999,UNCERTAIN
d000292ae4014198fef2,3478999,UNCERTAIN
db0af5ec78af9059e79a,3479572,TREND
ef602fd2658495eaff98,3479572,TREND
aa36df193e0e3e76472c,3479572,REVERSION
bc91ad17e40eaf8e42f7,3479579,TREND
dd68309afa3f637ce620,3479579,UNCERTAIN
905a247da27d4b166bb7,3479579,UNCERTAIN
630918396354523c93a2,3479582,TREND
5a69f1a4f1e270c38689,3479582,UNCERTAIN
74d09446e77abaf41182,3479582,UNCERTAIN
2427f4d7d83fefa4075b,3479583,UNCERTAIN
7a024fb3ecc54cb40d02,3479583,REVERSION
59eabbe6e3ecd7821853,3479583,REVERSION
05557085e82ad91a256c,3479592,UNCERTAIN
65c30721474de05f6099,3479592,UNCERTAIN
0ab77f641707fa4be251,3479592,REVERSION
747845f55eb617aaf3d0,3480093,UNCERTAIN
1ccea452df14e1f69ab5,3480093,REVERSION
24b05a7ecabbc02b7543,3480093,REVERSION
b5562115c613572e7500,3480094,REVERSION
d826b94e0ed0281ea88f,3480094,REVERSION
06e1601febcf0547f26b,3480094,REVERSION
de248fd03efd478fc645,3480099,REVERSION
85c6b9ec5e211c2da2b1,3480099,REVERSION
e217d20ede6a855a9bba,3480099,REVERSION
e8b66aeb2aa52161dade,3480104,REVERSION
be7ffbf6215d00f7b7db,3480104,REVERSION
43f045c6edd37f1adad7,3480104,REVERSION
4a90e6bea4f4591a6161,3480108,REVERSION
26065a17d87de614331f,3480108,REVERSION
e100edba2a96dd71b72a,3480108,REVERSION
b594f2f37f001b344b3e,3480541,REVERSION
4bd24c9026a5699ce2a5,3480541,REVERSION
4764399f07138949d4ef,3480541,REVERSION
a8f12888ee929ebe9a99,3480543,REVERSION
de9da5432863d4a5ff2f,3480543,REVERSION
1b3cf4081a47c4aff88b,3480543,REVERSION
e8be6eaefa936714edf5,3480544,REVERSION
cc9be9c169f6a600db24,3480544,REVERSION
04fed9ce314cde5aa121,3480544,REVERSION
fb48bd3c074801d57c81,3480546,TREND
c0e0786d21ff7eaa7443,3480546,UNCERTAIN
846d48a48426c03a207d,3480546,UNCERTAIN
03f15a2e101598aad414,3480550,TREND
b896cdc08ac926cf2a1e,3480550,UNCERTAIN
6c21a88f220ee9f120b1,3480550,UNCERTAIN
169e3deecd36b858da78,3480644,UNCERTAIN
3cd21858126aaf35bc29,3480648,UNCERTAIN
b2ba836d07d12b735f17,3480651,UNCERTAIN
e738632eac7d6c7f0885,3480653,UNCERTAIN
16d0f07714dc551967af,3480658,TREND
bc3ad26ee58c32e6f6d7,3480787,UNCERTAIN
ec02df762adb3ae9e822,3480788,REVERSION
7236525913e9269f1ee7,3480789,UNCERTAIN
ca253c09abedecab64c9,3481268,UNCERTAIN
be047a09dd34d6ff84f6,3481268,REVERSION
a114bf7ebe3b8441eb4a,3481272,UNCERTAIN
14d1cc3b7a65cffdd3af,3481272,TREND
992150f958ca3815990a,3481277,UNCERTAIN
32fa2373410a54420cad,3481277,REVERSION
b9fcd62502effd7b5e8a,3481281,TREND
8b1ad835e8c94a8cbc30,3481281,TREND
70cdb8dc51a089612118,3481282,UNCERTAIN
728f940b74c5045ca489,3481282,UNCERTAIN
266923cea2776ac4766c,3481551,TREND
c70e0edaa40b117bdecb,3481552,UNCERTAIN
1f644cfa4aa671586b9a,3481554,REVERSION
074c363a096c6bc64f38,3481556,UNCERTAIN
bf9a4708f70e999d6050,3481563,UNCERTAIN
5a580c08357de3a6ca0f,3481968,UNCERTAIN
a9a7acf8d9b06d148f10,3481968,UNCERTAIN
79da9f735b16024a7c19,3481972,TREND
f32d3739c6ddac9bbdef,3481972,TREND
f3104a49b9bb97559abb,3481975,REVERSION
a67c43c54b676040ef3a,3481975,UNCERTAIN
6bcc31390b076656ecca,3481976,UNCERTAIN
b924c1956cd0f62cf36e,3481976,REVERSION
d100b37a0eeb8d881ff9,3481980,TREND
467d6a32ec4580033c27,3481980,TREND
4e16294c521b221d30f4,3482072,TREND
7bf269823d4a087e2d2c,3482072,UNCERTAIN
280848b9f47308e86364,3482072,UNCERTAIN
243dc6cb092fa97db107,3482078,TREND
66f3a89a59424a8c4f0d,3482078,TREND
c038cdf34a245a48eaae,3482078,TREND
4e0fb4f3b081c9f6319e,3482082,TREND
af7fd55e3d93866d68cb,3482082,TREND
7461926e862080d41555,3482082,TREND
3d265d331c4eecea71ca,3482084,TREND
50923fc8011eb90d498d,3482084,TREND
a4230b425060f889baa9,3482084,TREND
fd274d125a3b4939c39e,3482086,TREND
83ed708a7ba37dee0c01,3482086,TREND
0f2e89a471be42889a13,3482086,TREND
ad0229d2ec8725851149,3482155,TREND
8091866deeedb8342b27,3482155,TREND
f80c5e7c7a8eedf3f2e9,3482155,TREND
5bc83c7b7b0a5a2748a8,3482156,TREND
9110655c1b9845061d1c,3482156,UNCERTAIN
88ef3905fea287eb3d3a,3482156,UNCERTAIN
9e5726465a768b60d348,3482160,TREND
f1f1deaf339b804654ab,3482160,UNCERTAIN
a407495853a1bd5a299f,3482160,UNCERTAIN
67c74a29ede65c64ebb6,3482163,UNCERTAIN
ad005cdccd67c9c30852,3482163,UNCERTAIN
0ad6e96171f73749997d,3482163,UNCERTAIN
70a3a2e8db52c80e9665,3482164,UNCERTAIN
d80ec50645d68bace3f9,3482164,UNCERTAIN
6beebf5ed8187d6c2b30,3482164,REVERSION
7238485e86a8de3ead0e,3482297,UNCERTAIN
f6ca81639d12f042ac67,3482297,REVERSION
a134967bb919733c851d,3482297,REVERSION
a69090cd845d22cef34f,3482299,UNCERTAIN
25e1604759484e5d8424,3482299,REVERSION
bacc896ad517317a00a4,3482299,REVERSION
6f02ca0feebf83527fe1,3482301,UNCERTAIN
12cfdff0a4c7f596c688,3482301,UNCERTAIN
1795f77983dbb5b0a916,3482301,UNCERTAIN
1652197d526d3e7bb6a1,3482302,TREND
8cc63e57521e4da55061,3482302,TREND
83aa29554284089e1adc,3482302,TREND
62eccfd2ed44a33ab335,3482306,REVERSION
514427c0cc332571cf4a,3482306,REVERSION
a4b47e7e1de01979431d,3482306,UNCERTAIN
b2cd40525216aae7a397,3482405,TREND
be6aa1c4f32c4f78e7fe,3482405,TREND
97d1de62a1231f1627b9,3482405,TREND
2264c76da6df23637be5,3482407,TREND
8659a904b7433262b1f2,3482407,TREND
fe8cf4f7f755e343f45c,3482407,UNCERTAIN
a1097b788266b518c474,3482411,REVERSION
b38c77fec870b8fec2ae,3482411,REVERSION
54f7c92b214b11955f18,3482411,REVERSION
a8167549f474ea0aa00a,3482415,REVERSION
7ccea9df0f652504784a,3482415,TREND
f192f89a59736c64be7a,3482415,TREND
03828dd2fb57eac6ec87,3482418,REVERSION
20192bb5ec3b3fc9afc4,3482418,REVERSION
57267d8fc1b6c8d80846,3482418,REVERSION
91a3c24d913cc4db0df9,3483047,UNCERTAIN
a1d32eba2eb2a0c3b248,3483047,REVERSION
f60472aaddb836298e51,3483052,UNCERTAIN
903a972483b495904aa3,3483054,TREND
7ae30e536d8bdd90e646,3483054,TREND
947050f1272e635606bb,3483055,REVERSION
5429f514c9529cb0660d,3483055,UNCERTAIN
ec7c2ac24af32b641673,3483060,REVERSION
4d45077e7f1e8b22b59b,3483060,REVERSION
0b9fb6b58c7d13bd3910,3483427,TREND
52cae8f5dc331ea183da,3483427,TREND
c8fd5379cab507b11912,3483435,UNCERTAIN
69721dc319102aecaa0f,3483435,UNCERTAIN
afc9eca185df4ae84075,3483436,TREND
4da5a9eca68197a48dc6,3483436,TREND
da1352984dbf07da672e,3483437,TREND
1c111f64d26b748b7446,3483437,TREND
b76b44047dd37f4d2c70,3483438,REVERSION
77d51825a691cf66f2f9,3483438,UNCERTAIN
accbd9bbd51e287af8f7,3484064,UNCERTAIN
86a7aa39b52e5d459178,3484064,UNCERTAIN
5c5936786bc160e9451a,3484064,UNCERTAIN
de3dbbd3900cbe22bf06,3484066,UNCERTAIN
3c38adc5e437171a92f1,3484066,REVERSION
3ad2937c0747184c69d6,3484066,REVERSION
eaba045255b2ac845d53,3484068,REVERSION
8c1de166b1a5e84ce32a,3484068,REVERSION
6cfa6fd27aa8a91201ee,3484068,REVERSION
0ca28a6442b5c3802570,3484076,TREND
fd0b606060624aa8e7bb,3484076,UNCERTAIN
3480ed906333a72c10d2,3484076,UNCERTAIN
76728271b4bba27e8ccd,3484077,UNCERTAIN
472962bf34174062b9dc,3484077,REVERSION
6ceac2cab4fe77dd8010,3484077,UNCERTAIN
9954ee1b18008ac83c71,3484231,UNCERTAIN
3a221c36ea9e53cfecd7,3484231,REVERSION
f69406bb48ea9c813336,3484231,UNCERTAIN
244ba84d9abc3fd208b2,3484237,REVERSION
4baa475b76907db94d1f,3484237,REVERSION
a2a7d33fc4b71bf02d30,3484237,REVERSION
e271c82548bbf016aba1,3484239,REVERSION
eb40d1fa8a249ace4027,3484239,REVERSION
12a769f3dae4e1e65d54,3484239,REVERSION
bb17e094d0af0ccf67d5,3484242,REVERSION
97ac2347cb21554ee573,3484242,REVERSION
79e0888d6c6c6578bb69,3484242,REVERSION
24b85432973d8b80e0c8,3484245,REVERSION
550c2f71cf4dfdb18640,3484245,REVERSION
9aa27cedf8b8a4fb0fc1,3484245,UNCERTAIN
bee19e285be0c7f7655d,3484961,REVERSION
d29258da0f43fd813267,3484961,REVERSION
19759be29b0fb6efd33e,3484961,UNCERTAIN
b3fc45f4992da9b671ef,3484962,UNCERTAIN
fbb662b3781ebb99c9a6,3484962,UNCERTAIN
18e1516785742364d659,3484962,UNCERTAIN
ac878dbf7fd36eb66a42,3484966,REVERSION
16e92e16fa998e5179de,3484966,REVERSION
da1901e62a5129018d0e,3484971,TREND
51a05e4e811b8876d8aa,3484971,REVERSION
9c0aea159e9bf589de61,3484971,UNCERTAIN
c5d4ec3f733be40af006,3484975,UNCERTAIN
15c1909f73cf0b82e8f0,3484975,UNCERTAIN
87fb76e546be56c3a3e3,3484975,UNCERTAIN
0d801e4ab0edd884bf25,3485434,REVERSION
8e0629da877e5170b239,3485434,UNCERTAIN
2be253cfc3de461fbfa3,3485434,UNCERTAIN
84f882df1c57b418426e,3485437,UNCERTAIN
59c665ee918dbba33f83,3485437,TREND
3ef9d77c06f1e98d0958,3485437,TREND
94da519700f5c41ef1dc,3485440,REVERSION
d918a19e6764295f818f,3485440,UNCERTAIN
174f929e03c2f0faf7e7,3485440,UNCERTAIN
dd2d49d85f4b48e91544,3485442,REVERSION
1d4d791ef078479db60b,3485442,UNCERTAIN
cabf49668ef229dec0e7,3485442,UNCERTAIN
00290e73d785b109c796,3485445,TREND
8862189546d8d7bc65b8,3485445,TREND
689deb5a2eaf7da78287,3485445,TREND
a5829f834c6a2479f371,3486283,REVERSION
36b3759a677f8a9f9f45,3486283,REVERSION
4168afcc91265130cefc,3486283,UNCERTAIN
1e3c298bde18a16d82f3,3486286,REVERSION
cdc09b7dff5d8547e9d4,3486286,REVERSION
65d80c512637b660ccad,3486286,REVERSION
02a1f8d0613e974f2137,3486287,REVERSION
5bb8a8fcead2f2804b23,3486287,REVERSION
a6b43400f6677349ebf7,3486287,REVERSION
1d2e1caa5f3d7eafd2e3,3486288,UNCERTAIN
10ef7aca5c3e26dd670a,3486288,UNCERTAIN
873b826ba72c39d11c89,3486288,UNCERTAIN
c142884caa6d8b966ddd,3486296,UNCERTAIN
23e5d333cd584185b995,3486296,UNCERTAIN
fbb5314e1f33aa22145a,3486296,UNCERTAIN
36d22a1aa9d9859c8de4,3486473,UNCERTAIN
2f71c95e6cbe9411c80b,3486473,REVERSION
4035708294467dd4c479,3486473,REVERSION
d470ec8def726529dfd7,3486474,REVERSION
1b96023aece72baefbd9,3486474,UNCERTAIN
0d111b712fd631d98648,3486474,UNCERTAIN
d84bacf3a038ca71df5e,3486476,REVERSION
84b8e56bbc68510c2546,3486476,REVERSION
672c384e8e58b06a1b5b,3486476,REVERSION
4f3808ae9eed05f33da2,3486477,REVERSION
f754265c98b506c3b151,3486477,REVERSION
1a3a01b99f80b70a5874,3486477,REVERSION
d945be94a11e67311918,3486478,UNCERTAIN
63779b769acc015ba33c,3486478,UNCERTAIN
0e070002dc91cf6ea9a5,3486478,UNCERTAIN
fec4f4cc546ad8d53e30,3487195,REVERSION
137cd8d89d2e65f1a556,3487195,UNCERTAIN
3bb52ffc387f1ace41ac,3487196,TREND
6020655aecf590e0cdf2,3487196,TREND
f1d71b4d6e473e4ba8b4,3487197,UNCERTAIN
bd4909e6737b4eb5120c,3487197,UNCERTAIN
4ef6c336a3cd19e393cf,3487204,UNCERTAIN
95ae6971b1c71a59974e,3487204,UNCERTAIN
086aba7010ad640c986e,3487208,REVERSION
9c0f5a1d41ad1d3fe303,3487208,REVERSION
814e042a9d580fd236f6,3487552,TREND
a811ac0832818fd49dea,3487558,UNCERTAIN
ce154e8dc2cfcd7c480d,3487559,UNCERTAIN
526db48c1e01e136512e,3487560,UNCERTAIN
963f6948cc518c533672,3487563,REVERSION
04edba1c8f20e1902cee,3488336,UNCERTAIN
cc48b0c1328e99d6a831,3488336,UNCERTAIN
e393f62da85df1f87ddc,3488341,UNCERTAIN
d4a5866492e7f8de05f2,3488341,UNCERTAIN
c7a0a94bdfd3fbc8ea1b,3488344,UNCERTAIN
a5527a4c6996475d8b28,3488344,UNCERTAIN
db75a0a705f1dcbd9e6c,3488349,REVERSION
f530c6454089459541a2,3488349,REVERSION
adad45193efedb9ddef5,3488350,UNCERTAIN
3d58561e48885f374dcb,3488350,UNCERTAIN
9485ad151a87aabc922e,3488587,TREND
09178b573c295e1a8ab4,3488588,TREND
e4f74b3dec5bbc2220cc,3488588,TREND
fafd9c33679ba51caf75,3488594,TREND
858f2d58d35500e78fd1,3488594,TREND
3d66eecd0b15645743e2,3488595,UNCERTAIN
39d894ccb3d681d030cd,3488597,REVERSION
437f179a21989b722806,3488597,REVERSION
a9a223765336d9cb1555,3491078,TREND
e813e184926a3ebd4647,3491078,TREND
955e65e68a3cee39441c,3491080,REVERSION
af4a539eaee7f1191e62,3491080,REVERSION
fe90eae7302f6513bd17,3491081,TREND
8029830a184d61f063c7,3491081,REVERSION
f5aa56308de96e64710a,3491082,TREND
e919a46c32248d4f6a35,3491082,TREND
ef8f8870e93970f166f3,3491083,TREND
1a81b65e56cf2b3036ce,3491083,TREND
91b421d06878b228987a,3491479,UNCERTAIN
d5e9fd83661b8b9d2537,3491479,UNCERTAIN
2739c94644d3b71e7760,3491482,TREND
1c9c8bd08fc437334e57,3491482,TREND
d4bbb47fc52aba60b72b,3491485,UNCERTAIN
f44ccda57e2ed24ce3c3,3491485,UNCERTAIN
f67a82fd5ff9f8922c5d,3491490,UNCERTAIN
5612439cf9dbd2b4d094,3491492,TREND
dce2d161a93a67560ccc,3491790,TREND
918bf5e001aecdd204b6,3491793,TREND
4732b8a4cbfaf60afe30,3491793,TREND
d3e3a94073c5d28bb4fa,3491794,TREND
6c346a97a9519e4f174d,3491798,TREND
41727d447e0d30c2318d,3491799,UNCERTAIN
5eb48ead7a81ab2eb815,3492135,REVERSION
077fa61831b6014d4eaa,3492135,REVERSION
51d7b9e0276a533bf1f4,3492136,UNCERTAIN
132dedb78e55d6ae90c6,3492136,REVERSION
90b9a3d584757f2b1394,3492138,REVERSION
3ccccf0eea02c054656c,3492138,REVERSION
dce3a24faf836ddd9495,3492144,REVERSION
7407c336e77942eb5d30,3492144,REVERSION
def0ec71d0c854a9fd26,3492147,UNCERTAIN
33495e28fe8dcdd0298c,3492147,UNCERTAIN
eabb33918e8e578a70a3,3492575,REVERSION
77c4879dc253f32cb892,3492576,REVERSION
bf0f83254a15e7db94cb,3492576,UNCERTAIN
df938d71c91a29043aac,3492580,REVERSION
e31ceb2af47d3067c96a,3492588,REVERSION
c3ab38300a87308b9a0a,3492589,UNCERTAIN
749e4bf8e65d6d84d667,3492756,UNCERTAIN
5387c1cb201ff2cdb0d3,3492756,UNCERTAIN
80bd08ab8d1cd44d9b01,3492759,TREND
7a096c510f4c47209dcc,3492759,TREND
d33227b06f6cf3d5eb58,3492763,TREND
b9c3616006e036b42a3e,3492763,UNCERTAIN
009487b6f14b81a535ad,3492766,REVERSION
8e51cfa3129a197d81f6,3492766,REVERSION
1a76174fa84dbc0250ae,3492769,TREND
59c41de36f79d2b49c15,3492769,TREND
d19fc43bc05f8a6d4176,3492993,REVERSION
9645d57eea97ec1cd4dd,3492993,UNCERTAIN
13a07129634dc1c4ffb4,3492993,UNCERTAIN
8269707fa865db0d6254,3492994,REVERSION
6317014a72344b1e173a,3492994,REVERSION
337a0a2bf279b2c108d9,3492998,UNCERTAIN
41e520dcd434362cf6d0,3492998,UNCERTAIN
0d963e5371a5ec6ae6c0,3493000,UNCERTAIN
33d15c3cfa6bf356c84e,3493000,UNCERTAIN
a7eda74253e369c522f9,3493004,UNCERTAIN
845c0c3c155f7dd60762,3493185,UNCERTAIN
d3b8880fdab26f2cfaee,3493185,UNCERTAIN
6f7b0afc07348d20e04d,3493187,UNCERTAIN
cd7e38d2d4fb284760df,3493187,UNCERTAIN
9ca35cf6ca87233c6769,3493190,UNCERTAIN
68bbad153686b5e1ee05,3493190,UNCERTAIN
f4bfb8cbf4b8ab9bbafb,3493191,REVERSION
d0afd289f316e1c1abc2,3493191,REVERSION
616678178d8e7f90a6a9,3493199,UNCERTAIN
7084252554482525f049,3493199,UNCERTAIN
11f08bba37525c3bbfaa,3493571,UNCERTAIN
8fc6f1f72af23ea8e77c,3493571,REVERSION
7a12f062e77f3c3322a8,3493571,UNCERTAIN
191cecc4d41c535b92ce,3493572,UNCERTAIN
bd49b848f93e11d240ce,3493572,UNCERTAIN
ed83e78980a0ac5dd93a,3493575,REVERSION
4607c90f33d0d1d273b1,3493575,REVERSION
6d8aef9bb1238bbb241f,3493580,REVERSION
63a9caa5101440eb38ac,3493580,REVERSION
c5b396d433fdcdf6381d,3493583,REVERSION
1649b187a4e65afd9549,3493583,REVERSION
3473140c1a306885b890,3493837,REVERSION
25b7f8143e14fdee0e66,3493837,REVERSION
7836333bb6137c17cd49,3493837,REVERSION
47586cefc472eaaab7ed,3493843,UNCERTAIN
9bd3c763578242333938,3493843,UNCERTAIN
4fa6eaa2da27c8aad65a,3493846,REVERSION
00e2a80b009b83429ace,3493846,UNCERTAIN
f61929a52d7af54ff0ed,3493850,UNCERTAIN
41b5a9a5a6f2b806d5e5,3493850,UNCERTAIN
c960f965e8c02506b8eb,3493851,REVERSION
6eaa2cc2bb30f05d1167,3493851,REVERSION
816d415fdbf8a664e42f,3494019,REVERSION
98d78f45712eeaa89db8,3494019,REVERSION
bea9275d7ae66fc898b2,3494020,REVERSION
4d57a2dfece9a90606c5,3494022,REVERSION
aa19eb786b5b58a87e06,3494032,REVERSION
433998be7cd9677c4b19,3494034,UNCERTAIN
3b959703ac9f97012492,3494192,UNCERTAIN
5189eab905b6bd19016d,3494196,REVERSION
9dd1bf923882e4fbfa8b,3494197,UNCERTAIN
43b0a7c56b17c834dae8,3494202,REVERSION
c17fbea2c7a782aa4d8a,3494205,REVERSION
9c1f253b11c3b301e376,3494690,UNCERTAIN
ccc81f21a4180f37c9f1,3494691,REVERSION
530e9593284e14d0b973,3494699,REVERSION
e3c2138de6099274414f,3494702,TREND
c719177c3b4f589aea07,3494703,TREND
31d83f587c8638d85dd2,3495453,REVERSION
1932b32cfbf13927c759,3495455,REVERSION
496f73e8896a348a40a0,3495456,TREND
4ed3b50a608213680003,3495458,REVERSION
8eb2e0cf6bc840dc864e,3495459,TREND
323efa1dd087d1f108f3,3495523,UNCERTAIN
73f6716c21f3e443043c,3495527,UNCERTAIN
c063593223bd605846ab,3495528,UNCERTAIN
285af0711af45b3fac55,3495534,REVERSION
b19c9003a8166338c224,3495538,TREND
7b9af03b110a163ca106,3497492,REVERSION
befac02c1c1ac066068b,3497499,TREND
a1f4c3b038d122b53173,3497500,REVERSION
72693fbe977f439563df,3497503,TREND
8794e76432be61a6f80e,3497505,REVERSION
7b8fe11e391033d995ea,3497959,TREND
27a2652f71f75c09d4e8,3497960,UNCERTAIN
36f19303d30058597222,3497961,TREND
0e4b14628717667b7d8e,3497963,UNCERTAIN
6b9f45375013ee54c7ed,3497965,TREND
5842874184315fe2ea8f,3499105,TREND
464bca1cb1c84d6fce3b,3499107,UNCERTAIN
deac7f8bdd6d429f21ed,3499112,UNCERTAIN
17c27d15dcf434f648c8,3499114,UNCERTAIN
6033a11ac645c3e60c48,3499117,REVERSION
d313354503632fd3dbd0,3499188,TREND
297a8e1fc6ded2129e2e,3499189,TREND
a789adbf0056913d6494,3499191,UNCERTAIN
1e549c77464904fbbbc9,3499195,UNCERTAIN
9ab2b12f3045209e7216,3499202,UNCERTAIN
ff7fc740a8d2a722967a,3499585,TREND
a45b0b406c00b2a1b2c0,3499587,UNCERTAIN
2630cdc603f40d46d8a8,3499589,TREND
f80acd21ece8c6401b9f,3499591,UNCERTAIN
71299590de237ba02749,3499604,TREND
b82e342eec1f2017bd72,3499833,TREND
797f4e0f6869ccd4b769,3499838,UNCERTAIN
641356964f38ccc7e1c9,3499841,TREND
3bb9db84065698cf133a,3499842,TREND
4d2c294767eab36f3aac,3499845,TREND
5b47f22bfe6a07563f43,3499920,REVERSION
cd177c491802644fdfb6,3499923,UNCERTAIN
9a3621276fd9cae10a93,3499925,TREND
9a609879552605e9cf24,3499926,UNCERTAIN
b7d718f37536d638d6f8,3499933,REVERSION
8b0898b718a557016291,3500238,REVERSION
eb13054d195563bb5d99,3500240,TREND
a9b6f544adbdf5331468,3500246,UNCERTAIN
4ea21a6a14b054d1d4ce,3500247,UNCERTAIN
8056ba538ae305f8b756,3500249,UNCERTAIN
7a300dbdc92d4648cdcd,3500731,REVERSION
956054202f23cc00cde6,3500732,UNCERTAIN
5ad40f48c02a54f2def0,3500734,REVERSION
638acb9f2e4c26640e6e,3500741,TREND
5783ac4d4d203a882d89,3500744,REVERSION
fcfa6f95d42fdc4eae16,3500795,TREND
eb345b4642daf4463623,3500799,UNCERTAIN
5dddf0fa13760ab72a9b,3500801,TREND
b0bb648fd60bb17a25e5,3500802,REVERSION
89385a0979069049b1f1,3500807,TREND
a1c6acccfa96945da32f,3501197,REVERSION
51a79930124ae270950f,3501200,UNCERTAIN
d0c2c339b933084ca0b8,3501203,TREND
fc7dc6ae7c66565818d6,3501208,TREND
de355a70c5d07744a47a,3501212,REVERSION
c81eb9bb318a16d6058a,3501303,UNCERTAIN
4f7b0fbc115cfab2c62e,3501304,TREND
d33fc64e15fcc9939bdc,3501308,TREND
a0f939e3d305cc65ec30,3501313,TREND
32ea901a95f6edc16e7d,3501318,UNCERTAIN
6b55af4b98e4c256d235,3501549,TREND
70587c3b794bb8002fa2,3501550,UNCERTAIN
67f1ce2f4e683155a0d1,3501552,TREND
7e5d1ad51c552e2ea823,3501553,TREND
b07cd676c004e8cdebf4,3501555,UNCERTAIN
16509d35d07a5e727ac4,3501657,UNCERTAIN
1c480e914a7415e05844,3501659,UNCERTAIN
37dee677478425129492,3501661,UNCERTAIN
705c4559d81a53e59739,3501662,UNCERTAIN
3dff7a2c4730bc5d885b,3501663,UNCERTAIN
4ac6e7f6e55ebfc9259a,3501936,REVERSION
822935bd0092bef72ede,3501937,REVERSION
b31f75914031e45c4b8e,3501943,REVERSION
8dc4d1adf3c51e2d626c,3501944,TREND
083633b40dea1513e3dd,3501945,UNCERTAIN
591f38efb388165427bd,3502182,REVERSION
ea5ebf6220d840c430d5,3502184,TREND
f0828528d9d8783a7be5,3502186,UNCERTAIN
7cbdc8b9f9b3ad5eee80,3502188,UNCERTAIN
1579218dc1779fd21a3c,3502190,TREND
0ecded1baa67e0a037c2,3502424,TREND
38d2eb0b79fa73929f30,3502427,TREND
07da690acd9565625133,3502428,TREND
1fad9f704018263ac0be,3502429,TREND
34e3616fa4942223d811,3502438,TREND
c3e3aa8d86b3d74c040f,3502520,TREND
b7879ac027f779f6f1fb,3502528,UNCERTAIN
5331cd7c3ff05f75f66d,3502529,UNCERTAIN
3f59dad3ec3062ab6155,3502530,REVERSION
64e110bec25bbe937b4e,3502532,UNCERTAIN
aa5b8f4bb6ef8bdc2ac0,3502821,UNCERTAIN
cc033189a8c211411e89,3502828,REVERSION
a1b3f7d8532b95d947d7,3502829,UNCERTAIN
61a8609044842de6c1a8,3502835,REVERSION
e422666ce45f3e5894aa,3502843,UNCERTAIN
ea128064fcca063faf88,3502994,UNCERTAIN
9d9f7179cd85cd6dc726,3502995,TREND
8110f0bd381c5dfa55a0,3503003,TREND
46a8f285b34ed3113a6f,3503005,TREND
12a6c824dbc60d419460,3503007,TREND
396e6090b9d030aee892,3504060,REVERSION
1546c51858630e895004,3504061,UNCERTAIN
ddf4cd4d2c19bd1db387,3504064,REVERSION
4a86e27d24d7487eb57c,3504066,REVERSION
f3b87f9c03189ec00333,3504069,REVERSION
6c14279144a3caee1320,3504238,TREND
9ed250a9aec03f3bac08,3504240,REVERSION
d3b7d6b1612ec771c92e,3504247,TREND
ce8a988ef4b8da3ef4e4,3504250,UNCERTAIN
bc78b9895c3634817ca2,3504252,TREND
5b28fab64e497fe69c40,3504336,TREND
b016d834854991f13ef1,3504339,UNCERTAIN
4e9a756787116e681001,3504341,TREND
5226926ef21fb3685d85,3504344,UNCERTAIN
62ad6d605fecad6ae2cf,3504347,REVERSION
6e9b71c3b4baf576b245,3504817,UNCERTAIN
14682dc4c416715b7b19,3504819,UNCERTAIN
fe5d895dcdd2c562bc4d,3504822,UNCERTAIN
2e15537c7d87767efea9,3504823,REVERSION
682d8475c8dc433fbc0e,3504828,UNCERTAIN
ff09f282ef61ee20ec7b,3504866,TREND
e34df8ee779e8b465edd,3504868,TREND
f72b87f2f5b23a3efa91,3504873,TREND
10c540a72435a5db1d5a,3504875,TREND
d03c869d06f7a7102fb4,3504877,TREND
b5269cc426c013240050,3505030,TREND
b56519a4526aa257d1b8,3505034,TREND
22804cf149405210b7df,3505035,TREND
d41efede06d956b78b28,3505037,TREND
b0f4dc1836a8d4ae2f07,3505043,TREND
a916e11ca8acd8e69399,3505204,UNCERTAIN
bc29810cb9469b200906,3505206,UNCERTAIN
3283962c74fda67c09fb,3505212,TREND
6e3156a498b79aea7c73,3505216,UNCERTAIN
d3eea0a4fb6a2bd15a1f,3505217,UNCERTAIN
c70c7f405a8ab9cda4fc,3505281,UNCERTAIN
8a9312c7e2362d3c621f,3505283,TREND
a8891337482282d544bc,3505286,TREND
e54fb46711a55aa35da4,3505287,TREND
c49d3f0796816aea778a,3505288,UNCERTAIN
a58a29d5b0178fcfd4d8,3505332,TREND
502b8bfc9b8ebd61f932,3505336,UNCERTAIN
fbc838ead437923ea9c1,3505337,UNCERTAIN
4fc56dbfd2a3a2c1aae6,3505338,UNCERTAIN
5257cfb218fd1661f91e,3505339,TREND
5622f156fb06250098f0,3505442,UNCERTAIN
48b44ca1a34b9cf2738d,3505445,UNCERTAIN
49a401fb0347ce06472a,3505447,REVERSION
14e2e738b40664021d86,3505453,REVERSION
bb9ef6851a700dc9bbd4,3505454,REVERSION
1aecb3018eda4291ad95,3505542,TREND
8903f5f86d0021e17c5b,3505543,TREND
5701d83d9f3672e0ea08,3505544,REVERSION
96f1431b4c1c3ff3c901,3505546,TREND
61c6ad029c1b879edaa7,3505547,REVERSION
24449fb9da4c67d4f2c3,3505588,TREND
e41b311a5f3005542884,3505589,TREND
e00472cbe4938a5385f4,3505590,TREND
64833b0e4ccc37363ab9,3505591,TREND
51cd6e255862c454ea5d,3505596,TREND
5b21a7dc047111399607,3505687,UNCERTAIN
22dd41468f77bf4d1723,3505693,REVERSION
a512f17e0d2c9eac8c13,3505694,REVERSION
65d3ee3d1f2a2d96ea62,3505696,TREND
cc7adaee1b9432feaaf6,3505698,UNCERTAIN
0fd44454b58a7246eec5,3505756,UNCERTAIN
2ce27ca05206444205cc,3505760,TREND
a1a9e81e5b8224911920,3505761,UNCERTAIN
dee95533ff7b8fb83094,3505765,UNCERTAIN
54000909b75489963b17,3505769,UNCERTAIN
0d00a0541fb7c0436bba,3505769,UNCERTAIN
e6defd6ba56c9625487f,3505872,REVERSION
cd31e3afcf0bbc8950c4,3505879,UNCERTAIN
bfd0fa91ca8b028c38ec,3505880,UNCERTAIN
6089af9990b0c51a4681,3505884,REVERSION
7248ac51ca474c94ba8d,3505886,REVERSION
c8ea85dff700835eb29d,3506437,TREND
a54a8836368628ebc15b,3506444,UNCERTAIN
2f025ba246b908757ced,3506446,UNCERTAIN
978d9c09e1670a8ee623,3506447,UNCERTAIN
d39467d534bd5835cd5a,3506456,UNCERTAIN
8cd748c8e8dbaa426d8d,3506542,UNCERTAIN
34b7f521b607a1cab00e,3506544,REVERSION
0a7c178be3fe9a3a6224,3506545,REVERSION
6b958ede690765cde8a1,3506556,TREND
c0478f749ee446b760d0,3506557,UNCERTAIN
d1d18ac7b9d0300fd905,3506675,TREND
0c0433fe8a85281ba906,3506676,REVERSION
3ee806e267b12d33c945,3506678,TREND
fbdfd2eeeabb30169a27,3506684,TREND
a961e7c10d22f753e859,3506685,TREND
b4fdb446724c10c033ee,3506778,TREND
137913477ef74e46f7cd,3506778,TREND
6fbd8ed6e73f2720f5ed,3506781,UNCERTAIN
aa7f7b275d1641434092,3506781,UNCERTAIN
6147f91f4b3294315395,3506785,UNCERTAIN
4febabdb1f5d1af8be8f,3506785,TREND
f49a29893d7fab38592d,3506788,TREND
47fd5f34a95815188986,3506788,UNCERTAIN
ae474bf9aad0580729f3,3506790,UNCERTAIN
5774cd5eb9162543c66c,3506790,UNCERTAIN
c6df7195fd305e39f4f7,3507743,UNCERTAIN
698d803d820ab359e74e,3507745,UNCERTAIN
33877cdccabc3c3c247c,3507746,UNCERTAIN
80b810098a58d1c4c13b,3507756,UNCERTAIN
58132e612f169b974e9d,3507757,TREND
fa8ca3fab2529e6212d0,3507757,UNCERTAIN
9b68daa821a48d1a97b2,3507811,UNCERTAIN
d9bea4d72d32aee6d18b,3507811,UNCERTAIN
4fc5b6056bca2336fa35,3507813,REVERSION
cdc98cdb489d10c07ce8,3507813,REVERSION
06abaf2d9a1ac8e61492,3507817,UNCERTAIN
b39d0ee10ffe8d8f04d4,3507817,UNCERTAIN
e209cf273ea39715fdd8,3507818,REVERSION
a3544fb638a4be7eca98,3507818,REVERSION
c6b496d840ed18b6472e,3507824,TREND
99f4666bb22dbfd60caa,3507824,UNCERTAIN
cbde8b383531ac298453,3507895,UNCERTAIN
92b819b3d73a6c79d603,3507895,UNCERTAIN
6d7c77f16b958bb68bde,3507898,TREND
10072aa35a695c4a4f8c,3507898,UNCERTAIN
60a30481978156ab9259,3507901,UNCERTAIN
5628a0b4521e1a4ee46b,3507901,UNCERTAIN
ba02c36d583e96573f6f,3507906,UNCERTAIN
22cf6bccaae4c7f560b0,3507906,UNCERTAIN
07f52fe12a40e6e87e6e,3507909,REVERSION
71714f2e5e0e88a8f048,3507909,UNCERTAIN
6388cd70ec44e9d600c8,3507970,UNCERTAIN
f9eff4a8ea5c4ef921a1,3507970,UNCERTAIN
756043276d4e33767744,3507971,UNCERTAIN
e53213f894a5f3d21774,3507971,REVERSION
b533c087e5392472d1c7,3507972,REVERSION
a6decada534fde6bc02c,3507972,REVERSION
8671d2b91fae72715051,3507973,UNCERTAIN
cf20868f26fa901bf0e9,3507973,UNCERTAIN
b699d78b85323cdee4fd,3507978,UNCERTAIN
d96f370e204a5bd98bea,3507978,UNCERTAIN
cfbab9307f256fe233af,3508513,TREND
fad49283f35ec905fa38,3508515,TREND
c1be34a4e31e41931118,3508516,TREND
3f9f42d87b8def8d1762,3508517,UNCERTAIN
55b3140695eb52104339,3508522,TREND
ba63580e2205bbb59549,3508522,TREND
fd48340c36d6935fdbd4,3508648,UNCERTAIN
216a8a1d95b2cbaccecf,3508648,UNCERTAIN
76fae2463e89a46bf772,3508652,REVERSION
210bc7f38b0e910e48e5,3508652,UNCERTAIN
62a12d53acd23ec36640,3508654,UNCERTAIN
fa9fc46eebf8e9dbc1bc,3508654,TREND
799e3e822d482ff510c3,3508658,REVERSION
730d337990eb1cd4d6ba,3508658,UNCERTAIN
06e1e3273b909b864d2e,3508660,REVERSION
0a544f70199359b881e8,3508660,UNCERTAIN
66d3b95e3a8af65af3dd,3508781,REVERSION
fc3953c27a24081de7cc,3508781,REVERSION
caa58c1a911eac92bba1,3508788,REVERSION
da23085bb50e2a7f2e90,3508788,REVERSION
1d0eee2945684f05903f,3508790,UNCERTAIN
5856962ae86458742c0c,3508790,UNCERTAIN
ee540a6dcffaedef7309,3508792,REVERSION
33f2ac2dde9e355eae0e,3508792,REVERSION
283b30029c3dfaedb9f9,3508793,UNCERTAIN
be1557ee871bdf9f0230,3508793,REVERSION
d8a3a4b30cd37020aac9,3508909,REVERSION
2555a231610ccc9ddef0,3508909,UNCERTAIN
1c90a315e2b47be2cce4,3508911,TREND
df88edea948deb34e439,3508911,TREND
cbc700273b7d1bec60e2,3508913,UNCERTAIN
bd67c59d4a215fe8d91b,3508913,REVERSION
293c5755431a54cdf289,3508915,REVERSION
8fdbc8ead5d23a3cc32c,3508915,UNCERTAIN
34396e499333ce8ed840,3508916,UNCERTAIN
416b78f0db0f136feb50,3508916,UNCERTAIN
0a5aee95b9a501c1f6f3,3509190,TREND
0c678e23f35288b03006,3509190,TREND
78c50d87e1b5b980da5f,3509199,TREND
cc9263bbb490c9a32ccf,3509199,TREND
7be59d40c1f646aab643,3509200,TREND
b6a8a600acd7c045c5f0,3509200,TREND
d13e6b3269628d7e81a7,3509202,TREND
54296ae723fb92f939d9,3509202,TREND
f35e2153d796aac0ab23,3509203,TREND
cf6b1fe4880ec9ecaf78,3509203,TREND
e0d4bf503d278fc45108,3509411,UNCERTAIN
4c056c9ef629a070e479,3509411,UNCERTAIN
3075048d727eb12528a2,3509412,UNCERTAIN
8ef079ce395f724f1d07,3509412,UNCERTAIN
9d71aaa4632e970ff2ef,3509413,UNCERTAIN
f6171f6e7db1b3c2c8e1,3509413,UNCERTAIN
f3ca67f08d30daa4ea86,3509416,TREND
3c4f8b6ecb6ae69f3847,3509416,TREND
1ed1ba53800ec65299ce,3509426,REVERSION
19e7161d841ce0dbb9f0,3509426,REVERSION
27c52d5e2c2c18e316f3,3509616,UNCERTAIN
332ecc6bb04288095706,3509616,UNCERTAIN
68c7cabff0f8f4de438f,3509618,UNCERTAIN
c77ee05e3ea8f4a24aaa,3509618,UNCERTAIN
c4e734bfe711be8b481f,3509620,UNCERTAIN
69efc0558efff841540f,3509620,UNCERTAIN
405e27986d70b7f43d2d,3509630,UNCERTAIN
eeb7ab876fac41d3888d,3509630,UNCERTAIN
185c85bf3f48f8b28bdd,3509631,UNCERTAIN
2b5d45464be38def1116,3509631,UNCERTAIN
2cdcbdaa997141af7322,3509719,UNCERTAIN
82412c1ee5513657e2b7,3509724,UNCERTAIN
2a70df75d5930e87e407,3509724,UNCERTAIN
93542ab56467b3c7d22b,3509725,UNCERTAIN
b05c4f5160561dcc0844,3509725,UNCERTAIN
c5e0a741dfd7fbe599df,3509729,UNCERTAIN
dbf6f1d7fbcdb79f305b,3509729,UNCERTAIN
b4022e76304f5bfe8ca2,3509734,UNCERTAIN
3b21803b03e797eeabb6,3509734,UNCERTAIN
eebd470b7b099ec54477,3509832,UNCERTAIN
db997b6cc73bf24a85b3,3509832,UNCERTAIN
2874ec17e7a692f127ab,3509842,REVERSION
29385a8b25acacba418d,3509842,UNCERTAIN
c0c6b55f62b8e541ff3a,3509846,UNCERTAIN
d1f2582a445bdc46b4be,3509846,REVERSION
628d9c9319b59bcff894,3509851,UNCERTAIN
395283ad7a3903517e48,3509851,UNCERTAIN
ecf22f5326fede88455b,3509852,UNCERTAIN
71adba41f8248576bf51,3509852,REVERSION
0e02d808e8752deab876,3509919,UNCERTAIN
4b1a0172c98524a93357,3509919,UNCERTAIN
0c7419c828be0c9c3cf3,3509920,UNCERTAIN
36fcbbeb7e4dfd4d0100,3509920,UNCERTAIN
70e38b2f2f8a6002a800,3509926,REVERSION
e57f97d54b9b9b14986f,3509926,UNCERTAIN
624056c949e5d3690b0f,3509930,TREND
31361183dd4604103433,3509930,TREND
51d56778fa123ecfc428,3509931,UNCERTAIN
abf79a2936310301439f,3509931,UNCERTAIN
e728044f5d8aa430be2b,3509954,TREND
1e5899e1ec60f71964d2,3509954,TREND
0707328a8268e8c4d739,3509955,TREND
fc61f3c28d8bd74c3b4e,3509955,UNCERTAIN
5d59bebca8a95f54a100,3509958,REVERSION
6b56b269aa6cc70b1a6b,3509958,REVERSION
8426a92be6f66d64e95f,3509961,REVERSION
7682d8d1e694a146c5b5,3509961,REVERSION
d2962e864e046d7b96dc,3509965,REVERSION
493955630ac04272100a,3509965,UNCERTAIN
f5bf9da86b676b46c7df,3510090,UNCERTAIN
93bb22fad4bcbce031fe,3510090,UNCERTAIN
5042304d75f91b997d68,3510092,UNCERTAIN
ead4ba75686661b0d1a0,3510092,UNCERTAIN
8761b12dde53021806a5,3510093,UNCERTAIN
f3d1d6260fab189ba524,3510093,UNCERTAIN
f5606e99cd7247d72f0d,3510094,REVERSION
4fab6d48b12348964369,3510094,REVERSION
6abef9b2e4ca06ed1c30,3510096,UNCERTAIN
2f00f91e0467de5ae93f,3510096,UNCERTAIN
6ede453813994b6f04fb,3510166,UNCERTAIN
7f423d77f40ac9c3e76a,3510166,UNCERTAIN
fc90ae94860b06221296,3510170,UNCERTAIN
1363286649143b088be3,3510170,UNCERTAIN
fe667f2b932b51707613,3510172,TREND
61217612c840a5679aab,3510172,TREND
09f6e574ed909e75e69c,3510173,UNCERTAIN
72e203bd9dcf92b13c94,3510173,UNCERTAIN
3e405031dd7f216f0fdc,3510175,UNCERTAIN
e59b267c31ea46c5d0b5,3510175,UNCERTAIN
91b8894f9c1872954583,3510195,TREND
ce25de34ffc06a83e7fb,3510195,TREND
9b4f1b653a03445ff783,3510196,UNCERTAIN
03713985682f1f3de52d,3510196,TREND
014b97140968b6ca9505,3510203,TREND
b783596c1f00473d50bf,3510203,TREND
91a89578ef748b654eca,3510206,UNCERTAIN
cccab30c6ade4546c80c,3510206,UNCERTAIN
bd8e51ace904c0bcb069,3510207,UNCERTAIN
b627586fd4d18af28f5a,3510207,UNCERTAIN
d903e69d1a2249d904c1,3510238,TREND
ea7f087ab297bed88394,3510307,UNCERTAIN
267c83db3cb7479853f3,3510307,REVERSION
24d39e397b5f83d92c73,3510307,UNCERTAIN
5c99c065cf6eba7c0e51,3510310,TREND
0d9bf683f02aa270b189,3510310,UNCERTAIN
ea41e4458b9a4f700ca2,3510310,UNCERTAIN
70656e9f357b081eabad,3510312,UNCERTAIN
d8bd1e76248a82499cd8,3510312,REVERSION
654516ff5d9d992e91ad,3510312,REVERSION
e64346ac67d8e271e372,3510316,REVERSION
f1989de9c67d55df5194,3510316,REVERSION
08f4fe6e021fc6429977,3510316,REVERSION
490631b5a008acc974ec,3510318,REVERSION
336376dcf9b8b92203f9,3510318,REVERSION
393c5715bd4c29ac11dd,3510549,REVERSION
8b599e0e93e175bf281c,3510549,UNCERTAIN
b5fbb638b1cac721a4f2,3510549,UNCERTAIN
b40e25e525bb62bd044a,3510551,UNCERTAIN
365e48b7feb1564cbf5a,3510551,UNCERTAIN
74de6d4b586fd5e9e20a,3510551,UNCERTAIN
f40b4105b197df23495d,3510556,TREND
52330454fcabda26ebb0,3510556,TREND
372058dd19e54b7cd7f7,3510559,UNCERTAIN
e4b8143203213b374439,3510559,UNCERTAIN
05fe8448ad9643de5943,3510560,REVERSION
7439837a15b9de384588,3510560,UNCERTAIN
6019115df9e4931ff5c8,3511055,TREND
706525265f3297fe0c6b,3511055,UNCERTAIN
c53e310817285001245f,3511055,UNCERTAIN
9f81499a41545b0f2321,3511057,UNCERTAIN
203740553755676cbb89,3511057,UNCERTAIN
6f55b39707a923c963f8,3511057,REVERSION
3a20394848f96bfba64e,3511059,UNCERTAIN
49d4083154ec6fa8410b,3511059,UNCERTAIN
079585ad8418a77a6270,3511063,UNCERTAIN
432c68001c4ec956e970,3511063,UNCERTAIN
3e5b9166fe088f75a9d3,3511064,UNCERTAIN
d11f36dae97b2b50f178,3511064,UNCERTAIN
c104de86f4de7dc116ea,3511174,REVERSION
131a22ed651e49d35267,3511174,REVERSION
419fc444683b3b91a6b7,3511175,UNCERTAIN
6852ea8fb01ce024dfa1,3511175,UNCERTAIN
1099d629cf37a48db236,3511178,REVERSION
d13e3d6cca883bc18681,3511178,REVERSION
9f1f592da5dd279d32c4,3511187,UNCERTAIN
42101d559c5b22e0281e,3511187,UNCERTAIN
264c8a26bc64350981d3,3511189,UNCERTAIN
3d0747b63b8eac3f86b6,3511189,UNCERTAIN
59d1381219ce8059db74,3511779,UNCERTAIN
a0da65fb8d0d859ba324,3511779,REVERSION
2fef0c4b754ecb036ce2,3511779,REVERSION
c652c5c5d8270afad2e1,3511783,UNCERTAIN
362b1079fbdaec7d2496,3511783,UNCERTAIN
90ffa8223f99779c5415,3511783,UNCERTAIN
c226e037d0fc12de0ad5,3511784,REVERSION
8aed4900a06b373c65fa,3511784,REVERSION
5ea35b447e8e514cbf3b,3511784,REVERSION
3dd65e0989daa0f612b6,3511785,REVERSION
c28d28469b6ef6112291,3511785,REVERSION
ef16f0eed8551dbd80be,3511786,REVERSION
0a963bd1540cdd9a5803,3511786,REVERSION
9fdad17dae683bc21c46,3511963,UNCERTAIN
81319198fd32771bd57a,3511963,UNCERTAIN
9df83a39aef6e01b8e57,3511964,UNCERTAIN
833cd933e4ea7ec540ff,3511964,UNCERTAIN
4e0406e201aeb3a35251,3511965,UNCERTAIN
eaaa0667e305b8310fe6,3511965,UNCERTAIN
b4f47455157ae760f370,3511969,REVERSION
2dfe4794008d6434b003,3511969,REVERSION
57080e2859ffbe144d4c,3511972,UNCERTAIN
c5ef9712a3d3056f5151,3511972,UNCERTAIN
784d6542991fb3bae0bf,3512428,REVERSION
52d078b50068f22b4f9c,3512428,UNCERTAIN
cadc5e579445849bbaa5,3512428,UNCERTAIN
21112ba0d56b2e599cac,3512432,UNCERTAIN
88e149dca7576a2562de,3512432,TREND
2305bb9dda3a38f6aca7,3512432,UNCERTAIN
b78fc7d7020ec3f13705,3512434,REVERSION
e46c54c72666b8d745f7,3512434,UNCERTAIN
591ba5abc9d85ebc13d3,3512434,TREND
56baed811dc714bc503a,3512438,REVERSION
14db846708e6b9e41529,3512438,UNCERTAIN
09b2eba081760ff5754c,3512439,UNCERTAIN
677639b583c4b7689ced,3512439,UNCERTAIN
cf0285ff430c574cb8c8,3512548,UNCERTAIN
2b9686dec07b4bacba10,3512548,UNCERTAIN
913a4adea845170de02d,3512548,UNCERTAIN
b99e1edf92a51d329e57,3512552,UNCERTAIN
d78659b99f21cde72271,3512552,UNCERTAIN
df6fa469e8e90ae454e9,3512552,UNCERTAIN
af4d737730add8f5ec6c,3512556,UNCERTAIN
b475f341c4a773ec6f7f,3512556,UNCERTAIN
0f3aa0fd14724ea3a2c3,3512556,UNCERTAIN
f1a87bbd523778911d17,3512558,TREND
594c771892c691950b41,3512558,UNCERTAIN
4d3d342d84e61ce93b74,3512558,UNCERTAIN
91338f563731cce2cde8,3512559,TREND
01a2d3237456d63354de,3512559,UNCERTAIN
c3dcd242aee5849ff3bf,3512619,TREND
ff4333a7b2f8a3807fa5,3512619,TREND
1a60bf5650efc0180a68,3512619,TREND
d100f36736bea668f123,3512621,UNCERTAIN
70490014d5b7d65ffd74,3512621,UNCERTAIN
55888390a1b4f5f3b0ae,3512621,UNCERTAIN
894442b1000708420df0,3512623,UNCERTAIN
0e09ec5f1c3de7656db0,3512623,UNCERTAIN
f3353730e1d753f73040,3512624,UNCERTAIN
26fff99ee45f5956eea8,3512624,TREND
aa1db2230e8ce04158b2,3512631,REVERSION
6377e4d28024418fab6f,3512631,UNCERTAIN
2d270538ad1e3f5a36d9,3512879,REVERSION
df940d42affb41f8f5c1,3512879,REVERSION
b3881c4adb596f17460e,3512886,UNCERTAIN
20c566f1ad60b9e54be1,3512886,REVERSION
fa0adfb59d0dc4798291,3512889,TREND
1a3432670e518758cd5e,3512889,TREND
e17f2cd7f9b17ceb459c,3512894,UNCERTAIN
b1321d5137b1294e2c3a,3512894,UNCERTAIN
48e43f222cf6985736f5,3512897,REVERSION
e409c9e371e2387a65d9,3512897,REVERSION
c59c04fe35af93e198ef,3513109,REVERSION
035a90e806d8d450b5ef,3513109,UNCERTAIN
ccf60fd456cbd31378b9,3513110,REVERSION
dbac4b615214140be091,3513110,REVERSION
5f83edd80f1e15dc84af,3513113,REVERSION
01655c33b8223347d384,3513113,UNCERTAIN
0bec1994fa25e48309ac,3513116,REVERSION
440c4558b75389c47d08,3513116,REVERSION
1c3d3dc65dded4effdad,3513123,REVERSION
dbc05890f286f839e280,3513123,REVERSION
6c7159ebfee035fa2a23,3513233,UNCERTAIN
66fc685ec760a3e7adf8,3513233,UNCERTAIN
2d25f21d8203697c6a10,3513233,UNCERTAIN
9e2b7f95de02a539ae91,3513235,UNCERTAIN
a54415166e14e5348a24,3513235,UNCERTAIN
d9089f6b7fd75320019f,3513235,UNCERTAIN
2ec49b67d6050272785f,3513238,UNCERTAIN
8164f1be6b45bc0acfa1,3513238,UNCERTAIN
0e27b0b5bb58dd2f4da5,3513245,TREND
37e602531f324e697b28,3513245,TREND
9b70659164d9b40656cf,3513247,UNCERTAIN
0baa647a87c7c0a5e9ff,3513247,UNCERTAIN
62013bbdf3e85ed1ddf7,3513302,UNCERTAIN
18d9f8620cb727cb22da,3513302,UNCERTAIN
779ee0c8451228f29c3e,3513302,UNCERTAIN
c538299b4b8e176fcff5,3513307,UNCERTAIN
d5d79bae5ef7c249c24d,3513307,REVERSION
3844a2ff8bab924ad475,3513307,REVERSION
20fd38830a5d3ef765f1,3513308,TREND
839701a4dd29c714aa32,3513308,UNCERTAIN
00aa34ffecedc530c803,3513308,REVERSION
c6e8096eb10eec952d72,3513309,TREND
888490edb955dd76f58a,3513309,UNCERTAIN
786289853c6a4785fb06,3513309,UNCERTAIN
e8927dc85a569e3f5142,3513310,REVERSION
9a2bb86eb3f54813d84a,3513310,UNCERTAIN
d14ef07ef6141f2755d2,3514584,UNCERTAIN
57d302d3689e46a4f82e,3514584,REVERSION
12eee4ef02a861c85cd9,3514584,REVERSION
5faa3788d94f34bd79d2,3514586,TREND
12b63db58e3bfe3ec13e,3514586,UNCERTAIN
a7995475e43fee0a76fe,3514586,UNCERTAIN
30ee883dbb6c8a100e22,3514589,UNCERTAIN
c0b307d7eb4f4ad84d7b,3514589,REVERSION
3e6b6caefd495394a575,3514589,REVERSION
5a4d9320b4e362494baa,3514590,REVERSION
61a027706699669b62ae,3514590,REVERSION
5b354e4a81956041157a,3514598,TREND
05d13715ed1c3dd5312c,3514598,TREND
27bd0f54683c325e688e,3514647,UNCERTAIN
e64f2b176b8c241cc69a,3514649,UNCERTAIN
897721cb2e11ab377569,3514654,UNCERTAIN
e234cba76525da4d995f,3515977,UNCERTAIN
6dfce3bdad7944c28dbb,3515977,UNCERTAIN
97307a5261eaa076e331,3515979,TREND
ec9f3cab06922781bfd6,3515979,UNCERTAIN
18bb3707fb983f98a191,3515981,UNCERTAIN
d0050d6f12b8a055bfdd,3515981,UNCERTAIN
252e616398c3c4b99eb8,3515988,UNCERTAIN
d90948b31524665a27ae,3515988,REVERSION
0d02957196e4f37992f1,3515992,TREND
86ed282169618f105685,3515992,TREND
0c4d4309e16788dc30c7,3516686,REVERSION
82cf47660853161921e4,3516686,REVERSION
5f965a963a5c4f82ebdb,3516689,UNCERTAIN
d20f1fb9f01fa394e97f,3516689,UNCERTAIN
c0d297e926d8fb798135,3516692,UNCERTAIN
91ec6555a2ff540805e3,3516692,REVERSION
c1c8a4f8296d0c458b1a,3516695,UNCERTAIN
e82410ac5bde8c0ad1b2,3516695,UNCERTAIN
02d2da20180de6234bec,3516696,UNCERTAIN
4db8f766846ea94e59f4,3516696,UNCERTAIN
849a0ccce467137fca39,3516717,UNCERTAIN
dcea68bb6034f21e802c,3516717,UNCERTAIN
10dffc483db94eb57872,3516718,UNCERTAIN
ed87362f00cfaa5357e5,3516718,UNCERTAIN
7aac67cc92a73a7316d6,3516719,UNCERTAIN
333ce7084e932b7de6a4,3516719,UNCERTAIN
5cff636b6d27bc10aadf,3516720,UNCERTAIN
706fc006300700104c94,3516720,UNCERTAIN
2da3d84255e73c88a41a,3516728,UNCERTAIN
184680a906c6536d5478,3516728,UNCERTAIN
fbece4774b412f2c089a,3516788,REVERSION
32735bd6b76ea0711f6d,3516788,REVERSION
18ca8dfa9556ca5fc65e,3516789,UNCERTAIN
473c275454a081359aff,3516789,UNCERTAIN
4139f232381441d22652,3516792,REVERSION
77f62623f48efe3366a4,3516792,REVERSION
e55dc4e2e446f161e729,3516794,REVERSION
d94b50ce48b74e30268f,3516794,REVERSION
9800a688b3bb00bb725a,3516802,TREND
3c76e3d51bf920c79d24,3516802,UNCERTAIN
a8539d465677e3cd31a2,3517214,REVERSION
3e39a576521108a4f6a6,3517214,REVERSION
43eca1272fbe2ea74a50,3517220,UNCERTAIN
4daded4a68299bdbed03,3517220,UNCERTAIN
596a5afbcf077bd7d4b8,3517222,REVERSION
095837defffa90c36c3e,3517222,UNCERTAIN
e41749ba28f0b70bae71,3517225,UNCERTAIN
1b7fce12337d501520d8,3517225,UNCERTAIN
f05cc6f64b0bca20ed30,3517234,REVERSION
b4f56fd5b2ef4e273bd4,3517234,UNCERTAIN
e60539c2cb4d225d3776,3517341,UNCERTAIN
5dde30a2e2f2de7f2ca3,3517341,UNCERTAIN
c4d1d16fe5abc652f601,3517345,REVERSION
c4d716e9d0142a03bed6,3517345,REVERSION
d27fbcf8006f71e05837,3517350,UNCERTAIN
a006a719a91623221a4c,3517350,UNCERTAIN
2421978ebace428fa007,3517352,REVERSION
edfbbbf3591a3b196e4c,3517352,UNCERTAIN
bdf2df8c8f104c3f5ab6,3517354,REVERSION
19a1bf4a2d8b5494b1d7,3517354,REVERSION
39c5efb7dad78140db2d,3517683,REVERSION
47869c6dad6adf55b3f8,3517683,REVERSION
91d348055b981115af43,3517685,UNCERTAIN
d77967b3297b1e3bf8f6,3517685,UNCERTAIN
394983fd4b6b9b76b874,3517688,REVERSION
4af6d17c153cf73f9c4c,3517688,REVERSION
9253c561bebbe4f08a56,3517697,UNCERTAIN
480cb978da7d0dc6d414,3517697,UNCERTAIN
ffec50864f9f197e6e57,3517698,REVERSION
04a733018ac6b471fdbc,3517698,REVERSION
e250262df64a9ea20f0e,3517832,REVERSION
739119609a486fe249f0,3517832,REVERSION
45172d615a294a720ba1,3517841,REVERSION
549c17348aa687263db8,3517841,REVERSION
31c8fda8c8481cf198b3,3517842,REVERSION
58fc5e8e989fed3e1d58,3517842,REVERSION
d4cd7f46af33b0c50e1a,3517845,UNCERTAIN
08f0c00054c37a2fbf80,3517845,REVERSION
f6e26ac4ec22f4e9b745,3517846,REVERSION
8eb59dfb916745e8a620,3517846,REVERSION
486bce7be335ce737db3,3518099,REVERSION
492e92d64314131fa318,3518099,REVERSION
e549f6e4d3f3be6bd4ee,3518100,UNCERTAIN
1de6642985d16dc45c53,3518100,UNCERTAIN
d35cf61da73c460efa28,3518101,REVERSION
d1981d534d0234745bd0,3518101,REVERSION
dba6803a4beb26e44fcd,3518103,TREND
17abdc64594d9fb053ef,3518103,UNCERTAIN
de8ed920e495abdcb69f,3518113,TREND
73cfcd3c9e6fb5d1e899,3518113,REVERSION
4eeb28d4ad01ac3acb61,3518282,UNCERTAIN
5ca4742cc1069d69a194,3518282,UNCERTAIN
5485498c75415770f6de,3518284,UNCERTAIN
74e5bdd2d1fdd34ca137,3518284,UNCERTAIN
f9478ddf45add4fac9c7,3518285,UNCERTAIN
ae694b3ca5c8833c1872,3518285,UNCERTAIN
73d4a82c7cdfefadeefd,3518287,UNCERTAIN
4eefbaafb85891224b40,3518287,UNCERTAIN
4d894efaff01e9e84edb,3518288,UNCERTAIN
33fef817f78e61c0ce37,3518288,UNCERTAIN
6f1becdf8b68a4581074,3518404,UNCERTAIN
9068394090ae138e5816,3518404,UNCERTAIN
2fd8fa7d371202b6ab0c,3518407,UNCERTAIN
5f783eb08143d210df5e,3518407,UNCERTAIN
ed026dac803fbc12459c,3518409,TREND
f9e26df33cc7e3131eaa,3518409,TREND
e0e14d13b000fa6b440b,3518417,UNCERTAIN
4137da6a23d0db49298d,3518417,UNCERTAIN
e87fd6f72a5148f58206,3518419,UNCERTAIN
4d1752abf3baa5dc2f08,3518419,REVERSION
e532c48696e357f4e9eb,3518563,UNCERTAIN
e655834ea731991c9137,3518563,REVERSION
b08070c92ba41f829de0,3518570,UNCERTAIN
4c6cbd09daaee3271a96,3518570,REVERSION
d100205a0addbc9459d9,3518573,UNCERTAIN
d573728f42801f1aebe2,3518573,REVERSION
143f6227c25c40bcf0c6,3518574,UNCERTAIN
2d92a6b64dd4e4e6fd51,3518574,REVERSION
f18cde052bbc320822f1,3518578,UNCERTAIN
65c8b35727e10703d661,3518578,UNCERTAIN
ab6dd9a867fd85aff33e,3518914,UNCERTAIN
697591ff19f1428099bf,3518914,REVERSION
5778bb6cd2c4abf71402,3518917,UNCERTAIN
a59aba912c924f7c8fa2,3518917,REVERSION
df0915ec6a57c3cbd8f3,3518918,REVERSION
0e66a13a560085ef8a3e,3518918,REVERSION
177200449c4dcc18ab22,3518920,REVERSION
2dd06733ce684520fbd5,3518920,UNCERTAIN
1959cc0e308a67c65dff,3518923,UNCERTAIN
51d330ef9af1cdedba31,3518923,UNCERTAIN
8e6f9bdd8814d88d4c3f,3518923,UNCERTAIN
02745ccac8f3fb90a248,3519523,REVERSION
92f736fe57a1b9d930d3,3519523,UNCERTAIN
ec036cf7b0d62d310b2e,3519524,UNCERTAIN
c9dc3f0f674ae89a96bc,3519524,UNCERTAIN
a2143adb111004383e5f,3519530,TREND
008b66dd262b4b268676,3519530,TREND
71461ba7ec3bd34ad4ca,3519536,UNCERTAIN
57c025493e2b639f11d6,3519536,UNCERTAIN
54f71a32ac9f66bfd331,3519537,TREND
b776468be8ab7a138508,3519537,TREND
856637b3cb7ac06487fe,3520251,REVERSION
15b5a8b45c38c48e2322,3520251,UNCERTAIN
ac461f0507d947e566bb,3520253,TREND
acd6e8c25790f9c65231,3520253,UNCERTAIN
c0f1f6c3fa3bbf1253ce,3520254,UNCERTAIN
ec2148e3cf2618abbf1d,3520254,UNCERTAIN
ea394421b7ba0de0e8b5,3520259,UNCERTAIN
2a68342e5af7c2c2305a,3520259,REVERSION
25a59197c17cc47a0951,3520260,UNCERTAIN
cd3a85dfcaae9ac3ba61,3520260,UNCERTAIN
d40f2ecb5f71a16f81d5,3520827,UNCERTAIN
847836818a8f2237e865,3520827,TREND
111e31256cb132cab1ea,3520829,REVERSION
05ac2fdc6c01fb09a2b1,3520829,UNCERTAIN
987ecbc29b2dd1364ea1,3520830,UNCERTAIN
053807d12f682e8cf969,3520830,TREND
18fc4239e0c4fdfba6fd,3520833,UNCERTAIN
a35549bbc6e0bedcc119,3520833,TREND
a963e10750cb2ae24673,3520838,TREND
a3267cddbb99d2d97305,3520838,TREND
76bb4e273b1574fee33e,3523615,UNCERTAIN
c7584c2ca8db01dba27f,3523615,UNCERTAIN
849929f42a6dbe45f182,3523616,UNCERTAIN
d791dae0ccae1cb0b338,3523616,UNCERTAIN
3330592bf865e6b745d6,3523618,UNCERTAIN
1456a10fbfc0cbd9ed01,3523618,UNCERTAIN
5a78e31f89f33821b2f8,3523623,REVERSION
7177efcb902c44466338,3523623,REVERSION
d1df20b671f54d726035,3523624,REVERSION
f38b30a711eb8a119eb4,3523624,REVERSION
670c9bad6598cf74ff27,3524508,REVERSION
820192a7d1688257cb49,3524508,UNCERTAIN
a4d94a755471db71ddde,3524509,UNCERTAIN
795d8dbc3a8c43552204,3524509,UNCERTAIN
2d1781253ce774e83fb7,3524512,UNCERTAIN
da2686867ec6228e93c3,3524512,UNCERTAIN
35a73bde5e2000876d52,3524519,REVERSION
39f221fc08c09da11002,3524519,UNCERTAIN
7fe6f1368e469e6fed8e,3524520,REVERSION
2735111e1d9cbe687c90,3524520,REVERSION
b1cc95fea823f7731c19,3525447,REVERSION
cbeae23b41c14753e6b6,3525447,UNCERTAIN
6eebf543a212e7f8733a,3525454,REVERSION
b00bdfa435f7d07a653b,3525454,UNCERTAIN
b252f0eb948134b0bbda,3525457,REVERSION
fd95e20e4b5193298bfc,3525457,UNCERTAIN
9e96214a739d0205493e,3525458,UNCERTAIN
3134091643e3ea2c8852,3525458,UNCERTAIN
e27e174d7a67ab2c646b,3525459,REVERSION
689fd5ee05624912e74a,3525459,UNCERTAIN
b7a6e0f2eb67cd2b6c38,3525781,UNCERTAIN
b7ea62eb6ce3dfb1f24a,3525781,UNCERTAIN
2c2bb6d9c3ba393f294f,3525783,UNCERTAIN
a503ce97d7095ccd5a18,3525783,REVERSION
acfb52c5c1df0b8ebd37,3525784,UNCERTAIN
e70687a4d79319f063df,3525784,UNCERTAIN
84bec6a030f65823350d,3525790,UNCERTAIN
3f6bb1c455da651e057a,3525790,UNCERTAIN
74a2721e97d6525a0d8e,3525795,UNCERTAIN
f890f0c19cd72e80836f,3525795,REVERSION
68aded6a00d22381ae99,3525954,TREND
e3ef8318152955eec619,3525954,UNCERTAIN
f483cba398079c5e1247,3525961,UNCERTAIN
fad4c66ddd03fb7c1941,3525961,UNCERTAIN
77b5b467e60346a267b8,3525965,TREND
b7149f0576776ccd960d,3525965,UNCERTAIN
7ff0dbef4d8193eb76fb,3525966,UNCERTAIN
145374545ae6daff0106,3525966,UNCERTAIN
c4d181e9f9eae97f7960,3525973,UNCERTAIN
beafff0140c7af3c0cbe,3525973,UNCERTAIN
d190fa13bc49f18d6d96,3526116,UNCERTAIN
19b3980c2038275b43a2,3526116,UNCERTAIN
1b2b03725e43eba2ec59,3526123,UNCERTAIN
f8136f89bf12efd6fada,3526123,UNCERTAIN
d0d159050649f79c3197,3526124,UNCERTAIN
4fb79aaa6fce245431bb,3526124,UNCERTAIN
476ee035d71096bc56c2,3526127,UNCERTAIN
ce1b5ae8f615f2e92f02,3526127,UNCERTAIN
9e7b0afb26202684f67e,3526131,UNCERTAIN
584978b142b3ba986ca1,3526131,UNCERTAIN
b8315fb2f11247dbc556,3526247,TREND
b8a623d96e92985b53d2,3526247,TREND
65119560859084920ff1,3526250,UNCERTAIN
2c2b5b6443b140b95909,3526250,UNCERTAIN
60d7e4447d3d8d285b8f,3526252,REVERSION
775b8d68e217ed81b534,3526252,UNCERTAIN
4329ec1a23d7b3d93db1,3526253,UNCERTAIN
0bb4f82fb6b8c32cbc3c,3526253,UNCERTAIN
0f568d566f8694426072,3526255,TREND
a39781dc85c5ff785288,3526255,TREND
68db74f247880c30f53a,3526354,UNCERTAIN
a4e3de614bb2297e3986,3526354,UNCERTAIN
930c11b5aeaffc2e6571,3526355,REVERSION
02144d72c5a7bac08131,3526355,REVERSION
4372be1d5e7f407a6ca7,3526364,REVERSION
14d39df9bd7d637a887e,3526364,UNCERTAIN
9c5500f9ca4061464090,3526366,UNCERTAIN
500b9a18316b3261be30,3526366,REVERSION
918834920736a41b80b4,3526367,UNCERTAIN
e8d1d9b50d6f34bdaf7b,3526367,UNCERTAIN
a3116b9c62c59bb2a2bc,3526480,UNCERTAIN
59a71d304b261c847ed5,3526480,UNCERTAIN
91d17182a98bc8f76068,3526481,UNCERTAIN
eef11cdd1b13f2627361,3526481,UNCERTAIN
5d7c02b3951a099baf0e,3526488,UNCERTAIN
b1219a46952cad5bf9bb,3526488,UNCERTAIN
4a6d27743d9b03b525f8,3526490,UNCERTAIN
383a2c1467fb2abb96c5,3526490,UNCERTAIN
56822c961123b8f96643,3526494,UNCERTAIN
cd494aba75481d4576e8,3526494,UNCERTAIN
0f2cb93655fa0194123b,3526597,REVERSION
f0aad13bce8b46d56f39,3526597,UNCERTAIN
2d41df891bf04af542d4,3526599,UNCERTAIN
7601a0349dd186b01bc1,3526599,UNCERTAIN
f493297dae981e2e8168,3526600,REVERSION
e92ababc71eacd79ab18,3526602,REVERSION
127fd95cf5ac29615cb9,3526602,UNCERTAIN
74ba3c5f7cb67742851b,3526604,TREND
13e6b42d96d60f8721a2,3526604,TREND
18dcc3a50a883ad42f33,3526763,REVERSION
3464675b604e7ac51b07,3526763,REVERSION
fe9b6c21fd750c4d1506,3526768,REVERSION
e58cbff4a8a5f92fa012,3526768,UNCERTAIN
c9b72b8b7b8665cf8390,3526773,UNCERTAIN
0152f26362e166d28389,3526773,UNCERTAIN
87f479778d05239caac6,3526775,REVERSION
0eea00d75ac0d376a299,3526775,REVERSION
22762ff12451af90836c,3526776,UNCERTAIN
64b5206ec18891cf4114,3526776,UNCERTAIN
ccac2cfe345bcefbe34e,3527092,REVERSION
870efc9d00c6956de77d,3527092,REVERSION
05b4aa9758e2154be73c,3527100,REVERSION
7c5ccc1e689a94f4a411,3527100,REVERSION
679041a2dff35e0b609b,3527102,UNCERTAIN
aba2afc750c3e60542d2,3527102,REVERSION
6260297d163737c1b4df,3527105,UNCERTAIN
5b83c86eec6412c4cc71,3527105,UNCERTAIN
caf0b2f677ca53802d21,3527106,REVERSION
4c691a33df89c484374d,3527106,UNCERTAIN
3c2cd628061faeb713d0,3527293,UNCERTAIN
31b3235cdaed4d7dfc3b,3527293,UNCERTAIN
31eea1920bc56ac85b5a,3527297,REVERSION
1714419c0b2fb5c5eeb9,3527297,REVERSION
b5eb0549a426eea7fcf8,3527300,REVERSION
2a806e716bc4b3ddff7d,3527300,REVERSION
f0e5d5c082d1727a49ea,3527301,UNCERTAIN
d271c0b8b3d7c3b02752,3527301,UNCERTAIN
bfa597003a1d63390e69,3527304,UNCERTAIN
aa088b990188ee0b3579,3527304,UNCERTAIN
2a0cc5364bcc9253752f,3527448,REVERSION
ae488730aa10f24cdf5f,3527448,REVERSION
92f87746ab0d9b60fca3,3527450,UNCERTAIN
e7f51d8bdf3b05b223c8,3527450,UNCERTAIN
0e6aee68de5831e378cf,3527451,UNCERTAIN
fa961237f57159004cdb,3527451,TREND
8f412154b8bc857a07df,3527453,REVERSION
1b08fc8fc1e95043e759,3527453,REVERSION
255850aca507c662c65e,3527458,REVERSION
a01103098a27237a7776,3527458,REVERSION
d8e3f0a063aaf70417fb,3527584,UNCERTAIN
266b8737505429988d19,3527584,UNCERTAIN
4cef9a833703ea82341d,3527590,UNCERTAIN
ebd2292f516a03d75094,3527590,UNCERTAIN
37cfd5417bd9c3159a4f,3527593,TREND
870403f97072ee4d4bc2,3527593,TREND
c4480cdf83f452b6365b,3527594,REVERSION
a9026582af820df4e143,3527594,UNCERTAIN
e2fe1f9a808cd69ac636,3527598,UNCERTAIN
7c108c824e01f71aa3b8,3527598,UNCERTAIN
2150f227a5bd61f95d46,3527763,REVERSION
070e94c41b4b39af0588,3527763,UNCERTAIN
0f2fd0bbae3e7d344a03,3527770,UNCERTAIN
a476a1d0284f279a8fd7,3527770,UNCERTAIN
3e2d4ab4ea4efbb88e37,3527771,TREND
4bf3d84015200692a2f7,3527771,TREND
24224f8b6b02ee2d79d1,3527772,REVERSION
cd644ea2dae6a7774222,3527772,REVERSION
9c8d65dab78bc601077d,3527774,REVERSION
61bc217e315aa4f0b529,3527774,REVERSION
e61b34726e6f5d7ecea8,3528403,UNCERTAIN
69aa9198a6d6ddeae20d,3528403,UNCERTAIN
84d94fe249c655d43ce8,3528405,UNCERTAIN
231c69c5531844f36700,3528405,REVERSION
ba64972cde8407f3aab9,3528408,REVERSION
707aa072c1b09b6bffec,3528408,REVERSION
4ad6346596c9fc36cab8,3528410,REVERSION
54bb79a41443cbc9c2e4,3528410,REVERSION
1d25917f56469eeacced,3528412,TREND
485a85a725073f8088ea,3528412,TREND
c825a60656aace6ea210,3528469,REVERSION
a19a5d1e33e81c0da4a9,3528469,REVERSION
34475c570e0ec196f5ef,3528470,UNCERTAIN
57f50c4e8fbf448dcc19,3528470,UNCERTAIN
9e245a6e1afbc2bdc777,3528473,UNCERTAIN
7cdff77b803f5048c499,3528473,UNCERTAIN
a89717d2bcdc778a8e07,3528474,UNCERTAIN
12d9cb2d0208dedafc7e,3528474,TREND
e0603e8a1a17e284d3f1,3528484,REVERSION
f2ccf4ad33aae76762a5,3528484,UNCERTAIN
c1dce6b85dd61b15328f,3529069,TREND
6bbf8dc6a891bb99d73b,3529069,TREND
0f7bb527a1d9658b1f89,3529070,TREND
9762575356c7bef2ccf2,3529070,TREND
645252aaaef595a107ae,3529072,TREND
b3043b7d5c55297778df,3529072,TREND
29ec40ab7f1babd1e8a7,3529077,UNCERTAIN
c749b1bf1b1b859b4505,3529077,TREND
97be43b0b43b2319533d,3529082,TREND
4f9ce43a2f138a82bd92,3529082,TREND
3ccf3077492079b7995f,3529143,REVERSION
9ea1a438a639932d693c,3529143,REVERSION
3ef86d8210b7ebedabe4,3529147,UNCERTAIN
e38df724c7602f12ecd1,3529147,UNCERTAIN
7e066d9b5aae477447a2,3529151,REVERSION
c1afe5b498c6be6f416f,3529151,REVERSION
a00368e783028eb4cbb0,3529152,REVERSION
624d2694eab5ced3920a,3529152,UNCERTAIN
f91902738fd83bcee186,3529153,UNCERTAIN
c9b668fb4a2e4df03ac6,3529153,REVERSION
42e09eef1f4c5fd1775b,3529204,UNCERTAIN
1a81d98c67d4fa89ebc2,3529204,UNCERTAIN
99b8346e36a23a632076,3529207,UNCERTAIN
531e07dda1b3f59229c7,3529207,UNCERTAIN
25cd9239b13fc1ad9c4e,3529208,UNCERTAIN
933d9319677987083de7,3529208,UNCERTAIN
616eb7aeeb4b487b81c2,3529211,UNCERTAIN
2e53fc4860163912a4f0,3529211,UNCERTAIN
4b4984667dc01b8c72da,3529215,TREND
7cbadb58ad17cc48f12f,3529215,UNCERTAIN
ad0168d33e5dd32f0cfd,3529215,UNCERTAIN
96d48c4acd6ee073f676,3530940,UNCERTAIN
d1828f207f1b4489da81,3530940,UNCERTAIN
21b80132289cb12f3166,3530945,UNCERTAIN
57e597609c80c4965419,3530945,UNCERTAIN
c90b4416faddaefef7f3,3530949,UNCERTAIN
14854be21e5a929ce505,3530949,UNCERTAIN
3e95e5230db982da0200,3530950,UNCERTAIN
95f953bc6cba4d9f0111,3530950,REVERSION
081f1318d18a06499913,3530953,REVERSION
f8d500d8ca26721ccdea,3530953,UNCERTAIN
f2ef0ca8e41d4035b4d2,3531014,UNCERTAIN
f563bede3897897e29fc,3531014,UNCERTAIN
ce0a0e32f5e62405118d,3531016,TREND
5b1bf57c98e4725501ca,3531016,TREND
5f0cc62f0551b2904075,3531021,UNCERTAIN
4f765567fa0fd1565d53,3531021,UNCERTAIN
b64c718630ee6fff5358,3531025,UNCERTAIN
59b436954178a64521b9,3531025,UNCERTAIN
1423f40ad7cf6c02ec58,3531027,TREND
adbb622ae00281990106,3531027,TREND
77a07288aa2eba88cf7f,3531133,UNCERTAIN
7b629ba0aaeca973b421,3531133,UNCERTAIN
73ac04aad62f9dfba5c0,3531135,UNCERTAIN
1d48b49a2205e256d985,3531135,UNCERTAIN
e925fd7c552f9532fdcd,3531137,UNCERTAIN
bf3791943388140324a7,3531137,UNCERTAIN
8ed7952fa8a686bd5b22,3531142,UNCERTAIN
2d772de47252d659eaac,3531142,UNCERTAIN
dab0f67af66fed7f0fbe,3531145,UNCERTAIN
900d854edac8c206b2b0,3531145,UNCERTAIN
d16dab4b9121ca3fa393,3532099,REVERSION
e586d336283e3696f4a8,3532101,UNCERTAIN
263b68a80f116a710fb1,3532104,REVERSION
f51b231a0503c497f5f4,3532106,UNCERTAIN
9a446d32e854c21c30fa,3532108,UNCERTAIN
8f7bcd03b0b6febb7163,3532174,REVERSION
0b51e92ccb9e65facb35,3532182,REVERSION
0effc3b381fc960fa406,3532184,TREND
4a1c54b01090184e875a,3532185,UNCERTAIN
79cc3f6c594c2c92ee93,3532186,REVERSION
83a2322c75ab2d90f234,3532373,TREND
0ba4519cce16ec621cfc,3532374,TREND
81056f67c894d7340a77,3532380,UNCERTAIN
9a91bad02ce324107738,3532382,REVERSION
8041c97c73f6802d1191,3532384,REVERSION
86d2cfe3f7df3a90e4cb,3532561,UNCERTAIN
3209e61f5c6da37cb4a0,3532562,UNCERTAIN
81acaeb4c33c365dd442,3532564,UNCERTAIN
30528e3ab32bea08a240,3532566,UNCERTAIN
e244f2617c872ce4dfd8,3532572,REVERSION
120a4d6cbd4d556ad5a6,3532662,REVERSION
a4723e7ce2cac7a2de8c,3532663,UNCERTAIN
5f72ca38506ae013152b,3532665,UNCERTAIN
0d119aae61e5c01f8d1d,3532666,REVERSION
7fdc22f695de4497a12f,3532667,REVERSION
c61850a9f05d67f535db,3532707,UNCERTAIN
64eaa17f254eb4a83e8d,3532713,TREND
5b93a1b38655e3cc0eb8,3532715,TREND
5becad8f89d2fc7b4aea,3532716,UNCERTAIN
a9fbeafaeaa3361049ee,3532717,UNCERTAIN
911cb52b4e8bda043572,3532784,TREND
2fc80b8c2c8bbb1d2089,3532785,TREND
77dd3f029e99b45d622c,3532787,TREND
e84c3a62805eca4c36b8,3532791,TREND
dd2219c19fd847c65034,3532793,TREND
9a702302385f77c582a1,3532903,UNCERTAIN
e2a60be3e8875f9411c8,3532905,TREND
a72302a7cc526c596eb6,3532910,UNCERTAIN
fadc7dc265bbdff5071b,3532911,UNCERTAIN
bcec731be3e9fda94c1f,3532912,UNCERTAIN
1f2734b0020899baf75e,3533024,UNCERTAIN
e410bf8dbc7f63644d22,3533025,REVERSION
a7401929d4e905b46817,3533029,UNCERTAIN
c04caaff5c1ee4248f0d,3533032,UNCERTAIN
53d314d0e6016323a7fb,3533037,UNCERTAIN
54039e447ce2e08d9215,3533122,UNCERTAIN
4180f871f2334a491398,3533124,TREND
5ac0414d01691647aa95,3533132,REVERSION
6b5073027ca9bba7b2f9,3533133,UNCERTAIN
714ef28e41468fb02baf,3533136,UNCERTAIN
1ab3a55a4a4916628a9c,3533265,UNCERTAIN
bda2e310b7a22efb25d5,3533267,TREND
2335c69841a4abb6e18d,3533271,UNCERTAIN
ab3fc7a493503def7ed9,3533272,REVERSION
f0557d1de2204726002f,3533273,TREND
ffec223e6992a808be85,3533359,UNCERTAIN
7fd5db9006d229cb445d,3533363,TREND
7a4cfddad4df05832c96,3533365,UNCERTAIN
7762f73bf725ba2a5182,3533367,UNCERTAIN
8056b90c163316201487,3533370,TREND
1bf4f0e16fb1377ca88d,3534021,TREND
9a1750b7afc7e32d0e27,3534023,UNCERTAIN
6e821f120a584e7269e4,3534035,TREND
ceae47e109b5de77d9b7,3534043,UNCERTAIN
164182df05c1b50bc89d,3534044,UNCERTAIN
fe830aafed9e171a1f9b,3534290,UNCERTAIN
dd93994bbed1303a8440,3534294,TREND
9a0a5a6f261c39ae320c,3534295,TREND
7e26a7428e6f4d4587fc,3534296,TREND
f1da0eaec75d347566a7,3534297,TREND
b07885c8926c17a2ae5c,3534378,UNCERTAIN
f0ecd69b5969b2b027fc,3534379,TREND
a602649c075023472904,3534381,TREND
7e74b20a75fb01a9066d,3534383,TREND
5c97ffa26123c6ff33ba,3534393,UNCERTAIN
a61f894dfea716aa4b8f,3534470,TREND
90bc42c1d0ab03f0d481,3534470,UNCERTAIN
552ebff45bb3b257dd6b,3534470,UNCERTAIN
95757810834a4058a77b,3534480,TREND
d7f1febf36dd3bb32eb9,3534480,TREND
2a0455fd3dc692bc2355,3534480,UNCERTAIN
ba8ff1f0c28067e878c8,3534482,TREND
b02df2ff9868cdb35620,3534482,UNCERTAIN
c74753f50572deaadc61,3534482,REVERSION
0cc60b5357d61be8e30d,3534484,TREND
060375be01dc644342d7,3534484,TREND
53ec3f583c563f8ec4b8,3534484,UNCERTAIN
93e8eea4db93c2bfa316,3534485,UNCERTAIN
63e93bbbdf24f573bbe3,3534485,UNCERTAIN
67aecee1c6893f9b15f5,3534485,UNCERTAIN
74f14901c1d7488089fd,3535472,TREND
2617b79ba0994f8323c2,3535472,UNCERTAIN
31495745c0f074d5f1f1,3535472,UNCERTAIN
8ddfb0c1c346e7b82290,3535473,UNCERTAIN
5f43dd7a56a8df40e1a7,3535473,UNCERTAIN
30eeae2e381b3249e1d9,3535473,UNCERTAIN
b0b3f929c0adf0a67d5f,3535474,TREND
9326f0e311627ae3f880,3535474,UNCERTAIN
b57a4d82cb610ae3939a,3535474,UNCERTAIN
564d247f2a8ab05399b9,3535484,UNCERTAIN
05f5b413b18b6c71c2d5,3535484,UNCERTAIN
6e159b33ec35e0b0252f,3535485,UNCERTAIN
c089ad1f2539e5820f54,3535485,UNCERTAIN
aaa5ebafe6f3a8e0d602,3535666,UNCERTAIN
a7128362d41dad6b5245,3535666,REVERSION
6a2836b2441bee8592fa,3535666,UNCERTAIN
41723bb5caedd93905e8,3535667,REVERSION
9d889e8b62ffae5e56db,3535667,REVERSION
263f20875eaf00708f27,3535667,UNCERTAIN
ae2aef57c46cad58df97,3535671,REVERSION
23567a35669240140dcd,3535671,REVERSION
b38eb51834e1b6bdf86b,3535671,REVERSION
c82ad017a834221d8def,3535676,REVERSION
14e78ce3cdd418950684,3535676,REVERSION
72ef12a8c8145a7b15c9,3535681,UNCERTAIN
e0a326a78209da3289a1,3535681,REVERSION
6ed1080b915361b601bc,3535724,TREND
d8d76533e64aa8261e8b,3535724,REVERSION
6d7e36e078f0fdde987d,3535724,REVERSION
003f48d0ca2ca8382cdb,3535730,TREND
fd9cb9066f0aa0ba8e69,3535730,UNCERTAIN
9b51608b79a889e88f2e,3535730,UNCERTAIN
f07975136cb1c5e34ac6,3535733,QUIET
dd01b5af4f767e17539d,3535733,QUIET
299823decd3d05e87e21,3535733,TREND
b2e5965bb164d44e04c5,3535736,TREND
76b17afbcdf345e061cd,3535736,TREND
c6b79d6ef84f08f0b49c,3535738,TREND
8323fab674b68b820799,3535738,UNCERTAIN
4a10efe48a299acfb19e,3535857,TREND
1053ab4606bdddffe67e,3535857,TREND
70180942b38c0d5df72b,3535857,TREND
b00795b35485be5632be,3535860,UNCERTAIN
5ed6be68956c6a9d1f09,3535860,UNCERTAIN
a0287e9a6be3ea3957e2,3535860,UNCERTAIN
d1f93a548fca8a124186,3535863,TREND
8c6036b1543454f2a92e,3535863,TREND
c280b476abfee0774651,3535863,TREND
8d12b492c60776b0ed99,3535867,TREND
b040aa00be072cbef349,3535867,TREND
27fb812940e1e3ed4aef,3535869,UNCERTAIN
1061f7a07b54b5301b02,3535869,UNCERTAIN
e265a80ff5bcc5847e4d,3535977,TREND
928a7ba0b97a174d7b35,3535977,TREND
edb5cc74f58dba3ff77b,3535984,TREND
0ae844298272133cc518,3535984,TREND
a53a581530aad27c4b91,3535985,TREND
2c61df6aa95d077cd1ed,3535985,TREND
45c0dbf979ad0950f9e1,3535988,REVERSION
835542b748fbbe75c473,3535988,UNCERTAIN
6de5d5803d33c2d274c3,3535990,TREND
35e2a6cd23e95b4abaad,3535990,TREND
b730d8381eb3b774f610,3536084,UNCERTAIN
b568b2597735b19c6e21,3536084,UNCERTAIN
45551ed240314b3a7975,3536084,UNCERTAIN
d8891b0b60a1ab3a9766,3536087,REVERSION
f87cbdfac50ae4d960d2,3536087,REVERSION
6da0e356fb5ff3d5bc9a,3536089,TREND
0fb32e619ab0ab154d0a,3536089,TREND
5ee580da2e4fe799a45a,3536090,TREND
225515d0fdbed1adab04,3536090,UNCERTAIN
52491833e42020fbee6b,3536092,UNCERTAIN
f1aee36f707f2ee5ed08,3536092,REVERSION
57a5209401b205591b42,3536173,REVERSION
f82f9da5653643a58eab,3536173,REVERSION
f1f1a3373113550f16b1,3536173,UNCERTAIN
6f4eefdbbac2380f8dee,3536176,TREND
35e0739b032f89294288,3536176,TREND
1164cd0c1d40c52a6558,3536176,TREND
928d989a0971d53d0ef6,3536179,UNCERTAIN
abb9731f77cd5beb724d,3536179,UNCERTAIN
8c8dbd24a3033cf287af,3536182,TREND
b1945797d172733247d1,3536182,TREND
73d2f2c829ecb61bd46d,3536183,TREND
e81978010b4633cafa20,3536183,TREND
c778679145297c929145,3536280,TREND
aa883eac96b8ce05f267,3536280,TREND
708ffa36432920d26a1a,3536280,TREND
27de87eed095cae702d5,3536283,TREND
d979f2956047742eaf27,3536283,TREND
ccd5815e2f323cae0e29,3536283,TREND
0aa0c5bff8059de8fc6e,3536285,TREND
5ac9d38c21275534e4f2,3536285,TREND
14c40c57b8dc722857ff,3536288,TREND
9b422b4b7e9be7f4b85a,3536288,TREND
df960bdd734a32ff2458,3536289,TREND
6fa225f816cdbb94d72e,3536289,TREND
7fadedfcebf7571a381b,3536363,UNCERTAIN
048cfe6a746d637ebf95,3536366,TREND
a2c884b3b095670ab0d5,3536369,TREND
2c94595b93fb3654ae57,3536370,REVERSION
25a53248bb9540fb4b0a,3536373,TREND
4151edbb36e4ad0d56bf,3536533,REVERSION
9c6f7d85c44b0842941e,3536537,REVERSION
5ebc470eca02f3b2eae5,3536539,UNCERTAIN
75d706b11691e5b82c2f,3536542,REVERSION
eec685b63c97355613bd,3536543,REVERSION
17bb7699109c34f9eed6,3536580,TREND
34f158c43593e53b008a,3536581,REVERSION
78d94583c3d224d66bde,3536582,REVERSION
983cd688f3bef1e366d4,3536587,TREND
220654ab1df77b33d881,3536588,UNCERTAIN
104609a988eab33dfacd,3536657,UNCERTAIN
3c71d9405a20eb390ec9,3536659,UNCERTAIN
d1f3dd7d1e1fc6010211,3536660,TREND
992e7865e61d029266c6,3536661,TREND
6effce9a49eac0f378f3,3536664,TREND
a61c64a0ec075ddb88c4,3536851,TREND
aecc6672efc85c1a8e99,3536855,TREND
ff650e8fa60ec1e99fe9,3536865,TREND
228d8d06267a147331e8,3536866,UNCERTAIN
6fd1b4b1a7cb1a1dedf9,3536868,REVERSION
8fc29a6f21db9a37a6e0,3536896,REVERSION
46b06a2275b20abe9f86,3536901,REVERSION
4fa10f15ac924f7ec4d1,3536903,REVERSION
bfb4ff86be1dd243a222,3536905,REVERSION
ba462e7c2826d5603618,3536908,REVERSION
cf81469a185ecad0de7b,3537101,REVERSION
8a2c1b5fec8c14c19e13,3537102,REVERSION
ed250716d49be924d606,3537107,REVERSION
329e29d650b549326fd7,3537108,UNCERTAIN
46e4384364e34e9d5913,3537113,REVERSION
3a2e5b158a4e37576438,3537198,TREND
7acefcea15a6f0cc47a9,3537198,TREND
986b303d61362521f61d,3537198,TREND
8056ac1739ec5139f684,3537199,TREND
a2aa9d7d9bddde93d87a,3537199,TREND
963f5c9d9f2d9bf93ef0,3537199,TREND
37ac488541b29b43a960,3537204,TREND
2046c43c8bc4d98a15d2,3537204,TREND
3eedc1ef4c4a3756b036,3537204,TREND
5b6a4f942fa86843094a,3537207,TREND
43d6c22dea20f02df7c2,3537207,TREND
34e282ab40814ed8be4e,3537207,TREND
c5294f14360a680f6447,3537210,TREND
e699d9a726ba0b1e013e,3537210,TREND
5269ea6860ac67f71267,3537210,TREND
7004bd1319573b79f5ec,3537283,TREND
29505cb017535b19161c,3537283,TREND
fd9f0b80de0283b5b422,3537283,TREND
d06c403fef0c41097c26,3537285,TREND
5033763aee5b23cc9341,3537285,TREND
0c03ee7251cf4233bc56,3537285,TREND
4f9968bbcee9ec10e304,3537287,TREND
c62d38f4cf9dab7c1181,3537287,TREND
b2d1ae91517d2119fb81,3537289,REVERSION
32ca43e65ed92f921d10,3537289,UNCERTAIN
4c15c6b60d823d4603a4,3537289,UNCERTAIN
3c07b6202ec42699f3d6,3537298,TREND
7fbe7d3a6e914900f981,3537298,TREND
27fcf75c6b232cac5bb2,3537298,TREND
9a1210f59b70c1240dbf,3537328,UNCERTAIN
4d7890d1090d1059ba36,3537328,UNCERTAIN
92f887cf40f62e1ac9d3,3537332,TREND
6313014258caab10d2e4,3537332,TREND
4f68f8498ccef94d57dd,3537332,TREND
d633062a536f9a085eec,3537333,UNCERTAIN
467a1ac1d4cca7948cd0,3537333,UNCERTAIN
191041bd3f237276c378,3537333,UNCERTAIN
0c2d6c525338f2aec25d,3537334,UNCERTAIN
67c6e353ef5e88bc0970,3537334,UNCERTAIN
c38c7eb823ba1c4cfb5f,3537334,TREND
20fe44922e397626a824,3537342,UNCERTAIN
c82793d299541fe86442,3537342,TREND
ed74c341dcdab2fbdb81,3537342,TREND
3ac08ff10dc254eaf601,3537408,TREND
e4aeb9a7f3a49b864c60,3537408,UNCERTAIN
65ecf3d4e8b1bdfa4a28,3537408,UNCERTAIN
33c5d44e500ae36ef193,3537409,TREND
1deb2b47fa14048b64e4,3537409,UNCERTAIN
3a046234e1b6fc1ab3ea,3537409,UNCERTAIN
eb053102a301cb8dd4a2,3537412,TREND
10bbffa589bcd11a8f5b,3537412,UNCERTAIN
f3d62c17403ac5e4bc7d,3537412,UNCERTAIN
146a5b9f86149c3a7dae,3537414,TREND
538bf0196fdb8b247c9f,3537414,UNCERTAIN
e121370fbee8887d2c2b,3537414,UNCERTAIN
c192a0f8014320fdd950,3537415,TREND
ff8211473e47d469c145,3537415,UNCERTAIN
d9ae6a657eea53cf8ee7,3537415,UNCERTAIN
27b11d7ddb11bef2862f,3537473,TREND
8bb429b47bf90976dd11,3537479,TREND
cac5c7b606fa7b53d642,3537480,TREND
68472ac671d6f8369a32,3537483,UNCERTAIN
3d67ac6bbc7f06e39d54,3537484,TREND
12c1f0b983465dc2fa4e,3537620,TREND
057323456f4b69e36870,3537620,TREND
49905dedbd89a9d330d9,3537620,TREND
9b4e1b7e4b3f0fd69f68,3537624,TREND
5101ede6ae722e3d9316,3537624,TREND
2302d1c9b49700c2143b,3537624,TREND
2fbc022db9ca80ca47b5,3537625,TREND
66d4e7667909dc48572f,3537625,UNCERTAIN
920aea4ec5d4941e2d94,3537631,TREND
acadf1aa9e9955b2dc2a,3537631,TREND
4cca59dc6101a7098c7f,3537631,TREND
e1d597ccdac62ca7c8eb,3537633,TREND
bcf19a6695d6b36f7912,3537633,UNCERTAIN
6f5aa1bfa344660cdbc0,3537663,TREND
a91331306449dcb2a3d8,3537663,TREND
a99acd2ec9d07e4f6348,3537663,UNCERTAIN
1e112d982c53592a024a,3537666,TREND
04ecea1f899dd26e6c7a,3537666,UNCERTAIN
239221166a0c673dbbb4,3537666,UNCERTAIN
f3be72c5f745a5114744,3537668,TREND
93a91fe0e4d94bc9748a,3537668,REVERSION
e7d04fa392d8bdb8fcca,3537668,REVERSION
e3df413a77fa66030778,3537669,TREND
f7576e2d2eb129a1d1f8,3537669,UNCERTAIN
441a9e1880c3eeb66d1a,3537669,UNCERTAIN
05435c03c465145e0efb,3537673,TREND
a95d8ff55213940cd178,3537673,UNCERTAIN
189cce9c42c7458bc379,3537673,UNCERTAIN
f02ddaa18a8dd0df6eb6,3537705,REVERSION
561417a88c0429594481,3537705,REVERSION
0f5e05191d5448214eb7,3537705,REVERSION
8332216d36250fae4572,3537708,REVERSION
66176d7fd67d49198f1d,3537708,REVERSION
0ee65b896baf929eda66,3537708,REVERSION
cd545103f4f505784b2c,3537709,UNCERTAIN
f07ad22d0646a5dc33ce,3537709,UNCERTAIN
519f390de11480ad6c9b,3537709,UNCERTAIN
55b453526f40140dfd09,3537710,TREND
ade30c0a34c679c0c032,3537710,UNCERTAIN
1fb56136306f07cede8f,3537710,UNCERTAIN
a71562943e2444717de0,3537712,REVERSION
c028f9e28bd7c2072295,3537712,REVERSION
59fa61a499b7c82305a8,3537712,REVERSION
cd8722e5389282d79a39,3537774,TREND
33b35e780e0ef65def00,3537774,UNCERTAIN
77e3d13cfe490de3c391,3537774,UNCERTAIN
51aa93f1a9531937dae9,3537776,TREND
1c1646d7a7381d3eb568,3537776,UNCERTAIN
91f47d2402cd9745a67e,3537776,UNCERTAIN
2ffa4b73e750720b68b8,3537779,UNCERTAIN
2bf40341e7b4d771f81c,3537779,REVERSION
91771711c24c36e69400,3537779,REVERSION
3146fc1241ce644e983c,3537782,UNCERTAIN
c7ac45763d03d1550f8b,3537782,UNCERTAIN
7f11d5df56d1c7472a76,3537782,UNCERTAIN
7b9ad277f54c61e13bf7,3537788,UNCERTAIN
7e5ad36adaf5a8d691c5,3537788,TREND
1c36dedbb12154e7f596,3537788,UNCERTAIN
75c70810e2c5562195d8,3537980,TREND
0c04aec1f2dcc96af4ca,3537980,UNCERTAIN
a1abbb31a811fd0d4d35,3537980,UNCERTAIN
82e782a0e62a403728bf,3537982,REVERSION
2a6d0cde11a437974cca,3537982,REVERSION
ba9fd9c5268b34ed17e0,3537982,UNCERTAIN
950ae755da5c6ae70f47,3537984,UNCERTAIN
49f1bc591237cf3e5def,3537984,UNCERTAIN
cd6a799b2a7054dbba2f,3537984,TREND
feb6fc20d7030caf075d,3537985,UNCERTAIN
9a361bef3e75ee34c7e8,3537985,UNCERTAIN
d286e580cb13a42010a1,3537985,UNCERTAIN
56a9ad9fdbc013bb7d7f,3537988,UNCERTAIN
a62320dd56ae5166d4af,3537988,UNCERTAIN
92c21b1b3b6ccc35be8b,3537988,UNCERTAIN
8315ff4265c0103d876d,3538033,REVERSION
9b1f24c1fbb4bf8878e5,3538033,REVERSION
34c9770167847555d2dd,3538040,REVERSION
ae8d7484c6e27efae24b,3538040,UNCERTAIN
f2cbbbebc564ff4fc85e,3538040,UNCERTAIN
b5a71d9c65758653e868,3538043,TREND
887f6665b8fe86a0f44d,3538043,TREND
81cdaa4f26cf3ec019dd,3538043,UNCERTAIN
4a7bf3206d1a32939488,3538046,TREND
8c1ff3b01df575e4aad2,3538046,UNCERTAIN
a499062094ef267dd68e,3538046,UNCERTAIN
fe5bfaea9d33ff933498,3538048,REVERSION
307f5ad41acc657d986d,3538048,UNCERTAIN
8a3320ac91fbd17bcef9,3538048,UNCERTAIN
7a5475f9435bab4c0f15,3538199,TREND
549c954f70ed60a3e4d2,3538199,TREND
d31c356925a27bba54a9,3538199,TREND
90d1ab1c4c728998c29e,3538202,UNCERTAIN
2c1ae756a6d5ac686530,3538202,REVERSION
633b3101aeed66bbd87d,3538202,UNCERTAIN
09884e79cccdaf2ce127,3538206,TREND
42a998822fb43c22a01c,3538206,TREND
e126759ccff12a42dbd3,3538206,UNCERTAIN
9456f68efebd1ea03721,3538207,UNCERTAIN
281527624174406a3985,3538207,REVERSION
864f1b045a2144eb412f,3538207,UNCERTAIN
c70aafbc5146a94f9955,3538211,UNCERTAIN
042f228922dfda095d7a,3538211,REVERSION
4b75ba22604c249564a3,3538211,UNCERTAIN
2dbddc7a9e978d2274ca,3538276,UNCERTAIN
05ffb018cc689bfb748a,3538276,UNCERTAIN
3ada7517378539340377,3538276,UNCERTAIN
b2854e51f04ffbbd54c9,3538278,UNCERTAIN
fda0b20462aa2d72d1b2,3538278,UNCERTAIN
8b5ed375d7d466002568,3538278,UNCERTAIN
32f1545d9a446d24c266,3538279,UNCERTAIN
98880cda0d2b65e4139f,3538279,UNCERTAIN
ba872c0fa42eda092018,3538279,UNCERTAIN
546522ce250657c53a6d,3538283,UNCERTAIN
80971690b6e84feeaab8,3538283,UNCERTAIN
32551d1c0a06e746af92,3538283,UNCERTAIN
b73f711d316d7bed326a,3538287,TREND
e22f4fb2174a58e1e5fb,3538287,UNCERTAIN
4f1614964a124c8854e7,3538287,UNCERTAIN
8e9e68804962a9a471d6,3538514,TREND
4df1581e78262ae7894c,3538514,UNCERTAIN
e156517463973faa1297,3538519,REVERSION
5383b770944669062cd7,3538519,REVERSION
cd88c2f8f00d678fb76c,3538521,REVERSION
436df3b63172a02a5006,3538521,UNCERTAIN
b744837d764768732802,3538527,UNCERTAIN
ba339cabfd84ffb39686,3538527,UNCERTAIN
db5ade6d45678d106ef3,3538533,UNCERTAIN
bb6b24d908cfd3efea64,3538533,TREND
4ef1e6d29ed382a426b8,3538635,UNCERTAIN
09bc4cbd5ad235db9f8e,3538635,REVERSION
21d7d442e98d39bb2e36,3538635,REVERSION
bf8e715338d1eef9152d,3538636,TREND
63fb86d0f0a88fa855c7,3538636,REVERSION
714e0123170ff9bc09b0,3538636,REVERSION
04992d4656f4fbb21e2d,3538637,REVERSION
fcdcdfcec32b638dfbad,3538637,TREND
3aff5fac1f527937919f,3538637,REVERSION
4032b57e209659c4927e,3538639,UNCERTAIN
5593c8bc612770084c60,3538639,REVERSION
ce4c8abc5cb929e071d2,3538639,REVERSION
f04c35c795f3dbbc1f9c,3538646,TREND
8a114a481be00e7d3ac1,3538646,UNCERTAIN
a3f3c9e00ca7771d25ac,3538646,REVERSION
f4577f0e279cab4d8759,3538766,UNCERTAIN
8a7bce86ea29de2896f0,3538766,UNCERTAIN
9b2ec3bdf048b958335f,3538766,UNCERTAIN
c7f2aec42a69ad473af0,3538770,UNCERTAIN
3b1e5043056ca4c93a7a,3538770,UNCERTAIN
05fff980104cf8012046,3538770,UNCERTAIN
2d8e7fee524097b29c55,3538776,UNCERTAIN
da2cbe50b625c04bb938,3538776,UNCERTAIN
cf7676631bc90645a857,3538776,UNCERTAIN
b5f62bac1ad25b0a46c3,3538777,UNCERTAIN
3f2ccc045f8aab479728,3538777,UNCERTAIN
9d8c036488bae287b2f9,3538777,UNCERTAIN
a34c72cd346bee29f9f5,3538781,UNCERTAIN
bc2e81b052143ba2b1b7,3538781,UNCERTAIN
02c5836553a117c519c3,3538781,UNCERTAIN
c674124dc05d7877812f,3538877,UNCERTAIN
e4fcef44bde6c66f2939,3538877,REVERSION
2befe881ef2ab471dcef,3538877,UNCERTAIN
bd0f26ff554c41177a84,3538883,UNCERTAIN
364d2087138adcb2b2f4,3538883,UNCERTAIN
4ab343b7aab1f449b312,3538883,UNCERTAIN
d3372256fbe875035698,3538885,UNCERTAIN
bba79ffa8a4926e3faea,3538885,UNCERTAIN
563dc976db21dd02f032,3538885,UNCERTAIN
fce9ade5a586ecf6047f,3538889,TREND
89d2302672179fbc02b4,3538889,UNCERTAIN
ef095a19885e082b1227,3538889,UNCERTAIN
2a0a2fa686608617f43e,3538891,UNCERTAIN
90cf32db9425c16779b8,3538891,UNCERTAIN
f786d479842072a6d9c7,3538891,UNCERTAIN
d2dab14316bda5dfd96f,3539008,TREND
dfd3865a1474afcc4ed6,3539008,UNCERTAIN
2ed5b65e3e34b8576d3d,3539008,UNCERTAIN
374d503a5d72af439c56,3539013,TREND
df31b0240a34c99a3c70,3539013,UNCERTAIN
e799298fd88bd65e92f5,3539013,UNCERTAIN
d7b9ccacfa26ebae4041,3539015,TREND
b90a043f673774bf18e5,3539015,UNCERTAIN
62f8cad96485245a63bd,3539015,UNCERTAIN
9e6f3031fd88723885fd,3539016,UNCERTAIN
bf33492f328ee6db910a,3539016,REVERSION
038e72680c57d562d4a3,3539016,REVERSION
5c298f48592f0358b4e7,3539020,TREND
9e306c35a4dfc19c517a,3539020,UNCERTAIN
9b7d09bcd18e5b3f6f54,3539020,UNCERTAIN
4bf4f33b860c30005686,3539244,TREND
da1adc88f72be466d4b5,3539244,UNCERTAIN
6e10e677098f4c914fb8,3539244,UNCERTAIN
0419c5c6c07d40397934,3539248,TREND
772d7b7dcf0605c72002,3539248,UNCERTAIN
bf73521aa39baefbfe40,3539248,UNCERTAIN
0a32710a7fd8605af622,3539249,UNCERTAIN
dbe22c860a0214550ef2,3539249,REVERSION
750253f24cdc07f9343b,3539249,UNCERTAIN
4006bf39af9102d666b8,3539250,UNCERTAIN
9787b35c988e2e687ca0,3539250,UNCERTAIN
f3381fef7d21ef63a493,3539255,UNCERTAIN
df6120cff41cac1b25a0,3539255,UNCERTAIN
1bc3d6033fd2fd480941,3539255,UNCERTAIN
06fa6bf6499cf3cac1ed,3539282,REVERSION
e998e543e1d20390bfe3,3539282,TREND
934c605ebd09d7fb3d5b,3539282,TREND
ab9212640b59bdcad4fd,3539284,UNCERTAIN
52ed5a1e2bda3b9fc3b9,3539284,UNCERTAIN
3ef2f5f34b305de6d40c,3539284,UNCERTAIN
ce18994fa7bed0bc2813,3539285,REVERSION
d4ab923a2de74f02a625,3539285,TREND
95a71873dc93b7fd8b72,3539285,TREND
5e90d6c91cb6840ea1c3,3539287,REVERSION
2915585ed10248c26368,3539287,UNCERTAIN
fccb8207490a2c71c530,3539287,UNCERTAIN
5ca710c23ec67f7e2354,3539294,REVERSION
0067540ee24279b06cfb,3539294,UNCERTAIN
ad8fbf664724ddde21a8,3539294,UNCERTAIN
cbf600029eade5142f7f,3539512,UNCERTAIN
5068eaf8c1e6cccfccf7,3539512,REVERSION
8bbafe7d816a5874c0cf,3539512,UNCERTAIN
fda064faf1dc4a596520,3539515,UNCERTAIN
af87329c8c8d52218a76,3539515,REVERSION
845c5adb12d5b70cbc14,3539515,REVERSION
d43be4ee025971b6653d,3539517,UNCERTAIN
c2eb86c4fa9d79e125dd,3539517,REVERSION
63ef4f574839c0a6c3c9,3539517,REVERSION
9638627334be59163259,3539518,UNCERTAIN
26f605d74d5c6c140d9f,3539518,REVERSION
34e1827fb9f0acbb7030,3539518,UNCERTAIN
7a602c6f39e408025567,3539523,UNCERTAIN
8f0518dff87de0a8c94c,3539523,REVERSION
b01ab507bb533211ac25,3539523,REVERSION
ee32895cf7980d770c51,3539622,REVERSION
a6bf16345e8fba48c26a,3539622,REVERSION
da756ef5b941963d422e,3539626,REVERSION
759c65f118405be02a43,3539626,UNCERTAIN
8c5e21c19adcef53116a,3539627,UNCERTAIN
c533b89ba95ca11c224b,3539627,REVERSION
978430f8968128f60661,3539629,REVERSION
35e59b24dfec3660156e,3539629,UNCERTAIN
33071c192d73ad1799d0,3539636,REVERSION
40edd39dd97f541bc62e,3539636,REVERSION
f69ef85ac43caf9764c6,3539777,REVERSION
433f4fbd1c803fb1d538,3539777,UNCERTAIN
d0210259c3b90424787f,3539778,REVERSION
867c3d508fc7a7790d39,3539778,REVERSION
5d75be6690f809a88e52,3539779,TREND
733456797a0aa24cda4e,3539779,TREND
53424e529877c137062a,3539780,UNCERTAIN
a7476ab8251c4c6f02c4,3539780,REVERSION
8d0ef39f582d8d5dcbc8,3539781,UNCERTAIN
09abf784e8e5dfeaa198,3539781,UNCERTAIN
77d0f323de0a31475602,3539841,UNCERTAIN
4aedaf998e51f30e9762,3539841,UNCERTAIN
5af5be2de8046da74b33,3539844,TREND
36ed87fc8961783f5f11,3539844,TREND
9ab8d543b3a36e86cf57,3539845,TREND
becbbffe3cd9b032a57a,3539845,TREND
51907a84f091743937cd,3539845,TREND
3d49b8865c8a5306ac28,3539846,UNCERTAIN
be7bb871490e76e6ba5c,3539846,TREND
cd0890e9bfadf1f7e3ba,3539846,TREND
9c1051036c332d09a5d9,3539852,UNCERTAIN
2c21c32f8eeed6b6a4f6,3539852,TREND
b716dfea1b0303394346,3539852,TREND
36ce3aa55b1c5890e1b3,3539989,REVERSION
7fac08127912049af6d2,3539989,REVERSION
b38cc60c337802f702a1,3539990,UNCERTAIN
4ec537465b44f115caa9,3539990,UNCERTAIN
935d73399df2af04fbbe,3539996,REVERSION
98ace5d869b7b142cc57,3539996,UNCERTAIN
db7dfee230604b3f1542,3539999,TREND
155d31d7fa53c2927aa7,3539999,TREND
f08f322f47aedb62fec4,3540002,REVERSION
c1d670a8cfdd95dc50e1,3540002,REVERSION
46ea07c6b91773cdb7d0,3540436,UNCERTAIN
89a61dc60003d2400f4f,3540436,UNCERTAIN
3bb4f523f826c742ecd3,3540439,REVERSION
f46b066898e72b0bf210,3540439,UNCERTAIN
2b49f1958c406f832a2e,3540442,UNCERTAIN
ffc4b7927cdb48c4e0cf,3540442,UNCERTAIN
50dc2d57d7e821a8ce2e,3540444,UNCERTAIN
9d3dcb6d5610ebf6bfb4,3540444,UNCERTAIN
94f895afdab41c104319,3540449,UNCERTAIN
743bb33abd9eb903a18c,3540449,UNCERTAIN
dd33e65c98148ed2958d,3540529,UNCERTAIN
3c20631324ee9f9fd29a,3540529,UNCERTAIN
7bff162637ef6b6db255,3540532,REVERSION
0f38197695a56070fe1d,3540532,REVERSION
871f47407d1b8e49e0ed,3540536,UNCERTAIN
9835b62e29d276a4e249,3540536,UNCERTAIN
31c1be8bbe18a185ac4e,3540537,UNCERTAIN
72e131c2ff9484baad69,3540537,UNCERTAIN
4fc7c5bef45b47d6a468,3540540,TREND
e5d77f44931d7f99f140,3540540,REVERSION
2eea17fdac5b53bb71b9,3541599,REVERSION
c6397af73c1cf4afe508,3541599,UNCERTAIN
9f270b43c70eb5db5ef2,3541600,TREND
dc5edcc9b8e164a79627,3541600,TREND
34431ae5ee98e82d3beb,3541605,UNCERTAIN
12d24fed0570a3636d59,3541605,UNCERTAIN
bb6c1d7b3a3c1cebbcc4,3541607,TREND
9ae5be5c6fab050a69a3,3541607,UNCERTAIN
107ff4d10cf9b1ce00c5,3541607,TREND
7aa0d6d8b781f1a1ba6f,3541613,TREND
bc5178f9c6d225dcf897,3541613,UNCERTAIN
0e510b9638ec60d73639,3541613,UNCERTAIN
98e8eefe7d1d67d821de,3541678,UNCERTAIN
56e5e47e70580bba5ff1,3541678,UNCERTAIN
3dd10d1a36197fc97687,3541681,UNCERTAIN
227f4cae2c58730589b6,3541681,UNCERTAIN
2b383661b25fb527bfcd,3541685,UNCERTAIN
a5bc814c4a5a6434792d,3541685,UNCERTAIN
715820e302d5c4d60f9b,3541687,UNCERTAIN
b1162f695b8c512486f2,3541687,TREND
f727a7b2351fdf728ed9,3541691,UNCERTAIN
7bf7328a41f483d38600,3541691,TREND
3d48ab760c2e1a0d86ed,3542094,REVERSION
95a837bbf78ad5303181,3542094,REVERSION
f7455a27de7c6cd72444,3542095,UNCERTAIN
e72e53dd6c72ccec1939,3542095,UNCERTAIN
8fb9e8f9d02036cf12d8,3542099,UNCERTAIN
6662692bea53ed21f037,3542099,REVERSION
f19e914b498d3aa6e6f1,3542107,REVERSION
a60c72e9fdd7ec02cbd5,3542107,REVERSION
79a098f224805edaf8d6,3542111,REVERSION
30eab9139c37f8c3165f,3542111,REVERSION
12d488076f77ef2a8649,3542319,TREND
df1275d0e060f64298e7,3542319,TREND
bbdaa3296b0c4c237af1,3542322,TREND
5cc83dc4ef8fa1d03da5,3542322,UNCERTAIN
90c96c61f41f77bb6aa2,3542323,UNCERTAIN
a72f9276544a9480b8e1,3542323,UNCERTAIN
7d6d5eacba6687d2dae6,3542327,TREND
024f8ab2755fbbbe8c3f,3542327,TREND
25bf287e37cb8908c432,3542328,TREND
315d784d96e02bba2b7f,3542328,TREND
6d98503fdd29d6d6cc27,3542696,REVERSION
3db42a51e4859044e069,3542697,REVERSION
a09782e7930fe3bee68a,3542706,REVERSION
9a70b6dfd0c19ecc925a,3542708,REVERSION
f23598f744d430d2ddba,3542709,REVERSION
e2d89ac5700e6bc05241,3543318,REVERSION
2627cb75afdf30b95e78,3543318,UNCERTAIN
301c8267142d6451f434,3543322,UNCERTAIN
95457cb31886c26c7e86,3543322,UNCERTAIN
1757e370733d7c1da4c9,3543324,REVERSION
70ac95e199db9d54938f,3543324,REVERSION
9124112797de43cf0125,3543325,REVERSION
69b863bab7ab0fc51477,3543325,REVERSION
f367058e1e1b276b9a13,3543328,UNCERTAIN
13236b85640a1aecee47,3543328,REVERSION
261b7728072aa9bafb97,3544184,TREND
928498e1812a42d6fc6c,3544184,UNCERTAIN
36878bbd162292548b06,3544184,UNCERTAIN
e83abbf8edbe2003a623,3544185,TREND
fa186d9206779a8a1aa0,3544185,UNCERTAIN
54cfb411ccf1b9589750,3544185,UNCERTAIN
512c95abc0ccdb670289,3544191,TREND
327e79c8ea3f4cffb212,3544191,UNCERTAIN
8e1ffdcc84ce0fe44353,3544191,UNCERTAIN
016e77a347b5b58d9873,3544193,UNCERTAIN
b9542e4827ec9d2f6394,3544193,REVERSION
f69300f90bf547af6438,3544193,UNCERTAIN
5613e8bed9c2da5bb15f,3544200,TREND
6647242bee51213e1c3a,3544200,UNCERTAIN
8e4dcf37ea3cec53f90e,3544200,UNCERTAIN
26284cd8a0ecc38ecf12,3545506,TREND
f3169b87ad16bb772fa7,3545506,UNCERTAIN
9ab0dcce50bf919a1126,3545506,UNCERTAIN
6d46120580063410c71d,3545511,TREND
965b0b64524ecb512b8f,3545511,UNCERTAIN
93048ab79c86e0b8a4d4,3545511,UNCERTAIN
05cec9852923f67e89b0,3545516,UNCERTAIN
59aa4c4c3241987a37bf,3545516,UNCERTAIN
179e3b50b18716bbc2f1,3545516,UNCERTAIN
beb089cf635574b988f5,3545517,UNCERTAIN
35d970ed4caeb8680e1b,3545517,UNCERTAIN
251874fd2e6a48331d58,3545517,UNCERTAIN
62a634aedcf8e84641a7,3545518,REVERSION
a81b8e70c3a4666db2a8,3545518,UNCERTAIN
19ebaafd516d3b30cd2d,3545518,UNCERTAIN
8d227949e8324be5e579,3545650,UNCERTAIN
a4e9d770f3c553aa0eef,3545650,UNCERTAIN
a6bb46d4eb63d9bd1147,3545650,UNCERTAIN
582eb12a08cae37a707b,3545655,UNCERTAIN
9805dc81f136170d6c22,3545655,REVERSION
851a2a2733b73b2225a7,3545655,UNCERTAIN
43545da17b417d0fde5e,3545658,UNCERTAIN
d38e708a6aab094ae924,3545658,UNCERTAIN
999ef6c82999510a21ac,3545658,UNCERTAIN
9eb3db41c36b26df3dec,3545661,REVERSION
5458d7d658b781217896,3545661,REVERSION
549f758cae79fd4186d0,3545661,REVERSION
95794ed4d5a2555f9c8f,3545662,UNCERTAIN
8270d2c1c2356655832e,3545662,UNCERTAIN
d2d89d11b797ac2a7fd5,3545662,UNCERTAIN
46bb05c038d9464aff8a,3547200,UNCERTAIN
b787d0903e7399f4b53a,3547200,REVERSION
80941bfa39cd1223befc,3547200,REVERSION
a2f40a6e4d0de96b375f,3547203,UNCERTAIN
55fce19310b7e66c81b4,3547203,REVERSION
8c75f07a380b6b216cbe,3547203,UNCERTAIN
88aabe6d6ccb8353b4c6,3547206,TREND
07792acbd895b79e3353,3547206,UNCERTAIN
c5977888dec284657556,3547206,UNCERTAIN
8a73b127ca8a55c9e87e,3547207,UNCERTAIN
17f949d5c5e391c21aed,3547207,UNCERTAIN
06d627bbe20d1e55700b,3547207,UNCERTAIN
e2b1e39f693a050d0139,3547214,TREND
e2375b81220f86eb7aed,3547214,UNCERTAIN
69d73a84592b57d8a937,3547214,UNCERTAIN
08e51c70f1eada5ec91c,3547319,TREND
63e129d0d1ab2f41978f,3547319,UNCERTAIN
f36eeffaa21bad3e8890,3547319,REVERSION
36498d8b6055aa208e74,3547325,REVERSION
14e93bed3bc883a71540,3547325,REVERSION
63cb086a77b26fc5c102,3547325,REVERSION
3d681acece8641d9c07a,3547328,UNCERTAIN
5c4228f2d7e14842fb7f,3547328,UNCERTAIN
fdf028c558b1ec046adb,3547328,UNCERTAIN
bd466f3d9471a717bd92,3547329,TREND
e1e4eb8a7b0f08a94ab6,3547329,UNCERTAIN
3aef13abc42b91472789,3547329,REVERSION
60e84eae22eab2e0100d,3547334,TREND
3c50befcdb19ad27439f,3547334,UNCERTAIN
e14d8eaeadd4cbd9458d,3547334,UNCERTAIN
8c850d6d044bfcdfdc56,3548728,REVERSION
1b0aacd0fcf640bd90d1,3548728,REVERSION
864c5663d649e9d8a8e7,3548728,UNCERTAIN
43ae3017406d711b34f6,3548729,TREND
44dd21ebdf5ee8391479,3548729,TREND
3884523ba99e25048733,3548729,TREND
341828a8c08dae04f9ba,3548731,REVERSION
4b464c32613db3b9e079,3548731,UNCERTAIN
e9a3c77fbd0293fc30f5,3548731,UNCERTAIN
ebeab645a5f2d03043c2,3548732,REVERSION
9e5826a8798bf89412cc,3548732,UNCERTAIN
23f51b37ebfaaff826ab,3548732,UNCERTAIN
646a08cb89695211a3b9,3548733,UNCERTAIN
65fbcf0c74e536347154,3548733,UNCERTAIN
78a70084a26abcd5069a,3550302,REVERSION
bfe687645421e543c89d,3550302,TREND
1e0fc569abacd8066228,3550302,TREND
837c498deffaadc78284,3550303,UNCERTAIN
d51bc0937f4ae1d19197,3550303,UNCERTAIN
9f3cbc68155ee7becff2,3550303,UNCERTAIN
690b0a0d75217acb93ae,3550304,REVERSION
7da238166e7bdb5eaf0f,3550304,UNCERTAIN
234961e2d84e0d50197b,3550304,UNCERTAIN
6e9518579b85128d800b,3550309,REVERSION
6d04f78d7b737ee87bb2,3550309,UNCERTAIN
13b172105c65872075d8,3550309,UNCERTAIN
129d890fb9c3f6626b03,3550314,UNCERTAIN
f07c5d909d0705ad0200,3550314,TREND
ceb724c6d3ce214218c0,3550314,TREND
8ace0635c63b443ddc73,3550877,UNCERTAIN
6e5fd126de53ce9279d9,3550877,REVERSION
dbb309c54b5abea94ce3,3550877,REVERSION
d2d7b7dd1d7828d51bf4,3550879,TREND
2fe333afe02846ca11fe,3550879,UNCERTAIN
6167bbce4a9d9a63fdb6,3550879,UNCERTAIN
8222bf725855c60fc8ae,3550880,REVERSION
4d1bb4b5b547713762fb,3550880,REVERSION
1cfd5e98e24fbf1cb7cd,3550880,REVERSION
f081b0d7ec1c241a6e57,3550881,UNCERTAIN
e4c1e092006d4fc80e67,3550881,UNCERTAIN
b09de2177200bab35057,3550881,REVERSION
048c847dc6faebdfe0b0,3550886,TREND
baba30d173fc990acbd4,3550886,UNCERTAIN
78dcae37544c3e6cbd45,3550886,UNCERTAIN
89c4d1fd492b29ace784,3551199,UNCERTAIN
cbb1d5c42881550b538e,3551199,UNCERTAIN
52731efc93358e245305,3551199,UNCERTAIN
31c8884a763e6dc18f55,3551203,UNCERTAIN
e9de2b9334f61011b498,3551203,REVERSION
fa45142ef05621f5d885,3551203,REVERSION
36f1c9b252a5aaadf29f,3551206,UNCERTAIN
30515283106f118ec398,3551206,UNCERTAIN
7fcb4be5cdc0d50cea8d,3551206,UNCERTAIN
7b48081c848dfeedfe3a,3551207,REVERSION
3a3973447c11662c3187,3551207,UNCERTAIN
840716bdae72ee0b14de,3551207,UNCERTAIN
5b1de533c12c807dd75e,3551212,TREND
d2ec1b6d9b7cdaa88ea9,3551212,UNCERTAIN
3544ea39a15adf66540d,3551212,UNCERTAIN
d4cc1b4e583a9c41fb6e,3551470,REVERSION
61a3ebfef085b0478c60,3551470,REVERSION
a069478a03a23b6f46ec,3551470,REVERSION
e88ea693b782cb6e5b04,3551471,TREND
2ba04d2e8ead0503b380,3551471,REVERSION
ddf728c6e1f65205afc8,3551471,REVERSION
edafe2218997c9f2602a,3551474,UNCERTAIN
11f4e74d42c1be207089,3551474,UNCERTAIN
00e8ec47081cb0641f36,3551474,REVERSION
31a86a54241e34df862d,3551481,UNCERTAIN
40bc3dbc45779110ecac,3551481,REVERSION
f2334edd9447822ce8d0,3551481,REVERSION
34e452460fd2ddb4e750,3551485,UNCERTAIN
573f69d7ca621065e3d3,3551485,REVERSION
d31e1d71e5ca7aed5c05,3551485,REVERSION
59cd332217a69cf395b5,3551822,REVERSION
7a14f4f00a6cb650c8aa,3551822,UNCERTAIN
5de90d955eb50cc6b5df,3551822,UNCERTAIN
05e9e94568695d21c5f6,3551823,REVERSION
9c277d7a995292438653,3551823,UNCERTAIN
7fc55a37cc298a728ccf,3551823,UNCERTAIN
cabf3e8b3c92e8f127b5,3551824,REVERSION
008b2d372717d4ce0e10,3551824,REVERSION
ca6cee770668fe6a63d4,3551824,REVERSION
f7f5bf9f9cdae8999b24,3551828,REVERSION
18e68eae97057cb174e0,3551828,REVERSION
059141f6cbc23e3d5c7e,3551828,REVERSION
e24d2cf751220f53438a,3551837,REVERSION
52e1862cf86aa5935768,3551837,UNCERTAIN
8e7505c80520769797fe,3551837,UNCERTAIN
514511b357c93f0093b7,3552143,UNCERTAIN
d4b484a8548cc6c683db,3552143,REVERSION
3136ef6854f9e055bb8d,3552143,REVERSION
0a989ef5feefdbcf9faf,3552144,UNCERTAIN
8517efbbf818fe5c26cd,3552144,UNCERTAIN
f747c4e005900b6d10e7,3552144,UNCERTAIN
1b202db86ba7026fbcfa,3552150,TREND
cd1651a7ee1c512ea90f,3552150,UNCERTAIN
4fad946ebce501f03602,3552150,UNCERTAIN
ed878a6e2c36742cd762,3552151,TREND
76e86b8ae84a624e4fce,3552151,TREND
7f2ced726461bc239b1b,3552151,UNCERTAIN
b53ba4863edfbfc014b8,3552153,TREND
da62138738a46a20b0ea,3552153,TREND
96f099de4f89b1cc9602,3552153,UNCERTAIN
b67a728d07a44530cd5a,3552259,UNCERTAIN
cdbe86ded53c34879b34,3552259,REVERSION
038ebf66b879d25671b0,3552259,REVERSION
c1881bf4439b3795adae,3552260,REVERSION
6822830a2d9efdf1c09b,3552260,REVERSION
7f613b7abbfd0b5fb892,3552260,REVERSION
675a513b14cb0e119735,3552267,UNCERTAIN
ae65199cbc4da5d6d195,3552267,UNCERTAIN
6bf8d486ed85ebd4fbd0,3552267,REVERSION
03dcf7f0240d9f0c7211,3552268,TREND
bb4dbcd1b822ea2818b7,3552268,UNCERTAIN
3de1e5d4ef5dae777974,3552268,UNCERTAIN
e3f4df0c60d8e5de9d61,3552272,UNCERTAIN
06cdb06a83b84a05d9f8,3552272,REVERSION
a2cd39f7f97925666a8d,3552272,REVERSION
3d43d7a6122814b25aef,3552470,UNCERTAIN
f237566956cfcb546b05,3552470,UNCERTAIN
6e455ef2ffcf0a67755a,3552472,TREND
9b47a5a1bc872b8b2aae,3552472,TREND
576ae51a797e785e1136,3552478,UNCERTAIN
eac5c4345fd04724cb9f,3552478,UNCERTAIN
5e4673f277e6cc0d4ef0,3552479,UNCERTAIN
326bfcaaf2f7c06fca59,3552479,REVERSION
644041c1cf607f3873b1,3552481,UNCERTAIN
bcbfede67caab907eac8,3552481,UNCERTAIN
ae5e5e2d433568ed4481,3552648,UNCERTAIN
56ccf170033ec7387243,3552648,TREND
b5bdb0f4bc63b52060eb,3552648,UNCERTAIN
92ed797bc947d935fb85,3552651,UNCERTAIN
4120090d34edd144ba9b,3552651,UNCERTAIN
b17b64bbeb9b35c96b41,3552651,UNCERTAIN
9fb3d431c1e12e9ab1a3,3552657,TREND
830e0ee533c86c33f47b,3552657,UNCERTAIN
d0837da9df622578a4b1,3552657,REVERSION
802817cb98f2477b784c,3552659,UNCERTAIN
c684ebf4e2780e385c2e,3552659,UNCERTAIN
846c1304515f7179d4be,3552659,UNCERTAIN
28ec3b98387058b9d402,3552662,UNCERTAIN
0d5ebd8b0926211c0024,3552662,UNCERTAIN
efd58ba53b226efd87a0,3552662,REVERSION
329440933354eb565147,3552722,REVERSION
d582110c974e97aed85b,3552722,REVERSION
b120656e8318c081ee99,3552722,REVERSION
5c706949cbb326e5b72f,3552729,UNCERTAIN
1db22b6610c78baed4fe,3552729,REVERSION
e255a8be920e36ee7eff,3552729,UNCERTAIN
9ecd8425a6f119462980,3552732,UNCERTAIN
1bacfe5158020ae75995,3552732,UNCERTAIN
0a8e8206836dc85968a2,3552732,UNCERTAIN
19609fd8bed8d9076ced,3552734,REVERSION
9e00e0b007c208096aad,3552734,UNCERTAIN
a63a8d7fff4562b74142,3552734,UNCERTAIN
15cd241e19b47ec1b262,3552736,REVERSION
eb90640e149fbb2f5ebb,3552736,REVERSION
23202a86b25368df5a59,3552736,REVERSION
1d6cd4280faeea9f4461,3552803,UNCERTAIN
83ce7337053279a3fde2,3552803,UNCERTAIN
dcd68f0a536522ba91c0,3552803,UNCERTAIN
c3e712cbe84c89caf2bb,3552804,UNCERTAIN
89a6dfb051d0f89324dd,3552804,REVERSION
38881da90ad2ac4de25c,3552804,UNCERTAIN
8b950dfda8bc9182b5bb,3552805,REVERSION
5b8c30714a53c855b3ca,3552805,UNCERTAIN
e5a7f47f06f519ccbda6,3552805,REVERSION
ecec4139ecb84205ae27,3552807,REVERSION
de4719544f4c7d957463,3552807,REVERSION
96ac92457bd947eb8b09,3552807,REVERSION
1e29555f0469d0a38bb6,3552808,UNCERTAIN
759ac68b199214ca831b,3552808,UNCERTAIN
3bbd2b1cfacf4f493c68,3552808,UNCERTAIN
e14cbf6d08cefa3f7c68,3553010,UNCERTAIN
d64a1f191bedaea2c2c4,3553010,UNCERTAIN
565345f87db23ac5fef4,3553010,UNCERTAIN
682b1396e40ccf800ee3,3553011,REVERSION
a5853913de3f11695de4,3553011,REVERSION
0b71cf53a32962b879ea,3553011,REVERSION
80286306d2ef4256b9a5,3553016,UNCERTAIN
d7b6d21fb868027421db,3553016,TREND
1053a7e9c901737fe3f3,3553016,UNCERTAIN
54542a1fb92c6276d79b,3553017,TREND
5811119523a3fab09dca,3553017,UNCERTAIN
62d3fbe248dad0d23d5a,3553017,REVERSION
d790b0d64609c876fe77,3553021,UNCERTAIN
adfbb8f18615cce0f584,3553021,UNCERTAIN
2d9e10b40626e52bf512,3553021,REVERSION
2a1300421b7d08cc0791,3553277,TREND
3732c5963dc95951a0f6,3553277,UNCERTAIN
5023530e702114872a86,3553277,UNCERTAIN
78d5728143f42e47303d,3553280,TREND
7b8d6d3ef422b8c4db4b,3553280,TREND
860246ccc69b1e58fe87,3553280,TREND
29efb88801b56a61f190,3553285,UNCERTAIN
3757b4a098cc00abad41,3553285,UNCERTAIN
a3d9dd9bf2552b92fe0c,3553285,UNCERTAIN
c47f7970c6b57e205120,3553287,UNCERTAIN
9ed53d5acfedcfc770c6,3553287,UNCERTAIN
d608cb90ce73cec4e4d1,3553287,UNCERTAIN
ae9b36ae5704037575c5,3553288,UNCERTAIN
7973ba0fbb1d338be132,3553288,UNCERTAIN
44443b3ac2bb90e0fac4,3553288,UNCERTAIN
29b3ba1d0fe5baa63256,3553372,UNCERTAIN
1d3f505e6bbe71c50c15,3553372,UNCERTAIN
1cd50300186ae9fe1c57,3553372,UNCERTAIN
980a0119bbd9a6a0dfaf,3553374,UNCERTAIN
087dc8808d39b8c7db1d,3553374,UNCERTAIN
70fb48ec08802b21cc2e,3553374,REVERSION
f0253fe369f5b7b8eb36,3553375,UNCERTAIN
db7a75a3b73eab8e9330,3553375,UNCERTAIN
cdeee4c8b7225e764e79,3553375,UNCERTAIN
a33b7db60ea4be53c4c1,3553381,UNCERTAIN
604bb912f9c09bd4d00e,3553381,UNCERTAIN
a38c8133eb2a42f7af05,3553381,UNCERTAIN
75e118ff75c1e16c74d8,3553383,UNCERTAIN
89225e88b0b35bb8d951,3553383,UNCERTAIN
0df2cbf97eb3ada72bb2,3553383,REVERSION
a1409a80c86a481b6409,3553418,TREND
682a5b8e9d290e004a6a,3553418,TREND
322d52b515299723d1a7,3553419,TREND
0c5ea6df46ed60cb9bf6,3553419,UNCERTAIN
18279b383e82f9167a57,3553419,REVERSION
2dd66c11816f9e5f015c,3553424,TREND
118bc108dab20831e650,3553424,UNCERTAIN
8605c29c04e38645ea12,3553424,UNCERTAIN
e60f298683f3e1a8bd44,3553428,TREND
de83c8bdd49c9e6f915b,3553428,TREND
f9b7f5e74b341cfb5b46,3553428,TREND
ed5fb6edea731023cc8f,3553430,TREND
13278a2d452545873e4e,3553430,UNCERTAIN
93829b5bda262c3d1a17,3553430,UNCERTAIN
f55bba4883d6789eb38e,3553665,TREND
60083723dcacb03bd34b,3553665,UNCERTAIN
03ca5aa31e3f9cc97da2,3553665,UNCERTAIN
54aedc6c24c7bd949f08,3553667,TREND
0a6bc87326fdf9a9c708,3553667,UNCERTAIN
9ee3c353f0b32f51d9b9,3553667,REVERSION
60dfe240e303db353da7,3553668,TREND
af000b3e7e3173e5b5ff,3553668,REVERSION
4fa35e167cedf7cf4c3e,3553668,REVERSION
abd49b83a857ebce1ba0,3553673,TREND
d4d4edb0754ecdcf0292,3553673,UNCERTAIN
8abea3903478d85a7fe0,3553673,TREND
e52fad238a0ba9678c3c,3553677,REVERSION
cb276c5883cab7db1a9c,3553677,REVERSION
2f9a24f40c0950cd91d9,3553677,UNCERTAIN
91cc989b4c62b637bd46,3553856,REVERSION
d6b840136f7fa921f3e0,3553856,UNCERTAIN
88f7a20509f5a4deab9b,3553856,UNCERTAIN
bf37283d44af18148dfd,3553860,TREND
fc181e58797991b3fe3c,3553860,TREND
0cf75ddaa1561fb80b34,3553860,TREND
6d38d26340f7d24dc6f3,3553861,REVERSION
ff31f01bc1ae24ea7cdb,3553861,UNCERTAIN
5a6e1641be724866f754,3553861,UNCERTAIN
344af46f9659db7a7997,3553863,UNCERTAIN
b40c427340180a8ab97b,3553863,UNCERTAIN
f269d1b4478ee08f5fd1,3553863,UNCERTAIN
ded2b430a5c9628e6ce8,3553868,REVERSION
fc48c6f5b5e27cb28918,3553868,UNCERTAIN
c402399d8bcca40099dd,3553868,UNCERTAIN
bb3b45a7a0caefb29860,3553911,REVERSION
e2df5ef898727747245e,3553911,UNCERTAIN
306ab0dc352ba88a3cf3,3553911,UNCERTAIN
f66775b7a006e6c34a68,3553919,TREND
3d362a9c4e4e051bde16,3553919,REVERSION
3cfc3f19a5f4524db932,3553919,REVERSION
ccd1c44236bbcc7c636a,3553920,REVERSION
0c5d8209464fe502f709,3553920,REVERSION
88b395d556d11bc5a838,3553920,REVERSION
745019e88f64f5c008b7,3553924,UNCERTAIN
e95f75d169d9942315ea,3553924,REVERSION
01883307d6983f0a7c8b,3553924,REVERSION
404324e93d1bb1e09389,3553925,UNCERTAIN
4a30e9bf8a4e39ebb7cb,3553925,UNCERTAIN
7c8f03e1a8a1d1640468,3553925,UNCERTAIN
5413e33892f31da51ce9,3554045,UNCERTAIN
acbc0befa09c29b5d1f2,3554045,UNCERTAIN
4dace4eea02dad2b15e9,3554045,REVERSION
2b43de1cedc42ef4b782,3554047,UNCERTAIN
d0598dfbbd124669e583,3554047,UNCERTAIN
6d2c6cb866c96135cc67,3554047,REVERSION
1a57316c2b94a411e55d,3554049,UNCERTAIN
57adb198fd3c2d3c60e6,3554049,UNCERTAIN
51f998092aa598bc78d9,3554049,UNCERTAIN
da45749d7d9e775ef31a,3554053,REVERSION
7b08f9ee2a00a4be1abb,3554053,UNCERTAIN
3cbfdb22d866b2acf014,3554053,REVERSION
f19e7402277e64f36753,3554057,TREND
336363060d3ed3ec383e,3554057,UNCERTAIN
d93606cb886730af4e96,3554057,UNCERTAIN
002a5f1805ba2ab623a2,3554350,REVERSION
f536ba7d140fc965849c,3554350,UNCERTAIN
04468f975f70330cff53,3554350,UNCERTAIN
038a5daf9fc0e8d8bfe4,3554354,TREND
7a375c151b11f1252a1e,3554354,UNCERTAIN
a2417d175932e2b6578f,3554354,UNCERTAIN
90d46a1ae7ac370508c8,3554357,TREND
ca36df7ad39fe46115e4,3554357,UNCERTAIN
401bbfe95f8f8b24de0d,3554357,UNCERTAIN
275f5d08034ee507e54e,3554366,REVERSION
5c851f16d78e62108667,3554366,UNCERTAIN
b572ad88d195cfe13e10,3554366,UNCERTAIN
77a4e3809d8bed9f745d,3554371,REVERSION
c15a5610651f24e60862,3554371,UNCERTAIN
de38f1deac86e3180143,3554371,TREND
860a8cbd4e55ef334c2b,3555074,UNCERTAIN
81a4c6fbd6e8775929d4,3555074,UNCERTAIN
e0c97dbf48cfe2898105,3555074,UNCERTAIN
4b3c2ae9cba17abbd15c,3555086,UNCERTAIN
23e2a3aa1dafbd6184bf,3555086,UNCERTAIN
b3deed40bcfef62d8441,3555086,REVERSION
a19928a4c6ab80eaa85c,3555091,REVERSION
358f07bf48960355ab48,3555091,REVERSION
2dd0f71f243fd61c4c6b,3555091,REVERSION
0b10bec44bd2906f4fe0,3555092,UNCERTAIN
1be304da5a743656b34b,3555092,UNCERTAIN
66f9c8c534b0c3ef13df,3555092,UNCERTAIN
38f2b5d50e592b98183a,3555106,REVERSION
d2c4e1c552385b37d4a0,3555106,UNCERTAIN
52247c868d7a6039acf8,3555106,UNCERTAIN
12650fe56fb394dd7a9b,3555140,TREND
01950732df9555b3d660,3555140,UNCERTAIN
a00043e44bced149b1a9,3555140,REVERSION
ceba0c5801641badcefe,3555142,REVERSION
83bf5858a377ec2414c6,3555142,REVERSION
422b5bcc5a6e867d258f,3555142,REVERSION
59c4a87933b8134df3b6,3555145,REVERSION
f815d94526ff4150afeb,3555145,UNCERTAIN
27a16049ee1705b46541,3555145,UNCERTAIN
7e8423eb8e550eb956ae,3555146,REVERSION
1044ae4694055e285e80,3555146,TREND
e612fd4bc741bae5b18e,3555146,REVERSION
1c42283ec2f1586c5133,3555148,TREND
067c94c1737ebd639e64,3555148,TREND
477fbf6aec3fd06840dc,3555148,UNCERTAIN
3febfbaa1ea103be317a,3555433,TREND
9a8cfadf586f0e0dd6d9,3555433,UNCERTAIN
4da925aa0de21fd53cc1,3555434,REVERSION
9bd1de738e911672defd,3555434,REVERSION
d5fe118b12166999467d,3555436,TREND
3890db8170cddfc86cbc,3555436,UNCERTAIN
4e79e217ebea391467a5,3555436,UNCERTAIN
d70a7fa1fd4402fb0a6f,3555439,UNCERTAIN
91a7add2abbce1920e5e,3555439,UNCERTAIN
3899b75d0a8f9b9cb665,3555439,REVERSION
272ab3e63ec4973edb3a,3555441,REVERSION
d8cd167655b3feac6e01,3555441,REVERSION
cf83760604e1c3bcd3dc,3555441,REVERSION
37ceac5a75f57355430d,3555519,UNCERTAIN
9a1a5a1c21f799e26cf9,3555519,UNCERTAIN
316ba50d4b2de5072957,3555520,TREND
137b3775e2e669bd677b,3555520,UNCERTAIN
afa6a8dab1fa8edad65e,3555522,TREND
819979df15b2a421b828,3555522,TREND
a145be33ea89c7c0acee,3555522,UNCERTAIN
869bf2779b4636606333,3555525,UNCERTAIN
0deb66773a0b0fdb7efe,3555525,UNCERTAIN
bb7d0ab22c584d24e7a6,3555525,REVERSION
00942ab516703c6b8ded,3555526,TREND
f72eed568bbd5c9f86d2,3555526,UNCERTAIN
2761d566603a65067c6f,3555526,REVERSION
41d2b0e69855c14012ea,3556015,TREND
483b6f5aaec392374beb,3556018,UNCERTAIN
57ca303aae7713efa6a4,3556018,UNCERTAIN
d63170c9e5d4e67c5bdc,3556018,REVERSION
18f2ff302c88c66869af,3556019,TREND
ef01356d7795826dfbc1,3556021,TREND
c725e299de63be39289f,3556021,REVERSION
cf0c6c7671415994445a,3556021,REVERSION
63ecb2232ef82371c2ac,3556023,UNCERTAIN
270002d94486a660a716,3556023,REVERSION
0f726099db548ad43fa9,3556023,UNCERTAIN
4fc250dc8a53db1ac5ef,3556047,UNCERTAIN
0791bedc1b8edfbbf500,3556050,REVERSION
984c8fd15c10fce6e98e,3556056,UNCERTAIN
68927a69fa0f4bcfadd9,3556056,UNCERTAIN
367bec76fa3081ceddc6,3556056,UNCERTAIN
0fae744e607f3d436d8d,3556057,REVERSION
f0d463aa79fd8b73a2df,3556057,UNCERTAIN
b6252421dec2d23ad2e7,3556057,UNCERTAIN
0b3cdd064febd313d674,3556059,UNCERTAIN
9b0760deec3db1c6b59a,3556059,UNCERTAIN
5e8042d6fa0452d2dad5,3556059,UNCERTAIN
9db6c6cfbb07a4580dfb,3556181,REVERSION
2060b8dab844e37f7184,3556182,UNCERTAIN
070c6f18c5bcbf8383e6,3556182,UNCERTAIN
2d053d8a48fec4f1db43,3556182,UNCERTAIN
b45ba75e009b52fee468,3556183,REVERSION
7bd649c61ba3bcb54773,3556188,REVERSION
7e89d29f651f1044c2c2,3556188,UNCERTAIN
9d7dfbb35b7d6a164d0f,3556188,REVERSION
a4fce60e512920532b72,3556192,REVERSION
d08709e442e6aab12736,3556192,REVERSION
222ed1d12eb004382f41,3556192,REVERSION
70df1e01441ad78f4341,3556264,TREND
58154e78ed343638f0d8,3556268,REVERSION
c9ffea8e4569cd770e35,3556269,UNCERTAIN
bbd75065ff735e7c3da2,3556269,REVERSION
f98a144eda0fd2959618,3556269,UNCERTAIN
e6af1a423b0437abe1de,3556271,TREND
daa4cb5504b521b4d700,3556271,UNCERTAIN
ed0bdf122bd348f0cb62,3556271,UNCERTAIN
51f5b132bcd71052cf84,3556273,UNCERTAIN
5e6d45e9b5853aa11d70,3556273,REVERSION
139efbf052e8224d2bf9,3556273,UNCERTAIN
ce8d1b3a072f32a03031,3556354,REVERSION
74b9e0d3694318703705,3556355,TREND
f203680699ee65c7d571,3556356,REVERSION
31c1f6255b7ca8e1dc70,3556356,REVERSION
1a2b8c41ca05b0f14a47,3556356,REVERSION
d75266797ec7126259d8,3556359,REVERSION
112b0ddb463992712edc,3556359,REVERSION
3b877c5ab6141d92b206,3556359,REVERSION
1a3505ef327fc361d846,3556367,TREND
522be1778ff5e7342146,3556367,TREND
dd26b26dbbb141fc1e74,3556367,TREND
13cc4113628497655123,3556386,UNCERTAIN
3cbc2af5c9479cfe908f,3556391,REVERSION
cc43f5ebe40e9aa3d6e5,3556394,UNCERTAIN
bc3d4ad937e7c5c56f85,3556394,UNCERTAIN
c8abbc5065e506a8ab94,3556394,UNCERTAIN
f2a6e07898e33592cc1c,3556395,UNCERTAIN
d3325829c09dd979d605,3556395,UNCERTAIN
7603d830bb806506820c,3556395,UNCERTAIN
de7542629469fd09dc2e,3556397,UNCERTAIN
74ac51fd7e53231b8927,3556397,UNCERTAIN
8c6a2969ff870f908d5a,3556397,UNCERTAIN
8b79bbbf25d3b7fd641c,3556589,TREND
5026e158a1fafe48f91e,3556590,TREND
65b61fa04b91dbc4b3d0,3556592,TREND
6c3d0085c9e7b97c920c,3556592,TREND
e64f7184761b50b3edd5,3556592,UNCERTAIN
f59f0ba37a621ceee877,3556594,UNCERTAIN
c2e6192a80432278a9e1,3556594,UNCERTAIN
081637b2d94a5c922b06,3556594,UNCERTAIN
8d5e082c1835d2f5b48d,3556599,TREND
be3e41f8960d98496db8,3556599,TREND
9e7fb346ec44552a35db,3556599,UNCERTAIN
0643c211ed4f292e6187,3556659,TREND
e218787902c89c3ae490,3556661,REVERSION
3163065974d67a153984,3556663,TREND
6c39cb0a12b017ec73e9,3556663,UNCERTAIN
ccc75ad4090cf992a9f3,3556663,UNCERTAIN
789cb62fee7f2ce37f21,3556666,REVERSION
90d0787d0877a5de490d,3556666,REVERSION
9d6ed3ab7d1c06abbaf5,3556666,UNCERTAIN
fb799190ce0636210ca7,3556668,TREND
07c93101f215b9275908,3556668,UNCERTAIN
fa18c30fb83f7f5c4e06,3556668,REVERSION
3c6d3b4e7a3c117d9a7b,3556754,TREND
06fb43bdf77589a67e78,3556755,TREND
6f9fb8319c06c583dedc,3556758,TREND
bdb952450b383d5a1e00,3556758,TREND
81ba514c24faf26b3326,3556758,TREND
cb0a71b0c0b6cd50843d,3556759,TREND
64d2bd8d1018bc9c4d59,3556759,UNCERTAIN
e7e5ff269e52bfae38a9,3556759,TREND
60556e728ff1191f7441,3556767,TREND
b8943a778839095cb0f2,3556767,REVERSION
7bd2ca07dad8d8b9a835,3556767,REVERSION
cd70bac2e27333eb2e70,3556790,TREND
d28ac803296fda38254d,3556796,TREND
d22abeef1f8d0584b1df,3556802,TREND
0566c9dffb3c88606676,3556802,TREND
17b4693a1f93c5a80092,3556802,TREND
889364570ae0aa21b24f,3556803,TREND
a852588b69fdca290dc6,3556803,TREND
245eb14710d8cb3accff,3556804,TREND
10e05f5d8159a7288939,3556804,TREND
5cbac51e56d65076688d,3556804,TREND
71e070043d4ccc8140df,3556869,TREND
dae99150978cce9318f8,3556870,UNCERTAIN
253898c9c3b2674bdf0e,3556870,TREND
88bead62515d095f2521,3556874,UNCERTAIN
f02b86e7b397eb667f52,3556874,REVERSION
7fe257a4b9359de2548c,3556874,UNCERTAIN
775681f3fc3508429331,3556879,TREND
4243c430da130e183e67,3556879,TREND
072278a4bc770e108ad9,3556880,TREND
67d7ed5e4a1d8a63c922,3556880,TREND
c702bdb5da0a01d18652,3556880,TREND
0420dbe1c0220b619927,3556944,UNCERTAIN
bb5b3c54a615c4a79e30,3556944,UNCERTAIN
1e508ea246083e656c4f,3556947,UNCERTAIN
75dced5df91ef513a4a5,3556947,UNCERTAIN
b1a258f0148668dee42d,3556947,REVERSION
ab66aca1e82b2a67917b,3556950,UNCERTAIN
52c71d265c2b86df6d64,3556950,UNCERTAIN
93a64b178612f49e28d9,3556950,UNCERTAIN
703c51d6bb978eb8c310,3556951,TREND
f5ca694c205424d4164a,3556951,TREND
5dcae199dd29754304de,3556951,TREND
d54040f06690699faf5a,3556954,REVERSION
92e76705de64718380f4,3556954,REVERSION
4cd1b3095585a40c5ef6,3556954,REVERSION
04c5eacc36889d524a58,3557328,TREND
6e1c1dfbbbbfb8ac5e1d,3557329,TREND
cce8230bd5aa0fee7c59,3557329,TREND
e0cc8ad65bc11d1263f1,3557335,UNCERTAIN
431a75ef07863cea73bb,3557335,UNCERTAIN
fb2c246eb71cf6435438,3557335,UNCERTAIN
f404ea8f132939e2fc38,3557336,UNCERTAIN
2080db4557ae26707e8a,3557336,UNCERTAIN
7105ebd0dfece5362908,3557336,UNCERTAIN
f51efb4479fd5d876933,3557346,UNCERTAIN
a16c25a8f7beee6c0342,3557346,UNCERTAIN
049170e540c4a32fb6da,3557346,UNCERTAIN
9482ed28140536bb0165,3557376,REVERSION
419fb37e165fa0a96b1d,3557376,REVERSION
76c921df6932d8b6b016,3557382,TREND
6e82453b6c0177721990,3557382,TREND
8e1a16e2d5ecc4691dd2,3557382,UNCERTAIN
a7ad18506451c0b84e19,3557385,TREND
528cc933cfbe512b7105,3557385,UNCERTAIN
288c3bb5cc3a2cfd7306,3557385,UNCERTAIN
6469a34e1954b11fd0b2,3557387,UNCERTAIN
925c8d488cf0d5fe864e,3557387,REVERSION
d41f9ac67c307865895a,3557387,REVERSION
a7877a125ead8e64cec2,3557388,UNCERTAIN
38443cf509735a6e91d7,3557388,UNCERTAIN
3dff4f5c76c21ecfefc8,3557388,UNCERTAIN
19cff7f7ddd4943a3fcf,3557661,REVERSION
251128794408ad431204,3557661,REVERSION
791a722bc9d4f346b7a1,3557662,REVERSION
104cfea8cb610b154c6c,3557662,UNCERTAIN
6e3c7b2923b59ecc6ece,3557670,UNCERTAIN
6faba7abae74491526cf,3557670,UNCERTAIN
a6f38da253b8d675fc03,3557670,UNCERTAIN
4d60ae3469dc69eed14c,3557674,UNCERTAIN
730e1bd04b2adb6e5eff,3557674,UNCERTAIN
b595faec4a704dd97955,3557674,UNCERTAIN
a8fc6ee274b552001321,3557675,REVERSION
b919fe9513279d78259b,3557675,UNCERTAIN
3c4793c421760beb6dc9,3557675,UNCERTAIN
fd03b88d138559437b87,3557957,UNCERTAIN
d0597f3e1e5fc5950b9d,3557957,UNCERTAIN
5bee107c7c71dde8118c,3557959,UNCERTAIN
6174bdfd7f03331b5541,3557959,UNCERTAIN
14f3aa7ed8779525029b,3557960,TREND
7550c9b68efaa5ae4b7e,3557960,TREND
6720ccf22c155e42ea63,3557960,TREND
69cad90c404c2cbf1953,3557962,UNCERTAIN
e96f15ffb3dee009592e,3557962,UNCERTAIN
32b9dbe4c86f617c8054,3557962,UNCERTAIN
23c3f61590ccd81fb28f,3557966,UNCERTAIN
33f32daaf917b5c3dbf7,3557966,UNCERTAIN
1490e77d3fdc0c269982,3557966,TREND
7caf9d91964585b21dfe,3558429,TREND
6213cc6180df60eb297c,3558429,UNCERTAIN
9419e0fd26ef074a921e,3558429,UNCERTAIN
bbce98370a6a84a00435,3558430,UNCERTAIN
2a02f8147c005c0ae3c1,3558432,TREND
d31cd79f923e5417bf7f,3558432,REVERSION
fba481c15db4ae5fa7cb,3558432,REVERSION
d98439775482d52c9156,3558434,REVERSION
773d0425137a3bf98626,3558434,UNCERTAIN
90b91f7779276e3f9e68,3558434,REVERSION
05ee84ff403f88612a25,3558435,UNCERTAIN
5e978e4702d035657106,3558435,UNCERTAIN
ec6c37709bce75997c28,3558435,REVERSION
5d84eed95d18ce9e9498,3558465,UNCERTAIN
83b6902da041770d1461,3558468,UNCERTAIN
2ace525224ac836abb00,3558469,UNCERTAIN
8bb3b157be12f8e74a71,3558469,UNCERTAIN
bf5229f92cc1f39764e6,3558469,UNCERTAIN
8e0ffc43ba4c032036f6,3558470,UNCERTAIN
cce0e3361907d4197c51,3558470,UNCERTAIN
5bd0f8d24ffbe0f6156a,3558470,UNCERTAIN
baec12d05af0cc56cf50,3558474,UNCERTAIN
f557f1c36c57b412c43c,3558474,UNCERTAIN
3fec513124df2b117d0c,3558474,UNCERTAIN
a110fa8ee8f0a36d50f7,3558543,UNCERTAIN
5cb35f693666938e51de,3558547,UNCERTAIN
5978844d1dd17ba54c33,3558551,REVERSION
d879736bca167557a303,3558551,REVERSION
b4fd119461a205786a30,3558551,REVERSION
63cc622e65cee353bb14,3558552,UNCERTAIN
f22c670ddf7f24db6ad7,3558552,REVERSION
5a9ca189121b2f9f5f25,3558552,REVERSION
86fee66229150af55e72,3558554,TREND
b2c21538f14144cdb23a,3558554,REVERSION
94bbffa718920e4947c8,3558554,REVERSION
afeb6e4c0bde6f9d4aa8,3558711,TREND
68aeac4040b1d0890a5b,3558714,REVERSION
95a18a7c802e454385d0,3558721,UNCERTAIN
c7be5ce1107573fb5627,3558721,UNCERTAIN
dd8b0d009027929937a1,3558721,UNCERTAIN
f9e3b094cf2d65867cb2,3558725,UNCERTAIN
efdf9fa6f12afa4aa877,3558725,REVERSION
139e638669094c8271b3,3558725,REVERSION
5e71ec93a1bb04ae002d,3558726,TREND
fe7028d68439563df5b5,3558726,TREND
e77b1822594f394a466e,3558726,UNCERTAIN
a33ace54b0fa1de83174,3558996,TREND
32b9156ceee725061d36,3559000,TREND
025c751686fc6cb911a9,3559000,TREND
095b7beb8b967afdd9b3,3559001,UNCERTAIN
103a3c2635b7f5b2604d,3559001,UNCERTAIN
300204cb74570a7c3168,3559006,UNCERTAIN
c980434e54e5876cb917,3559006,UNCERTAIN
91a37b2be0227899460e,3559009,TREND
57b0b130ebe9766079e5,3559009,TREND
77d61f2ca1eb3990a93e,3559211,TREND
d9814249aa418ed6f88c,3559212,TREND
7114f165d24362e12f0d,3559212,TREND
8f71c9d45dc574bfa054,3559214,TREND
b5bb9dfeab47cb8efb02,3559214,TREND
ac6f26473bcd8da45483,3559214,TREND
dbce819638d94eb2c599,3559219,TREND
374cb193f95c61b65008,3559219,UNCERTAIN
f61142fda51b551b779b,3559219,REVERSION
987ec696802f354aaaf6,3559223,TREND
06b2392e074256fa62ea,3559223,TREND
7999b2bbc786b4b6fe6f,3559223,TREND
2fd919753e21f2db30c2,3559292,TREND
ca7efed9b074fea20c77,3559293,TREND
0da29cee13c12a9d9708,3559293,REVERSION
72d6099e1ddc11de0e0e,3559294,TREND
e2c525342632e4791f26,3559294,UNCERTAIN
fc33115b6d6265eb02f9,3559294,REVERSION
49c0b7ae4a7f3e3f4b91,3559298,TREND
df92aaf5f8dce27bccec,3559298,REVERSION
211ad06cf88d98c4909e,3559298,UNCERTAIN
ab197a8257a060acf531,3559300,TREND
bf6924f547f0c4ccc307,3559300,REVERSION
7181d6483c44b7a9df4e,3559300,UNCERTAIN
4ef0a14a4f20f2c3825e,3560648,REVERSION
458f1b55ff47c567102d,3560652,UNCERTAIN
cd4c0aaae086c618b309,3560653,UNCERTAIN
2c2b38bcc2385453f955,3560653,REVERSION
d1064a9f48a083a79171,3560653,REVERSION
1f5c8832e6c44400de3c,3560657,UNCERTAIN
f17cf15b09f0591040f6,3560657,REVERSION
23553c2a9e0746a6afb1,3560657,REVERSION
bb1dcfbb1d9333ac7ebe,3560659,UNCERTAIN
6522169f747935fb2b39,3560659,UNCERTAIN
b9d25c33383298f43829,3560659,UNCERTAIN
f011b9daf82579cd20ec,3560822,UNCERTAIN
6db03ee24a9d3f5c5f88,3560823,TREND
519b8d857a2a1fa34ac7,3560826,UNCERTAIN
56c01255f34edf956b31,3560826,UNCERTAIN
e2928169cc6cf5e1397b,3560826,UNCERTAIN
f27f293bcb9f2433d5b9,3560827,UNCERTAIN
2bd6dc1378bf5b5fd205,3560827,TREND
2006d73d817f6ca7d536,3560827,UNCERTAIN
43a7fb6652732ba3f04e,3560832,TREND
ab778df1028e529bf03f,3560832,TREND
781b742ea2150ef1fc87,3560832,TREND
8ef842d44afd96aa998b,3560900,TREND
03882f4149c479d3cf9d,3560906,UNCERTAIN
734e27349a22f90d4e87,3560906,TREND
7e5b50bb36a972dc6811,3560908,REVERSION
2297616a45071718943b,3560908,UNCERTAIN
4b2863be567ce55395a0,3560908,UNCERTAIN
d2150145822faad2eae1,3560910,TREND
876ddda4bbc4db5af2f1,3560910,UNCERTAIN
f138dd923f1c7434c954,3560910,TREND
15640ee82ebe25d2871a,3560913,REVERSION
8d2a6cc85368538315c5,3560913,REVERSION
9e300a7c6cde258ee895,3560913,UNCERTAIN
2a39a74dc5c20023338f,3561020,TREND
0db4d51bc316bb026c83,3561021,TREND
476a154fd2b8c914889b,3561022,UNCERTAIN
c272c6fa014c61e3c0c4,3561022,REVERSION
f85349b423523b4f9928,3561022,UNCERTAIN
e512aa9c07ed3d233cb8,3561029,TREND
7c591fc8785faf217b31,3561029,TREND
a55292de468e51cd59a3,3561030,TREND
b4aa4615fa0b61cd40bd,3561030,TREND
72f0eb240feffd671122,3561030,TREND
391863ef2d5727067381,3561218,UNCERTAIN
28cd3e107271ad6e7ef1,3561218,UNCERTAIN
73eac20f506bc87c9fab,3561220,TREND
d4ea25d828c1cd63c985,3561220,UNCERTAIN
7615ef582f843ff9ca68,3561221,REVERSION
4ab2dac55701be384256,3561221,REVERSION
ff169f32587c317750bc,3561221,UNCERTAIN
f9fa79f70d0f367f75fb,3561223,REVERSION
6a2764fa7e8eaf77d2fd,3561223,REVERSION
96fa7535868eba515f25,3561223,REVERSION
1b2653502b7de5a5c8f2,3561226,TREND
b963a8398b8e29bfa4b2,3561226,UNCERTAIN
5ad515bd625480f6881e,3561226,UNCERTAIN
bed79fc08ced7b50062e,3561265,UNCERTAIN
4453db412e4c9e8a6dbe,3561265,REVERSION
b65025f8d9c765758455,3561272,REVERSION
9d9d2113f58956830784,3561272,UNCERTAIN
977e42303b4d04168089,3561281,REVERSION
e9bb4c7492687455f49b,3561281,REVERSION
f05518bfd3c35d6ae62b,3561281,REVERSION
ecc007cc1cf828effd45,3561287,UNCERTAIN
ac6cc5affd1048917f8f,3561287,UNCERTAIN
b20428a3b8a5d03657e5,3561287,UNCERTAIN
0b452c3417b7621f9ce0,3561288,UNCERTAIN
9514a9680eeb686a9314,3561288,REVERSION
94ba4048bb433c468b61,3561288,REVERSION
bbc425b886701cc1a5ed,3561354,UNCERTAIN
4800ff903c63bb84bba0,3561354,UNCERTAIN
5333d34a64920be9d121,3561355,REVERSION
84a84777e1f0f06a899e,3561355,UNCERTAIN
e5ba527f8ca09e45d72b,3561363,UNCERTAIN
0e091671f4c4ebaa30bc,3561363,UNCERTAIN
279b074a3b89c19e9457,3561363,UNCERTAIN
e90da487f0e2d994aa72,3561364,UNCERTAIN
9cf957dce0abb862518c,3561364,UNCERTAIN
90d769c4c225c142a0d5,3561364,UNCERTAIN
ce8363fef146879cf0e2,3561365,TREND
df3758696cd0f2357cb9,3561365,UNCERTAIN
16977e8736fe85cd0721,3561365,UNCERTAIN
f548538920faa44da87d,3561403,REVERSION
c6d4cfb1a80968b67d01,3561409,REVERSION
c56b37f1f322b20763e7,3561413,TREND
6687110ae94e1ea24f54,3561413,UNCERTAIN
f1157b1cb38e0108114d,3561413,UNCERTAIN
02d065c89438291ac248,3561414,UNCERTAIN
ef973d9d18636dfff38d,3561414,UNCERTAIN
d95996760af557799f3f,3561414,UNCERTAIN
f7eff6dbe507b41c2dfe,3561416,UNCERTAIN
1674c1e66fda8583abc1,3561416,UNCERTAIN
ed1f720f8d934268c8b8,3561416,UNCERTAIN
35fe98ba41f464e5f6ba,3561570,TREND
923763959894901a5483,3561573,TREND
e8ca6f6ed6400b5dbf31,3561574,TREND
544a709af0065bb1aad3,3561574,TREND
64ea9b016f945158f716,3561574,TREND
5b0e40cb489ae967e595,3561578,TREND
03135d5b9e1e8c821176,3561578,TREND
59fa392c05821ed876e3,3561578,TREND
a3986d835a1df2c6a703,3561581,TREND
9d6eaa86935cfcbc5593,3561581,TREND
e80d647170832402461d,3561581,TREND
a8958e730d641ae2e379,3561774,UNCERTAIN
bb2863c420b5ea41c3ee,3561777,TREND
4b5651967890a2525e55,3561783,TREND
841a98d3f93515356bd1,3561783,TREND
81aec6032d85e456246e,3561783,TREND
e069da614ddaa191ca73,3561785,TREND
a23f83a36eb5d18f46c1,3561785,TREND
e01381dc51dc45ffffa5,3561785,TREND
4c991f6ac76b128df2b5,3561786,TREND
9e562dca7a06d8190bf7,3561786,TREND
694d3c05e1e48be8fcbd,3561786,TREND
5af2e347c3d662899667,3561937,REVERSION
45dcaac79f9630f1e2cb,3561940,UNCERTAIN
d1ab792216787a071af8,3561947,TREND
ebd833c249079e5373fc,3561947,UNCERTAIN
da77aaba20e6662ad520,3561947,UNCERTAIN
86ce2df1c8eaeb79f80a,3561948,UNCERTAIN
e46bc9f3180c29985b38,3561948,UNCERTAIN
6eb8ba0b99e8c6c27bc7,3561948,TREND
9ecd0db1f49ed162837c,3561952,TREND
1c1c2ce06ad9f8efbd25,3561952,UNCERTAIN
7d25695b73748135bd5f,3561952,UNCERTAIN
668d8a53243242fd6b1a,3562043,TREND
807b4271ec4c85491d9b,3562046,REVERSION
f5a16823b2433525d644,3562047,TREND
0cb53b3f9a0085a1ff12,3562047,UNCERTAIN
ff6abb9c63c5727422ac,3562047,UNCERTAIN
4ca76676861939658323,3562053,UNCERTAIN
bb34f16d8f9f9110ce67,3562053,UNCERTAIN
5a028e95b8487fcd413b,3562053,UNCERTAIN
e081c6293ea7a26a0003,3562056,TREND
d555d234f76573e35c1d,3562056,TREND
2b1135d98ae884f9fa1f,3562056,TREND
c90588d6fd3a109ad35d,3562384,TREND
49b07a4f13bf3846427d,3562386,TREND
fb372a8cf0a10ad27df4,3562387,TREND
d46e89b92cd5ac644b23,3562387,TREND
88ac40918a7639df0fd6,3562387,TREND
bc276686b25c6609939b,3562390,TREND
23a588fb896d3921b973,3562390,UNCERTAIN
45eb5f52f6bf9a17a69f,3562390,UNCERTAIN
64d8e911bfe2b5469e00,3562394,UNCERTAIN
201c1e7f3895ecf697b1,3562394,UNCERTAIN
b9b82534d3ccdee0916b,3562394,TREND
a8a73e0d7abca0d47bd2,3562469,UNCERTAIN
682d58e3dda2b3b76b53,3562475,UNCERTAIN
d6c3cb9f76c5a43a6204,3562478,REVERSION
1fd6acd5c15c08d711e3,3562478,REVERSION
55fac70068cbbc2442d3,3562478,REVERSION
384f77f0e3477fb1a0c9,3562479,UNCERTAIN
1a4e6874756f6c66119b,3562479,UNCERTAIN
602c0b06eb37d49153ca,3562479,UNCERTAIN
59bfc76347c2e1fa39fc,3562482,REVERSION
6994b472253232da23db,3562482,UNCERTAIN
4b70d849b16d7d45a79e,3562482,REVERSION
d32539830040292e6399,3562513,TREND
609cc9036368c35e6f0b,3562514,TREND
7dadd7e0eb0aebcb40df,3562516,TREND
719efb04064fe01cc013,3562516,UNCERTAIN
dc63c5de246001123581,3562516,UNCERTAIN
6835688128ecc356b2e6,3562523,TREND
5122b9aeafe622386ab6,3562523,UNCERTAIN
d53c7d11e516d97d0ce7,3562523,UNCERTAIN
45ceeb7860d36499f30d,3562524,UNCERTAIN
0e9724260661c592b2eb,3562524,UNCERTAIN
609e00f4d6e3cf80b309,3562524,UNCERTAIN
bb6c07fcc391c3d3b7f0,3562687,TREND
2c2446cb6dee9d3348bc,3562694,UNCERTAIN
551a01672b4ac5000e71,3562694,UNCERTAIN
594a82dd1bcab542b491,3562696,UNCERTAIN
635b2fcab24932ae4e0d,3562696,REVERSION
17d357fea44dc845f1f6,3562696,REVERSION
a8e5406d154090ff8eb8,3562699,UNCERTAIN
9038bf0c96629cfa9cb3,3562699,UNCERTAIN
34b8d810b8cbca15f648,3562699,UNCERTAIN
7a1d4e1de5d55bbb72d2,3562702,UNCERTAIN
82d6588631ae650eda55,3562702,UNCERTAIN
4f8389685f6db5016e32,3562702,UNCERTAIN
702ab6690ca918219564,3562781,UNCERTAIN
82efbc7d7b4ad910bb92,3562784,UNCERTAIN
bcb0bfb4f144ccb7c2c9,3562784,REVERSION
928965dd6872a26cd6b3,3562786,UNCERTAIN
a9543699dff94da554cf,3562786,UNCERTAIN
2272ff51e8f7c00e90d3,3562786,UNCERTAIN
6dd2f31697b4bbc60b0e,3562788,TREND
45f34022115f89017119,3562788,UNCERTAIN
09c9767ae42bcbe8d6eb,3562788,UNCERTAIN
460b6e982543bde3f384,3562790,TREND
ff292f10caec10d84082,3562790,UNCERTAIN
33e94339544067db3948,3562790,REVERSION
21d223dabbcd8e5930b3,3563183,TREND
a74a27f5cf87d54b5b55,3563187,UNCERTAIN
21991c9b5af7a3663070,3563187,UNCERTAIN
75f8c94a25124873032a,3563191,TREND
94fde32724b64c014ec1,3563191,UNCERTAIN
70e0f3c1bdf4b1694e7f,3563191,UNCERTAIN
c0f51bbbfaf4b2ec9f1e,3563193,UNCERTAIN
5d06870ffc09f3c3d2c7,3563193,UNCERTAIN
4cd6ba852a31655cb256,3563193,UNCERTAIN
6e03754b436960e71ce7,3563197,TREND
c336d25f3dad5daf66c3,3563197,REVERSION
582b29cc8366b02f80d3,3563197,REVERSION
e0e442631587b938c20f,3563298,UNCERTAIN
4dcf318905bc5b074cde,3563300,UNCERTAIN
bfa6971074e77f1c1618,3563303,TREND
f4b3a6cdbf57adfb15e2,3563303,UNCERTAIN
eb9115c5c2e2315dee2c,3563303,REVERSION
24f682989eb8de7895e3,3563306,UNCERTAIN
b1f6b873ef5aac723ec8,3563306,UNCERTAIN
811e2cfaf6737b2cd0d1,3563306,UNCERTAIN
c5b86555c7bddd52ef64,3563307,TREND
3c8a50a3e5fe52656e0c,3563307,UNCERTAIN
07ad9543cc80989164ac,3563307,UNCERTAIN
89befcc78f8178f32d70,3563545,TREND
5d62626253719bde64bf,3563548,UNCERTAIN
3cdd7784698481856b34,3563549,REVERSION
f03b4afefa89398e8fd4,3563549,REVERSION
1b495bc7df0c8748fa7c,3563549,REVERSION
54a1f2da07aab2480437,3563551,UNCERTAIN
f065702fef897bc32900,3563551,UNCERTAIN
0dcccf1a9e4f98eb9dda,3563551,UNCERTAIN
a44bd71897c0e3522cc7,3563557,REVERSION
06067bb17aad3aeaad1e,3563557,REVERSION
a2ae3fe49d91d2f08a87,3563557,UNCERTAIN
e67fa25363addf1cab28,3564497,REVERSION
c47ad0b329582b7d2829,3564505,REVERSION
629026d05cc6c09b5b20,3564506,REVERSION
7e2445594006f1d4e6a3,3564508,REVERSION
a82e44cbe80a7583a7db,3564511,REVERSION
5c5c2d832c54d161577d,3564668,UNCERTAIN
3f02469700336974c8a2,3564668,UNCERTAIN
cc96c262c75b9b97d5d1,3564668,UNCERTAIN
cf10db448d8fcf79055b,3564669,UNCERTAIN
6dd07e91e00974903c85,3564669,UNCERTAIN
41dd69b4ed9b3f87ab1f,3564669,UNCERTAIN
ee5c510d91875a8cbf2c,3564677,UNCERTAIN
987082946c97c99416a4,3564677,UNCERTAIN
3768a0066c48c5fe1a4e,3564677,UNCERTAIN
9fd34b5a46b72c7aec3a,3564678,UNCERTAIN
a7d117e4c6a3e526ee45,3564678,UNCERTAIN
cc320832da9c32c3a319,3564678,UNCERTAIN
fcd298f017d20dd4fb03,3564679,UNCERTAIN
978b586d4e0ad6d3940e,3564679,UNCERTAIN
5be131e1c26c1aae18f2,3564679,UNCERTAIN
88e018a81062708e68de,3564753,UNCERTAIN
266aa8e16d10f7a5cd08,3564753,UNCERTAIN
8fd4d4703423cacd9bd5,3564753,UNCERTAIN
c96be2d818367cc8e74d,3564759,REVERSION
d9ade5eafacdea4761d1,3564759,REVERSION
a0a22b9ec5a1660c0689,3564759,REVERSION
8e4a2b6911b7e285dcf0,3564761,UNCERTAIN
f5c627d1d9788568a522,3564761,REVERSION
b83d14df252ee704f928,3564761,REVERSION
e3f6e6952fe2446661b9,3564762,UNCERTAIN
e3bcc66d21b0549a2f02,3564762,UNCERTAIN
02de90469d1a85f965f4,3564762,UNCERTAIN
3328ed0fb6f1da029ca4,3564768,UNCERTAIN
cbfc4b5287fe9495989e,3564768,REVERSION
0c78ee66cafafb987c35,3564768,UNCERTAIN
b0b3d66901e1ba436aa3,3564828,REVERSION
00b17473649ade1a3fd9,3564828,REVERSION
d45a58bd5880ac2468df,3564828,REVERSION
61d428b5330073d1827b,3564835,REVERSION
2961399fbbb9ea4f61d1,3564835,REVERSION
ac3db4350e636d54a794,3564835,REVERSION
26ee230d1b1605b41f07,3564837,REVERSION
6100a68cc70d9f1c2478,3564837,REVERSION
4b3218fde9107efd773f,3564837,REVERSION
93ad5ea8ee61f6d6ffaa,3564841,REVERSION
61ca25dddc62d22f7670,3564841,REVERSION
4614922d61ddd412a3e8,3564841,REVERSION
7afe0ac9f28fca61c6c3,3564843,REVERSION
0de19a0227de9ba386af,3564843,REVERSION
503715034971af4c8223,3564843,REVERSION
55466b71c684fdc2ac81,3564936,REVERSION
78efeff245063a5a65dc,3564936,UNCERTAIN
93b153bbdad034bad913,3564936,UNCERTAIN
c24484fe1ebdaf49805f,3564938,REVERSION
74b63a80ce705a74ad90,3564938,REVERSION
b7a1cd1f73b65529badd,3564938,UNCERTAIN
bdf5f67f7a7438c7c27e,3564941,REVERSION
f88d36185d3b99979c43,3564941,REVERSION
826e5313522d24bae5d9,3564941,UNCERTAIN
fa5f87467567d388c757,3564942,REVERSION
86920933d10124748a7f,3564942,UNCERTAIN
23beef8d3a74073baefb,3564942,UNCERTAIN
fe1b05c034c69c847ca5,3564944,REVERSION
8af5e2ba6a59cafcac5c,3564944,UNCERTAIN
36062d814520b3d11d21,3564944,UNCERTAIN
cf8a850507d61542dfdd,3565087,UNCERTAIN
e9877fdf34148e6ab294,3565087,REVERSION
d6883528c514c6980d45,3565087,REVERSION
bc99b8663325860e6661,3565093,UNCERTAIN
a941695dea50b82ad016,3565093,UNCERTAIN
4eafb1ff9e6e3799aa4f,3565093,REVERSION
ec952acfc01de135727d,3565094,UNCERTAIN
9e84906fbabc0ef14436,3565094,UNCERTAIN
d66cb33c60f07c9b4b74,3565094,UNCERTAIN
d0ae63f373e9937d505e,3565096,UNCERTAIN
300f52d3055159789609,3565096,UNCERTAIN
29c6dd920d18dae9823d,3565096,UNCERTAIN
52176f4e4fd7fdd528de,3565098,UNCERTAIN
8d825eede1301034d275,3565098,UNCERTAIN
13802301e02f5a377189,3565098,REVERSION
82e583ee3eb5c2c295f7,3565184,REVERSION
fc383754ade911985de5,3565184,REVERSION
8348a8d7d2ee81dcc70d,3565184,REVERSION
5cfde2b5ffe6926e216b,3565185,REVERSION
2b19732e35fd399022d4,3565185,REVERSION
11a00dadd20376cb21bc,3565185,REVERSION
6771e30956b82405c349,3565191,REVERSION
99b1b8ef7949c38b1fa0,3565191,REVERSION
029628a3a4757c5bd079,3565191,REVERSION
e5dd84b7bb201c88aead,3565193,REVERSION
afd5a94f2cd062a5be2d,3565193,UNCERTAIN
c8b7f1d7664af077404b,3565193,UNCERTAIN
2ff04158da65d5009828,3565197,REVERSION
a7f5d054b10f8ce92cb8,3565197,REVERSION
ef4c2cb757e664193459,3565197,REVERSION
fcd993c4940a9b06fcd4,3565229,REVERSION
1d329de42cbff1f9f7b9,3565229,UNCERTAIN
40dd5c59d054c7c29b54,3565229,UNCERTAIN
9bf463023117519a8500,3565233,REVERSION
a3f1b7318edba92fb11e,3565233,TREND
cf42d60de237ef50c5a6,3565233,TREND
98a1f2a05dd4a8d6250a,3565236,TREND
56dcf17091c5f46a8487,3565236,TREND
074ab8d2d02033c33ee9,3565239,TREND
febdbd96e3f9d446e58f,3565239,TREND
9168b601b5400d420ac0,3565239,TREND
7114ae81a2a72a0bd2f7,3565241,REVERSION
739e1814fd6b9bc1c014,3565241,UNCERTAIN
b7ed3534a2300016b56c,3565241,UNCERTAIN
01ccb1ce0182279297cd,3565277,TREND
60d071721ff0ff9dd68e,3565277,TREND
b3874864c4d86e843226,3565277,TREND
03a0ec8cbcb16c0265c9,3565278,REVERSION
72e23a3c269f27bcbd38,3565278,UNCERTAIN
54d91b846a73a2f2e1bf,3565286,UNCERTAIN
2f5606730be95f9e6986,3565286,UNCERTAIN
e29964b7ae6a6fd02cea,3565286,UNCERTAIN
d47186b6a8bd85ae33d5,3565287,UNCERTAIN
7871fe79573fa0573416,3565287,UNCERTAIN
a1c8abe8c89cef9b562d,3565287,UNCERTAIN
4708b1466d19e0557660,3565290,REVERSION
8af725e64aecf2645008,3565290,REVERSION
1700f8b54eb29ee7338f,3565354,REVERSION
f23519750e54f5655c67,3565354,REVERSION
1020cbfdd556c7ec6d78,3565354,REVERSION
3e46d5dc0ef6ee7701b2,3565356,UNCERTAIN
1d8e39f8b2b670be87fe,3565356,UNCERTAIN
010454fcf4d888efe3bf,3565356,UNCERTAIN
bb4db4d44708b10443e5,3565359,UNCERTAIN
eab2a1c974047cd742cf,3565359,UNCERTAIN
2c3fbf1104aab214f2b5,3565359,UNCERTAIN
2df6b77c1eb9af3d7ca3,3565364,TREND
16899ec90582f2a62fc0,3565364,UNCERTAIN
f8560034c7b4d5a27c47,3565364,UNCERTAIN
994fbf6bce345c85ca7b,3565365,UNCERTAIN
f9e44c39c50d51539acc,3565365,UNCERTAIN
af210e46b31d098445ca,3565365,UNCERTAIN
48bbbbb98846ede5b9be,3565515,UNCERTAIN
4a1cd534436ebc498338,3565515,UNCERTAIN
3b6fafbe2cb1c4f84a46,3565515,UNCERTAIN
8a3eee655abd49ca3724,3565519,REVERSION
b72bcbd0db0856b5f0b7,3565519,REVERSION
9f04e9c983dcccfb2b46,3565519,UNCERTAIN
151f09ab65a83d56d992,3565520,UNCERTAIN
be939473835a8a74e6c4,3565520,UNCERTAIN
e9aeb2881c5a646779dc,3565520,UNCERTAIN
d1782022883c312cc0bb,3565522,UNCERTAIN
992942b34a0f1805cbac,3565522,UNCERTAIN
b4d4f5f192a3eac96eca,3565522,UNCERTAIN
2ed0c7c465c5bc2cef98,3565523,REVERSION
4221683e2a0b04cf1ca8,3565523,UNCERTAIN
562c15b3a2beced69b80,3565523,REVERSION
983d567751d6049bd19d,3565586,TREND
dbbec5e492b8d791497a,3565586,UNCERTAIN
6207f76777f4dc149def,3565590,UNCERTAIN
c4170bff50777b185b75,3565590,UNCERTAIN
0fe4fbf59ddc6d6cae80,3565591,TREND
d553cdfccb4cb41b3449,3565591,UNCERTAIN
e2f58db904bb943d86ea,3565592,UNCERTAIN
0fab31a95cf79d649d1b,3565592,TREND
103b2d667a9600bf29a3,3565596,TREND
f9f7fdd63d9557bc8027,3565596,UNCERTAIN
058aa77aae8b4774333f,3565639,UNCERTAIN
0b96573e7b3dd1532ab4,3565640,UNCERTAIN
f3bccecaaf5f806da56d,3565641,UNCERTAIN
473b74452dc95a05021c,3565644,UNCERTAIN
21f6ac38078b4d69171a,3565644,UNCERTAIN
c6c6a7d63c297894971b,3565651,REVERSION
492338d1cb073cf22d5b,3565651,REVERSION
84ee923350a98bf41625,3565651,REVERSION
753e299ad397f9f381f0,3565951,UNCERTAIN
d04f5a1ad76c3e08f3d1,3565954,TREND
862a67447bfed494f3ff,3565955,TREND
0fa4ebfd65365d1cb34c,3565956,TREND
20f3cce3023bbab722c1,3565958,UNCERTAIN
b680f8adf82139ccad80,3565958,UNCERTAIN
4039542f602ee8d8dcba,3565958,UNCERTAIN
11eda4dbbf294981a066,3566070,REVERSION
073672321290084b61c1,3566071,REVERSION
70564bd0e814f4da3796,3566075,TREND
414d98ef4c88779b0a63,3566077,TREND
14977f8a461f43be4ccf,3566079,TREND
6912532d681590725445,3566079,UNCERTAIN
08eecd02984ff43763cd,3566079,REVERSION
694a7114d640f03f2bcc,3566213,UNCERTAIN
5b40be5c99f9041d0d26,3566215,UNCERTAIN
3f899c5e14b764effa33,3566218,TREND
73735784475b1532da19,3566221,TREND
9aa29b2a5a18d4dd290f,3566228,REVERSION
4d6690fbbc337f42cfee,3566228,REVERSION
f5910063449d276bb2ab,3566228,UNCERTAIN
1a6acb2663c2520922bc,3566333,REVERSION
cacebb728e54d4a9d877,3566334,UNCERTAIN
a12b5a28e3b1f8d41bc7,3566337,REVERSION
b8620f1c10583775851e,3566338,REVERSION
7ad542c11d283cf7af15,3566338,UNCERTAIN
9109700129309faf2534,3566341,REVERSION
7f4ec4eaa2f06b459f24,3566341,REVERSION
1c01bf32350a78da81a1,3566341,REVERSION
4c980cf0659ee3e0d363,3566642,UNCERTAIN
0671d9cb01f356d8c964,3566656,UNCERTAIN
fde7f8f957b9c083a168,3566664,REVERSION
5b8eedf7d88ec013edee,3566665,TREND
16ac50298f6008c05fab,3566665,UNCERTAIN
4edb0a88f7f4c5403fa6,3566665,UNCERTAIN
ae48a673d0cc591c45c1,3566668,UNCERTAIN
d96ba5845dc3d3dd66df,3566668,UNCERTAIN
2faa602678454f4cc2c4,3566668,UNCERTAIN
8f1bffec6f725322fbe0,3567183,REVERSION
2b52836811a78f1c7f4c,3567188,UNCERTAIN
7447fc0654a0352dba65,3567188,UNCERTAIN
97fd965ecc1c44c751b2,3567188,UNCERTAIN
ccdbfd85b541d2c37851,3567190,UNCERTAIN
b0f7fd7de220aa48f5c0,3567190,UNCERTAIN
efa9c21a1ac4a3bc99c1,3567190,UNCERTAIN
973e9805fd622978cdc9,3567194,REVERSION
e20fe321752ae78be4ca,3567194,REVERSION
203fdacc4510f3dfb9d2,3567194,REVERSION
37874ec422dc9f7db02d,3567195,REVERSION
dc14099887c14452b096,3567195,REVERSION
51f859e05490a5a44a5e,3567195,UNCERTAIN
6bad947054f89f10e2c4,3567556,TREND
265550783667037ec8b2,3567556,TREND
fa0c82923cc743732a63,3567557,REVERSION
7a849d0065a10c1646a3,3567557,REVERSION
eeaa1b0ba1d20f22bf2c,3567557,UNCERTAIN
51c382a41ee87e5959fa,3567560,UNCERTAIN
0860adab070591fe1755,3567560,UNCERTAIN
25888f77ca4ca2bd7c6e,3567560,UNCERTAIN
2cc287a992ae0a6eb2f6,3567561,REVERSION
29c2a7f85079e7d7fd50,3567561,REVERSION
7a8dc32f6892f1894789,3567561,REVERSION
6873b3f68cfcb620ccad,3567566,TREND
9585dee29dde7db3c650,3567566,TREND
452167b155ff6df4342c,3567566,TREND
856635fd39fa5de57142,3568219,TREND
d8e47f2237b90fbadc4f,3568221,TREND
95953284453c2a376407,3568227,UNCERTAIN
963163729c6f60932852,3568230,UNCERTAIN
4fb83450182f2629d27c,3568230,UNCERTAIN
251005491395f9ffcd92,3568231,REVERSION
7dfd11331d07aed1da87,3568231,REVERSION
c754632703358370fa6e,3568231,REVERSION
9eced3b13fcf41549a70,3569320,UNCERTAIN
d62748964af11d8beb31,3569327,TREND
1dbf3da76f349ed3abf7,3569330,TREND
60eb1fc3fe3dea0bcddb,3569331,TREND
2c52b907b52c997e2e04,3569337,TREND
b504a593a648c905af90,3569337,UNCERTAIN
00c18f9080334f804d0b,3569337,UNCERTAIN
25906dd5a0be5ca47ff0,3570346,REVERSION
5ee07f8c760556d7225c,3570349,UNCERTAIN
7aaad3a4a22ec45da003,3570358,UNCERTAIN
a2132e0b65a6f77f28c5,3570365,REVERSION
00c9a799299c8398962f,3570365,UNCERTAIN
3c6c8e83ceb500a65a98,3570373,UNCERTAIN
9a1babb6004fb988fe0c,3570373,UNCERTAIN
666f958d3971b4b498ae,3570373,UNCERTAIN
24d0fe81e8ea6bc44cdc,3571426,UNCERTAIN
9c8e9e1c3858e35f137a,3571427,UNCERTAIN
f406ba4428476bf2e2c7,3571434,REVERSION
a0383cdda150f9f5d287,3571436,TREND
2e0886b82309bde9aea3,3571438,REVERSION
9d7448d03f0cfe89ee0a,3571438,REVERSION
aeae2c58b7945a64c898,3571438,UNCERTAIN
cf7da18932d90b2ca45e,3571653,REVERSION
bd1f4a50630728d9bac3,3571654,REVERSION
fce98d3ee530c99016d1,3571659,UNCERTAIN
db808742a2b330eb5a90,3571660,REVERSION
432c67bdccd2aa49e037,3571665,UNCERTAIN
1a7b28011937d25d786d,3571665,UNCERTAIN
027f843dea36764dd9fc,3571665,REVERSION
8bec2ce2ed4ca73d9294,3571862,TREND
749cf9a10d6c88a3208d,3571866,TREND
8f9cdb30c1fbf60cde52,3571872,UNCERTAIN
db0eefb1dbd92d4fa235,3571874,UNCERTAIN
6a537d108f2dc17cf683,3571874,TREND
f86f72a49f2df78bc99a,3571875,UNCERTAIN
1203677e20cc31f8860e,3571875,UNCERTAIN
21f712f17ad6b3bc7312,3571875,REVERSION
0d625539442c452eb9be,3572004,UNCERTAIN
c1f79072a00126df9ab7,3572005,REVERSION
9ce2077fc7e4014cf307,3572017,REVERSION
19f6faad1ecb6b211cb9,3572018,REVERSION
c24710f43fc1c8e4ba83,3572025,UNCERTAIN
1a7d5ac360e25510f283,3572025,UNCERTAIN
8d9a313769b0530874c6,3572025,UNCERTAIN
d215c12f604b686cad83,3572081,REVERSION
05658fa83e7f66287bde,3572082,REVERSION
f2007b4e5a20ababd060,3572083,REVERSION
b890faa8955ca5000893,3572090,TREND
5ba9a69fb285e7aafe5c,3572090,TREND
d024d2f0904e47fe98f6,3572090,UNCERTAIN
3415da8835ebd6fe3c86,3572092,UNCERTAIN
eeeb1c34000e0026c77e,3572092,UNCERTAIN
4a955bd43335ab3be798,3572092,UNCERTAIN
4d42c0b99ae3f0c86c18,3572371,REVERSION
e23c2c5f2e4ef63d7fa2,3572374,UNCERTAIN
70bc62fd6197d187d8ce,3572379,UNCERTAIN
5bb4095126b609520138,3572382,UNCERTAIN
96c9a81912f16c16a3f9,3572382,TREND
9df713ebc7e483e1debb,3572383,REVERSION
b725d8f8dc731eb7175a,3572383,REVERSION
d10ca0c4bc7595be4e7c,3572383,REVERSION
6e80bc49c82268c38a4b,3572624,UNCERTAIN
73c5fb0931aca8fe992b,3572625,TREND
4ddf2ff5b2c274c721e6,3572629,TREND
4a8832d6c8da6f47eb5d,3572634,REVERSION
95a403c8eadaf9a4252d,3572634,REVERSION
61e3547409894b5d6870,3572637,REVERSION
00511daa7ef1223fbc31,3572637,REVERSION
154ab3477a90d7c1ee86,3572637,REVERSION
69a45c8ce1e2bdab2b1e,3572713,REVERSION
d42b55c0013177a30c48,3572716,REVERSION
0503815c21f786587258,3572716,REVERSION
c897db7ca2e066e64d79,3572717,UNCERTAIN
0c38963df1b1c679884f,3572717,UNCERTAIN
a578c04a3f12331fd877,3572723,REVERSION
5fd4deaa16185398de95,3572723,REVERSION
726874e0539e94af5cb2,3572727,REVERSION
2147b0f0d7a6886cf546,3572727,REVERSION
1a2308ea10a38c882f93,3572727,REVERSION
e39f0b817077236d42b9,3572851,UNCERTAIN
23f3bc998867e611e1fb,3572852,TREND
86523a47431b5e5b24ca,3572853,TREND
40349459782546fe64ac,3572855,TREND
ebff37fcafa15c921220,3572856,TREND
89e7f81ed1afa1f8aeac,3572856,UNCERTAIN
9f599726bf41701364a8,3572856,UNCERTAIN
8f287e6215c85743dec7,3572905,UNCERTAIN
b99db605a7f460ef672d,3572906,UNCERTAIN
d68327c29441d073d8ac,3572911,UNCERTAIN
b4478a7ab417b694e909,3572914,REVERSION
14c9e4a35550c70ddfd3,3572915,UNCERTAIN
6279bb08a2ba0b26857a,3572915,UNCERTAIN
0deebbe8966643ca56eb,3572915,REVERSION
84e8e42698f31acf9804,3572998,UNCERTAIN
36c3af2c243ac5e2e596,3572999,REVERSION
04f9b7647e0a02a9b7ca,3573005,UNCERTAIN
b1f267fc21f820243296,3573006,UNCERTAIN
58918d221853ecb4b669,3573006,UNCERTAIN
d63e55c5b95d1bba8945,3573007,UNCERTAIN
5206d89d11447a6d5498,3573007,UNCERTAIN
955b5650c7a9e6ae0ec2,3573007,UNCERTAIN
fb8a2becb5f3ef3cf0ee,3573096,UNCERTAIN
885a18827c95b95c631c,3573098,TREND
ca9648dec92e7ea65ece,3573102,UNCERTAIN
8b3da6dfab53ac443ec6,3573105,REVERSION
98c83b249aa4e4013d1a,3573108,UNCERTAIN
72735ba78ae321bf338b,3573108,UNCERTAIN
3099fb0d89de62a1f809,3573108,UNCERTAIN
05316b2a977f81a68ba2,3573228,TREND
bab8dc7c0b42126a7614,3573230,TREND
811eedc5dbc636dd3bea,3573231,TREND
adad926cde4e37e6bcd9,3573236,REVERSION
bc383d856abd78ea005d,3573242,TREND
887399c5a1de5be2fb7e,3573242,TREND
46d93f2ac24a3e2e769c,3573242,TREND
0aaf16e8cdc6d961f73a,3573343,TREND
b0e52c3d340900712208,3573345,UNCERTAIN
7887d2d7c8553c6062f2,3573351,TREND
8ce456dda1063bcbd524,3573356,TREND
d425c483688bb710fd0f,3573357,UNCERTAIN
8500c923a6b09e635f5b,3573357,TREND
908f98cd4cb3996734a9,3573922,UNCERTAIN
40be0db28767fad4a270,3573925,REVERSION
60d44c34b6b1f2f905de,3573933,REVERSION
022936ffc939e988061b,3573934,REVERSION
bbea09ee5938c7e1d419,3573935,UNCERTAIN
c635c7fd58ad24f84278,3573935,UNCERTAIN
08adf7025bcb868e5475,3573935,UNCERTAIN
a023dd4f7268b7950397,3574123,UNCERTAIN
309efd823f485dca8f28,3574126,UNCERTAIN
ccb7b0a2b45b84a4adab,3574128,UNCERTAIN
8e91b66680c08b3858cd,3574133,UNCERTAIN
b4140cbf977d0739cca5,3574133,UNCERTAIN
cc08a1b3810ac742df68,3574135,UNCERTAIN
cdb137166337d92be248,3574135,UNCERTAIN
57fce6f395c47075e9aa,3574135,REVERSION
3851c8c819d63f84c8d1,3574287,UNCERTAIN
655af9c1a1a4e4e51352,3574288,REVERSION
ee3f79190b357dcc83f4,3574289,TREND
3fb0478c094379c7cbeb,3574294,UNCERTAIN
f88faae4974394f0c040,3574297,UNCERTAIN
12b09eca2d47abbfc9a0,3574297,REVERSION
208fb33c75fc991f1670,3574344,TREND
aae243f73026595c9e6f,3574347,UNCERTAIN
d29113326bf02c848977,3574350,UNCERTAIN
bb1dbd156b9d75fb0f66,3574352,UNCERTAIN
c26a292df29fdffc6fda,3574355,UNCERTAIN
88dbeda61ffada6f82c1,3574355,REVERSION
04690adc73cebae4b393,3574355,UNCERTAIN
58fe117caff34e28a4d6,3574808,UNCERTAIN
9066191c8000c9e81662,3574809,UNCERTAIN
d538fd16b2b461f4e3c7,3574812,UNCERTAIN
3f05647d1b0771874c7a,3574812,UNCERTAIN
0967540a5e8f4287a27e,3574814,UNCERTAIN
eaa63f49db2c89f31b60,3574817,UNCERTAIN
515a93d1138171cffe35,3574817,UNCERTAIN
2411dd5e0add5af761a7,3574817,UNCERTAIN
bf96ab8861bcd496ab0e,3574886,REVERSION
954979771b3f50432658,3574886,UNCERTAIN
4025fdc2ecb4f2c6c2b8,3574888,REVERSION
ca9d134b2a9eac6e5cee,3574888,REVERSION
c5af36d58c7b18c15442,3574888,REVERSION
e226912e7b30e4c0ad2d,3574893,REVERSION
78d4b741b472e2e51c0c,3574893,REVERSION
65f2f302a56a18ee286a,3574893,REVERSION
e5fd9ce6a01c9a5cbcd6,3574894,UNCERTAIN
e2d4493fb12ed94b07f9,3574894,REVERSION
4da49a8918e83f922a6e,3574894,REVERSION
7bd2b8e0ab9ea6ad31a7,3574895,UNCERTAIN
39334f1aae25dc4f48ed,3574895,UNCERTAIN
fcbcf123eb167a45241e,3574895,REVERSION
3336312969ed59df557b,3574915,UNCERTAIN
28ec5a65a5eb96601353,3574915,REVERSION
fe146dd77bde7c618286,3574916,TREND
5919891751a05ce57a51,3574916,REVERSION
e48ebfa3ac96cacef972,3574917,TREND
2118ffc827128dc1f483,3574917,UNCERTAIN
b63ea3927769a0ae3acc,3574917,UNCERTAIN
aa057ced00affc3ca877,3574918,TREND
e4e857740f215f8c44dc,3574918,REVERSION
a01d824528164b280e6a,3574918,REVERSION
b5dab77d60e5f91ba2b7,3574921,UNCERTAIN
07fc4520cc991ff4f0fb,3574921,UNCERTAIN
997b2f9420a3fad579fb,3574921,UNCERTAIN
83c70cf8e90b3919f047,3574948,TREND
1ac51274fa84b87338e9,3574949,UNCERTAIN
185876eaf13356943f5d,3574950,TREND
c1f3c16774733f02d15d,3574957,TREND
1b62d62505b683775602,3574961,TREND
66f6e00d1bd1a9b270a8,3574961,REVERSION
caca4f77b60195bc4b66,3574961,REVERSION
e4b9029a0336fb8115ae,3575017,REVERSION
68616ae3bae0961300e9,3575020,TREND
a5e21384462e4ccd6cdf,3575026,TREND
97ce43a1b61bdefbf216,3575027,TREND
8333253eb9fd881569ca,3575031,TREND
799bba48d0983b12ed66,3575031,UNCERTAIN
e3c242e0742534d8dd86,3575031,UNCERTAIN
87077e0b451e36e13f77,3575280,REVERSION
b2efe65ab4ff35afa092,3575281,UNCERTAIN
18a54438ea7d7454829b,3575287,REVERSION
dce1defad698ec638726,3575290,TREND
2f90f723da16dc83321b,3575290,TREND
27c532a8e1deb58b01db,3575294,UNCERTAIN
c3641247be1cfd5bc905,3575294,UNCERTAIN
7154fde522b38fe90e96,3575294,UNCERTAIN
a90cd32a93a96b65d70d,3575312,UNCERTAIN
ece393238b419a61190d,3575316,TREND
d8636f6e346a38e2d527,3575317,TREND
05fa3a829f28c5656273,3575320,REVERSION
6b486bf57272b099e122,3575323,REVERSION
58782f725ab7050d8fda,3575323,UNCERTAIN
62e0af8852821c8545a3,3575323,UNCERTAIN
94c57bdf6a8d7eb4d718,3575366,REVERSION
5c7a94c2f37854a9ad84,3575370,UNCERTAIN
be13460fd770a758b765,3575373,UNCERTAIN
91afabb53e0be1b867f5,3575374,UNCERTAIN
e54ab89a8e6af64096df,3575378,UNCERTAIN
59556e233aec88246e93,3575378,UNCERTAIN
44b6bbbb258f51561d8a,3575378,UNCERTAIN
ed07a1321f9783dcfbf6,3575455,TREND
142290b94421854f2c9e,3575463,UNCERTAIN
5a5faa96fec6e18615a6,3575465,REVERSION
cef7f206dd301713f665,3575466,UNCERTAIN
b69d6376f39c841c8a97,3575467,TREND
f343b40fb09a89198791,3575467,UNCERTAIN
ec642a5a4577ae011f5d,3575467,UNCERTAIN
161a6834b8cce04e7b6d,3575579,UNCERTAIN
dd58c913abe99db2ec7e,3575582,UNCERTAIN
d180e6fee5a0944f966b,3575587,REVERSION
57789d2ba082e3f89d1a,3575588,TREND
8df067659a6938da5b03,3575593,REVERSION
8b779f30f7cf63e63c60,3575593,UNCERTAIN
98df31d618fe9fd3b93f,3575593,UNCERTAIN
5b61d5ca332b5c9fe11b,3575846,UNCERTAIN
4bac68a00a725f553c78,3575847,TREND
10f0a72ebe5dfc917d99,3575850,TREND
72cecc26780707422de7,3575854,TREND
b2bbf575a3654b5b8208,3575855,TREND
5b9b8b6822c01d5e794b,3575855,REVERSION
3dcc8c996bc17827bdf7,3575855,UNCERTAIN
39d796d28b67bd813727,3576118,TREND
cb4aa80e5de67ce4d198,3576124,TREND
0a669de7455b3286c5f8,3576129,TREND
ff6eda24530fb6d6b601,3576130,TREND
f535ccf9f96f364f6d8f,3576130,UNCERTAIN
e4d0730f485dd8e3d587,3576133,UNCERTAIN
43fef8cb51a85775c76a,3576133,UNCERTAIN
12f718b01ff19450a78e,3576133,REVERSION
3a4c37b87ac39de78076,3576200,UNCERTAIN
6a5dfc69b3f50f252a7d,3576201,UNCERTAIN
d6afb45a905739f63526,3576207,UNCERTAIN
719aebfb20fd4859cedc,3576207,UNCERTAIN
5758adcae702667c3f78,3576208,UNCERTAIN
69eb9e6c97d5b871f03f,3576212,UNCERTAIN
6aaf79a3ee07095799f6,3576212,REVERSION
6cb9383199790637eb0f,3576212,REVERSION
2fc6260fb5c0922f31f6,3576312,UNCERTAIN
1090d753348419af62c0,3576317,REVERSION
13d45dba881b853edfab,3576318,REVERSION
a9c229ade0bfd5445129,3576319,UNCERTAIN
8fafb52cc32195f9f096,3576319,TREND
58466a404a46b668fd9f,3576322,UNCERTAIN
1e665ab7ff88ab6abbab,3576322,TREND
6354d27f49f2c39332db,3576322,UNCERTAIN
82a8a7897ef957b8a426,3576341,TREND
4740a8518b55ef95996f,3576350,UNCERTAIN
5703185e528ff5bee05c,3576350,UNCERTAIN
6503c1c60e65b4cb7bdd,3576350,UNCERTAIN
192d8173e94ff8c417c4,3576351,UNCERTAIN
9ae161dbed2e89d85444,3576351,UNCERTAIN
6e520fb7b247260ded8e,3576351,UNCERTAIN
0ee3b29cae7d9f4cc976,3576354,TREND
277e80fd705e64a152bd,3576354,UNCERTAIN
4ab9346ca2c938831c5b,3576354,UNCERTAIN
df6b17ad7229e7a9c1ca,3576356,TREND
182276babe8bc1879d97,3576356,UNCERTAIN
d79928a3e07649567041,3576356,UNCERTAIN
8d1efd00bea1d40a323a,3576383,UNCERTAIN
7842b5255ce0304317d5,3576391,REVERSION
667e94371e771c717179,3576392,REVERSION
33d203865541234c61d2,3576393,UNCERTAIN
f4ca72b6df12ca9555a6,3576393,UNCERTAIN
bfe2657ddafbf9aa637e,3576394,UNCERTAIN
c03a6887bb7758f0ee9f,3576394,UNCERTAIN
774084175dce5d250306,3576394,UNCERTAIN
0a46b8f1abdebb2a39e6,3576461,REVERSION
4f65e9aabdf9bc74ae91,3576463,UNCERTAIN
453971d3e936ffbbf9fc,3576463,UNCERTAIN
53af46f1d40e6dcb7125,3576464,UNCERTAIN
277cbe0ba628a753c911,3576464,UNCERTAIN
78485162a67c2c6e2fb9,3576467,TREND
c5b7f25ff158326b3bc5,3576467,REVERSION
fd9d4af4ec2d798e60ee,3576474,REVERSION
ce6d809970d5df1b989f,3576474,UNCERTAIN
281358db40711ad221ad,3576474,UNCERTAIN
44ccfd25c62940340a33,3576749,TREND
cbc2b4993a046fb6ab78,3576752,TREND
785e466451a0c109ef79,3576755,TREND
ca77e9017fd4c3902f68,3576760,TREND
31f7d71cb7ad5051b7f7,3576769,TREND
3a9313a03ec8422551b4,3576769,REVERSION
de8a21aa33ea2f95a7bd,3576769,REVERSION
301d3fba8bb90a9a75c3,3576798,UNCERTAIN
a84074c9e1f75d7fdbc4,3576801,UNCERTAIN
1ffaa1a94e0ec2361121,3576802,UNCERTAIN
3557ff86ca16ae191037,3576807,UNCERTAIN
1f23f99299e1e7553066,3576809,TREND
afafa579da63db7441ba,3576809,TREND
586c8a46187901fb2340,3576809,TREND
bc57384c97977375ce9d,3576990,REVERSION
ce2750919c214fe0767c,3576995,UNCERTAIN
f84d07e40ef6affe0b37,3576996,REVERSION
7017261a9e99d055e599,3576999,UNCERTAIN
3b22f71bd70d3b13f192,3576999,REVERSION
489f06d34f7197e506e3,3577000,TREND
f2035ccb98b4ccd65746,3577000,UNCERTAIN
8dfbe62d3b5bda9d58a8,3577000,UNCERTAIN
e9d292cf9dbe42a91c4b,3577193,TREND
dd7bce5346f5e7263f9e,3577195,UNCERTAIN
8ea010429143a766b92c,3577197,TREND
5992ffa2a85842a50301,3577199,UNCERTAIN
4d74d67b3669287e389d,3577206,UNCERTAIN
af503f1020dd45d03af6,3577206,REVERSION
7e57c23ef2057064cb8a,3577206,REVERSION
ae0180f63a9d88a86e17,3577686,TREND
e5d72924d4bacbcbfe67,3577687,UNCERTAIN
5fdf0d6dfd9258d050d7,3577689,TREND
ab93ac5a68ddadaa649a,3577691,UNCERTAIN
fa85f91e93f40c357c30,3577693,REVERSION
8aeef88ea813a84722ae,3577693,UNCERTAIN
6eda6d837d99f4981398,3577693,REVERSION
b9bcb25dac4b5615223a,3577775,TREND
21d0963e95e1324b6ef2,3577778,UNCERTAIN
6deb99f865d46dd5c8a3,3577780,REVERSION
57febfc97c18343315b0,3577784,UNCERTAIN
4b7b88f24869889e2a5b,3577787,UNCERTAIN
f3bfec3fda3942e82910,3577787,UNCERTAIN
467be582ea300e79cdfe,3577787,UNCERTAIN
b70c847e626054b29361,3577841,UNCERTAIN
66d058a513672a70dbbb,3577846,UNCERTAIN
4172dd5ad59a11dc1602,3577847,UNCERTAIN
f5616917917c38ad8e4f,3577848,REVERSION
86f60917dfadd26ad19d,3577848,UNCERTAIN
d0f9ec3bd5ad63f97bb4,3577853,REVERSION
4bb28d4a5371469a7dbf,3577853,UNCERTAIN
1885c9219e896e73218f,3577853,UNCERTAIN
bafc6fed75af06fddccf,3578016,TREND
6b7ee32195bf17cb41a1,3578016,TREND
6c584b2b2fc4673953f1,3578018,UNCERTAIN
0ab4455c9bd7adf42301,3578018,REVERSION
d098141aab0c6e730fcf,3578020,UNCERTAIN
3052fd31bcc7f1369c62,3578020,UNCERTAIN
6947b624dee586348ac7,3578021,UNCERTAIN
271746a5a89592c19506,3578021,UNCERTAIN
0c7f29a8f1b655c12b04,3578024,UNCERTAIN
b16bfccda401cb3ce2b6,3578024,UNCERTAIN
7ad7f48656aa75803585,3578024,UNCERTAIN
b3eb8b4b64100112c29e,3578259,TREND
610c808221399356d74b,3578267,UNCERTAIN
441be1004cba0263b88f,3578271,TREND
428892eb085915ef03f6,3578272,TREND
885d83046303d8e989c8,3578273,TREND
b4b348cf467223f20d63,3578295,TREND
0dfb08b5739e2a2b0bea,3578297,TREND
814e21b959fab822c80b,3578297,UNCERTAIN
13e70802eef4ecc8a7c0,3578300,UNCERTAIN
8a414edb4ef61885e4e6,3578300,REVERSION
c2709c9b6ebbf1dcc253,3578303,TREND
d892f9fc8900eb2cc047,3578303,UNCERTAIN
c6e9a65a0d2cbd50b9a2,3578304,TREND
bfccefcf5b46b4afc733,3578304,TREND
1d70a7978db8442ea62b,3578350,UNCERTAIN
43325a0391d2cfa29202,3578351,UNCERTAIN
50f3ab74c1a3ef66f6e1,3578355,TREND
ac23ba846344d6ba6519,3578355,UNCERTAIN
661c9b38ebf255dee9ff,3578355,UNCERTAIN
0b264ca2bb25ac257c9b,3578356,UNCERTAIN
216342c67ef1e5d0c383,3578356,UNCERTAIN
af294be740c1151c48d3,3578356,UNCERTAIN
c19ab79628d208f6f44f,3578358,TREND
9da2662673c5f953e208,3578358,TREND
e5e57da6a87dd86e6701,3578358,UNCERTAIN
7d49de3cffe9f73a53b2,3578534,TREND
db4cbdba58dcd20394e0,3578536,UNCERTAIN
394e9f17556058ea4996,3578536,UNCERTAIN
5db1356404e48d4cbc25,3578546,UNCERTAIN
56aae351d1bfb2099fd4,3578546,UNCERTAIN
95f741b7e9797dd10869,3578547,UNCERTAIN
d478978df1e39726c450,3578547,TREND
cbebade07db7342faa0e,3578549,UNCERTAIN
bce202ab0d275d67427f,3578549,TREND
6cf62d5a9d3ab0b758aa,3578646,TREND
a5afb594bde1d4a35711,3578648,REVERSION
9d9a310d1ceb2bc4834a,3578648,REVERSION
04b814a3005a148c3787,3578648,UNCERTAIN
70b929a839a1c713d32f,3578654,TREND
3209bb4cc27013e74458,3578654,TREND
5aff8a0d69fdb6cd827f,3578654,TREND
650f24505f06c05af1f1,3578655,TREND
8972d7a4d6db9073c93f,3578655,UNCERTAIN
8c18c2ad7c9c516e417c,3578655,TREND
908f31ee3990bc229b1a,3578657,TREND
6face28ba53cfa557e99,3578657,UNCERTAIN
aa7e9ff0722ef1ab3a11,3578657,UNCERTAIN
70c95bc16f41d9bbfa8c,3578767,UNCERTAIN
341d2a2d1bca69927989,3578767,TREND
e72ff0264f7c7d01ae99,3578769,TREND
35e7cfccbecc87f78e58,3578769,TREND
f7b11b566dca21a6ed04,3578775,UNCERTAIN
8bda317278f6cacbd0b7,3578775,UNCERTAIN
85e227e93c23f45f9819,3578776,UNCERTAIN
634e901bffeb32490fcc,3578776,UNCERTAIN
5003e7b21a6c02e6b9c9,3578782,TREND
4292672eaf60a73a3106,3578782,TREND
a5b762ed6477299a7ba1,3578782,TREND
27111bda4d770505630e,3578865,UNCERTAIN
9280f7e4afc1ad46796d,3578870,REVERSION
d43169a8dd44a2f62dd2,3578870,REVERSION
be5b16e5cbedbaf16b49,3578871,REVERSION
bf898066c9760f393db9,3578871,REVERSION
b907ce44b295e9f05fa2,3578876,UNCERTAIN
4e58f0e975eaa1579233,3578876,UNCERTAIN
ddaed0ce1cf5888a4fe9,3578878,UNCERTAIN
bf7726dba09ccc5a06b9,3578878,UNCERTAIN
85b46e6cd74406af2978,3578972,TREND
2a686ff9a3907504b92a,3578974,UNCERTAIN
fba89d6c9ef79435fedd,3578976,TREND
159898d4556f9c044df5,3578982,TREND
81571b6e67de37f5a826,3578982,UNCERTAIN
54021978f05d8678f5af,3578982,TREND
05e20a184d6192b7c886,3578983,REVERSION
0c4358a6741fa56c8b74,3579053,UNCERTAIN
434384c9f29282393e61,3579057,UNCERTAIN
969def7a882c6dd7e4f9,3579062,UNCERTAIN
aeb4ce6145fd359bbaef,3579065,UNCERTAIN
a563b5f169608e5fe8ab,3579075,TREND
63d2f2b78556af2aafbd,3579075,UNCERTAIN
9f5572d70b63bb5ee950,3579075,UNCERTAIN
35f790ece2413b1e5eeb,3579285,UNCERTAIN
5123f6697fba177d4933,3579288,TREND
fc5fd12bccd853f93026,3579289,TREND
0bc7ca8b55c9f8f6c174,3579289,TREND
dc8919f3e4734fc54b9d,3579289,TREND
9766f7683aae6bfe1316,3579295,TREND
d1b669c98b360fec5cf9,3579295,UNCERTAIN
5d9f5f0ac03b238e60ad,3579295,UNCERTAIN
2bdde884618e34fcdad8,3579299,UNCERTAIN
c8fcd986e226c63e9271,3579299,UNCERTAIN
6fcea401e88dbf417ff6,3579299,UNCERTAIN
1618390708f304827f10,3579446,TREND
c397fb40c3db251b47a9,3579451,TREND
b8cbf6c675b0492f840d,3579451,TREND
38aea738955e9fb24739,3579455,TREND
451e5d2188c56a95dd95,3579455,TREND
d7fbcf76ec3e4ef8e821,3579458,REVERSION
519f1a0065467c6a2c2f,3579458,UNCERTAIN
8338acaf04dd833d2779,3579458,TREND
96ee600e6f2f9186f6e8,3579459,TREND
8478734e1933c24d206a,3579459,TREND
7984376941f93697be8b,3579459,TREND
ccf97124ccf43153ca2f,3579583,TREND
e4dafa5dc82685caf31a,3579586,TREND
2c6ebae41e76e43d40e1,3579588,TREND
2afd30a9b8f017779691,3579588,UNCERTAIN
346c654a496f146167a3,3579588,UNCERTAIN
1356b14738f98c331b40,3579589,UNCERTAIN
fa23ae7876ee58816bf1,3579589,UNCERTAIN
2e119cf23649e3b4b9b2,3579589,UNCERTAIN
008aebdc81452f961a36,3579594,TREND
0f96cb39e30b751eaa94,3579594,UNCERTAIN
e7c50247167086413e11,3579594,UNCERTAIN
71ffce8886133391f1bc,3579679,UNCERTAIN
36aeb14ef29962d9358b,3579681,REVERSION
3c1f5d7430aa9740ee8b,3579685,UNCERTAIN
f20baafaf11b4e0c43ea,3579685,UNCERTAIN
598958dded4b18731c9f,3579686,TREND
f32bc8004e492a3ace21,3579686,UNCERTAIN
57ac2833a75885394da6,3579687,UNCERTAIN
49eeb0d540b2e8976fab,3579687,REVERSION
10832037f02cc721f190,3579687,REVERSION
ecfdc191eeb1f0782042,3579712,REVERSION
5b73806cbb56a4a49d6b,3579716,REVERSION
a7f874c23ae6fe067106,3579718,UNCERTAIN
1127854c457f4adcabdf,3579718,UNCERTAIN
710e7213c09f530bf4f8,3579718,UNCERTAIN
fe318c61bb1ed33fe61b,3579719,UNCERTAIN
f538a842b7c6ae6be15c,3579719,REVERSION
54740c662d2b6f5a2fec,3579719,UNCERTAIN
15256227128dd4f35c2c,3579722,UNCERTAIN
5f23a8544bf6c477449b,3579722,UNCERTAIN
70cf71c3ecdee266db11,3579722,UNCERTAIN
0679a2658cb9ceed6ff1,3579788,UNCERTAIN
d4cc9601f4d5771dbdff,3579792,TREND
277e1b958dc37aca684c,3579792,UNCERTAIN
df89bb88cf5ce59e5025,3579795,TREND
f2f20934c14cadf35505,3579795,TREND
67c66e0dbdd34fceb076,3579796,TREND
aefc5ee117bf60c8a43d,3579796,REVERSION
580070bb50b0abc1841c,3579796,UNCERTAIN
520a40f332b3b13fb118,3579797,TREND
2d68cdd2acd79ef68eef,3579797,TREND
84438c6d234aa95eb9c0,3579797,TREND
15957fd70174fd4104b4,3579888,UNCERTAIN
dbd18fc03135c961c668,3579888,TREND
5e3056b24a71075da5b0,3579891,UNCERTAIN
d7b889de55e6c43d78f6,3579891,TREND
fd00b2314ae87d4d68a9,3579892,UNCERTAIN
2bfea745d7a6a3aaa9fe,3579892,TREND
4f18798c0ff02dad141d,3579899,TREND
40045a5754061dacbb8a,3579899,TREND
9563a059803d92585f42,3579902,TREND
7ea87492f9ce824a5a67,3579902,TREND
d61ff02c8bc069e29ab6,3579975,TREND
623441080e056ca66395,3579975,TREND
fe1c0eca10dd95a31b53,3579975,UNCERTAIN
5289bf8be74e3b69ec2e,3579977,UNCERTAIN
264aa8995d67fe98721f,3579977,UNCERTAIN
7051283e2f51cbbac50b,3579977,UNCERTAIN
d814ad3ec531e7703e26,3579979,TREND
8604cf591b0fe3e3f591,3579979,UNCERTAIN
1bd0ccb44c5dcb5b8b8f,3579979,UNCERTAIN
5a34e78dc1a8652e3537,3579981,UNCERTAIN
11a8c0ac909aad567436,3579981,UNCERTAIN
5c0f8ba4de9fd5926229,3579981,UNCERTAIN
7b0a5f483b653b5ecca8,3579985,UNCERTAIN
77d6764c85a21a5697b3,3579985,UNCERTAIN
fc31c87b4c4138edd622,3579985,UNCERTAIN
687f8333f37cad2875bc,3580014,REVERSION
88f5ca8cd2b2804b02c7,3580014,UNCERTAIN
78f55ceb5807d0668aac,3580014,REVERSION
9141b46a77c24c3a8801,3580020,TREND
fe1d99a1aab87aa18471,3580020,TREND
bcb08ecee32181bd2179,3580020,UNCERTAIN
0b1196288d3f87931c7f,3580024,TREND
e1f0895dc6eed40cdf88,3580024,UNCERTAIN
0211e268ed8f1942f8bb,3580024,REVERSION
fbc0dd54727585e6df4e,3580025,REVERSION
caa961d8b595d73dc525,3580025,REVERSION
90802eee0c8db7ebe353,3580025,REVERSION
2e35618d7efff0604e31,3580027,UNCERTAIN
b8b913c40d0525181d33,3580027,REVERSION
92bd40b2e543681328da,3580027,REVERSION
a35801335df5c145ca72,3580081,UNCERTAIN
68a18d43f4209fba271d,3580081,REVERSION
6e810757beaefa1a694d,3580081,UNCERTAIN
a1f1a71dde3e712293cf,3580082,UNCERTAIN
7e138e484f2b068802f6,3580082,REVERSION
ec1cb02c082f281ae3e1,3580082,REVERSION
5960f84f66fb43dc8309,3580090,UNCERTAIN
32c72b31e7bd186fcd00,3580090,UNCERTAIN
81580e8b36d741789cfc,3580090,REVERSION
1216491966c058ee37cf,3580091,REVERSION
ed0157f89b780f299e19,3580091,REVERSION
3d8e2f12be7adf5699a1,3580091,REVERSION
768e308bf746d9eb0a90,3580095,UNCERTAIN
ee292601e8d66ac48200,3580095,UNCERTAIN
7c673d7ec31e19d3184b,3580095,UNCERTAIN
05c934a1913ad5ea1277,3580184,TREND
98bd1b422a6082b192f9,3580184,TREND
d9e16c49da1ca230818d,3580184,UNCERTAIN
1be4a5d56eba7fe839b7,3580189,UNCERTAIN
25491fb5ec0b2c5c29a4,3580189,UNCERTAIN
1b5f203946d99eaf20cb,3580189,UNCERTAIN
308ec9edbeef38dc1352,3580190,TREND
5ced31de632b37723ee8,3580190,UNCERTAIN
4779d62fe1504554fed6,3580190,UNCERTAIN
e09af60c5e48ace7857f,3580194,UNCERTAIN
ef96e521e5f43a7929d5,3580194,UNCERTAIN
80255d6913cfb27b21c1,3580194,UNCERTAIN
10b664651dc1f0caf569,3580195,UNCERTAIN
bee14c216e6377f7227e,3580195,TREND
50c1367e01a70c111052,3580195,TREND
65894299d3a7783917b7,3636342,REVERSION
068b90010a3320942f81,3636347,REVERSION
461fe8ce7e2c7bc6f246,3636353,REVERSION
d82c0d16bf36b6da2554,3636354,UNCERTAIN
7268434292c2e869c415,3636357,REVERSION
005e617100e8f7c4559c,3636652,REVERSION
d2e37bcda6d05c66a5f5,3636654,REVERSION
cf89aa5eedd57f863545,3636658,UNCERTAIN
a573bf0cd48337859cc3,3636659,REVERSION
46fe2a430315b2a1a4d9,3636660,REVERSION
65c5a21adfd93fc7564c,3636743,TREND
b6f331c5f82d15ae1b68,3636747,TREND
57c6ee958bcef517de86,3636753,UNCERTAIN
d2cf99067b5fb7284c1f,3636754,REVERSION
8620c0439f19f3e66555,3636757,UNCERTAIN
2ce75211d6cc1892c459,3637717,REVERSION
5bf34ca6390c428682a0,3637719,UNCERTAIN
eb2f4799a9d8aa936b2d,3637721,UNCERTAIN
89591a180406d1853ee9,3637724,REVERSION
e126178120f77a92b783,3637726,UNCERTAIN
2fd053e9fadf09b9db4c,3638287,UNCERTAIN
378bf40d5132c6984924,3638289,UNCERTAIN
3afdcee5f7b27c8f00e2,3638290,REVERSION
30e9c192d4e45fd13ce5,3638294,TREND
1a8f669f2c62665c20ae,3638295,UNCERTAIN
b0ee2b40d5d6ef783153,3638388,UNCERTAIN
f2acb9f66ef4cca4c3ca,3638389,UNCERTAIN
92e249c371ee4680aa7b,3638397,UNCERTAIN
611421acf713f90e4e97,3638398,TREND
9cc159c47c8698a57f8b,3638402,TREND
2f2ed27d98b6c9cb8380,3638656,UNCERTAIN
b2a738becfb1b5b2b145,3638662,TREND
97256297e29058482d92,3638664,UNCERTAIN
d991afa36b772843978d,3638665,TREND
f47a550d94d41c6cd204,3638667,TREND
6bcb0be9ae9bd07ff64a,3639164,UNCERTAIN
18f1d6ca81dce7d586ce,3639165,REVERSION
2be401856140d6aeae9f,3639171,REVERSION
1e94a42ddaf6962ead86,3639173,REVERSION
7608f1b1f30bcea85910,3639176,REVERSION
4dc2ead63f7bb96e0210,3639347,REVERSION
74cefa5b97fdc7b92ce7,3639348,UNCERTAIN
ba7e37f0b789a91b2cc6,3639351,TREND
bc8a8e6c2eb5e4d95a76,3639355,UNCERTAIN
0f1820fd03f4c64e21ee,3639359,TREND
81297f86c285052f4365,3639837,TREND
e12f6b982adb69d8f76a,3639838,TREND
3fb8918ded3d75179efd,3639840,TREND
25f7fec9cf40092cc441,3639841,TREND
6675e8e0ded3fbab81d8,3639843,TREND
dde5f0585d85514fa722,3640223,TREND
025df5c4d057409e3bd4,3640225,TREND
ec66d1fb3ab26b2f6c82,3640226,TREND
2983217dc739f2b980c4,3640233,TREND
0bf81ff2c16ab326fe02,3640235,TREND
e2f2ea1c44481ad3e2ee,3643305,TREND
34024c9e3323100d8137,3643309,UNCERTAIN
8431954cbc8d5b3439c5,3643310,UNCERTAIN
20ef29ac4c4d3ea38d42,3643316,TREND
9651f6d29c8d09ef4ddc,3643318,TREND
690a2187f06aa9d74683,3644479,TREND
5f6a6b18971c58cc6937,3644481,TREND
137f8aa6b4ff0171b54b,3644483,TREND
f1c94804b28a374553ee,3644491,TREND
85e0dc6ee931e767ec20,3644492,TREND
e17aa7bcaae741f7a7e1,3645760,UNCERTAIN
ff2cd982e275b3215dde,3645761,REVERSION
d71c96d546ce00081f54,3645764,REVERSION
bbfd2f05f66441c6007c,3645766,TREND
e21de20ba4f07353eccb,3645770,TREND
b54b97378cfaa883715e,3645972,TREND
9d769093e29cadda10c3,3645974,TREND
bee76e323730f0311937,3645978,TREND
0875a02444030c2da2a0,3645979,TREND
79bee5ee1894bea110e2,3645981,TREND
00623afff059dfe4ed5f,3646566,REVERSION
564beb5812914e6e456d,3646567,TREND
eb7391d8d42bd586960b,3646568,UNCERTAIN
73c53c531a7b03847c8d,3646569,REVERSION
c7eea97b789758b45063,3646574,UNCERTAIN
f6b81f027f5c143030bf,3646875,TREND
04dc754620bba38cb9f0,3646892,TREND
f906d5cc711ba603cf39,3646911,TREND
30aba30feb283fec2342,3646912,TREND
31914a805e5a4e3e05f9,3646915,TREND
5766836139cae209533e,3647003,TREND
9a689e5468060d447aed,3647006,TREND
ab21953a83a4f1ed7d2f,3647007,UNCERTAIN
f178ba3bd1e1c177c584,3647012,TREND
2e1863027a86f9674b75,3647014,REVERSION
4526e48aac2841fcffa8,3647057,TREND
d498d1474118af48f6c8,3647061,UNCERTAIN
d1a56caf016cd5cea69e,3647062,TREND
f9f3d11ff71bc0dd6023,3647064,TREND
c1e07c4171d32c3ea1e4,3647065,TREND
03122a532ac817814842,3647418,UNCERTAIN
2ffeaee6446a16c363cf,3647426,UNCERTAIN
e86ebebe9e93437456be,3647427,REVERSION
c481c2ff6ed2e87e2e40,3647430,UNCERTAIN
814c83a80b3db56bead2,3647432,TREND
c4122dd7be433caa87bd,3647823,UNCERTAIN
dbc760484cf745744473,3647824,TREND
73942a1637b5f35c3aab,3647825,UNCERTAIN
6a5ff0b7708c95b296e2,3647826,TREND
8a5efced7d586f755598,3647844,UNCERTAIN
92624b9bf2c2295695ca,3648006,UNCERTAIN
a029477957e7981808a7,3648010,REVERSION
e14f184ee31ae955d499,3648013,UNCERTAIN
96f091dc82db9ee4536e,3648018,UNCERTAIN
bd6a04703fab588512c5,3648020,UNCERTAIN
baf29489971182f7f0c4,3648113,TREND
75f702a43cfe1cd8120f,3648119,UNCERTAIN
88560e9eb9f5505fc979,3648120,TREND
fa8606f4985634224553,3648121,TREND
3ba3be130a32695c60e9,3648123,TREND
f817e812a47fb7af58af,3648353,UNCERTAIN
17802a2873dba43c64ea,3648360,REVERSION
93435af1a5dba9ac7865,3648362,REVERSION
0ac4cbd18f58700012c0,3648363,UNCERTAIN
5cc02e30617848184788,3648368,TREND
3b833291b4b796e1ea3d,3648630,UNCERTAIN
fe767edbdf2f6a9ee9bd,3648631,REVERSION
f09e75c19cdfea33dbc1,3648632,UNCERTAIN
7604c6327cc85754036b,3648633,UNCERTAIN
945b642c1f7ba10e1445,3648639,UNCERTAIN
de3a3e51fc230c10645e,3648731,TREND
02460999da8fcd9eeeeb,3648733,TREND
83090d81bdc26c6250e7,3648739,TREND
5a072898312fba63998e,3648740,TREND
b2ed0bbfd9f0988c11a1,3648742,REVERSION
f88b9fa81f3b12e4653d,3648901,TREND
fd23ad50b8030502c134,3648903,TREND
64822cc0583938217e4d,3648904,TREND
35cb5da106c9529d4426,3648906,TREND
01427fc03f7f609a783c,3648914,TREND
8014db07cf61dd4b1d23,3649618,REVERSION
669716fa263c93cbf975,3649622,UNCERTAIN
2959092195e506a06ba4,3649623,REVERSION
cf69a6d0f23f66ddf747,3649628,TREND
550e5f4882aa63baaf2c,3649629,TREND
ee8aa7029812b6db9ee3,3650038,UNCERTAIN
52427439824f07f8680f,3650042,REVERSION
9a6e1d590b9db2ba4016,3650044,REVERSION
77c3572d670d4c8a3448,3650049,REVERSION
ea563cb31d9289c522a8,3650050,REVERSION
7f54477f5925a3e66702,3650362,TREND
9946355ab0bb8c14aa4b,3650364,UNCERTAIN
b5847a1e603f829451c0,3650368,TREND
f15fe7b51b563fac7474,3650370,REVERSION
06f5f5076d6ee2f94161,3650373,UNCERTAIN
5cc6018cbb51c6efe117,3650563,TREND
f2138482558ab4ab8c9d,3650565,UNCERTAIN
623ba49d6857655d5159,3650571,UNCERTAIN
083770606661921be924,3650575,UNCERTAIN
7e59c9a34eaa3dac4fa0,3650576,TREND
b9363a91e829f212a031,3650870,TREND
fa419b9fce4fcc511ed3,3650874,UNCERTAIN
531fb4f1c39fac8222f8,3650875,UNCERTAIN
76164bd9ffd07f3d481d,3650876,TREND
109f40a9ce0ce5a4359c,3650879,TREND
dfcf6b77a7859fe0d725,3650948,REVERSION
39d61d6ee41bfa5dfe35,3650957,TREND
452aa555b184a38fdc68,3650958,TREND
3024f0c7a8391c620525,3650959,UNCERTAIN
9bbac66d5e63a2bcea63,3650966,UNCERTAIN
f4f0d3358a072ec4250e,3651111,UNCERTAIN
1b7a164ee68d089ab629,3651112,REVERSION
8f189162a61172baaced,3651118,REVERSION
31184542691cd80a4d5d,3651119,UNCERTAIN
6b8d8f3dc85f879c9092,3651123,UNCERTAIN
ba54dceab4636120c658,3651244,TREND
dfdf0b6cdee61cf773fc,3651249,UNCERTAIN
abbe5fcd9ad42fe3d59f,3651250,TREND
dcfd4f24dd85f70f44fa,3651255,UNCERTAIN
0d0d364fd9be231e0210,3651256,REVERSION
596312c8b434c97a4231,3652242,REVERSION
94f53c252a897faa95d7,3652249,REVERSION
5d1656d47c7c3fddc30b,3652251,REVERSION
708efe11dcb8f1fa83fe,3652252,REVERSION
0fb7034c26863e7ca381,3652254,REVERSION
4d1670917da6c096e9c5,3652425,UNCERTAIN
2a06072e3fa33f4cefbf,3652427,TREND
5d0b0611c3b2c101b28e,3652429,TREND
95733628864bbba26a78,3652433,TREND
02fdbbf6a037f0160e93,3652434,REVERSION
b82d36595c5abf68ca46,3652457,REVERSION
539daa922b76081e73fa,3652461,REVERSION
7504f738495d5cc5f3e6,3652462,TREND
b717f473f378b9634542,3652465,REVERSION
8cc8559dc60855d29e84,3652468,REVERSION
55049eba03e265f127fc,3652564,REVERSION
86b3bd047f8bb7522bae,3652567,UNCERTAIN
4b9a91018358f975ca38,3652574,REVERSION
18c3199f1af20bbc1520,3652577,TREND
3f32821fed620e78acc3,3652578,UNCERTAIN
90d47fb45310d4d96eb6,3652702,TREND
d0bed4d6330654bd57ea,3652705,TREND
0510bbbcb8aa9a8697cb,3652710,TREND
7952006bc98a5bc96fcf,3652712,TREND
9e7402a9100bcce6721b,3652716,TREND
a47d5fa0f7c0ba865322,3652944,REVERSION
45a5f18f1b8770fab396,3652948,TREND
8772a8993cdffc40ead1,3652955,REVERSION
3d3551e55675c94b0e79,3652956,UNCERTAIN
0a090a94ceb9f35fa05f,3652966,TREND
a513838dae78e9fc3b01,3653062,TREND
754aab328c13a2657ac3,3653066,UNCERTAIN
6a5878cd2266c213a1b4,3653069,UNCERTAIN
7dcadde85133068a500f,3653073,UNCERTAIN
da477f030bfb1ee77018,3653076,UNCERTAIN
ef0353c5507b8255d8fc,3653212,REVERSION
7985e3ffebb82e60867f,3653215,REVERSION
5422cc4fe0b8c9be6061,3653217,REVERSION
0c70df40351ba9480402,3653218,TREND
6f5c4580dfd036cd9bd2,3653227,UNCERTAIN
05712b6cf1b21ceaa667,3653475,UNCERTAIN
7f745bb993b4072e7886,3653477,UNCERTAIN
8d306b1c5caf098d5bdc,3653480,UNCERTAIN
620e2fbdf7cb2de737e9,3653481,REVERSION
21bd1b41a04ed906ce9c,3653487,TREND
812cc13aed2495c3ec62,3653554,TREND
6f7a241942038236b1bd,3653559,TREND
77380ae8ec4ea97d3c55,3653561,TREND
ae63465dc26b0e4246e6,3653565,TREND
0d8e23993c32f4ddb6eb,3653569,TREND
7f7c39421558b2b23cee,3653757,TREND
ce1748344021c61c51fe,3653761,TREND
2427cc83724d375c55a5,3653762,TREND
8f80b66741e8f899ba47,3653765,REVERSION
ec2c81d2bd499aa5f596,3653769,REVERSION
b62b9bee10d4efb21bf1,3653836,TREND
45552b4c5fe941956124,3653837,TREND
1df0a30b9625e34da609,3653841,TREND
e2983ce601c425d1f0f7,3653842,TREND
3b02aa551c8e7cdafc44,3653844,TREND
4823c186d63541b9fcd0,3653904,REVERSION
a414fc29fb7a07c1faf7,3653905,REVERSION
036a8d761c4592d9c5fb,3653908,TREND
216b17b247837a89cd66,3653911,UNCERTAIN
2e078617d70aa185d62f,3653915,REVERSION
f8d85eb7112de481582a,3654417,TREND
375aeb45d8e684e86082,3654432,TREND
58e4885522985e7f2c43,3654436,TREND
6f5473fc4433694f9d59,3654443,TREND
04f38df23a00019f0f7b,3654445,TREND
80a53e44c9acc84923a2,3654479,TREND
511f200e0f71a969472c,3654482,TREND
f51695e9fd08ff079b37,3654485,REVERSION
dbbaf9ff93e72cafeddd,3654486,TREND
03cd0165c275e08fe53c,3654493,REVERSION
b710340d8a9718898209,3654753,TREND
87ba54fd9235d1c1d6c4,3654755,TREND
df92ba664232874015e7,3654760,TREND
bc2d81b1ea505fca6826,3654767,TREND
8d3aad85c25ac975802f,3654768,TREND
2f0f865fb8fe7d106030,3655167,REVERSION
a511d8290435872d8651,3655169,REVERSION
1fe1f5c1437c80267967,3655176,UNCERTAIN
120e1a3a0f38f2c0413f,3655180,UNCERTAIN
546c976c10a6b13bdc7b,3655181,REVERSION
9116a3c0f4ea170cbd0a,3656094,REVERSION
0a259acee29f73337163,3656096,UNCERTAIN
089b4d1624dc9f8f5723,3656097,UNCERTAIN
f61624070d37a505a1fc,3656102,UNCERTAIN
bf8ce3c3c18d79bfea8f,3656104,UNCERTAIN
62a9136c8c287948d14e,3656126,UNCERTAIN
8b1478235a764913d744,3656126,TREND
4c9a32715155deefe7c9,3656133,TREND
4bcc752b6b5a62723af2,3656133,TREND
73527d5db5d0df0292ed,3656134,REVERSION
cf56524fae15cb93f9fd,3656134,REVERSION
bf4002fbd460b5cb105a,3656137,UNCERTAIN
1d0627e3bab8ebf01756,3656137,UNCERTAIN
880d134eecba1af48280,3656140,REVERSION
b37a1e2e459641b0af8c,3656140,UNCERTAIN
d2dc167585fc617fbec5,3656308,UNCERTAIN
0dd9192a853fe526ffed,3656309,TREND
b7fe38475813f5577c21,3656315,TREND
d2ecc67cec2114523d91,3656320,TREND
f7cd876b7a4817383be8,3656322,UNCERTAIN
129ec6c28776913f09be,3656611,TREND
de476656e221ae04aca3,3656612,TREND
cdb571f509dbe6030190,3656614,TREND
eebaa3ac77a740c9651f,3656619,TREND
c51359b98d9c33453d6d,3656624,TREND
65f80184ddde52596233,3657223,TREND
58fefb8b79e9aecd5ce1,3657227,REVERSION
3b4c0531839f160d23be,3657228,UNCERTAIN
e7c7e19c57581ed94e20,3657230,REVERSION
371c8a66920b36d1ce75,3657231,TREND
589529e8f6e90c834ff6,3657276,UNCERTAIN
27a0f290f4f34597e769,3657282,REVERSION
cd2b6b23fb80b7fb1282,3657283,REVERSION
b46734d74f10aa374403,3657288,TREND
728297e32cf47ab2d38c,3657289,TREND
b5df603d51f9c299ea70,3657966,TREND
c1dc962470a2edd4e113,3657969,TREND
acd3d8fdd5f463eb2034,3657970,TREND
40a0a274a26612000f89,3657975,TREND
9acdb47c2fd456b2c00c,3657979,TREND
f9ec64ad57e91f3910ae,3658112,TREND
18230aa3512943ad96c7,3658113,TREND
77b34af1450446e42876,3658114,REVERSION
526facdcf1febb352f40,3658122,UNCERTAIN
f56622fb568c39fe2671,3658125,UNCERTAIN
df49b278d170bf1f23c6,3658233,UNCERTAIN
ce1666b22f9a33b6333a,3658238,TREND
62ef4d62f936820a1356,3658239,TREND
0d71e6712fe004ea9ca1,3658241,TREND
d3bb73be5b736d67c710,3658245,UNCERTAIN
a0be0aefe7c2dc86a729,3658296,REVERSION
41924b970074e2fa86af,3658297,TREND
27c35e4be25dd79770c0,3658298,UNCERTAIN
64bbb26481d49388cb72,3658301,REVERSION
da622398fe711c5773b8,3658304,REVERSION
8c38c855e7f181c3a47b,3658536,TREND
6314bfdc0180c8a50851,3658539,TREND
0a66f237c1158117cd01,3658542,UNCERTAIN
5583dae4667bcce10fe9,3658544,TREND
85e7df0bf70bbd120025,3658545,TREND
ee9fe97036d1a4105cb8,3658887,UNCERTAIN
64e84d2bf840634d3e2f,3658888,TREND
89e8e4f83fa7789c4808,3658895,UNCERTAIN
15017e62a9bd3cb5433d,3658902,REVERSION
d3ffba678d09d7a922c0,3658904,UNCERTAIN
0b053a060191ea5a4847,3659039,UNCERTAIN
4924f519a7af1cd4ad35,3659040,UNCERTAIN
92dc5798d09b791f681d,3659041,UNCERTAIN
556417d268c517a96738,3659046,UNCERTAIN
1d21f53abb0edeae75f1,3659051,TREND
2540b1ae80a7aeec5954,3659169,TREND
ca5cf9fbec189ef3790e,3659171,UNCERTAIN
0347221bb3ccdb23c459,3659175,TREND
11732d7487dcb8daaca9,3659179,TREND
c2f5c9bcba142bde0eb6,3659182,TREND
5ad8328a50f058282d6d,3659490,TREND
db05ce6775d161953655,3659492,TREND
e694d931b085bb475555,3659494,TREND
c57e7ebaf9299ae7fc53,3659495,UNCERTAIN
a1d1067e146303402ff5,3659500,TREND
794effdcb28adea637b0,3659784,TREND
b15f7a1d040e3bed04f2,3659788,UNCERTAIN
62dab7db0f5be5b638a3,3659789,TREND
43a5fcbb1af2eac06ce2,3659792,TREND
cc3b2c566834f41d1b95,3659796,TREND
b0e1a32e76583fa777b8,3659819,TREND
fb8d2623e62ae7583c38,3659822,TREND
d6cf3d329c5264426bcb,3659824,TREND
9595c6547f97d953afe6,3659825,UNCERTAIN
a15005c511e89cfc50c7,3659827,TREND
37f0b0691df3ab1f092f,3660037,TREND
310fc937d59120ddee15,3660039,REVERSION
74229d0dd4e227c262e8,3660040,REVERSION
644736cfd2c206ab591e,3660044,UNCERTAIN
8a3740ca17464cee35d5,3660046,REVERSION
13132311a87e5a4f1bac,3660644,UNCERTAIN
aa331006b294ce4b51a7,3660646,UNCERTAIN
27e385fc6d78080c2eba,3660649,REVERSION
ae53b87b7573cdfdad7e,3660655,REVERSION
ca764f1e8f91d6b4768c,3660657,UNCERTAIN
826d8601fd75aab9fff8,3661883,TREND
17aa7899d689a1a4e7cd,3661894,TREND
70a9994f6b6dff166347,3661895,TREND
81df4e044e8b9d930b0b,3661896,TREND
887bbcc17bffb7788ce3,3661897,TREND
1f276ff02bbae80f73ea,3662987,UNCERTAIN
447197787eb452f279a7,3662988,TREND
7f1fd3d8e762dd7f9e3e,3662996,UNCERTAIN
435756b3c4541778d533,3662998,TREND
0c971384b872562f6e32,3662999,REVERSION
d6a6012834884bf281d1,3664112,REVERSION
ab58a601932196492f00,3664114,REVERSION
981a98a132207411be13,3664119,TREND
0f18d3a9747b189201cc,3664121,TREND
18a15db358f202a4e4a7,3664125,REVERSION
d53949351611d2221277,3664352,TREND
e02ebc5d2937181d81fe,3664353,TREND
daf2209a5726902aab3f,3664356,REVERSION
0cb1e35236565a764876,3664357,UNCERTAIN
ba78ae7830874ad5ca3d,3664361,REVERSION
66aacaa46befa9d55484,3664412,UNCERTAIN
2935cd60a059d903f0d2,3664416,TREND
be0791c8aeaff8a84831,3664418,TREND
16f8fad9252bf9be760d,3664419,TREND
7afd0c6638d693079200,3664423,TREND
51bc3dcce9e581ac757a,3664459,UNCERTAIN
fb40024229f20183c8d6,3664461,TREND
1071fc2396266f535fba,3664462,UNCERTAIN
8d2bf2fda9e5ad6b149c,3664463,TREND
cc783d62506388170c27,3664466,UNCERTAIN
a302ef4a7e8e1a61a7ed,3664580,UNCERTAIN
1a9041b3b5d70f03c921,3664583,UNCERTAIN
9999ad6ab45bce8d6558,3664586,REVERSION
e54684b01acdc6f844e4,3664592,UNCERTAIN
cbe46ce67e060b3bae09,3664595,REVERSION
9ca5c4e44925c940e152,3664668,UNCERTAIN
0b08f3b28cf611b7e6c4,3664671,UNCERTAIN
e30e7108f18fd83e1ca3,3664674,REVERSION
552b4915051cbbfbf6b4,3664676,TREND
edd90a8707241baefee3,3664680,UNCERTAIN
f45189d6a88dde541772,3668033,UNCERTAIN
827638ff2c6f8b4d2738,3668034,REVERSION
22dec68572186e9684d3,3668035,TREND
30e64b2a68eeed445a7f,3668036,REVERSION
20be8bdbc53d2ec43665,3668037,TREND
7773b2457cb6e509b933,3668038,TREND
a4068a5e59847a63e9fa,3668041,TREND
6c374df07abd998f0bb1,3668046,REVERSION
981c4b0ea7c35748b31b,3668048,REVERSION
e4bfed3c31734f87bb49,3668049,REVERSION
eecf00159a4f6ed87cd0,3668050,REVERSION
0cf22a90fbc4eb1e7a41,3668052,REVERSION
be06e12c33e78d3eb317,3668053,UNCERTAIN
ca7cdeb62fa767d0aa8e,3668054,TREND
8ed3dff094600bfc34ca,3668054,UNCERTAIN
6c7b9e74730d0157992b,3668054,UNCERTAIN
aedb3e3a887bd7252f08,3668055,UNCERTAIN
5dbf15de386464b03a88,3668057,TREND
1c11ec9d45d3015d32b2,3668058,TREND
2804831618e20f62cc9d,3668061,UNCERTAIN
efdb6af84a89fb3906a4,3668062,TREND
148d682df8b0d58fb05b,3668063,TREND
5c5c1b279fd38b46c31d,3668278,TREND
99c415595aaa6f284206,3668281,UNCERTAIN
a156f942948db141b2a2,3668282,UNCERTAIN
83d3b9b19149b47a0e8c,3668287,UNCERTAIN
bd5396565cccf54cf109,3668291,TREND
432d0db51d3a314ef056,3669038,UNCERTAIN
e6bd0e15c31175ff4287,3669043,UNCERTAIN
e403fedcbfeab2f80e33,3669045,UNCERTAIN
9b91e6cec6958208f6be,3669055,REVERSION
ce6b5170a7eb9a9c9556,3669059,UNCERTAIN
4ddeb1547ebafaccc5c2,3669130,REVERSION
1ac2b53084f292513fae,3669133,UNCERTAIN
2f83b7e90045915c7e6b,3669144,UNCERTAIN
15486c717ab73c8b2db0,3669147,REVERSION
6b4a4d3bc54f42cc01e0,3669154,TREND
dfa4e4ee3158171f5565,3669321,UNCERTAIN
0e7c7bcd295e85228987,3669325,TREND
a53ed79e9e9ead312ab7,3669336,TREND
89f07594e0240bb8d0a4,3669338,TREND
939ad678badebc4d6aad,3669346,REVERSION
fed535c76ac78b9b75d8,3669555,UNCERTAIN
e9ad48d0d466b8c5635b,3669560,REVERSION
d9da0fabf33c89052ff2,3669564,UNCERTAIN
0e6c8fe1d848481cba28,3669576,UNCERTAIN
8d3bc75a3d01cd433f5a,3669582,REVERSION
716cc582288a6a5fc200,3669692,UNCERTAIN
c95aa29ed3836280cbf8,3669696,REVERSION
0511e3327bb27840682a,3669698,UNCERTAIN
80a16f527c504af86044,3669702,UNCERTAIN
d6f777ad686195561a85,3669703,UNCERTAIN
8670fda699d8ba2c66c3,3669852,REVERSION
74969ecb2ff65931a462,3669856,TREND
639197db89def1a20a16,3669858,REVERSION
c6e6b31d4950b5da780b,3669860,REVERSION
f5a5da07d9ee09e29115,3669865,REVERSION
5b0e2eb13376667ebd14,3669897,UNCERTAIN
314291a0dce575c319d8,3669899,UNCERTAIN
d65e6f573bf73ae459fd,3669903,REVERSION
48e253ad1e221362f437,3669905,UNCERTAIN
655f5a8e02d420208028,3669906,UNCERTAIN
9f5111a069beadb30fa3,3669932,REVERSION
ac1f5a98ac5246db5653,3669933,TREND
c5be92769a08e4cdae70,3669938,REVERSION
83ead4bd2aa2de6c6fcb,3669940,UNCERTAIN
d7344fa843973d40cca5,3669948,UNCERTAIN
a8c63d77d83e795b68d5,3670010,UNCERTAIN
4ad6383985c9c787a03b,3670014,REVERSION
3bbbffe9cd8b8fb5f60e,3670017,REVERSION
6703a0613f9b5fe4538f,3670020,UNCERTAIN
370e5c42dc5e20e0b247,3670025,UNCERTAIN
d3ad380f13bca9b1171b,3670109,UNCERTAIN
5a786a364049bb7b7519,3670110,TREND
162d8c5be07ceb8d454a,3670118,UNCERTAIN
49dd1eb9df8563c34b6f,3670119,TREND
1b38c8778f4ff5094e01,3670122,TREND
11eb1470d40681c050e6,3670549,UNCERTAIN
498451753ef1c9df4214,3670551,UNCERTAIN
d9dacd32e179e046c65e,3670563,UNCERTAIN
6795075db5f6ed1601f3,3670567,UNCERTAIN
decd8a5717b2ed5068c5,3670570,TREND
61cf6d618e9931265cef,3670709,TREND
85cc712aad6692da332b,3670711,UNCERTAIN
a6a2c85d72e1dff50ba3,3670712,TREND
79143702c9109fafd87c,3670715,TREND
b51be4a5363c7cccba2a,3670716,TREND
618611b5b749b5f0f71a,3670907,REVERSION
c07ac4c26d8e4d6577a7,3670908,REVERSION
04aa628f5bedf8d5f276,3670912,REVERSION
456b586f25118936118f,3670919,UNCERTAIN
ff12c957246acb50944e,3670921,REVERSION
fceda9d9f19ad2719a07,3671131,UNCERTAIN
a580efb78dd0692a4664,3671138,UNCERTAIN
e5bd9ea3874033e32576,3671140,REVERSION
63f41644123835e2666b,3671141,UNCERTAIN
a62319b355368961e83d,3671142,UNCERTAIN
6ba8c0d8acb891ec6476,3671243,UNCERTAIN
f4e5ad1140ff99f47219,3671245,TREND
faafcad81f981a643f92,3671248,UNCERTAIN
b327dca4054c045ca934,3671251,TREND
614a046aed4de5033b08,3671256,TREND
9488ef1cb89263c14a71,3671289,UNCERTAIN
53f26d2341ccdd04cfee,3671292,TREND
987de08240d514e0bb6a,3671294,TREND
03af1dc000a8660bf076,3671300,REVERSION
44cebbf41fa1b1347c51,3671301,UNCERTAIN
d72320a071d40e75cca3,3671488,UNCERTAIN
108e241e5c5b4b9aca9a,3671492,REVERSION
e84b1933cafb9d6981a3,3671494,REVERSION
ccddcd52a99014e310ad,3671496,REVERSION
8d0148e5ff234869bad0,3671497,REVERSION
d067cd3ff07229c2e421,3672061,TREND
da91a175011f745e198e,3672068,TREND
d9389b731f6d8466a828,3672071,UNCERTAIN
1672cd3570b67bb747e1,3672072,UNCERTAIN
aad15aa8a54de5dfe117,3672073,TREND
b9a66036f5faa0cd743b,3672123,REVERSION
e3c86abc569cb1bc3cce,3672124,REVERSION
cc9373741d27cfc6c371,3672130,TREND
28b97e0ea9e7d2444b97,3672131,TREND
5c468936b4dff9bf78c3,3672134,UNCERTAIN
c8303df8c5ff1affca81,3672525,TREND
7536a99ac32f07fd3954,3672526,TREND
b0a14c92398a3420173d,3672529,TREND
4e8b068c631587cef530,3672530,TREND
b9234ae0ea546d33518c,3672540,TREND
28a38915119d99b57474,3672708,TREND
789f45067cfa49ba3456,3672711,UNCERTAIN
20acc74b2fe274b21d9f,3672716,REVERSION
9a84ab197dd1acd2cab5,3672718,UNCERTAIN
cb74e0bf6206d2ea9b8e,3672719,REVERSION
b2bc4729bff37ca2e3cb,3677437,TREND
556d22b5c9bb1019facd,3677454,UNCERTAIN
3d95628c6c76011480e6,3677455,TREND
1d9ee659dd6546cb20d3,3677457,UNCERTAIN
16f1a321290fa1eb14fa,3677460,UNCERTAIN
ef5cccae0180d466a0dd,3679990,UNCERTAIN
2c5a5c53bec9ab481a6f,3679996,REVERSION
a1e2c9ac7ad596392e53,3680002,UNCERTAIN
9c456fca1fb2e1a0e962,3680011,TREND
84d1442342c8f40a2816,3680013,TREND
d0c2aa279c6fc76e5c66,3681011,UNCERTAIN
ff350e6a7c4d1831ab43,3681014,UNCERTAIN
cccdea814aad0da651a6,3681015,REVERSION
f2580256a1300159f336,3681023,UNCERTAIN
7bf529ee90795ac32f1a,3681024,REVERSION
c35d23ad44c44e23a0d4,3681555,TREND
530b78ec368c6145aad7,3681557,TREND
b5aad3187b90e7d9c6d9,3681559,UNCERTAIN
b699c888609e738cf529,3681561,UNCERTAIN
aa68874e51bac6452bc4,3681562,UNCERTAIN
35ca7327a988c3eaca12,3681891,REVERSION
0fdf469892ae4d61e67a,3681893,TREND
36c24b40fface6b840e6,3681900,REVERSION
c827cde41d597e257f06,3681901,REVERSION
ae9223bfd16b55e344cb,3681903,UNCERTAIN
b241b075cdb48a735f08,3682134,TREND
0b11676f375516432119,3682138,UNCERTAIN
6b493a3d5ad201fdd8f2,3682139,UNCERTAIN
a49a2174884cc201025c,3682150,TREND
41fe4542444f7e5c7847,3682155,TREND
c9ca6b3285d44c1f6360,3682208,TREND
64efe514df1f4a6ff655,3682209,TREND
d569b6c451b3836438b2,3682213,TREND
8aa10c568ad916eb50e3,3682215,TREND
c8aa98dd16379bd351ca,3682220,TREND
b77b4acfc86abddbea10,3682349,TREND
abcfd7c5e11c3e16365c,3682352,TREND
6b53ca1a0ee171c783b3,3682357,TREND
ff7e7411d902b1136228,3682361,TREND
f2f133e5fecc5979d85a,3682362,UNCERTAIN
2305abef17f73f22e65f,3682616,REVERSION
79df178d6d0a54f43be6,3682618,UNCERTAIN
471e53fbc32fe819c14f,3682625,REVERSION
4ff4a3716f5b0e8beffe,3682628,UNCERTAIN
da0bfd495573cf725f79,3682629,UNCERTAIN
de6d8307e20c4d3e729b,3682853,UNCERTAIN
f0eeed9fe27c8a524dec,3682856,TREND
9952e4a10f9212fa5ac3,3682857,TREND
3190c06e247cfda33ea4,3682868,TREND
83e82bda667010d50571,3682877,UNCERTAIN
d050d6c13356cc30fd79,3683046,TREND
aa10d3436c8df239f4b7,3683047,UNCERTAIN
d770d4c8629605cc27db,3683049,TREND
54a3d18f4daee6e0dc89,3683057,TREND
67f48961a50e4d384020,3683059,TREND
92a27ee67be71b2ca53a,3683302,TREND
8a859b668736abda3a10,3683306,REVERSION
62f0932550fd22d09069,3683309,TREND
acf6860d61bc430546ce,3683312,REVERSION
084c781cb33115a1858e,3683314,TREND
fc2fd437d0dc669892f5,3683458,REVERSION
aaa625f8c2d16a028629,3683461,TREND
c4438dac1be8e2a9132c,3683465,UNCERTAIN
53b6dda5e9bc3c6b4625,3683468,UNCERTAIN
df3767f8eb8e3c61bd8d,3683469,REVERSION
1689e584ed440e36da52,3683900,UNCERTAIN
a692709fb87ca53fba44,3683903,REVERSION
e1f40e8cde97a8db2099,3683905,UNCERTAIN
ed692e99b89c2636c38c,3683918,REVERSION
6441cf95b7da667c98db,3683940,UNCERTAIN
5b0c1670fc40d72847e8,3684012,TREND
129746fecba0bc81bfd7,3684013,UNCERTAIN
986905fd45a670fc169d,3684015,UNCERTAIN
33bb198a0973c3a55504,3684018,TREND
5c44b4783989412a5d15,3684020,REVERSION
8fad5becbdfd51b42a79,3684508,UNCERTAIN
eaa52ed502f7784a1553,3684509,UNCERTAIN
ea13a192727e5dc8464e,3684513,UNCERTAIN
8eaddac80cbcc91c23a9,3684517,UNCERTAIN
8869c2068a2297043aca,3684518,UNCERTAIN
00f836469d8c1a4bb63b,3684885,UNCERTAIN
79bcf4afed2976625f8f,3684887,TREND
8cb17d8fa63f0e05a0f3,3684892,TREND
f3f05253e969e8801088,3684894,UNCERTAIN
78c3fb5b93f006e93953,3684897,UNCERTAIN
740dc02674143782fd0d,3685140,TREND
e6e26ec0b54678e77986,3685143,TREND
fac1d38783cb614ac053,3685149,TREND
75cc19106f2661350f6a,3685150,TREND
9e6e193dac3290cd0579,3685153,TREND
1057b637c24eee766116,3685191,REVERSION
dd7fe3b6f1397a84620a,3685197,UNCERTAIN
474ac5f2acfb1519017a,3685198,REVERSION
9c53835bd4321cbe1c85,3685199,TREND
ac09f2360d4fdfd71273,3685200,REVERSION
8dbc1346ef255c48eddb,3685432,UNCERTAIN
95c9a2efd0e332686928,3685433,UNCERTAIN
ee1250b7c8cb2cc75731,3685435,UNCERTAIN
a4cf08662c02822895ea,3685440,UNCERTAIN
3eec39e3c0e147d76321,3685442,REVERSION
51a8d5b6fdbdedc29690,3685700,TREND
668e59a854f281faa712,3685703,TREND
58f62a6643a387cdf687,3685706,UNCERTAIN
c36326f809aa9b5f5550,3685707,UNCERTAIN
b56fdde637c1d263f1e4,3685711,TREND
b44ca6528d023551feb1,3686001,REVERSION
27c412e8adb30c9d52c3,3686004,REVERSION
3212279ff67b28f64343,3686007,TREND
ebb282e03ee82ce096df,3686009,TREND
0e8af10763d76ecf7014,3686019,REVERSION
123129723ec8247d1fce,3686613,UNCERTAIN
89089b4d2257b44c6af0,3686617,TREND
7e00f8b29ea7525d9010,3686619,TREND
e7f2a044f20256bfa2be,3686625,UNCERTAIN
4149fa5537a7b14b59e9,3686636,TREND
7c3da9739ebb120d539c,3686724,REVERSION
85ef4be1f4a3f3db885c,3686725,UNCERTAIN
984598f034cfced06135,3686726,REVERSION
5d554f40cc8d0c7b2a9e,3686728,UNCERTAIN
8d2b73c561a7e372c7cb,3686741,REVERSION
4fcc79290439dc9bde8b,3686798,UNCERTAIN
2bbfb9473bf757bb664c,3686803,REVERSION
80b4172762435b41d082,3686805,REVERSION
0c54c11059b6f5a7e440,3686807,TREND
3ede1bd69497e77274be,3686822,UNCERTAIN
428fc5f2a3845fbb1ca1,3686878,TREND
fb63c365c6f4c7a40a4e,3686880,TREND
c54c5388dfb189788e9e,3686883,TREND
01f580b19b67281c56f8,3686910,TREND
b1c776901e7705d7cccd,3686913,TREND
e3c735f18faa9bc0f23b,3686945,TREND
5fdf79727adbc3368a09,3686948,UNCERTAIN
44994ed304bdb9b133af,3686949,UNCERTAIN
36aea92c71326c8d5895,3686953,UNCERTAIN
f8f60db35d501b705778,3686957,UNCERTAIN
fd6bd6f4f718ee5ff1a9,3687018,REVERSION
000240fdc4708e08da15,3687020,UNCERTAIN
15fd4414f871f7ae1d6f,3687023,REVERSION
80a88bd211fa7e133626,3687026,UNCERTAIN
03fe4735d29f052a08ef,3687028,TREND
0236a04946f56ab16f9a,3687281,REVERSION
61cd017d4a146859a22e,3687282,TREND
d1cffa7a61ee0761e05a,3687284,UNCERTAIN
2e5fd9b4e218e30d9128,3687286,TREND
1c28d4d48d359c1fd417,3687289,TREND
26112e93b89d2d6ea4f5,3687322,TREND
49359c8a36c3da88ad72,3687323,TREND
1daa5025e1279b05d8f5,3687327,TREND
6deda979a8c882dd8b7a,3687329,UNCERTAIN
6243b276b418547cef1f,3687330,TREND
fcd3f24fc25f959f05df,3687402,UNCERTAIN
c1e9fba573892c62852e,3687403,TREND
94e618f5361dc76d8eda,3687407,UNCERTAIN
f6b1f43d1b239653e744,3687408,UNCERTAIN
87efe2cf522bf5be32d8,3687414,TREND
6669411f45110b1c7fe3,3687477,UNCERTAIN
21afc6e28da2e2c5152a,3687478,UNCERTAIN
4b32eeb87fd7472dccd4,3687480,UNCERTAIN
781350d7343111225316,3687484,UNCERTAIN
356084789aa9f0251fc5,3687486,TREND
8105cba9f11a05af2c14,3687599,REVERSION
cd5110acc66bc4367cbe,3687603,REVERSION
e7f22d136dccc97fa17a,3687605,UNCERTAIN
136e7ce8f6143bd8075c,3687608,TREND
f43a80ea3c0746b61c24,3687609,UNCERTAIN
eac0020c4d12f042dc24,3687639,TREND
2c25f83b6d899f2f84c9,3687642,TREND
81c7c07a3e3c347f0630,3687645,TREND
76d3b40032e8448fa850,3687648,TREND
a7917204c1a2646744f4,3687649,UNCERTAIN
92991ea2bcb51aebfa6e,3687916,REVERSION
eea069982d33bca80ca8,3687919,REVERSION
d83f137d0e98f4c1b459,3687921,REVERSION
8253108e38a5dba0e2ab,3687924,REVERSION
94a2645e654d2d58fea1,3687927,REVERSION
478f741221b77d660ce6,3688024,UNCERTAIN
8bd7edb4f7750e058717,3688025,UNCERTAIN
cc7d57bd10a0569b5db0,3688029,UNCERTAIN
7967e7f75b57ae20f9a1,3688033,UNCERTAIN
bd121258e0dafca78871,3688037,REVERSION
6fd945db614a105200b0,3688382,TREND
05894261e8b2d63008ed,3688383,UNCERTAIN
7bcc9a9f6cee063226e4,3688384,REVERSION
0feb11e645333b3d5adc,3688387,REVERSION
97f955979b9c74468fa0,3688394,TREND
ff333452b7dd8a49b7ec,3688461,TREND
99c6530c7d5ca386fb3f,3688463,TREND
1e95b279693af68da719,3688468,TREND
5f7901e69ccdf2e9b36e,3688469,UNCERTAIN
a47ae46a14b6c12d4214,3688470,TREND
661701985050ad3288ec,3688625,QUIET
8545626b6357558513e3,3688631,TREND
3a5fe8c9bd87045dc107,3688632,QUIET
d8f6b1f8ad779ba3deed,3688635,QUIET
30679e37807f147b2d35,3688637,TREND
b03da17086d833912e35,3688820,UNCERTAIN
84cdfad02fe96eed8594,3688822,UNCERTAIN
b866b1c6297b910102a1,3688824,REVERSION
e519681122b5ef512fce,3688829,TREND
d883d46514785fc48384,3688838,QUIET
2f029089a2a9aa7c4fd8,3689399,QUIET
6fc9e760baa9c9f0b847,3689402,UNCERTAIN
93ca7ee451c15599136b,3689404,TREND
bbf4ece4303a98ad340d,3689405,QUIET
2b513ebc1e85b0d35ac6,3689411,QUIET
e6271e9352230808c3b1,3689438,QUIET
ea53e4028021cdeaf596,3689440,QUIET
32da842f31d2f84ffeca,3689441,UNCERTAIN
44a09daeb2ce4a3d845d,3689442,UNCERTAIN
7a0f7950edb4927a93c8,3689451,QUIET
8440f27e6170e9164cd9,3691056,QUIET
cf36ac16897f794e9d70,3691057,QUIET
b64ae53c1769c22d1a65,3691061,QUIET
ba89349427c300991f5d,3691063,QUIET
b1429e90368118fd2810,3691068,QUIET
c59404d4845ace9b6f0d,3691249,TREND
14d6082031a377cf89ef,3691250,UNCERTAIN
6e7c5f029aa11901ef0f,3691252,TREND
a87ed5e4a9eac79f0284,3691253,TREND
a1c72a295041d8b6dd44,3691263,UNCERTAIN
6416945eb74bba49d1eb,3691575,UNCERTAIN
051b50b3d672d1c3bc30,3691577,TREND
171e0d4100c4a77591f9,3691578,UNCERTAIN
5fb2cd8849a48b20d694,3691581,UNCERTAIN
7cda3db25b0af42d4e38,3691582,UNCERTAIN
9f20027e5a0d4fc32cff,3691603,TREND
a921df96692e733b5c0e,3691609,TREND
47f371ccaf1a4420db1f,3691611,TREND
f5746f902ea60105e8ff,3691614,TREND
10c8b591d4ee87403ec2,3691618,TREND
f3201ed20f80252ac7f0,3691636,REVERSION
7cf1a74181ad7a58d734,3691637,TREND
09e76c85e85c56871f67,3691638,REVERSION
ad55686926dd76a09300,3691643,TREND
4aa1c6b21a897dcb243d,3691644,UNCERTAIN
f2fbd2302bc69148f9c5,3691809,REVERSION
25d9f14c21c00ba42f9a,3691815,TREND
d1125b51f15f88c1b2bf,3691816,TREND
3fb32d277e874a1fc14a,3691819,TREND
b05951c0a0fb3673bb65,3691824,TREND
e89d230327870a8e9579,3691961,TREND
961d75dc9edb88bad7da,3691967,TREND
44ad13924d86989f9702,3691968,UNCERTAIN
88755f0266dd1386ab79,3691971,TREND
6851d6cc74f96749dcee,3691972,UNCERTAIN
16b3fd49b28f87a6e34b,3692009,UNCERTAIN
bf3a26a276c59c054374,3692016,REVERSION
22b1d0ad3200027e2930,3692018,TREND
017704e6fdd3ea994e5b,3692019,TREND
ebaa7446acd8b9d871d1,3692022,UNCERTAIN
572bb2748c0c12e79896,3692063,UNCERTAIN
027a52d08f85ecf92bb6,3692064,REVERSION
0be831da9af45b6d1d7d,3692066,UNCERTAIN
cd7604bbb1827d8febb3,3692069,UNCERTAIN
5b3de2969f1a6af5d4cc,3692072,UNCERTAIN
616f9c72a36e091a38fd,3692208,TREND
f5c3eacf4b05ea2113ce,3692212,UNCERTAIN
a23877e660e98b7f984b,3692213,UNCERTAIN
03a1acc0f273cd4183c7,3692220,TREND
9ec4d38db9593c0c6091,3692222,REVERSION
a2cca980249cd69afbfd,3692346,REVERSION
c713bca7bca59493211f,3692347,UNCERTAIN
a58ca336bc9f1d946b19,3692355,UNCERTAIN
559e9b0982df87604d4f,3692357,REVERSION
c20a35eeb6b848eea2db,3692358,REVERSION
d97f395f925147c9cd21,3692462,UNCERTAIN
d3de7be54fdbe30ef11d,3692464,TREND
73192ab8ce19b1979f1f,3692466,TREND
ab0b563a6e765b135861,3692472,UNCERTAIN
912b4b577ac17dae2f20,3692476,TREND
fa31f8c93446ecaa2f2a,3692504,UNCERTAIN
932d16ef0f247df8a560,3692505,TREND
660a03d9514a3dd29bbb,3692509,TREND
4b061de6f9690f96032b,3692511,UNCERTAIN
07b3715eebcae27c8090,3692514,UNCERTAIN
37745b1c60910859f88f,3692569,UNCERTAIN
a39c16e69cb52c3b57c1,3692574,UNCERTAIN
13394a04b9af7294a4fc,3692575,UNCERTAIN
d903c17b900e279c3ae5,3692579,UNCERTAIN
27e09e6fd9e29b6ed03d,3692582,TREND
e426e573fe32acaa183c,3692769,REVERSION
e35e94d2dc022356f4d4,3692773,UNCERTAIN
b02cfa008134b42c5e14,3692774,TREND
c416ff746287c65824aa,3692777,TREND
c93bca2fa832952e4e2f,3692780,TREND
a3b85807a06761f7f491,3693131,TREND
f3d6fed4e2039137a538,3693134,TREND
686b24bcabe508208ba4,3693136,TREND
fef4985d9ccd6c1097fb,3693138,TREND
5ee2193c592cd8b26843,3693139,QUIET
ad511946e5a76f81e21a,3693165,QUIET
fc9136ba4a16e7f9b6cd,3693166,QUIET
9e42da52ec66d0da099f,3693169,QUIET
94935455ee00d310d81d,3693173,QUIET
d5e123ee8243c0d1eb97,3693177,QUIET
b9d50c5b4aeada3a4cf7,3693257,TREND
059ec41a3f1c4f3d84c8,3693258,UNCERTAIN
d1b3b8a392eba8c35b99,3693262,QUIET
c3f0dc92c17b6dfb7627,3693269,QUIET
5cd2d0e10cd28fcde680,3693270,TREND
ccf0d69c2f014b21b4ea,3693443,QUIET
8beab69cfa1883486c4f,3693449,QUIET
e37dc51656539d0b83c8,3693450,UNCERTAIN
7cfe2a1b46c64332859c,3693454,QUIET
c00f4b860bdb5ad7eda2,3693457,QUIET
457201d0fbbbff338a2f,3693496,UNCERTAIN
0848f96ee67080f0c42a,3693500,QUIET
cb4acc90b4b37defa00a,3693506,QUIET
f0175e0ddb910c2f9fec,3693507,QUIET
386a066dbe2d0e11b153,3693509,UNCERTAIN
9865406857bbad6c865f,3693531,QUIET
44c3c6f6de269114960a,3693537,REVERSION
cc6b3d022c0ded3248b1,3693540,UNCERTAIN
20e078fd35569bb0ad13,3693541,QUIET
0a0d070fe2ad15645957,3693542,QUIET
825121a9f43086727143,3693731,QUIET
55e40003f29142902802,3693735,UNCERTAIN
d63a13bdbd60ddb99989,3693738,TREND
b84af43a5d043d9af746,3693740,QUIET
502b1f04113c218f7e22,3693741,UNCERTAIN
141d050f2903284529a4,3693783,TREND
22817bd780340a1c61ca,3693785,TREND
b16391491148dc1bf847,3693792,REVERSION
927060ff012c75954a49,3693796,UNCERTAIN
3ea121b51c79ca56a23e,3693798,UNCERTAIN
6c71fd00aaaaee2eb7b8,3694153,TREND
ba2b422c30eff63ae670,3694154,TREND
a4fa5993b8490410774c,3694159,TREND
28923da14b65e45b46c9,3694160,TREND
e362b633b7bb381acdb1,3694162,TREND
e00874291c25780d5d81,3694274,REVERSION
b4dc9297b3d12dba9a4b,3694275,UNCERTAIN
9428f441423677e8764c,3694279,TREND
6fb520e04a6acfe16b1e,3694284,UNCERTAIN
77740d95a52716611f61,3694287,UNCERTAIN
e8bbf97e27144914ef90,3695137,UNCERTAIN
3a1db5b90dd049fd56ef,3695141,UNCERTAIN
6d6eac9a0e30587e78a9,3695145,TREND
fdbfd3bd6285f781d5f7,3695150,REVERSION
cef6145d469bd773fa69,3695152,TREND
ab7bac592d45254c4b50,3695589,TREND
e40f026ba9c4f6b3f68b,3695593,TREND
e7a53d398923870773a8,3695594,TREND
be142859167230943388,3695604,REVERSION
5181a54ff9a41e4b45c2,3695607,UNCERTAIN
367098c943629a4fb412,3695733,TREND
63bf2a75a491757f4704,3695736,UNCERTAIN
b2ad1268aef78434878d,3695738,UNCERTAIN
cfac5bd4de19ef07e415,3695739,REVERSION
1234b033e1cae730ad49,3695744,TREND
d02a316e0ec10cdd9cee,3695867,REVERSION
0cd050898c6daff36486,3695869,REVERSION
99d2f421f202db7b0327,3695871,UNCERTAIN
08440b8cee220d2c69cd,3695874,REVERSION
8bb727ad9fd2feca92b0,3695879,REVERSION
347c1f20da48aaf9f96f,3696442,UNCERTAIN
f4f693cdc7212301f822,3696444,TREND
f6c9f9c8cb0110e467b9,3696451,TREND
dce2f505cfed11312abb,3696452,UNCERTAIN
11ed068e4922bf4b952d,3696454,TREND
f0475496de1c817b859a,3696549,UNCERTAIN
94e65105dc18f55302df,3696555,TREND
8a24dc4e53d83c740138,3696558,TREND
29f1d4510716f87cfc7e,3696561,TREND
87e8b9e4e9a64e6df5a0,3696564,TREND
fd289059b90e7d194332,3696707,UNCERTAIN
9e94559d0741714736fd,3696710,UNCERTAIN
43a796485136790c40ce,3696712,TREND
17138b57bacc011572d2,3696713,TREND
bd910e496d3a1463d272,3696718,UNCERTAIN
fe762046abd7ae21354d,3696904,UNCERTAIN
2429e9b897cb63fee6de,3696910,UNCERTAIN
1b0da1626440b18a86c3,3696912,TREND
378d012d90bbd0d54338,3696913,UNCERTAIN
128a34f1a7bb421e0f3d,3696916,REVERSION
d60f1eb9c9d4d2056bf4,3697226,UNCERTAIN
3c7e59f912fafee1ecd9,3697227,UNCERTAIN
3aecf1f4b65d5660f7a3,3697229,TREND
81ed9c37e16edf9dac1d,3697230,UNCERTAIN
9898f90d2b29bfcddb47,3697235,UNCERTAIN
304a3be45c945c85b719,3697387,UNCERTAIN
b127ab97ca805a8e67c6,3697397,REVERSION
1cc64cc89c927a2a472b,3697400,UNCERTAIN
60aed78a0c80c4f6b6e5,3697401,UNCERTAIN
fd899ec91ab6c3990926,3697404,TREND
d2a06ece08d789b9511f,3697631,REVERSION
bcc9a238f6c129faae6c,3697638,UNCERTAIN
c240ebb496f711557987,3697641,REVERSION
dc6d340175124d107740,3697645,UNCERTAIN
3e716f68a4fe3b733c3d,3697646,REVERSION
9e041e08a87bcfd56bcf,3697854,UNCERTAIN
cb387880c4b6febf6c90,3697860,UNCERTAIN
2785798fdce58e912ea5,3697866,TREND
30cb51bac36a2a16e881,3697867,UNCERTAIN
552fb9e66b9e9d1b7883,3697868,UNCERTAIN
f7d20cbee858162492a3,3697960,TREND
fb3cae09c49b56287a38,3697962,TREND
11cc9601a232767f4c6b,3697963,UNCERTAIN
2b79a0b8e3e99eefd39f,3697965,UNCERTAIN
f0a259af838e577b1df3,3697974,UNCERTAIN
fcde5756b0aaa4b8459b,3699147,UNCERTAIN
c09824441a553f29b1a3,3699148,REVERSION
c7a56ebc0bdd2660e39d,3699151,UNCERTAIN
7a692b356665e07f8e71,3699153,UNCERTAIN
8789411463764a9e85d6,3699154,UNCERTAIN
33319f807008d1268861,3700737,UNCERTAIN
fcc8c8cdecd698ae8472,3700739,UNCERTAIN
935c0daa5c857c7f3878,3700740,UNCERTAIN
f952274b478ce87ba42e,3700744,UNCERTAIN
06b950f06ed7ef4612b8,3700746,UNCERTAIN
eab888f867391c82dce0,3700927,UNCERTAIN
9ee036ba524b3a7d80ab,3700929,UNCERTAIN
ba251bd816334b220032,3700931,UNCERTAIN
f3deafa8f4108a5cacc7,3700933,REVERSION
ce1a64d2aa5398bec908,3700934,UNCERTAIN
4e491f591661493598d4,3701152,UNCERTAIN
b88e545a29ee4e6f14d4,3701156,UNCERTAIN
5b3ba1959ad81206f727,3701157,TREND
e67dea839a3b57010f33,3701159,REVERSION
b193fae62f4e5baca442,3701160,UNCERTAIN
08fca97e12adb8d2f70a,3701636,TREND
0184235c76a5a6ecd220,3701639,UNCERTAIN
adebf288878c70145452,3701641,REVERSION
ceec4387942dfbd4ff7e,3701648,TREND
a48ee72fc6d8015b5916,3701649,UNCERTAIN
14911068faf12c62005d,3701695,REVERSION
f7d311a411d5261f4fe9,3701699,REVERSION
92d66bf9cf246da32ed6,3701707,TREND
2f3c4edbeed15a743873,3701709,REVERSION
16c68e412ba5f7c8c754,3701718,REVERSION
a6500ecaffd8d4fd93cd,3702202,UNCERTAIN
7e05f8a43da38e72f15d,3702204,UNCERTAIN
9b9ee311202d3bb6a181,3702207,UNCERTAIN
064485222984a35d7a96,3702209,REVERSION
00ae455739288a0d2741,3702215,UNCERTAIN
46f967ad21c31061462b,3702245,REVERSION
acb7eacc54b2455faba1,3702246,REVERSION
cd33bcc8e6d234138409,3702250,UNCERTAIN
6b7e9f9707e36d0b8621,3702252,REVERSION
c7c8fd1f1b7c996f26a8,3702256,UNCERTAIN
3c0a90123876e5e91965,3702412,TREND
65b3b0a9b7f15d005584,3702416,UNCERTAIN
5d5f7d29a1f808ad68fc,3702422,TREND
9645ba74e85bbb185bd1,3702424,TREND
971d7dd6ec6f6a5c8dcd,3702425,TREND
3e0d88bfd2f9bd3b7910,3702442,UNCERTAIN
467e860d92add56be11d,3702450,TREND
ea8047cc93b063c4958e,3702455,TREND
67aee7e2b29cf065ff45,3702461,TREND
da063025c304bec73109,3702465,TREND
953ebcf0467d569a7fe8,3702639,UNCERTAIN
1b7b46c7c4d169321986,3702640,UNCERTAIN
9de69775089fa79e4a3f,3702641,UNCERTAIN
21bc9d34a7785524a671,3702642,UNCERTAIN
44223c861808dc89059d,3702648,UNCERTAIN
f01329bc26033bba1b1f,3703073,TREND
bcc6aa8beb12d165beea,3703077,TREND
4b07cd6def464a22b5b2,3703079,REVERSION
eddd6b2e691ee4d25940,3703080,TREND
a7a32537aa9e4d78d25c,3703081,REVERSION
b96f1433d188950004ec,3703185,REVERSION
934b4d079de04b764b16,3703188,REVERSION
cc4e8fb25fd26dbdfd6f,3703189,REVERSION
211ce813b5cf24f414b4,3703197,REVERSION
488d4a9505fd8e70f6bd,3703200,UNCERTAIN
3dae76ca66b444ff0beb,3703498,TREND
7ae9f9c8c9acb52aed38,3703501,TREND
613d786eabaa01f9bede,3703502,TREND
3af7c59a10f1195515c4,3703508,TREND
c48bc0d2f40fc0cd0c4d,3703509,REVERSION
1be9dbbfb0d9e0ff12f3,3703789,TREND
0eb70b513eaf6faa8fa1,3703792,REVERSION
67da18044c5bd0c80c7d,3703793,REVERSION
e3107bc213273fc1fce3,3703795,UNCERTAIN
d708d0a4d8d9a09b8ea5,3703799,TREND
b438b1b78acca3953912,3706047,REVERSION
60aa474c8e6217dbcb2b,3706048,REVERSION
9a9acb24ca7ba4fc0698,3706053,REVERSION
d8725ffe69dfb8974471,3706062,UNCERTAIN
9be2af49fb77ff929808,3706064,REVERSION
4e78cf80eabbd58c422a,3707398,REVERSION
cea9afdc5412994527a7,3707401,REVERSION
145ddebb3268a49c8254,3707405,TREND
65f8a5101a60c1ff83a2,3707406,TREND
65a77a75c79ccf7219f3,3707415,UNCERTAIN
ca9b802507c321d9624d,3708354,UNCERTAIN
069019dcdafcff21e46f,3708355,UNCERTAIN
cdc2d052b2a3b643e966,3708358,TREND
4d052f183e380685b2a4,3708364,REVERSION
3ddbd086d4178dd7ecb0,3708365,UNCERTAIN
0f4a9fcb161f81dc3354,3708607,UNCERTAIN
62c882b143e420e5f653,3708609,REVERSION
b851a76da500141c1c86,3708610,UNCERTAIN
0b21c1cbdab0dbb4db57,3708617,UNCERTAIN
b7edf0009a769346833f,3708618,UNCERTAIN
32134655ed618206815c,3708922,REVERSION
c0569c7ce2ca7b0b80e4,3708923,REVERSION
52e2c60c29bb3b29dfe3,3708927,UNCERTAIN
bb9d682bd8e7ea3c1e78,3708936,REVERSION
2d987cb5334aab3a0b3d,3708937,UNCERTAIN
e3405e641733910cea1d,3709190,TREND
8caeebbdb4952b2a52de,3709191,UNCERTAIN
f97470050cd7dee0b74a,3709192,REVERSION
f192950b83acf2f2b445,3709198,REVERSION
2c42e01ee76fee52a5f6,3709221,TREND
3a2c68664f034b1ce399,3709597,TREND
3c63ccb7e006d7b84693,3709603,TREND
8ea012d79dcbcf4bc0cd,3709608,UNCERTAIN
d67ba6a3e6907de6a5b7,3709609,TREND
4e09fa9d5a72dab22c2e,3709611,TREND
c066f4b3d064e8eeecab,3709788,REVERSION
ca0660b8d431e5e28406,3709792,REVERSION
b21fd7d653024fa0631c,3709795,REVERSION
7a2dfb10831028f27eda,3709796,UNCERTAIN
1b464046ffb9084c3703,3709800,UNCERTAIN
4e76e28dfcabdb6a0d36,3709908,UNCERTAIN
4961df211619d20f55fb,3709912,UNCERTAIN
cdce373b37bf4509f9d3,3709914,TREND
aa32e386a6fc86d788a3,3709917,REVERSION
dbbf76b35f644b0ca9b8,3709921,UNCERTAIN
fd5155f69b91003646d3,3709986,TREND
4c5ce75f063e2742e515,3709993,REVERSION
c9c8cabb6a100c9cff9c,3709996,REVERSION
96e63a0a4bdbebb280a3,3710007,UNCERTAIN
a8c93a99103a5066001a,3710010,REVERSION
a53fca4073b988e44a92,3710071,REVERSION
e1af7a53b4359846da96,3710078,REVERSION
bb11fe662d2131e02ac4,3710082,UNCERTAIN
5925c38dc44802bc5fe6,3710084,UNCERTAIN
76fce1185e51edd9639f,3710085,UNCERTAIN
69d2bf3491199578a575,3710187,UNCERTAIN
0d84ee0a77a2888c24b2,3710188,UNCERTAIN
b621acba13665ee6edd3,3710189,REVERSION
a83d6d8b9fb432611b15,3710192,UNCERTAIN
9566d10b6ab2cd3fc29e,3710194,UNCERTAIN
73588298e3ce911b7ab0,3710260,UNCERTAIN
21d8ac4101ce81f8ec78,3710261,UNCERTAIN
7e68594d650619168b9e,3710268,TREND
c4a2dac5452f2fe77efd,3710273,REVERSION
520a1e4e6810d1bcbfee,3710275,UNCERTAIN
b4f1c9d261be8df50d88,3710403,UNCERTAIN
789610ad4510cf4e4fa4,3710404,TREND
4bf5bdc0feeda94eca93,3710406,UNCERTAIN
64d34823668fe95df1ae,3710411,UNCERTAIN
7034329a5b858cf2152b,3710417,REVERSION
10d03fda5ec4a6ee2c53,3710479,REVERSION
889b178c3ed4c4f787b8,3710480,UNCERTAIN
ede4e770f24b162189d9,3710481,REVERSION
96d9471d58bdfa6a6442,3710483,REVERSION
52fd95b192bd4c298e69,3710484,REVERSION
b0aee4f5f5c1bd037af3,3710598,UNCERTAIN
1d9c9c4bce19bafa57fc,3710600,UNCERTAIN
e3bf23f1c3edba7dffaf,3710601,UNCERTAIN
2180affc2941cc18c456,3710602,UNCERTAIN
63e5a44660d1e043c9a3,3710604,REVERSION
b51df4bd63e70525de04,3710814,TREND
b4795e3f9f55ebc6637b,3710821,TREND
d74771cb6204ddd00b73,3710822,TREND
7ebe8b28659c0162111f,3710824,TREND
365c304f1f4ae715075a,3710827,TREND
69c60ac48f2133ae1bc0,3710999,REVERSION
34c2e27df8f2103415b0,3711001,REVERSION
902c656a449c36588b42,3711002,REVERSION
2ccf44474e5930f2393c,3711005,UNCERTAIN
333986c95d195ce6616b,3711011,REVERSION
a21b30605fb19b1f26f3,3711035,REVERSION
d331b5b3a8fb26e1360a,3711036,REVERSION
746f28f6a86d93d77c48,3711040,REVERSION
1abbc51012d701278170,3711046,REVERSION
bed0742c644ca0d53089,3711047,UNCERTAIN
431a71784ae051966320,3711111,TREND
1e0e6b5260c04e04750c,3711115,TREND
f9bca15a082adca1140f,3711119,TREND
00f7f7c51f098f8fb366,3711120,REVERSION
cc6b5f9e39473d2c69aa,3711124,TREND
84d97dd300d932c63304,3711346,TREND
09653c46875cf4bdd804,3711348,TREND
05945fb00978f4520a55,3711353,UNCERTAIN
c1a7ef645bd86f67a550,3711359,UNCERTAIN
df96ad68149a7cd51f85,3711366,TREND
8abb5b2019753d940c19,3711672,TREND
e3adc0a4059eb733c944,3711674,TREND
8b75ba8fe47043676382,3711678,TREND
62c9f67c08a5bb49310c,3711682,TREND
c736998d390e3f32686e,3711687,TREND
76f692751735ad2c66ef,3711723,REVERSION
162d642b256d4e900f27,3711726,UNCERTAIN
357dd994b71897606005,3711729,UNCERTAIN
1a96e289e8d3939cbe54,3711730,UNCERTAIN
e5748f8b47c68ec5ebf9,3711732,UNCERTAIN
6e57b8a223a43a88fda1,3712900,TREND
f6c76ca4455de4edcc01,3712907,UNCERTAIN
f945abddd7b34badbcb1,3712910,TREND
de033cac18d625a1a89d,3712913,TREND
9e249faa1694a1f0f7c3,3712915,TREND
a0dcf2eb33bf6699b7f2,3712994,TREND
b16819434011e9bd3654,3712997,TREND
c192e6eb4a168a6d5997,3712998,TREND
08e1ce67eeafb0e99442,3713003,UNCERTAIN
b568e743ae3aadee3e7e,3713004,UNCERTAIN
fb15313555f4f229f636,3713030,UNCERTAIN
eaeaf2f61225e947d4bd,3713031,TREND
aac280285a6976c2ff24,3713032,UNCERTAIN
f0b6035d828b399ce870,3713036,UNCERTAIN
8ddb933fe17336819afe,3713038,REVERSION
71478684ac50da4510f9,3713109,UNCERTAIN
a4f55edee6f6246019ce,3713110,TREND
b65a0a514434a72c1cf4,3713115,TREND
d31e2af35b9c589fe576,3713117,TREND
d7d6e4f6037328420ad6,3713118,TREND
f47d59ff948f771cb38b,3713198,TREND
9c5cc1f9eb766a9b624d,3713201,TREND
0e3016286e2c852388e1,3713202,UNCERTAIN
0af7b6b5f46fb90d0f12,3713204,TREND
6c24d4f24f1518774471,3713206,TREND
f2fbc3a2bdd77d44aaaa,3713456,REVERSION
a537cee4f93607c75589,3713458,TREND
d403d6e42694d0bffd3f,3713459,TREND
7c5f80f4804baf4419ba,3713461,UNCERTAIN
b548b8833f6aa58ec6f1,3713467,TREND
88fb347261338d242eb3,3716417,TREND
e4c051000dcfeaa15efb,3716426,UNCERTAIN
f1e93f033e9d06d536a1,3716429,REVERSION
c00eba292d6c56a696d1,3716432,REVERSION
6603607051c466570b70,3716436,REVERSION
ce5ebffd6d29ff4ddecb,3716718,UNCERTAIN
286190bd8dd8b79772ab,3716719,UNCERTAIN
57ed9cdff8b976ef96f4,3716721,UNCERTAIN
68279ab44a20dfd7377f,3716729,UNCERTAIN
34d11f64081a7f2a13b0,3716731,UNCERTAIN
69ce1e6e26f738ffbf70,3716803,REVERSION
e4b8b9a9cf553f4227e5,3716805,UNCERTAIN
5a92a1d735bc0b338527,3716809,UNCERTAIN
1e6aac95a1869e8c4712,3716810,UNCERTAIN
1850a0e9f02a7800590b,3716813,UNCERTAIN
028e3e2aa60950f541a3,3717264,TREND
2436e83fcf283c70fadf,3717266,REVERSION
9ff086e1c9d2ad5590ab,3717269,UNCERTAIN
d6305ea87877ce556a34,3717271,REVERSION
d0f13425c90c285afd9a,3717277,REVERSION
98bce744a148afc9ba20,3717326,UNCERTAIN
4604f93d5a51563018b5,3717327,UNCERTAIN
f75a0136363698fc6efa,3717330,REVERSION
7ca02f373094e1bce7be,3717331,UNCERTAIN
6377d53311ca14a2bff9,3717333,UNCERTAIN
f51b822aa60ad0332d87,3717703,UNCERTAIN
9bccf46a3d0595c60cc6,3717705,REVERSION
7c21f1150c3053e26727,3717714,UNCERTAIN
f72da2f9fc4441fb7b56,3717716,UNCERTAIN
4e1445c5341f28860b4e,3717718,UNCERTAIN
b94d2f663cb82c2c8c28,3717746,UNCERTAIN
7717b95288b6c54d751c,3717750,REVERSION
8f826d31556a9c915ca0,3717751,REVERSION
1650cbe04f9bb1a53074,3717757,UNCERTAIN
8ed5e29c1312c282dedf,3717758,REVERSION
c17287a85a5d6fae992d,3718490,REVERSION
7d7c20aeca62f1285b2b,3718494,REVERSION
3acff02303f3691598d1,3718500,UNCERTAIN
21f133ec948fae6de544,3718503,REVERSION
10e13a2ae5102c02e105,3718504,REVERSION
5ebb0ea2d3dc7179e854,3718677,REVERSION
4ba23f5fa4ab75afd300,3718678,REVERSION
6156eae75de8b19e83e9,3718681,REVERSION
c999b3c01cf6d47ae0dd,3718686,REVERSION
879646d7a00992594fdd,3718687,UNCERTAIN
25ad8e56ce6119cf5e3f,3718713,UNCERTAIN
3347d22407dc350868fa,3718714,TREND
3ddec9e15050e12835ef,3718715,REVERSION
c9bd7d43eab5bbd40fca,3718717,REVERSION
868827eade1b6d9d7173,3718727,TREND
33d947cd1e3aa517cced,3718801,TREND
ab69b263ab6307b8040e,3718804,TREND
73404df2a62efc07dd68,3718805,UNCERTAIN
cfaf1834d9a68e618fdd,3718810,REVERSION
67e69baa6ea07d590131,3718812,REVERSION
24bdaa779ac8dcba3e51,3718953,REVERSION
a8fd1ccf74eb2fb4c21b,3718956,UNCERTAIN
1e88a5935e1c1f5f7612,3718958,TREND
962f932ccf511b7e077a,3718964,REVERSION
5fdb7d1af3b611975318,3718966,REVERSION
18b721c369d4fd4f94a7,3719291,UNCERTAIN
b4ab0ad3ab8d7ffa7190,3719294,REVERSION
879fa3426c95195c269c,3719295,UNCERTAIN
1929adb13f2b38d7e872,3719296,UNCERTAIN
3ca824e2c8f8b58d59ed,3719298,UNCERTAIN
600bbbcd2910d25c160a,3719460,UNCERTAIN
a39359a4a0b7417761d6,3719463,REVERSION
f54963e3fd8e10df5a5f,3719465,REVERSION
b37435894947051c8946,3719466,UNCERTAIN
0d4bfabb775501e23f6e,3719469,REVERSION
99c9b5ec51e8711acb5b,3719521,TREND
fda4db525b1340737c2e,3719522,TREND
820e1eac811e7de40d5d,3719525,TREND
de9cd360da5126d8d387,3719527,TREND
3802f7abee30cf52c3d9,3719535,TREND
a4cb9533d964545d2cda,3719730,REVERSION
8b764f0a512445e0dc17,3719731,TREND
2d03897c00fe56918413,3719734,UNCERTAIN
a0853295f5139135fbd0,3719735,REVERSION
14e56e6b26f82add9218,3719737,REVERSION
df5c36a02ee67d6aea34,3719906,REVERSION
d5a1f723e147a2a24670,3719909,REVERSION
d522337e26d268bd8446,3719915,REVERSION
8b325da156a5ffbc1b50,3719918,TREND
8a363ff2d0870b817569,3719921,TREND
02a159e57737d26ad9b3,3719988,UNCERTAIN
68ebace3e65cfa8765f1,3719992,TREND
7ef732a7bcbd69a1e9e4,3719993,UNCERTAIN
8a6b0ad9f7bba795cb42,3719994,REVERSION
543c0a3592066429970c,3719999,REVERSION
4b64cb8b517527ab9550,3720379,UNCERTAIN
2e3cd4f40af8ee8d8186,3720380,TREND
fff25bc7f96bddf22fe9,3720383,UNCERTAIN
8796c02f919d79e1a91d,3720386,UNCERTAIN
3e2514c12cb022a42dc4,3720387,REVERSION
0f6e700377f7ef00da37,3720682,UNCERTAIN
4cc92ac966b104cf3c60,3720682,UNCERTAIN
f5a1930befd43476fb1a,3720682,UNCERTAIN
fb4d6c6645d5373731a6,3720684,TREND
a9c0871891befdc97d46,3720684,UNCERTAIN
2e7ae20a9e28a0d4ae89,3720684,UNCERTAIN
3888490e8f4b66b41531,3720689,TREND
4a36990440d7475ea915,3720689,UNCERTAIN
4616170fa88007dba7a7,3720689,UNCERTAIN
44f2acb3e4f7e2f6c1fb,3720690,UNCERTAIN
8ee16b2d71ff05ed6501,3720690,REVERSION
500f228074ddf08e090b,3720690,REVERSION
3ca8aeb7708f4b765aa3,3720694,TREND
38a5c19081d1d531b2f8,3720694,UNCERTAIN
a5ec121ced44179e2062,3720694,UNCERTAIN
bcd8dde660e5adc53286,3721120,TREND
3d35fb92493b7ad075db,3721120,TREND
9844fb99c090da9b5036,3721120,TREND
8caa089f939ee871bfbe,3721121,UNCERTAIN
a5c96c6105edfb271c4e,3721121,UNCERTAIN
c8e3f0fc2a4d7d08e8ad,3721121,REVERSION
c6c814f4de352d32a067,3721123,UNCERTAIN
e053eec31f418adfcf9d,3721123,UNCERTAIN
c5d97efe5fff51ba3244,3721123,UNCERTAIN
155851a5219fe7cb71e8,3721125,UNCERTAIN
7acacf9d5043b56e3fe5,3721125,UNCERTAIN
45ca7c5e90d11c5c83f5,3721125,UNCERTAIN
f7c3870817f3c3ffee9f,3721130,UNCERTAIN
b760b0c3f6aa6e817a25,3721130,UNCERTAIN
7b2934e5fd4a06de0876,3721130,REVERSION
48c3ac0928a12f1fc0b9,3721182,UNCERTAIN
2bad5de1d8f16b905133,3721182,UNCERTAIN
701a654c04d06ce63e9b,3721182,UNCERTAIN
8bc3043f5ee4084e9265,3721183,TREND
f7e4471a6212807d5f44,3721183,REVERSION
d9da6b66eb17921548e0,3721183,REVERSION
96de6fc53a8de29de286,3721184,TREND
bebc3e0ed3ce7b434945,3721184,REVERSION
3e6a86fecf298860590a,3721184,REVERSION
ff2c16837a1b540ca71a,3721185,REVERSION
508d36797fc0e39a87ed,3721185,TREND
55dd246d703e28751dec,3721191,UNCERTAIN
2ccdf870c93e16394eec,3721191,REVERSION
7e78161fe7620846abfb,3721191,REVERSION
53709784ed91c62dcc0b,3721442,TREND
7f60c82270edf35284d0,3721442,TREND
62469935e682d9927a8c,3721442,TREND
093cba6ac790dd66e204,3721445,UNCERTAIN
5a1cfc0120da71dc1946,3721445,UNCERTAIN
15b4281413edc0cc8436,3721445,UNCERTAIN
5b06dedad23a325e489e,3721448,UNCERTAIN
d73ccbed412c7364fde6,3721448,UNCERTAIN
5be9a507cfdbd77a3ee7,3721448,UNCERTAIN
abd97d660e7bd66db578,3721455,TREND
29e89e2bdb17e81f3817,3721455,TREND
213885b4a09dcc1ee6bb,3721455,TREND
3a589095a0f48d21acf2,3721456,TREND
447920f528404ab6d9e5,3721456,UNCERTAIN
19fcd2c4e9ab8314603d,3721456,UNCERTAIN
836a845db5a70791bbbb,3721918,REVERSION
ecf74a6810e7712a9e0e,3721918,REVERSION
3d169f8c7abb9800724a,3721920,REVERSION
d0d9c6849ef9ca650374,3721920,REVERSION
a8e7f14386c8953e7b69,3721926,REVERSION
44fe4977e27f5f991483,3721926,REVERSION
68781e83e81b8d98ea60,3721930,UNCERTAIN
94d046a63852147049f4,3721930,UNCERTAIN
f04838399c59dcc982a6,3721932,REVERSION
e94d59574717f59a2c06,3721932,REVERSION
2e37387f889d92639d4b,3722101,REVERSION
70724cedf520e2dc7e7e,3722101,REVERSION
120d71e292e7746bf14f,3722101,REVERSION
498db125b1f0e263f59d,3722103,REVERSION
8c2c4c78b7b43394a7d5,3722103,REVERSION
55ff18b7ba2b46fb7ec2,3722103,REVERSION
05fcedbd948e867e3574,3722106,REVERSION
b8d6d89fd72c9d767ebb,3722106,REVERSION
41ae9cfa4f6c38b18499,3722106,UNCERTAIN
62749c1b1eb555b2baf9,3722110,REVERSION
d22bd5b701d1a56129eb,3722110,REVERSION
b3afa5713010d6d30943,3722110,UNCERTAIN
57c75ebb296756abec55,3722111,REVERSION
0854f8d1b5cb0869635d,3722111,UNCERTAIN
b9e575e57a03914dfee2,3722111,UNCERTAIN
8b0c37363dfe595b5321,3722174,UNCERTAIN
ea2c84a46c3468188586,3722174,UNCERTAIN
f22057642356a722bdbe,3722174,REVERSION
51a7abf9b47be419a2fc,3722178,UNCERTAIN
1880d4917c3fd84b92ce,3722178,UNCERTAIN
35dfb8c95860b5fd62e9,3722178,REVERSION
98667f2dd807eaa2507f,3722181,TREND
787d8f004500773381e6,3722181,TREND
7765cf0dcd773afdef4f,3722181,TREND
774803801a890306b84a,3722182,REVERSION
9800c0147fb85a91a32a,3722182,REVERSION
a9b8579b34d5031b834e,3722182,REVERSION
b4fee768134a93971878,3722189,UNCERTAIN
be67319cd0e75fffdc87,3722189,REVERSION
3c2387ed96007adcb313,3722189,UNCERTAIN
a8939bff0f40b03d3063,3722290,TREND
105b2bffb83c2d40ee29,3722290,TREND
991bbb2193bcb8f6ef3c,3722290,UNCERTAIN
5b9d9f9d6861ca1596fd,3722291,TREND
04f5ebbcf08230ac0b63,3722291,UNCERTAIN
1474b438aa5a91a9b41e,3722291,UNCERTAIN
7c5edff47ebac0716d56,3722292,TREND
3739d8b7794d4559bd6f,3722292,TREND
3e37a26126a4ccd5b4ec,3722292,UNCERTAIN
bad68344fd8935dd6421,3722293,TREND
57b935050aa6ba1f3167,3722293,TREND
496f14b49fb3a781cb4c,3722293,UNCERTAIN
f3af6b8cf627467a379b,3722303,TREND
319538babed22fd1b7fe,3722303,UNCERTAIN
7f87d8fa3ac969d9db26,3722303,REVERSION
0008686457858a6bb4dd,3722372,REVERSION
9f058b263dc6d08093e2,3722372,UNCERTAIN
aae13d9bc59d21e6a831,3722372,UNCERTAIN
82eec5aaf5a20ca9af8e,3722373,TREND
47fa0bdc2ab2ff4ab18c,3722373,TREND
c9e03faa59a8ad391956,3722373,TREND
9b796a02261747e281ae,3722374,UNCERTAIN
b8e9abcce609a3168fac,3722374,UNCERTAIN
699b4560321a25a20200,3722374,UNCERTAIN
4363fe6271758a70929c,3722382,TREND
da4cfeb80de7e06a7d9d,3722382,UNCERTAIN
a1b0b120f1a7a7e76113,3722382,UNCERTAIN
b9b9f9b23896edc66ad6,3722383,TREND
e1ce9b19a33770abb25c,3722383,UNCERTAIN
6668f6d4d503c8acdacf,3722383,UNCERTAIN
925f9edec9cc19c0b67e,3722584,TREND
bdc4ceecf95b73779252,3722584,TREND
d959c19df76ce6297fb5,3722584,UNCERTAIN
5f1a91ddb8e06a38a1da,3722586,TREND
a4d145ee5f070284391c,3722586,TREND
aa9be1f473b1645da83e,3722586,TREND
6886915245518f9d25a4,3722587,TREND
8432aed985c61902643a,3722587,TREND
733997c49694a135c7d5,3722587,TREND
9dd99523554a30a500f6,3722593,TREND
0295b2eeefaacdb712f8,3722593,TREND
f848c7249dbfe26ca11d,3722593,TREND
add52230db0e5484c65e,3722595,TREND
bb131225c2069b816210,3722595,TREND
ee6576e42ec1c447c218,3722595,TREND
78276e1dfb328b68da3c,3722642,TREND
5e68caf0e2f6fa550ff3,3722642,UNCERTAIN
3f107597575a634322fa,3722642,UNCERTAIN
b2059400dd95041c5a33,3722643,TREND
637e0286b5a83379b6d7,3722643,UNCERTAIN
eb5b0a0d96d6dd85e927,3722643,UNCERTAIN
8f1401a5c1461aab9959,3722646,TREND
c13193f59122588ccb3b,3722646,UNCERTAIN
94f806e84e9d98d281a4,3722646,TREND
428a6fa471c6956fb5e4,3722650,TREND
f9733fad7330b812f9d5,3722650,UNCERTAIN
0e26dd68d9bdeb25b92b,3722650,UNCERTAIN
09680df867e3e4a19883,3722653,TREND
4900c5e14e27c63d0f92,3722653,TREND
c7406637757e1e59c2e7,3722653,TREND
7176c1f911cc01c8fa34,3723791,TREND
eda3bc7f4b1c77171cf0,3723791,UNCERTAIN
232dcfba7de964d9ce6e,3723791,UNCERTAIN
81925e22333fd40a758b,3723792,UNCERTAIN
4d7a102cc94d12cd13e4,3723792,UNCERTAIN
be566263eb2bce08b734,3723792,REVERSION
7afd5197b51bd578260a,3723800,TREND
519a36b8c76610bfc962,3723800,REVERSION
8448596baea63cff6d95,3723800,UNCERTAIN
dae6ef9398879d97b0b4,3723803,UNCERTAIN
72ee1ac19f7e5bbfc6ce,3723803,UNCERTAIN
cc2a3b91594a26e75b6d,3723803,REVERSION
edbddea79fcb20e392bd,3723805,REVERSION
938dc765ea9271a4bd54,3723805,UNCERTAIN
683b6c4200d72fceae47,3723805,REVERSION
cfe5a65e887b5829db78,3723958,UNCERTAIN
5a8e61628b13447cff85,3723958,UNCERTAIN
ed1227c7a08f4637e860,3723960,TREND
cdb09d8012926033520b,3723960,TREND
e165553622c2f69ddb87,3723961,TREND
3f8ccc99925aa66736a8,3723961,TREND
1be5de6b0780cc525a31,3723968,UNCERTAIN
02ce6fa08d270305d362,3723968,UNCERTAIN
a061f389d90c704e2dc1,3723970,UNCERTAIN
93e9fbc35278ac701086,3723970,TREND
f4a7a4840b3f1481c349,3724151,UNCERTAIN
774973fb69c818dc58fa,3724151,UNCERTAIN
2e3b6dfb0d4f6d39a692,3724151,UNCERTAIN
f8bc6275d6c27d4d80d8,3724154,UNCERTAIN
bd1e77e8b6a3af3eca11,3724154,UNCERTAIN
8b3ef1a121ee2acfdbda,3724154,REVERSION
47b960bc200f1596f2c5,3724161,UNCERTAIN
1d003fdb3974fa188446,3724161,UNCERTAIN
2baf0d1ae8335ec0ed2b,3724161,UNCERTAIN
d63d2c670b618e222d3c,3724163,UNCERTAIN
895c9222b1f282199dc6,3724163,UNCERTAIN
ef7a4aa9c560031c88bd,3724163,UNCERTAIN
56a850b460322d684b5c,3724164,TREND
2150d087cb44668a5b2d,3724164,TREND
fd5e227e1860f657985d,3724164,UNCERTAIN
cbc3775b8b086aea2cf9,3724241,UNCERTAIN
e1cd98bfc1ca25e6d0cb,3724241,UNCERTAIN
151d0e59c5b2284cfde9,3724241,UNCERTAIN
4284d776a0638227284e,3724242,REVERSION
47d414fcabc495fb4ff7,3724242,UNCERTAIN
139389442a716de3db9e,3724242,UNCERTAIN
705e2c97d59cbc054a22,3724246,REVERSION
8483bb2b15b7d7f80b33,3724246,UNCERTAIN
711237e5b39915b61991,3724253,REVERSION
cade5c961c8bed7339f0,3724253,REVERSION
b0ed3b0ac55ac77ec7a6,3724253,UNCERTAIN
d93b5e2af74972dec6ef,3724254,UNCERTAIN
e3eb33984075b62a7d26,3724254,UNCERTAIN
0f949906117cb290a687,3724254,UNCERTAIN
d0b827f183221f80e2ec,3724354,UNCERTAIN
d18505bb9a8fa7556ddd,3724354,UNCERTAIN
5919fc7ca68e5769dfe6,3724354,UNCERTAIN
550c42d636334b039ab7,3724359,UNCERTAIN
8d059d15f68cb8317e9b,3724359,UNCERTAIN
2aff511dc505885ecb9c,3724359,UNCERTAIN
c798218dd7ddee4aebd0,3724361,UNCERTAIN
2dbd2798f8d112534866,3724361,UNCERTAIN
2e9d46c0094875dda290,3724361,UNCERTAIN
941af461cdcebf4d50d7,3724365,UNCERTAIN
2e551a6443254172ddb2,3724365,UNCERTAIN
ae0d377bd9d6dbfeaf66,3724365,UNCERTAIN
4e3cf005c48480d94d33,3724366,UNCERTAIN
f94a64657098f40479cd,3724366,UNCERTAIN
416181c0412beaa617e7,3724541,UNCERTAIN
99ef133f3c08ee39ae92,3724541,UNCERTAIN
d4a7b9081be12377564a,3724541,UNCERTAIN
48731cd73d4a2d7e5138,3724543,TREND
ed37811102ec4e3e4137,3724543,UNCERTAIN
b22de0b853ffd98840d5,3724543,UNCERTAIN
38aba3863e07763c3a4b,3724545,TREND
c542b54b05a6b7c2811a,3724545,TREND
378b49b1a85799d2535e,3724553,UNCERTAIN
1bf38e9698c73aed078b,3724553,UNCERTAIN
2a32525f70993e86e699,3724553,UNCERTAIN
b4c43dc327fe800915d7,3724554,REVERSION
2c79401d6241fb5d28c5,3724554,UNCERTAIN
df28e46b907f896fa3c2,3724554,UNCERTAIN
4246c2f57b526a987b02,3724684,UNCERTAIN
962c489cae0d9a2effd3,3724684,UNCERTAIN
138d7b29a0092fbba477,3724684,UNCERTAIN
ba4d8c162dab43bc9a04,3724686,UNCERTAIN
ddf87349515e50882e97,3724686,REVERSION
6526f00f425397be8f93,3724686,REVERSION
f4d98b63951f335a4a5e,3724688,UNCERTAIN
89e72a74d86b5325e1fa,3724688,UNCERTAIN
8037983c00f84b03bd3b,3724688,UNCERTAIN
fa6a57c8c861a16fd50c,3724693,UNCERTAIN
adc1dfd20bfb7004e5a9,3724693,TREND
34dc1efdb912366701d2,3724693,UNCERTAIN
876fb25a1c5c6412f966,3724696,REVERSION
5984ac254f07bc511737,3724696,UNCERTAIN
4414d45fe05c9b64c946,3724696,REVERSION
5dcf0747e7bee7563523,3724850,UNCERTAIN
1d5a64c6717011cdaf10,3724850,UNCERTAIN
4252c34ca2d54dae2fdc,3724850,REVERSION
55b59163ff4e8f1e0663,3724852,UNCERTAIN
ec685275f1d0a508776a,3724852,UNCERTAIN
f1f6590b9f9fea12a837,3724852,UNCERTAIN
c5fb952d73be238ff59d,3724855,UNCERTAIN
3daac47af4d100c71341,3724855,REVERSION
13c096fb09b120e60d20,3724855,REVERSION
37e4a8db177564f57282,3724857,UNCERTAIN
138c21d550ef783e8bf3,3724857,REVERSION
d8c4f72ae3aa0cda4d10,3724857,REVERSION
69f76a4fd9bc3d89f495,3724862,TREND
f5c2e70767a5bc9c39a7,3724862,UNCERTAIN
cba434e2edc5ca966a9d,3724862,REVERSION
041650e5a81913d841c9,3725194,REVERSION
fe0adcd5feba8616afd5,3725194,REVERSION
882e86f7b9c5ff46b798,3725194,REVERSION
ccd85cc85d66c7d380dc,3725195,REVERSION
b78cff3d8c14c7f8fc39,3725195,REVERSION
8d0a79d04646827e26e5,3725195,REVERSION
3cf490e1789e242d5790,3725196,TREND
eb262c9b22d3b353fc95,3725196,UNCERTAIN
f494f4d08b605633b9e2,3725196,UNCERTAIN
ca44646c740edb86087d,3725200,TREND
8641a9d2fb909c02abc4,3725200,UNCERTAIN
ab89ec17dc3183fc94d9,3725200,UNCERTAIN
fbf208f620e9f44535ab,3725201,UNCERTAIN
6b9934606bf0bfc860af,3725201,UNCERTAIN
6ccadf1f03a760d5ff9e,3725201,REVERSION
bc0877224f7414449207,3725542,TREND
18968851a374974886c9,3725542,TREND
660280fb91c5e12e12f7,3725542,TREND
629599a1b67ec4db723e,3725546,UNCERTAIN
7c3cea440fcf39a9514c,3725546,REVERSION
f1c7df35d77d5a8dcf9d,3725546,REVERSION
300f21a9774c8d53deef,3725550,REVERSION
c798d86d6fa28015e3ea,3725550,UNCERTAIN
d262303d9dcc57c7cad5,3725550,REVERSION
e4d4cda79e395a0558a4,3725551,REVERSION
6cb666066e36e1f89e38,3725551,TREND
a980a7c438c3eeeaad1b,3725551,UNCERTAIN
e361c5e946d9139f3e8b,3725554,REVERSION
3ad98d531b8db232648e,3725554,UNCERTAIN
31493b95ed452d4105a6,3725554,UNCERTAIN
3286e03704408bc45aca,3725902,UNCERTAIN
207fc84c7d31b9b75b08,3725902,UNCERTAIN
1f638a7a0e116a878a1a,3725902,UNCERTAIN
b9b95111fbd08324d73b,3725903,UNCERTAIN
d62281d9e32b5c262d23,3725903,UNCERTAIN
4988281f2f2e6b68077f,3725905,TREND
dab2285d10db3b9f5cd5,3725905,TREND
0b537f71308f6f04ed83,3725905,TREND
78560dfa3aba84f43207,3725907,TREND
7e33c9881d2f4134c6bc,3725907,TREND
518f5758859f9a15030b,3725907,TREND
39d179001797faf50050,3725912,TREND
60a69396be90e39f5604,3725912,TREND
7a8239067b5947bc68e6,3725912,TREND
77e411e55798c878b30a,3726248,REVERSION
5845582b4fcd563c9062,3726248,REVERSION
d3a6dcae459a6e14be0c,3726248,UNCERTAIN
5af2c7ba538cc3bda0ad,3726251,UNCERTAIN
ad49bcf08f755f6ce2b2,3726251,UNCERTAIN
60e5fb2e20d9693d0820,3726251,UNCERTAIN
eea3ca4d46bda6b7aaee,3726257,REVERSION
2804031d2548cc85de51,3726257,UNCERTAIN
22b4dad3e4f6f1d6f7aa,3726257,UNCERTAIN
a9cb6548dcdd28a84ea3,3726258,UNCERTAIN
47b88131ecbc944de377,3726258,UNCERTAIN
ba6e915f5bc016bf5abb,3726258,UNCERTAIN
664514802c9cf25f1d8b,3726260,REVERSION
99bd0a8cbef274a7fa0d,3726260,REVERSION
3d0d39b90b17ad42f709,3726260,REVERSION
3c537d2265942c52c8d6,3726339,TREND
03f65bb6af107058de1e,3726339,TREND
df8ea8bc69a28dcee6e2,3726339,TREND
d213416945a09dba9f9e,3726342,TREND
0173bc28938e1b479dca,3726342,TREND
28f4846c42ba7f1e6f73,3726342,TREND
e1ac4bdfe87c6b70d506,3726345,TREND
1788b7782f3bb6cc1317,3726345,TREND
02dba1b06cf165464df2,3726345,TREND
da4c3a3c76054e6a472d,3726347,TREND
45910ab6d1f670d62b92,3726347,UNCERTAIN
49f6dd1beecde524a971,3726351,TREND
8859032bf6a3199a861a,3726351,TREND
863b3b3c34f6ae5bedc4,3726351,TREND
81f76d38282752724449,3727504,UNCERTAIN
b55e663dc83adc74cf16,3727504,UNCERTAIN
782e5d7d45bf2cc32d92,3727504,UNCERTAIN
fd3360bbeb4be9f70d06,3727508,REVERSION
a69e53fa9cc151473e17,3727508,UNCERTAIN
d211f3d600611c3f8839,3727508,REVERSION
75f5c0de476c3242d698,3727511,REVERSION
2ba898ab19be619d77b1,3727511,REVERSION
1b31654763f673ac8c17,3727511,REVERSION
9dcb3011bea5e3818ba0,3727517,UNCERTAIN
f81146de45cd0bb3f799,3727517,UNCERTAIN
d65fd1a64dfcfac9bff2,3727517,REVERSION
759acb0084de1f15cae7,3727518,UNCERTAIN
bc11e072590abffff7c2,3727518,TREND
0c2cbb18e8e8836d115b,3727518,TREND
4ffefc015e2d3064145a,3727701,UNCERTAIN
d55e30a9c2a96aa9cddd,3727701,UNCERTAIN
123d2811c5091b74c7ed,3727701,UNCERTAIN
34ee1b59bfda2edf8146,3727703,UNCERTAIN
e0bc478ef2e94d4f6af9,3727703,REVERSION
73cc962db65011f2fbca,3727703,REVERSION
a9e4f9db605de1d11228,3727706,UNCERTAIN
26956ac980c7e3c51af8,3727706,TREND
83ee1781ce89b332df99,3727706,UNCERTAIN
e21babb1bd904b393d47,3727707,UNCERTAIN
7474ce5bbce8baf7b622,3727707,REVERSION
d1843ef3764cd4fee147,3727707,REVERSION
df04fa616f3b224dc21a,3727711,TREND
e33d61f1e1179478c31c,3727711,UNCERTAIN
0941874e1989d786d159,3727711,UNCERTAIN
43a8e74126b948dad028,3728146,TREND
7c7e88b3be76696f64d3,3728146,UNCERTAIN
5c9b86091331937ce278,3728146,TREND
236036a2c61b95259cc9,3728150,UNCERTAIN
65c34b1ccacc8f64f3b4,3728150,REVERSION
b7db628d273903938256,3728150,UNCERTAIN
166cc835aa067a66f34b,3728153,REVERSION
f91c8d5a5400a058a7a5,3728153,REVERSION
85e622b0c372611055b8,3728153,REVERSION
bf9fea75095e6bef547b,3728159,REVERSION
afaeedb421c6f74d2821,3728159,UNCERTAIN
1de4ba60470f5bb03962,3728159,TREND
e9ba828f4e31eae44ef4,3728160,UNCERTAIN
494c3b54656b330f7d42,3728160,REVERSION
b6125989874ceaa831c1,3728160,UNCERTAIN
c0506235fa9b5e1ac8c5,3728232,UNCERTAIN
132e1e2d42cfdb093db5,3728232,UNCERTAIN
dd83fb7c3607b3f1c92d,3728232,REVERSION
dc65e7530bb6a8e3e2bb,3728239,UNCERTAIN
4553ccb68d965bc86eac,3728239,UNCERTAIN
ddee647824069fae5777,3728239,REVERSION
c9ef1798c26afd31cbb1,3728242,TREND
a96d37c3eb12f527e8d6,3728242,REVERSION
6f247ecdd6c59924f2b2,3728242,REVERSION
ddc0cd28289b396c1101,3728244,UNCERTAIN
8a67f242e0b9e78ed3b5,3728244,UNCERTAIN
b540e02c5ca423d4f54e,3728244,REVERSION
f5097cb8c4db4e41d667,3728245,UNCERTAIN
e35a43ce692b2e3ed639,3728245,REVERSION
6a7579a42ed25a850c75,3728245,REVERSION
bac6431e29981b7b106b,3728934,TREND
c7f148f9af23eb3d0656,3728934,TREND
04c38fb8daa08a141973,3728934,TREND
bbbccd0557ec2de84221,3728937,TREND
957f6bc6e4652d0571d3,3728937,UNCERTAIN
835f451195e2f2c45f75,3728937,UNCERTAIN
4551d3477814a522f1e5,3728939,TREND
ae8e672bbebbe8ee22de,3728939,TREND
4d369dd14f9ace6f2919,3728939,TREND
62030d09ba60ddd8a3ed,3728943,TREND
a39afdcbfc05f8dc805a,3728943,UNCERTAIN
53ea9416723dc8dd83a3,3728943,UNCERTAIN
93d0de91710e2774f253,3728948,TREND
046352bb219f9b29807a,3728948,UNCERTAIN
5b555bb92a3527fef5b0,3728948,UNCERTAIN
79619008b299333f5bb1,3729414,REVERSION
029f6ccc01a790b2b8ea,3729414,REVERSION
76bf6091304f235935d8,3729414,REVERSION
46ad4534235125c93f02,3729416,REVERSION
a7c8006f65cdf47802cb,3729416,UNCERTAIN
8cad29f4a689ced40dd6,3729416,UNCERTAIN
8bbad1ed1571c1335c83,3729423,REVERSION
5212a532615f463f8354,3729423,REVERSION
1c5e6eb4d03e0cd3f0f7,3729423,UNCERTAIN
4a4ce70aaeff6953fc16,3729428,REVERSION
ed745d729e550098b002,3729428,UNCERTAIN
28c52ec4af2967141039,3729428,REVERSION
df1d062b63c81fb131ba,3729447,REVERSION
964c6f91c21d73c9f945,3729447,UNCERTAIN
9379e9a8e2fabcaefa08,3729447,REVERSION
063dbfcb667c5b27eef3,3730503,REVERSION
a02db631fcb31da51acb,3730503,UNCERTAIN
261e6f8d0366c4c29fe4,3730503,UNCERTAIN
2c3095bdcd79682f72b0,3730508,REVERSION
ca7854df6e7bd5342195,3730508,REVERSION
48aa2b571ca2290956f0,3730508,UNCERTAIN
db76516689bb06b465aa,3730511,REVERSION
6b5eacbbb6b8eea9a61a,3730511,REVERSION
51a1deb19042ce85b5aa,3730511,UNCERTAIN
ec16c3df970ccb263d4f,3730512,REVERSION
3664d2f47284aa42d3d4,3730512,UNCERTAIN
fcca575eb1d71567e3b0,3730512,REVERSION
dba681ec21a2531258dd,3730514,REVERSION
ac8db96888b4f5a47ad4,3730514,REVERSION
16e8378c8b2e129c3d36,3730514,UNCERTAIN
413634f632cb83b90ddd,3730688,TREND
5fae27096cf457ff1168,3730688,UNCERTAIN
2df0de1fad047d471683,3730688,UNCERTAIN
21765260d104f383d56c,3730690,TREND
550c4a513926629f3f92,3730690,UNCERTAIN
48a2c2003d78a038e508,3730690,UNCERTAIN
97632456d446be316d5f,3730691,TREND
fb4cacfc4b00835c054f,3730691,UNCERTAIN
fe39f396b5bbbfe81e96,3730691,UNCERTAIN
dcc163cd2ae9906c1122,3730693,TREND
de82e417f68ac15b47dc,3730693,TREND
3da25d4a23a0208985f0,3730693,UNCERTAIN
38bc16100543230cbb29,3730697,UNCERTAIN
07fb3c8958801182dd08,3730697,UNCERTAIN
56dc750516f701e0c8c6,3730697,UNCERTAIN
23dd1f93d01a354e9494,3731088,REVERSION
7d2dca31df5384163ce3,3731088,REVERSION
f944fc7156e5668e06ac,3731088,REVERSION
aa69871ab553611d8f9f,3731089,TREND
d57dd74a51d74277e8d2,3731089,UNCERTAIN
a1eae63255a5ccce3bee,3731089,REVERSION
36089b18acd81923944f,3731092,REVERSION
bdff188151dad0baecca,3731092,UNCERTAIN
15bd2a5178983278c314,3731092,UNCERTAIN
7caec1ba30c49291ae3f,3731097,UNCERTAIN
6d5f6c56b241ca70da3a,3731097,UNCERTAIN
1a5118bf769c138e3555,3731097,TREND
df2c20110315072a5161,3731100,UNCERTAIN
d501991f5f27be2fea61,3731100,UNCERTAIN
37c2ebcf3acb7b3ea623,3731100,UNCERTAIN
8308f82df13cbd2ae43f,3731192,UNCERTAIN
3e66dbf85e73c187713f,3731192,TREND
40e5fcaca07af9001f53,3731192,REVERSION
81b0784bb957a1a2c67d,3731195,REVERSION
1e3b1e092a0212b7615c,3731195,UNCERTAIN
062f45219b875de9827e,3731195,UNCERTAIN
8b8a57692a7840b90608,3731196,TREND
fce358c7caec14fbb317,3731196,TREND
b92ac7b8bbf91afaf613,3731196,REVERSION
b41be365b5ab27a2d875,3731197,TREND
e17ed0062897bf48492c,3731197,TREND
5d07383757249e45eb91,3731202,TREND
c27fc4197dcf9053cab8,3731202,UNCERTAIN
ea31046500ae10083787,3731202,UNCERTAIN
d5b3292e9f61ac07329b,3731232,REVERSION
c1ddc5cfd5ff2b4f0e9b,3731232,REVERSION
facb5be240249f001ba3,3731232,REVERSION
f61c42a5f09d19af2f02,3731235,UNCERTAIN
730cb48a165826f66d39,3731235,REVERSION
635ce1a316e1015bff0f,3731235,REVERSION
8334faf5c77b70bbf7c2,3731240,REVERSION
4696ca06b79690ac55ba,3731240,REVERSION
6d44799cb9deef53b5d8,3731240,REVERSION
8dddf0f0098df7629962,3731242,UNCERTAIN
8cda17e3f56fa0f2f155,3731242,REVERSION
2c43b30d270680456143,3731242,REVERSION
1b25eafcff3c33f64ded,3731246,TREND
8bb49ec4c4737f71c7f5,3731246,TREND
f71dcb00fd28f3fc3a78,3731246,TREND
87635baf26c5ff666392,3731329,TREND
f9d4916cf3d75837f5bb,3731329,TREND
070cb10442626bba69a3,3731329,UNCERTAIN
33e8fc1cabc63718a977,3731334,TREND
6dfb3fbcf49ab0807b65,3731334,TREND
7291e3ff82773063676d,3731334,UNCERTAIN
515d59f06ae1921762ad,3731336,TREND
d0bb64bb60dbb71127aa,3731336,TREND
231669f677dc1ac43324,3731336,TREND
8225a96a0d839c52f7ea,3731339,UNCERTAIN
97e8ff5ee2edfeb83fc9,3731339,TREND
838e2d6a422f9a253df1,3731339,UNCERTAIN
c0ac2f5e2ff47a7c0e1c,3731340,TREND
f2cc3b9161bd480421b9,3731340,TREND
c3671cf9ee07908a5580,3731340,TREND
f875f0899a31370e0685,3731479,REVERSION
c7f0d0c4d6337ea37127,3731479,UNCERTAIN
6a4e6071e3fb711588ea,3731479,REVERSION
fb4c9656a45ba898c671,3731482,TREND
d8bf2aa9e3fc7a894844,3731482,UNCERTAIN
4575b6ecfb69d294257c,3731482,UNCERTAIN
1a6d514c312b8bae5559,3731485,UNCERTAIN
5a6002b70d8a5fddbd2c,3731485,REVERSION
4e7727fb550660606a14,3731485,REVERSION
16c3e1e8d7f3496ccd93,3731489,REVERSION
d13136f959fe4509dc1f,3731489,REVERSION
c8800db922922497b66a,3731489,REVERSION
f0e3c49a0b3a1cd6a701,3731493,UNCERTAIN
426e9fcc579364bfdf60,3731493,UNCERTAIN
f0bf1426624c90255c1a,3731493,UNCERTAIN
8eeeb6003360ace98f2b,3731725,UNCERTAIN
f2f86ce21e2171e199e4,3731725,UNCERTAIN
464d5213ba934c895ab6,3731725,UNCERTAIN
bea3ff197b1941be1112,3731728,UNCERTAIN
6218af93bc6a0727e851,3731728,UNCERTAIN
b06b122c24da350d63c8,3731728,REVERSION
507e21f2a7d0378f4b4c,3731729,UNCERTAIN
26693f945638d19388f9,3731729,UNCERTAIN
196fc6374077723ea93f,3731729,UNCERTAIN
85cece3474803bd99d90,3731730,UNCERTAIN
8a6ad180a86e78412f40,3731730,UNCERTAIN
950ed3d24293caab19d4,3731731,TREND
d4d64b77f8c3b8548084,3731731,UNCERTAIN
f5aad910a63bf0ae65ac,3731731,UNCERTAIN
62bee3033c580280f7ee,3731810,UNCERTAIN
ac606ad7bbdc77aaa21e,3731810,UNCERTAIN
144c8ab9a167a063857f,3731810,UNCERTAIN
e6318104c3e3a5403602,3731816,REVERSION
c7a491c94e2f9b9932fb,3731816,REVERSION
fa5298393d09be5da2fe,3731816,UNCERTAIN
aee11a2022f363909001,3731817,REVERSION
7bad924f4f7154d65d79,3731817,UNCERTAIN
522307bdf5833257d9ec,3731817,TREND
735017c9de313924bd3e,3731818,UNCERTAIN
32a5a187fadb3ad69533,3731818,UNCERTAIN
4649a4d04a32b60f8c15,3731818,UNCERTAIN
b57651db0be6fbbe297d,3731820,TREND
da9efedd855fef2d184a,3731820,REVERSION
5bb725d7037607fcadac,3731820,UNCERTAIN
bb5788f3ec2f70d97a0b,3731858,UNCERTAIN
75db69fe8c86ad3b70c6,3731858,UNCERTAIN
65a338fc50e12cc2558a,3731858,REVERSION
edd975e3ec3899cdfb04,3731861,UNCERTAIN
85d852975a0a4d71fea4,3731861,REVERSION
19aca70d9586ee2df4c0,3731861,REVERSION
d2be1f0ea9925dd9aee9,3731864,UNCERTAIN
91af6771c6f2d2ed0f26,3731864,REVERSION
3246e64776055c120e4e,3731864,UNCERTAIN
d2ab8f06626516a98324,3731868,REVERSION
2227795df0e3d878150c,3731868,REVERSION
92e0ae4a389552472c89,3731868,REVERSION
8eba855d96e4935879af,3731870,UNCERTAIN
ee5f2a899d1c149d9565,3731870,REVERSION
bfb5a3507e2bc9b5851d,3731870,REVERSION
b97e1ebd9a8697543f7e,3732207,UNCERTAIN
0e9d7c329a6e95549373,3732207,UNCERTAIN
2ce7f83abe89858de637,3732207,UNCERTAIN
80fefa4e0812ac9bc240,3732208,REVERSION
5244ed6f800c2d2c587f,3732208,REVERSION
f115b7eddc4d8fc65a8a,3732208,UNCERTAIN
235c8127eec2323fc247,3732213,UNCERTAIN
26ef529402746b3c9737,3732213,REVERSION
855487e0bd59142f8e0c,3732213,REVERSION
68e282f1f4dfb2b9a62b,3732216,UNCERTAIN
0727ea42f1ccd9ada5ca,3732216,UNCERTAIN
2ec7fee8528793d29dbb,3732216,UNCERTAIN
eb4c3b7a4c8bd04586cd,3732217,REVERSION
7839a6874081432c8d90,3732217,UNCERTAIN
54cba745acce117430f8,3732217,UNCERTAIN
6cf7786f2b81ed52045a,3732309,UNCERTAIN
317aa61badd6f0e07fed,3732309,TREND
4ac8044d1d94e0a97100,3732309,TREND
bd04ac3ddb5b23dc5915,3732313,REVERSION
9291d95c40c628e0a20d,3732313,UNCERTAIN
05f2d6d78b31a08e94ea,3732313,UNCERTAIN
faf2fbe34a9632f1fec1,3732321,TREND
ae238c49bc29ccf83ba3,3732321,TREND
74c2b8fa449cbc6c74a5,3732321,TREND
4eae7ca3d73e9b927e41,3732333,UNCERTAIN
302e12802513ad8f5ba2,3732333,UNCERTAIN
58362039d2769952bad8,3732333,UNCERTAIN
fb044b99485855f5877e,3732334,REVERSION
67ee9b7f49bd4a19ee8a,3732334,REVERSION
b8624c25915deab79f5d,3732334,REVERSION
88750f59315e0314a6a0,3732447,REVERSION
7b7507aa2e98b9ce1ffe,3732447,UNCERTAIN
e959b3994c03e16612e9,3732447,TREND
04a77f2aa80241ef6e16,3732452,REVERSION
470309d4adb89b84ee79,3732452,REVERSION
87e95c751804490795f4,3732452,UNCERTAIN
0c2a7ee1da9e279d2e45,3732453,REVERSION
98bcc726a669d28b8e5e,3732453,REVERSION
0ce339bfe892a179c0eb,3732453,REVERSION
c1fde02320da731892cd,3732455,REVERSION
3f14fc5112b0ebfb8e2b,3732455,UNCERTAIN
ae89cd1128bf543e7764,3732455,UNCERTAIN
7f0e2ce25ac3fa08699f,3732458,UNCERTAIN
ddaa406ae3fa0f6a0a2f,3732458,TREND
a02e893b704756d01894,3732519,REVERSION
27aae01dc5662d59f832,3732519,UNCERTAIN
9f88ea06cdf33cd0be25,3732519,REVERSION
4141a80da3b37a295bc6,3732520,UNCERTAIN
c60503254e317ada29e9,3732520,UNCERTAIN
7fd5afe3c16636ce5719,3732520,UNCERTAIN
916fb6fbd3973f010492,3732521,UNCERTAIN
0dce0b43f7b792f5afb4,3732521,UNCERTAIN
5903fcbdb984db7cb650,3732521,UNCERTAIN
6c0f7490b8e28e274a9a,3732523,UNCERTAIN
5de62bae02934d477638,3732523,TREND
939f444f98ad6c9a5145,3732523,UNCERTAIN
17def01e9efdf5827a23,3732524,UNCERTAIN
d6be2421cd197eccd017,3732524,UNCERTAIN
67771b8ac131d7d6d717,3732524,UNCERTAIN
c135eced544baad17a49,3732802,UNCERTAIN
7d8eba9a3958cb5979b5,3732802,UNCERTAIN
aae61098315ca5d6a834,3732802,UNCERTAIN
5e50dade82dca7d4bc7d,3732806,UNCERTAIN
052cedd6335fae562f8f,3732806,UNCERTAIN
ec8e1ddff0e4b147a5a8,3732806,UNCERTAIN
15ac235046d4bf22ebf9,3732810,UNCERTAIN
e867d067c08f4744b782,3732810,REVERSION
9a8678211b7f63b46c49,3732810,REVERSION
818a6fa6d4458981114a,3732811,UNCERTAIN
751a465ba17007580ccf,3732811,UNCERTAIN
313e73cdee408510d5a8,3732811,REVERSION
c1f4d13a69da30996b35,3732814,UNCERTAIN
f33972f08ab194483a06,3732814,UNCERTAIN
06d45b38f33a0f63d411,3732814,UNCERTAIN
6c29d802a51c0e1db4e6,3732871,REVERSION
766ec4b6ac8bd60a2455,3732871,UNCERTAIN
d0361ad2e6e5de801ece,3732871,UNCERTAIN
c6937d355e2cc0a54bb6,3732880,REVERSION
3f2b74fe721b9330c0fc,3732880,REVERSION
5abcccf8ecae235bbc48,3732880,REVERSION
b7c870ead9f3f0884a50,3732893,UNCERTAIN
236e0bbd96d62f6f00dd,3732893,UNCERTAIN
5d5403cfce4892c5f9ce,3732893,REVERSION
4d8dc906f4d23b012238,3732896,UNCERTAIN
fcf467ec0c10d07d3480,3732896,UNCERTAIN
1f1e043e7c030a7dd039,3732896,UNCERTAIN
985b38094f8cbd0b0375,3732900,UNCERTAIN
57088677dc5b54644e60,3732900,TREND
f8d2eb2e04a245b5dbc3,3732900,UNCERTAIN
170e300cc78cfbe8b502,3733108,REVERSION
8d918ad5a47aec18af59,3733108,UNCERTAIN
141955b1bd6890b87011,3733108,UNCERTAIN
5cc14518eb559fa05688,3733109,UNCERTAIN
4abf81dcd438250331cc,3733109,UNCERTAIN
bb05365f9b8bb1c4e0d6,3733109,UNCERTAIN
7cb2cc9ef235a61932a6,3733117,TREND
e8bb39426a2658e67db0,3733117,TREND
ffb5d29cbd72da9c2f76,3733117,TREND
0e37df2ac4a4d905beaa,3733119,UNCERTAIN
5aa52f28f9a890399e22,3733119,UNCERTAIN
eb09a50c6e577545815c,3733122,REVERSION
401e410f7e78741bd64d,3733122,REVERSION
aba9873d49b6fe66db75,3733122,REVERSION
43cdaf949566adb3d433,3733183,UNCERTAIN
ae77135cfe57e039364d,3733183,UNCERTAIN
e7be40e60623b2166c4e,3733183,UNCERTAIN
111b3b57ce2cb8d1e710,3733186,UNCERTAIN
cd314a4c2eecaed5a735,3733186,UNCERTAIN
771758395845b76bfcda,3733186,UNCERTAIN
9879d926386b2b938573,3733188,UNCERTAIN
ad7bfda445f54152a6d8,3733188,UNCERTAIN
170619dfb7b86390b68a,3733188,UNCERTAIN
7c0cfdf27c1c7343c460,3733189,UNCERTAIN
d97d08676067980a2ee6,3733189,UNCERTAIN
a87b8908452ca169f615,3733189,UNCERTAIN
1133becb635652598733,3733194,UNCERTAIN
11419b4b0aabbc433c56,3733194,UNCERTAIN
fe48100be584928f1671,3733194,UNCERTAIN
537f5e5012e961ed4b73,3734256,UNCERTAIN
94a67a5f7d417e47e5e8,3734256,UNCERTAIN
162a4ae9e7c5843bf4a7,3734256,UNCERTAIN
8dad0670c540b75edf3c,3734258,REVERSION
2deb46644e25fc708d4d,3734258,UNCERTAIN
248ab51c7f54fb569045,3734258,REVERSION
e9904d10a0fc5f001240,3734262,REVERSION
c8c27c6ad2562e432995,3734262,UNCERTAIN
7484671ae072f9a0173f,3734262,UNCERTAIN
95c0a8414a3a941c2519,3734263,REVERSION
0b329b4a09c87f0472ea,3734263,UNCERTAIN
45a64fa60bcc3fe6a432,3734263,UNCERTAIN
65076ab465a8d851dd43,3734265,UNCERTAIN
408a4434c14f7ff7ce47,3734265,UNCERTAIN
56958ece0ea34173b65d,3734265,UNCERTAIN
77f6ebed5c25ed1be9a1,3734402,TREND
9efca0ede3839d36eedc,3734402,TREND
86cc21dc8338aed3e211,3734404,TREND
4f70b5f66603c03e2779,3734404,TREND
4c1f91db04616ee66c67,3734404,TREND
050bd5922119017eaed0,3734409,REVERSION
05f68384b79d6987ad84,3734409,REVERSION
8abb9897b64cc2bc56c7,3734409,REVERSION
5ac76604e6f66bba6123,3734410,UNCERTAIN
e25fd62acb32ebb369f8,3734410,UNCERTAIN
89bfba253f45530b4783,3734410,REVERSION
782688e80c6f743280dc,3734415,UNCERTAIN
a8cba1903ff287d46887,3734415,UNCERTAIN
b5d42f1bfe673faff911,3734415,UNCERTAIN
aa96fc6a0bae5cdc598b,3734588,TREND
a6f8569d4dbc4ca26b49,3734588,TREND
8aee9a5c20980743f774,3734588,TREND
89630a2e982bd929b337,3734589,TREND
52abb788cac23439004d,3734589,UNCERTAIN
2e2135d9801f6b4e5b24,3734589,UNCERTAIN
b678c44a64655dc07e65,3734591,TREND
e2ce6d093384709d170b,3734591,UNCERTAIN
fdaeec047ec2e8daba29,3734591,UNCERTAIN
099bfd9182f154dfda3f,3734599,TREND
9ee526fcd2f1c87f85d6,3734599,UNCERTAIN
beb60d584875907e2aa4,3734599,UNCERTAIN
a155a440bbb224d22f49,3734601,TREND
22ed1803b3d9eb70510d,3734601,UNCERTAIN
963a4bafe33c173c618c,3734601,UNCERTAIN
909abc23dfa64b6966e0,3734657,UNCERTAIN
1ca4f905ccea991758b0,3734657,UNCERTAIN
7f7ef2568ab5d8900bae,3734657,UNCERTAIN
c4066144dff7f832a90c,3734660,TREND
c8e3ea1acabf93b33d44,3734660,UNCERTAIN
bd45cb14106e99a10ef6,3734660,REVERSION
dabc541e827cad705838,3734664,TREND
8ff6b67616975814152b,3734664,REVERSION
c2c7c7a3b14770ec8c9a,3734664,REVERSION
8ffb07234cb2136b3ddb,3734669,TREND
81f8d0efb78f3b923545,3734669,UNCERTAIN
d3a3c6015823b059d728,3734669,UNCERTAIN
4e14a86c464e71be3000,3734670,UNCERTAIN
f4a72001ceb62924fbe7,3734670,UNCERTAIN
130e36c9d43d152a2b06,3734670,REVERSION
0bb9b7f532dd9070e707,3734794,UNCERTAIN
ab29147d853caf6ed5e7,3734794,UNCERTAIN
791541ff3b3e347f5e79,3734794,UNCERTAIN
118757dc946f09204630,3734796,TREND
3a27f0d5d9dcb5a67e5a,3734796,TREND
624590adf384ee4130f6,3734796,TREND
b5e226cd5305c63f702a,3734799,TREND
bfd56f8d1943e06a9c14,3734799,TREND
86bc625a46e5e430ed7e,3734799,TREND
b0fb03ba40de01f7baa9,3734800,TREND
ca13c04cfe1e80fd8f23,3734800,UNCERTAIN
9fb3b290f8e5898e622f,3734800,UNCERTAIN
03860a606dc42a717d81,3734805,TREND
eacdc306bc2cf615d80c,3734805,TREND
940daad20d079b797362,3734805,UNCERTAIN
7e79742fb5c40ad49ee2,3735037,UNCERTAIN
c0116fd5389827a5f4d3,3735037,UNCERTAIN
989fde161c94abc645f4,3735037,UNCERTAIN
c21c7b4016d5763b924f,3735038,TREND
3f843c010520b1c9aea4,3735038,UNCERTAIN
75cc6920b7a9bce385d3,3735038,UNCERTAIN
880c21fca670cd74c728,3735040,TREND
cb6a151389e3520fd94f,3735040,UNCERTAIN
443e97afc0ba3c30d3a4,3735040,UNCERTAIN
6bb8a3a85ae611e6141b,3735041,UNCERTAIN
7a6fa74dc5608b759125,3735041,REVERSION
df75a23eb231e564ffa1,3735041,REVERSION
24f7a75e01be68d3302d,3735049,TREND
afbeb1a0a3981e23c290,3735049,UNCERTAIN
493b7f86593da4a493dc,3735049,UNCERTAIN
5bf7d2100de5cb0ba830,3735098,REVERSION
d32883ed454d2dfc0888,3735098,REVERSION
7fc67a53f31e784b8a5f,3735098,REVERSION
8b5be767483cac8d7c06,3735099,REVERSION
94232ec1121855a3e53b,3735099,REVERSION
5b5cb5549f0ae90b6c2f,3735099,REVERSION
b1dd19902b3cf6946b09,3735103,REVERSION
3601efb33c787deb7b24,3735103,REVERSION
f2a55f013d8b6fe71a36,3735103,REVERSION
b6af654d372449049960,3735107,REVERSION
a01b8f6d7a8c1db8c133,3735107,REVERSION
8020e2c3a610a3beb747,3735107,REVERSION
ec0ce14a75e04559bb91,3735109,REVERSION
7d383a2bd2b321758906,3735109,REVERSION
ce874ad8d9f264cec9fc,3735109,REVERSION
5c95682456551b3a9402,3735168,UNCERTAIN
7b336bbdd766c2bc3991,3735168,UNCERTAIN
875b5e699dab8314987d,3735168,UNCERTAIN
4bc0acf366b9226ead96,3735172,UNCERTAIN
1def836265b3e0856c0b,3735172,UNCERTAIN
b892fd1415fa1a826622,3735172,UNCERTAIN
48baf570418a44dd09d6,3735174,REVERSION
6babb23d2cb859ce3fbd,3735174,REVERSION
254b258a6dafc4e68754,3735174,REVERSION
8e77e5fe49a43efd16b6,3735175,UNCERTAIN
7fa2c44d349f244fb1e3,3735175,UNCERTAIN
c7f705b9e0a657bc52a3,3735175,UNCERTAIN
e6d440c55399b0b9e080,3735181,REVERSION
8e285d488e21ab9a14ff,3735181,UNCERTAIN
f27a5dc680cb7f673f2a,3735181,UNCERTAIN
060bdafab3f0d931f879,3735372,REVERSION
af0befe15c321398a32b,3735372,UNCERTAIN
e296ddc333979ea208e9,3735372,UNCERTAIN
00b3efa20897112f4263,3735375,TREND
9d40362dec7f848832a7,3735375,TREND
abbbdd3b4c9a0c831753,3735375,TREND
a1fc2943cc1595a29c9a,3735376,UNCERTAIN
2b4270fd98486d4be28a,3735376,UNCERTAIN
2e09d3ea88aa637a1b05,3735376,UNCERTAIN
40b20d6978e07f9699b7,3735379,TREND
455b70e1c5d65f348c20,3735379,TREND
294b65c652901d7c0b14,3735379,TREND
4c296bda5959f51e7103,3735383,UNCERTAIN
1378aac7497e81a5da8a,3735383,UNCERTAIN
536203d1998f704b460e,3735383,UNCERTAIN
07354f015a6d468188f4,3735517,UNCERTAIN
bcc313cbef680624aa3c,3735517,UNCERTAIN
e7480780945d20b4b22d,3735517,UNCERTAIN
b77bfa50f2a5283b0690,3735521,REVERSION
0ecd25f41e84203d9765,3735521,TREND
dcccfede1505166ffc1e,3735521,UNCERTAIN
91184b0c252bbb9be8f4,3735522,REVERSION
b43f8150c1e2028a9c23,3735522,REVERSION
ec6b945929fd2b1e3d13,3735522,REVERSION
bebb585602be647be7b6,3735528,UNCERTAIN
24d6eeda983169141673,3735528,UNCERTAIN
a97a17b2be0ea7dacedb,3735528,UNCERTAIN
c751c6988312f15d8e26,3735529,UNCERTAIN
7c52eb7ffb7366a5f268,3735529,UNCERTAIN
e2e7a91be2f46a912214,3735529,REVERSION
9e06ceaee4424de42cf4,3735550,REVERSION
d1ee6ea9b2d1fe711f18,3735550,REVERSION
3897923a41f7d61ecca1,3735550,REVERSION
121e6f641854e85e7567,3735551,UNCERTAIN
0305f88fd3e9aec65470,3735551,REVERSION
b1794404daa2e97e3659,3735551,REVERSION
6758c01bec6248bc1d7f,3735554,REVERSION
a274a42599b92d13ff29,3735554,REVERSION
8ac746e741daee79af91,3735554,REVERSION
eacf9800a90cf574d1e1,3735557,UNCERTAIN
32e11af60ec8c44caebb,3735557,REVERSION
08590d189ce52f4a8926,3735557,REVERSION
1f553ef3b3d2bdbf4718,3735559,UNCERTAIN
a06a402190a5b7a9ee04,3735559,REVERSION
82a2dbfdd1ba9c01b3ca,3735559,REVERSION
c8a3522158f7ebfaecc5,3735583,UNCERTAIN
d55c78133a86326fe9c0,3735583,UNCERTAIN
077116be2c74d93eac02,3735583,UNCERTAIN
19089255e1fbbd727521,3735586,REVERSION
168ba9796e861a48f813,3735586,REVERSION
3770cd399d742dce3521,3735586,REVERSION
c4be9b11ea4109fc0e78,3735589,TREND
f8d18c1e78850ee31798,3735589,UNCERTAIN
15f0e95e946cb80bcdf7,3735589,UNCERTAIN
0891d5f1c0240152f359,3735593,REVERSION
7c4d625c1c67611d1f86,3735593,REVERSION
c3f66f2e13b4bc614fe6,3735593,REVERSION
7ef904905a3e737e795f,3735595,TREND
9a140f261b5444248766,3735595,UNCERTAIN
cfd42b046f7bcd219c53,3735595,UNCERTAIN
3a9b6713ee76695eebb0,3735656,UNCERTAIN
c3e80a3046427fcfb046,3735656,UNCERTAIN
788ac2a7061f36d1a13c,3735656,UNCERTAIN
d04f54b3e34cdce6e1a3,3735659,TREND
f4b649b08c24060ca2b5,3735659,REVERSION
6c7f4ecf75a1861ab3fc,3735659,REVERSION
3b7506ad1f58bb4cb711,3735660,TREND
e1e48618a21cf0a07a33,3735660,UNCERTAIN
cc54479203b917aa9958,3735660,UNCERTAIN
9aca7beb8f46b7da98bf,3735661,TREND
fd8ab05a6d78d92fcc4d,3735661,TREND
c6ade8b573a102e3e18b,3735661,UNCERTAIN
43e90ace0b59422c05d4,3735665,TREND
03224a8f38fc3da633f8,3735665,UNCERTAIN
915b4e04759e8f45014b,3735665,UNCERTAIN
43df4776e97a2e2a9432,3735895,UNCERTAIN
c1a6a7e2bed346aeedae,3735895,UNCERTAIN
0ca75c30a971b25d5fde,3735895,UNCERTAIN
0cac43c8bd2ab41d0324,3735898,TREND
fdd97f2a7477b431c0a2,3735898,UNCERTAIN
da917a5ae63623c1adc8,3735898,REVERSION
4ca05ebc4c097050c136,3735905,TREND
a5e6edcbd6d2d6e869ff,3735905,UNCERTAIN
bbef7dc4b27d0a817dc1,3735905,UNCERTAIN
56ec7718133f6e5ba94a,3735907,TREND
1b3d5343a864c6afe504,3735907,TREND
b0fbebe3ffd7e9da69e3,3735907,TREND
f83b965a866145b8f7a0,3735910,TREND
f84af73f6ae957fdc09a,3735910,TREND
7e780f258b2e0c71ef0f,3735910,TREND
94cc0b7f53ae942477e3,3735953,TREND
a85cc2a6d5c3caf2216e,3735953,UNCERTAIN
e8b62806255da65d09b1,3735953,UNCERTAIN
1cd3f5ef7bab1367a21c,3735954,UNCERTAIN
9099fd17051cc59128be,3735954,UNCERTAIN
735f6a391d4583c07159,3735954,UNCERTAIN
462d22e34057e3a89137,3735955,REVERSION
03a1ee02ebc2a42f1228,3735955,UNCERTAIN
68708135231cf9e6e16a,3735955,UNCERTAIN
b5eb01b414f986303ac2,3735957,UNCERTAIN
b4189221b3af90334c0f,3735957,UNCERTAIN
8dcfdee116feff856160,3735957,UNCERTAIN
335613438a41fe352e48,3735960,UNCERTAIN
f7693147b9a647f3f9c4,3735960,UNCERTAIN
ae662b79bf2b497e6899,3735960,REVERSION
054f53862b65832893f6,3736048,TREND
d0a5c66809e69f6c5778,3736048,UNCERTAIN
7983a872ffadca697edb,3736048,TREND
fdee5d5e9c7c478a9a24,3736049,TREND
13b4f33d444187915b2a,3736049,UNCERTAIN
0e798c120213aef39d5e,3736049,UNCERTAIN
10aa27dcd832f180d760,3736050,TREND
84960e8ce566ec2f3e65,3736050,UNCERTAIN
35b56f76c573d8db6daf,3736050,UNCERTAIN
4c378ba5e155730b610f,3736059,TREND
efe35e44e9aa44f91826,3736059,UNCERTAIN
9e389feebd067a6174e5,3736059,REVERSION
995d32b4d2564594eb0e,3736060,TREND
4ef181eaeae097ce84c9,3736060,UNCERTAIN
b8635c86e77e2c83fd95,3736060,UNCERTAIN
749dd06bb2bf88ea9fd3,3736309,UNCERTAIN
fa2646e17292c0b53919,3736309,UNCERTAIN
5fbf4ca42f1c7d257fd3,3736309,UNCERTAIN
21bb20467ee4e17f43b3,3736311,UNCERTAIN
f46b5a361a7d15419f90,3736311,REVERSION
6e8d2677a6f609bc6c59,3736311,UNCERTAIN
af7f16f019e0a6bedbf2,3736313,UNCERTAIN
de6848862b03f1f81bff,3736313,UNCERTAIN
014603079ac5ccb8e158,3736313,REVERSION
a4535cd36935c3c98b38,3736319,TREND
8d71ebeb93321c52d719,3736319,UNCERTAIN
6c87cdbdf2891dc79b39,3736319,UNCERTAIN
9b256d4f767c7ae90739,3736322,TREND
dccd54d9a8bb328d8ad1,3736322,UNCERTAIN
e20dae06f5b8d287ac2e,3736322,UNCERTAIN
aaf343ff3bc38a65c1a5,3736804,UNCERTAIN
cd635f32e0ce22a9447b,3736804,UNCERTAIN
cc5d97543f1bf750b4da,3736804,UNCERTAIN
ba56e740983f2aed4691,3736807,TREND
896391c7bc6a9d135b1b,3736807,UNCERTAIN
aa4e43fe8e20be632631,3736807,UNCERTAIN
e0ef0e1b90531a659cb8,3736810,UNCERTAIN
b3074e3b7f0f32ae0446,3736810,UNCERTAIN
6a020887dfba4946db2c,3736810,UNCERTAIN
1cf4444a64fa9e626c85,3736814,TREND
67b2a25558e62ff8eb68,3736814,UNCERTAIN
e2235623a654cacf8e6a,3736814,UNCERTAIN
60c17d7348a04b6c6add,3736817,UNCERTAIN
a8ef41b083b84ffa378d,3736817,UNCERTAIN
2736df853fac6dcfb314,3736817,UNCERTAIN
ac255dbc5d289e85894c,3736839,UNCERTAIN
aa44b62b08ff2166be1c,3736839,UNCERTAIN
ce1c775e7674afcdd58c,3736839,REVERSION
f5d3a345d29f0a11239f,3736840,UNCERTAIN
ebc9ac635e35eb0de594,3736840,REVERSION
1ab981ca55d15aba0805,3736840,UNCERTAIN
e78c600eae62969e093f,3736843,UNCERTAIN
ec3f19932d0f6e1a4188,3736843,UNCERTAIN
fbd9fa92cb24a6dc2541,3736843,UNCERTAIN
d8203e17cd698b190be3,3736846,UNCERTAIN
c78786fbad7aaf989071,3736846,UNCERTAIN
cde9e77c10829f1fe991,3736846,UNCERTAIN
bc392823ee0805926d9e,3736853,UNCERTAIN
71347c91735581511998,3736853,UNCERTAIN
4d1aa0d413afa41d11a7,3736853,UNCERTAIN
96f0a853b20f6ad17fab,3736872,UNCERTAIN
1939646edf52d42a9994,3736872,UNCERTAIN
e3060d788e6bd7634cab,3736872,REVERSION
a013d571194b4a6f8546,3736875,UNCERTAIN
9ce0682ae0a02ce0cde4,3736875,REVERSION
d5cfab9b3d33a3647920,3736875,REVERSION
e58e6786c4defeea1a92,3736877,UNCERTAIN
ec9e407058179f4ef634,3736877,REVERSION
4029ebc679a6c6760015,3736877,REVERSION
b28b3ef0a6d066b46a0a,3736882,TREND
ec68edbedd483a2cf3f0,3736882,REVERSION
b4899e5aee781c87942f,3736882,REVERSION
2731ba2b37fc08b05006,3736886,REVERSION
da49e2cb1ddf77a42fa7,3736886,REVERSION
c498cb2053bc6b70def0,3736886,REVERSION
e79ad39d1a81255031c2,3737139,REVERSION
ce6a31610b44b42a6e5b,3737139,UNCERTAIN
17dd729ddcfb86a48929,3737139,UNCERTAIN
030b96b63dd6b40d080c,3737141,UNCERTAIN
b6d6c6d1def4afe2bf40,3737141,UNCERTAIN
8fbaa9f4ffc3550dd563,3737141,UNCERTAIN
e04c6fad1a71aad9d4fd,3737142,TREND
add41387ef0dc58873f4,3737142,TREND
52a0cfcef4bfb1937ddb,3737142,TREND
2929092383d2cfe08121,3737144,UNCERTAIN
4006f87f407c4a02e702,3737144,UNCERTAIN
271cffb219c487c8e922,3737144,REVERSION
6d5b85c0a660de25fbe5,3737146,TREND
b0a03ec32ed3face0979,3737146,TREND
a42385a65d217eed6204,3737146,TREND
738f60b110102857312e,3737455,UNCERTAIN
291db89b9b7ed7dccb60,3737455,UNCERTAIN
462bca721fc0602ddcb8,3737455,UNCERTAIN
7ba1e8932ae65f4be896,3737456,TREND
3f9e58d01e2fb5be3b19,3737456,TREND
74f0228e2bd3ec1aae55,3737456,TREND
ae33cef9747c6010bbb8,3737458,TREND
611888095d403e879010,3737458,TREND
98adda86253e1cda0ac3,3737458,TREND
9e65b6e20a427f95b96f,3737460,TREND
3c986b717fc085e965aa,3737460,TREND
b2b2f56e72d6c8457835,3737460,TREND
e8853443a3a1822c7714,3737465,TREND
a0424165e5808a2e1b37,3737465,TREND
352a20b53c17fbdd1279,3737465,TREND
2af00e2160fdf7cee5de,3737545,REVERSION
f5350b79e4ee3bcf4c1a,3737545,UNCERTAIN
8a3d0b0b2d06f5853053,3737545,UNCERTAIN
9daeba66a3383fc53fc3,3737549,UNCERTAIN
d27b3ab40db5ceed25b7,3737549,REVERSION
598a791c4aa25ead37b1,3737549,UNCERTAIN
d36a86692e6723163f6c,3737551,TREND
72520504585264e19e17,3737551,UNCERTAIN
77d7defa0c5d881faa91,3737551,UNCERTAIN
69d4605c1b7b873e9ae1,3737552,REVERSION
aea84ca4ae36024ab0cf,3737552,TREND
c6ed8540e51d8f1133ba,3737552,UNCERTAIN
0c4b43a91bd0ed4a73bc,3737554,UNCERTAIN
3aefa55704bbaafd1d42,3737554,REVERSION
b6094514bff9d84347be,3737554,UNCERTAIN
8c309b445052c65b23d2,3737999,UNCERTAIN
e5a1b8f8519c6575a25b,3737999,UNCERTAIN
049198ca7178c6153298,3737999,UNCERTAIN
7aa24bc28b6ca8268bb4,3738000,UNCERTAIN
48f2d91cd5a9d9ab5490,3738000,UNCERTAIN
7dcf35e3527566e8bd21,3738000,UNCERTAIN
15c187179eac0e212e25,3738001,TREND
dba91e962a18a6c41147,3738001,TREND
de492e04a69e310ea54a,3738002,UNCERTAIN
5b71c43f31568eab87c0,3738002,UNCERTAIN
99ad20fcb6947951a96a,3738002,UNCERTAIN
1fa63a3894396980f674,3738004,TREND
849e435e23936e304ccb,3738004,UNCERTAIN
734642cf877da6a7114f,3738286,UNCERTAIN
a3f8fae7328b3d8d94e0,3738286,UNCERTAIN
78842be6536778cfdb0e,3738286,UNCERTAIN
f9f88eb72c7291828f9d,3738287,UNCERTAIN
e232482c5604a46f0197,3738287,UNCERTAIN
8b3c21dcc506007c9bb7,3738287,UNCERTAIN
06fe2b6334dda7202dad,3738288,REVERSION
787f0ab12bf4ee50a9a4,3738288,REVERSION
bf9cf0190de82b2a10a5,3738288,REVERSION
0049f73154521b0fd5ed,3738290,UNCERTAIN
e76d68df58b5886b3592,3738290,UNCERTAIN
9d96c22edf96917212c0,3738290,REVERSION
e91243b4414b0e458540,3738292,UNCERTAIN
3a9bb8a41b66b5aa11d0,3738292,UNCERTAIN
2d6a25796ad387c22247,3738292,UNCERTAIN
04b096dfd3e195efb321,3738390,TREND
13c62448e4a71d42940e,3738390,TREND
5ee2db274b1567693412,3738390,TREND
1d543afe2bccc8a71e32,3738392,TREND
ef64e0aa6298da3ce0d0,3738392,REVERSION
020add906bd0d0131007,3738392,UNCERTAIN
5b1df6385f0b2ef11955,3738395,TREND
2e9595df9b5dcc29f2b2,3738395,REVERSION
eed35409d6a4776bf333,3738395,UNCERTAIN
2438ab1faf88790eda42,3738397,TREND
716a1e9b03b2c3c5a26b,3738397,TREND
b0227ec1b82274962d99,3738397,TREND
9f13f0a9a6be75b35c8e,3738398,TREND
9c7e3b64312416e91699,3738398,UNCERTAIN
ef6d7ed16e0921e722be,3738398,UNCERTAIN
6f4e2fedc687b23a4d2e,3738507,UNCERTAIN
f978badb158241911be9,3738507,UNCERTAIN
47fdcaaefc698f52db63,3738507,UNCERTAIN
83a2791b92b59a1dd2e8,3738508,UNCERTAIN
e56cab38e6eef05e9085,3738508,REVERSION
c7820fedfd828351857c,3738508,REVERSION
882b3684c8ba6a78dec9,3738510,TREND
af62a2630b8fad58ee26,3738510,TREND
f1851aad172587e871b3,3738510,UNCERTAIN
53af92e7fbb77a0e170a,3738511,TREND
a43268f09a6c84893700,3738511,TREND
df2851a12cc9a7a16868,3738511,TREND
021464e2c0df50ba4291,3738513,UNCERTAIN
e372026743939dd4fe9e,3738513,REVERSION
faa15a90f002a214b4a8,3738513,REVERSION
7b7e521cd19e4fd625ea,3738625,REVERSION
e9185a5dc5ea309e2c32,3738625,REVERSION
18342e0fff77410ca9d3,3738625,UNCERTAIN
6f0fb5e2d936f73fcd3a,3738626,REVERSION
94f1a22ec144d4fe37a5,3738626,REVERSION
65ce4bf175625ab7b5aa,3738626,REVERSION
712eba8efe7c58449413,3738632,UNCERTAIN
b458726587716ca29405,3738632,UNCERTAIN
4f16a5407b4e97102685,3738632,UNCERTAIN
8a51481ebf3d8ecfb118,3738633,UNCERTAIN
ef1501b15c432b5860c6,3738633,REVERSION
79aa2ad4c47cbf9d244c,3738633,UNCERTAIN
f72e72546b16b938f5f2,3738636,UNCERTAIN
0c4c12f546b554fb2acf,3738636,REVERSION
b193f6befa243c1a7563,3738636,UNCERTAIN
aaeba7e6fe6985da5491,3738749,UNCERTAIN
782175bb7c3a5cf64379,3738749,TREND
db9381f85bfbaf33ce8b,3738749,TREND
3bf1993307e1339338e7,3738751,UNCERTAIN
39410e216fe0d5b003b8,3738751,UNCERTAIN
f573947e33c53322afed,3738751,TREND
5471eb0f25ced27b057a,3738756,UNCERTAIN
e2e215fcbdbc484db02a,3738756,TREND
9609b5babb8065cab33a,3738756,TREND
952375019d626413e15d,3738760,UNCERTAIN
06f55956cba3443f9249,3738760,UNCERTAIN
d2c98b269dd0ef7d9450,3738760,UNCERTAIN
c58d13d4a78371a053b7,3738761,TREND
dfcad76ca44949047d20,3738761,TREND
a147eb4ba6bbace028bc,3738761,TREND
b33ef56d984e4745b121,3738791,TREND
5954fb434d58fcd4e2ab,3738791,TREND
055b1f0561002a1a2317,3738795,TREND
a27c45b8aa9a642ea66e,3738795,TREND
ecb81b4a4d8c096d20ab,3738795,TREND
cc8c788826b7cd49404c,3738796,TREND
ce268c62d4806c701bf8,3738796,TREND
b512fb9f7b373629e112,3738796,TREND
373aa9b8d0760c537573,3738803,TREND
2b0df619aadfda63bfe3,3738803,TREND
ee93b9d136774bbfe462,3738803,TREND
05d637bdf0bd027c0f41,3738810,TREND
33f47f798e97b6b1fc86,3738810,UNCERTAIN
48bbc6324d79267400ce,3738810,TREND
5fd61fae34993fb4667b,3739049,TREND
b0b3e3bb4868aa9813fd,3739049,TREND
ed17b83480e55fa036b7,3739049,TREND
45fedf2c2f57180105f0,3739056,UNCERTAIN
66cd3009aad9303be112,3739056,UNCERTAIN
5260bd6e65124d306ce1,3739056,UNCERTAIN
65bc096c57873956b4b7,3739057,TREND
17c73f06889725d273c1,3739057,UNCERTAIN
9a3024b630ae117511d5,3739057,UNCERTAIN
a4fcc908cb67457a1c2c,3739059,UNCERTAIN
01b257097215ce6891bf,3739059,REVERSION
7daea5a1cbc556903e35,3739059,REVERSION
a1d2d8dc9dd4d3445bdc,3739062,UNCERTAIN
79ba23aeba33ac3e7534,3739062,UNCERTAIN
b363fcc92f93cef7a6c8,3739062,UNCERTAIN
94bf23546510d1f63717,3739121,UNCERTAIN
f48519a13970d3838578,3739121,UNCERTAIN
a3fa126c896c161339be,3739121,UNCERTAIN
b0854db29ccb8ad50ad7,3739127,TREND
2b80dc750b78e876141d,3739127,TREND
18ab513c850acabc04e2,3739127,TREND
3e22d5b3a2081191fd3b,3739131,TREND
f2ddf1014903777b1d88,3739131,UNCERTAIN
4e7cf17766f6af911b63,3739131,UNCERTAIN
0e1e6255f7aeda1d311c,3739135,TREND
6c7106aa46da8d5bea99,3739135,UNCERTAIN
8de6f1e28a915f3bc488,3739135,UNCERTAIN
df5dd4057a5bc0b0d99c,3739136,UNCERTAIN
6497794e2df085cf576b,3739136,UNCERTAIN
d083ee6dc773a2408349,3739136,TREND
a07d295ee0527083e7c0,3739616,TREND
b9fa0eb8edbf367a24ba,3739616,TREND
c4cb7c6965f880c17109,3739616,TREND
5c354438a5858e396f5e,3739622,TREND
8f9d0fe622afa7c74c1c,3739622,TREND
a67099c6cd17ca2f5122,3739622,TREND
3a1d3684c7fb7e94580b,3739625,TREND
d32c0c7db0620eeed52f,3739625,TREND
32718077c39386602b44,3739627,TREND
6f482f9e4e50d236d084,3739627,TREND
9dbe4777b7d471258fb8,3739628,TREND
dff36191e6d90baee69a,3739628,TREND
dba030db971645cd7fbc,3739628,TREND
4fe10a6766fe465d43c1,3739956,TREND
2f252289d766f1f88a22,3739956,TREND
733ae2d017cfdf262a77,3739960,TREND
e1e10bd3619bc2dc8f20,3739960,TREND
50d71ee377f2c3d113bd,3739960,TREND
65721f2835e720c5f718,3739962,TREND
414f000b3d4418eae0f8,3739962,TREND
0b8734a62a3cf2bd64c2,3739962,TREND
7128b5a64366521b9aab,3739963,TREND
32e2f91410143d005af0,3739963,TREND
0a737e1b808c0a015a75,3739964,TREND
b3d6254b3026a52a4804,3739964,TREND
0f21afd1f9dedb0fd6b4,3739964,TREND
7a5f3f5bec940ea2b664,3740276,REVERSION
3c390e3f33786f930f7d,3740276,REVERSION
0f864d9125e109ea9c4d,3740276,REVERSION
44dd08df21343a1dfefe,3740280,REVERSION
bf9064be8e44777f592d,3740280,REVERSION
63a054eae1f751d96ed2,3740280,REVERSION
5540094648edfdc317e0,3740281,REVERSION
604e493ca380a7035aec,3740281,REVERSION
2c93309c44e310149fd3,3740281,REVERSION
d17c3cee23210686bd3c,3740283,REVERSION
809b93626fad493868ad,3740283,REVERSION
9c4802a43970bdb82bab,3740283,REVERSION
aaee7e0dfd63f54aca43,3740289,UNCERTAIN
98c18b808613196d3b66,3740289,UNCERTAIN
7c6ab6506a24e794b7cf,3740289,UNCERTAIN
aa3e08d414d282bf0c85,3740684,UNCERTAIN
97e7f73618385b0c42a3,3740684,UNCERTAIN
fcc7dff31fe5e0f31925,3740684,UNCERTAIN
d1577a5e97da4fc848ee,3740685,UNCERTAIN
c5f7cb2ba8862d7b3e8f,3740685,UNCERTAIN
451d722eda0b01bfa411,3740685,UNCERTAIN
1eb79666d5516c0ba785,3740689,UNCERTAIN
048f0b4c8fc90d52f985,3740689,UNCERTAIN
bbe9f9e1ea5e2ba5aeac,3740689,REVERSION
c27837ad25b60d504df8,3740695,UNCERTAIN
cf40a4b0b5a0e995585b,3740695,UNCERTAIN
20b2352f80152f2766f6,3740695,UNCERTAIN
7f8775214572ea530ead,3740697,UNCERTAIN
fedd26919c602bed6b40,3740697,UNCERTAIN
e4b7dc5d0d4670ea021c,3740697,UNCERTAIN
a94e256084c6f2bedc38,3741530,REVERSION
ca98830022b0b26f26be,3741530,REVERSION
e50cf20b46e2bc260cc4,3741530,REVERSION
8abfe408f695ea7309f9,3741533,REVERSION
2206bdd3d259edadab5c,3741533,REVERSION
b3ac711ad794ec194aaf,3741533,REVERSION
ba77af771bc849e41879,3741538,UNCERTAIN
d37174a902bafedfe4f7,3741538,TREND
e83e8dc5e1737056fd06,3741541,UNCERTAIN
9fcdc5785f84c094d76f,3741541,TREND
b3359a289498a2d4007a,3741541,TREND
db8e678d2f9513b0aa6d,3741542,REVERSION
6daa1f221cfb15ee0ba6,3741542,REVERSION
b0688524606537aeaf75,3741542,REVERSION
aaffb942913782bbf39a,3741677,TREND
fe0e3495586de2bb0f18,3741677,UNCERTAIN
595b86eec9de893c59c8,3741677,TREND
2bb85eb5d262759254da,3741681,TREND
f935e55d9078ffe57c2f,3741681,REVERSION
e0da1e8bd5aecbef63b6,3741681,REVERSION
760b8aa8df7385c98d17,3741684,REVERSION
c5b7eccbdbd32433d2db,3741684,UNCERTAIN
4d61fe7c3e46616fc9c6,3741684,UNCERTAIN
dcdba05bfa7c5e95d9b4,3741686,REVERSION
a7cd92d0b1ce0c6227fe,3741686,UNCERTAIN
934972d1686d63782d01,3741686,UNCERTAIN
aac39eef354239cb6e73,3741687,REVERSION
4dd5441bc0f611e553c1,3741687,REVERSION
8f632bac571867ce3230,3741687,REVERSION
4648056e096258d7fa40,3741915,UNCERTAIN
d9401b8715cab5fa0bcd,3741915,UNCERTAIN
138066a37b052847487c,3741915,UNCERTAIN
e917a97084637f82e4ab,3741916,UNCERTAIN
383a98739c04161751a0,3741916,UNCERTAIN
b4ae45cba5924fce6269,3741916,UNCERTAIN
273b30655a8bd5591a09,3741921,TREND
c34cf552db247c64cc48,3741921,UNCERTAIN
93cbb7b55d3425e7f691,3741921,UNCERTAIN
e0a911b6f7628140c0b1,3741925,TREND
c63a2e911af3e079af9c,3741925,UNCERTAIN
1db0e246c2001b324131,3741925,UNCERTAIN
92718d976dcee30e9078,3741928,UNCERTAIN
295893226bd4bb20cf0f,3741928,UNCERTAIN
65d9a007024a6516eba7,3741928,UNCERTAIN
dff7d2ba40ec0b7d09a4,3742046,REVERSION
e700b878b0f91ee56a9c,3742046,REVERSION
0b4e6d49cafd525bfdc9,3742046,REVERSION
577b3179be10aef31881,3742047,UNCERTAIN
abd2f589d874cfbb4424,3742047,UNCERTAIN
a035010cd5ec6d98175f,3742047,UNCERTAIN
7bb77b87171298f1e6f3,3742052,UNCERTAIN
651ed3c0d9f4c51b88ab,3742052,REVERSION
fbbdd7715ce84f48c3a4,3742052,REVERSION
b1e74aa1e7988fe5bed0,3742056,REVERSION
c196da88984a119f03b3,3742056,REVERSION
c8270e31034e3770f615,3742056,REVERSION
c14c2f8e2584c664f718,3742057,REVERSION
f7dc5ae6095761b1617d,3742057,REVERSION
dd69b91cca94c749445c,3742057,REVERSION
77d03361c77dc037cb3b,3742311,TREND
539a7da62e955df05cad,3742311,UNCERTAIN
32cee38baaa5c1057b69,3742311,UNCERTAIN
0a7d990b93fee90108d9,3742316,TREND
d53e6c00e0266b6a5068,3742316,UNCERTAIN
3bfd4f2aaf0cde652d91,3742316,UNCERTAIN
6480523ebb638fab39db,3742317,TREND
e512fb6daaa5e6322469,3742317,REVERSION
3304efb10cb4b7e62e70,3742317,REVERSION
110079d81a4f33abb7cd,3742323,TREND
109e209f69dd8b8fc753,3742323,UNCERTAIN
87e638f7ff55daab2558,3742323,UNCERTAIN
147f9330035007b5896e,3742324,TREND
199f7079d0e5725f2098,3742324,UNCERTAIN
d4700e844e36d586bfcd,3742324,UNCERTAIN
c1113d53ed716ed62372,3742505,TREND
f9d724c6733f5c4567f8,3742505,UNCERTAIN
c71422749af776f896bc,3742505,UNCERTAIN
65bbb624328fd97857fe,3742507,TREND
eda194bdb81d030822a9,3742507,UNCERTAIN
f281bb058c17c2ef532d,3742507,UNCERTAIN
a480f163916bc57cdf2a,3742508,TREND
3c6fd3cb17d30dd3da9a,3742508,UNCERTAIN
8274b109c80c7e5aecd2,3742508,UNCERTAIN
1f22098d6e29860f512d,3742512,TREND
f1bb8c8063a5af1fe970,3742512,UNCERTAIN
302670be7ab18a69e65f,3742512,UNCERTAIN
81142c38315fce77f5f4,3742517,TREND
1896eed6adef158fc28a,3742517,UNCERTAIN
edde5fe1d4534ef1098e,3742517,UNCERTAIN
5f4f6483aec5e7e984ed,3742629,REVERSION
1de506acfeb3f9c333f2,3742629,UNCERTAIN
c7caeb2de2b8d8affc01,3742631,TREND
53aa2f74a7ea16b1fbcc,3742631,UNCERTAIN
2a5ad3731c7fb40d6010,3742635,TREND
56a880fa7fd06c30a10b,3742635,REVERSION
d546aad8ff65ae87de5a,3742638,TREND
6f70fcd3f943fa97466d,3742638,UNCERTAIN
fa5907fa302836e16450,3742642,TREND
ceb149f7e5f90bae8b71,3742642,UNCERTAIN
b80adb0d0cf1557b5638,3742683,UNCERTAIN
1ab23699939c79886612,3742683,TREND
4ec10f54665ec3d92e6f,3742683,TREND
fa11d3cc814e8619ef3a,3742685,UNCERTAIN
c6d6b39166a5eb853ea8,3742685,UNCERTAIN
c96ae75e1a6a73ad3c12,3742685,UNCERTAIN
7af7d27a594ae1eab7c1,3742686,TREND
b9b7499f27c64ed9c9b2,3742686,TREND
4d956e8eb054b3141608,3742686,TREND
6c1501bd8d2aa3d2591e,3742687,TREND
6949c910cb7dc70156e8,3742687,UNCERTAIN
20f0f6364d6eb9708624,3742687,UNCERTAIN
9b52faafea574791fc03,3742693,TREND
826362bacb7041ebf09f,3742693,TREND
aa2aba9b6008ac998192,3742693,UNCERTAIN
6cdc17c8e84e40bc4b91,3742757,TREND
47e648d2286b1a7d5b3e,3742757,TREND
80d81113c957a810e6d2,3742757,TREND
856fe601676ddb60c201,3742763,UNCERTAIN
ad3f33317a640a84103f,3742763,UNCERTAIN
2de851d026a103b48d29,3742763,UNCERTAIN
d6ea0d4aca251dbfc6ce,3742764,TREND
85c47eda163272a9a632,3742764,UNCERTAIN
d470209ac7f81b710c66,3742764,UNCERTAIN
e8b1aa1e56d3fd2c2d9f,3742765,TREND
13d9d46c7258385b5b60,3742765,UNCERTAIN
42a89b4c0de33a99fe7a,3742765,UNCERTAIN
c8ed1f52bf7beabdd62a,3742769,TREND
f2e5735d3e6f3301d1b7,3742769,UNCERTAIN
22810854342da334a3ca,3742769,UNCERTAIN
73f642b20720ce2d4a43,3742912,REVERSION
1757db411f4473ada862,3742912,REVERSION
71acd7d4264349a05c6c,3742912,REVERSION
1e2b2356ad8dbb188f18,3742916,REVERSION
698b11be26907037d366,3742916,REVERSION
75e07be4c4c5108d531e,3742916,REVERSION
4f2e9dca30147d2d8476,3742921,REVERSION
5fb6a5756eed93ea0eac,3742921,REVERSION
f89a816c78b760a37967,3742921,REVERSION
8d2fbe29780bcac5fadf,3742926,UNCERTAIN
887909e8964bb15d43a7,3742926,UNCERTAIN
2ef5a8e53e293e06efd1,3742926,REVERSION
6ac7126b7faf3b4947e7,3742929,UNCERTAIN
08ac63a2ea1b9ce2692e,3742929,UNCERTAIN
0b58f7b6dc1a183c5457,3743008,UNCERTAIN
c51ff3caa9df0b7c0182,3743008,UNCERTAIN
25beac08f60dfeb4720f,3743008,REVERSION
a3fdd79bae65236d4155,3743009,UNCERTAIN
12b98849a64b03ff0a52,3743009,UNCERTAIN
8616e6b84843b9021906,3743009,UNCERTAIN
604cc73e79a5bb4f3b85,3743011,UNCERTAIN
32e1c04aea78de9deb48,3743011,REVERSION
851598d38b82c6d2caff,3743011,REVERSION
1a2e17b679442a7a7f02,3743016,UNCERTAIN
9b665f08d17e0d8ca7bb,3743016,UNCERTAIN
9bcc5c1273412b131a2e,3743016,TREND
cc5e27199f5536d87884,3743018,UNCERTAIN
f018058117caa6e3ed54,3743018,UNCERTAIN
94c2ac3c9068f820bf2c,3743018,UNCERTAIN
ee45b06fb6b52a38bbcd,3743221,REVERSION
7202ba463a6e65c5fadd,3743221,UNCERTAIN
56fe77a8508589fd631a,3743222,REVERSION
0cae6aa86e1d0a7ddaa3,3743222,UNCERTAIN
a83b1f9092af212a507a,3743222,REVERSION
f5a26af74cd7b2c54573,3743227,REVERSION
a7a718ce64e5e6b71330,3743227,REVERSION
cfb265fd55818938179e,3743232,REVERSION
3c04b21cf418c85985c8,3743232,UNCERTAIN
6a3621a570d543160775,3743233,REVERSION
a9242db5ebca82aefa4c,3743233,UNCERTAIN
0541c4f7897768933f0a,3743233,UNCERTAIN
bf22f78f8f01c16cf004,3743425,TREND
77de612ac1a21957825e,3743425,UNCERTAIN
2c3725675d8153a94d2a,3743425,UNCERTAIN
2b3473a62bd6261fabdd,3743429,REVERSION
8678ec7318208ea01b79,3743429,REVERSION
9ee8431d37fa1c56103b,3743429,REVERSION
e22cac45bde9bc342b45,3743432,UNCERTAIN
563630172b77709f06c0,3743432,REVERSION
755fb12fee1858a7bb93,3743432,UNCERTAIN
342d4a506dd7d9a7275f,3743433,TREND
618fd11d98029a529d40,3743433,UNCERTAIN
047522784d54e485be4a,3743433,UNCERTAIN
19d89e12beb56c96b3fe,3743438,UNCERTAIN
e38136267106ec27d243,3743438,REVERSION
3524ee4154b1c4ee53e5,3743438,UNCERTAIN
868cba74203cb7514388,3744314,TREND
5b133eda97d894b2e864,3744314,UNCERTAIN
cea630d8bc687b3da70c,3744314,UNCERTAIN
41b4241b09d350318fe3,3744317,UNCERTAIN
a06dd4f4dc5f01ef0905,3744317,REVERSION
2aee744c7a7fe6906c8a,3744317,UNCERTAIN
b859d137804cd4d41fe0,3744319,TREND
ee216e325eb0cf84bc71,3744319,UNCERTAIN
35b78425156c8ebac8d2,3744319,UNCERTAIN
68c7e63b84083a2adbb7,3744325,TREND
46452dec900657c592af,3744325,UNCERTAIN
44f433bc901a2957093d,3744325,UNCERTAIN
7fd4cf680d145169e5b2,3744327,UNCERTAIN
a01ed8e8f8a93627147d,3744327,REVERSION
7af8e7a914f7de4cf5b4,3744327,UNCERTAIN
f4db03e82166d7b640e8,3744409,UNCERTAIN
f82d8aafcf2a42996edd,3744409,UNCERTAIN
f538f080e2f848bfe633,3744409,UNCERTAIN
790a280b94d99585b230,3744413,TREND
6b0eb5fd5cc00f6ffa98,3744413,TREND
53c286a77c6bb52b0a8d,3744413,TREND
065a0d5166cbebcfa3bd,3744416,TREND
c8bb80ecd206ce4b99c2,3744416,TREND
6e24dabd6bb6b4e5ac2b,3744416,UNCERTAIN
6141ffd79df6ff539e4f,3744417,TREND
cdca806f0543c9c7a4f2,3744417,UNCERTAIN
933c68b420a6cf4385d4,3744417,UNCERTAIN
3e8cc40e57798f9a351c,3744424,UNCERTAIN
b6ef849b9c7a1123ca12,3744424,UNCERTAIN
0c2bb776f98534bbfdac,3744424,REVERSION
b7035a4b3927d4e94ea6,3744573,TREND
fa05c0515fba1fadbeae,3744573,UNCERTAIN
aefa06dc914a1a83af7a,3744573,UNCERTAIN
5fabe3f093a785c3adb8,3744574,TREND
09d6f65796204b1079d4,3744574,TREND
68e55c86abb8b2e7965e,3744574,UNCERTAIN
a11e7e471cca5068e44e,3744577,UNCERTAIN
70f08f29bc17c9662e62,3744577,REVERSION
95f7c8f31a66c469133a,3744577,REVERSION
b4088fddf6a77ae01f1a,3744579,TREND
5d69c07f748ec5c12fd8,3744579,UNCERTAIN
78c4b946a2681a3b681a,3744579,UNCERTAIN
d268f2d058fa7485cb60,3744581,TREND
4548f2d4e0ae811bb494,3744581,TREND
860471c63dac45e45cc6,3744581,UNCERTAIN
99fc48fa755b551db03e,3745222,REVERSION
2f497ef831aa127b35c2,3745222,REVERSION
06626c36c633aa5d7bf1,3745222,REVERSION
77ee6cd6f1a308368440,3745225,REVERSION
96a6544732b713a05395,3745225,REVERSION
cb43ef010ad8541c1b78,3745225,REVERSION
4a6abea951a75027cd40,3745226,UNCERTAIN
3017965d62e44181b781,3745226,UNCERTAIN
2c1fda883a335446e276,3745226,UNCERTAIN
e869c8b4f2465821c33e,3745227,UNCERTAIN
b39ffbe8de7c8f138f2b,3745227,REVERSION
793a9187d4a54da793b6,3745227,REVERSION
99a7867c6e40aa7081a8,3745236,REVERSION
5f7bb815332363b85f2b,3745236,REVERSION
e8f4f7d771c020f5a1fd,3745236,REVERSION
39b7e2a13815e9adab02,3745358,TREND
a515c379bea28bfd65b8,3745358,UNCERTAIN
7cc8ced48b1c4a2afd33,3745358,REVERSION
4866d16ebcf9dfb2109c,3745360,TREND
1dc45b46ef6b25334581,3745360,UNCERTAIN
07002006b76a3c377c94,3745360,REVERSION
60e6a7427d7da57cd01b,3745361,TREND
9ceaa7e313397e2c9a6e,3745361,UNCERTAIN
5a597292883437d26461,3745361,REVERSION
b3fdc0c15b5d93219aeb,3745371,TREND
45bc1d38de89d7629fcc,3745371,UNCERTAIN
b2912299a6bc056e34ba,3745371,REVERSION
c49a4563368bac7d479c,3745373,TREND
42e3c4c08fe1341153ca,3745373,UNCERTAIN
9841b68808bda406271c,3745373,REVERSION
4bbac1b0e0f586e65c0c,3745406,UNCERTAIN
fdd4ea4831afb491b749,3745406,UNCERTAIN
1978c9757745d57e621b,3745406,UNCERTAIN
4908df462ccbb30a0614,3745409,UNCERTAIN
39164d0a9dc9ca113bc4,3745409,UNCERTAIN
84c23a375f836831c50a,3745409,UNCERTAIN
117088f201929f5e9007,3745413,UNCERTAIN
4a22e698b4a4c8989f4c,3745413,UNCERTAIN
72ce3922a9744a5b1568,3745413,UNCERTAIN
532be3d4411461b5ab92,3745416,UNCERTAIN
031fe9d93d035dac604e,3745416,UNCERTAIN
e508abddcf1e62cb2ea9,3745416,UNCERTAIN
b543c7bb096bbff631cb,3745419,UNCERTAIN
cfb2d5675ada35b8134b,3745419,UNCERTAIN
97a2ecbea50114d8edd0,3745419,UNCERTAIN
0c06571df68ac5db2517,3745535,UNCERTAIN
75df594f9bd1055196ca,3745535,REVERSION
d1a1e08f1dbe9778f03d,3745535,UNCERTAIN
a52df080b42465e0e661,3745540,REVERSION
89f4f767a538823d3ea6,3745540,UNCERTAIN
5fc5dd721b31a62937f1,3745540,UNCERTAIN
fae45860bf525eef373d,3745543,TREND
3378288bfa3152c4b2fe,3745543,TREND
b06bcd38b9b32126fa2e,3745543,UNCERTAIN
6fec3766f31d017b066e,3745546,TREND
3df91b9112470508ce08,3745546,UNCERTAIN
59f15e3e5594fe3cd4a9,3745546,UNCERTAIN
0d9d3086a2f11a26522e,3745547,REVERSION
412662ee9f026d7af9c2,3745547,UNCERTAIN
74185eb21beec3ae8e74,3745547,UNCERTAIN
bf17dc18709e6a975560,3745640,TREND
a639a28c80b59c4cc9b0,3745640,UNCERTAIN
df51454df2027549c1f1,3745640,UNCERTAIN
9fb04b91938e7e98fda6,3745642,TREND
33284c6d57823543669b,3745642,TREND
ea254161512eaa3757b9,3745642,TREND
4922c40a8a3557ef5a6e,3745644,TREND
95511d0222125e6b6a3c,3745644,TREND
beb34d9a3710adb3d5e8,3745644,TREND
9032fafa3b660839ca11,3745646,TREND
1c453705463b50497ce4,3745646,UNCERTAIN
c21b5a6026e36f2df622,3745646,UNCERTAIN
0e3f8158e65e52376c4a,3745648,TREND
4a799cdd1919bda7c017,3745648,TREND
3bf69ebef478af7739fc,3745648,TREND
2e1faffd3e538ce5c975,3746041,UNCERTAIN
314f0ae5e5e5d5a0ffcb,3746041,UNCERTAIN
950f44d4a262b57dd211,3746041,UNCERTAIN
f371aa42ede2c2c96403,3746042,UNCERTAIN
e86967e906acfd7550d5,3746042,UNCERTAIN
5d10158e2149b62c2c43,3746042,UNCERTAIN
5dac3bb55b7989c65422,3746043,UNCERTAIN
d0802704b3672a190d2a,3746043,UNCERTAIN
05504d65e42a234be017,3746043,UNCERTAIN
0dacc9ef35e767891270,3746044,UNCERTAIN
7bda42f44e79ba466a5f,3746044,UNCERTAIN
9165d5cbcbeb4121cbc1,3746044,UNCERTAIN
57589635676b19a51315,3746046,UNCERTAIN
776e8b5d2a380089a494,3746046,UNCERTAIN
df14baebac5adb623d02,3746046,UNCERTAIN
3cbb1224a0903f06a9dc,3746151,UNCERTAIN
7a68344896be0c5fa001,3746151,UNCERTAIN
d8df0a7eee24d99e29b0,3746151,REVERSION
4bad46b1c3accb71030b,3746153,UNCERTAIN
d25327c61a4bbe51ca14,3746153,REVERSION
452b67d6cc0e8ef33caf,3746153,REVERSION
ee15346aa5ea83cf672a,3746159,REVERSION
3eba4cc98e043da096d8,3746159,REVERSION
c3013ab26e29d304c195,3746159,REVERSION
9ac7bd2ae2953566d9c4,3746162,UNCERTAIN
c2405fc6b4958ef1a081,3746162,REVERSION
ee6520e78535db3627f9,3746162,REVERSION
85d3a9503c46aee86b0c,3746163,TREND
b8413d08c1c13d223d7c,3746163,UNCERTAIN
38c711aace5e6536b097,3746163,REVERSION
e19f627f87ec7b8d60f9,3746276,REVERSION
6844ed07040e044f8a92,3746276,REVERSION
0116abe0a544f8a091be,3746276,REVERSION
28c423f7e2f84ca1d982,3746366,UNCERTAIN
6a21dc32206dedd2b913,3746366,REVERSION
99a27b3cf9d51b65dc39,3746366,UNCERTAIN
d1cdb1d69feeb57d57c0,3746526,UNCERTAIN
07d793c74cb6e0b105b7,3746526,UNCERTAIN
f993954d85dae3e33969,3746526,UNCERTAIN
10963a1e1ae2302f84b6,3746594,TREND
360fe35879bd524a91d9,3746594,TREND
d462dccfa4364b3d67ae,3746594,TREND
88138e87633fb72e1923,3746707,REVERSION
80a150efd0d2df97b93c,3746707,REVERSION
5636fd8404d1d6daff5d,3746707,REVERSION
96a0b3aebd7653e60dce,3746805,UNCERTAIN
f49cd45a26bfa6e6d43e,3746805,UNCERTAIN
495f9f2e728091fb1bf5,3746805,UNCERTAIN
5ed895f1a84bccc4d50a,3746882,UNCERTAIN
17ac187f4d2bfa7e449e,3746882,UNCERTAIN
f0c14633b89bddd7c59d,3746882,UNCERTAIN
9f42b25fe683b12fabc0,3746973,UNCERTAIN
cfdc10fda28d08edff51,3746973,UNCERTAIN
c2de955c40a3136c72ca,3746975,TREND
eb60194081d064e615ba,3746975,TREND
9b88378c190dca56f88c,3746975,TREND
9bb155b60cb7e21d150a,3746980,UNCERTAIN
4394c253a67431d83a6a,3746980,TREND
e6250b87140e13578a88,3746980,TREND
1509239e82a481dc726d,3746983,TREND
fe1c4a2cb51e7fb3735a,3746983,TREND
7a1aed2044d7a8a9b86e,3746983,TREND
5dbc8244df6be85f18f4,3746987,REVERSION
1c10e260d1ff3812ca00,3746987,REVERSION
029ae32c82a7fe8d3f4e,3746987,UNCERTAIN
06e5e28039f72e802d69,3747839,TREND
ac1485478b80b52b2f67,3747839,TREND
5ef4cd014e13e6612c9a,3747840,TREND
dea38e48c81ec8c9db45,3747840,UNCERTAIN
c190bf45404477a487e4,3747842,TREND
7a89607c271d08c6616c,3747842,UNCERTAIN
50bfe5e6c942128d3fde,3747848,UNCERTAIN
a9080341ea92e22b46e5,3747848,UNCERTAIN
ab9a0f5e8d8693221a5c,3747853,TREND
280c0d4f4caf65666c0b,3747853,REVERSION
7678a0a8f7e1855128cb,3748070,REVERSION
4e642d6f29aa01f81e92,3748070,REVERSION
5e25c86ef7ef9de598bc,3748073,UNCERTAIN
60b44f7cae3876641c51,3748073,UNCERTAIN
67ce4bcd7b64293cff6b,3748076,UNCERTAIN
350305f4c058402b84d5,3748076,UNCERTAIN
1898099ab0e5839f81bf,3748078,UNCERTAIN
0e5e41e36e58014e3094,3748078,UNCERTAIN
eda1637881d2186fc6da,3748079,UNCERTAIN
e2538e65ffc91ecd869f,3748079,REVERSION
050fbd37f256596ff937,3748212,UNCERTAIN
95dcbd8a8694e994302d,3748212,UNCERTAIN
f6914f030a375aaaf689,3748215,TREND
f64a03be1d3779a282be,3748215,UNCERTAIN
d5b52479c75c88481e4c,3748216,TREND
c1da280c61488cd80043,3748216,UNCERTAIN
85f1d7e14c758a7a2ede,3748218,REVERSION
bee7c586800a15c8e510,3748218,UNCERTAIN
cdf55b18cd93b7128468,3748219,REVERSION
57d8371bbd7b6c2dc38e,3748219,UNCERTAIN
1713572e4324c783598a,3748361,UNCERTAIN
2a02a9449ebe58f0ed5b,3748361,UNCERTAIN
3ab086272cb6aa8eb4ca,3748362,UNCERTAIN
c095345fb8c266346854,3748362,UNCERTAIN
43d85ecdce52880ee213,3748365,UNCERTAIN
1c0e36ce7ca9e91d43c3,3748365,UNCERTAIN
b3262bc89de306ddc24d,3748369,UNCERTAIN
87f4cb4d2472dab0ef5e,3748369,UNCERTAIN
a1975d79e28bb9783750,3748372,UNCERTAIN
af580307b84ec6fd8d87,3748372,UNCERTAIN
d38cd7a72052eb601618,3748612,UNCERTAIN
85c54cae3b0858930c5d,3748612,UNCERTAIN
d9efe1d7cca0ecee689b,3748615,UNCERTAIN
f9c23d5aedbd38e5ecb5,3748615,UNCERTAIN
1fcdbbfbaba0c315714c,3748619,REVERSION
4b64ba490d6a980addbe,3748619,UNCERTAIN
c5289260b07a2cb3f7a9,3748620,UNCERTAIN
8f6b3d0ef38496de58df,3748620,UNCERTAIN
01b92fac8b44e49ca572,3748623,UNCERTAIN
83ce8dcea3bd17ca7b54,3748623,UNCERTAIN
24864cbb5d8e4951ed37,3749341,UNCERTAIN
474e306ea81ca11391a6,3749341,REVERSION
7a7eea59c22e89724e04,3749346,UNCERTAIN
f9675847b724f32ff976,3749346,REVERSION
7babe40c37b84241d22e,3749347,UNCERTAIN
07eeec73f6219e15d1af,3749347,UNCERTAIN
21d3fb3c31644a1de0d9,3749356,REVERSION
bd5140420148ff1f1add,3749356,REVERSION
23abfa1b7d856636db6a,3749358,REVERSION
fbeade968d15f737cd77,3749358,UNCERTAIN
56188d37f886ae1da128,3749616,TREND
b1d9e4208a845a4737cd,3749616,TREND
be77e3ede834c0ec882e,3749619,TREND
534ee095eb7d6cb70013,3749619,UNCERTAIN
a12a69569f7dcfa6acad,3749627,TREND
e8f9bfb59f750c79e64c,3749627,TREND
02f0e43b0e13739fd10e,3749632,TREND
c09b15e1a1f6637c52de,3749632,UNCERTAIN
d344b936cb54245dffb4,3749634,TREND
f0e141357a11a2f88b3a,3749634,TREND
a40adc282db95ff964ff,3750291,REVERSION
1d5891d6f3566e766e5e,3750291,UNCERTAIN
1c5257e80dd387784be7,3750293,UNCERTAIN
84325b716cde8c8e9f99,3750293,UNCERTAIN
88792f4e4e3374a44287,3750297,UNCERTAIN
8036d568b68e762fb72f,3750297,UNCERTAIN
67a63af143d0c8ff740e,3750300,UNCERTAIN
3746c702ffed6f73a08b,3750300,UNCERTAIN
e9672393ac3aa04c6c7a,3750301,UNCERTAIN
fc01a83366f76737f33b,3750301,UNCERTAIN
0dd7d5f2863ee8511fbb,3750553,TREND
c7d8841a4d3fb8c08856,3750553,TREND
882c04aab51c13681a5a,3750556,UNCERTAIN
693e312b946a67ad2843,3750556,UNCERTAIN
42b5334626dafd7ab62f,3750560,TREND
6340a00d96d711d68c9d,3750560,TREND
88edfe36f5d4a54251da,3750561,REVERSION
9f90c812352f84486c39,3750561,UNCERTAIN
695f5ae5224725e2b96d,3750566,UNCERTAIN
7e444e667f02593c36dc,3750566,UNCERTAIN
225d3e1f025239629b69,3750988,UNCERTAIN
662ff8634582f98b3fe1,3750988,UNCERTAIN
67eac91c5c1daba9e4b8,3750992,REVERSION
42133d272bb11f90d4d4,3750992,REVERSION
71fe208da033b7bf04c8,3750995,REVERSION
5dc65d27cb521d89a948,3750995,UNCERTAIN
6a4ef67037f1bdbc6076,3750997,UNCERTAIN
ff10071bd7a793dfe55a,3750997,UNCERTAIN
5e2c6c5da302f652bd26,3751002,REVERSION
08c6388d9933d2285184,3751002,UNCERTAIN
b98fcf04c03677be50fe,3751129,UNCERTAIN
48db5ef8dc3ad0bd2447,3751129,UNCERTAIN
fe3beb503d1741514af3,3751156,UNCERTAIN
b726efefc2bd6562c0ef,3751156,UNCERTAIN
66584e4995088e6dc876,3751163,UNCERTAIN
e57d6d3a18ba8693c73b,3751163,UNCERTAIN
d7a8669cfe9e24e0f3ad,3751174,UNCERTAIN
8df93c7e12256ab791ec,3751174,UNCERTAIN
514ed442f4563c72db62,3751176,UNCERTAIN
fefb8c4430b95a9bf44a,3751176,UNCERTAIN
678d0d39ab7c2c05aead,3751561,TREND
3a1f08d150ce44d30641,3751561,TREND
3acc9438ea29dad1e7fb,3751562,TREND
5f63e5b6c122491c8dfa,3751562,TREND
444eaf438914f757f2b6,3751570,TREND
e3fc63b7fe47a39b1a85,3751570,TREND
f1be813a3b5855744f82,3751573,TREND
f7c5a25e0b34eaf154ab,3751573,TREND
61d9c534c5dcbb0a419d,3751576,TREND
7d91ec37bc93efdf4519,3751636,REVERSION
536f21cbfc2e05b6ec3e,3751636,UNCERTAIN
f9fde4352e65f736cf58,3751637,UNCERTAIN
6a52bd35adf67b418e7a,3751637,UNCERTAIN
7cc069bd0884cdbdbb3f,3751639,REVERSION
2d521325422968f38948,3751639,UNCERTAIN
ab99b7b2de1e1bd4de91,3751641,REVERSION
684cd71f983bd44d25a9,3751641,REVERSION
266788a3632f5c5c0d85,3751647,UNCERTAIN
19ef049fac8ca8ebac59,3751647,UNCERTAIN
86222a942cfc916718ed,3751753,UNCERTAIN
4383dccb34f624ad9777,3751753,UNCERTAIN
94462e6c2f8d58c0186f,3751755,UNCERTAIN
f334c1819ba5fc2eaa5f,3751755,UNCERTAIN
b417402955c80947b9f8,3751757,UNCERTAIN
01896d0d36eec06c9ee0,3751757,UNCERTAIN
88d9bbc712219256843a,3751759,REVERSION
dfb9f5cc384e11dc726f,3751759,REVERSION
0a88d790f4caa3972f8a,3751764,UNCERTAIN
1fbfc1f944eb94c88cd5,3751764,UNCERTAIN
3ed9fe3219714ce5687c,3751845,REVERSION
cd7822747528513f6bc7,3751845,REVERSION
fe03000e4e7b7f2127de,3751848,UNCERTAIN
eb69c8d62c16831c61ce,3751848,REVERSION
1379acc5016f18d5c22b,3751849,TREND
defe5f002cf6efb6094e,3751849,UNCERTAIN
17057396487f319afd19,3751852,TREND
88abd2417bd34cacc6c3,3751852,TREND
2cbb28936842013ae861,3751853,UNCERTAIN
0ae650f4dd8ff286333e,3751853,REVERSION
91dbb92d63652405faab,3751882,REVERSION
5a889b209e59c51d751b,3751882,UNCERTAIN
973dfc09affe8e02bf89,3751883,UNCERTAIN
b9456e6540dc5df48017,3751883,REVERSION
17a00fe23b6fe49dcef4,3751886,REVERSION
a0bd47cb04bcec8fb9c0,3751886,UNCERTAIN
fc94b520d3a5f74de0d2,3751892,UNCERTAIN
1cdfd61e9a2767eb7ba8,3751892,UNCERTAIN
10ab5d2853b8cfb2023e,3751894,UNCERTAIN
3300f54f5434efe4db69,3751894,UNCERTAIN
95a990e75ce39bb91810,3751962,UNCERTAIN
1d58a58263b3368fc21f,3751962,UNCERTAIN
c6323bf3534d22be66ab,3751963,UNCERTAIN
a26a4755b28c9ef0e762,3751963,UNCERTAIN
99ceacaa3d086a1ffb69,3751965,UNCERTAIN
6ad18a8e45e5bac6a731,3751965,UNCERTAIN
fb066ae7a30cb2300c42,3751966,UNCERTAIN
24db5056ed7af73f461f,3751966,REVERSION
cb58a7f6de7c2443aea8,3751967,UNCERTAIN
8a3ca54716a1ceeb042f,3751967,UNCERTAIN
9252f8e5af7d83c7a18d,3752121,UNCERTAIN
66d5af22571ddc076f14,3752121,UNCERTAIN
0eb5e6f6ba050015b044,3752123,REVERSION
39e0472a15faf9fc4c5b,3752123,REVERSION
0de63cbe9558c8f900eb,3752124,TREND
f94b77cdd69397c33cf0,3752124,TREND
529916e086fc40a44f06,3752126,REVERSION
ef9784a38493a6edf968,3752126,UNCERTAIN
b10ef90a8489713d60d3,3752130,UNCERTAIN
41076efef0a05c387d5b,3752130,UNCERTAIN
cb317d55666e45b5e2b1,3752228,REVERSION
44cf495d93dde3e9a10d,3752228,REVERSION
474ae2238ef402b2bf2d,3752230,UNCERTAIN
3b9283f8f66012680027,3752230,UNCERTAIN
6abaa9201f2bafe47c05,3752231,UNCERTAIN
bc1ee94d7ee2c9553744,3752231,UNCERTAIN
481d21e2b65dfe68cebc,3752232,UNCERTAIN
0da3216815533fbfb1e7,3752236,UNCERTAIN
cbf2aed96290c76e59a1,3752236,UNCERTAIN
027c2ea62314152c45fa,3752282,UNCERTAIN
4c234f3fe0bd34cac9a5,3752282,UNCERTAIN
edf1e530c21a18178417,3752283,UNCERTAIN
1c36d2e384353cf1062e,3752283,UNCERTAIN
f2782f7d8198fb21bc9c,3752286,TREND
ef6bfe519fd2cc3df105,3752286,UNCERTAIN
27528562c6c86e34c6f4,3752289,UNCERTAIN
0944ef3bf992da9e9ef2,3752289,REVERSION
7cf015dee08edc9c9a00,3752291,UNCERTAIN
7cac2f79c5d29f593615,3752291,UNCERTAIN
083171a1d577807c1576,3752426,REVERSION
7b2be76b338205c59bfc,3752426,UNCERTAIN
6f51d0d57429c0d7946a,3752428,UNCERTAIN
da593d97c1e953e4642c,3752428,UNCERTAIN
912213e79e948f0ca77e,3752429,UNCERTAIN
f43ee0f6c8e0d9fb413a,3752429,UNCERTAIN
31cc3b520952600142ed,3752437,UNCERTAIN
730c2b4ce67e14c16637,3752437,UNCERTAIN
0eff3851fd3f50cd1c1b,3752438,UNCERTAIN
d2b4185cc847cfcb10c5,3752438,UNCERTAIN
011935145449c0b2cf34,3752618,UNCERTAIN
9e58953002202488469c,3752618,UNCERTAIN
6efb30770b25b95ff275,3752619,TREND
9c53acdc7e74b560a7c5,3752619,UNCERTAIN
a63cdfe3f3bc8d52713e,3752622,UNCERTAIN
d8c403846b7008efbd7b,3752622,UNCERTAIN
bdb55ab9c3d149efdbd2,3752625,UNCERTAIN
f16b9a60ef93e8579701,3752625,REVERSION
a3e4cdfb9c30f4f7469c,3752627,UNCERTAIN
0472dca3046cf157ee64,3752627,UNCERTAIN
33cba442ad92fd3b9f00,3752950,REVERSION
e1a1cab22df484a22002,3752950,REVERSION
3b1dd08c0a86d1dcf964,3752952,UNCERTAIN
4ab331d2db616679f19d,3752952,REVERSION
8c33bdbf964c74170c86,3752957,UNCERTAIN
7e90b80b2255be7c0143,3752957,UNCERTAIN
4577bff20f73b2f22861,3752958,UNCERTAIN
f05cc40ec9a1470e8560,3752958,REVERSION
f784a65d63317516312c,3752963,REVERSION
6652489b8c147900619e,3752963,REVERSION
572dc3533f57677f35e3,3753021,UNCERTAIN
933a94e21cec21b1b18c,3753021,UNCERTAIN
815390e63242bd06996c,3753023,TREND
7a9e26ac2bba780f93d9,3753024,TREND
410a8b68a8897aa90804,3753024,TREND
2e16072f93386187febc,3753028,UNCERTAIN
9479b63528e4e332e46c,3753028,UNCERTAIN
c036ea50f3c9115c3faa,3753032,REVERSION
4df9c16be3d83118603d,3753032,REVERSION
b16ccccc8f28d527379c,3753284,UNCERTAIN
03658c58b5f54e0d56c5,3753284,UNCERTAIN
e9ed6cf9d8a2d3f25ad4,3753285,UNCERTAIN
3a91484d12cb106d5d62,3753285,UNCERTAIN
c126456d1a3428d5ba50,3753286,UNCERTAIN
02357b29ec2897010149,3753286,TREND
131c596b5ad0b1b01927,3753287,UNCERTAIN
ba486be26654086a54ae,3753287,UNCERTAIN
41bc7e6430422217be72,3753289,TREND
e5f43a53f0d86d8ad41c,3753289,TREND
e2d4a9d35e37807aeed3,3753474,UNCERTAIN
fe290f28d4d8e7f6be1b,3753474,TREND
c68d3f0c7a6419fe30c5,3753481,UNCERTAIN
439502a50b7461f55910,3753481,TREND
f287b66b4363ea6ba5e9,3753485,UNCERTAIN
9d5e0d0e0da4c5a889c3,3753485,REVERSION
44bda3ac5494ebc3115c,3753486,UNCERTAIN
c889d7ade168d41e28fb,3753486,UNCERTAIN
235328f475d18888c6ad,3753487,TREND
5e471ac4a5800ddc8861,3753487,TREND
b7482642aa18555cafd3,3753610,UNCERTAIN
507fd4d8e72418e2842d,3753610,UNCERTAIN
ebcb7439d1e795e6412c,3753613,UNCERTAIN
13384d39cee12a8879c4,3753613,UNCERTAIN
3de215b0b28f90b10355,3753620,UNCERTAIN
0911f5dbc0d829de08bf,3753620,UNCERTAIN
f720ef2bba13fcdd6e31,3753638,UNCERTAIN
8ac5122beaaddd4afaac,3753638,UNCERTAIN
57902df4fa4d386bccca,3753641,UNCERTAIN
d74ca1d6cc807a992d99,3753641,UNCERTAIN
50e3ba3d2522b7889ebe,3753800,TREND
af83f3f78791f0e6698a,3753800,TREND
7ced7ddec1aa0aa57d6d,3753801,TREND
68dea5251feb8e5c1495,3753801,TREND
d7d2e28a1c117bcf4be5,3753802,UNCERTAIN
5bc3bfe414759bc4df68,3753802,UNCERTAIN
e55ddf5b0074b65a5336,3753811,UNCERTAIN
47a07ef6e8879f9addd5,3753811,TREND
445a6f14d1a3879e5231,3753813,TREND
fb9305d8de167957eade,3753813,TREND
46113a1a381e8b72d202,3754035,REVERSION
3df50c1a6ea7ebcf9637,3754035,REVERSION
f648b24bb1d8f65274da,3754036,REVERSION
fd9b7f3d74ec8acc0b96,3754036,REVERSION
69194a9de54b8f3d17f6,3754038,UNCERTAIN
5df4f73a2ab05e222aad,3754038,UNCERTAIN
cb1acb96a8fcfa4315f5,3754045,REVERSION
a3dd3cfb4d7d6179f49b,3754045,REVERSION
5ebdb3520c5d97787857,3754048,REVERSION
eaab2272251ba71e8a3f,3754048,REVERSION
21eaeb518241a80e454a,3754762,UNCERTAIN
04e6eb2de098abf56081,3754762,REVERSION
3930e47cbe59ea90f9fc,3754765,REVERSION
4a60de608c5d1887d196,3754765,REVERSION
c5df77e7a13619c85b22,3754768,UNCERTAIN
70ef9ef9e73bf3ac257d,3754768,UNCERTAIN
e396291725ab6c25012e,3754772,REVERSION
49ecf2f7a7f1b23c26c8,3754772,UNCERTAIN
a133f507e512c4951a76,3754773,REVERSION
b19119de3819ae71e989,3754773,UNCERTAIN
941a3fd3d56fe6b4644d,3755055,UNCERTAIN
9b9ce8c4717ce1e17f71,3755055,UNCERTAIN
edf9d8f5de92159dab61,3755056,UNCERTAIN
03e3beef1b9a0c633cc6,3755056,UNCERTAIN
3ce7132a4dd6d0a9c1c2,3755064,UNCERTAIN
222da636d86cb1e0b2b4,3755064,REVERSION
e7da02267e4042c1fc61,3755066,REVERSION
d3e76b811d77d2a15945,3755066,REVERSION
57779ece0b006b06524c,3755070,UNCERTAIN
1afeec9c29de0aa2b0e8,3755070,UNCERTAIN
ab96b0477db4c16084d1,3755092,UNCERTAIN
6972cbe76f6bb5e639f8,3755092,UNCERTAIN
478e8474ce045e57696a,3755095,REVERSION
c825f64226c0cdbd522f,3755095,REVERSION
95f8fddb44d36e176876,3755097,UNCERTAIN
30977d64563168d89e4f,3755097,UNCERTAIN
f07d9a8df7eb477c6e5f,3755098,TREND
caa8f16e0b5a1507ef26,3755098,UNCERTAIN
165e5de734e0d78388b6,3755101,UNCERTAIN
44bfe92c297fd496370d,3755101,UNCERTAIN
664b06c1d325c6a02c9c,3755162,UNCERTAIN
1f027e8b8d71e0519ccf,3755162,UNCERTAIN
e141b74daeffaa2e21fd,3755163,UNCERTAIN
97fda82fd29a3a22f0d7,3755163,REVERSION
a42b279ef6e0bd540c3f,3755168,REVERSION
98c4987700c37909347e,3755168,UNCERTAIN
01ab508dd5d98b30dc94,3755173,REVERSION
28747351b21099623780,3755173,REVERSION
930b8b2fcc4ae98c267c,3755176,UNCERTAIN
b6bcd424a5d8ee551057,3755176,UNCERTAIN
f24a11c121b7e6ef6c45,3755259,UNCERTAIN
e682a924c7b11c38bcee,3755259,UNCERTAIN
d781ecd1b41cc04b43cd,3755260,UNCERTAIN
a69861a042c927686b96,3755260,UNCERTAIN
62712daa923c74451d1a,3755267,UNCERTAIN
6ae3de5ba6297d5387d3,3755267,UNCERTAIN
ee211e4b2e018072b71d,3755268,UNCERTAIN
ee6020da36d081b6e5ae,3755268,UNCERTAIN
8debbac90356faa8f31d,3755271,REVERSION
45ffdb9d4b6bda0cc9a5,3755271,UNCERTAIN
6898edcda7a9a7565deb,3755358,UNCERTAIN
d273363890fad095bbcb,3755358,UNCERTAIN
0dab2ed1a297dc0e7573,3755359,REVERSION
77ae57b4e01c9c77c553,3755359,UNCERTAIN
a92ad74f014cd353e2aa,3755364,REVERSION
b33201828e46e5d31f15,3755364,REVERSION
ba66fbe60124090fcbad,3755365,UNCERTAIN
c0cf64a2952a259a74f3,3755365,UNCERTAIN
f2d7a515790d3b2d2fb9,3755372,TREND
61fa1afe3df3151ff0bd,3755372,TREND
6d76366495c9eb45ab6e,3755396,UNCERTAIN
5c7d01b18a155fc267e7,3755397,UNCERTAIN
44a0858ded14a196cd7d,3755397,UNCERTAIN
09b8163f28b73c7a4a71,3755401,UNCERTAIN
977589642670bc98f8a3,3755401,UNCERTAIN
0b59886ac7b8814ca975,3755403,REVERSION
8e94b0b2bffce1353212,3755403,UNCERTAIN
eee57ff9f3a981cfeacc,3755406,TREND
dfa6e476ff8a9fd52e97,3755406,TREND
b559df74fb4b1cb1d6e0,3755428,REVERSION
6c118d9c3a2d474ffa8e,3755428,REVERSION
ea09ba0ae1e0cd237d03,3755432,REVERSION
66ebe71aa49ab8c8125b,3755432,REVERSION
ed8865b70d8acf3bc9f8,3755437,UNCERTAIN
549ee1c89a8103147e43,3755437,UNCERTAIN
f2f18cdda5fcd2bc85c5,3755438,UNCERTAIN
04f488720ae209fd8d78,3755438,UNCERTAIN
7e25e8335e85a1a031d0,3755440,UNCERTAIN
494fe11684b040f4deb2,3755440,UNCERTAIN
426d87656a2451c35be9,3755549,UNCERTAIN
2151fb075a185a7621de,3755549,REVERSION
1388134de971680ec19a,3755553,REVERSION
37b290ddbd7105862c73,3755553,REVERSION
3bdfe37dfaa8585a35e1,3755554,UNCERTAIN
4598df921727ed550801,3755554,UNCERTAIN
1e89341134bce7f09b1e,3755556,UNCERTAIN
467f22892af49414c495,3755556,UNCERTAIN
83c10ef440aeeec01476,3755559,UNCERTAIN
0fa8a58947172bfb99b3,3755559,UNCERTAIN
58081e922544fdeb4cf3,3755642,UNCERTAIN
05d1a5497d2350f0249f,3755642,UNCERTAIN
09f246207a7b12659bde,3755647,TREND
821f8b23a9db65a9d707,3755648,UNCERTAIN
5c23ce699546c8c418f4,3755648,UNCERTAIN
c8e1ff9286f69433db2f,3755652,UNCERTAIN
a2648592f051dcfdead7,3755652,REVERSION
064810b87f3273e64d8f,3755654,TREND
0044b93a7d1fd6ee7284,3755654,UNCERTAIN
eaf9fb11b111387743d6,3755733,TREND
2f3abce31d0f6a92d152,3755735,TREND
a3cd7178ddf429077a06,3755735,TREND
6fe7abf2ca4ce05304cf,3755740,TREND
baa31842f0f6d73fde72,3755740,TREND
01cdeace7302ceba250e,3755741,TREND
d7a579862a996c15a961,3755741,TREND
8005367c7b688210ccf2,3755743,UNCERTAIN
783e40365bdd8930f7e4,3755743,UNCERTAIN
c6887548ba9f9eb8baeb,3755768,REVERSION
ff63dd57c6b0168b2911,3755768,REVERSION
b702ccea8bd0f0c51e4c,3755773,UNCERTAIN
2a487c2c6b98e59ac0a6,3755773,UNCERTAIN
2b92c6a6e7206d38c5a2,3755775,UNCERTAIN
ca2ebda9f4131cdd5403,3755775,UNCERTAIN
343bbd166d19dfc14549,3755776,UNCERTAIN
bea2c1d52e2280b22597,3755776,UNCERTAIN
09758c73ab80e73e0298,3755778,TREND
8e17f1220116bbd01010,3755778,TREND
ecea28aa0f8fc156c2b7,3755877,UNCERTAIN
071a190597eabc86ea04,3755877,UNCERTAIN
415a786f7038589dacc3,3755880,REVERSION
346f98e3c22885d802fb,3755880,REVERSION
5bc4deb87c2c58bd5aae,3755882,UNCERTAIN
f8ccf652587efe275306,3755885,UNCERTAIN
47a35440ccb637a3658c,3755885,UNCERTAIN
55048323091f398382b9,3755889,UNCERTAIN
54c8781a719b991d8cd2,3755889,REVERSION
89381f4613f926e07359,3756030,UNCERTAIN
012503a2cf483ee39b3c,3756030,UNCERTAIN
2ce2398ddc2df5e15690,3756031,UNCERTAIN
277a04e7d342a4eb7144,3756031,UNCERTAIN
55e98b9bdab3916e3fe2,3756032,UNCERTAIN
a64f6a818abe8c221e46,3756032,UNCERTAIN
90fb09df0db8af01a953,3756043,UNCERTAIN
0561eb0e10594e1d44c3,3756043,UNCERTAIN
4fc5b1e97031981a4db4,3756044,UNCERTAIN
50e9876370c91a3ed31b,3756044,UNCERTAIN
866b5254a8692294f2cc,3756097,REVERSION
ca151692b46c93cb243e,3756097,UNCERTAIN
203dfabe0051d3deb825,3756098,UNCERTAIN
f079cab578459490b460,3756098,UNCERTAIN
a7c88fefc69e9e6678b5,3756099,REVERSION
77d3e8ad4901bcb830d8,3756099,UNCERTAIN
fdcdb14eff5aa0b83297,3756102,UNCERTAIN
4c4a51e793ba1c06bb35,3756102,UNCERTAIN
4b916a17c579f7ad8199,3756103,REVERSION
cd145d294a90e9e1f9a7,3756103,REVERSION
35306c645ffbe5853dbc,3756506,UNCERTAIN
e2d0980d9497367442f1,3756506,UNCERTAIN
1fb2306a59ff79dd18e1,3756510,TREND
8e4bec32e49e63b30d99,3756512,UNCERTAIN
61b5a2771ee91f0427f7,3756512,UNCERTAIN
7f1ae33ae10623f4ded7,3756514,TREND
dc68635b0b1af357ab68,3756515,TREND
7e6172c7da82e89534a4,3756698,TREND
68102e78a36dfb8b6540,3756698,TREND
3415de75c65e9bca6031,3756703,TREND
71d4516ad853d21f56a4,3756703,TREND
39b525c8374116f38159,3756705,UNCERTAIN
28e6ef547ad62c4af20e,3756705,UNCERTAIN
7a0466fa317e1f8e4381,3756707,REVERSION
4f10b1bb2b69ba63f542,3756707,REVERSION
11a7978ec78b3dae40c7,3756711,TREND
13ba5b72fbaf3e381eb3,3757199,REVERSION
f8ec75138c1000259fb5,3757199,UNCERTAIN
45374a799ffe36201407,3757200,UNCERTAIN
4c3e57f58bfd31f44a43,3757200,UNCERTAIN
dedf848a747b96e6912b,3757202,REVERSION
467e71e07b916fd6a6fe,3757202,UNCERTAIN
a0e201f2d2e7b1f9164c,3757204,REVERSION
ec69299d0f2718df2dfc,3757204,UNCERTAIN
42853f866ab07a74a237,3757207,REVERSION
c97f8d8cf77b85c86b8c,3757292,UNCERTAIN
c39990562289468284f3,3757292,REVERSION
1d3814f76999212bd31b,3757297,UNCERTAIN
db9f93d218c352c55dce,3757297,UNCERTAIN
2aaa8875ab36babfec00,3757302,UNCERTAIN
475552149131220bb84c,3757302,UNCERTAIN
54383e9bc55ad40416c9,3757305,UNCERTAIN
11e7159119137b21ab1d,3757305,UNCERTAIN
ad12952e3ffdda499be2,3757306,UNCERTAIN
44283766955c7095acd9,3757306,UNCERTAIN
e9f5ecae2da0e2a8f28a,3757328,UNCERTAIN
519c4c3e37d2e50fc1c7,3757328,UNCERTAIN
75fbfe4fb3ed1527bf5d,3757332,UNCERTAIN
1067f3b073a957ddcf50,3757332,UNCERTAIN
a5e9bbaabe949a10e528,3757333,UNCERTAIN
8e43a5f7170714fc73dc,3757333,UNCERTAIN
5bb7b8fa5ed3fe7aaa6d,3757335,UNCERTAIN
cf734f5c48c2cb5a9387,3757335,UNCERTAIN
9ede158e54dc260945dd,3757337,UNCERTAIN
c8a14a391b919f0a3164,3757337,UNCERTAIN
b322fdea86a1702bb51e,3757594,TREND
3697f9a508e3f6741220,3757594,TREND
4181a898d0ab0932ab8f,3757597,TREND
f6ad02f81f188953f838,3757597,TREND
ab8d38b7861ba3176cc6,3757601,TREND
ed83698ee5d3619c3483,3757601,UNCERTAIN
28751f2cf360da082fcf,3757602,TREND
6c937a77832c481bfc6f,3757602,UNCERTAIN
c5a5ccf5c11728ccdfc5,3757608,TREND
e28c0b103175c1efefba,3757608,REVERSION
db90347cc412d07d94a4,3757704,REVERSION
56c51893c94bebabc445,3757704,UNCERTAIN
2e4c38a6b4dd488d9f01,3757708,TREND
7a331a19848d860be700,3757708,REVERSION
b06fc3433226b5e8a4aa,3757709,UNCERTAIN
8f95b103c5847b41d15f,3757709,UNCERTAIN
06ffa5991b0c2cb42b10,3757713,UNCERTAIN
fa6bfca53b0efb3f99f9,3757713,UNCERTAIN
38e6e5d31a74f48d283b,3757716,UNCERTAIN
67e502c6ea6793e8f3a4,3757716,UNCERTAIN
98d01f18c476a015450b,3757804,UNCERTAIN
01bcf21db2422ebbf5c4,3757804,UNCERTAIN
c032aeee220412ef2901,3757806,UNCERTAIN
43096b7de2d1c34d364f,3757806,UNCERTAIN
bd2a5dfe526a893d1a59,3757809,TREND
1fdca9737a0275ed7c6e,3757809,TREND
b6f967066fbea3c50431,3757811,UNCERTAIN
02523cc040a1cbea9fa3,3757811,UNCERTAIN
699f454780098bdbb725,3757813,UNCERTAIN
15e376775ec5bcab4325,3757813,UNCERTAIN
0fd16c878a872d36bc28,3758496,UNCERTAIN
e9089f48c912f4121ac7,3758496,UNCERTAIN
238d7be8b6202ce3e3ea,3758498,UNCERTAIN
2d6c200caad9640d0abf,3758498,UNCERTAIN
6a24767d43dbe3b8e10d,3758499,UNCERTAIN
3d6d8a2f2835c3277e21,3758499,UNCERTAIN
cdc8ac96bbf5ebe47b8d,3758501,UNCERTAIN
bd1e788c073258dd0446,3758501,UNCERTAIN
0e7434e07d5bbbe4953f,3758504,UNCERTAIN
99ba1b54f4fbd3f7ac72,3758504,UNCERTAIN
9a8c3c3ad6622a454a67,3758657,REVERSION
667893cc68b9f2a527e6,3758657,UNCERTAIN
7ecfa7ffd1252fffbef3,3758663,UNCERTAIN
70f81a130c0920594845,3758663,UNCERTAIN
d1a8759d2d92a075a06b,3758665,UNCERTAIN
65033533c13cb1207b21,3758665,UNCERTAIN
7a1be587b227fa9dfa60,3758667,REVERSION
911c555b13da071ba01b,3758667,REVERSION
ad4dc92eb9bc7d7b3565,3758669,REVERSION
2169898940fcd5c4a666,3758669,UNCERTAIN
f0a7c58e10bac0fc5d70,3758738,UNCERTAIN
64b6579b2f7988f4180d,3758738,UNCERTAIN
170023cd9e318b7fb88f,3758741,UNCERTAIN
be0d66b7b0c35ab22331,3758741,UNCERTAIN
be40fe29030f7f27b998,3758745,UNCERTAIN
801bbd7c9d58fe0c32bf,3758745,UNCERTAIN
aea7faf903054d8163f8,3758748,UNCERTAIN
d69c4cc68fff951e50a8,3758748,UNCERTAIN
c98b3a7895c1171994f3,3758750,UNCERTAIN
a1ba2b2e933644f4660d,3758750,UNCERTAIN
2692b0716670d5094cb6,3758800,UNCERTAIN
6e90a00c0c6a29a64f74,3758800,UNCERTAIN
2be045dee8f444b613f8,3758801,UNCERTAIN
a104bd1c462f9092dfa8,3758801,UNCERTAIN
dc056568fd5168b5a1d9,3758802,UNCERTAIN
825abdcd8cbcada29f14,3758802,UNCERTAIN
430b2f60f8db279bf03d,3758804,UNCERTAIN
9c436a52fe1d14261677,3758804,UNCERTAIN
24be816bab975fe321de,3758810,UNCERTAIN
f882590f1e055e86137e,3758810,UNCERTAIN
73d987e55718d4933e94,3758844,UNCERTAIN
f40832502cef0999be8a,3758844,UNCERTAIN
4540db704968c0747b14,3758845,UNCERTAIN
c972e86a45467a27ceb7,3758845,UNCERTAIN
98609ec324dd9cca6fff,3758847,UNCERTAIN
0f73d3d99146bcb95606,3758847,REVERSION
6c30bec7b1f5ca88345e,3758852,REVERSION
e7502173438403e0ebf2,3758852,REVERSION
06297da28b157c5e3db1,3758856,REVERSION
49f1d3b85f8ace8011c3,3758856,REVERSION
f9b8b6e5eacca3d0713c,3759120,REVERSION
bae2124ef55222de77b5,3759120,REVERSION
97f2777e30b3299d4536,3759122,REVERSION
034be32b77b960048d6d,3759122,REVERSION
94649ad4f658756c8fd9,3759123,TREND
91054cedffc2b10594ee,3759123,TREND
4c9deb9361906df8314b,3759126,REVERSION
3b01305098662b8aad88,3759126,REVERSION
a48b0a712956f597a632,3759134,REVERSION
c750ca228aa941a20fb1,3759134,REVERSION
13283a43d163b837b300,3759204,UNCERTAIN
4fb14021f7b2f983a061,3759204,REVERSION
c68b41cbfd8d04676843,3759211,REVERSION
58f9770fe55c5ba5fadc,3759211,REVERSION
8b97d86d1ec7515a6cd3,3759212,REVERSION
b32a642872061b6bce6f,3759212,REVERSION
5168697a0bcc0b7508fe,3759213,REVERSION
04cc803a5441b5b9bfa6,3759213,REVERSION
724c6a777a467e0a0e83,3759217,REVERSION
0f692f15b8d0d8b2e799,3759217,REVERSION
f3306f88d47e99759532,3759313,TREND
55f44234dd3809f6f914,3759313,TREND
26d1193e18b6f0b3291f,3759316,UNCERTAIN
7b183a1627ba0d8e12a6,3759316,TREND
a76c8921b3d757171204,3759317,TREND
5621828ee67533d19345,3759317,TREND
bcea9011074251712277,3759321,TREND
eb6de09a216c6e5f072d,3759321,TREND
12b78f058dd5e76628ad,3759323,TREND
e541b86cfa48cc10172e,3759323,TREND
87cfc11951b3f7ebf5cc,3759394,TREND
7b3ea4655e2126044377,3759394,TREND
e6b9ee1aa72b324cf9f7,3759397,TREND
0d4912e5226041f63c4d,3759397,TREND
87590a478c65123902c2,3759403,TREND
7333df1f509400b5842c,3759403,TREND
46c2dc76a283d60c7598,3759405,REVERSION
935373f23e8700eb14f7,3759405,UNCERTAIN
9f439c3231900693a272,3759407,UNCERTAIN
1a5e37b66be45ed59990,3759407,UNCERTAIN
3561bfcd4a364f368e8f,3759472,REVERSION
8dc7ee4f373b9348898c,3759472,UNCERTAIN
fe349e6efe4dada1af3d,3759479,UNCERTAIN
4389999f7cd8ba2d9de6,3759479,REVERSION
ec5e2557e75b3e41f41a,3759480,UNCERTAIN
e46dec555f49533f2bee,3759480,UNCERTAIN
8a4ecb878dce0c90cac6,3759481,UNCERTAIN
d99337850a70aeb7d6e3,3759481,REVERSION
95a2305bc0579d88d8d3,3759484,REVERSION
f2bb31153527a4948077,3759484,REVERSION
19e4c86a91019513ebea,3759550,TREND
31f76f37dd4b2759e59c,3759550,UNCERTAIN
545aff9b599b607081ad,3759558,UNCERTAIN
71d1f1a177d6ac50a233,3759558,UNCERTAIN
91349173630e6837d712,3759559,TREND
cc423b0a512bb3778d69,3759559,UNCERTAIN
72de7225e3917f90a545,3759561,REVERSION
6288aed102a84ae95e4c,3759561,UNCERTAIN
9d9b1694fd42a5445778,3759563,UNCERTAIN
2c7ba3101f3d3c3ccc74,3759563,UNCERTAIN
71e811e80b50252c1eb7,3759589,UNCERTAIN
e45b71aa91a055007e6d,3759589,UNCERTAIN
f93d9b783656b298b00c,3759591,UNCERTAIN
ec6371319a9ac45a36d0,3759591,UNCERTAIN
9104bd9493e21d05dbc6,3759597,UNCERTAIN
ebf0e4eac323cbfca787,3759597,UNCERTAIN
fcd3181da37e2e4ce817,3759598,UNCERTAIN
012507b14e2f359028ab,3759598,UNCERTAIN
169d629f2f8956916cfd,3759601,UNCERTAIN
7540968ef603d1a446b2,3759601,UNCERTAIN
82b48c181b24e812e890,3759626,UNCERTAIN
0175e85324cdfb7b24d2,3759626,UNCERTAIN
d19c679ad68472ba68cc,3759630,REVERSION
15f34847cb5346b92a6d,3759630,REVERSION
52a6c3f44e13eee9efe8,3759631,REVERSION
5b09efde6faa17f6cd13,3759631,REVERSION
8f2873e62108cd00e871,3759635,UNCERTAIN
1183a6ebb37ec161dda5,3759635,UNCERTAIN
90e8a56766f47e7a68e1,3759636,REVERSION
818df12f3e4d209a9a45,3759636,REVERSION
2fe6421617052732d408,3759753,UNCERTAIN
6916a3e84f2fa7a4f847,3759753,UNCERTAIN
015fbf54968b44f53a04,3759754,TREND
84ab1ea1bb2c52045b20,3759754,UNCERTAIN
6d4f0b0debbb102e7db1,3759758,TREND
8be3e206be706ca8a84c,3759758,UNCERTAIN
cc796b677db8925298a5,3759759,TREND
b997b2cdeb867d6dd15f,3759759,TREND
3be87ea67a80afb766b6,3759760,UNCERTAIN
7d1760d3fd6d983d49d1,3759760,UNCERTAIN
d143a82defadbcea505d,3759805,UNCERTAIN
305a0d232fba6908abc4,3759805,UNCERTAIN
8b29ba83c9963e215e12,3759807,TREND
d3a7de067189864e4d7f,3759811,TREND
4348c4a0960982619a59,3759817,TREND
aad77d0ec7a611d197d4,3759817,TREND
e3b73016c7bf570584bf,3759818,TREND
5ff994583ff18f40e683,3759818,TREND
8b709b4b8b9b72db2172,3759878,REVERSION
ca20ec3537895875938b,3759878,UNCERTAIN
e45b1b535cd333b392d3,3759882,UNCERTAIN
127b47460d3af2e1dbd0,3759882,UNCERTAIN
1afbac105f69558d0297,3759883,UNCERTAIN
c37d9a49a62923069598,3759883,UNCERTAIN
f97711eb480b3dd8ee7e,3759885,UNCERTAIN
083c25ad181669e4cce4,3759885,UNCERTAIN
1d8e41a28adad2c85449,3759886,UNCERTAIN
3b324e6518b1ed63e1df,3759886,UNCERTAIN
ea94a82c6420bb33bfe3,3759963,REVERSION
13678726574af4afa383,3759963,REVERSION
5abc21d2773c820b7e71,3759967,UNCERTAIN
88effd26773f169b9739,3759967,TREND
a78617267dc6c51d89ec,3759968,UNCERTAIN
74b262ed8b9bbcc6a343,3759972,REVERSION
481232195f4c0c518adf,3759972,REVERSION
edd011af5ef1385b241e,3759974,REVERSION
0ffe2a68ad8c8256daa5,3759974,REVERSION
9066eaa5a199121d1895,3760036,UNCERTAIN
304d99ce02ddaea7147a,3760036,UNCERTAIN
a88c9c2ae68f57d35e26,3760038,REVERSION
aa87ed4fc1ed6ce3de44,3760038,REVERSION
69dbe737013f1d2764ef,3760039,UNCERTAIN
624fb393931fe389c538,3760039,TREND
117494faca92dbe3c8db,3760042,REVERSION
7a99b9211eed94cf67e8,3760042,UNCERTAIN
93d00f1442ee5b5ea585,3760043,REVERSION
de3ab4b97f0138449759,3760043,UNCERTAIN
81ac5a2f11425641d252,3760140,UNCERTAIN
3eb9477ff04670a593c1,3760140,UNCERTAIN
663becdd173b6a7b5215,3760144,UNCERTAIN
8bce5ab4a91fc0c1feeb,3760144,UNCERTAIN
39535f5f27617c2b59e0,3760145,UNCERTAIN
a8558c329bc1cd80a148,3760145,UNCERTAIN
09eec138a46e380c4517,3760146,REVERSION
9d9cdbc2817a79dbec14,3760146,UNCERTAIN
a1b423b064d23bddfe5b,3760149,UNCERTAIN
c14d11f58b16e2fd97ad,3760149,UNCERTAIN
fb71af7381e50258c9d1,3760197,UNCERTAIN
7bd9af56275d85bb63cb,3760197,UNCERTAIN
b6d61fddbcb886456661,3760199,REVERSION
8fbd9a7bc83918b3e8a9,3760199,REVERSION
772e4db685d2ab1edc36,3760205,REVERSION
414917777409600fdd6e,3760205,REVERSION
332a2c909c2c673a5411,3760210,REVERSION
b0e3b2759fe72843c196,3760210,REVERSION
8a28c49c5b1b9cc56124,3760211,UNCERTAIN
a3523bb557e311919a61,3760211,UNCERTAIN
40b21436caa105eaf508,3760271,TREND
e1ed862c2ffe4e602e35,3760271,TREND
81b6e94b8fb5a219ffb4,3760275,TREND
1c8fea03bdc67e22df24,3760275,TREND
071c9d95db45345ad798,3760278,TREND
539eb1e60bf624eed2f0,3760278,TREND
af1960c27a5534a960b0,3760280,REVERSION
12bb60fbe2298b684688,3760280,UNCERTAIN
a672b14c1e781c0b2fa3,3760286,TREND
d8b8a1f0c334d16b3a7c,3760286,UNCERTAIN
782412020e46bf05e0a5,3760347,REVERSION
645d8cc995c8868155c0,3760347,UNCERTAIN
14b39f76fc656d72a995,3760350,UNCERTAIN
00d8a1c6d6b59c7269a3,3760350,UNCERTAIN
299eaa443cf6ec088aa0,3760353,UNCERTAIN
cd737e20de426a64a1b0,3760353,UNCERTAIN
88052686c641e83c1f93,3760355,UNCERTAIN
d717b6432ad149179e36,3760355,UNCERTAIN
bebbd1061bdf50f9a173,3760359,REVERSION
dfadbe0f481a7d6d781e,3760359,REVERSION
41235c22842c19be52f8,3760533,UNCERTAIN
f26c6e8a342ae741c0c8,3760533,UNCERTAIN
b3792eb11f0c158520c3,3760537,UNCERTAIN
2755ec24cf0058997055,3760537,UNCERTAIN
a7c0f330dfa808903eb3,3760547,UNCERTAIN
ac6014bb66e8b4166481,3760548,UNCERTAIN
2a0801b28411a02c2aa3,3760548,UNCERTAIN
3412c4d4f870c0b9d6b9,3760551,UNCERTAIN
eef1d11be397db0ee7d4,3760551,UNCERTAIN
92cf52df88201be8f6f3,3760616,REVERSION
8cbb77dbe577fc093c7e,3760616,UNCERTAIN
1c4ce46a6b237b2d458c,3760618,TREND
a4abd2e7d89a4d6176fb,3760618,TREND
a0133542bead2f054049,3760619,UNCERTAIN
6b218e450eeea34f4afd,3760619,UNCERTAIN
8f47b24a8b86e765d5c9,3760621,TREND
d53bce80ba682f26d8be,3760621,UNCERTAIN
6beeb5a9b6eabf511eaf,3760629,UNCERTAIN
684cc0cf99bc8b5a7351,3760629,UNCERTAIN
880be4e52a5ba8355b6e,3760785,UNCERTAIN
dafd2574ed2119a2b2e3,3760785,REVERSION
58ba023e45b037b95c38,3760786,UNCERTAIN
1f218c53787b6d3854bf,3760786,UNCERTAIN
5795eca7fbb07f4c8788,3760787,UNCERTAIN
165dda82ab3af51d89da,3760787,UNCERTAIN
10ec946b6617bcbb0432,3760792,REVERSION
b93b63c72f84ff4b3e01,3760792,REVERSION
b106aa8d0d3a05b206f4,3760798,REVERSION
1229cb63344d80a4b3ad,3760798,REVERSION
e3f5bf7a01d8e97e1347,3761013,TREND
7397534fca302445d134,3761013,TREND
a7d0d7a80b98e761bc3b,3761016,UNCERTAIN
c600dc0aa78dd932a756,3761016,UNCERTAIN
03cd37d4aeaccb4bb01c,3761017,UNCERTAIN
74e1ecd8d402067eaae1,3761017,UNCERTAIN
126729da8c845cb540b2,3761018,UNCERTAIN
50f93dccd4879e152989,3761018,UNCERTAIN
1448d5cb1d1de2491e9c,3761019,UNCERTAIN
eb56fbcda2732051e857,3761019,UNCERTAIN
8e849569d1f9dd6e4c38,3761144,UNCERTAIN
6ee33852f497fd7ce0fc,3761144,UNCERTAIN
8894621b6119b8f7ac66,3761146,UNCERTAIN
d58295d2ee2aee42c9b4,3761146,UNCERTAIN
7cda678d468753ab5eb0,3761149,TREND
ed811d49cd70b32f3546,3761149,TREND
c9533a97626a8e2060d8,3761153,TREND
7835732c39b1cbf61f34,3761153,TREND
8310e82adec2cecae99e,3761159,UNCERTAIN
dce066619bfc5d866141,3761159,UNCERTAIN
58e350f6648c255e77cc,3761247,QUIET
f7649ff33b81afb577d7,3761247,QUIET
d86948ea132d89738216,3761248,QUIET
717fdf42fd9ba31ed4e0,3761248,QUIET
c7dc1c0fe99d7b6f9cdc,3761249,QUIET
8a07528ce8ce38a75029,3761249,QUIET
a9fcec4a75d555edea6a,3761252,QUIET
fec4c68dea6a78d37d17,3761252,QUIET
319eb11c3845cdfb95c8,3761255,QUIET
072afeff0bf4c4fc9214,3761255,QUIET
d17ae24b1602f9dee52f,3761668,TREND
80a5aaaf65bf5882cfd9,3761668,REVERSION
805b3346552ced5cceef,3761670,TREND
093ff0fe447dad111cca,3761670,UNCERTAIN
0b03a68a18bccbf38453,3761671,TREND
3a762e0d199543243e21,3761671,UNCERTAIN
d53afff3e0f65db2d649,3761672,TREND
0ac62db6ad3bea119f04,3761672,REVERSION
adf5d7587aeda947212b,3761675,TREND
70a99e04b3514c389240,3761675,TREND
ac2cb6e12dbd083798e3,3761900,TREND
7d108c1ffbbac6d47c20,3761900,TREND
23cd88b28f3c55e0e3c1,3761900,UNCERTAIN
30e7e2a01f0194e8a9f9,3761902,TREND
d930eaecd91c2b4f3129,3761902,TREND
f16f8460151b893a50e6,3761902,TREND
29e558b3ccf8b63b6288,3761904,TREND
b3fec82197260b7cae77,3761904,TREND
2205b1576ec91d867199,3761904,TREND
e716486ef06d1a2e6372,3761906,TREND
56eeab322b50430e8aac,3761906,TREND
f100a6f6d203e4c6c120,3761906,TREND
468f08969575a20d64f6,3761914,TREND
d0079450a88411353de1,3761914,TREND
555dd78590b932a66664,3761914,TREND
3fcfd028afca40d64258,3762181,UNCERTAIN
b4627970edd86a296a12,3762181,UNCERTAIN
a3654e58dcca6768bf4d,3762181,REVERSION
0674be7e1eecfb7908df,3762184,UNCERTAIN
abfbd79681aa6a20237e,3762184,TREND
52e1ba03e350347ececa,3762184,TREND
6a0f3c49329394dedf53,3762185,TREND
b19c664e1a8ae08c73f7,3762185,TREND
68b94a1aad66b6be7491,3762185,TREND
1449074e793f33088938,3762187,UNCERTAIN
4b9c1b12104946483819,3762187,UNCERTAIN
38e0931ba69752ab18db,3762187,UNCERTAIN
e539d3bb379b89f88e88,3762188,UNCERTAIN
ee8e2dd8c60b5cf49443,3762188,TREND
1eef511d5f5cd01330b0,3762188,TREND
1d27f2f05e4d00bf4538,3762223,UNCERTAIN
33da2160558ec1663f23,3762223,UNCERTAIN
16a280fc8b8e2a75fb4b,3762223,REVERSION
eb513c832c17542e6c02,3762224,UNCERTAIN
250e8e8885633bb6babc,3762224,UNCERTAIN
4e4d8ea5fd35fa74dab6,3762224,UNCERTAIN
7976a40da693303f2ca9,3762226,UNCERTAIN
8d0c8a54bc9e08f756b0,3762226,UNCERTAIN
d33faac0d2c40952213a,3762226,UNCERTAIN
caf11d57d92da77a7468,3762230,TREND
40fd848d3a7dc2ef85bf,3762230,UNCERTAIN
ab8ed39885813bd04d94,3762230,REVERSION
1afbd1b2524342a10347,3762233,UNCERTAIN
894afd39e209bb06479b,3762233,UNCERTAIN
3962506abd325e2b9857,3762233,UNCERTAIN
8284ad88ac86cb7defbc,3762406,REVERSION
cdb1d4e7683237a78ba3,3762406,UNCERTAIN
27c4fe7a9ccbe2e9bd5e,3762406,UNCERTAIN
b80d6a59b99199427e61,3762408,UNCERTAIN
e0767f4f8537e1dc3ba1,3762408,REVERSION
f639d6e63311422eb054,3762408,UNCERTAIN
61218f2e3bda28deb97e,3762410,UNCERTAIN
10bc26ee58d611537945,3762410,UNCERTAIN
4afe01065a6270151782,3762410,UNCERTAIN
7eaa7e8e60bc99884510,3762413,UNCERTAIN
0ce4369d1739807d7687,3762413,UNCERTAIN
3c7ce277528e1aad87e7,3762413,UNCERTAIN
e2ffb5b567a4737f0293,3762416,UNCERTAIN
afb0cef89cd38e0dde5b,3762416,UNCERTAIN
57b610b218152f0f02ea,3762416,UNCERTAIN
a1f1d54ab4eef2d6f112,3762642,REVERSION
82771ec8a10143c83354,3762642,REVERSION
375d9a81b0f8c73c708c,3762642,REVERSION
60f7226c1c5a6f840a67,3762644,REVERSION
318aa0d7ab54fb35d5a0,3762644,UNCERTAIN
5f5f953e1cb3f0409915,3762644,UNCERTAIN
d6cb4bf114d3d60e0d1c,3762647,REVERSION
b76a2101fd598c85f745,3762647,REVERSION
84bf7ae150e6de2af540,3762647,UNCERTAIN
324036eea1bbbba8c783,3762648,REVERSION
6976469b1ee8e0f091a7,3762648,REVERSION
de0864218b22b4f02443,3762648,REVERSION
d79711715d675282c0bc,3762652,REVERSION
c5ceefcf1b36b683da3a,3762652,UNCERTAIN
6fd7930490d7cc53f794,3762652,UNCERTAIN
22c5d9174e04700d962e,3762733,REVERSION
5a5ee7474d6cb4720c69,3762733,REVERSION
b64946895e3507d7dd60,3762733,REVERSION
6bab7fc0c009ee59b1de,3762740,REVERSION
3bf020427af1d69e5c34,3762740,REVERSION
0efa3de2e122b603d407,3762740,REVERSION
faa571e93e2a7e415a55,3762742,REVERSION
657ed5021a19cbf01d42,3762742,REVERSION
755669064b2047cb8dcf,3762742,REVERSION
ff13d724a307f1b2aba3,3762745,REVERSION
bead1a1798e178094995,3762745,REVERSION
2974d36695df12cf18dd,3762745,REVERSION
f04437736abcfff402d2,3762748,REVERSION
cef1e28f93e28642de0e,3762748,REVERSION
5f63283dcbaed9a3b503,3762748,REVERSION
4434e1197e20e78ed76e,3762812,UNCERTAIN
af5d2712fc47b2114c09,3762812,REVERSION
d30bc150b718be773041,3762812,REVERSION
bff1e9818399615b5b86,3762815,REVERSION
688de7f6598406778703,3762815,REVERSION
d34efc6962d64e5aafc5,3762815,REVERSION
d390744a4f569ee840f0,3762819,REVERSION
5664023a3b41e3f2b7fd,3762819,REVERSION
7e2fcc9efdd8a38a0c82,3762819,REVERSION
aa21cf0d48d4b05302d3,3762820,UNCERTAIN
f6283d4a2b920d335c3a,3762820,REVERSION
2bce43ba150eff46a995,3762820,REVERSION
b53d7b93ca8a84d4fa68,3762821,UNCERTAIN
21a8decf915cdec7e530,3762821,REVERSION
a0244f6c8b732d530e9e,3762821,REVERSION
4ef961ce2b7ba5ee6847,3763114,UNCERTAIN
f9f7752d46b2eaca5e0b,3763114,UNCERTAIN
9ecc9d4ee6f2ac8ea40f,3763114,UNCERTAIN
fa7a38bcedf3c252b798,3763120,UNCERTAIN
b8131725dd955178ed5a,3763120,TREND
a6a5683857fbde844c8f,3763120,TREND
cb7fd46bbd8790b36dd0,3763122,UNCERTAIN
0503e001890af881282c,3763122,UNCERTAIN
55f057390c9e9bfba66f,3763122,UNCERTAIN
895073bb3e6ac74d5375,3763126,UNCERTAIN
e8208f2a73694f1230d8,3763126,REVERSION
fb2a3520e861a6910d05,3763126,REVERSION
d0cde58baacb8e1518f9,3763128,UNCERTAIN
6871b287630afd97f192,3763128,REVERSION
17a8dfec01509adecedc,3763128,REVERSION
abc240033ab2c3fc018f,3763192,UNCERTAIN
8fc01d80551b3f00ff86,3763194,REVERSION
616bb5144f51f11fc1f2,3763197,UNCERTAIN
973ce6e5015f25261a4f,3763198,REVERSION
2c5ae7cb03b8487ed34a,3763201,REVERSION
f0c9ee720ead6440a194,3763478,TREND
91bcd8e1927c0d0cd90a,3763479,UNCERTAIN
af30d9afd86e35e0208d,3763482,TREND
4f18517f84af86373b8b,3763489,TREND
989093a881c1630562d0,3763495,TREND
5e713a83e5dd5b6a5ca5,3763530,TREND
af52f6813172390a80e0,3763531,TREND
a15c70407fe9e059e1a3,3763535,TREND
31c986e2fba95c13d7a4,3763536,TREND
0c790ccd9efe27b5caf3,3763537,TREND
b1943457dde3cb6a4870,3763673,TREND
010c54a264884271e786,3763674,UNCERTAIN
3f32721cc726c3495a11,3763678,UNCERTAIN
35af60dbbe54c13b091d,3763683,UNCERTAIN
7b82c853616f5a1c0d03,3763684,UNCERTAIN
28582a41a03c5f5dfeb6,3763781,TREND
ae0cda6a80068364821f,3763782,TREND
aa1c48a899af866cd346,3763784,TREND
dbb5daaa7828640d3f62,3763785,UNCERTAIN
114c1db39faf61de3e85,3763786,UNCERTAIN
d56f0a9ab953b4eb13ba,3763861,UNCERTAIN
8170266e7415b98e10e9,3763863,REVERSION
3985700745bb962eac46,3763865,UNCERTAIN
d23b3aaacfddd1832fc7,3763868,UNCERTAIN
7ebf7b907a6214855a8c,3763872,REVERSION
50fbdcba1b6debb88362,3763961,TREND
8269059a7a69ae64c1f9,3763962,TREND
9b6723293fe58d8a92a9,3763963,UNCERTAIN
82e393bd5844f8300618,3763966,UNCERTAIN
948d1d4ba60a7f7266ca,3763971,TREND
98688f685ef9db71d47d,3764609,TREND
ee252f26973fc1cf28b7,3764612,TREND
1978bd8e9d16c972b5e0,3764613,TREND
0193b6d7b21b7793268e,3764614,TREND
559a7050831400d3f6d8,3764620,TREND
c9851921b509a7f55635,3764646,REVERSION
2e32f6096845ecd14f25,3764647,TREND
504cd42a394e5cc21ceb,3764650,TREND
07690d133501b59c1da8,3764652,REVERSION
d819dda941c75bf76e1f,3764653,UNCERTAIN
9cef4f982f7119d8b2b3,3764675,UNCERTAIN
0df9dfa41d6c389ed412,3764675,UNCERTAIN
7248097418b140bca4fa,3764675,REVERSION
5dfab4738eae29d870f0,3764677,UNCERTAIN
8b747e15472934d89498,3764681,UNCERTAIN
962ffbc1192da126ebbc,3764681,TREND
fa13f47d92e4830aa4b6,3764681,REVERSION
6699f5a9e71239127616,3764684,UNCERTAIN
e5165f32dee2e9ff0925,3764684,TREND
5ef5cfc69a8f7cd38797,3764684,UNCERTAIN
dd78d903dd33d42a798b,3764686,UNCERTAIN
b0c0ca0f5e00b09eebca,3764686,UNCERTAIN
381fb06bebed75870367,3764686,UNCERTAIN
af3eced9e28f9a0f63b7,3764707,UNCERTAIN
e9587f7d9040c6777fab,3764709,TREND
ae128dab279a18f57047,3764719,UNCERTAIN
7884608e82b6e655ee39,3764720,UNCERTAIN
10087115ee781ef21339,3764721,TREND
e20757b12ac395e1cec6,3764745,UNCERTAIN
c1f353c7ea09b96aa195,3764746,REVERSION
527b52a9759943ae5454,3764747,UNCERTAIN
02e91af6e8e34f2a17f8,3764752,REVERSION
11e51f3bef505892bb94,3764758,UNCERTAIN
41f6b713829d02c7b6e5,3764808,UNCERTAIN
1faa0c5c1eaba01c8e74,3764812,REVERSION
bb87b5574632c58665b5,3764816,REVERSION
c838eadd79c9cb33692f,3764818,TREND
4e70ae1f13cf4f1f76ea,3764821,REVERSION
7f8795a812e9ab5230b4,3764847,UNCERTAIN
378f9eddc91af44fee45,3764852,UNCERTAIN
b29a253f65903b2df7b4,3764858,UNCERTAIN
cfacb084e5e090d1bcbd,3764860,REVERSION
e7447b23f9682c9188b5,3764865,REVERSION
6bb1c1a40d7ed9453f56,3764892,UNCERTAIN
4f661e1e32bd25af48aa,3764896,REVERSION
879e2476a22f1852731d,3764898,REVERSION
a988272eb9a586d34941,3764900,REVERSION
4a7c740894987b5dacd3,3764902,UNCERTAIN
3dfb16f8d67e178baa1a,3764923,TREND
ed5dceb71288f2601bbf,3764926,TREND
398eaf13659c5a13b52b,3764929,TREND
81fd6c13127087a0d4e3,3764930,TREND
247feb4ddf8ce5c2cd80,3764931,TREND
7a1c6625dd473dfcd4d9,3765178,REVERSION
3adc5e111aad9ff68837,3765179,REVERSION
48e1db3731659376487e,3765180,UNCERTAIN
97672b91d3df5a17eea5,3765187,REVERSION
dd67ecdc233b1eb26bbb,3765190,TREND
76670c49fa992ede5730,3765869,TREND
d3e8e9633ab52d6a2581,3765883,TREND
0d36709e23342354a8fe,3765894,REVERSION
d8c870a53cbcab84289a,3765897,UNCERTAIN
f82244ac1e4491317e87,3765908,TREND
beeb4e5f3b08fd020689,3767015,TREND
509ffafd9616d85ea849,3767021,UNCERTAIN
0a603bc46b16ee13762d,3767023,UNCERTAIN
c1356acc312ab0f9673c,3767025,UNCERTAIN
a266a8667456d8de2a96,3767027,TREND
1523c2863ddc5ec3c2a8,3767612,UNCERTAIN
3a3dd2054416087678a4,3767617,TREND
933b1e68310dceaeb239,3767623,UNCERTAIN
ba1c543f5206de7305d2,3767626,UNCERTAIN
d88dba0ce0ce33efa77d,3767627,TREND
61c5db4fa8b9066ce903,3767844,REVERSION
27a7f1e23eb0d2d94e11,3767848,UNCERTAIN
374bbce3e99dd106815c,3767852,UNCERTAIN
a7779a1a811212252270,3767853,UNCERTAIN
e86a3ba1cf7e5457b64c,3767854,TREND
eb8dde750bee4f743b1b,3768111,TREND
84d38dfc972b18a2484a,3768113,TREND
86e19b1dc51c701631ca,3768121,TREND
0ae73527252fe4306971,3768127,TREND
12c6b84b7125c7408b32,3768128,TREND
df9061a53bf87e86a794,3768238,TREND
2c4e2690d02caee8fa8b,3768239,TREND
9fd7e4ee4c221b8f4707,3768242,TREND
b97df3de3bd99267adf7,3768247,REVERSION
7f4df7fb9ed34e89dc7b,3768249,TREND
589f5f46834149d47a5e,3768460,TREND
0d4c510d4291132fcf9a,3768461,UNCERTAIN
028665556b6d4deacd30,3768466,UNCERTAIN
3a69a94ee643fc57213d,3768469,UNCERTAIN
6edacff02f765d806111,3768470,UNCERTAIN
f9eed5eb2ecb86585411,3768704,UNCERTAIN
fd2f81a536cbee642320,3768705,UNCERTAIN
afb8ca4e7c2f11b8ebc7,3768706,TREND
07f360701a729f88b28b,3768707,UNCERTAIN
aa7c4ca6336157f408d5,3768709,UNCERTAIN
516a496a18f0b76e790f,3769641,REVERSION
96acb61c1b864fa411b7,3769644,UNCERTAIN
59dae525515a7e3faed1,3769648,UNCERTAIN
c69676b38719c14414e1,3769651,UNCERTAIN
500df0cd7e6ca5131cc7,3769654,REVERSION
3d9701df2e42b0629396,3769733,REVERSION
4779cd9c31b3d0ed771c,3769734,REVERSION
5d4df9d143213bc72e7d,3769738,REVERSION
c1f0a1f9af4c77e53938,3769741,UNCERTAIN
38c97be5832501d6fdc6,3769744,REVERSION
5785c951a35765ca9e2d,3769984,TREND
4a79d885911eaf278f35,3769985,TREND
c35e227b91aeed02a126,3769986,TREND
6ef66b653fc89d8fa0cc,3769987,TREND
d75379d7a8f3c42b369c,3769992,TREND
97be26b2d3035f002c2c,3770148,REVERSION
2525b2c3cf7c4c10c5a9,3770149,REVERSION
4a762e138c8bea4b5823,3770154,REVERSION
d7cf9887cfe8deaec007,3770158,REVERSION
2b8bb904500f9325fcfe,3770160,REVERSION
e43fc32a37ced5e77430,3770406,UNCERTAIN
a1db6900c441dd1454df,3770411,REVERSION
7a40daf462ed8eaaacf2,3770416,UNCERTAIN
4baf9b44bf5837fc6ea5,3770419,UNCERTAIN
4f002b4a46c13c66568c,3770421,REVERSION
de506002c9df2cafdd1b,3770443,REVERSION
c8b1c424563001395607,3770444,TREND
f16b4c73e0dfa56a3087,3770446,REVERSION
618d15548e9b56ba1fef,3770451,UNCERTAIN
fdb0997f685f1da54635,3770457,TREND
1eb989bfe684892a1d64,3770544,REVERSION
22414b3d76a18512342f,3770548,UNCERTAIN
9616f101da9159c93a4f,3770551,UNCERTAIN
53bf84ee478ed5eadcf5,3770557,UNCERTAIN
31eac3edda8d68980533,3770558,TREND
72aeda9cfa162495dbba,3770671,TREND
9b64672fb7f47c70ed7b,3770673,TREND
e46a4c4fbc9d9a5d5883,3770675,TREND
6121c2aaf1be4004a3f5,3770681,TREND
82ed52c1d8f3217c4a55,3770682,REVERSION
8ab34c2fbd52aa713a0c,3770751,TREND
f4f830c86c419a55586a,3770762,UNCERTAIN
06a840ac11a128ce219b,3770762,UNCERTAIN
749c6a2a0e9354ca7991,3770763,TREND
882f31566a013648ba1b,3770765,TREND
94e74550947d30cda316,3770765,UNCERTAIN
ea8d29dcda27ae74cfca,3770765,UNCERTAIN
6783af2f2d151449f315,3770774,UNCERTAIN
fbaae20445e6caa18266,3770774,REVERSION
8172d4fd36d8b04a7b6a,3770774,REVERSION
abe1dc20b679feb6cc7e,3770862,REVERSION
306435319cefe283214b,3770864,UNCERTAIN
983593bbd2e3aac13f81,3770865,REVERSION
99f81cdcfa04f2e12964,3770868,UNCERTAIN
20d348b7015d5130d796,3770870,TREND
e7912b1fbcd5ae73a5d5,3770924,TREND
c0de169834c0712de22e,3770926,UNCERTAIN
8a4bee29f1053c488619,3770927,REVERSION
af6cbcd092c04fc53fed,3770928,TREND
e300e0a4f1aab2ec2017,3770938,REVERSION
6fc4c7dcb578596e2c28,3771443,REVERSION
c8fa272cde7e36ac38b1,3771446,REVERSION
f74a499ec49d189e77ce,3771449,UNCERTAIN
ef4d2a3be134387d90ed,3771451,TREND
34c05298f162362b4344,3771456,TREND
ce774f5e9f72d7d4a505,3771520,TREND
bb076abc2bb0a31e445f,3771521,TREND
8293999972ab95faa26f,3771537,TREND
57a31512d7a40a98e94f,3771542,TREND
50db4baa96c428e86d2f,3771544,TREND
1f611d390fcffe5ce22e,3771583,TREND
882eef9a5cf1f97ae974,3771584,UNCERTAIN
9ed47ff8d37b75f89772,3771588,TREND
3a503a3192424aa366f8,3771596,UNCERTAIN
a9f6562a2736da1b7284,3771598,TREND
bd87740e2019bc6b9eba,3771627,UNCERTAIN
7923ebb9d20407740acf,3771628,UNCERTAIN
6883795e8e241de4ac6c,3771632,UNCERTAIN
3f214400f25d0a116b78,3771634,UNCERTAIN
b3336fda7cb876c2c839,3771638,UNCERTAIN
ecf7f47f910aeca5d1c4,3771738,UNCERTAIN
1a578efa2268d7ae7eea,3771743,UNCERTAIN
71ef3ddc436155fba2ed,3771748,REVERSION
5b9dafb0ca05beb3db12,3771749,REVERSION
916820102cbda0e50b84,3771753,REVERSION
a45fbdd402747f9c0880,3771832,REVERSION
f6642aae533aceb73e5b,3771834,UNCERTAIN
b34c0799266d8cc6c676,3771843,REVERSION
1e9bcfd70cd4148c1a9a,3771845,REVERSION
8184abcbf1c2be37854c,3771846,REVERSION
483ff4bae360c65984b1,3771911,REVERSION
6c4579abf3cd59b58290,3771912,REVERSION
b2b9ddb1af4334d5412c,3771917,REVERSION
51f559495b4d11bddbeb,3771918,REVERSION
c05db84474e74b9c4ee7,3771920,UNCERTAIN
ab33e86cf35251336049,3771951,TREND
c533148a1367e196172b,3771954,TREND
1d8e5f298df392036ab3,3771957,TREND
482e3cd8a5f6aa03c2af,3771959,TREND
638418ac185f40a02ea9,3771960,TREND
efce1b436919929cbb9d,3772026,UNCERTAIN
b6c023794b2f3e75f233,3772029,REVERSION
a0d5fff86d1e9b024ea6,3772031,REVERSION
c013956e52c282d62943,3772034,REVERSION
dcb1cec8e4ab8a8922da,3772039,TREND
0301a2c49c29e89a3832,3772132,TREND
e805d7d0c4c6fbb8bc39,3772137,REVERSION
7535a39bd0dee3ab4dbd,3772138,UNCERTAIN
985c003f624568353f0c,3772139,REVERSION
42bd8ef6abdb2571c138,3772140,REVERSION
67d7ac6f98c9fdf47d36,3772295,UNCERTAIN
f3ff3a411f55e5f3c85b,3772296,UNCERTAIN
0a00aeee8fa31a22b907,3772305,UNCERTAIN
4d999d79d5c0841e8231,3772308,TREND
aabc233845f6f0cb74c3,3772310,UNCERTAIN
9d0d4ef5a47e826edd8c,3772334,TREND
825ea848f64c12f8e2c5,3772340,UNCERTAIN
7882b19e235eec3c6e92,3772342,TREND
e2090c5a671a6bcb8915,3772344,TREND
24b345dcb8f7dc6ecd39,3772348,TREND
d965626fd94d2467bb52,3772424,TREND
fe4a4d69ed34fd803cb1,3772426,TREND
085a8b2ecd6ac48dcd0a,3772429,TREND
81366f78f4949dab6147,3772432,TREND
341283dcaec356ca0b31,3772436,TREND
ab32efb29586654de002,3772989,UNCERTAIN
9aef38810029a3d5b98e,3773002,UNCERTAIN
8b5919a2cf698e62a10c,3773006,REVERSION
cb46695107766845656d,3773007,REVERSION
7e95a678cf5813b1744d,3773011,UNCERTAIN
8cb27d42fb97b982edb1,3773086,REVERSION
6d40e17da20abf4064d4,3773087,UNCERTAIN
2a43eef524d5ef564279,3773089,UNCERTAIN
5a51d1c29020125de0fc,3773095,REVERSION
4f9d98369688439696fa,3773099,UNCERTAIN
c9fc221642156a8b7614,3773506,REVERSION
d23f18d04f1e3edc8e38,3773510,TREND
ff4edea8429935631f6b,3773514,TREND
d8c1b313cd5b2ef9ae6b,3773516,UNCERTAIN
3f990b9e0ecc2e706960,3773520,TREND
fce82093fac104ca4e54,3773949,TREND
4f71f45d8dc1c314f9e6,3773959,TREND
7d8703d10ea046bfe345,3773961,TREND
ac6f588d1071090b5532,3773962,TREND
f27daced8bb6b4b85a15,3773964,TREND
5dfbd6e6b712fbdd1dfa,3774417,UNCERTAIN
4abfeff2b77637d59467,3774418,UNCERTAIN
3a3973c8a74de1d683a1,3774422,UNCERTAIN
c8aba2c836d1f0ca88c0,3774427,UNCERTAIN
c43cfd24017e932ada9c,3774431,TREND
c29be87a6b3aa8f82eeb,3774453,TREND
25a4939088e2625d5d25,3774455,TREND
e4d924be4886aa19c2b1,3774456,TREND
33d3f76d5a6edb6a22cc,3774460,TREND
3aa5640c79ae586a216b,3774463,TREND
0431aa42ad182f486628,3774486,REVERSION
70d0c092ff79e44522de,3774491,REVERSION
57febcc5c0c8aebc81c4,3774493,REVERSION
aed57845174c3795550e,3774497,REVERSION
7a97e6f455a6b461bf22,3774498,REVERSION
8f0a97c07f9ed7ad748b,3774766,REVERSION
9a3e2e1916a5012e6cd8,3774767,REVERSION
ef2148a2374aed15a1a5,3774773,REVERSION
c435bb29bf7c3046b170,3774774,REVERSION
77badbf21b5a996475e3,3774778,REVERSION
7d3ab290ea5b2457711b,3775080,UNCERTAIN
0b7c92f437c4f011f085,3775083,UNCERTAIN
6e9e5a0fbad9413de617,3775088,TREND
559abc13dc44268dad98,3775088,TREND
b2ba9344124e81748d8e,3775089,UNCERTAIN
fab7c68e1a5407bdf92b,3775089,UNCERTAIN
2a8dc181b6350b2d1651,3775089,UNCERTAIN
2ee1ad46775be0827ed1,3775090,UNCERTAIN
45a465c266295084ff7c,3775090,REVERSION
584d67b46b6fcdecec96,3775090,UNCERTAIN
06cad0341deb462f4ba8,3775116,TREND
8f8761228943f9bcca71,3775119,TREND
3117b11a6288f145b165,3775122,UNCERTAIN
f2276e4e276d25c5786b,3775126,TREND
0af9e892154b436b8c37,3775127,TREND
f52b76637d1f13f8c1ec,3775326,TREND
d52e4b0d263ff162d2ec,3775330,UNCERTAIN
5c1fe9e114607c746491,3775332,TREND
15d8cde79ff76278b732,3775335,TREND
50ee26944391504758c7,3775337,TREND
d03ce063f822f0a8edab,3775493,UNCERTAIN
c65a35a99ac700fa1c80,3775496,REVERSION
df73c4ae0134a6a7e949,3775498,REVERSION
e536b4be1d421bddfab8,3775502,REVERSION
950e7dfca9423b1dad62,3775503,REVERSION
d7881890cab02ff51057,3775726,UNCERTAIN
eae486f61a20f5745788,3775728,REVERSION
b43f6396882d11ebbaad,3775732,REVERSION
947a7cc67887426d1eab,3775736,REVERSION
7505f9425f710fa3d67a,3775738,REVERSION
2d6d9ba1bb733c120cba,3775760,TREND
aff7fd562b65df682ef6,3775761,TREND
762ea9f44f078b0e0eb4,3775764,TREND
9f3d9fce3311ae2ff788,3775765,TREND
58a58c105d2848da3479,3775767,TREND
69258115d78d2689fba4,3775827,UNCERTAIN
c100632a7ebce7c2c894,3775828,TREND
6495befb2ea7d591e755,3775829,UNCERTAIN
6d8456e71f6da3729b00,3775833,UNCERTAIN
c791e8c878e43bb4a200,3775836,UNCERTAIN
a8cc1a38c8ad7ed322aa,3776014,UNCERTAIN
b8a86f157f66a97d7c08,3776015,UNCERTAIN
0f2cef94d5b596a87497,3776016,TREND
74c11961eeac49f3618f,3776020,REVERSION
b12d9eb5a3148680f25b,3776021,REVERSION
9c6db115f0cc5302a236,3776061,REVERSION
d2a3dd486730310cbbc2,3776062,REVERSION
785ff2b06d27ef973aa2,3776070,UNCERTAIN
4d123477cb5a520a5cc7,3776074,UNCERTAIN
7c92562d34237857a7df,3776078,REVERSION
6291120aff81ae01ced8,3776115,UNCERTAIN
b6b0c86af3690fa62dd9,3776117,TREND
cbc061f68f599829a4a2,3776119,UNCERTAIN
0be13f0329b1d1e9d0bc,3776122,TREND
389eaa4a60d409d3af2a,3776123,TREND
c614a19301ed63081148,3776209,TREND
f1e9a07b2518bc5d8df9,3776211,REVERSION
1197f04ee20494806c6c,3776214,UNCERTAIN
8c167a01195de6d8d2c5,3776217,TREND
cd85bd74d41e62f86df9,3776218,UNCERTAIN
ffd658187a73a75e7a12,3776281,UNCERTAIN
0c20a6cb1d43bd918045,3776282,UNCERTAIN
945b91ca019621672ac2,3776283,UNCERTAIN
a81d96e9e9c82f42b73b,3776285,TREND
0b2e236d31df6915c412,3776291,TREND
15ce520b4f9e04d313d0,3776399,UNCERTAIN
86782a81da0d33f273c9,3776402,TREND
284589c48adf600b193b,3776404,TREND
ee14167a01ee0b7c0f2c,3776405,UNCERTAIN
1885a4f1ea93323df5ef,3776408,REVERSION
dd2d98e1c28a356c3543,3776433,UNCERTAIN
9acf4e9b4736880c3189,3776434,UNCERTAIN
55b234e705178d59a5ac,3776435,UNCERTAIN
51bf0d0b21089f8607ee,3776437,UNCERTAIN
4e4ea32fab8c9f17c9b1,3776438,UNCERTAIN
0840fc02fb34051da820,3776494,TREND
5a0fa5e5e2240c6894cb,3776496,TREND
5f68f897ff9a99ed3444,3776497,TREND
1258d824e20dbaf985b3,3776498,TREND
b6a74f5057823e051517,3776501,TREND
918854ab77d7757630e6,3776609,UNCERTAIN
4819a11b4be2d0eddd6f,3776611,REVERSION
04c94f3a8a44a568e56d,3776614,UNCERTAIN
bb73b480bbc1201ba983,3776616,UNCERTAIN
a29a0b555a8f7c02946a,3776618,REVERSION
857ec3958f425ca0d119,3776669,UNCERTAIN
4068593983159783aa33,3776675,UNCERTAIN
523de3bf4dd1426d36f2,3776679,TREND
f80cfdebea36a1065470,3776680,REVERSION
f5107fe7e4adc65cfdf4,3776683,REVERSION
de918846d2683840bb0d,3776706,REVERSION
453608d0d9ded53a8824,3776714,TREND
739d83fdc1e50a842dd6,3776715,TREND
a219e99c4c872df2b192,3776716,UNCERTAIN
f4e3303e521b7990144b,3776717,TREND
129e0720bde681168606,3776844,UNCERTAIN
6934926e72475b47e1ac,3776851,REVERSION
9201c89a5cb32ba070e6,3776853,REVERSION
c765d6fd294edf86ad45,3776854,REVERSION
ec92a8e92572544af405,3776855,UNCERTAIN
7034f1e20468589fc036,3776911,TREND
24d34d475004c3c687ac,3776913,UNCERTAIN
67584a53524206f5b718,3776914,REVERSION
420762f57215dc7c2b50,3776920,UNCERTAIN
98027443ba1aa6f16737,3776925,UNCERTAIN
b477a369acb107794e4f,3777027,REVERSION
610b9ffc7f857338803f,3777030,UNCERTAIN
9a93d1665d0f480c3772,3777036,REVERSION
e2f4c77bade7ebfb4c7e,3777039,REVERSION
3b0e455936faf99045bb,3777041,REVERSION
99009b86671de4f94ae5,3777111,TREND
b985b321266f003db545,3777115,TREND
a16fea49dba3b2ae6dcb,3777117,UNCERTAIN
23fb8cfbe5d4aefd8bbb,3777119,REVERSION
1dce1ab0e1980204c9cc,3777122,TREND
036abc683dcda555679a,3777173,UNCERTAIN
bbda078fb8555a1144a1,3777176,TREND
dc8c9b92be1c8ac383b1,3777179,UNCERTAIN
bb797fa489bd9f73b819,3777180,UNCERTAIN
d0a74226997d730297ab,3777186,UNCERTAIN
6c26810f7bb8f6fd8444,3777328,TREND
cf6b77d8651cbef97167,3777333,UNCERTAIN
9eca7241118bac5cb3e3,3777337,TREND
b60a9c2cfc3da2a9c673,3777338,TREND
7da4b43cdf9e0d751e68,3777340,TREND
2ff85b2af4796e00abcf,3777381,UNCERTAIN
79e9c006c8511c32e7d3,3777381,UNCERTAIN
097311196ac7741fde14,3777383,TREND
cae665cfb0844069e3e1,3777389,TREND
01ae257a6e6d087f483a,3777389,TREND
7318334d8adfc3d75882,3777389,TREND
29719432684f620895d6,3777398,TREND
abcc787148e5910e9f05,3777398,TREND
ae2a97431eafb6d76dd3,3777398,TREND
32c4ba586bcc4c3516db,3777400,TREND
de63af22eac0df55f6a9,3777400,TREND
9ec8b3af135b063a4add,3777400,TREND
3c20b338b41e7d35f1b3,3777663,REVERSION
1a2a30e1842c6263cf11,3777667,REVERSION
85ac8bcabe83ca97aeea,3777669,UNCERTAIN
e41c03c478c99554372e,3777673,REVERSION
82f847beef1fe86c818c,3777675,UNCERTAIN
4a0654d6043328225d9a,3777765,REVERSION
b16da89727ddadc8cf2a,3777767,TREND
f98db9146d015fdc885c,3777772,TREND
38bb9bd852bde64e2581,3777775,TREND
7f9175c483a0fecbf4e8,3777779,TREND
35986874dba782fc6a6f,3778025,UNCERTAIN
46ee313ec2e9ad35a919,3778026,REVERSION
771ae8c9da4d446040c2,3778033,TREND
4b5f620b2a953e4a5af7,3778038,TREND
0a7a130f637f2468382f,3778041,UNCERTAIN
1dbc188236f5ba7336dc,3778142,UNCERTAIN
a49e914ef33136779183,3778143,TREND
83f55dc5e583fd52e537,3778144,UNCERTAIN
094ae5f542e875a48099,3778150,TREND
7642ba612419180bbfe0,3778153,REVERSION
b24a63379fb42f0d071e,3778210,TREND
ecd97ca14c806d7f1c97,3778212,TREND
c8c218f989a8fd5fc0c1,3778214,TREND
76771606e8049288eaac,3778215,TREND
1355f07d26b0d1803f44,3778217,TREND
fac3524b418d3b0cf150,3778467,REVERSION
bae3a057fe1d5a0cbe13,3778470,UNCERTAIN
fa7fa2e54a9ee1739816,3778478,UNCERTAIN
d651c76b7c4596ccbd0e,3778479,UNCERTAIN
c7c82b06cead943a7fb6,3778480,REVERSION
db14a441a000076f0b3e,3778745,UNCERTAIN
d304232dfdb5f805f652,3778749,TREND
b812e02baaff1826f9b1,3778751,TREND
5d7a31c6cb730b423cb8,3778753,TREND
0e31180187f076f19ab8,3778755,UNCERTAIN
01a2cf23acef9d858176,3778847,UNCERTAIN
bc795a8d41d8b81c73b9,3778848,UNCERTAIN
c6a8f0fc58559716ee0a,3778849,TREND
2e64d7a0bf163f7155f3,3778850,UNCERTAIN
f25326efa96e0a68c18e,3778862,TREND
c79d6aba8c5bfd7127a8,3779075,UNCERTAIN
25a3d456fac51ff2188b,3779076,UNCERTAIN
54106342f0a43a46d928,3779078,REVERSION
58929bad595bbd8f4fc3,3779081,UNCERTAIN
18ed0ccf254ddcfe2843,3779082,UNCERTAIN
e76f989c710a217797b3,3779259,UNCERTAIN
383afaebbfcd91b7ca8c,3779261,REVERSION
46c70f88a71fc18c59cc,3779265,UNCERTAIN
ced3df9bdafddff8660a,3779272,TREND
d028dfdfa67a523c6e53,3779273,TREND
c35bae54b680b8ef514e,3779426,TREND
c903101db415a8e187dc,3779432,REVERSION
1f750f04e4da8c8374fc,3779435,UNCERTAIN
0a52f688927e5b3b25e1,3779438,TREND
e0a80f38055e4e89a9f2,3779441,TREND
f8f7d08aba9e16f83411,3779497,REVERSION
9ba4dcd106960e7f9152,3779499,REVERSION
ece91e6b09a788906c43,3779502,REVERSION
631bc4e79c2577025295,3779503,REVERSION
b6e3b2fc74430080e59e,3779505,REVERSION
3e9d003056856c4b1742,3779568,UNCERTAIN
051c3612e3d265b775a8,3779569,REVERSION
c23a4dee96b77a018cfc,3779572,REVERSION
f0d56fa0284f2bb3f3e1,3779574,TREND
2ad8fcfa76aa22423206,3779577,REVERSION
0816251acea79116ecbd,3779684,UNCERTAIN
aa6ad409b90530f87125,3779685,UNCERTAIN
e7d7457c18c24c69f84a,3779687,UNCERTAIN
d7eb6a04e753d727c427,3779688,UNCERTAIN
1edb1c055cb1ef893195,3779694,UNCERTAIN
c157ef384fb42eb4cb62,3779755,TREND
b6066d0f85408bf47793,3779756,REVERSION
c820d1912a9157d5a252,3779760,UNCERTAIN
fed42c74331a192d2751,3779763,UNCERTAIN
5f40739975dda191ce02,3779764,UNCERTAIN
40888ed0cdd655a620ea,3780251,TREND
0d3d08a65176a5ecd8a3,3780261,TREND
94b65c941c972d78aa1b,3780264,TREND
37c127ba637c959b1b74,3780266,TREND
bbc65fb5e61ad00cda29,3780271,TREND
8db3bfbe1ec5736c8c16,3780339,UNCERTAIN
73ffe1cb01f8feb1ef3e,3780344,UNCERTAIN
f4a08e0d22cf19cb4a0d,3780347,UNCERTAIN
7b2ddba67f56e619fb1d,3780349,UNCERTAIN
d583f9143a9de8bb09b2,3780350,UNCERTAIN
e6b758ceffabe4436902,3780478,TREND
54b4e65ea74ad7a09aa3,3780480,TREND
debfe2e79f7e9d7e1a90,3780482,TREND
bd77bee0a468a6f8b67d,3780484,TREND
6f1400ef56849691b595,3780489,TREND
a29be75e90436f0b930e,3780688,UNCERTAIN
9e9085f7fe21df64c26a,3780689,UNCERTAIN
4465740cf4096eae1c00,3780691,REVERSION
a1712f805add8f81bcc3,3780696,UNCERTAIN
9a7275b1d0ba38dc4dff,3780701,UNCERTAIN
dad2ea01c1bb8aac54bb,3780849,UNCERTAIN
0c8d64d1f2700f26366a,3780851,UNCERTAIN
49ed77d700b4143b79ad,3780854,TREND
3d8fb1121aabaff1099a,3780858,TREND
27e2c1655c880662aa56,3780861,UNCERTAIN
79bb71fbe1b2dba557c0,3781046,UNCERTAIN
ab91964b1bf61f42882c,3781050,UNCERTAIN
f335152227d227e540ed,3781055,UNCERTAIN
58f8631c28b493e5d87d,3781057,UNCERTAIN
7c645346a5ce19976daf,3781058,UNCERTAIN
08b8c1c41fe4eb249d60,3781107,REVERSION
d20d4a39e855ff47ec49,3781109,REVERSION
7b7a9fedda177af72524,3781112,REVERSION
78d3bb63f658948e413a,3781113,REVERSION
8e0fe244fbcd3a82fcd6,3781117,REVERSION
06cad5941441f592acd7,3781595,UNCERTAIN
933953f15f920e803702,3781595,UNCERTAIN
7d7eed5134ecefbf9c94,3781598,UNCERTAIN
3d8092c43b4117057db7,3781598,UNCERTAIN
81c7960d39e590a2fd52,3781598,UNCERTAIN
1aaa08cab7267f110bd5,3781600,UNCERTAIN
691a5024899f1e07d479,3781600,UNCERTAIN
1dafa0658fdf5f3badb3,3781600,UNCERTAIN
306475cacca9e2e2e324,3781603,UNCERTAIN
5aee20428a48785fb579,3781603,UNCERTAIN
58d2b9a8a7b99b1df905,3781603,REVERSION
9f0ee8989e6043b62a22,3781606,UNCERTAIN
37111f8c1d45db6f7e5c,3781606,UNCERTAIN
c646be2c2e2c40554e34,3781606,UNCERTAIN
bad810799c6b0882d118,3781713,REVERSION
c8d43aecc2c76544f6ab,3781718,REVERSION
3fa82058ce209b0b772a,3781718,REVERSION
a42b4a026dfb7d891117,3781724,UNCERTAIN
71fa15e4a5cfe15dafdb,3781724,REVERSION
38073cd2a37e356843fb,3781724,REVERSION
92424d7857d406809282,3781725,REVERSION
cd0ed8c3251fb800274f,3781725,REVERSION
a171b5fc26f01f3ae010,3781725,REVERSION
82099bffb46d4af29ae4,3781727,REVERSION
d3facaed07f49db2ea2f,3781727,REVERSION
f50d5633deb1936d5731,3781727,UNCERTAIN
ff657d8c1f0061eb4240,3781837,REVERSION
92a7e81fbe6f4a4db100,3781838,REVERSION
6743fb59a086f8f14a46,3781839,REVERSION
f669281b199fab3dad72,3781842,UNCERTAIN
0395fab5aa4ba33e55a2,3781842,REVERSION
fc9a29d840b8cbbe3d28,3781846,TREND
bd032c306d63c3ef52d8,3781846,UNCERTAIN
768699c29a12d577b3af,3782184,TREND
7d374860508b4c6d5554,3782185,TREND
d2e596d7a33e3bfd390d,3782186,UNCERTAIN
595a9d48c12e98de13aa,3782193,UNCERTAIN
570d22337732a990d1e0,3782196,TREND
adaa2b5526608be6510f,3782757,REVERSION
b8206b36ac895a061ee3,3782761,UNCERTAIN
85f7fbce8937d85f1e14,3782762,UNCERTAIN
1d44b67517fd63e214dc,3782768,TREND
1d189ece1592356ff9aa,3782772,TREND
3ad203cbe6e91590c0d7,3783738,REVERSION
8bf4351c99f74cabad8b,3783746,REVERSION
a5e13f0241d60b10764e,3783748,UNCERTAIN
5f53d164b9805ce2cdae,3783754,REVERSION
ff7d5e5f4fc6074d8c37,3783773,REVERSION
69a3515f998ddccafb8c,3784755,TREND
e9084ed018b20970be60,3784759,UNCERTAIN
a6437813ec55edfe2bb7,3784762,REVERSION
ae5dc00cac086cd0c710,3784764,REVERSION
fa386023dca7651aef87,3784766,REVERSION
ad18e973ba36602fb5e6,3785167,TREND
8278a1f7fc07bcbf43ac,3785173,TREND
82d076dcd53f2f88a48a,3785175,TREND
18752d830d3c3f5ad731,3785179,TREND
ef79fe3927dcea0600ca,3785180,TREND
672443029027ca153932,3785776,REVERSION
c0069cbb952ccc32a604,3785777,TREND
c45c95415e17454deafa,3785780,UNCERTAIN
f1ffaf3396ca8c39cdf9,3785785,REVERSION
d3cab5243bcbf3a2cd52,3785789,REVERSION
24b95f0f9eebf7e6c229,3786210,UNCERTAIN
7995597deb8831740671,3786212,UNCERTAIN
2348e0c8eb0e3d0bde19,3786215,TREND
6f7cc5490ae96ec32aaf,3786217,TREND
26066b0ab89613a17c1d,3786220,TREND
a4f7cc54ec68a1bd2baa,3786319,UNCERTAIN
240c9a8c35846e4bab8b,3786321,REVERSION
5157ebbd84e590653e83,3786322,UNCERTAIN
29348057fbcf12bf1864,3786324,REVERSION
4b79ed0b9bfc069b1c99,3786325,REVERSION
5239eb872e6152db0706,3786509,UNCERTAIN
f031208667ce8b623a05,3786511,UNCERTAIN
cfee1cb336ef1e1ad7a8,3786512,UNCERTAIN
e38ea7348d5bdf5c9417,3786513,UNCERTAIN
e768da9705327085e91c,3786517,UNCERTAIN
5e8fd95b956b1899f6eb,3787255,REVERSION
5b7e21c6741840ea6cde,3787256,UNCERTAIN
f5974aa84ba2a2dc42f2,3787259,REVERSION
f3dfc9fa65ec97f3cbd9,3787263,REVERSION
774a98a5afaebeff7e41,3787266,UNCERTAIN
424576c198f1fc8d99a6,3787642,TREND
159abc260b88df8f4b22,3787647,TREND
2874e3e42a337137fffa,3787649,TREND
d27ca6243f2ab8a4dec3,3787652,TREND
f836ae939496df1c1c0e,3787654,TREND
055b2b5b80d20da69a64,3788159,TREND
5aec6cd60e60155fa0ea,3788160,TREND
d2aebaf286320cb2bd6c,3788165,TREND
55b4ff164d66a911e98c,3788166,UNCERTAIN
7969f50e74dfeef35a4b,3788174,TREND
77a0b209c53584f75d68,3788479,REVERSION
e585e761732265a810d4,3788480,TREND
4a24cf3c55109244a91f,3788484,UNCERTAIN
ff6a5019abebe45a4e2d,3788487,UNCERTAIN
e13c11ec898649366979,3788490,REVERSION
f8c5cf8e0234083f2bf5,3788885,TREND
ddf2c2a87210d3aa3922,3788891,UNCERTAIN
260527fc06595ed4be04,3788897,UNCERTAIN
67dae310c23b30b346aa,3788898,UNCERTAIN
a4c08ab207fa9e80a3eb,3788900,UNCERTAIN
31b85c2e7aa938cb6fff,3789249,REVERSION
fed0f5851acd946291fe,3789252,UNCERTAIN
7331319c9668b9ab9118,3789256,REVERSION
1c25a3f7ced01c6ebce1,3789257,REVERSION
8070d5c0ac54dd7bf385,3789260,UNCERTAIN
d984b43a406e9361157b,3789287,UNCERTAIN
21c6cc3a00f63fad98a8,3789289,REVERSION
98adac9848e8261480ff,3789290,REVERSION
705402d730f1691c867e,3789299,REVERSION
dd45672b61d8818d36cb,3789300,REVERSION
22f685d314c526888a99,3789447,TREND
0170a50d8bcbb24ebb4f,3789452,UNCERTAIN
e2eb2162f2642ba1c087,3789454,UNCERTAIN
1e26c32fb1ca36ee8b19,3789455,TREND
5c0dfe2d19b10968d0bd,3789458,UNCERTAIN
976d6859e6ad36a06dc2,3789591,UNCERTAIN
ec79f7ce31eadc843bd6,3789593,REVERSION
a97e0f6e621842250576,3789598,UNCERTAIN
eff9c9925e186d90b9c5,3789602,REVERSION
ab44260064f6960a9700,3789603,UNCERTAIN
d1d84867b31495effe33,3790043,TREND
da02ece821887cfbfdb1,3790049,UNCERTAIN
e53cf5f78feaa1a5913e,3790050,UNCERTAIN
e085c700ce60d35a9072,3790053,UNCERTAIN
906b5a90e77a788f85b1,3790056,TREND
fc2f2a858da34ed28396,3790092,TREND
0fe705e4dac43d2b1224,3790093,TREND
2c727609e6b217d5a15e,3790098,UNCERTAIN
6fb3254b44db5891fdd5,3790099,TREND
731fe271a4d54887a76f,3790100,TREND
923caea4abde1693e511,3790137,UNCERTAIN
8fe533b2399f9ff91eb8,3790142,TREND
4445edd4e515005f2983,3790143,UNCERTAIN
1eb5e4e7c0e5a5b1ec9f,3790146,UNCERTAIN
7ef3542e620cc1a46f79,3790147,TREND
e3da35d0e65bf47a539b,3790480,TREND
0078acfffe73ae5ee984,3790481,TREND
6e1d9dfd195529a64059,3790485,UNCERTAIN
75b47f81688744391e69,3790489,TREND
860acf62a49d0e6ba94c,3790493,TREND
47e7c35e45c3cbb94d0c,3790573,UNCERTAIN
ccc85ad1a79f365f4285,3790578,TREND
c690c52bdb27306924b1,3790580,UNCERTAIN
d3e53556f9e0e574e702,3790580,UNCERTAIN
3822fd97d1f318a40228,3790583,UNCERTAIN
4bf888aef5498a66e6db,3790583,UNCERTAIN
384f99fe16953a8b9af7,3790589,TREND
26e53533d0519f506ae2,3790589,UNCERTAIN
3d5f7415720f781c1601,3790622,UNCERTAIN
2ea7aae6d90c8799a302,3790623,TREND
55e4897cdf9d815d4ad4,3790625,TREND
9895c356adc4ece97971,3790632,TREND
7a8c6b5174400e31d4b2,3790635,TREND
bf8b764ad744fbd121ab,3790659,TREND
445250d022bb065ff77d,3790666,UNCERTAIN
575d11c1fd51ebee9bcc,3790667,UNCERTAIN
4c8f4ce17b6065141b48,3790668,UNCERTAIN
e478d695a04d2ee9a0a9,3790670,UNCERTAIN
b0fbdd6f24e576687189,3790801,REVERSION
b5b76fe098a712c7ce18,3790802,REVERSION
2ec188e09a31ac2301e4,3790804,REVERSION
c07219e8b945903dccdf,3790805,REVERSION
133380ee5bbaa900a04d,3790812,UNCERTAIN
eaa03e09742c7be724cb,3791074,TREND
9459d21e6dc86df364ac,3791075,UNCERTAIN
40c6bbe74c15894d8807,3791083,REVERSION
883e7060714943f0aa98,3791087,TREND
08c8664f80ffafe19bf7,3791088,TREND
88829a9c6545db2229c5,3791114,TREND
387bcad293ef3f5bcaeb,3791117,TREND
5d5b30e1f0745c732ddb,3791119,TREND
b4c9ec74d20c7b8dfa2e,3791121,UNCERTAIN
fa3def0f90111ced11f8,3791123,TREND
8e238f6befcb38d8fd64,3791328,UNCERTAIN
d698e13b05871ec1d4e1,3791329,UNCERTAIN
aebca000967bdfab4b9c,3791330,REVERSION
c9d760b8fd60cb86a60e,3791334,UNCERTAIN
af49d5081d8b56bf4f93,3791335,UNCERTAIN
49753855c2eaeb1193de,3791405,UNCERTAIN
98f97eefe0a70d52b295,3791406,TREND
86afd136f9ac471ee92a,3791407,UNCERTAIN
92cd847d2b43ac886f77,3791414,UNCERTAIN
5cd6b01beb3bd22df0e5,3791417,TREND
b246a8df23fd2d197085,3791491,REVERSION
6ddf5b0780e09b0414ab,3791491,REVERSION
f9f22c395f1a42b60d67,3791492,REVERSION
43a8c1949631baf305cf,3791492,REVERSION
ee4184cb88f792428c2a,3791494,REVERSION
7ad56a2f5a7b04c777f3,3791494,REVERSION
854f38dd54b050c54c50,3791497,REVERSION
392dedb394a8ec843d25,3791497,UNCERTAIN
8b2934d4649194e881c8,3791499,REVERSION
4031b0dacd1c9af0a910,3791499,REVERSION
e2573bf17a56ae93abf9,3791522,UNCERTAIN
b73ef4744ada6c13f9a4,3791525,UNCERTAIN
0ad6c2f955903b439c53,3791526,UNCERTAIN
c800dd0123df1e503d2f,3791528,UNCERTAIN
01ced37885dff3c6f836,3791531,UNCERTAIN
ce02d8f31eabc4518741,3791574,TREND
7fda46016e98c9999948,3791575,TREND
7bbf73adf6c833fccaa7,3791576,UNCERTAIN
20a29faf36786b8010cc,3791578,TREND
74687cc644ab9cb66aa4,3791583,TREND
65da6da1ce9ad9a9385d,3791652,TREND
2ddf4d6c28d207ce3819,3791654,TREND
342fac1442862102f0af,3791655,TREND
e56f0f7201b267892b75,3791660,TREND
5523978d3a63413b49be,3791662,TREND
706586a8eefd3a8def79,3791735,UNCERTAIN
e95a462ff1a609dab127,3791736,UNCERTAIN
789d548e28407c881d5f,3791744,UNCERTAIN
19d7b48d492792ffb8d3,3791746,UNCERTAIN
2675523806e0a24d2610,3791749,UNCERTAIN
ed142f21d49405762dee,3791768,UNCERTAIN
a3fb28af168a695c8e39,3791775,REVERSION
b8a90062a32b9b33a314,3791776,REVERSION
bc32f16b3ecf73062444,3791777,TREND
37e048930921ddcab0a5,3791778,UNCERTAIN
11b84dbdfb69eb798818,3791799,UNCERTAIN
4a165c21c8ab87b6440a,3791800,UNCERTAIN
824b0374765332a1d196,3791802,REVERSION
3b58c858cf04c61ecc2d,3791803,UNCERTAIN
b31124dc9433eb086360,3791810,UNCERTAIN
82dc800e6c7da3916144,3791874,REVERSION
fc4cd65bce29d279bc50,3791876,REVERSION
3737fee482ea841d902f,3791878,UNCERTAIN
8ebbd5aaaf63f77590c5,3791880,UNCERTAIN
e3839504cb09ff041c70,3791887,REVERSION
9dfb860f7b5d0b3b27c3,3792890,TREND
436b200887e19f8b168a,3792899,TREND
af52f31818c7703e95cb,3792905,TREND
890c1a3f944372eebde2,3792910,TREND
a79264156b98cfb69e48,3792912,TREND
ef54b744d997c960ea1f,3793059,TREND
9137478afb92eaf99d8b,3793060,TREND
edf820747fb53f93988c,3793061,TREND
5845301e53c9145e52fa,3793063,TREND
eaf6d7a6e5511fc471e2,3793064,TREND
367f7a9775c2c29f3573,3793564,UNCERTAIN
0158dd7a77b7c294cee5,3793566,REVERSION
7d28f14208b2dc02f5a3,3793568,UNCERTAIN
664faff70b8ba7b38399,3793570,REVERSION
5bbeb82495983f1cf6bb,3793572,REVERSION
9fc374b9327a65195460,3794876,REVERSION
22651e1149010d8badbb,3794877,REVERSION
aa7abc38b15a53274ffe,3794881,REVERSION
984ebceef344cec83049,3794887,REVERSION
e6deb1537ea583c59851,3794889,REVERSION
b5d4a3c6c98f85903f73,3795990,REVERSION
6caeed20fda9572f3496,3795991,REVERSION
e9c2f8d6735c1e1f0704,3795994,REVERSION
1cd0490a48db382b8a81,3795997,REVERSION
0fdd0b163cb8b64b034b,3796001,REVERSION
edc91d4b06d9971e7308,3796039,UNCERTAIN
0c38b95f76666041903b,3796043,TREND
18c79568daa27432cd74,3796044,TREND
040447cce54d8dcaa4b5,3796046,TREND
31df3e9dc9b042725ddc,3796052,TREND
a4150cedf9d5727c2366,3796177,TREND
b224e960317e1cf47b00,3796180,TREND
9440776cd42d51d446af,3796182,TREND
26eaa121033e8fa7e742,3796185,TREND
e713a9a7214998e500e0,3796187,TREND
aa4207a775c063ed61fa,3796580,REVERSION
fc848e0114f16a47c6a3,3796581,TREND
50d01b4320245d805bdb,3796585,REVERSION
a4a9357a2acecac2dace,3796587,TREND
f6d08a1a48c81d344f63,3796591,UNCERTAIN
3952d2bb8ce90e1c4be8,3796987,TREND
18ee627c99f11d7c9918,3796987,REVERSION
7439e4b801ab7ab74f1d,3796989,UNCERTAIN
0091fb1cbf8ef87e213c,3796992,TREND
c4d2bd8b93e4cfa3c25d,3796992,UNCERTAIN
adcbddbbe4d3e7c7bc05,3796993,TREND
e411349a866eee163901,3796993,TREND
094c03ca04bc4b37f527,3796993,UNCERTAIN
14410ab167340af02151,3796998,TREND
5b9021370b60b79f055b,3796998,TREND
d23ae96b99c251f84aca,3796998,TREND
82aeaa57667546e2041a,3797018,REVERSION
4b3a5516185a6de4bda0,3797020,UNCERTAIN
55dc98dd2020fb0a8755,3797025,REVERSION
f99d2f3ad43415816f5a,3797026,REVERSION
df478ad7ee5d5acdd089,3797028,REVERSION
f25b9a4120a9da00fd9f,3797054,TREND
e75e94917075bf709f25,3797055,TREND
35387724b0112c0af5a2,3797058,TREND
1bb3a539a3a37daa332c,3797061,TREND
0641c6563b1106167cb1,3797069,TREND
f18dd1a41875cf466dce,3797335,TREND
0c34ce6523ba1889307e,3797340,TREND
ffc59245e51d43f18890,3797341,TREND
9050ea8302b3b9704e54,3797347,TREND
562720594dfcaf19691d,3797350,TREND
a7966f605d1a0f6ca83c,3797579,REVERSION
db5e35b38f731431e44f,3797582,UNCERTAIN
67a2c6c816ebb62e22e2,3797584,REVERSION
4bcb437dfa710208689f,3797585,REVERSION
7a4c8e44c32a7bb08fe6,3797589,TREND
9c3afed6f3dcf27ea3b0,3797611,TREND
1549ee0312bf981a1eb4,3797611,TREND
b7096339870017bc3afb,3797611,TREND
18bb089b5354d7bc5c1b,3797613,TREND
03f84c209f4aabe37bea,3797613,TREND
3ae5cd3d4fb890eda069,3797613,TREND
eb9f42c65585f01f56dd,3797618,TREND
7fd414bdefae1fff3834,3797618,TREND
adde6a7099d96260888c,3797618,TREND
9e75ccfbcd69fb880449,3797621,TREND
a38713c4a607820a627d,3797621,TREND
74cc9a8824987adf5a32,3797621,TREND
1f063f707d7b1a04e636,3797626,TREND
4d07abda4a42b701b366,3797626,TREND
728f2cf6632626590aac,3797626,UNCERTAIN
aebd3daee1ca94b8df27,3797754,UNCERTAIN
2da57d85b5779ab6127c,3797754,UNCERTAIN
b44f588b243d5554aa0d,3797754,UNCERTAIN
8f96670b557aa6b37f6c,3797755,UNCERTAIN
f41cc976f6ab132ed983,3797755,UNCERTAIN
cda014bc3e551fcb4d46,3797755,UNCERTAIN
11bb0e47fe9023744c4c,3797757,UNCERTAIN
5d1a66269e5ccdc70267,3797757,TREND
b0b87791a9c2db2cc1e8,3797757,TREND
8a0f76baa019d537e889,3797759,UNCERTAIN
b582eedf680b7c8fe9c3,3797759,TREND
d35faba95c3f8cecfe3c,3797759,TREND
3a7523d8ad808780384c,3797761,TREND
e1e2c57d10f610b03d2a,3797761,TREND
b23f25ccfed0792efbf2,3797761,TREND
2241b89565b66f00c993,3797928,TREND
dc90b1def6d04eafcba5,3797928,UNCERTAIN
857ec2643361d8848051,3797928,UNCERTAIN
8b2a3dce9008506c6a45,3797932,TREND
94235479219b8efac078,3797932,UNCERTAIN
52b781e4f1a46fccb69d,3797932,UNCERTAIN
07b99da5e207f297f4ac,3797934,TREND
949371ae75ce25ea4282,3797934,UNCERTAIN
273502baba6328d96b0e,3797934,REVERSION
8870b7a5ca09fd54ff61,3797939,TREND
8159633a2a9432b04c06,3797939,TREND
42a87a4c11f804d64f6a,3797939,UNCERTAIN
e344b46961b914434ec0,3797940,TREND
210240a183e8df1d6058,3797940,UNCERTAIN
489b6fe207eb072165d8,3797940,UNCERTAIN
3b94e78aad9132794ea1,3798125,TREND
dd81e893ac4f951e3627,3798125,UNCERTAIN
fe93c488f5cef4fc7191,3798125,UNCERTAIN
80a51c8466ff4b352623,3798126,UNCERTAIN
e634f5ce433114ac7b7c,3798126,UNCERTAIN
ee861f8dfc3e45c65ac5,3798126,UNCERTAIN
3dddae5fe41de9d5e796,3798129,UNCERTAIN
1f07c5337e24fdf90790,3798129,UNCERTAIN
5da555ba599ce46fec7e,3798129,UNCERTAIN
1c1c5366e5b5bc722995,3798135,REVERSION
8e96319fbf11bfd03ec3,3798135,UNCERTAIN
eff0b0c09b7048361291,3798135,REVERSION
20c39b93ec5ed3268f20,3798140,UNCERTAIN
09208e9afdb134d7c0dd,3798140,UNCERTAIN
7cea3e8bbcfe61ccefa6,3798140,UNCERTAIN
215c34b2a03be1bd1a84,3798496,UNCERTAIN
08e628091bc0e6b9c993,3798496,UNCERTAIN
6cb0f3c6b8ac3d959d56,3798499,TREND
8a53d7226d5210da21b5,3798499,UNCERTAIN
f6af3e202bcf5b8a3137,3798499,UNCERTAIN
9e08222d1c2315321fc0,3798501,TREND
7fb9dee39b1d50fc591f,3798501,UNCERTAIN
326c24eb8805b22222b1,3798501,UNCERTAIN
ae830703505a4c5f8238,3798507,TREND
546424827a7b6ed9ea1f,3798507,UNCERTAIN
6cf1f52ecc012a81954c,3798507,UNCERTAIN
2041230bb1d09a24227d,3798509,TREND
96a1494b2d30e4be9213,3798509,REVERSION
5e2cd6862cc3dc28f45c,3798509,UNCERTAIN
56cf1aa30f30dca68f7b,3798617,TREND
84ce5521dc36e803f6c0,3798617,TREND
ac1c8a465045398dc19b,3798617,TREND
40dc746398c454343550,3798618,UNCERTAIN
d569bc5c0fc7298d4270,3798618,TREND
95a6a21b16b4cf32e985,3798624,REVERSION
9a3c90b2e5473f045b45,3798624,TREND
8b3663cbf7e63d12fbfd,3798624,TREND
51959121d7d2eb491319,3798629,REVERSION
1586d7a0ffc6ac2e11f6,3798629,UNCERTAIN
24170be9cbbe83af3366,3798629,UNCERTAIN
c24188906ce079c2adc6,3798632,REVERSION
2ceb0d61b2c489c4b115,3798632,REVERSION
4d7f4390d9f02af27552,3798632,REVERSION
54f40a446134c474ed65,3799382,UNCERTAIN
2b27cc4e34b8abcb8eef,3799382,UNCERTAIN
c8a0ab956485df643738,3799382,REVERSION
85f5316ae0ba2fc8088d,3799385,UNCERTAIN
002f183f8ed4888aac93,3799385,UNCERTAIN
35fa45a4a43948a0575a,3799385,UNCERTAIN
7e95fba0ee3afef30c52,3799387,TREND
6961f1215a5ca63e6252,3799387,UNCERTAIN
c37cd7e12dc9d19448f2,3799387,UNCERTAIN
50405b64b160f67ecca0,3799389,UNCERTAIN
527f2274ff9a40a3483e,3799389,UNCERTAIN
81f5f1994521753b086e,3799389,UNCERTAIN
de20e6ae64c2c7b0635b,3799391,UNCERTAIN
6388c8245a75b4dda5d4,3799391,UNCERTAIN
903a98d3535de74ad1c2,3799391,REVERSION
1e49a247536651bb2e8a,3799634,UNCERTAIN
32c2e90260e31af84bdb,3799634,TREND
28953dcd558884bef9ed,3799635,TREND
7a365a5b73c70eebee2b,3799635,TREND
90834c5865a1010c31ee,3799636,TREND
76958cbaa70ef54b366f,3799636,TREND
6e67094d02742ed9b9de,3799636,TREND
3257d1c2cce561a869bb,3799639,UNCERTAIN
202050f68e8bc4fef7f8,3799639,TREND
428a3ebbe1f4a1cfd22a,3799641,REVERSION
1fb45f894408d47708e4,3799641,TREND
e1b6023dcb33b76230cb,3799641,TREND
22748f5c4573dfe9c175,3800017,UNCERTAIN
22e1ccf7229ea59682bc,3800017,REVERSION
d8f6e6fc7c5df458b5bd,3800017,UNCERTAIN
c7a2665688a884af22df,3800018,TREND
04a9b8c16f53c613e235,3800018,UNCERTAIN
e154ff726d1c3b2849dd,3800018,UNCERTAIN
c3d6b3822596a7796fef,3800019,UNCERTAIN
2665d1e1f1d13eda45ca,3800019,UNCERTAIN
bc53f615329f893af89b,3800019,UNCERTAIN
6e1a3fe9d34379a263f6,3800023,UNCERTAIN
7244830c3bba0833887c,3800023,UNCERTAIN
4823bf2ff2cea93abc4a,3800023,UNCERTAIN
351aed91d3b79080139a,3800028,UNCERTAIN
3250030912e40d52da07,3800028,UNCERTAIN
4cf9edab0b77ea19670f,3800028,UNCERTAIN
a4768996da20c327ef98,3800111,TREND
b0a4e6c60cf1e01cc854,3800111,UNCERTAIN
47846b66a48e7b97e3b6,3800111,UNCERTAIN
ccf8eb76eb8010486433,3800114,UNCERTAIN
a062c6a7e3c1ba4d4a93,3800114,REVERSION
2d66b22c099faa285005,3800114,UNCERTAIN
f424d430a665a328eb6e,3800117,REVERSION
2591ef062e37c4a35cf1,3800117,UNCERTAIN
097887808a8239c8bc37,3800117,UNCERTAIN
4b348e6a354728d8ec03,3800118,REVERSION
68e62d659877c77c979c,3800118,UNCERTAIN
8a5affe54b5e991f5400,3800118,UNCERTAIN
f8f000addb191fa2cd4b,3800123,UNCERTAIN
a5e2d7a884e5becebedc,3800123,UNCERTAIN
bf1379d714b6a997859a,3800123,UNCERTAIN
4d9c6683ae19c50c7d4c,3801017,UNCERTAIN
9c962c886a20594b18bf,3801017,REVERSION
314f3b0a581e17f0c9c8,3801017,UNCERTAIN
b68c6bb5ac538d90478f,3801022,UNCERTAIN
b1487e9ce84d4a3c3180,3801022,REVERSION
0fd8f098d43a938f08f4,3801022,UNCERTAIN
839fae5e41ded26d8d0d,3801026,UNCERTAIN
a5fc9d994d0634467e78,3801026,UNCERTAIN
57b8b1acfe5a80a4f1ee,3801026,UNCERTAIN
633c44b027cf205a6cf6,3801027,UNCERTAIN
92b0feef70ab131888d5,3801027,REVERSION
edd4f96786a22d6cd805,3801027,UNCERTAIN
99e3305b84d603d0ae9e,3801029,UNCERTAIN
c1c7d381eb6b9387b84f,3801029,UNCERTAIN
78ced63642e31bab1e52,3801029,UNCERTAIN
72adeae917b97b8b5d43,3801067,UNCERTAIN
f834c61453dbbf9ebb25,3801067,UNCERTAIN
42f833b9a6117f8e9838,3801067,UNCERTAIN
ca0b98493a33249b4623,3801069,TREND
fbb01a3e93f48d943c65,3801069,TREND
2ec4dde2d29ab37e57de,3801069,TREND
69616f26b358edb996d7,3801070,TREND
6b5373a6e8a7df7bbd23,3801070,UNCERTAIN
7f8393329c413714fd57,3801070,REVERSION
f31076d51ffc4b404e65,3801073,UNCERTAIN
3d741613795afd464e92,3801073,REVERSION
4818185aed8d3ce2548c,3801073,REVERSION
c00071c2fdc77e40416e,3801074,UNCERTAIN
4f3992f5c2640c6fce3c,3801074,REVERSION
f58a8a7245d56a0c86f0,3801074,REVERSION
3bd348774a286a15a062,3801100,UNCERTAIN
5d602e02e75efe0f2d1f,3801100,UNCERTAIN
51ef30ebefd9d66152cb,3801100,UNCERTAIN
8d25e46966f666c17e60,3801103,UNCERTAIN
be3434cd8d3b290f1956,3801103,UNCERTAIN
1ff84ebd30818d7943a4,3801103,UNCERTAIN
61a4c7c9173d9c252287,3801104,REVERSION
15e628ebfdd34a3903dd,3801104,REVERSION
d7ff5cbda0cb9e2e9841,3801104,REVERSION
fa47015d01de5cf9440e,3801107,UNCERTAIN
5159d2d3146441fe9241,3801107,REVERSION
adc699d2ddd7c9eae411,3801107,REVERSION
7564ffef3a5f84503e99,3801109,REVERSION
fdc9838e6eea785ce2db,3801109,REVERSION
64a0116574689da92fb6,3801109,REVERSION
240157c6b12dc78dc54d,3801318,UNCERTAIN
1c67e1192777ebb28ced,3801318,UNCERTAIN
0da81e3f431cc449c656,3801318,UNCERTAIN
5ee9285118305e4b8de3,3801319,UNCERTAIN
f8d494f20731a2ba1606,3801319,UNCERTAIN
fe177c4e82a6e653edc7,3801319,UNCERTAIN
63a2b6f093b60cf48b3a,3801321,TREND
b0e9dc2fb1e63707f668,3801321,REVERSION
6b13d3ae9a85328eb69f,3801321,UNCERTAIN
f4108f556beb1110f0ff,3801329,TREND
f0c7f201fbc9b3c3d551,3801329,UNCERTAIN
f5c7ef4dda7a1e0a4594,3801329,UNCERTAIN
5b91b48bff8baf6c3e7a,3801332,UNCERTAIN
afc17f8cc5d62029b1d7,3801332,UNCERTAIN
ed80c1a5529e90edd2e9,3801332,UNCERTAIN
6ca521b62d3d5fc60fa0,3801524,UNCERTAIN
0ae42a78ca11f76c0abb,3801524,UNCERTAIN
eaedfaeb67d4904e0424,3801524,UNCERTAIN
6ed1d76a7d0c1ee15519,3801527,REVERSION
8d7227da0fbf8c773f08,3801527,UNCERTAIN
6c542d9d721d33bd7760,3801527,UNCERTAIN
0619be1fd7a1de3648a9,3801528,TREND
613403941621e627a558,3801528,UNCERTAIN
a9dcedfe4856d57bc77d,3801528,UNCERTAIN
b8eb4b84837a746ed78e,3801533,TREND
5f5d2d7918141db0ea80,3801533,UNCERTAIN
83561f89c2c7b21c382f,3801533,UNCERTAIN
5a0a6ed06dcbf904e48e,3801534,TREND
a314f7376951e4a07926,3801534,UNCERTAIN
4807d13219c07c98035c,3801534,UNCERTAIN
5e8fc6408920210660c9,3802020,TREND
de182a02fc2febdd4ea8,3802020,UNCERTAIN
c14fca87549e4ea5b06b,3802020,UNCERTAIN
38a67215975ba481d7e2,3802022,TREND
6e8ff3b936e4f27fbab0,3802022,UNCERTAIN
785a10aa445a0d1cc027,3802022,UNCERTAIN
acba6a6a7f24c2f58509,3802025,TREND
2d361666f233a666d056,3802025,TREND
c71f12fa0dd0d48f83fb,3802025,UNCERTAIN
73f8c223bcf6d162e470,3802030,TREND
fe0419e50dc5c6b1cfeb,3802030,REVERSION
c82dadc33763ef244864,3802030,REVERSION
d5f32feb71cd8bb1a703,3802031,TREND
0a4bf1df6bbbcefddb4e,3802031,UNCERTAIN
f1ede8a22ce238324f7a,3802031,REVERSION
e98a84aca4240ab59090,3802551,UNCERTAIN
3a5b1a7d4f5027f0c488,3802551,UNCERTAIN
e5bcdc1ac39dcaf8a68b,3802551,UNCERTAIN
c3430b409cec79edbf7b,3802552,UNCERTAIN
1b11006ac2d258af86be,3802552,UNCERTAIN
25b48ec3df84cafd4900,3802552,REVERSION
3897c367038563749b64,3802554,TREND
ac8b709d0095dea3b0f2,3802554,UNCERTAIN
71db655b1fefb308a57d,3802554,UNCERTAIN
1b87391924c83f44bcce,3802555,TREND
fd1e28ddfe21f70cad32,3802555,UNCERTAIN
9618048578a87cdbbed7,3802555,UNCERTAIN
88c5e31d125d9cab330f,3802557,TREND
1cd077a776981c53ad31,3802557,UNCERTAIN
1f3f51d672cb4509b15b,3802557,UNCERTAIN
a66d626aab0b46efc18f,3802756,TREND
fceea7af6b68868d2b1b,3802756,TREND
62c74256d478600c808e,3802756,TREND
52b4987c407389154afd,3802757,UNCERTAIN
b89484d4ec99df6e9b46,3802757,UNCERTAIN
4ff2740b277af2b62f10,3802764,UNCERTAIN
03d088195f3fd21dff14,3802764,TREND
64ae1d2a49f8a7841358,3802764,TREND
777c65a22f7fda269929,3802767,UNCERTAIN
7d9dbf9cd5fff2ec6d06,3802767,TREND
ffdaf71afbd64a1ed43e,3802767,TREND
76473ba285a46cc0c19c,3802768,TREND
9b929d7e738e7a42b307,3802768,TREND
7f9f2add831e3d1bd015,3802768,TREND
eee629497a27eb09d080,3803778,TREND
48804306a7abb1cd9d18,3803778,TREND
5a2f4e1d2a3b4bede4a9,3803778,TREND
d2c2a719962fa1413f6c,3803780,TREND
0b45e299028dbe54b105,3803780,TREND
5f5201e709873f036ce7,3803780,TREND
3a10c8a77dfce531d393,3803783,TREND
8dcae8db0e527610df1d,3803783,TREND
810a4bf3bc9c14905bfe,3803783,TREND
1616012ef1e19e70c910,3803784,TREND
9b209a825cae901f63f1,3803784,TREND
95efa47bc64a7ae43ea4,3803784,TREND
720f119143b47e4a55f5,3803788,UNCERTAIN
6a0789265393da250d17,3803788,TREND
e297b542f0ef1fcd8b52,3803788,TREND
9ee38cfb98e4215ad57c,3804202,TREND
5577cf90d17537dadbbf,3804202,TREND
05ea69973298a2fdab28,3804205,REVERSION
6273e128518b962c413e,3804205,REVERSION
6d737b690242e0cf871a,3804206,TREND
dd419cb933b715da92b0,3804206,TREND
639c6bc2b26de678e832,3804211,TREND
b156d45a23c842fe87b0,3804211,TREND
c0be30dca0553d534333,3804217,TREND
f44a09de7d4cdc296994,3804217,TREND
0437d4c5f68ea68a4c2c,3804941,UNCERTAIN
dc82932bf7fb077a0847,3804941,UNCERTAIN
4f41b6364683b6d1fdd8,3804941,UNCERTAIN
83469f3291b3d4474a55,3804942,UNCERTAIN
632e13e7066be2e55dc6,3804942,UNCERTAIN
a1f5d544c1839e54260c,3804942,UNCERTAIN
0cd8aa9545e4f129c7ab,3804947,UNCERTAIN
b789913245b9cf4c9901,3804947,UNCERTAIN
f9deac9cf26cf47dcd7f,3804947,UNCERTAIN
f1e4eb7719c79d0f75cc,3804948,UNCERTAIN
08c8395b77992f509005,3804948,UNCERTAIN
511f84681f51e81d3f19,3804948,UNCERTAIN
b017b84128f352822a9f,3804950,UNCERTAIN
409eef1031283b97eef3,3804950,UNCERTAIN
66ab5978bc6c93e6cd8c,3804950,UNCERTAIN
371f5cbd31eeab50cd69,3805263,UNCERTAIN
ee49adeea38442478fd0,3805263,UNCERTAIN
81272384acc259f08199,3805263,UNCERTAIN
930eac9eca6af44a65a8,3805267,UNCERTAIN
9d9de9f0d1bbdb746f95,3805267,UNCERTAIN
c85f2ea43e0519f4276b,3805267,UNCERTAIN
3923aded97433aeb5f73,3805269,UNCERTAIN
633bf6473728537fce37,3805269,UNCERTAIN
6f9ded916ceb0c58a31c,3805269,UNCERTAIN
112ddb314f1c6a7ce9ab,3805274,UNCERTAIN
55f3d165373ff072b86b,3805274,UNCERTAIN
ba2d5685d8792220d57e,3805274,REVERSION
690157dbae5bc72adb28,3805275,UNCERTAIN
deb658362d243ffff0d6,3805275,REVERSION
0ed9ee876b82d8ad479f,3805275,REVERSION
d4a024a98fd93a9959ce,3806764,UNCERTAIN
d53320f6948815db545b,3806764,TREND
c4e6df7ec28a39e65050,3806764,TREND
e855f0514309dc3828c7,3806765,UNCERTAIN
845c167b6f7420a02787,3806765,TREND
f3fbe4aa9d9ea49d2545,3806765,UNCERTAIN
dedf30a17d8a870b89f9,3806766,UNCERTAIN
856fdd44e96c2f00e4b4,3806766,UNCERTAIN
a3019dd373d3c4aee397,3806766,REVERSION
60777c8b449c1ce48828,3806767,TREND
640da1c8b25b0709980a,3806767,TREND
f7d7686934d835297d19,3806767,TREND
ffb6cf0fabcce10fcb37,3806769,UNCERTAIN
a3d54494fd2b62ebb434,3806769,UNCERTAIN
e601f6c869a49bcd578e,3806769,UNCERTAIN
f3a2cb4d05163355ec2b,3806857,TREND
15e45d08cb0711b97bc9,3806857,REVERSION
c9c15292657953734688,3806857,REVERSION
5e63c1c44131356acea7,3806858,UNCERTAIN
ab8313dc2980624880fe,3806858,UNCERTAIN
72c8a586a5fca7385f5f,3806858,REVERSION
e5cd1f6c982dbed37fde,3806859,UNCERTAIN
df54e6c5ac91aab1840c,3806859,REVERSION
716c253c7b50da5c0194,3806859,REVERSION
e732255b88adfa50398f,3806860,TREND
796e5b02897cf4ebdfba,3806860,UNCERTAIN
f12e51c85ecf38fdcf6b,3806860,REVERSION
b31c1d33ae876d696567,3806863,TREND
d182a1af512465834bbc,3806863,REVERSION
4e13094f805facd6875b,3806863,REVERSION
65deb122e5fb86ec1bd1,3806892,REVERSION
5d7c759b241826b8baee,3806892,UNCERTAIN
4ff9fd051d5c106157ee,3806893,TREND
a826f0155db5f1037580,3806893,TREND
ae06a7ca28f421c609d0,3806896,UNCERTAIN
3aa59329c104f4939db3,3806896,UNCERTAIN
99780f707b919ead53a1,3806905,UNCERTAIN
ed2779ff16245673d769,3806905,UNCERTAIN
6aa928ea7819be53e412,3806907,UNCERTAIN
89ddacb12caabd8d7f6b,3806907,UNCERTAIN
0b9c3d0daf6398c6dd0b,3807111,TREND
9347acd9c4651f0538b2,3807111,UNCERTAIN
36ddfab905298b9c28c6,3807111,UNCERTAIN
b37c0a540915e6e82f28,3807113,TREND
833b68be3c2457e05f91,3807113,UNCERTAIN
d84aa687b3ac68bf1828,3807113,UNCERTAIN
2c98f58b84735ee7fcde,3807115,UNCERTAIN
659fb4035048152d19ca,3807115,REVERSION
31aeebaedfb474317bc5,3807115,UNCERTAIN
6d8328126ccf44a9073b,3807118,TREND
48d8bdea34f2022ecd4c,3807118,UNCERTAIN
0487126e8bfbd41219cd,3807118,UNCERTAIN
721997e80f67d5064557,3807121,TREND
885d2edf262ed07c6b33,3807121,TREND
e015894e135470ee05a0,3807474,UNCERTAIN
85167de89e61b3d075d6,3807474,REVERSION
e58c90f1d876d2f81926,3807474,REVERSION
92afb46845cf905c513d,3807475,UNCERTAIN
b39bca97459d4303a4a6,3807475,REVERSION
2ad911a2cffe4eca5c03,3807475,UNCERTAIN
6b085abe0913cd9b2d82,3807477,UNCERTAIN
3df8530b8bbecf26ad6f,3807477,REVERSION
f9835c744cd37ffc6883,3807477,UNCERTAIN
e3ff97b13edb8e5c1887,3807478,UNCERTAIN
5fd19a4052d1d89bd966,3807478,REVERSION
2ab12e166af2a33aae84,3807478,UNCERTAIN
5fa28575e2d0d08b9454,3807480,REVERSION
fa42e94b86a6a90c19e9,3807480,REVERSION
ac175c71e452eb265a44,3807480,REVERSION
7fa8c43d75823c25e668,3807525,REVERSION
4a3d98cf556549faa639,3807525,REVERSION
4282935d67c2cd9fec9b,3807525,REVERSION
282700fecc7993facfbe,3807526,REVERSION
87ffbeb4b56d058e8117,3807526,REVERSION
e60aad330fb2dc4586ea,3807526,UNCERTAIN
055706866e532e3f6c42,3807533,UNCERTAIN
1eeec0c8a50ec239ca28,3807533,UNCERTAIN
9a44b4fc7ea5298933d5,3807533,UNCERTAIN
c43af18c4a03efdc2bd6,3807536,UNCERTAIN
130bbf5c202a8b44f9af,3807536,UNCERTAIN
3e5ea6f4f447013ed1b1,3807536,UNCERTAIN
6dc916326b47a5ccf168,3807538,UNCERTAIN
3064bbfb39ba5112587a,3807538,UNCERTAIN
09277995ff2826fc8db0,3807538,UNCERTAIN
2a42e28f80ac21071ba9,3807866,REVERSION
fcf24c483fc0627817fd,3807866,REVERSION
f4fdb4fa9fe7de2ab95a,3807866,REVERSION
bfdeb894affd8bf288b7,3807867,REVERSION
d4b1e3e48e1f69d656ff,3807867,REVERSION
96c298bd9bb28ab4dd14,3807867,UNCERTAIN
c77cfcceab230c058113,3807870,REVERSION
faa3b4cbf33adaa7c6ab,3807870,REVERSION
61f395a35f5e459faa1a,3807870,UNCERTAIN
2abe298fa515d7ddfbae,3807875,REVERSION
f95be7c3747efd680844,3807875,REVERSION
96557c071e0915741412,3807875,UNCERTAIN
3a89ae87cede44f36098,3807877,REVERSION
72ca05f440d87afacae4,3807877,REVERSION
693225c17ef00ce841c0,3807877,UNCERTAIN
6727cfc3b561986a0732,3808094,TREND
1ada2906e23f2f70cef0,3808094,TREND
ed88a91e403f530d911f,3808094,TREND
98b9ef8afff84c44763b,3808098,TREND
770c333b4601081fa8a9,3808098,UNCERTAIN
2ab8254aa032e01385c1,3808098,UNCERTAIN
93ad30a14d101190b317,3808102,TREND
ce74f40f9c09e3ae0e1a,3808102,TREND
9d18e7424fbc792d54ff,3808102,TREND
1df4d19cb5d56e31fc4e,3808106,TREND
42c9d3b9dee8fae964a6,3808106,TREND
00afbcfb69a90abc1bea,3808106,TREND
f54a2ca58266055832da,3808107,TREND
862267be2b9df9e8fe36,3808107,TREND
287cc1ed8d7cd0eaa5dc,3808107,TREND
5eff2534d13a949e3f98,3808332,REVERSION
06fbe0e9040e6498c836,3808332,UNCERTAIN
62f2462fead6ff3495fb,3808332,UNCERTAIN
51821e0b86c06c8b884b,3808338,UNCERTAIN
f51ffe3894809ac68afe,3808338,UNCERTAIN
4220fa2e23eecca77894,3808338,UNCERTAIN
d48396fbff8eeca8c2cb,3808340,REVERSION
fd42abe5fe06be1c7010,3808340,UNCERTAIN
48b7fd9b4dde31edba95,3808340,UNCERTAIN
663f741a736da0d1361b,3808344,UNCERTAIN
618b78dec379c5a9a55c,3808344,UNCERTAIN
52b14c1331edb2c6b95e,3808344,UNCERTAIN
5539f03294590d5078c2,3808346,UNCERTAIN
90943b7b7e3221a75f89,3808346,UNCERTAIN
8e56df1485247ff5677e,3808346,UNCERTAIN
93b5fe0eb7777e9193f3,3808453,UNCERTAIN
e2a2eaa18b6196e540b3,3808453,UNCERTAIN
71ea2c8c585b87adb4d1,3808453,UNCERTAIN
bec43042bc89435c947f,3808456,TREND
8407c69d0dd2e2cd31f8,3808456,UNCERTAIN
b26ccd405e2707665438,3808456,UNCERTAIN
00882d60b055f43d4d47,3808458,UNCERTAIN
678c82d048950b4b63f1,3808458,UNCERTAIN
778a8b7786f734ad4cf9,3808458,UNCERTAIN
ff82e7557571e1ae9560,3808461,TREND
ed92b2aa01fa14d9e47c,3808461,UNCERTAIN
4cc12fee5b989900f1eb,3808461,UNCERTAIN
96b107d5fcacde54ff70,3808464,UNCERTAIN
cbb3d4f065cf9ebadac6,3808464,UNCERTAIN
4013097f6408f32b0515,3808464,UNCERTAIN
2ae627f850e46013cd78,3808494,UNCERTAIN
090b585f3b1cfdc420e3,3808494,UNCERTAIN
36e0ea178ed1c1c3e7b8,3808494,TREND
c8bb75d2513c0e1fcb48,3808498,REVERSION
354672430f6f25131325,3808498,REVERSION
98d49c53807b564deb5d,3808498,UNCERTAIN
5c2dd3ba1bf21709fad0,3808501,UNCERTAIN
1087f308a6fd9b93121a,3808501,TREND
1d31715f67ff4a7ed988,3808501,TREND
9be15364efcf7dd7af9c,3808506,TREND
91cccd986a3f42de3205,3808506,UNCERTAIN
1d957d084d567e86313a,3808506,TREND
8294b7f5cd96e27d3b45,3808509,REVERSION
599aace0cb343dc8fb31,3808509,UNCERTAIN
bbdf3d9e9aca98dc8ee3,3808509,UNCERTAIN
13780b96448451d5373f,3808890,UNCERTAIN
42bceabbda85588f2fe9,3808890,UNCERTAIN
2a4209f436cffb84d50c,3808890,UNCERTAIN
d5e5a8b2444368fff4c6,3809019,TREND
1aab9a2fd4368a1088fd,3809019,TREND
2f2e64aafa9e4787a5cd,3809019,TREND
8292a122aaab4d8212ee,3809025,UNCERTAIN
1e4cb210db1f0983f1c4,3809025,UNCERTAIN
655f7a26dbf5a6add5c3,3809025,TREND
6509e9e7a4e5b5c7fbef,3809038,REVERSION
8524a34e6bd7828387b9,3809038,REVERSION
af88260ef6c59c7ad4bb,3809038,UNCERTAIN
f5b273bc2b743a293ddd,3809040,UNCERTAIN
3e0d7dc9ac82e81afd9d,3809040,REVERSION
67c5748e5dfcc9e3d736,3809040,UNCERTAIN
6c7e5907c259682e898f,3828633,REVERSION
2bc3cc87427d35341a56,3828633,UNCERTAIN
85d4d9ec5edb8c810900,3828636,REVERSION
7d01aa21be5e32ceb3b2,3828636,REVERSION
95a04d1a658229ff3cf1,3828637,UNCERTAIN
846f34cb42b44730dd02,3828637,UNCERTAIN
114776caf97390e6b039,3828645,REVERSION
334210d7a02c742665c3,3828645,REVERSION
f6c04f7c5b21b8d06625,3828646,REVERSION
a96bb4fffada1368b583,3828646,REVERSION
b94c889b34014c4256a0,3828893,UNCERTAIN
a911210ad14f301e2276,3828893,REVERSION
9f32b160123f5952aae0,3828899,UNCERTAIN
872fdb18fc6f4b22f03d,3828899,UNCERTAIN
1730913cfbbaae309876,3828905,TREND
38e20557ccd6c8251c70,3828905,UNCERTAIN
10a6f4d0c6605917ef65,3828906,TREND
6f009ac5eec48cde5c84,3828906,UNCERTAIN
15d314e0a8308e09ed52,3828907,TREND
355e19b8ef15612b22ea,3828907,UNCERTAIN
c6566b5400ba37d98518,3829032,REVERSION
ecc5ff26b7f5b49e37f4,3829032,UNCERTAIN
613b473d9b5ec8e5fc65,3829033,UNCERTAIN
25e9dd2aba3557dd3e79,3829033,UNCERTAIN
15726a0f69574d493b63,3829039,REVERSION
16b20a7557b0ae64db3e,3829039,UNCERTAIN
7955a6315948ceedb302,3829041,UNCERTAIN
8ff01d7e80cd1ae6a676,3829041,UNCERTAIN
938ec35f7d85ac50d323,3829042,UNCERTAIN
4432407e62a265d99dad,3829042,UNCERTAIN
9b764054312e2c6403b3,3829113,REVERSION
f8f5a83985d5f6ba62ae,3829113,REVERSION
ba870fd0cb2d8c37fd93,3829116,REVERSION
48ee01e6c8f0f19777c3,3829116,REVERSION
28c804c2f88e717620d7,3829120,UNCERTAIN
65c6d74155024cd7d554,3829120,REVERSION
eb6ce0ab8993d85e0034,3829124,UNCERTAIN
39e69d61f857a55c729e,3829124,UNCERTAIN
7bbfb624d6371b8139c9,3829126,REVERSION
b1eb825dcf52b95506df,3829126,REVERSION
db744f9ce3765ff1643d,3829193,TREND
dfd67111b0fe2344bbf1,3829194,TREND
0b357d82c30d87914b25,3829194,TREND
42b4ded7abb4a5591381,3829197,TREND
d28dad1448c5ccd37da6,3829197,TREND
8dee2aa4c8cce656d09d,3829198,TREND
0537e65fb4cc6a64f06c,3829202,TREND
bfd800f673a193de8644,3829202,TREND
6907c46067fc1986f52b,3829293,UNCERTAIN
a62a525311cc22607e40,3829293,UNCERTAIN
6479f5df4190c66222bd,3829294,TREND
3a025797775e3e90d874,3829294,TREND
26afb236063d09bbc88c,3829296,UNCERTAIN
a176fd565493d5abd430,3829296,REVERSION
f3879199650d8564eed4,3829300,TREND
2bb0f4ca65e841a3503e,3829300,TREND
02e013c42d67bcaf1e30,3829303,UNCERTAIN
35f455a7bf2260b1dbbe,3829303,UNCERTAIN
0e2dc216572b4bc73385,3829419,TREND
b4f504cadd72f7ba4bb6,3829419,TREND
d96e52e9b0deb691fb72,3829420,UNCERTAIN
a7026dd89d7d37f897d1,3829420,UNCERTAIN
ebe1b3a3e3fdce969449,3829423,TREND
31771cbd0a9733d53388,3829423,TREND
31712563c07273bbe663,3829424,TREND
6e7e3d4d521123bff1c9,3829424,TREND
a15961752fe44c67a4cc,3829430,TREND
746bb43af961859bd1db,3829430,TREND
e19ed040e96fde1176bf,3829583,UNCERTAIN
dbc4c3082ef316a026fb,3829583,REVERSION
d6a3375b2610ca3ca9e7,3829589,UNCERTAIN
b0d2965deefbf23d6607,3829589,UNCERTAIN
5849d87fb6c78f45b47b,3829592,UNCERTAIN
a9597423bf8e0327e36c,3829592,UNCERTAIN
c8bb64f7c832872bba1f,3829593,UNCERTAIN
23eca1baa140cca79b59,3829593,UNCERTAIN
4917dbd9911c320063a1,3829596,UNCERTAIN
8515d0386936a3b6cb6e,3829596,UNCERTAIN
608db12582e23a7b11cc,3829629,UNCERTAIN
af8d8eeca3de1992251b,3829629,UNCERTAIN
4aacde1155c8d08f6d39,3829637,UNCERTAIN
ceeb8c7985444064eecf,3829637,UNCERTAIN
d0df11dfd25c21cbe88e,3829638,UNCERTAIN
d31021bf40166462a340,3829638,REVERSION
c336531c0cfca49ced35,3829640,UNCERTAIN
33d073dd2836c32592e3,3829640,UNCERTAIN
0f88ba46838a93ea185a,3829641,REVERSION
d3987c0f993b010257bb,3829641,REVERSION
cab271fe4fcb8948ee51,3829718,REVERSION
a61f2a4364d7f05051ed,3829718,REVERSION
35c7b1f6e430f06626ba,3829722,UNCERTAIN
5fbbe49ee957a771a592,3829722,UNCERTAIN
cf3a7c06070feabb2bb2,3829725,TREND
40ece21291eaf1e63d1e,3829725,UNCERTAIN
97ac081effc67dbecf5f,3829732,REVERSION
fd072791b53f48dbe8ba,3829732,REVERSION
323d7df441546313fd49,3829733,UNCERTAIN
951a504c2a7af5110276,3829733,UNCERTAIN
df07b4e0960f16ea663c,3829811,UNCERTAIN
a510bd858dc30c3915b7,3829811,REVERSION
1cf725ee109dd8f3f94e,3829817,UNCERTAIN
eb6616b86bc98f619153,3829817,REVERSION
24f8fadc2b2c55f1895e,3829819,UNCERTAIN
00f2f9b25d445b4022a7,3829819,UNCERTAIN
4419cefcf118012b26fa,3829820,UNCERTAIN
05af108f88379eeee3c0,3829820,UNCERTAIN
825844e9182405e93a5e,3829822,UNCERTAIN
ed6fb46bd6a03858f141,3829822,UNCERTAIN
2c74f18f615e24b2629e,3830378,UNCERTAIN
ef41338ad65c1abc2cda,3830378,REVERSION
2ddda8a1a3b6d9ecbb18,3830380,UNCERTAIN
d127088393b41b302fdd,3830380,UNCERTAIN
3a18f74a97ee9c02b5e5,3830389,UNCERTAIN
246629aa066c76dfb5e3,3830389,UNCERTAIN
e62e4c4bf03578d85b1f,3830396,UNCERTAIN
5bc513e3b8386aaf72cb,3830396,UNCERTAIN
c58f7939980cb9ab47db,3830398,UNCERTAIN
e3e9e60eba2620c699a2,3830398,UNCERTAIN
345516c659c6cba8357a,3830426,TREND
255332290c54d1e240c2,3830426,UNCERTAIN
9fab57100b17caf931d7,3830435,UNCERTAIN
23d583858f0ee21f0b5c,3830435,UNCERTAIN
efc26db9d7713471b012,3830437,REVERSION
7d7ef8ad7ab0dac9fb6f,3830437,REVERSION
b2cd8cf5c8e0fe4e9494,3830439,UNCERTAIN
6d2dc5de42b8bb85b4ff,3830439,UNCERTAIN
d9cace72b71d7b183512,3830441,UNCERTAIN
54add261b953ad42dc17,3830441,UNCERTAIN
7dbeb30688e973f7e0ec,3830935,REVERSION
6da9d87cd0b0bcb0e9ae,3830935,REVERSION
0eb3354abbbe2740330b,3830937,REVERSION
31880ad6392c71eac3a9,3830937,REVERSION
e501efea2c2122e9c1bb,3830943,UNCERTAIN
2b86ef019d753aa5bdad,3830943,REVERSION
6af3322ae5fbad23ae63,3830945,UNCERTAIN
d0ddb627a7b914be1e16,3830945,REVERSION
f3169b83635e2976f8f0,3830946,REVERSION
ac77e3c699b2b3ebec49,3830946,REVERSION
631819819554c977584d,3831463,TREND
90c8391f18d2e9e8e983,3831463,UNCERTAIN
8ef67ae154c55ec0e8e9,3831465,TREND
70629fda44d9128a2f36,3831465,UNCERTAIN
81e14837a3acdd9cca4b,3831467,TREND
1effbb1cb86df12c80e1,3831467,UNCERTAIN
39ad97d1be8bad1a0af4,3831469,UNCERTAIN
f3328a7efe0fff5669a7,3831469,UNCERTAIN
839fbd5d51f667731b24,3831472,TREND
57ad47cea36c09b5c468,3831472,UNCERTAIN
571fba69ac7916583a96,3832281,TREND
d8dee371db745f7df951,3832281,TREND
9f2fd265aa53e9dd0b11,3832284,TREND
445ccdbbd635e0fa3b2c,3832285,TREND
86f0b9eda2b282290928,3832285,TREND
0368980ca813d1d6b0ca,3832290,TREND
ebb03c64b8197eae71c3,3832290,TREND
c3b158842f41d3b2948a,3832294,TREND
ad058ece7863cfdf0875,3832294,TREND
4ff5960eedffc2ec1aee,3832316,UNCERTAIN
ce7806b3021f06ecc7e9,3832316,UNCERTAIN
2348b944cb57a62a9923,3832317,UNCERTAIN
78dd6256ce76cd9172ab,3832317,UNCERTAIN
30364a64d4d6383211b2,3832326,REVERSION
ccb4301b26278818f6ec,3832326,UNCERTAIN
3036f0338052d4c1186f,3832327,UNCERTAIN
9a7e232c9c74abf6ac50,3832327,UNCERTAIN
a65fbcdbcc06227e7018,3832329,UNCERTAIN
f4c40fe2b8010496d117,3832329,UNCERTAIN
d553a96b5a585d7e3989,3832413,REVERSION
ed8f32dec8fc52a761e4,3832413,REVERSION
fcedd797ae65ff7f3cae,3832416,REVERSION
9e4aaf8d17afde8a9244,3832416,REVERSION
d973b0023aa695df2713,3832417,TREND
a3881e34e22fe6dff44c,3832417,TREND
a90a426b13149ed881c6,3832421,REVERSION
7d63037819234c052b0c,3832421,REVERSION
b4a5e6189e4b6f70017b,3832423,REVERSION
73d15caefc32b810f6e4,3832423,REVERSION
bc988ced604c7e126222,3832880,REVERSION
97e0c40d4313e4845f80,3832880,REVERSION
a6c849f21ed8091a35a0,3832884,UNCERTAIN
4c7a9980176d28c2cb5a,3832884,REVERSION
42533f06499bd8510735,3832885,TREND
055294cc2caf26fc2230,3832885,TREND
a273fd35882f8a990b2a,3832887,REVERSION
36d85a252f1e4198e702,3832887,REVERSION
1f2b06a2ce0124377051,3832888,TREND
39e268a4a41debf058dd,3832888,TREND
896dbf2f11ab1ecf486f,3833453,UNCERTAIN
3f25d40d3765d7ed5cb8,3833453,REVERSION
670cf2d420a6977a64bc,3833456,UNCERTAIN
45d0394e248e0069e61f,3833456,UNCERTAIN
0f5f843d44464918aa86,3833461,UNCERTAIN
52f995f7b27669dddea9,3833461,UNCERTAIN
462acbb10ef2548e545a,3833462,REVERSION
c551fad6b3f14460ab21,3833462,REVERSION
a9fdc964b9fe11ccc399,3833467,REVERSION
4c46110b70c3eda978a5,3833467,REVERSION
876a491e6743c03945ef,3833594,REVERSION
0f1cd28e440922b9f993,3833594,REVERSION
be9b57ab563d19422569,3833597,UNCERTAIN
df27836eb72a456c3ce4,3833597,UNCERTAIN
bd8c06479f48514651dd,3833600,REVERSION
496186b65c79df968538,3833600,REVERSION
6514038b8cafc252e27b,3833603,UNCERTAIN
6b0f557b8ee9f70d835b,3833603,UNCERTAIN
304ce965995b9011a8e8,3833608,UNCERTAIN
d045e16460c8c1cfa1ed,3833608,REVERSION
e8d2da57637318c31744,3833635,TREND
4f343bdba3f827304385,3833635,TREND
b84d872063c59a32a12d,3833636,UNCERTAIN
b300601be75adda39be5,3833636,TREND
39e28aef96ea16d19deb,3833638,TREND
11860efd0fbd6ca1be36,3833640,TREND
420f005a2362ecf766be,3833640,TREND
2560fe5c1168b2c74980,3833641,TREND
74fad5d0d77dd8c2a46e,3833641,TREND
2929ee0632036bdb9647,3834642,REVERSION
95ed33f917762573ca13,3834642,REVERSION
f8408f1068c1f43a7272,3834647,TREND
631a258ebc972952d0c8,3834647,TREND
8c62eecd7d8ed1fcf394,3834648,UNCERTAIN
ea86cc18cea54c3f39e9,3834648,UNCERTAIN
4e5c94b3245998f21c4b,3834650,UNCERTAIN
c6828529a73f2695e229,3834650,UNCERTAIN
a9d41e9ebcd80bbf0ff4,3834655,TREND
d2b04d01b168dac02e01,3834655,TREND
fbf2cac3634da819f64e,3834817,TREND
bc78ef4523eba31196f7,3834818,TREND
86ad10ea11c31e6bd721,3834818,TREND
c433d89840d8e644b754,3834824,TREND
aaf095bac40831b6a9a9,3834824,TREND
fbad2a5c7745a7859cd3,3834825,TREND
000d698b27ff87a8ce2b,3834825,TREND
ee7ef41ea9a6a08d52fc,3834826,TREND
23b0f46894b4ea4924d2,3834992,REVERSION
a9b78a934e601d6755d1,3834992,REVERSION
6d72360ecdb7e1d4b5a9,3834993,REVERSION
e15df9ea26dff53eee60,3834993,UNCERTAIN
972ae997838070e18d14,3834996,UNCERTAIN
ab7a4014a2905225c332,3834996,UNCERTAIN
979d75e7c1101821d7cc,3834999,UNCERTAIN
da505e4020888abe4895,3834999,UNCERTAIN
e0fa50f069aa32b2e912,3835004,UNCERTAIN
d5d6b15f812ef6cc5e85,3835004,UNCERTAIN
0354012a3f9bdb60edab,3835025,REVERSION
ef90d363acc1786b82d3,3835025,UNCERTAIN
dfacdb03c08154bc4788,3835027,UNCERTAIN
95e94b4d5ebffcd7d0e6,3835027,TREND
f088de20c1ae933a2d20,3835028,TREND
594bc7b27989451134b1,3835028,TREND
b0a4e73817eebb4039cc,3835030,UNCERTAIN
bc3fe786c8d128d512a3,3835030,UNCERTAIN
e498ccfbc90785f8398f,3835032,UNCERTAIN
494e7d2ac99f58c4aae2,3835032,UNCERTAIN
06d113e04cc803050dc6,3835405,UNCERTAIN
8078dee870a70e8283d1,3835405,UNCERTAIN
d2fc62773bef279eb0d8,3835406,TREND
59beae2c4ddee8bef873,3835406,TREND
46a197f4eebe5490307f,3835407,UNCERTAIN
96efc643727640ca3723,3835407,UNCERTAIN
14299fa5d11bbc874794,3835412,TREND
d2c4f3cfd0c1be6bdaf2,3835412,TREND
a8e3ec8e63561c14400b,3835413,UNCERTAIN
b3f8fbea5a8b449c3e95,3835413,UNCERTAIN
5513d569f1a0962358b9,3835789,UNCERTAIN
375f9dfe1eda9ddfa401,3835789,REVERSION
4d757a756ef9c9ffde8e,3835790,UNCERTAIN
3e225ec8658488748464,3835790,UNCERTAIN
14558c88ce44cc1aadb1,3835793,REVERSION
5d0e116945ee2c63c2a1,3835793,REVERSION
5fbb11ec89cd67b97ebf,3835799,UNCERTAIN
17270348dc858e91c5c8,3835799,UNCERTAIN
15c8881e3091d62d1e23,3835800,UNCERTAIN
7edb77e8a1f646b23400,3835800,REVERSION
bd45e41761f4808db8c2,3835864,UNCERTAIN
effe42630b6a2f53058a,3835864,UNCERTAIN
fcad2fd00c3df2412b09,3835871,UNCERTAIN
be704e96b0c96c20232e,3835871,TREND
7ba4e80b0fe6084d9801,3835872,TREND
deafcb0c6b1b035576f1,3835872,UNCERTAIN
ece3113fbfc849433541,3835873,TREND
239945eb19f1d2400054,3835873,TREND
1a40eb0dbd6a2165bb1e,3835874,TREND
7df5d1eb5cafa31374de,3835874,TREND
5e39ec02f20f67fee9f5,3836012,UNCERTAIN
295865071a125fd8c053,3836012,UNCERTAIN
36c527d90671e98d0b41,3836015,REVERSION
66f487790cc9647198a5,3836015,UNCERTAIN
3c34b99ed8f0aa3b5449,3836016,REVERSION
c130c5b6fd85d15a05d3,3836019,REVERSION
d66db11b1e2e8e14eceb,3836019,UNCERTAIN
ce017202b2004ecac1a0,3836021,UNCERTAIN
aca30ae40c884074872a,3836021,UNCERTAIN
c798ca3783715b8e51cc,3836361,UNCERTAIN
c367e171e53144f94dfa,3836361,UNCERTAIN
b133e542efe44e0b6220,3836362,TREND
3c7a881a1093b18a0206,3836362,TREND
edf5744306c49a94d01d,3836372,TREND
ef46768e289e9599cf88,3836372,TREND
5f4ce49683b965983eef,3836374,TREND
8618f1dc2e5a48bdb5b1,3836374,TREND
d091ab55c65d2f8ab382,3836379,TREND
28deb7b24bb6dec83ca2,3836379,TREND
2e1ca6f25e3e57fa5e41,3836996,UNCERTAIN
777d39b5908703cef2aa,3836996,UNCERTAIN
eb7397ad95756d9ade74,3837003,UNCERTAIN
4b3b89a90d5a0c023621,3837003,UNCERTAIN
97f885dd845d10ccf99b,3837006,UNCERTAIN
5b2f8a834e00fc54d0d8,3837006,UNCERTAIN
4a38034b31afe122dce4,3837010,UNCERTAIN
54fca641ecb86d3090cd,3837010,UNCERTAIN
757d8ccc6d5b3ea75312,3837011,TREND
bb91e143b08f75bb3580,3837011,TREND
38fa85044c44b6784dce,3837422,REVERSION
7172d516031dac5d1213,3837422,REVERSION
3aaef21dbd6c5249f4c6,3837427,UNCERTAIN
9a5a13e2e56584adf196,3837427,REVERSION
8ec845792717ee9f7dd0,3837428,REVERSION
62506bceea0bcc8475ee,3837428,REVERSION
05a407d668190dfdf88e,3837431,REVERSION
90841336ca5ac3aef590,3837431,REVERSION
98fe24e8556a8d8eb2c6,3837432,UNCERTAIN
31ba95d1d4845c644008,3837432,REVERSION
223e55908d0618cec75a,3837880,UNCERTAIN
04a7419c80f27fd0d846,3837880,UNCERTAIN
250858104c9c2e76ec29,3837882,TREND
8e65fe2a35a35afeec30,3837882,UNCERTAIN
c1f6499ef9286f0d5e04,3837888,UNCERTAIN
35c77ff36555fbbbd199,3837888,REVERSION
d404e388507c0a388222,3837889,TREND
14c47b35e2873b38bf8b,3837889,TREND
4a13ec2fde4aea427317,3837891,UNCERTAIN
e697ce898538dc9a6455,3837891,UNCERTAIN
e69f8da38b69d8852424,3838766,TREND
d2456e2ab7e850e7a522,3838766,TREND
b6127a63f9be6a70c4ea,3838767,TREND
29cf501904086614fecf,3838767,TREND
a45e1465b9c8352cad94,3838768,TREND
7a850d3b39ff6ab9cd8e,3838768,TREND
6461f56efbc0d6775f7e,3838772,TREND
4a91b03d69dc26985487,3838772,TREND
5b3e056ab5b1e4dfb08e,3838777,TREND
5163f35338c0091015db,3838777,TREND
333dcf6098efbcafe13b,3838995,UNCERTAIN
5d0be71003249de5decd,3838995,UNCERTAIN
fc6035aa3c9459bf3093,3838998,UNCERTAIN
592775acdaf7de114bcb,3838998,UNCERTAIN
66b24f91597b95b9789a,3838999,UNCERTAIN
a75b524b679afa465868,3838999,UNCERTAIN
c2cf83808437aea8ca3a,3839002,UNCERTAIN
ec3a1707babbd5b5972e,3839002,UNCERTAIN
6153027c6d1445c6f411,3839003,UNCERTAIN
c2262a5d071fb245608e,3839003,UNCERTAIN
29d282207c5736dc7b8d,3839157,REVERSION
3c6bb1f4494126e77210,3839157,REVERSION
b3461cfeeadf36984d9d,3839159,UNCERTAIN
82c145d0a3a84b868a01,3839159,UNCERTAIN
e6301490d1d15d4e3174,3839161,REVERSION
4f5f11aeff8549b3a8d5,3839161,REVERSION
186701dedd31919ed141,3839162,REVERSION
3ce3c39fa14e71828f45,3839162,REVERSION
8cbe48617189a6097133,3839167,REVERSION
97fe915a5961829ad994,3839167,REVERSION
67dce25a7d3828898bb4,3839327,UNCERTAIN
95ed9906c0700f21fbd2,3839327,UNCERTAIN
e3dcedf7d86c5bc0d5e5,3839331,UNCERTAIN
716c6fd1389b5dab0129,3839331,UNCERTAIN
74bec52f4455d972bae1,3839334,REVERSION
9edcb9803fe2876f585d,3839334,UNCERTAIN
fa2b1a5c95897468c289,3839335,UNCERTAIN
80942a2b4137723b084f,3839335,REVERSION
37b6652de974c941aaf3,3839337,UNCERTAIN
e2cb37dc8416a661efa5,3839337,UNCERTAIN
34c9c9db743a94dd4931,3839598,UNCERTAIN
ef09d1a258f306f2fd0f,3839598,UNCERTAIN
950e5ab6352d512c8802,3839601,UNCERTAIN
c86f3e123c7b966328d5,3839601,UNCERTAIN
522161ff171aee953c9f,3839604,TREND
b7e87cddf53197aa9dfa,3839604,UNCERTAIN
613713783a0dabe5d2df,3839607,TREND
e727ac9a856c0df64b8b,3839607,TREND
f06553c99f178db6146a,3839609,UNCERTAIN
bf0e9f915f62c6d77338,3839609,UNCERTAIN
edfb82edcba2bc89ba75,3839675,REVERSION
73d6fddd8ea7b15f1827,3839675,UNCERTAIN
389cfc0f75d4b04b1bc6,3839680,REVERSION
8b851550a418df0fe821,3839680,UNCERTAIN
5dba5d87f57558cd260e,3839683,REVERSION
7e20c18d501bfb3a15fd,3839683,REVERSION
e06e628992a7688796d8,3839684,UNCERTAIN
a638a6149a82bc49cada,3839684,UNCERTAIN
96df6ab8ea05b0406a4b,3839688,UNCERTAIN
9f89c11a92c75e6bb333,3839688,UNCERTAIN
3c9e0de3cb35bda625a9,3839828,REVERSION
cb1f25f16a99fe85dfb2,3839828,REVERSION
70711c64c2aded970904,3839829,UNCERTAIN
c60082cf8126f5738c3b,3839829,UNCERTAIN
85df936cc6c3959c1540,3839832,REVERSION
566d3cf65208d41983cf,3839832,REVERSION
c731884023effe10b796,3839835,REVERSION
2a0b8e1e429a5e3f3846,3839835,REVERSION
d7829e9e700df6f28d3b,3839839,UNCERTAIN
17281e0c0183bc94c107,3839839,UNCERTAIN
1694dc03e48e81f1be2c,3839923,TREND
19f562df30ea60f71df1,3839923,UNCERTAIN
47a2b08c9a3be6c396a8,3839926,TREND
2879a518fbdf0c858f7a,3839926,UNCERTAIN
ce3ae25d520bddc3242b,3839929,TREND
49bb1b679253350ab07a,3839929,UNCERTAIN
f9d9409d497bcf87dd04,3839932,UNCERTAIN
847214d785aa3874cd97,3839932,UNCERTAIN
835c898eb8f9fd44d4e2,3839935,TREND
2aef8a2e86a5a599ce8c,3839935,UNCERTAIN
f56eb48e696267a1f5fb,3840163,UNCERTAIN
067a2a6fabab0308eff5,3840163,UNCERTAIN
7d3fca1d56d7c9a6772b,3840164,UNCERTAIN
8f08ba920ee3f3213772,3840164,UNCERTAIN
2afa9f8d2e4231963299,3840166,REVERSION
d891a8b0a3dfe5a44802,3840166,REVERSION
faf16b77a67b38ef8bde,3840167,UNCERTAIN
560ad0d5cd704306f667,3840167,UNCERTAIN
67d726557f6994808319,3840173,UNCERTAIN
58b5f778c95feb760dd5,3840173,UNCERTAIN
ea1ee30c55a8fcec479b,3840206,UNCERTAIN
06c1c68a6e44eb5828ad,3840206,UNCERTAIN
474d95eaeca4936d1750,3840209,UNCERTAIN
dc7c44fe4bea3bdfc671,3840209,UNCERTAIN
b2b5b15784d84e54e56d,3840210,UNCERTAIN
a875e893dafafd9ce8e6,3840210,UNCERTAIN
1473639e0ffd302961bf,3840215,UNCERTAIN
815f268035c50f5dfabf,3840215,UNCERTAIN
64487452649f56f6a7e9,3840224,UNCERTAIN
0c2cee0c9ac7d800e161,3840224,UNCERTAIN
3a46f78d328d587ae0d5,3840839,TREND
3c860a2c0eabb6a7fd47,3840839,TREND
d74827e7fd379796a72a,3840848,TREND
8dcccdcff0ae1a04d7cb,3840848,TREND
5fc7399799b14b8bf7a3,3840849,TREND
e993d994b5544fa3854a,3840849,TREND
c9189484b21321b9ad7c,3840850,UNCERTAIN
eda7750196eee8ba6812,3840850,TREND
004756ac0d7993246d6b,3840851,TREND
e1823942afac4e7e44c7,3840851,TREND
acedb9462fc587c0d0d2,3841093,REVERSION
4c7fc5918929d6f09f67,3841093,REVERSION
03b0295cf0a156695089,3841097,REVERSION
3c8eca2dc2300451c2f6,3841097,REVERSION
829225666b4894c25b2a,3841098,REVERSION
6c7dbef382e99ce8b04e,3841098,REVERSION
3b028b413645fcbfbc9f,3841099,UNCERTAIN
04b2f6bcde30ea23d26d,3841099,REVERSION
005825b6636864478da5,3841104,UNCERTAIN
232756f2a56d3f784ede,3841104,REVERSION
46ead920479d0232ed62,3842250,TREND
d8e87192c595cdf7ef87,3842253,TREND
8934fc3f73babd6460c0,3842253,TREND
298ffa864e4d42342f9e,3842255,TREND
bf5f6a361f56cb075270,3842255,TREND
81600f6b9f0ba792dd6e,3842256,TREND
950955ff7882066b1fee,3842256,TREND
2a9729a2543badc3d023,3842258,TREND
3728ca4473632c843f9c,3842258,TREND
dc8216305b49a0297977,3842402,REVERSION
4d1e6124d18727828055,3842402,UNCERTAIN
4b4751971aa7cfb57422,3842404,REVERSION
e1ae14a7f08370b227a8,3842404,REVERSION
9fa06ba15ccf80e2167e,3842409,UNCERTAIN
e7ebacf3a01d673c9b3f,3842409,UNCERTAIN
3a6294ebad59bffec3e1,3842411,UNCERTAIN
8482601b187c70b68622,3842411,UNCERTAIN
f939c1df4d217dfd9c7c,3842412,UNCERTAIN
5b357260de49c071e8df,3842412,UNCERTAIN
c805d2cc28f79e6ddf00,3842513,UNCERTAIN
efdd5051b8cf9d405f27,3842513,UNCERTAIN
49dfade7e6c39ee7caa5,3842518,UNCERTAIN
da86c6a57fd1ce2edebe,3842518,UNCERTAIN
5f8bb2745be894f191e2,3842522,TREND
0b31f2fb64eba0bff2c3,3842522,TREND
604a162a3b8dab8877db,3842525,TREND
d879edcc0df55bca46ed,3842525,TREND
6daf799b582757704d83,3842526,TREND
857e425e94ef8e3e884a,3842526,TREND
2e214e399162e208791d,3842885,TREND
bd4a3e71ef939d6dff21,3842885,TREND
967a025413105396c405,3842886,TREND
2a685fa024b0c5f603e7,3842886,TREND
56da1800d80c93b1983e,3842888,TREND
c97985f999dd6ad1c353,3842888,TREND
464d4abd64e4e53554bd,3842894,TREND
589b9e3fa75267681e8d,3842894,TREND
9cffe4a2d9aa4355a17c,3842897,TREND
6b1e1158d235d85126dc,3842897,TREND
05278fa7aefedaec270d,3843122,REVERSION
00952883b77ad1067b28,3843122,REVERSION
dfacbb27cda09ff9b26d,3843124,UNCERTAIN
6d854d36adca68a4d0ca,3843124,UNCERTAIN
b8785d3ae22a8a7bb434,3843125,UNCERTAIN
4abd4912aebe0a8d46e0,3843125,REVERSION
db288d0b6b6b9f428323,3843126,UNCERTAIN
59d8e590bc76dd1bcf90,3843127,UNCERTAIN
02c6a83f66a5e68cc4b3,3843127,UNCERTAIN
75091bf861075bb7da55,3843164,UNCERTAIN
bee2627d7cfa4c05fd40,3843165,UNCERTAIN
12c01aba0085e372e373,3843165,TREND
28a80ac316cdc6ec7dfc,3843171,UNCERTAIN
36b819e192b22ed210a9,3843171,UNCERTAIN
31de29521a43ffaec4c6,3843175,UNCERTAIN
4dbb715b75eab180253c,3843175,TREND
137280eedcb27494c05c,3843177,UNCERTAIN
f842b30c0a47b45c5605,3843177,UNCERTAIN
fb10d5d87b6aa3b06989,3843383,REVERSION
8d0deb42373729c01324,3843383,UNCERTAIN
93f62f47be7d1ec1b366,3843386,REVERSION
da80c0fdea05f4194e7e,3843386,REVERSION
53e2a6c95a377aeff41d,3843390,REVERSION
b9ef48d1dab18a94ba8e,3843390,UNCERTAIN
53bb12dfad3dd5c42606,3843391,REVERSION
d806a3ba5eb1ce28a77a,3843391,REVERSION
54953cf787ba8eb2affe,3843394,REVERSION
450cf69b20a62973082a,3843394,REVERSION
ae9eb5a5d4faeee81517,3843460,UNCERTAIN
f4c61d8a98430b846d48,3843460,UNCERTAIN
a7052beafa53fea0ac28,3843461,REVERSION
ffb46e25f0580c8f976f,3843461,UNCERTAIN
58f68bac534a4aa7d871,3843464,UNCERTAIN
1c84ba727dd5f280a29e,3843464,UNCERTAIN
0c6dd588c713200d1ddb,3843465,REVERSION
26886e3bdbca809c5798,3843465,UNCERTAIN
ffb7fd443cdc87ca9913,3843466,REVERSION
1202237641ea4433dc36,3843466,UNCERTAIN
005140f3682e003e6b69,3843668,TREND
66217da31f9910ef14d9,3843668,UNCERTAIN
55b83c5a26965fcbf10d,3843669,TREND
8cafd5902e1c82dbc8b0,3843669,UNCERTAIN
30fb08c720f5f9a7a7b5,3843671,UNCERTAIN
5900d687f2db9459dee4,3843671,UNCERTAIN
5ae3e205a8cd72d35342,3843673,UNCERTAIN
bdbe1da4a39299fce6df,3843673,UNCERTAIN
f5494aea44aa1805c634,3843675,UNCERTAIN
0fc0cdc911028448c698,3843675,UNCERTAIN
704dccbb796d2c07e766,3844950,REVERSION
f2ebc27c1972d4a0c1eb,3844950,REVERSION
c855b1f60af8c369ae9e,3844952,REVERSION
3f62b5fb64c19390b084,3844952,REVERSION
76e1adeb92c281fd2548,3844957,REVERSION
4b09380197ea4841acaa,3844957,REVERSION
13141c94b37c22088eba,3844958,REVERSION
b3cb1ccd35c51135abca,3844958,REVERSION
e32fa015fd290c0d56eb,3844962,REVERSION
43d9d9d04a760dd41269,3844962,REVERSION
5a2a1fba1c79d00b31d6,3845934,UNCERTAIN
6595b144165fe4bd54d7,3845934,REVERSION
f7e65f3f6eb778c81136,3845935,UNCERTAIN
d156aef49bda28f25a73,3845935,UNCERTAIN
4104661a243902ffcb34,3845936,REVERSION
69171beb31a2b6440526,3845936,REVERSION
b50af429b70c6d734ce2,3845937,REVERSION
43bebd8bee2d1c858eec,3845937,REVERSION
2696cae8eb2fea237f5c,3845947,REVERSION
65991cf0855764bc6eea,3845947,REVERSION
959243524c0c33b7e95f,3846445,UNCERTAIN
a9d53a332f3974ce7a25,3846445,REVERSION
536ffec2431ccb027b39,3846455,UNCERTAIN
8f5ead3d09a8901bc1dc,3846455,UNCERTAIN
b999ee156fc1db8d0457,3846456,UNCERTAIN
7a4ff1dff42ad6ef77a6,3846456,UNCERTAIN
c138f76c05aad6ab2d6a,3846458,UNCERTAIN
ce4c2d17126b3301d880,3846458,REVERSION
9a45733795b6299109c5,3846459,UNCERTAIN
11ac0ac2771c649c1995,3846459,REVERSION
6b9e34ef8279a914b6e5,3846577,UNCERTAIN
50852b9bd3075d6c62a7,3846577,UNCERTAIN
22c69aed353dcb1e3eb4,3846578,UNCERTAIN
d7833e1566779dc002e7,3846578,REVERSION
148259f50144eb10db2e,3846583,UNCERTAIN
82be923e810b3b1e86e7,3846583,UNCERTAIN
1500b8445d027ffe2364,3846585,REVERSION
a40f82421cbb8b3335e1,3846585,REVERSION
ddd7a72dd4c3fd66d1f6,3846586,UNCERTAIN
27100b48d317c56ffbeb,3846586,UNCERTAIN
b315a87a4007b8b0249a,3847136,REVERSION
88509c7b11b9b0c4e963,3847136,REVERSION
b810f19c170bab43bac0,3847143,UNCERTAIN
9b95d9b145ed15eda3ed,3847143,UNCERTAIN
98cb44f10e4926b5543c,3847146,REVERSION
113735096ce7ddf8e87c,3847146,UNCERTAIN
eb93b7708741446f82d8,3847156,REVERSION
6d2860c9caf1d40064bb,3847156,UNCERTAIN
d1b992fde3a6bc3b8036,3847157,UNCERTAIN
f481dfcce18d48e65fb2,3847157,UNCERTAIN
438daec129ab55eeddbc,3847202,UNCERTAIN
6809ead0480e7f2cf339,3847202,UNCERTAIN
513596f36f2a5827c2f9,3847203,UNCERTAIN
b00a5bd44aa751e6a511,3847203,UNCERTAIN
c4fd8b3d7ad5c54d1d88,3847208,UNCERTAIN
d65da4caacacfe62f0c3,3847208,UNCERTAIN
c13fdb3683ca1e2a2e8e,3847213,REVERSION
234b0203c20776de67dd,3847213,UNCERTAIN
dcd30ff08a4481e0eaea,3847215,UNCERTAIN
968f0da67205d90a9b6d,3847215,UNCERTAIN
50c3cccbdba68bf35d4a,3848905,REVERSION
c2b5b25951f1848b03ae,3848905,UNCERTAIN
77451b07c1368604a8f1,3848911,UNCERTAIN
706bfa20583e4ae2d9b2,3848911,UNCERTAIN
187fc6df1f34f48ae545,3848912,UNCERTAIN
7b1c5c9ca3fb9b9f5b58,3848912,UNCERTAIN
d39cfb59b169b7b06082,3848914,UNCERTAIN
9d16afbdcb7d5875a1e0,3848914,UNCERTAIN
2ea8b5e47f2094830565,3848923,TREND
1e2884930214de897e50,3848923,UNCERTAIN
05642f2d2c07065aa11a,3850051,UNCERTAIN
9c09a2cf5530a30e7d92,3850051,UNCERTAIN
7e87dd825259ba875667,3850057,UNCERTAIN
d5bc1acc865ac9a246e0,3850057,UNCERTAIN
5167289bfb18d8981940,3850061,UNCERTAIN
811c373c6e953c2fbd82,3850061,UNCERTAIN
9353d6e5bd02d8c3fb37,3850063,REVERSION
56c69c6aeb8eb2561032,3850063,UNCERTAIN
3bec82fcd0fb25f84df5,3850064,REVERSION
b1af94c866c6e39d0f8f,3850064,UNCERTAIN
bc63503d21c0b0ed023b,3850133,UNCERTAIN
22a18807ea049aac5504,3850133,UNCERTAIN
e3d6406e817c8a52f0f2,3850134,REVERSION
3759fd1ce2ebdc4d12e0,3850134,UNCERTAIN
8e7f111281ac64c82bd7,3850135,TREND
495adebba6b617be7018,3850135,TREND
c63167aea82b1fbf27c4,3850143,REVERSION
d8dfebf5514743583585,3850143,REVERSION
8a363b5aaf282b081eb2,3850145,REVERSION
2ff1da00d79cf90b935b,3850145,UNCERTAIN
6161544d36555ec96e3e,3850251,REVERSION
58647fefc41898ccac7e,3850251,UNCERTAIN
a012524bfba242573b24,3850254,UNCERTAIN
c3cb32cfc248927529d2,3850254,UNCERTAIN
3dc43c217ca9bb8e774f,3850259,TREND
30c0170c738a344dd6a1,3850259,UNCERTAIN
349f8b520f60e7cdbbbc,3850263,REVERSION
a07cf8694e80ed61313f,3850263,UNCERTAIN
13e58905840d3409d830,3850265,REVERSION
920d2f4e8d852bdd1ca9,3850265,UNCERTAIN
737fee15685492b64df9,3850344,TREND
e3e9c9ca84009441e832,3850344,UNCERTAIN
b7882329e3b62cee1fee,3850349,TREND
7060dbc6806571fd931b,3850349,TREND
1acdcad3eb653762af98,3850352,UNCERTAIN
f4d26f143dd9827d5c8b,3850352,UNCERTAIN
2648a63e24f48a87450f,3850353,UNCERTAIN
a40406168dfef82816ee,3850353,REVERSION
4db12ed7d13941272dad,3850356,TREND
8407f847bd8c569cf871,3850356,TREND
661385a37748be482c14,3850815,REVERSION
7b038681b8aa0ca73c56,3850815,REVERSION
07dc5214ac4b1a5fb0e4,3850821,REVERSION
346eae434d4aab7045a5,3850821,REVERSION
66ae54e6bc854d5421c5,3850823,REVERSION
ba92f29d46c90ba8a770,3850823,REVERSION
0a2c1fa41fa4b61fadc0,3850825,UNCERTAIN
4582618a2fbd460f7342,3850825,UNCERTAIN
a8b248bc64d0611bd8f2,3850828,UNCERTAIN
d631b0d2ead049525776,3850828,REVERSION
8546fbb5c6318130082d,3851293,REVERSION
7f47fa457b67cbf80e08,3851293,REVERSION
c9e36fc8bbf3d6ce58b5,3851294,REVERSION
b09f890c5da0462627e7,3851294,REVERSION
8fbbde9b0b24048b747a,3851295,REVERSION
db67138c5cd358b0744c,3851295,REVERSION
3eeca63133f1385e740a,3851305,UNCERTAIN
09e200cbd0610cb997fe,3851305,UNCERTAIN
c4d191957281074df41e,3851307,REVERSION
0e0ebb33a486e7fabcbb,3851307,REVERSION
2d1624de77219223b7fd,3852155,REVERSION
e1691088203d03430853,3852155,REVERSION
50663535d853f805f1e0,3852158,REVERSION
f172df82563a3a8393e4,3852158,REVERSION
51b095ddd709afeba2a6,3852164,REVERSION
31812e2ceff9bcef1bf3,3852164,REVERSION
b7534640385b9fe85af0,3852166,UNCERTAIN
b8d814a1a4a00b230405,3852166,UNCERTAIN
9a683e705d21e5071064,3852169,REVERSION
2c714b4d8263fdab8fab,3852169,REVERSION
4818404e7ed0f7150203,3852614,TREND
9b33a30e2194827a3277,3852614,TREND
71dc97b2e7fd01941de5,3852615,UNCERTAIN
694677f83339be8ee49f,3852615,UNCERTAIN
2e7091542f4b47287ed2,3852616,TREND
f9e009d9a3d2a7224b19,3852616,UNCERTAIN
0d0f80eda0725534139b,3852618,TREND
45aa937ed092b1eadee0,3852618,TREND
11dff7fc2ed7d1f66bff,3852623,REVERSION
79d6dcabd79aff8ec1de,3852623,REVERSION
946f8c09fd6abcbed8de,3856045,REVERSION
e21fbfa3a63dba9b7758,3856045,UNCERTAIN
905400110e805bebd566,3856048,REVERSION
2aabf6167816298c8fc2,3856048,REVERSION
672fe0e5885ae60c1824,3856049,REVERSION
29c22eea5600a3ff7002,3856049,REVERSION
ab21661d513fd7fc058d,3856052,UNCERTAIN
553700dc7bb220760a11,3856052,UNCERTAIN
6d1cc7df75c15a3cf994,3856056,REVERSION
2d0ecbb237811463442a,3856056,REVERSION
39b3fa71712da12c617b,3857121,UNCERTAIN
2dab088fe28ec9cbae54,3857121,UNCERTAIN
86f38e2dd862bb272379,3857124,UNCERTAIN
2768f7e7f7b48d2275b2,3857124,UNCERTAIN
d80667a6d839fc36439f,3857132,UNCERTAIN
e4d052a7c2d93896acc1,3857132,UNCERTAIN
89576af224f46c9e57bc,3857134,UNCERTAIN
696f8da06f88be01987f,3857134,UNCERTAIN
e6fd2e0a6c3f74d87aa7,3857136,UNCERTAIN
945963714f3e59ae8e71,3857136,UNCERTAIN
fb453b16f6226971eb3d,3857213,UNCERTAIN
424c78a45ab88047f85d,3857213,UNCERTAIN
00c44492e6c440a605e4,3857216,REVERSION
ad066eefbd0243cf07d8,3857216,REVERSION
3c01687f5c9513b8165b,3857219,REVERSION
edce4bd1d5d7925e0d78,3857219,REVERSION
8299de2e539515d3cbd0,3857222,REVERSION
4e554bba21a7d321c6ec,3857222,REVERSION
afbf63856fa743d7a1ba,3857226,REVERSION
f89b82554846ee4ee6ea,3857226,REVERSION
64f09d89b087ea425890,3857652,UNCERTAIN
753e5861b00aff5d177f,3857652,UNCERTAIN
86bd7dbda6dd5f2d41ac,3857654,UNCERTAIN
c1912d34289a0ffa4653,3857654,UNCERTAIN
c66172639b50c6bb549e,3857658,UNCERTAIN
9fe443d383f6393cd6bd,3857658,UNCERTAIN
73672dfa0af2c2b1439e,3857659,UNCERTAIN
5e3383fbc007deb29dfe,3857659,UNCERTAIN
01e676972b8471f79eaf,3857661,UNCERTAIN
6fe9d4044aeffeb06304,3857661,UNCERTAIN
5ca823d7adde864ed824,3857911,UNCERTAIN
bc5d447460b7c343da53,3857911,UNCERTAIN
f80d4ad1be5838a3abd3,3857912,UNCERTAIN
4057cbadedc30dae92fb,3857912,UNCERTAIN
a064e3ace466178cf7c5,3857914,REVERSION
d6ec0174d9098f331c13,3857914,REVERSION
be624b943563b488347e,3857928,UNCERTAIN
2c21b9f294cdf6b20b8c,3857928,REVERSION
d80a81d65adda12bdeed,3857929,REVERSION
8bbc83ac3f0c27189fdb,3857929,REVERSION
912fa7c8a83f0a955962,3858390,UNCERTAIN
8a602375008c96190a74,3858390,UNCERTAIN
c3fa3bcddaebc61ff3aa,3858398,UNCERTAIN
f78c3ecd96bef6f45047,3858398,UNCERTAIN
7c41d8eff214a9eccfe9,3858404,TREND
38cbb217e369dc238e20,3858405,UNCERTAIN
4346cacbe1afda694b95,3858405,UNCERTAIN
6a281adff8740bb31d9f,3858418,REVERSION
e533b88fed235a7eae76,3858418,REVERSION
46c6ac7a02f45ccf5994,3859442,UNCERTAIN
d4b3a5f1e601b97a8f9e,3859442,UNCERTAIN
912da6bf78a8e5f80ae2,3859446,UNCERTAIN
caeae50973aa8061e126,3859446,UNCERTAIN
8bc8978788aad818f5bb,3859452,UNCERTAIN
6647aa9e1e3ea377662c,3859452,UNCERTAIN
fcdd8a37aca3170e6856,3859453,UNCERTAIN
bbf65491f264f770161b,3859453,UNCERTAIN
03bd99a65305d6d8a0d9,3859456,REVERSION
63dfd13b3944ebbd1f04,3859456,REVERSION
1e1d908f67a386898506,3859657,REVERSION
c223a90b0046074fa934,3859657,REVERSION
823e2e4bf15b461a205d,3859658,REVERSION
d327e5bf40c1838a1ae2,3859658,REVERSION
be2c3af2daa30db4f282,3859659,REVERSION
454e006d2f4e3b66062c,3859659,REVERSION
fa256f55ea1196bf3cda,3859660,REVERSION
2735ab517b208a5d6031,3859660,REVERSION
a1a4629c838af0186a45,3859666,REVERSION
63e10a404b3a4a6c55c0,3859666,REVERSION
603fd3225a0ba16e82e0,3860061,REVERSION
f7489cdc21a364c11916,3860061,REVERSION
23933cb30a6c919634cd,3860065,UNCERTAIN
ebd4e32cc07ad9420578,3860065,UNCERTAIN
f7604a2ae05494458830,3860067,REVERSION
e34d512fb94ad8c2f871,3860067,REVERSION
7ee7ad8c06b73f896fcd,3860070,UNCERTAIN
cea586c4603ddb2303c5,3860070,UNCERTAIN
9ddc9b15a3cc05a29e83,3860072,REVERSION
29c555d76c55145fa1c0,3860072,REVERSION
c74f2ba8230b4ea9308a,3860469,REVERSION
fd63d9e2f2d187eadb3d,3860469,UNCERTAIN
90cf32583cff674f3deb,3860470,UNCERTAIN
3161ac5b1e34d740b769,3860470,UNCERTAIN
cfe74618a3b6039d171c,3860475,UNCERTAIN
46829515d413bcb52721,3860475,UNCERTAIN
0b12d94e2a150eb68689,3860477,REVERSION
b1be9630582070af70ee,3860477,UNCERTAIN
a1b0986ff654fd8bc8aa,3860480,UNCERTAIN
70c22e1bb5d8d3c6bcc0,3860480,UNCERTAIN
4f3968415b75d572b647,3860499,REVERSION
6a4b865159cce9df6b5f,3860499,UNCERTAIN
12ed6f8891873dee066a,3860501,REVERSION
2f36d022e29e63447037,3860501,UNCERTAIN
51d57f630e3cdeaf5038,3860503,REVERSION
c61a81c9af517142ec18,3860503,REVERSION
47842ca2c5bb2f77eb85,3860505,UNCERTAIN
86fa2586f6782828aa01,3860505,REVERSION
0959cab971126bb5b26c,3860508,UNCERTAIN
c775b43fb5a31d2157a9,3860508,UNCERTAIN
4df13c28a876a68e696e,3860585,UNCERTAIN
643b70e7e499753f91ca,3860585,UNCERTAIN
93b8409c915615d2f913,3860588,UNCERTAIN
5f51dbb610978f15a2b0,3860588,UNCERTAIN
4935c7723ce3c160c73f,3860589,REVERSION
a27e145c7619e155a492,3860589,UNCERTAIN
b04b3849e9cc197fa989,3860590,UNCERTAIN
5a48b46fca8d5a78bc26,3860590,UNCERTAIN
02a3bf97c63f472beb1f,3860592,REVERSION
e098dcbb51df426c0799,3860592,UNCERTAIN
9473dfdd0a83156bc927,3860695,UNCERTAIN
ba9838d1da261f682ec6,3860695,REVERSION
dd94532d12f52e8994df,3860699,UNCERTAIN
fa56bfc7429342ab32f0,3860699,REVERSION
809fbbc1e84a62a294ca,3860700,REVERSION
44e0bad76e1337e37a3f,3860700,REVERSION
774331f503d552b8c873,3860702,REVERSION
8c4d9ed65ab7abb5d70c,3860702,REVERSION
2e929e5af2a2d4f49ce3,3860704,TREND
b31409b49c4cee929095,3860704,TREND
b99eae089d8c002f80b6,3860811,UNCERTAIN
896c637ea4900f51ee5b,3860811,UNCERTAIN
948b519502340bb2c655,3860815,UNCERTAIN
a6f370ca40016cb38d07,3860815,TREND
ee5a795878c6b080fee8,3860816,TREND
9ba5eaf187efee7e0f81,3860816,TREND
39cd929b7e1a4e28c375,3860818,TREND
cd8b3a11d03ae4f7963c,3860820,TREND
f52f05bc13256856b0f3,3860820,TREND
63659d4c143c61e494f7,3861195,UNCERTAIN
e995d41612fcc9ef1875,3861195,UNCERTAIN
b5008dae32f36fe559d7,3861196,UNCERTAIN
03efd63202b0ad098e56,3861196,UNCERTAIN
03671d5cba4bd5c07a9d,3861199,UNCERTAIN
b392714750f20b8b9740,3861199,UNCERTAIN
048a552d57e263359af5,3861203,UNCERTAIN
65bfa0c2be7da19bb8fa,3861203,UNCERTAIN
aafe43d0db4fe19fcdf4,3861204,UNCERTAIN
8035f7ab829da69664bb,3861204,UNCERTAIN
e3fc463b26768ef4a631,3861338,TREND
605bb0a955d114fbdd01,3861338,TREND
802f882e06e2b964687e,3861340,REVERSION
23b84d99e266ed2692e9,3861340,UNCERTAIN
b0d7a5c1a38121c74f2b,3861341,UNCERTAIN
2aebf478ac83bd1c0e7e,3861341,UNCERTAIN
8d4c6652b69d357b0bf6,3861343,REVERSION
37f7b2f3bd33a9475adc,3861343,REVERSION
eabe03e116682c7640d5,3861345,UNCERTAIN
c7f82a709317d8a91806,3861345,REVERSION
7f234577718e8a23d5a7,3861653,TREND
bc6dacbea29914dd4169,3861653,TREND
6c1b0cd2b788a89b8029,3861656,REVERSION
6d707bd53f55dd7358f8,3861656,REVERSION
a9f87979e001839b68bc,3861657,TREND
046bf58a8838036f911d,3861657,TREND
d4859c8976a489974293,3861659,TREND
0c764331dd8b132f6105,3861659,TREND
067b048517bef6ac0657,3861660,UNCERTAIN
d6053e0d2403d9c0ffe3,3861660,TREND
8ab7dd2812cdbef203e8,3861919,REVERSION
05fb01cdf7864bd0d2ba,3861919,REVERSION
ae48d32ae151941f3121,3861924,UNCERTAIN
c09ed33823af5c6a4ca5,3861924,REVERSION
a48e18445471824931f8,3861926,UNCERTAIN
8167c57a3031349ed7b4,3861926,UNCERTAIN
9cb4a2cf7f36a517d357,3861930,REVERSION
0b6ab23855a3c45c8fab,3861930,REVERSION
f5f80f823f1571a4c834,3861932,UNCERTAIN
46235412e6681c3e4dc8,3861932,REVERSION
3288050d8ec414342eb2,3862026,UNCERTAIN
4e4dce0dc126e08b85b2,3862026,UNCERTAIN
269c3b3eb06ada288fed,3862028,TREND
64a7177c374b5b15c13d,3862030,UNCERTAIN
a2fb44b2cf112ea3ddcb,3862030,UNCERTAIN
66b3ad011e5011bfab52,3862033,REVERSION
aa6da40655e3fac0d179,3862033,UNCERTAIN
04008eee7687d8d3c379,3862038,UNCERTAIN
abfbec5936330f9abf0e,3862038,UNCERTAIN
8631f3494b11ea9d644c,3862317,TREND
6f259bb856a5bd920e1d,3862317,TREND
29ca3a93fe3094e1763f,3862318,TREND
bc93737e76fd923f0ce4,3862318,TREND
c087d6548fc0064c8987,3862322,UNCERTAIN
bcb5985758bdc77ec021,3862322,UNCERTAIN
a1eba94b919c7a323727,3862324,REVERSION
4f42a5ae8144371197b9,3862324,UNCERTAIN
a9b5d11d46e91df492b9,3862327,REVERSION
0beebfa33e4746a198f0,3862327,UNCERTAIN
e386a7ce05a1575091be,3862688,REVERSION
e09e8ee4cad8493c2223,3862688,REVERSION
58917c39ebe6374404ea,3862692,UNCERTAIN
f6822a7e3d0c6d2e1b7d,3862692,REVERSION
90f6e0b49c4bb94cdc87,3862698,REVERSION
c034df1af13541499f80,3862698,REVERSION
612c3bdd3cdafb3b1418,3862701,UNCERTAIN
e81fbc42b690cfca4648,3862701,UNCERTAIN
ffad8a20bbf8624c9e6e,3862703,UNCERTAIN
75482b171271b4677216,3862703,UNCERTAIN
0f7a05e9ea7cdccbde8a,3862780,REVERSION
f340e274fab68b35d078,3862780,REVERSION
c353d9f65f3da40d6f94,3862787,UNCERTAIN
be814bac791b768826b9,3862787,UNCERTAIN
abe0708cb14ebb933c08,3862792,REVERSION
4b73a1c9dab1c95bb345,3862792,REVERSION
af41077dcd72ad726e9a,3862794,REVERSION
fb0dc0126c0bdc4acc39,3862794,REVERSION
b814b2bed381741c4550,3862798,REVERSION
e034a48b2e037e98d26a,3862798,REVERSION
1a28f974a7147fabc908,3863029,REVERSION
446ba348ef304facae79,3863029,UNCERTAIN
b4eaeb0b0a7f53ab81f6,3863031,REVERSION
00f372ad66ca8f06b5e3,3863031,REVERSION
8dbf877588023f40b380,3863032,UNCERTAIN
71abab8bd96b1d2959fd,3863032,UNCERTAIN
a1d43221bf14240bb786,3863040,REVERSION
7bf74013f158e8665ed8,3863040,UNCERTAIN
548271710e5b57baadb8,3863042,UNCERTAIN
03613fd487618abf953a,3863042,UNCERTAIN
bff6d1ecd5398cb17b05,3863086,REVERSION
72a56642b1922d194985,3863086,UNCERTAIN
6bc651fc955c49e0d1f2,3863090,UNCERTAIN
79db7495c4a5e7759b47,3863090,UNCERTAIN
dd004da6856d01ad658c,3863093,REVERSION
10aee09e991685141ef9,3863093,UNCERTAIN
9090b8538aef50ebbdac,3863094,UNCERTAIN
484a8c327feb5d4c1f98,3863094,UNCERTAIN
745f9291f8ff39c80582,3863099,UNCERTAIN
b18ef909b085b05d7438,3863099,UNCERTAIN
5f0cfa39dacbe5a34e63,3864266,UNCERTAIN
c164c9fe5fb96e38cae8,3864266,UNCERTAIN
461d246fc0c549985aeb,3864272,UNCERTAIN
da337fa3d49a2eddc04f,3864272,UNCERTAIN
d28e54f54bd5ef787a6b,3864273,UNCERTAIN
e6311db7f49135d5cdf2,3864273,TREND
9d2db446b2149d8ce096,3864274,UNCERTAIN
5faae731eb46532b4d9a,3864274,UNCERTAIN
458b26cbf311099f1640,3864276,UNCERTAIN
4482476872f57949e827,3864276,UNCERTAIN
062ac60170bcd8863c58,3864587,TREND
bb15e803f3f53bf89239,3864587,TREND
79baa9e77dca35b3f547,3864588,TREND
242d791e607c276dad02,3864588,TREND
9e383af97552fd811084,3864593,TREND
a47696922d275f03eb32,3864593,TREND
ea387f79f4536f12d651,3864596,TREND
12ec80e095dad9342987,3864596,TREND
097b0e042b8f95a37beb,3864597,TREND
ab87eb353a5eeb70cb49,3864597,TREND
45108bf941e7ee78bb6d,3864653,REVERSION
5fa2ffdfe26c37449ff9,3864653,REVERSION
ae81746547f59e01df09,3864655,TREND
cdf2d2ed47dc6ae2be0b,3864655,UNCERTAIN
093f37c5ca323c8dba83,3864663,TREND
93711f3589e873e3341b,3864663,UNCERTAIN
c0e8b0e3f04e1c0df69c,3864664,UNCERTAIN
833cd7ba43cc68f3e3f5,3864664,UNCERTAIN
28c47b6dab2bb957020c,3864665,TREND
01a834460d0a23f1cc74,3864665,UNCERTAIN
5eb57b33c563641eaf6a,3864970,TREND
77f7aa7c52886bca1191,3864970,TREND
0f92d9c46e3e4e94ed88,3864972,TREND
cc26ee3b1f0a7b1444de,3864972,TREND
cdc0a2c43ae0a546ba10,3864976,TREND
25c4148d83b36356efde,3864976,TREND
d76a818ac3980f30bfdb,3864978,TREND
b36cd86b2d525e5af186,3864978,TREND
3c9fcd4fdc93bdb2dd71,3864982,TREND
2b36f097b1426f732edd,3864982,TREND
ff5c934b2e8c32fbd80a,3865061,TREND
514135638bfed8ecc4ad,3865061,UNCERTAIN
5165ff069947da5625c0,3865066,UNCERTAIN
1159dcbacd3c0a9ffd71,3865066,TREND
e3136d18f99e9938b051,3865067,UNCERTAIN
737186db4fcd764d91ed,3865067,REVERSION
7057f49a6986332efc4a,3865070,UNCERTAIN
e42508b4f236a9052fe7,3865070,UNCERTAIN
52640d3de5fa7704dc10,3865074,TREND
518f4f58bfe1f88a1b7e,3865074,UNCERTAIN
e211b62cdd314d8e2e1d,3865263,UNCERTAIN
4b1b60a9cc77fa8c3155,3865263,UNCERTAIN
b5b6f76975f25dc15e1d,3865264,UNCERTAIN
ccca1f3a75250056f8c2,3865264,REVERSION
becee3ab5a4aff0bdfe6,3865269,UNCERTAIN
f82d0a494b79360d5936,3865269,REVERSION
dd75f9f0a0830ef0e48c,3865270,UNCERTAIN
d57ac766e100eb0a1a8a,3865270,UNCERTAIN
6c49833b18cf63e13cae,3865271,UNCERTAIN
721c4af7bfa698c67e8c,3865271,UNCERTAIN
07c5ec3194374c16b493,3865303,TREND
4ea56732dc036d807386,3865303,TREND
114aaabf8e817f1ed254,3865309,UNCERTAIN
37c5b9881ce04bc649b8,3865309,UNCERTAIN
7a3a0519f3f1431924a6,3865311,UNCERTAIN
02ebe098d1a1b0701fca,3865311,UNCERTAIN
96fd2e545a329e006c7a,3865314,TREND
a832da6232bd4cf3d56a,3865314,TREND
a6573d0774e0fe9d6087,3865316,TREND
2141dec6ffa1b3c5d8d2,3865316,TREND
e64393cee19fbcfec53d,3865548,UNCERTAIN
d3e012761e7380cc1dfa,3865548,UNCERTAIN
b2196df19b8e6ab2f029,3865560,REVERSION
7c86da7b1f44451196d0,3865560,REVERSION
b18ff703732debe980d7,3865561,REVERSION
669f958cb686d0ff0cd7,3865561,REVERSION
ff0534cca771080ae734,3865562,REVERSION
e06f2b025ddadc525108,3865562,REVERSION
3d883b385d1f91bf1ddc,3865563,UNCERTAIN
726843aa3c49493a91b5,3865563,UNCERTAIN
2aae07343f0d7065594e,3865638,UNCERTAIN
9e1e7eb15120d7deb8f2,3865638,UNCERTAIN
d50848b2d8e7b6a86b5d,3865640,UNCERTAIN
a0b8f55971a2da4069a1,3865640,UNCERTAIN
1f9af29e5980c1ad3bb3,3865643,UNCERTAIN
ec4efbd8d5010a8165b8,3865643,UNCERTAIN
10f14e0bffe50843dd2d,3865644,UNCERTAIN
4ff25d6bebc52ee3649c,3865644,UNCERTAIN
f52bce96543c99dd06ad,3865648,UNCERTAIN
d5c1200c2b9df74f7be3,3865648,TREND
1fd3475b59e044b9d3fd,3865777,UNCERTAIN
892325f412d228e269c1,3865777,UNCERTAIN
4e876fca10d83a956bad,3865780,UNCERTAIN
bf9070a464783d08b30a,3865780,UNCERTAIN
8946bf0022126e9e573d,3865785,UNCERTAIN
bf89af8516bc88b7dabb,3865785,UNCERTAIN
de43229d5c2a30742bf0,3865789,UNCERTAIN
b979f56fd31200464451,3865789,UNCERTAIN
e234283992de410cd604,3865792,UNCERTAIN
52a61aa0a37a79ba8bab,3865792,UNCERTAIN
1ddbb70d788ccac8f854,3865838,REVERSION
16739637a9a7eafe6adc,3865838,UNCERTAIN
1a9b8c5a67a3935bac0f,3865841,UNCERTAIN
baffbdb9a2723f2f5a0b,3865841,REVERSION
48dd3949f978c7e0cd87,3865842,REVERSION
0087c99a3ecec755aa73,3865842,UNCERTAIN
125835c0250365c95eda,3865843,UNCERTAIN
b165051f4b9e817326fd,3865843,UNCERTAIN
c17d224a08e1759a4a82,3865844,UNCERTAIN
2b1f5640325a31b0bb4e,3865844,UNCERTAIN
52c252fe8b2dc86046df,3865898,UNCERTAIN
0c3801f290a6b7ca69d2,3865898,UNCERTAIN
5bd4d23ac4962fdde7e5,3865901,UNCERTAIN
b1e556e545548e0ea8d2,3865901,UNCERTAIN
d6609eaabd087201add2,3865903,REVERSION
c883fadfafcf21b9c95c,3865903,REVERSION
99a415ef24da8e9a3f3c,3865908,UNCERTAIN
859f287863ed3105b7f6,3865908,UNCERTAIN
111b6f4f6036409c78f4,3865911,REVERSION
31f8013cc2fe7cb6218c,3865911,REVERSION
3ce02750371122433200,3865983,UNCERTAIN
8146dcb0106430cc3a02,3865983,UNCERTAIN
046b011153c610fc8742,3865984,UNCERTAIN
0b5d906cde73e61f18ef,3865984,UNCERTAIN
7092dec32de891f748f7,3865985,REVERSION
215aa165b9a45234070d,3865985,UNCERTAIN
4b1195c4ef3ae7fb408d,3865986,UNCERTAIN
1dd09acd9abdcb284628,3865986,UNCERTAIN
1ec52522500525795d51,3865987,UNCERTAIN
ea30b512f3b9e61d5963,3865987,UNCERTAIN
01c7e9fae5205b1f894d,3866558,TREND
3197134b8279847336dd,3866558,TREND
0a427a46f31e38d6e72c,3866562,TREND
9fc7d8af58f47797fc59,3866562,TREND
87a1cfd4773ad8031dde,3866565,TREND
8bce31d983684dc2d510,3866565,TREND
4c2005b82458e3ca9b83,3866573,TREND
e80bce9c5304e370c9a2,3866573,TREND
5f9e5487d0400871c32f,3866577,TREND
39fd125803bf7f0f2274,3866577,TREND
703978cfc659c1b072dd,3866627,QUIET
d3280cf3f6b300839cff,3866627,QUIET
2371c0262dcbdcf6ee4f,3866630,TREND
4a5fd856dce6cf84e45f,3866630,TREND
8c101ca210765b6fd098,3866632,QUIET
0e53662f2df23f94a53d,3866632,QUIET
1ff5a6bbc99226f90570,3866634,QUIET
6e3ef4db131f6d790c59,3866634,QUIET
72c1f491b6b0198a2005,3866638,QUIET
22e108c11174648822c8,3866638,QUIET
c03c4f7e8e22fd74cdaa,3867171,QUIET
3fdfd327fe7f8a5c3f73,3867171,QUIET
4622c7df0f0971c934da,3867172,QUIET
4266a2e02f9eb1612bef,3867172,QUIET
2ade7c8280dcd78f1f3f,3867177,QUIET
095ab35af84fd7e7fc66,3867177,QUIET
9f94a579f6256f3e9566,3867181,QUIET
d9733a6ba7a83bc6d52e,3867181,QUIET
5185dad1d0c0cf794412,3867183,QUIET
16b68cc4b566d432d6b5,3867183,QUIET
9e2ad7f1943cb9462e1e,3867464,QUIET
76e49f9b4775ddb08477,3867464,QUIET
568b04ae33b840e2456a,3867466,QUIET
c96f70ee0f607ef1923d,3867466,QUIET
7757301e07abf8df79d8,3867468,QUIET
aeb4fa66a977b49cce81,3867468,QUIET
f4acc1dc7c3c7c2c57d4,3867475,QUIET
4f3d4ae63adf96e474ac,3867475,QUIET
6c0a581e1147e9d7598e,3867477,QUIET
6c05f8718fda633aee49,3867477,QUIET
e0370be9259f615504c1,3868027,QUIET
e6f650209cebec3cc1d0,3868027,QUIET
f5f4f221eb3d6da9dd07,3868032,QUIET
8e1a1afc824a821568e3,3868032,QUIET
40e3226a97d4d2ce6cb4,3868034,QUIET
2965b130b2eda7ed17c2,3868034,QUIET
4227f079f5b7c0112658,3868037,QUIET
d2ae0987ea498fa3754a,3868037,QUIET
e6e2af6489bd97c2155d,3868040,QUIET
1c01555a32a22c2242cb,3868040,QUIET
b833a9a0e6a957ea50c4,3868088,QUIET
b3de3482d689057ad768,3868088,QUIET
b079f4ec8ce80c147b24,3868090,QUIET
c70272d710071a0f3245,3868090,QUIET
0e11f3b04ccd731dc9eb,3868091,QUIET
60f4ca5a1f1ddfdbe1bf,3868091,QUIET
db5071245817468fd264,3868093,QUIET
ed192664eb1c061e0d65,3868093,QUIET
4f3110c6296fd8a3c94b,3868095,QUIET
5f67398d27e76dc13b79,3868095,QUIET
6c64663cfbfaac1d068f,3868248,QUIET
c4f1678ba46efb289c24,3868248,QUIET
9582a0541016df8dc0e4,3868251,QUIET
e2997391ae55c9e8e9bb,3868251,QUIET
9074916141c4b29c9f66,3868252,QUIET
6db6344d1cc37318b2a9,3868252,QUIET
adaa0af6b2f4c765e9bd,3868255,QUIET
180ea11cc8b1d4880066,3868255,QUIET
04b243a3ae79f58fdd7c,3868258,QUIET
9da37f1d5934f84bbb2c,3868258,QUIET
2d2b914225a809921acb,3868670,QUIET
fd3bb01e5def29fd78b2,3868670,QUIET
5aa9146e466f3f70cdeb,3868676,QUIET
e38bdfe54d66f7b33212,3868676,QUIET
2d41dad7d6b153ab5dbb,3868679,QUIET
8b5a2ba1836c9dc5ca10,3868679,QUIET
8e6171bc1b2544ca0292,3868681,QUIET
6b50e0473dff06c91f15,3868681,QUIET
154a899bf98758642e32,3868683,QUIET
d85f931a43c821b73e2b,3868683,QUIET
e1cd5b1a011d36e33aee,3868940,QUIET
b6ba080d3e0bf3825543,3868940,QUIET
0f7c2f0b2d841384f9e3,3868942,QUIET
0f765c22b6a6aec0331b,3868942,QUIET
588ad34a12fc673b9209,3868946,QUIET
263180fc80d9907ec6ff,3868946,QUIET
74a61b14acc59324e641,3868947,QUIET
13fe258d15fbbef6c55c,3868947,QUIET
8fb5fb03ba7057331afb,3868949,QUIET
72147ff5a36007199c82,3868949,QUIET
b2853aff886205aea12f,3868970,QUIET
9714f25d4a90670d11e6,3868970,QUIET
f6b94bbb0667c9b20d2d,3868971,QUIET
79550b82476c44aa7c96,3868971,QUIET
325bd4262f7d81bb0f58,3868977,QUIET
2a2b520d650641afaaf7,3868977,QUIET
302535263c95b605fb36,3868978,QUIET
3926352c42f8dcaf3028,3868978,QUIET
496695c9edeb5ce675d7,3868980,QUIET
d0b74dc23d937a678d50,3868980,QUIET
89aa0884d6a67abc4a1c,3869015,QUIET
e7099669741e6f4a30b9,3869015,QUIET
4e7aa52dd395e67608a8,3869018,TREND
97a71d97c51fcf9e33a0,3869018,TREND
4740576dce5854b2b442,3869019,QUIET
9d8ca781248901467396,3869019,QUIET
b068306c2efd144393de,3869021,QUIET
36334df5513106300a61,3869021,QUIET
fef72351b82c779aec78,3869022,TREND
6c984f8dd639ea96ac47,3869022,TREND
bf305c9b897f95a70172,3869234,QUIET
0a921df44971d13c6444,3869234,QUIET
069a5074c7b527a68d7f,3869235,QUIET
61535f0d8951fa82f881,3869235,QUIET
c134dec29a080389709d,3869240,QUIET
8e04d43074931f27c44a,3869240,QUIET
17c0fa04dc1e97617502,3869241,QUIET
469b8a3ec15c1c8edf0d,3869241,QUIET
80ff1bafc96bb4fbdc2f,3869243,QUIET
6d8ca560e36915089ec3,3869243,QUIET
1a689aaebd938608b905,3869396,QUIET
4c0421be2feeeec1c7c0,3869396,QUIET
8fb91f7537fc7b8adbc0,3869398,QUIET
0f25f5514481e0cd4310,3869398,QUIET
36af832ebc010a6fceef,3869400,QUIET
c5d39f8c90abed689a62,3869400,QUIET
e91c54ff155d0abe3e59,3869401,TREND
54f686d8bfdcce817737,3869401,TREND
a36b3ca23f2a813efea8,3869408,QUIET
5f69e5f1132c4dad90ec,3869408,QUIET
69958ad9f9339ff45357,3869431,QUIET
9e0e26cd1fd989f47094,3869431,QUIET
f7839dba6e315b1dc07d,3869435,QUIET
5ec6ceca1fcfcf4edcfd,3869435,QUIET
17843f47cfb24f7ed8bc,3869437,QUIET
dd8a8719b4b3972eb3ec,3869437,QUIET
53530456df93c8fb85f1,3869438,QUIET
23251cb83027a4d76a7b,3869438,QUIET
7fccbf613c790610e5d8,3869443,QUIET
8602f9220d46eb337f9a,3869443,QUIET
88ff58ac7eb7d3c86fff,3869481,QUIET
b79a2cf1f6c2c99e8db3,3869481,QUIET
8b2cf5d98e3f078dd58e,3869482,QUIET
5a3050095636dc66debd,3869482,QUIET
52429fda68ddc95b73a7,3869489,TREND
893162eed5a63402161d,3869489,TREND
9dd415bf9b4fbcd5e17f,3869493,UNCERTAIN
04f20d6d0218e842f490,3869493,UNCERTAIN
5ad198985fcfda1c9009,3869496,UNCERTAIN
8e7b6dec0c4dded1932e,3869496,UNCERTAIN
8c7dc8e9734a8e7e5d9d,3869584,UNCERTAIN
bd98f168f8282ef75c0e,3869584,UNCERTAIN
5aa54f844a7e5959eb4a,3869585,UNCERTAIN
e2d4229d54ab6a417396,3869585,UNCERTAIN
206ac716e2e78a556a08,3869586,UNCERTAIN
17e05e384a4162b71692,3869586,UNCERTAIN
6e2ee8c2ad7acf1033a0,3869592,REVERSION
8d186f62eddc045ee507,3869592,REVERSION
39ba614b32aa83927c21,3869593,UNCERTAIN
617bcb4fe7b49407105d,3869593,UNCERTAIN
24cc724ff8ef6b36d8ef,3869729,REVERSION
c40dd8fd77ade066818f,3869729,UNCERTAIN
165c442260b0aff4415e,3869731,REVERSION
208125a929418e35015c,3869731,UNCERTAIN
9a0cd747732908f701b2,3869735,REVERSION
aa8a004f9af80aab3672,3869739,REVERSION
43351ac1177586f9867c,3869739,REVERSION
6e4d7f0631c1f070f73a,3869740,REVERSION
7fb508c8580b168530df,3869740,UNCERTAIN
f7b47b11ee841272a926,3869925,UNCERTAIN
e38d63c3f0fb8f7bd45b,3869925,UNCERTAIN
a97732aac36eddab4c9b,3869929,UNCERTAIN
3bdff23120bc910a4a7f,3869929,UNCERTAIN
57a7eaa3755404710e4b,3869931,UNCERTAIN
5c426ae8b083365d4477,3869931,REVERSION
258d6e4ed0bee8b62220,3869932,UNCERTAIN
cf9be3e336f90794911d,3869932,UNCERTAIN
f83887d443401c2634df,3869934,UNCERTAIN
48bdfe86e851c68af5bd,3869934,UNCERTAIN
0c4f5c7e702cfa24377e,3870000,REVERSION
5ba6e33b910e1eaf1e4a,3870000,REVERSION
e631d68d2ef7108e3897,3870002,UNCERTAIN
ea1bf6826d6203e5fb9c,3870002,UNCERTAIN
62de308c3fb0bf0a599d,3870004,UNCERTAIN
e4e53559f9f4815dd103,3870004,UNCERTAIN
0f3331cb549cbc703db5,3870011,UNCERTAIN
49ff2a96a030c333c21e,3870011,UNCERTAIN
1c12f49abdf48d27e871,3870014,UNCERTAIN
498759a4aaf45a2fdd3e,3870014,UNCERTAIN
e1854a94381a4b69a219,3870148,UNCERTAIN
e1d0206203919433c1f9,3870154,TREND
d5d0f808eae71f214f27,3870158,TREND
8f629723654571a5b5ab,3870161,UNCERTAIN
a30c584ba44a113ef74d,3870161,UNCERTAIN
41d17a550b5fcc8bf83a,3870162,TREND
86b551bb3d230051cc89,3870256,TREND
d5bc9124b22c7d7fdc2c,3870256,UNCERTAIN
a1fd69cf8c833c6ac045,3870257,TREND
61cd51049e1a9f3a29ef,3870257,TREND
b9a07fb280379722d079,3870264,UNCERTAIN
35fd41683908e5db19d5,3870264,UNCERTAIN
65c2126aa0e4e77ca5f6,3870269,TREND
d6a5ddcc1fef5e980ffa,3870269,UNCERTAIN
24bad13f2f5e4f5ed1c2,3870270,TREND
ba8343cfae36dfbb85b8,3870270,UNCERTAIN
ba3c71ee260db6d050d2,3870289,TREND
c2988a81e4b6297f2d3c,3870289,TREND
5c1878a172b8fcf6886b,3870295,TREND
0b37a785c2669a18b742,3870295,TREND
2e231ff859d3fe2d798e,3870299,TREND
86e96dc92809531e4d72,3870301,TREND
7a5d0491e6ded0d2e860,3870301,TREND
ea31703c5704d282d5fb,3870302,TREND
5f73c7ecb0a1bbccc5f4,3870329,UNCERTAIN
eb5a84350c48fbaa2db6,3870329,UNCERTAIN
6fe3c823786a11218a78,3870333,UNCERTAIN
cbe6844e99947255d4e0,3870333,UNCERTAIN
fdddee3a5cbe9d633d4a,3870334,UNCERTAIN
4d6a6deeccc7da391b67,3870334,UNCERTAIN
2ec22b4358f988ce5a2b,3870335,UNCERTAIN
e632fbf09a58e50c8918,3870335,UNCERTAIN
0e22188148c961246e39,3870341,UNCERTAIN
4edc5cf813caf8e0e74d,3870341,UNCERTAIN
d2423a46a91cc7abc17f,3870402,TREND
2334bd86a3ae198a6989,3870402,UNCERTAIN
434bdcdea3ee3c6615db,3870406,UNCERTAIN
43501766ef63ff5d74eb,3870406,UNCERTAIN
ca0ff8d66a5819988414,3870407,UNCERTAIN
cdb937f66cab93f55159,3870407,UNCERTAIN
a49d20238530de0cf9c0,3870408,UNCERTAIN
23c15f3c66011173cf22,3870408,UNCERTAIN
00052b6078c3e68a2668,3870415,UNCERTAIN
26abcf39ab1c9d41b180,3870415,REVERSION
83655cd2c4da5a9b81e0,3870446,REVERSION
f560accb0a6d3e11ac51,3870446,UNCERTAIN
a725ef1c2c51d4efe4a9,3870450,REVERSION
1b617eebe51b47333dd2,3870450,REVERSION
a483287fc7ed588cdf55,3870452,REVERSION
f3d0e24ec087625b5689,3870452,REVERSION
4e8fa9ea34c6e5920d94,3870457,REVERSION
c31f38ff4c07eb64b0a1,3870457,UNCERTAIN
950ab23178905c04292e,3870458,REVERSION
41a7ec22a1d94d27a635,3870458,UNCERTAIN
b799c1b85f77d2ba1942,3870481,UNCERTAIN
e695042dd774e8dfd2db,3870481,TREND
7fd1f6fca9dc711af3e6,3870484,TREND
80c37b8bff43fa9449c3,3870484,TREND
1a42b6b0b451235ff51e,3870487,UNCERTAIN
cc933abf767a315ab921,3870487,UNCERTAIN
4edede21c56b05f550a5,3870489,TREND
a718aada2f07b3a2c271,3870493,TREND
0a778c1abad1ab06e36c,3870572,UNCERTAIN
6c05617d538abd9da3f0,3870572,UNCERTAIN
b7099bb770ea2571f666,3870573,REVERSION
9d372bec7c6d35905289,3870573,REVERSION
30a04c5b4f3f9ed6637f,3870575,UNCERTAIN
8570a7f1c93ef51cbec7,3870575,UNCERTAIN
12ae6de58672bff6acbc,3870576,TREND
b425b8ef3b589b5844cd,3870576,TREND
2e267bbf42254dad44e0,3870583,REVERSION
7c302e29f48b323a4869,3870583,UNCERTAIN
206378c0b6ec3c2d4039,3870681,UNCERTAIN
a965b0c83e1c1b1dda14,3870681,UNCERTAIN
262accb60d5b55ba3d7d,3870685,UNCERTAIN
bafc92a634f3b8937ce1,3870685,UNCERTAIN
d680eeb947244f385b94,3870687,TREND
077e40a1dc2766f43c49,3870687,TREND
bf752136cfa96d16fcdd,3870689,UNCERTAIN
d0d1650e018143eabecc,3870689,UNCERTAIN
15aa0858162c6c8e181c,3870690,UNCERTAIN
72b1f77a8f734574f17a,3870690,UNCERTAIN
fbc4ae7ffee30149316f,3870851,UNCERTAIN
7d8321c0322d19889926,3870851,UNCERTAIN
9899680968a7ad260ae8,3870858,UNCERTAIN
6feecb9e2ea9b1462829,3870858,UNCERTAIN
26ba1f94dad45cbedf20,3870862,UNCERTAIN
b7a8b72f031d4d1fee10,3870862,UNCERTAIN
efa5950ad0a03edad8f5,3870863,UNCERTAIN
5eb7e0e7505877a94294,3870863,UNCERTAIN
adf6a7c2fc94c9cae95e,3870865,UNCERTAIN
c8eba3d327313345ace8,3870865,REVERSION
8132f458f41dfb76df02,3870905,REVERSION
fcc1d876f5e52b51ad20,3870905,REVERSION
2702347d358e68713e01,3870913,REVERSION
afeec2c06ec37f9e1c15,3870913,REVERSION
cdfc46a7e972333714a3,3870914,REVERSION
ceb711ffa74b68439234,3870914,REVERSION
cbde52c52607d814d5e5,3870916,UNCERTAIN
59308078256747535e5f,3870917,UNCERTAIN
52cf45c013ad5958abb5,3870917,REVERSION
5952eb7aa9615b85fbf2,3871168,UNCERTAIN
81f23c62b7d85cb708c6,3871168,UNCERTAIN
b2171fb4c146bfc442d3,3871169,REVERSION
ec43119cfc31ec13bc23,3871169,UNCERTAIN
2598529f4e4eb097e5f0,3871170,UNCERTAIN
4c5752a16cfb432b02a7,3871170,UNCERTAIN
c87e878584dbe2dbdc03,3871179,TREND
b5a74a01f24fae7d9a31,3871183,REVERSION
7332db0bcecf37999919,3871183,REVERSION
9ae3d5aff8ed7d51f904,3871345,UNCERTAIN
560284243ddec5d9df06,3871345,UNCERTAIN
3b6198f9f34b71a5926c,3871346,UNCERTAIN
dc76f41fe0b377045624,3871346,UNCERTAIN
0de03634c9f1376c5948,3871347,UNCERTAIN
fe4df7694fd83924eeaa,3871347,UNCERTAIN
aa90cfacadd7e1ce5607,3871354,REVERSION
d8f2d129ac27be7eec2e,3871354,UNCERTAIN
77db6039315f0818b8d5,3871358,REVERSION
dc93879bef02b1a03fe6,3871358,REVERSION
ae23018b007b072f8a63,3871589,REVERSION
326318dcc2ff846d297b,3871589,REVERSION
7bdc03f079828918b40d,3871590,REVERSION
5a840368951187795c64,3871590,UNCERTAIN
491f3aac69af2ea994f6,3871593,UNCERTAIN
094eb8c4f3bed12444ed,3871593,UNCERTAIN
937410ec48d6c4db1c93,3871597,UNCERTAIN
1ec8e1d12d1ed6e6f16f,3871597,UNCERTAIN
05aee794d71660db8b21,3871598,UNCERTAIN
be1791544e81488be6ae,3871598,UNCERTAIN
23e04181404de8aec128,3871909,REVERSION
9ce6a43d71dc919ebf55,3871911,REVERSION
43ecc4ada83295534774,3871913,UNCERTAIN
91cdbdfcbd6abadcff61,3871917,REVERSION
825ba0a69148a2e0938b,3871920,UNCERTAIN
3ff51f686f62cf2bf44a,3871920,UNCERTAIN
6af11283be94f644d917,3872072,REVERSION
a534b464a0b3d08dcd5a,3872072,UNCERTAIN
92977a6163bead2097f9,3872074,UNCERTAIN
af52bff61bdde2ea491e,3872074,UNCERTAIN
c2ab5f61388046e4e7a1,3872079,UNCERTAIN
211f89853737e28d64af,3872079,UNCERTAIN
d0777de22dc32948b8e7,3872080,UNCERTAIN
5abb8b571ed080a92622,3872080,UNCERTAIN
48f52b8c47d5f64c2863,3872082,UNCERTAIN
df07bf226168f8f1da52,3872082,TREND
ebd4a3742758e4c4ed36,3872812,UNCERTAIN
adbbc68ff1bdb09ac0bb,3872812,REVERSION
e9a2b33be2c645f6590f,3872813,UNCERTAIN
4fd36b5dace02f559a81,3872813,UNCERTAIN
85b0b84167ea7207d691,3872815,UNCERTAIN
6ef97e78dbd305a46267,3872815,UNCERTAIN
c9e8fe0c3e7aa9509554,3872820,REVERSION
6c26e8927de92ed0a09f,3872820,UNCERTAIN
cc39f957a2af4ac43e9f,3872823,UNCERTAIN
c63257dc36ffe7d765e1,3872823,UNCERTAIN
a6832a2d452cf68d3551,3872882,REVERSION
3b4999f54363fc245baf,3872882,UNCERTAIN
c2dd7da788e342844de9,3872885,UNCERTAIN
06ec08887d91d2f12972,3872889,REVERSION
1b9689b329f7269c9a1a,3872889,UNCERTAIN
3ac227034e8dbcdbb48d,3872890,UNCERTAIN
d5948e468c2c7950b891,3872890,UNCERTAIN
c170fcb1ac325e3b6ddc,3872891,REVERSION
cdce5775b8067cf75ee3,3872891,UNCERTAIN
a8b2c9f71f4007def8fb,3872924,UNCERTAIN
a18cf70d20260c6a06b4,3872924,UNCERTAIN
b40917d1d2343393c154,3872926,TREND
ee35542fd431caa95641,3872926,TREND
6bc1a49ef18b25e44ed5,3872928,UNCERTAIN
7d02f01cedc733e318c2,3872928,REVERSION
550fe62cdae87056de68,3872930,TREND
d51d0c986ce5b11e013d,3872930,REVERSION
0315c0bea31426adce27,3872932,TREND
38cb4c11cb44558032dd,3872932,UNCERTAIN
75a73affc860f9187a99,3873200,TREND
9f11d59143f90a10a4e1,3873200,TREND
2d46204d6d9b4f6eedea,3873206,TREND
8d47ec85d3e1e82efc4b,3873206,TREND
f58adb8c65329e1cb99c,3873210,UNCERTAIN
aa4b100bb962c9dc969b,3873210,UNCERTAIN
e9d6bf2dabb9456c609e,3873212,UNCERTAIN
3e6e5e76cdbd3ac1c8ce,3873212,UNCERTAIN
8479dc34bce89eec4f8a,3873214,TREND
3a8949fe832c6f314232,3873214,TREND
1991261db35fa594ed89,3873269,UNCERTAIN
c6b0daabaa922a3db602,3873269,UNCERTAIN
b63a8b8b4cb6e6f24f09,3873272,UNCERTAIN
3fc662e74c671ba63c38,3873272,UNCERTAIN
edeca742efa6d11393b3,3873274,UNCERTAIN
0ec1171acbce69d3697c,3873274,REVERSION
96acd726fb18eb8a2c4d,3873278,UNCERTAIN
a20e63dd5e0c8911b830,3873278,UNCERTAIN
460d4e5195a2742337b2,3873280,TREND
4b68e92462d1a36d5fbc,3873280,TREND
54b36b28ebd5bc5a5c0e,3873450,UNCERTAIN
578f1bf9e7a04c3ee96c,3873450,UNCERTAIN
6a3f7b9eab450d2da50f,3873453,UNCERTAIN
280d58e83e49f11b903c,3873453,UNCERTAIN
3c45a8018ba2a13bb882,3873459,UNCERTAIN
30b7f963e0f9e7dbd739,3873459,UNCERTAIN
3f92249c5d3641f9956b,3873463,REVERSION
09c2c42056998699f90d,3873463,UNCERTAIN
ad236b61a3264398477f,3873464,UNCERTAIN
91e05e255873041c7cd5,3873464,UNCERTAIN
6f7570754629365f5da8,3873630,UNCERTAIN
dac822c50c0c00c06bfa,3873630,UNCERTAIN
faf3d09938218807be6f,3873633,UNCERTAIN
ffde4b0590d9672c5a2a,3873633,UNCERTAIN
7b20dd020d1ab0644adb,3873634,REVERSION
6bfc974eb8f348cfa530,3873634,UNCERTAIN
070817426347028c1ae4,3873637,UNCERTAIN
f320ee2cd78738c35438,3873637,UNCERTAIN
5ba49f232566c815cdab,3873638,UNCERTAIN
0c6c18b05ec108b2fe0a,3873638,UNCERTAIN
e40ab5bad9303a5e4aef,3873810,UNCERTAIN
b6bd43e7218a9dec573b,3873810,REVERSION
4c00df1f9706ebc2a6fb,3873813,REVERSION
4d1cf1bd3fae99e0c07c,3873813,REVERSION
1fa9a076a7a9bc5f510e,3873819,UNCERTAIN
cb715a28e07251435c90,3873819,REVERSION
dad80e9163119f846d8e,3873822,UNCERTAIN
ee7900d2a95755f4dafb,3873822,REVERSION
8fb76219f3cd17b7ffd7,3873823,REVERSION
e98d1aa0743c32bc1fb2,3873823,REVERSION
a75cdc3e3b5cce634926,3874014,UNCERTAIN
574478a3a885126b9462,3874014,UNCERTAIN
8c9c7855abd239064b40,3874020,UNCERTAIN
bc6427c24822c5242298,3874020,UNCERTAIN
8842c37799aaca1c8dc8,3874021,UNCERTAIN
5dff9d1320e1fc170270,3874021,UNCERTAIN
529541c8361c1bb02b53,3874022,REVERSION
e0ac1e3d8640df70405b,3874022,UNCERTAIN
5a730cedf62aaf25f4fe,3874023,UNCERTAIN
a274dd5e1f17ee3796ab,3874023,TREND
d31805ebc1cc24e53c56,3874180,UNCERTAIN
1aa6d2a4ae9f2cbdeedb,3874180,UNCERTAIN
2968d7d5da0b0ef450a2,3874181,UNCERTAIN
4849c01568a1955c9f49,3874181,UNCERTAIN
ea4668b7cacd2f4ee60a,3874184,UNCERTAIN
4629499a8fb161556b16,3874184,UNCERTAIN
3af6ba8a8ec55a2f9fe6,3874186,UNCERTAIN
47b0bc9973fba4df1b38,3874186,UNCERTAIN
6a149fdd09c4ac9255e7,3874190,UNCERTAIN
b4a1d7b2dc01ef3889bd,3874190,UNCERTAIN
f991e56414a9b0b598f3,3874406,UNCERTAIN
b6c598b8b73322184628,3874406,UNCERTAIN
2c71db28a6e144840ff9,3874408,REVERSION
eae33dc92e38763b3339,3874408,UNCERTAIN
aa1b9059a181daa97f2e,3874409,REVERSION
8ac0134cbc33add8858e,3874409,UNCERTAIN
d424a7a41e4038c600d8,3874410,REVERSION
3aa18780397e2628b24d,3874410,REVERSION
ee73318e9e1d82446a1e,3874411,REVERSION
a1235aad83f5c8b4d659,3874411,REVERSION
407b58fcfe30c4fec328,3874733,TREND
0413b9f7bf07204cb480,3874733,UNCERTAIN
7fbbed335a9606b25f29,3874734,TREND
b8d1cfd1f6abc85d2bc3,3874734,TREND
4051bdee6a7e30cc102d,3874736,TREND
871a2d326cc36c4ccfbd,3874736,TREND
9c8db3b3fc83f2350ed7,3874737,UNCERTAIN
efabde3142088e6cb44d,3874737,UNCERTAIN
340d10d17a527b711523,3874741,TREND
9577e4c8c399504184ea,3874741,TREND
20b269bb3529abb3daf2,3874992,UNCERTAIN
0b596ebebe00c189cd5a,3874992,UNCERTAIN
a8cdff684ddf32346e2e,3874994,UNCERTAIN
e82541db906c104fe29b,3874994,UNCERTAIN
580409bc40b822cd4fcf,3875000,UNCERTAIN
9251947376d25cb135d7,3875000,UNCERTAIN
5f3895f2ba6a38cc8788,3875002,UNCERTAIN
186d1d86c4989243e658,3875002,UNCERTAIN
145e6e7bf770b65704b8,3875007,UNCERTAIN
3e6636249644f50e5c1b,3875007,REVERSION
ecb88a9a5ee0365b4262,3875371,REVERSION
7f7864ed304b5dc1a22e,3875371,REVERSION
9b0846e5513dfab91b85,3875372,UNCERTAIN
eb20844f758995d2c08a,3875372,UNCERTAIN
fea2b99326e29883122f,3875379,UNCERTAIN
779f537d1864e474df99,3875379,UNCERTAIN
53f228b0ad6413920885,3875380,UNCERTAIN
cab366c1930c39589e46,3875380,UNCERTAIN
66f8408b37678aab5a81,3875386,UNCERTAIN
ee457b5130c8475d1b71,3875386,UNCERTAIN
01d53d272a8259a8fb7e,3875804,REVERSION
eb0c515491879a81d1d9,3875804,REVERSION
7f5679f403ff316ada76,3875806,REVERSION
c8dbdad7fda2600e8a9f,3875806,REVERSION
4b32f6747cdf44133ad5,3875809,REVERSION
fcabecbf281071a21931,3875809,REVERSION
c3660344ac90b49af5a1,3875812,REVERSION
59beb17de423a72d089a,3875812,REVERSION
300659cdf8cfa1e533d7,3875815,REVERSION
3ef45dcfbae66ee0e5c3,3875815,REVERSION
af46a7ba74a5ab3ab0bc,3876024,TREND
01e1fa950398bb2766e0,3876024,TREND
32ad8189376fae61fbbe,3876025,TREND
8a7eed64c2ebf1482da3,3876025,TREND
eb9c8cf815965d98c641,3876027,TREND
355b1be2bbe499166335,3876027,TREND
8c828c44cd2b79e7b831,3876032,TREND
a64be2447841cfac2fb3,3876032,TREND
78f782be5e396db146dc,3876033,TREND
d9ccae70ca53eb3be774,3876033,TREND
af6d9ad59de3dda24a04,3876156,UNCERTAIN
862287b06e6487fab47b,3876156,REVERSION
94496f7f82d417c91cb5,3876156,REVERSION
bdd5ed85599a8a08c818,3876158,UNCERTAIN
483d2d941ecb0973d67d,3876158,UNCERTAIN
809d47cf05d2b512f4b5,3876158,UNCERTAIN
cea6841ad1a42f4170b0,3876161,REVERSION
f8a4ba1ab495f8b0c35c,3876161,REVERSION
36f35c04ec2b16ec2cfe,3876161,UNCERTAIN
d7009c9aa6611c6dd63c,3876164,UNCERTAIN
1e79572a40767594c624,3876164,UNCERTAIN
52fec270f2e6743908d2,3876164,REVERSION
b3d274ce9ad569bd336b,3876165,UNCERTAIN
4b63bc3611d3d47306bc,3876165,UNCERTAIN
660f5cf2e0ef344c8570,3876165,TREND
1217926697f4c628573e,3876291,TREND
b2579780071088ca1e50,3876291,UNCERTAIN
9009accecb07ceedbf7e,3876291,UNCERTAIN
058903592fed79d0def0,3876294,TREND
483ed9538e632865dad0,3876294,TREND
c640e10d4535192d1ecd,3876294,UNCERTAIN
554e2de7df283754fe1e,3876300,TREND
76dcc1f3d41169c97a56,3876300,UNCERTAIN
cc712e6ac260e64f56a7,3876300,UNCERTAIN
0f9c77d1d33e09861dbd,3876301,TREND
fa8ef30c99f56114ab81,3876301,TREND
58d94c4776c62de6eabe,3876301,TREND
c79619d501a03039d549,3876304,TREND
6321ce5ac8c639998f9c,3876304,TREND
a7718d90066972962381,3876366,REVERSION
424b8be0ec96a72314f2,3876366,UNCERTAIN
f44e5f5c2d6c3db72c6d,3876366,REVERSION
c9f4417963c885a76473,3876371,UNCERTAIN
a6e30d6a8fe6fab2a5d3,3876371,UNCERTAIN
290d2ee67db2ac1e6317,3876371,UNCERTAIN
6269b114f687f7971eaf,3876372,TREND
f001bf3793cd698e634c,3876372,UNCERTAIN
3ddedba8f361c9ebed51,3876372,UNCERTAIN
87a0688876a5bc793d2c,3876376,REVERSION
a30595ccbfb67815f023,3876376,UNCERTAIN
f72b8757bc5aa987ae9a,3876376,UNCERTAIN
e5e16fc2b885bacbc59a,3876378,REVERSION
8cf1e960a1d782f7d66d,3876378,UNCERTAIN
0d585dcb0ced4b2e5530,3876378,REVERSION
ac43c82f13d01eebe6bb,3877288,TREND
5cd98473abb63d953d2c,3877288,UNCERTAIN
e52b7e5ed4f5b9745369,3877288,UNCERTAIN
869094ef9357050a16db,3877291,TREND
469233f43cea4c9a5e7f,3877291,TREND
2367901d402566810e8b,3877291,UNCERTAIN
152f374e612b9f411523,3877292,TREND
1ec4e888527607497d20,3877292,UNCERTAIN
c5ac5a63b2366557aac4,3877292,UNCERTAIN
cdf2ca0e9d9a5c00ad36,3877295,TREND
fdeee8433380886d4b63,3877295,REVERSION
cc2d44e2fa4098170bb4,3877295,REVERSION
96e09f007997f5086b6e,3877296,TREND
3afaba0459556de17d5f,3877296,TREND
dcd34f59ff223222649a,3877296,UNCERTAIN
e74de137b2c3dfd04ae6,3879306,UNCERTAIN
f130140b0253a9143ac8,3879306,UNCERTAIN
59a9eb25d760cd01dd30,3879306,UNCERTAIN
a4c5e4ae829616f1d14d,3879319,UNCERTAIN
e2fa832e0f61fabec83f,3879319,UNCERTAIN
21d808bba140471acb53,3879319,TREND
fcab6ccec91c95b611ca,3879321,UNCERTAIN
61f19343ce52b1c9d05b,3879321,UNCERTAIN
a2b53b8d6fb98452a815,3879325,UNCERTAIN
7c308e73943bdb8cd610,3879325,UNCERTAIN
f76a6f2961b5075548f4,3879333,UNCERTAIN
137e5f29f84b7da66efa,3879333,UNCERTAIN
16074747c3700a005798,3880105,UNCERTAIN
1c591055a6fae96d3df2,3880105,UNCERTAIN
f394589d1ed1a14cea04,3880105,UNCERTAIN
2cafb215a9341e8d55a4,3880109,REVERSION
8b3d53c5d5cb971fe9b9,3880109,UNCERTAIN
a35687636f7ae2832075,3880109,REVERSION
c9e58706f537aa412ac2,3880110,REVERSION
c5c267afeea84c923376,3880110,UNCERTAIN
9460469c46ed4aa25e0d,3880110,REVERSION
f9e54b4d94784c4263fa,3880111,UNCERTAIN
ff8ff17c8ee4bd295db0,3880111,UNCERTAIN
8eabc2c56fa6031c5b64,3880111,UNCERTAIN
13b87e7e1abc913068c3,3880114,REVERSION
7ecb26b1133e4e20c369,3880114,REVERSION
0a50287a6105ea71e2f8,3880114,UNCERTAIN
b38f5043f585a54cb1fd,3880266,UNCERTAIN
2fdcc0c9d6c14da36f82,3880266,UNCERTAIN
9f90ffc5d7eb2107eb96,3880266,UNCERTAIN
b63421beb627e4790b25,3880267,UNCERTAIN
13e9df7d7410091371bc,3880267,REVERSION
8f39dc1760f753d2a9ba,3880267,REVERSION
e1bd762d19be8ac7f143,3880268,UNCERTAIN
37474b5e6c0a777a02e2,3880268,REVERSION
5fefed8ac27335b2fd43,3880268,UNCERTAIN
ba399d36e46fa8050426,3880272,REVERSION
1bf8261415d3bc4ea96e,3880272,REVERSION
d5d3f070db9911e4cf2f,3880272,REVERSION
741b55d98d75e705fdc0,3880273,REVERSION
ee982320c553fd5f1bbe,3880273,REVERSION
854862ea93437c51e27e,3880273,REVERSION
e5788b2cc05a1cdbb2eb,3883055,TREND
5f8624ee704df8d5971f,3883055,TREND
f99605042d6fe72d93eb,3883057,TREND
1525183e668cdea3161f,3883057,TREND
5e2e0c2cf5ee8a912f9b,3883065,TREND
47eb32cd196b0fe069c1,3883065,UNCERTAIN
a7c815e06f4445c1d627,3883065,UNCERTAIN
b4d915f60066400f84ab,3883068,UNCERTAIN
e82f762c550bc58ff994,3883068,REVERSION
128d713c51b9dd4281ce,3883068,UNCERTAIN
bb77f7fd7d524f8ad255,3883070,TREND
06fcd107e7706816561a,3883070,REVERSION
aacdb5484cade9113496,3883070,REVERSION
583a8c417416f13a2ac2,3884403,REVERSION
aeea86406645c7de3d1e,3884403,UNCERTAIN
8d7f544596cd59169b02,3884403,UNCERTAIN
0aa720d7b5b2842c37a3,3884407,UNCERTAIN
3516dee87cf657c576bf,3884407,REVERSION
54d861f9c2cf0c61e3b1,3884407,UNCERTAIN
3739487167b1e28afbc5,3884410,REVERSION
859ac40d652c379aa343,3884410,REVERSION
55f4e569995df68ddf88,3884410,UNCERTAIN
aa76d0e92449aed0c2af,3884411,TREND
a5f963c8f1663165a854,3884411,TREND
311ea490badac5e387c3,3884411,TREND
3bf699264ab227aeda32,3884412,REVERSION
45aa88846d17b416c5ef,3884412,REVERSION
232092b4b27321eb6b26,3884412,REVERSION
caa067ce2fc3419d17fc,3884536,TREND
298f700ac3ced4e9de88,3884536,UNCERTAIN
667e4e83a345ec266a51,3884536,UNCERTAIN
65d6262089ae9f46353d,3884538,UNCERTAIN
73762806e5993e6926a6,3884538,REVERSION
7f60860d5e62ce52fd54,3884538,REVERSION
ad3237f912d2563a2762,3884541,REVERSION
36726939e27150c918e0,3884541,UNCERTAIN
0b8d0a82239ec206e8aa,3884541,REVERSION
3c68cc5f54f01f8316f1,3884542,UNCERTAIN
3d91f1f24f58836e1a31,3884542,UNCERTAIN
566c07cc28eb26cf4824,3884542,UNCERTAIN
654d61f5d2897d35c5ac,3884543,REVERSION
5681ac87a8e13a20b242,3884543,UNCERTAIN
63598c474bbfc6b7f552,3884543,REVERSION
0141e11d944b89574dfe,3885018,UNCERTAIN
712a479f601ce84b36c6,3885018,TREND
8b28d174b4db929327c1,3885018,TREND
d743a53bbce516b04fc1,3885021,UNCERTAIN
f7e0e9722ef7e2ee3e9f,3885021,UNCERTAIN
1ac6d6b5711b09e7aeb5,3885024,UNCERTAIN
12bf46eed5728c9edc5c,3885024,UNCERTAIN
462106122dbda14e3497,3885024,UNCERTAIN
a4483c7559f98baf54c4,3885025,UNCERTAIN
edf5d6064523852066ff,3885025,UNCERTAIN
8ef68038b68361050654,3885025,UNCERTAIN
43651e1dc11f16f28e2c,3885026,REVERSION
93cc5590bc9a100da2ce,3885026,REVERSION
ac226f8e9eb31e412210,3885026,UNCERTAIN
76e14c82cebd1b0efee3,3885412,UNCERTAIN
d4130b949a311a6a781b,3885412,REVERSION
ae4a05493c8423afc1a4,3885412,REVERSION
4065d83d76de237587d9,3885413,TREND
9b3ca3207b23927686ee,3885413,UNCERTAIN
be9d2ef720f548ff2fd8,3885413,REVERSION
c957d775e99bcb99f843,3885415,TREND
5c38efc080f6bca708dd,3885415,REVERSION
cbf4ed4b10d283e53273,3885415,REVERSION
8d50a23e1c96ba06d299,3885417,TREND
77d83e07338254c444e8,3885417,TREND
a3b314ad9a897bf0bf46,3885417,UNCERTAIN
4de97926f4a8d8fe6caa,3885419,TREND
3fb128c5b65d4de56434,3885419,TREND
5f622362401cd96d91b7,3885419,REVERSION
607a2b4a6b7465c1fec1,3885856,UNCERTAIN
822a0e5fe594b4232bcf,3885856,UNCERTAIN
7e9cdcd86bfc9aeedc9a,3885856,UNCERTAIN
1ca70a7c9828909aadd0,3885857,UNCERTAIN
8118138a2eef6fd03bdf,3885857,UNCERTAIN
0fae71c033ed5b9d97cd,3885857,UNCERTAIN
037c133b77ed9d3f3e23,3885879,UNCERTAIN
abd42f650a5e92e0246d,3885879,UNCERTAIN
913108493d5d08de9752,3885879,UNCERTAIN
2d61b86c9fbb18e00cb4,3885901,UNCERTAIN
a82b205812c2a1557299,3885901,UNCERTAIN
ff60c4474a3434f51ed8,3885901,UNCERTAIN
f2ce4d680c5faf2ee5ef,3885902,UNCERTAIN
489df52616a15b62b036,3885902,UNCERTAIN
ffbe72611d4365da6c65,3885902,UNCERTAIN
b2218d4e2ab1741ba69c,3886792,REVERSION
383fb134794747658736,3886792,UNCERTAIN
bedab34c3efcb712239c,3886792,UNCERTAIN
f372cd33fa137e2746f3,3886796,TREND
5202f6a6909ae93c7796,3886796,TREND
d2d4b810aa041c8fa182,3886796,UNCERTAIN
fdb2431089250ddd2fad,3886799,TREND
b5d2544d02eab796eab2,3886799,TREND
8a3018bd25e6eb873c3c,3886799,UNCERTAIN
f301616edee1ad6d28de,3886801,REVERSION
5579b8f0f34768040c14,3886801,TREND
e5fb7c6d1b6e160e2dbe,3886801,UNCERTAIN
dd917e6157147386ac77,3886803,TREND
45b31523d14835b041be,3886803,TREND
25be06327d52ad8d5763,3886803,UNCERTAIN
81373d7a188fe3d05cec,3886991,TREND
9a54d3f7c12183750619,3886991,TREND
b069964aa4864518c28c,3886991,UNCERTAIN
01e7a9cace0c698ee310,3886992,TREND
ae01b9731a2f4ab7ed4a,3886992,UNCERTAIN
284112f49d5f8a5a4321,3886992,UNCERTAIN
f71b35c268a176eca5d7,3886994,TREND
07423f2aaba2e89dc762,3886994,TREND
297c430a57a243e9fd56,3886994,UNCERTAIN
01954badad8acc3c8c95,3887001,TREND
12812fca0eb17731e7f5,3887001,TREND
585479aac7d22562e365,3887001,UNCERTAIN
865f34658781f1d1782f,3887002,TREND
1c92302fb93e54b6004c,3887002,TREND
08c1834fd0407dd79517,3887002,UNCERTAIN
6d427f57e6eead8574f5,3887110,UNCERTAIN
1e1362e10e426bc774b4,3887110,REVERSION
5709af1f6bcf19a04e15,3887110,REVERSION
ad37435244c0f43a66a4,3887112,UNCERTAIN
0d708253c23065941583,3887112,REVERSION
f75193d28434427e5582,3887112,UNCERTAIN
d4ca091ea77528997ece,3887117,TREND
5f05ccc695b620365d58,3887117,REVERSION
5f24ad593050ffbf58ee,3887117,UNCERTAIN
a5a52a5779ec40733b9a,3887120,UNCERTAIN
0a720dd61a173274304e,3887120,REVERSION
172dab234006b1451356,3887120,UNCERTAIN
3edb22ed64d8582f38bf,3887123,REVERSION
02c00e8470b6d15854f7,3887123,REVERSION
48f3bfa433f0a37ec791,3887123,REVERSION
6d834dab42f0b3dec885,3887312,TREND
11b1659293e84f881f3a,3887312,UNCERTAIN
441d7a2cb1c2b6ff4a7f,3887313,UNCERTAIN
f875a8ed9af292d56d50,3887313,TREND
8675f7d2a07d7baea474,3887314,UNCERTAIN
b63e57241fa2e65eb6e4,3887314,UNCERTAIN
4dd1d7df562cf35b5a7a,3887314,UNCERTAIN
3a0331861f8231ca4b87,3887319,UNCERTAIN
610ffe42a8c0e8b3ca5c,3887319,UNCERTAIN
ca0200a86063c257eed3,3887319,UNCERTAIN
c88a5aea8b564139ae68,3887323,UNCERTAIN
72ea2c66cbdeec185b44,3887323,UNCERTAIN
8f36182258280d1d0b33,3887630,TREND
755817d306104ab9bced,3887630,TREND
ccd692ffa73c8ac17aac,3887630,UNCERTAIN
94718d82cec4668869e7,3887634,TREND
90e57a8ef62783846eb9,3887634,TREND
044d74dad4b73b2e05de,3887634,UNCERTAIN
2262a12308196002951e,3887635,REVERSION
bed1a502f8398ec6119b,3887635,UNCERTAIN
640d366f77760f88a728,3887635,UNCERTAIN
f102473d4b9b40b55371,3887636,REVERSION
25c6ec32a0fa63b2f78c,3887636,REVERSION
03e55a69415066036048,3887636,REVERSION
9e1435132379eac5cd71,3887638,UNCERTAIN
f1f55b6cc1c8e87b025e,3887638,REVERSION
e38c38965c19df3ae5ba,3887638,REVERSION
97072bf9a76c542dfd72,3887770,REVERSION
0bc6494644178790722e,3887770,REVERSION
228e21f534b3010748bb,3887770,REVERSION
12073f7f098cda4ba244,3887775,UNCERTAIN
4184e28fa5b2f6d524c5,3887775,UNCERTAIN
98574a7b05a91128612e,3887775,REVERSION
9492a2afc7e7be4a240c,3887777,UNCERTAIN
fe9798b9b35f061f7486,3887777,UNCERTAIN
aa03d67810f1a0040786,3887777,UNCERTAIN
53fcc6b5bc7f8370a90b,3887785,TREND
32460b5bc6a558c08bf8,3887785,UNCERTAIN
016bbd521b4da2c446ad,3887785,UNCERTAIN
cca1ed3c963f559ff16c,3887786,UNCERTAIN
77e3571a7af36938368d,3887786,UNCERTAIN
3a53f25562546a155228,3887786,UNCERTAIN
02f9e7512ff2718bc802,3887951,REVERSION
964f101fcfb2cea5a38d,3887951,UNCERTAIN
849d8a8336c7160c3dc7,3887951,UNCERTAIN
a0de7711d1cfd344e0f4,3887957,REVERSION
d37db538d92cfe7db95d,3887957,UNCERTAIN
df71e2d14bb87273531b,3887957,UNCERTAIN
a89eb645876c16b8fcd8,3887958,UNCERTAIN
04d7b6436c9c805d73b9,3887958,UNCERTAIN
7709cf50f8c5c8e082cf,3887958,UNCERTAIN
197823db2a959e52beae,3887959,UNCERTAIN
73f27164995d79cd4865,3887959,REVERSION
c1e3fd06611817778e8e,3887959,REVERSION
0cad8206c2713eecc5d6,3887963,TREND
9693d102bff307f501ca,3887963,UNCERTAIN
3539bfda0a913b7a0d5c,3887963,UNCERTAIN
7319ab97047dde59bd4b,3888139,UNCERTAIN
a0f546ac404bec2065ff,3888139,REVERSION
09fa3deaeb904e2f6e92,3888139,UNCERTAIN
d8efa61dbc3892a1bd55,3888143,TREND
6838c5d94b1fe5c64310,3888143,REVERSION
1c1ef6c62a9a29bbf058,3888143,REVERSION
d1711d573efa17a9678c,3888145,UNCERTAIN
aacfbf39925750cb5249,3888145,UNCERTAIN
dc642de6b19863bed110,3888145,REVERSION
20e687741e1b9e333937,3888149,UNCERTAIN
a6e8c3c5ac3009f7cba9,3888149,TREND
cfc831ae34deddeb903f,3888149,UNCERTAIN
261be45ecc53e891edbf,3888150,UNCERTAIN
4929bda21a37b1d095ec,3888150,UNCERTAIN
c77081e2c947fe6ebaf3,3888150,REVERSION
c58b2e7663b9db7ef89c,3888357,UNCERTAIN
dd4b982e30fbd2d57ab5,3888357,UNCERTAIN
08bb9ba6dd843d78a583,3888357,UNCERTAIN
2ba1f48670093a680a03,3888363,TREND
c22dffd90ec0dbd96dce,3888363,TREND
4a00e59830fed2bd17d3,3888363,TREND
29099a2afc422600697b,3888365,UNCERTAIN
a71351c75a9538748207,3888365,TREND
53ed048c346f9cc94c8e,3888365,UNCERTAIN
ad7158fed6ef9762eb7d,3888366,TREND
3dec765423a8c68cf001,3888366,TREND
49d4c9d888f2f77f86c4,3888366,TREND
84a1e1eb1a0d392fe629,3888367,TREND
4cd2a04cf1547845dd34,3888367,TREND
fab2e04d0627331f0286,3888525,UNCERTAIN
bfa9f6504b21e46e2cff,3888525,UNCERTAIN
728f8da82a14d9ac2d44,3888525,UNCERTAIN
cd6aa0c6fe0f1da95088,3888526,TREND
818025d276b311a9583c,3888526,TREND
b8aded0b5504f69fb380,3888526,TREND
733bae1b2f4aff59e5f1,3888527,REVERSION
d7844bfafc67b64a8121,3888527,UNCERTAIN
f9d768858948ef063251,3888527,UNCERTAIN
7ef1b19f43606a9c4542,3888533,UNCERTAIN
a0c30125742f0a55ca5a,3888533,UNCERTAIN
763cfbff64258b63b093,3888533,UNCERTAIN
67897b03ec1442ccbb15,3888538,REVERSION
8396af64a39ea2dd9814,3888538,REVERSION
7efc2f83b969455821af,3888538,REVERSION
eb9985e26acbba160e83,3888749,TREND
fe4210a867b64aa41e4a,3888749,TREND
b40abe4ad26b8b5ca31c,3888750,UNCERTAIN
6e327bf68447a06fe429,3888750,TREND
0a2ee868b7b2cfa79764,3888750,TREND
355d7864fe3be3ef1e55,3888751,REVERSION
489a78030b361ddb6b19,3888751,UNCERTAIN
0f737896d548c5166ca9,3888751,UNCERTAIN
e006c0e8382b16032534,3888755,TREND
a9e09647304cea471231,3888755,TREND
1c92c5f5740af4c68a61,3888755,TREND
92a7db35f25bda01608e,3888756,TREND
417b6dd6a71020443713,3888756,TREND
c0256a777daf4309adba,3888756,TREND
f6be2960e63d183b3590,3889044,UNCERTAIN
d26c26de0f82701a10cc,3889044,UNCERTAIN
366b88290bc2f81c9f39,3889044,UNCERTAIN
488c5cef7313bb3a4380,3889047,UNCERTAIN
fb81ad5dadd9c4ec5264,3889047,UNCERTAIN
dad3d07a9e2ea83441be,3889047,UNCERTAIN
83ee09625bb00f40167e,3889052,UNCERTAIN
ea15fd29fdb765e7fdd1,3889052,UNCERTAIN
8225de87e854905d64db,3889052,UNCERTAIN
15732d98267418824908,3889053,UNCERTAIN
1009914f8983c75b6201,3889053,UNCERTAIN
5cf5e0e6857fdf8f9393,3889053,UNCERTAIN
f93a8673d234ccd6b7c5,3889057,REVERSION
98f3214d925c1e9d8497,3889057,UNCERTAIN
e5438b4a95cfe709802a,3889057,UNCERTAIN
55aee8bd48fc48b76ff0,3889141,UNCERTAIN
a16b531d72ee5eb16963,3889141,TREND
bfb6d47ae93f2a3f8d67,3889141,TREND
1f1697a3d5077a525112,3889145,TREND
b00b71914fa225e36a09,3889145,TREND
323325c6bafceef8314e,3889145,REVERSION
5018c1276c2ce785286d,3889147,REVERSION
db10013adc198f92f26a,3889147,REVERSION
e53f60c95e1f1e270409,3889147,UNCERTAIN
6c06a858b66ee503f7d6,3889153,TREND
4d6de2f251fb4a63c397,3889153,TREND
f07391bf07eb72f0f926,3889153,TREND
faf7e2ee3d73525fa31a,3889154,REVERSION
be483ebc58af832fb2b1,3889154,UNCERTAIN
7add684cb401bc568351,3889154,UNCERTAIN
adb77ee311d1fca37936,3889566,UNCERTAIN
ea4fbdf16e62fdfa9a78,3889566,UNCERTAIN
09e51d9fc3b3a468caa3,3889566,UNCERTAIN
b767be53408f405cadff,3889567,UNCERTAIN
422ff9ba8b5ba4572a09,3889567,UNCERTAIN
f1cf267d968e1f2d96ef,3889567,REVERSION
31506e7fa5fbd263ca6c,3889572,UNCERTAIN
70f77a7293cf767ea0b4,3889572,UNCERTAIN
22c5ad39f83c7b6692c2,3889572,UNCERTAIN
97d2705921aa5428a233,3889573,UNCERTAIN
b73244b6a5ab535c1cd5,3889573,UNCERTAIN
8f40e01c1d390bf00aac,3889573,UNCERTAIN
1fea83b2a9ad45c99fc8,3889577,REVERSION
c6fceb17329afa10d98d,3889577,UNCERTAIN
1e8c6cc226215c31eddf,3889577,REVERSION
d3a2411b7a1b45285a42,3890092,UNCERTAIN
4c66db3da857215f60f4,3890092,UNCERTAIN
f22c629f7af1b09817a4,3890092,UNCERTAIN
009b4f69bf6938378261,3890094,REVERSION
285a112fc2ad078e993f,3890094,REVERSION
88b7406c0b0d184dfb91,3890094,REVERSION
d19b4a9a7ca26312c20a,3890095,UNCERTAIN
d744656da450cbb6c648,3890095,UNCERTAIN
0056e0a58cc34857eb21,3890095,UNCERTAIN
0ff6a4042a1a564c2f26,3890100,REVERSION
78393e275ff0b409ac4d,3890100,REVERSION
e7b8a0825aa5ed5ac049,3890100,REVERSION
554cef7fbfb82b9aa0a8,3890103,REVERSION
499d677123af524fe7ec,3890103,REVERSION
a514731f3e5f957173ad,3890103,REVERSION
2c36572e5573bd81c471,3890304,REVERSION
e082d4f0294d3f93a057,3890304,REVERSION
605e14ef10e0ac85504d,3890304,REVERSION
4e69ad6b707ea6b64541,3890309,UNCERTAIN
8e30b080d48945a7dc44,3890309,TREND
8303803ded162f751771,3890309,UNCERTAIN
2c0ec3efc4b81b9a5a1e,3890313,TREND
3195d825aa3e079c2963,3890313,UNCERTAIN
ff011a53c0792862e7d4,3890313,REVERSION
6f5ba227cf1519e05429,3890314,UNCERTAIN
34f980bc3140a13c492c,3890314,UNCERTAIN
5a14537ab9e73810f725,3890314,UNCERTAIN
184a42bd666f5d693c9a,3890318,UNCERTAIN
404dce9dbf862d538373,3890318,UNCERTAIN
f156b477861605558004,3890854,REVERSION
a63bf656d278ed2f181c,3890854,UNCERTAIN
c20926e77170909358aa,3890854,UNCERTAIN
c276d130b7a8e2397b53,3890856,UNCERTAIN
b6733e0bd4ff131ad36d,3890856,UNCERTAIN
ddb786b0be80ed81eae3,3890856,UNCERTAIN
bc79c03ec187cc22191f,3890857,UNCERTAIN
457216881dab03b7f8bd,3890857,UNCERTAIN
5142242464f605b528c8,3890857,UNCERTAIN
9c4ebb524d2b0c245468,3890864,UNCERTAIN
14e62bcad3037c03e594,3890864,TREND
ae5606c8b3ac1c0b21e5,3890864,UNCERTAIN
8a94293cfd2a500708f5,3890865,UNCERTAIN
064ef7412f8753a83b7c,3890865,UNCERTAIN
79b27ce96287395b3856,3890865,UNCERTAIN
85591d59c42d4542afef,3890967,UNCERTAIN
65d77165fdc7bfdcc1e6,3890967,UNCERTAIN
1550f5d3e12725cf7909,3890967,REVERSION
a3c9b0179599f28d7f17,3890968,TREND
11a9141ded2690ade291,3890968,UNCERTAIN
e4e1a005992d74d14d0b,3890968,UNCERTAIN
e37fee63e539e9a94b18,3890971,UNCERTAIN
c218df8761df8cdd55d1,3890971,REVERSION
2b4ed2bfb60d160dc14d,3890971,UNCERTAIN
f693296a08f837223f99,3890972,UNCERTAIN
7b954b89eba1b24d8f87,3890972,UNCERTAIN
b5ea132d49fde3b724db,3890972,UNCERTAIN
f58f323535c9a9a1a65c,3890974,UNCERTAIN
753fca85b75ef1fbdb58,3890974,REVERSION
c59dccb074c8f2b9550c,3890974,UNCERTAIN
2976d106e11a28b7a6a4,3894224,TREND
7df1b1aa6365feaa11ab,3894224,TREND
97c3835593f9b7ff06a2,3894224,TREND
0319cb014fdc9268977c,3894231,TREND
95b14629b7aa0c3a0be7,3894231,REVERSION
626b62b571c85ee4268e,3894231,UNCERTAIN
38a5e78705b77a148704,3894232,TREND
ac685adb970f2b59a8c7,3894232,UNCERTAIN
9b55cea8813a27620784,3894232,UNCERTAIN
e808e0f405d8f2f41447,3894234,TREND
27f78f4593a72634d935,3894234,REVERSION
e74570358a9e33a09604,3894234,UNCERTAIN
fbaf7d5046f969cc57c3,3894238,TREND
e535bdd36163b5e4abee,3894238,UNCERTAIN
063a28ab7a233e6e0fcf,3894238,UNCERTAIN
2278342d8dfd6c75d568,3894495,UNCERTAIN
16edb8997a647b4ce416,3894495,REVERSION
b294f0e9dee98e5f3675,3894495,REVERSION
4109ea0be77572620ab0,3894499,UNCERTAIN
7e5040eba47bf0bbc961,3894499,REVERSION
421ff3b043161d3f3ba2,3894499,REVERSION
5bbd6b6d068e6f553b9a,3894504,REVERSION
f9b35a7118a979688dfb,3894504,REVERSION
8a0dad56b5de49805240,3894504,REVERSION
dd755a2d8217eecaa0ec,3894508,UNCERTAIN
235f023df1a5457d8569,3894508,REVERSION
c71675cd1be3f4f66954,3894508,REVERSION
b5702767ed656b59c357,3894510,REVERSION
0cb7803699156b04f3d7,3894510,REVERSION
82757190a04118f761d3,3894510,REVERSION
9f053c7218417ac322b9,3894545,UNCERTAIN
eb5039e51d22c9ad0df7,3894545,UNCERTAIN
dd016d825f05eb292273,3894545,UNCERTAIN
6d2e3e0f38bbf4fba74f,3894548,UNCERTAIN
ffed387e14ef163f3f34,3894548,UNCERTAIN
3a4ea7cb2677fbee5699,3894549,REVERSION
cdbde7b227a2f99802a5,3894549,REVERSION
231a978a3ee14bb32b58,3894549,REVERSION
c6b10eb82143653ce2db,3894550,UNCERTAIN
2643b79da86d06f3e7e2,3894550,UNCERTAIN
5b4e811068d7134d5930,3894550,UNCERTAIN
f575a0b3f06b37c1ae3c,3894555,REVERSION
36e7583380c6a1d57e7a,3894555,UNCERTAIN
46746c86bbf027857445,3894555,UNCERTAIN
e279da253517cba0bf10,3894872,UNCERTAIN
877429c7951af84c7721,3894872,REVERSION
af8ba13bb24872ea5b69,3894872,REVERSION
f73943a27be5666615fe,3894877,UNCERTAIN
44033c7c52b7d329085e,3894877,UNCERTAIN
256352f8a2d523aaa139,3894877,UNCERTAIN
d843c60694b7d4d7559c,3894878,TREND
2e161afce7585d4ad895,3894878,UNCERTAIN
7b8796f5aaab82fe052d,3894878,UNCERTAIN
35c0a205b2fd9e3731ef,3894880,UNCERTAIN
de9c8376f1cfd5b5879c,3894880,UNCERTAIN
203488ea06e168ee14c0,3894880,UNCERTAIN
ad1858fce858c1f07155,3894883,REVERSION
7c1516a27083511db986,3894883,REVERSION
cd1ee95d8760efe08e73,3894883,REVERSION
225bc9a93b867cb3f0ad,3894954,TREND
2990e2fa98b52a7a8328,3894954,TREND
e838ea5f3a9f633541b5,3894954,TREND
5d12e2ee57e66e2f6053,3894959,UNCERTAIN
b5747aad90838118afad,3894959,TREND
16009250580ab294f6ee,3894959,UNCERTAIN
9207b4a54a1710f8f984,3894964,TREND
aae0a6b7a3a063bd301a,3894964,TREND
274982eb65d5cd66fdc9,3894964,TREND
a4d86bb9be36db0c9deb,3894966,TREND
aa2b4d9bb144b9ea635a,3894966,TREND
6210aca5e9d63dc1b887,3894966,TREND
816a15e40a13edaab520,3894968,TREND
7a0395798efbef7cf115,3894968,TREND
eddb30d70688a552e6ec,3894968,TREND
45e82a1a3ba51af6e981,3895055,TREND
e0444ba6e08ec5ecbae9,3895055,TREND
2b9ef05fc16f855738d3,3895055,TREND
e749e281ca1288e08ac4,3895060,UNCERTAIN
79295f93511c4998423a,3895060,TREND
bac794880fe55a67ab92,3895060,TREND
5bd93fac4b23a800ea83,3895061,UNCERTAIN
949a43ca20f93804be49,3895061,REVERSION
815a10a6f32f9b12953b,3895061,REVERSION
8c864f8c8a323b1a7fb0,3895065,UNCERTAIN
918af7ebb52bcef4af1d,3895065,UNCERTAIN
902b914bdbaac62b5500,3895065,TREND
ae275b207790491aa6a3,3895067,REVERSION
8f7ce4f68ece143f665f,3895067,UNCERTAIN
48bcb7d30137defb29fa,3895067,TREND
ddc07ed847edf2e42926,3895101,TREND
a844eb5382d657f14993,3895101,REVERSION
80e48fc4dcec063a18d9,3895101,UNCERTAIN
3be76bee8ccd4412f108,3895106,TREND
61098261f8ff8e5c347a,3895106,TREND
c295dbe75ba60420bb38,3895106,TREND
f81f5fecd0c7a9aa713c,3895110,UNCERTAIN
609e3cde2e62937baa05,3895110,REVERSION
88b9f59054231923d3f1,3895110,UNCERTAIN
6d8563394addbe561e4e,3895115,TREND
388e74a51db260b35fd1,3895115,UNCERTAIN
883c50fd013f3efa5a40,3895115,REVERSION
c0155d7cbcd6aec090ad,3895116,TREND
2441522bf18ae7d20bf7,3895116,REVERSION
aacd12efb1d984d4718a,3895116,UNCERTAIN
e5597f8963d265ba4ccd,3895208,UNCERTAIN
6f3da493c228ea6be87c,3895208,UNCERTAIN
826523fc613a7044c9d8,3895208,REVERSION
155f90f68156103dd140,3895210,UNCERTAIN
caaf7bd6a1fa50c411dd,3895210,UNCERTAIN
e6d3b2ba9fdfaf43fda3,3895210,REVERSION
fd0f5e2b76f61006d2fe,3895211,UNCERTAIN
63a515cc40551264cf87,3895211,REVERSION
91fcdbcef35c7b3f0571,3895211,UNCERTAIN
faa60972a9348f9ad3d2,3895213,TREND
78cc680fcfc641f2bb01,3895213,TREND
6617c873bf9e67e819ad,3895213,UNCERTAIN
ee0a42e79241088ece2e,3895217,UNCERTAIN
01d120d0162a148d1856,3895217,UNCERTAIN
1290a3df4a8f2ba4d8d2,3895217,REVERSION
422b74b0b58a607d8fdd,3895345,TREND
fa9f1cf230ace743a166,3895345,REVERSION
832ff416ff7293724817,3895345,REVERSION
169fbe9a24a43b799007,3895347,UNCERTAIN
456f921956f4f1f39aac,3895347,UNCERTAIN
9c2294b5c5f9647f4e6b,3895347,UNCERTAIN
bc7a0f25f271362d06e1,3895352,TREND
331639e0c6f623392fe6,3895352,UNCERTAIN
ff457f547f4275c95d0a,3895352,UNCERTAIN
88478c67475377a6f0e4,3895357,TREND
bd2f1ebb51ef2edd114e,3895357,TREND
85c0a11b8f72c68d6ffd,3895357,TREND
8a506ad8bd2ab2bf5eca,3895360,TREND
23a2ffd7011ecfef0a2d,3895360,UNCERTAIN
046c4653cc876cadc1cb,3895360,UNCERTAIN
fef5443e53a866ac220e,3895461,REVERSION
d8294668304e20ad4a59,3895461,UNCERTAIN
7e86ba49cb957dc176df,3895461,UNCERTAIN
e1cfbdc7907fc65919b4,3895463,REVERSION
2535bb223c89830e44e6,3895463,UNCERTAIN
dcfb4c61394e7c294659,3895463,UNCERTAIN
f74c04d34448279366e4,3895467,UNCERTAIN
0fa0cf41854ed1d10734,3895467,UNCERTAIN
a684517b936add21df42,3895467,UNCERTAIN
1099a306b04bf38b86be,3895469,REVERSION
b767b632a32554a81bf2,3895469,REVERSION
d6121a577b401bd960e2,3895469,REVERSION
554dd12f7f2928cbc1f9,3895471,UNCERTAIN
33be4b1e625529011a0d,3895471,REVERSION
10f7439e15e7b2a7d8bb,3895471,REVERSION
633edd5e58fc5272f0cd,3895569,UNCERTAIN
97af07dd84cf552b36f3,3895569,UNCERTAIN
bac875aaa5c770461ce3,3895569,REVERSION
021c3ff91a54f4b0aed0,3895570,UNCERTAIN
c57ca35724bc64f8e033,3895570,UNCERTAIN
e2df46f57689cb2bfcfc,3895570,UNCERTAIN
20ac1e361f2ea0133c77,3895572,UNCERTAIN
21f092e68cba697c137b,3895572,UNCERTAIN
ad545d23247c96f8c621,3895572,UNCERTAIN
449190e48d79b82582fe,3895573,REVERSION
d9c8b02cfce9002a2e4b,3895573,UNCERTAIN
15aa75e5998cc7bb6e90,3895573,UNCERTAIN
88b45dfcde9f71b2a2bc,3895574,TREND
6027757980b47abe4166,3895574,UNCERTAIN
5f754e21db0e11af3943,3895574,UNCERTAIN
8f18b9b8e61548717c67,3895804,REVERSION
825c3ecbf224d1e5ff44,3895804,UNCERTAIN
1054258e5eaced561d9f,3895804,UNCERTAIN
d317b1ae9cfc226a2f72,3895806,REVERSION
f8909220b20f86a4431e,3895806,REVERSION
ada222cb727b5046cf53,3895806,UNCERTAIN
dd5b32c1e025b1c12a3e,3895814,REVERSION
5fb67d73152401d1a34c,3895814,UNCERTAIN
a26dc5abf7a8459b3e62,3895814,REVERSION
50a5b988c2a54984e5f1,3895817,UNCERTAIN
1df25105a8b1028de66e,3895817,UNCERTAIN
de223522456b39d5ef46,3895817,UNCERTAIN
66dd687157f9aaa9ace5,3895818,UNCERTAIN
fd9e5e4d344c9cce5b10,3895818,UNCERTAIN
74b6fa777cc566cab68a,3895818,UNCERTAIN
07bd312d3ca65da36930,3895932,UNCERTAIN
bcb01cd4bb8bd1b95df0,3895932,UNCERTAIN
afb4dbf47fb49077a46e,3895932,UNCERTAIN
d9b72933198df597ded5,3895934,UNCERTAIN
d3225f1929a7f4caa8f5,3895934,UNCERTAIN
6adf3afaf71f32ccc77f,3895934,UNCERTAIN
f2077659a0b00b748c80,3895936,UNCERTAIN
90762a303424cda38637,3895936,UNCERTAIN
ed02b9c851eccdce52b0,3895936,UNCERTAIN
28a22a8f44a1bafcf13c,3895945,REVERSION
66dfc9a3ac6c817f77cf,3895945,UNCERTAIN
653957164c6416c0a2b4,3895945,UNCERTAIN
ba7b91e8d4957b60744d,3895946,UNCERTAIN
cf99b32cee659c085540,3895946,UNCERTAIN
e13e3df0110cf35949d9,3895946,UNCERTAIN
3c005ba3a75f92fb0113,3896378,TREND
70cd6f66196f3f7bf185,3896378,UNCERTAIN
f5e873e3729637ca93e6,3896378,UNCERTAIN
9446934e8f62fc429620,3896380,TREND
8c290008e786aa799b86,3896380,UNCERTAIN
4d24102a73659e417add,3896380,UNCERTAIN
0ab0f6c3688dbbacac88,3896390,TREND
2a453b5bce49923a6c63,3896390,UNCERTAIN
13e40a1833fc064c4412,3896390,UNCERTAIN
20079be787f5e77b13ad,3896395,UNCERTAIN
da5c213c6e9e6138edd0,3896395,UNCERTAIN
c4d2ff8ffdad28bb739c,3896395,UNCERTAIN
23ca4b1aefef1107b910,3896397,TREND
1983d372aed344751d85,3896397,UNCERTAIN
c3866550add745ccf897,3896397,UNCERTAIN
87e5eacf47bff2ce90a8,3896439,TREND
c31122d80a6303d38573,3896439,REVERSION
3b8fda77bdb4b9f7d5dd,3896439,REVERSION
0f3586a5ff7bd7d42ef6,3896445,REVERSION
0dfb6a8ec7417445f9da,3896445,UNCERTAIN
6df3cdad365840f3c1e9,3896445,UNCERTAIN
e3f3181de22ab2d57ae7,3896446,UNCERTAIN
80c13658b549f87b837a,3896446,REVERSION
23f742c6c504bb5b50d6,3896446,REVERSION
3b85e2244aa1df59d50b,3896447,UNCERTAIN
47c4fb71d0de1aa6062d,3896447,UNCERTAIN
239b6b30dd71ef6a717a,3896447,UNCERTAIN
674659fb1df70e714175,3896448,TREND
9a4b1d41270c032179a8,3896448,REVERSION
f53c50b7fb6019af5398,3896448,REVERSION
9b26854682e3918006fb,3896970,TREND
ec95d1c3f07bdebf1c06,3896970,TREND
f86187b93347d61c5ae1,3896970,TREND
eccf1be4ba010ae0fc25,3896972,TREND
6bd5581ba5341969320d,3896972,TREND
ef498c89d9977630195c,3896972,UNCERTAIN
234200febf5ca17b481b,3896974,TREND
10714cd32075cc7c38a2,3896974,TREND
6e9b569a3f3d29010fb0,3896974,TREND
ef74bba552634b511609,3896981,TREND
4547985cf480c7ad5b87,3896981,TREND
3fd256c515894caa03f1,3896981,UNCERTAIN
e169cdca2beb3c8bdc51,3896982,TREND
4e555a9e78113d661174,3896982,UNCERTAIN
78ec8ca64513554eeece,3896982,REVERSION
19dfcee362510f7f813d,3897383,TREND
27f1d640243a640b62f2,3897383,TREND
26f928a532a79dc7b69f,3897383,TREND
19fe91137d27d9ac5e09,3897385,TREND
636d7e58aab49421d44e,3897385,TREND
6346e7b5f38f5919cbce,3897385,TREND
bee1476c063ec7e9eebf,3897387,UNCERTAIN
a16911be6459fba4b0cc,3897387,UNCERTAIN
aca0838e0a7bcd8f85bf,3897387,UNCERTAIN
34258914b63b47224deb,3897388,TREND
c7cb92c5a6a372a39edb,3897388,TREND
cfb6a84612e51f147fbb,3897388,UNCERTAIN
27746612455f0727e2ea,3897394,TREND
9ff80e97488a25e9c517,3897394,TREND
b4b48d406912137d2c91,3897394,TREND
35e4d0ed2e6de0c37127,3897903,REVERSION
3a71784a2e6fd47a207a,3897903,UNCERTAIN
1ccccb8d0fe4f271308a,3897903,UNCERTAIN
480bb687cb1a02a5bb07,3897907,TREND
4e561944ceba8e781c7b,3897907,TREND
7bd3285c4ff7cbdd6626,3897907,TREND
1124ac958e694aca435b,3897908,UNCERTAIN
50f149334f8d646f49ad,3897908,UNCERTAIN
c64fe7fed4866b0095c9,3897908,UNCERTAIN
36cf5a76698dea6554a4,3897909,REVERSION
4b9eb5dc7ee1449255b6,3897909,UNCERTAIN
d933e0aab5899da1e45d,3897909,UNCERTAIN
3d9b9d7d3362ae9d0e55,3897914,UNCERTAIN
dc621e993cc8b7f11a3f,3897914,UNCERTAIN
8c1d8f25b950547cf39c,3897914,UNCERTAIN
6e07fdbc371702c1efe6,3897944,TREND
c12855ea4130bbdccc48,3897944,UNCERTAIN
e9e8ad492c919e0cc1b2,3897944,UNCERTAIN
59ea565f8865eea75dc6,3897945,TREND
fe56b84237f9d20e9bce,3897945,UNCERTAIN
735d2dc537d6144e894b,3897945,UNCERTAIN
2d2847701bd24e36b662,3897946,TREND
0929ef83a6c403ac1632,3897946,UNCERTAIN
81e506ad73d0601ef5d7,3897946,UNCERTAIN
9a1a4ebbc92284d3f04e,3897949,UNCERTAIN
86729f1940646b2c72c5,3897949,UNCERTAIN
e03db744a31b4f8f1b44,3897952,UNCERTAIN
ee182baa6824d2dcf2ae,3897952,REVERSION
a54ef429c65ca19948f8,3897952,UNCERTAIN
d440b7d248a949fe337a,3898030,REVERSION
e8a1d552579e20d8dcf2,3898030,UNCERTAIN
94f78e5e62ee0368984b,3898030,UNCERTAIN
e2ba5e98a904dc09f389,3898031,UNCERTAIN
159a5c03fc772b980d4d,3898031,UNCERTAIN
4588ae5c7a94bacb1695,3898031,UNCERTAIN
2a74610a872ddaae24b1,3898035,UNCERTAIN
5bc6424e8f552d8f676c,3898035,UNCERTAIN
598f6132ff790d1291ff,3898035,UNCERTAIN
0e9f8f75675f069d7f57,3898042,TREND
6d2a04b1a13f45d579d9,3898042,UNCERTAIN
4493468c70ad998be354,3898042,UNCERTAIN
ca07ed4414c7ea72771f,3898043,UNCERTAIN
657b039a8a2f4a84dafe,3898043,REVERSION
ff88ece5f0ef7df84de3,3898043,UNCERTAIN
75e93e9f91da9392a29a,3898342,TREND
fa5b731195072a3d4589,3898342,TREND
604383ddf45803737ac3,3898344,TREND
853f5ad2aaf54ce2a404,3898344,TREND
566f5e72b7d956fd5408,3898347,TREND
a64dad2cfa58dadf6f2e,3898347,TREND
ebcf08b471438a101053,3898347,TREND
83356a302b9364e4eff7,3898351,TREND
da225891b29b53285b25,3898351,TREND
e9817e16ffa9d2d96cdf,3898355,TREND
d5141de86c19d5c7f16d,3898355,TREND
78d2e130c732fa940a00,3898355,TREND
aff2c959f3b920818246,3898381,TREND
5100c1607e0330b139bc,3898381,TREND
fc5583e58280e93b0581,3898387,TREND
8db489cd25fb7285a973,3898387,UNCERTAIN
0b770f390a0ddfb7d7c8,3898387,TREND
39a34e6a0ba9f73c8981,3898388,TREND
d20f59fb8dcae4baa96e,3898388,TREND
4aace803da0a1c1a03c3,3898393,TREND
f357ce5be5e776a8fec6,3898393,TREND
157f96bc3a7703f7b61b,3898395,TREND
0c00dbea4b9406c0da85,3898395,TREND
fa982d3d687706253ee9,3898464,UNCERTAIN
02e56f62b65363cf1c8e,3898464,UNCERTAIN
a89b735f18a1e1f56b34,3898464,UNCERTAIN
046f5bce4ef45d8c38d6,3898468,UNCERTAIN
9e928f81eaa959129a43,3898468,TREND
75d40a8a4529a909ac00,3898468,UNCERTAIN
ed64f43f8775fe50194c,3898477,UNCERTAIN
4cc3cd563842c08b8bc3,3898477,UNCERTAIN
d6a7cdb1ad11a643f253,3898477,UNCERTAIN
8c558f22e5565b319f66,3898478,UNCERTAIN
5d0ffdf6ac592928d993,3898478,TREND
80f09fd017ad821ca1bb,3898478,UNCERTAIN
ca50bbf2920a8051e996,3898479,UNCERTAIN
88285ac0a055bf6c453a,3898479,UNCERTAIN
cdce11bd1822e6a4d2c0,3898479,UNCERTAIN
0c0a45c81f2dd813162e,3898522,UNCERTAIN
1653385d369e39fe0192,3898522,UNCERTAIN
f867acf31d497b77b0f8,3898522,UNCERTAIN
09708089efee3097a1f8,3898529,TREND
efbf185d7359e72d761d,3898529,TREND
bece2c7456714d7470fc,3898529,UNCERTAIN
124adad124af2d757b64,3898533,REVERSION
c9c503819e0a4e8c00e0,3898533,UNCERTAIN
a7d921d89e6be259a827,3898533,UNCERTAIN
b69fd7912fda8572a080,3898534,UNCERTAIN
61fd3ff9872b488cc897,3898534,UNCERTAIN
902a96d88e9df5ad8cfd,3898534,UNCERTAIN
84363c1ac4b80beec0dc,3898535,TREND
19c2cadbb337472d439e,3898535,TREND
b997083653791dcaf0e5,3898535,UNCERTAIN
82fb839cefa090ed8992,3898952,TREND
b786bd717bcea6c8fe44,3898952,TREND
c928510c6f6d9e6cd423,3898952,UNCERTAIN
d9f5609231e2f56ecde4,3898953,UNCERTAIN
013d9c9ec3351c6cebb2,3898953,REVERSION
fe63f11f88ae8030d755,3898953,REVERSION
c78747ac056642fdd097,3898954,TREND
38f54d94862d0bbe0982,3898954,TREND
d2b9dd4e69f7a84ab95f,3898960,TREND
c60e6f1df79f3b4a32e5,3898960,UNCERTAIN
0ccb624d6a2cabb84cda,3898960,UNCERTAIN
5b354187dda0d0454a23,3898964,TREND
a107ccc3b4623f5f5be6,3898964,UNCERTAIN
61ccf8c9119866d634fb,3898964,UNCERTAIN
0de8f459617f0ebaa198,3898998,REVERSION
0ba20ebe8fe9becfbf68,3898998,REVERSION
f860baa5a8f3cc7d91d8,3898998,UNCERTAIN
938eaae415505482f5a5,3898999,REVERSION
4ed859858e606b744020,3898999,UNCERTAIN
0a14f7c753a1302ba3eb,3898999,UNCERTAIN
437ec468f392e158d280,3899006,UNCERTAIN
bde1782d59746e7d7c22,3899006,UNCERTAIN
7b58c907cdaf66771574,3899006,UNCERTAIN
a0be4d756ac97f5617c6,3899010,REVERSION
1d5574b28af4f380536f,3899010,UNCERTAIN
551b42c4d41a299bfebb,3899010,UNCERTAIN
217d3096e57f956b0ba8,3899012,REVERSION
32c89a5f1cadb36fe585,3899012,UNCERTAIN
0a991973688fa5bf1e82,3899012,UNCERTAIN
5d34013d0508e20dc5d6,3899090,REVERSION
efa3d70a1855b3a02193,3899090,REVERSION
8da98e5505e600cf5d4a,3899090,REVERSION
e9038b91b86bbd58294a,3899091,REVERSION
e0f193a325129bde54b1,3899091,REVERSION
afa85f1f8dde71dd43b5,3899091,UNCERTAIN
112ba246e6c628803932,3899093,REVERSION
0750af7e49c6b07363b2,3899093,REVERSION
d533615fc8b773f077eb,3899094,UNCERTAIN
c5f72ec59cc54dd52917,3899094,REVERSION
7cbda1fc9622752d4f5b,3899094,REVERSION
cafe7f149267afcf1195,3899095,UNCERTAIN
937d54a64c30f9e82720,3899095,REVERSION
3eb17cbd18392459ec39,3899095,UNCERTAIN
9801cced21659f78862a,3899188,UNCERTAIN
058492a16a1100c3f092,3899188,UNCERTAIN
6bb124c8313bcd94fc05,3899192,UNCERTAIN
3f81945bb2fbd335bba8,3899192,REVERSION
277370f3fb4bd60739ca,3899192,REVERSION
c7ff058f97203e6afeb5,3899197,UNCERTAIN
54f7f09b2b9273bf32d8,3899197,REVERSION
9b9ab2725df1f365e083,3899197,REVERSION
5b1ffeef3bd65eaeed74,3899198,UNCERTAIN
11bbb2c71c56396e533b,3899198,UNCERTAIN
bcd77faa72772ca36e90,3899198,UNCERTAIN
5f4823c0ff9814d4880b,3899199,REVERSION
7ee90f8808ee62266145,3899199,UNCERTAIN
693009f0c6dd1a7662b1,3899199,UNCERTAIN
53498e1954cf02bbea27,3899366,REVERSION
8ba94f8c9e98d18945d1,3899366,UNCERTAIN
ffc551b4bdc0c22c40e2,3899366,UNCERTAIN
99e0ba3b9d90aba79d31,3899373,UNCERTAIN
84f0c6836b7ad4bda49c,3899373,UNCERTAIN
cfea5a5bf6bd66b6bbbe,3899373,TREND
08a5aa24e871d652c641,3899375,REVERSION
d43a1fa78f632af69b2b,3899375,TREND
09e2009ea67946582ad8,3899377,REVERSION
b18993bb7d4693b5d40f,3899377,UNCERTAIN
8f1848d4b4feb7cc1f79,3899378,UNCERTAIN
5a38de9e188fb40698b5,3899378,UNCERTAIN
5311274e021f30f6fb89,3899378,UNCERTAIN
000971b0d53498ee10ab,3899666,TREND
658acab35aab37e23a07,3899666,TREND
0c0b47c3cb48411c10c7,3899666,TREND
94206d805c02f89a505d,3899668,UNCERTAIN
3110ba54875be5893c26,3899668,UNCERTAIN
bab528b9f971c9f9b188,3899670,UNCERTAIN
56d381a276c2ad0cfa27,3899670,UNCERTAIN
c20f803cf0f9ffff029f,3899670,UNCERTAIN
0d31747888acf95d6fee,3899673,UNCERTAIN
6918fed829e0f363db3f,3899673,UNCERTAIN
fc6bb5d21308335cd105,3899673,UNCERTAIN
f047a3fc0b0b98ffab97,3899679,TREND
ff90343395c1e4f361dc,3899679,TREND
d66d20c0b508db908e83,3899744,UNCERTAIN
89d600d77108e4e5e1d5,3899744,UNCERTAIN
f5fa60eee8b3904c113e,3899744,REVERSION
7384292484f7d55f945a,3899748,UNCERTAIN
f53e5c518baf4dd7013d,3899748,UNCERTAIN
0d51a5a51635ae1b2f94,3899748,UNCERTAIN
5e4fbe8df11e42d3f7eb,3899753,TREND
e251aa66a81a017a4f6c,3899753,UNCERTAIN
c96e67c17898530ffee0,3899753,REVERSION
01626255f432239c3a56,3899757,REVERSION
b5d8af1ebb91c32cc6a0,3899757,UNCERTAIN
24a53a3e5a58b6e3cf39,3899757,UNCERTAIN
72dc084bf61ad68507ec,3899759,TREND
fb268eb8f12290f75fc6,3899759,TREND
b366b0d38fdc9d3a4db8,3899759,UNCERTAIN
35f757ee7eb0799c5367,3899834,TREND
b6aff383cd5277b74196,3899834,UNCERTAIN
e7afab145364f8d18d07,3899834,REVERSION
0272167e1dded4d3c07c,3899835,TREND
95b2c23f34c6467f656b,3899835,UNCERTAIN
b29ffddda726858371a3,3899835,UNCERTAIN
1cda4e7d33b8ab4f5a8d,3899838,UNCERTAIN
e62abcab4f078b329f60,3899838,REVERSION
219f7d42adccf0cf44e0,3899838,REVERSION
bf7ea5b42455c0b1ea08,3899840,UNCERTAIN
f7566fd10fe28558dc6c,3899840,UNCERTAIN
3557dc54fa4dadecc4e6,3899840,UNCERTAIN
196ff841544297fa7d85,3899844,UNCERTAIN
f04d4bc152f064cd4e31,3899844,UNCERTAIN
c5cf8621efc43e215b3f,3899844,REVERSION
d7bb23451b1e66618395,3899964,UNCERTAIN
bac578216e2847f8bfef,3899964,UNCERTAIN
c076f78f27e55aad97a1,3899964,UNCERTAIN
3f03130b56eeda73f03c,3899965,REVERSION
cda1b5efcc3d4740c51f,3899965,REVERSION
19ee17cd6b6723737eb0,3899965,REVERSION
48a920e997bab0514f67,3899967,REVERSION
e983274f8124c149c627,3899967,REVERSION
f110b2743a070e6d877a,3899967,REVERSION
c354ca6a381126917115,3899968,REVERSION
3e6d204d5395255990bc,3899968,REVERSION
6666ff10bf06af2f98c3,3899968,UNCERTAIN
69c099621881bd6f2a72,3899975,TREND
3e7fc62489345396b3f0,3899975,REVERSION
52d43954975317fcb530,3899975,REVERSION
371c42f17a0fc71705a3,3900079,UNCERTAIN
5c91800d7e337fa492d8,3900079,UNCERTAIN
d2fb6aca32697267d710,3900079,UNCERTAIN
ec5c9fdeeac03efc00fd,3900082,UNCERTAIN
370de086cc3560f99c52,3900082,REVERSION
d219177bb9f0c3680386,3900082,REVERSION
d4e6f71a8b05cb64ad3a,3900083,REVERSION
73b56be3fd2551630614,3900083,REVERSION
f146977460ec43481550,3900083,REVERSION
320a5866166e40d333e8,3900091,UNCERTAIN
083c895dfefc010fdce4,3900091,REVERSION
e9e6f7c2a202411b3104,3900091,REVERSION
db545da2c1e281a7f4a0,3900093,TREND
2ddca25efd0503fe6d13,3900093,UNCERTAIN
0db476a86d21fe9a6865,3900093,REVERSION
94d67749dbb1538a57b5,3900116,REVERSION
44676c841df091746524,3900116,UNCERTAIN
d278a01cbd53852e5a2c,3900116,UNCERTAIN
45323df660d4bd05adf9,3900119,UNCERTAIN
b67a1dfbdf2b1f455a8e,3900119,UNCERTAIN
a8aa7b197a28e66d7d2c,3900119,UNCERTAIN
48230fc764f314a2b2c7,3900121,UNCERTAIN
649b03ead30b23b0d567,3900121,UNCERTAIN
a3810f02408ee0c0a773,3900121,UNCERTAIN
38ee3bfe2fd65babd791,3900125,UNCERTAIN
44ee3df2303101053341,3900125,UNCERTAIN
83adef390c4351c62344,3900125,UNCERTAIN
a730709ba64f244e2d05,3900126,TREND
f600c87318bb94c22cc1,3900126,UNCERTAIN
7bfd0989c5af79476f45,3900126,UNCERTAIN
463750532c725e13605c,3900207,UNCERTAIN
0a992193d7e1c75f2dc8,3900207,UNCERTAIN
318e3996d08ef496bf72,3900207,TREND
6e369890ba74628b7830,3900212,TREND
5cb182d195c0d3a9c445,3900212,TREND
ad714f9e5a2b5657a220,3900212,TREND
0056201890ec4351a522,3900213,TREND
d54a10bda4b416d55247,3900213,UNCERTAIN
011cb50ce0e5682de1c6,3900213,UNCERTAIN
a474a2f3410a6021da47,3900215,TREND
22cccfe4aa25baf2b819,3900215,TREND
ce614069e8d48514e924,3900215,TREND
2cbefb861788e7f73977,3900218,UNCERTAIN
1b1eab0567e678dc5928,3900218,UNCERTAIN
d773b7a146d1e3a215f2,3900218,UNCERTAIN
43c1cfc945558b3772ee,3900307,REVERSION
8a8b5b5a9a196b324f87,3900307,UNCERTAIN
ef345b5c2c6efb68446c,3900307,UNCERTAIN
09083b208a7582c0cc08,3900313,UNCERTAIN
ed4b2f56361fa54cae38,3900313,UNCERTAIN
ad281eefb1c8b9fa5af2,3900313,UNCERTAIN
5b6f4fb729cf2c5d1c31,3900319,REVERSION
6903589990de8e6a910a,3900319,TREND
4153fb23b535afdc773c,3900319,TREND
3070c5f55b7e01a704b5,3900320,REVERSION
f1d1d673dcc43c48c0fe,3900320,TREND
fd5e500ffee09e93a3a7,3900320,TREND
c868d50a36d583d12bd8,3900321,UNCERTAIN
3471d0e4e6002defcf7c,3900321,UNCERTAIN
f67cf6e695320ce480e0,3900321,UNCERTAIN
703a78dba5872d5c8b66,3901124,REVERSION
1f76dca943649447a155,3901124,UNCERTAIN
61fe38f22d30866ea52f,3901124,UNCERTAIN
7f0ba4cda0545dc16af3,3901129,UNCERTAIN
64f749d78dc64cbba858,3901129,UNCERTAIN
6c962bcf3d6ee4258594,3901129,UNCERTAIN
31041c4bb7ebb722a113,3901131,UNCERTAIN
bf7e7bcc7d32cdffbcb0,3901131,REVERSION
ffad1e7f7ea169df7d60,3901131,REVERSION
042197ff1e09292bde75,3901135,REVERSION
c41e7b7e495dbcee0a50,3901135,REVERSION
907f442e84352894198d,3901135,UNCERTAIN
8f28f494a1ceec26a1eb,3901136,REVERSION
4218388db5759634a467,3901136,REVERSION
4ed4dd37813d166a82d6,3901136,REVERSION
bc1dd81c7aeb68ca8e69,3901271,UNCERTAIN
4d7ad566464992dfa9af,3901271,REVERSION
12ec05b8ff41a54aebe3,3901271,REVERSION
a46b2af6432c167dacbe,3901274,UNCERTAIN
c952d9970918c58215d1,3901274,UNCERTAIN
e5931ee624ed363cdb4b,3901274,UNCERTAIN
6698949578509a667f8f,3901283,UNCERTAIN
a8b059756fa6f261c34d,3901283,REVERSION
aed8192a0c0aa91e48e1,3901283,UNCERTAIN
ff0fb667e10d96d66a09,3901289,UNCERTAIN
43d4f42b8c6006b99cb2,3901289,UNCERTAIN
ef6715c4649e118ec579,3901289,UNCERTAIN
53bc14e7bb7877382233,3901291,UNCERTAIN
cc8111ef89692e84cda3,3901291,REVERSION
5de3b9bfec5c7c4b4c01,3901291,UNCERTAIN
319a65a47eab41a75c4a,3901439,UNCERTAIN
ac74fad58e14e98379d8,3901439,UNCERTAIN
3d4bdb4583895ee9fb19,3901439,UNCERTAIN
45d1e7fcbbb733a5e937,3901445,REVERSION
470673ce0df887b774bb,3901445,REVERSION
aabe1493c90c1875586e,3901445,UNCERTAIN
5a41cbf991edcd271aa4,3901446,UNCERTAIN
307d3843617244aa9002,3901446,REVERSION
4590f6d071ceaf22b8f4,3901446,UNCERTAIN
eeed2927e2f0e35bb036,3901449,UNCERTAIN
3a1aed2ba4aa62bb672e,3901449,UNCERTAIN
c732b1a883f677d06528,3901449,UNCERTAIN
40e9b9402d42646e4b39,3901453,UNCERTAIN
cd8ac36d8ea344baf409,3901453,REVERSION
9642ba5fa2e46c6c8c30,3901453,REVERSION
443c3727a72a840fdaf8,3901481,UNCERTAIN
4727b26379a2653bf683,3901481,UNCERTAIN
98c54dc4e5bff45e0eef,3901481,UNCERTAIN
744636b38e3a8541329f,3901484,TREND
1df1c40d81166a885cb6,3901484,TREND
8498f9bd952b0fdba9a2,3901484,TREND
1ecf0b0bc21f47261f0e,3901485,UNCERTAIN
24c6fc23da91b3393372,3901485,UNCERTAIN
ccf5fe64369b26586525,3901485,UNCERTAIN
fcff67cc3e2deafefe86,3901489,TREND
3b3a3c594048ce55e061,3901489,TREND
f94b282096847c33d7f5,3901489,TREND
5ed5c3866734372d3ea6,3901490,REVERSION
f16edefe97f49b54a1cd,3901490,UNCERTAIN
3c65d341ccb9595d0584,3901490,UNCERTAIN
131e8be3c41fbebe7fee,3901900,REVERSION
44a6a4e47e554ff2b5fa,3901900,UNCERTAIN
8c197a489e7e981d1f81,3901900,REVERSION
76e6dd1b6718f3d9ec8f,3901901,UNCERTAIN
d20ec32f29093f5f456a,3901901,UNCERTAIN
511f2a8c3e0b8e511f42,3901901,UNCERTAIN
b0be838e52aeb5a2f882,3901904,UNCERTAIN
be5bddb6b128e583e1a1,3901904,UNCERTAIN
f6a3094ac14d475d2c90,3901904,UNCERTAIN
8cdc475dbc5df0554343,3901912,REVERSION
bbc17d1fbf4d101e14ab,3901912,UNCERTAIN
f6da4bda30011bfdf36b,3901912,UNCERTAIN
024fd040a62548029d91,3901914,UNCERTAIN
27cf93aa00586b0040bd,3901914,REVERSION
eb7f8c6c4369230abfa7,3901914,REVERSION
252dfa0c055b4ac8ec1b,3901988,TREND
1b1aa58f9c0646d0664e,3901988,REVERSION
6398e8a6034495dddcea,3901988,REVERSION
97972eef8bffd3704e76,3901995,UNCERTAIN
23638ef9b5da92a16deb,3901995,UNCERTAIN
1bd28dfdcdf54320c894,3901995,UNCERTAIN
0bc1389cdbeacc1c377b,3901998,UNCERTAIN
50f2e6c35d6b0dd7d0b2,3901998,REVERSION
fc60a2f09598c334b2e0,3901998,REVERSION
f1f288d7739addeeebc6,3902001,REVERSION
ba41e80f90f0e869e329,3902001,REVERSION
649788a125aa1cfcc615,3902001,REVERSION
7205f14e25a3fc8f6d94,3902002,UNCERTAIN
7cf07c1cd683dd80a392,3902002,REVERSION
2faac90ff145c54eeb00,3902002,REVERSION
c27bf76b6c56148a22a1,3902058,REVERSION
18e338f9a063825f70e9,3902058,UNCERTAIN
763f1d69dba72c471dcc,3902058,UNCERTAIN
0be5d92667083b7e7105,3902060,UNCERTAIN
2cbde5a3779d885fcacb,3902060,UNCERTAIN
61c6d86ccc686c3045d6,3902060,UNCERTAIN
393c8c10166f30931b42,3902064,UNCERTAIN
6314f8d414c527d487f2,3902064,UNCERTAIN
4562645212c143093ded,3902064,REVERSION
3269c3f1e3e1e9203eb5,3902069,UNCERTAIN
1bfd8b54e3d23634f99d,3902069,UNCERTAIN
4b1e66d0e0f740838450,3902069,UNCERTAIN
40fa33bb1a24044bdd2a,3902071,UNCERTAIN
a7366e69cb36c610fbba,3902071,UNCERTAIN
bdd9fcd6af9aa465a3f5,3902071,REVERSION
4c899712ce9537026659,3902096,TREND
6cafd9e32c2c5cb619be,3902096,TREND
db8b47ac381f6716aa2f,3902096,TREND
242b98846b651718b6bb,3902098,UNCERTAIN
93e440967a40fa5f8048,3902098,UNCERTAIN
e594b1d8fc6493e9f37d,3902098,UNCERTAIN
cea1dfdd1b2bd32c5ba8,3902106,UNCERTAIN
492528b33f9ef3ef0622,3902106,UNCERTAIN
cdba0b70de7bad002344,3902106,UNCERTAIN
10e5f724fd492373b33c,3902107,TREND
bdd2f3cf4a6274ec7152,3902107,TREND
779071dcad76b22c50ba,3902107,UNCERTAIN
717ed233c8049e494ac5,3902108,TREND
63f88003c4c7c6edb1f1,3902108,UNCERTAIN
bb8cd7ccc84ec3d57f74,3902108,REVERSION
857360442509953f35e2,3902293,UNCERTAIN
0b2a4a14d4bd01d9df89,3902293,UNCERTAIN
96ff4697912e1cbb9dc0,3902293,UNCERTAIN
dced7149e8cffd281698,3902298,UNCERTAIN
3ae5900abaf1812e7d53,3902298,UNCERTAIN
3d7ade223c256e8d47ab,3902298,UNCERTAIN
8fbf0ad2a31a52885372,3902301,REVERSION
20a518dd5bb2a062a760,3902301,UNCERTAIN
62fbfdbecc7577c4b375,3902301,UNCERTAIN
6a91bd1e386a2a0b63a1,3902303,UNCERTAIN
95d9a0487633b8fe56df,3902303,UNCERTAIN
bbed54f56649fc8c031f,3902303,UNCERTAIN
5a8ff576d7fe391531e8,3902305,REVERSION
d9f02a7ac4f523db04ee,3902305,UNCERTAIN
a7574796a23d51017da0,3902305,UNCERTAIN
f551a95ca298c1fcdb42,3902388,UNCERTAIN
b17488aedcdb0cc279b0,3902388,REVERSION
ee8916b77783e3ba58ab,3902388,UNCERTAIN
49b7a19c58b610ebbb65,3902389,UNCERTAIN
ecec0379ac89cc52d732,3902389,UNCERTAIN
61a00ccf46642fddb647,3902389,UNCERTAIN
52b364b68936ff53fecc,3902392,UNCERTAIN
e6ff69e2b1ebc621429d,3902392,UNCERTAIN
30ebd24273e7fcb273f4,3902392,UNCERTAIN
140c479e2088f9eb0f28,3902396,UNCERTAIN
44696950386fe241ddc7,3902396,UNCERTAIN
88d3c26d72bd072276f9,3902396,UNCERTAIN
fd2b3a6bc152cdab3510,3902397,UNCERTAIN
56f66fb683c40c942535,3902397,UNCERTAIN
cf93f5c6ebb684d6c9fe,3902397,REVERSION
e3b53cc9c86d9f00c77f,3902499,TREND
a1c61a6b990404bd0876,3902499,TREND
57412b07325194661897,3902499,TREND
fda0ee41738063612f8b,3902501,UNCERTAIN
d342bd2b6b7aed3193af,3902501,TREND
589e482aca67b70d000f,3902501,TREND
fc065f5f6ec1a2bc3822,3902502,TREND
e853cfaefec5ac538ace,3902502,TREND
d745706e75dba39d3763,3902502,TREND
a5e7cf194c765de5d4db,3902504,TREND
4faae23a8ba1912302f7,3902504,TREND
ce8b55430c692a61c079,3902504,TREND
62cf44f7b46106f1227b,3902508,TREND
c2adfa3a3b85a752db53,3902508,TREND
cef1fabd435074187e80,3902508,TREND
a5b886362e49b798f6f4,3902630,REVERSION
1c52d62e43cde0d234c6,3902630,TREND
a5aac161340bbd783ca4,3902633,REVERSION
3509d931d08829a005ba,3902633,REVERSION
184b26e97eca1e1fb3e6,3902633,UNCERTAIN
7f371239b61bb5846674,3902634,TREND
a776f727d6595e2caa9b,3902634,TREND
335f350d7023f82b7711,3902634,TREND
b958d298756ce4e79ca3,3902638,REVERSION
0dcc5cd844abc04176be,3902638,UNCERTAIN
66f7209b922e24697bff,3902638,UNCERTAIN
e1def4ad5324e7f593dc,3902642,REVERSION
215fec6805233758a9dc,3902642,UNCERTAIN
3c188fbc8c674454e5c1,3902642,UNCERTAIN
671d5938ddcddbae3f32,3902994,TREND
e8ba5289ad606598af20,3902994,UNCERTAIN
106550c1678036ee2f87,3902994,UNCERTAIN
da8a06f399227caeb177,3903000,TREND
3294006f8bd2c5b6b23f,3903000,TREND
cd11a6bd69435d7d1f3a,3903000,TREND
4bc07eabb2691f6d1743,3903004,UNCERTAIN
6a755ef20f7e8962c993,3903004,UNCERTAIN
e1bceb9aad6daf1a1f6c,3903004,UNCERTAIN
ffcfdbc647474a2c7f37,3903005,UNCERTAIN
755c09725e5916830161,3903005,REVERSION
db18bec26aa224428d42,3903005,UNCERTAIN
6b75f7471e7c6c0a5462,3903008,TREND
6a12d4aa31a0e900d801,3903008,TREND
c6e91a204e1d3f146ce7,3903008,TREND
e349ce95ebbd2da4de0f,3903121,UNCERTAIN
c635007df99f74594924,3903121,UNCERTAIN
00671eb139d5669080a2,3903121,UNCERTAIN
13874b64ca762713455e,3903124,REVERSION
51c21a0cffea1efda256,3903124,REVERSION
eceedba4df11718386ee,3903124,REVERSION
bc238d6d4406fbf499e6,3903125,UNCERTAIN
4e05f4825e70b31310b9,3903125,UNCERTAIN
fd4b2a1da694476d0832,3903125,UNCERTAIN
d0670851e25b7a6d7c83,3903127,UNCERTAIN
566a86d6f582bd47487b,3903127,UNCERTAIN
afd133f89fa1f5667ed9,3903127,UNCERTAIN
d392b47faeba3b5e1d56,3903129,UNCERTAIN
56028358989b2f581c42,3903129,UNCERTAIN
88183f34bbe8bb9fc4a8,3903129,UNCERTAIN
f3f938fff0e8d007c28c,3903351,REVERSION
082b7974c85fded4073f,3903351,UNCERTAIN
85ef3e9afbe65c68f7c9,3903351,UNCERTAIN
16ad92e44e533836a7c4,3903352,REVERSION
2532b08a4fbb0aec5428,3903352,REVERSION
6f82d79c36cf431d23e5,3903352,REVERSION
35b18bce4d5a0a22c371,3903356,UNCERTAIN
98c1f2b53b3a0b0cca7a,3903356,UNCERTAIN
5fd5204c2b815c405003,3903356,UNCERTAIN
c2a168900656b7846e74,3903362,UNCERTAIN
3f669fe62ccf9e5f3129,3903362,UNCERTAIN
b7ec1860fa267ba8ff1d,3903362,UNCERTAIN
2373b941644c58f89fba,3903368,REVERSION
725811501ffc4afcdae8,3903368,REVERSION
c3fd8d1ccd04f43eb1af,3903368,REVERSION
95d201aa1cfc3fca3dd4,3903566,TREND
4cb5c100efcd7e9ed56e,3903566,TREND
5293ce0dd435a2424594,3903566,TREND
ac342d6597ca4f928b7c,3903569,TREND
a147b65a348cda5d132f,3903569,TREND
dcb65c722dea4d08ed82,3903569,UNCERTAIN
a363bc160660fc0c0133,3903573,TREND
2f335ad30d29a36b948a,3903573,TREND
e956a15513a07adf6320,3903573,UNCERTAIN
da4db92c604ecde9f0b5,3903574,TREND
a9aabe2c4b300fe0eb6e,3903574,UNCERTAIN
37daa93c214fc58bd247,3903574,UNCERTAIN
f5d423a428b5e501ae64,3903576,TREND
790bc01210596ce0c9b2,3903576,UNCERTAIN
7fca6e4e31212535edc1,3903576,UNCERTAIN
e7894a3d9f2d49c3542e,3903648,TREND
8d372d6e98f912463b93,3903648,UNCERTAIN
cf96c02569afdf90edf2,3903648,UNCERTAIN
26ed41fc257a730ea056,3903649,UNCERTAIN
591f5dc537a3605c082c,3903649,UNCERTAIN
e8781391be80f8042f72,3903649,UNCERTAIN
e9675d481e0750196b09,3903650,TREND
59575e60242f24c8bc16,3903650,UNCERTAIN
c795088b629403fdec92,3903650,TREND
6f929235f37ac2888232,3903654,TREND
00c8cc9f62652bdc9654,3903654,UNCERTAIN
8e4634937364f0a9e7bd,3903654,UNCERTAIN
c39b950d8cccaac9798b,3903656,TREND
c9277364bda022dd07ae,3903656,REVERSION
f168382aa7b27f48065a,3903656,REVERSION
6105018d1e7559ff4856,3903831,TREND
c847d97045b2be510172,3903831,UNCERTAIN
6672eab477bb329e899f,3903831,UNCERTAIN
d614b00af239aa778727,3903834,REVERSION
77cc7e91210cf25e9107,3903834,UNCERTAIN
aca8a0ebffbec4d7f947,3903834,UNCERTAIN
a5c2e6629a56c4b10546,3903846,UNCERTAIN
6599a5a175f743c15836,3903846,UNCERTAIN
d67f5c1c252c8f1da5d3,3903846,UNCERTAIN
727eed251c9ef13dd6a6,3903850,UNCERTAIN
cc048a5c2e0c03ad9a55,3903850,UNCERTAIN
e09db913eb4ed0d67325,3903850,UNCERTAIN
c273383583cef120b7c3,3903851,REVERSION
9fab46dda1a9817daf0b,3903851,UNCERTAIN
c3849698725100cb8e29,3903851,UNCERTAIN
bd6496fc60ba330c2841,3903881,TREND
3545a7b0f1ecf081d6e1,3903881,UNCERTAIN
fbd2872870c646b0c4e5,3903881,REVERSION
86dec207b6f1cab2b381,3903883,TREND
b1fd806b356f15a4049e,3903883,UNCERTAIN
858ad3b173f155047ffa,3903883,UNCERTAIN
9d5ccf2b5f7c3b823277,3903888,TREND
ec4b62b090cf59662f89,3903888,TREND
c1a52c4fb29939e1e6e0,3903888,UNCERTAIN
8a10eebc905d08e0b01b,3903892,TREND
0d941037888af15b7e58,3903892,UNCERTAIN
76cb5bf3e9a6e039b106,3903892,REVERSION
a8bf90406756a0b3ba3e,3903894,TREND
b9ca071162ec394a33e0,3903894,TREND
94ff2bebbcd66838648b,3903894,TREND
aa9e7108320342c0c9c8,3903993,TREND
b993b39ee2efb5232dfa,3903993,REVERSION
955df7ee9f37f8ee453b,3903993,REVERSION
da8137305c983730a342,3903997,UNCERTAIN
7aa8ff825f1c5ada302b,3903997,REVERSION
771ebebd551d1c504ecd,3903997,REVERSION
703702dcee031c3bdabf,3903998,UNCERTAIN
df0c603efaaa8da8148b,3903998,UNCERTAIN
473c5a71fe96976ded2f,3903998,UNCERTAIN
146e56500b0fb5b5b704,3904002,UNCERTAIN
5150d63641d4a6727c44,3904002,REVERSION
0bc080e3d0450ae489ae,3904002,UNCERTAIN
9f40a4ffca3526b3cd64,3904006,UNCERTAIN
13ab8ee5b61931081fd7,3904006,REVERSION
10973d492a2a7efa8642,3904006,REVERSION
1c0d84da02141588aabf,3904102,TREND
7bdb013ce79ad13c6a3d,3904102,UNCERTAIN
0a85f1888187c7dcd91a,3904102,UNCERTAIN
5feb3042e95b3b647f00,3904110,UNCERTAIN
55e37443e9df5f18de92,3904110,REVERSION
133a658a3d42d4a90a3f,3904110,REVERSION
4d7be7358bdaa38650e3,3904112,TREND
d209efde1cc027707f40,3904112,REVERSION
f3e75daaf6f38d74cf5b,3904112,UNCERTAIN
aac4929424b5664f9cb4,3904113,TREND
6e533e98dff3cedaa6b2,3904113,TREND
ad2358ac7f0f56e34e5d,3904113,TREND
aa429ca500615fbe10cf,3904115,TREND
52a44b68bcddaa6004c3,3904115,TREND
d274c28fa6860051a933,3904115,UNCERTAIN
979a3528ce1dae159562,3904164,TREND
5327bc65a897970e8171,3904164,UNCERTAIN
d1d22d23aa61c0ff2126,3904164,UNCERTAIN
9306726b9142f49bba89,3904166,TREND
b001ffd7795df8d38b58,3904166,UNCERTAIN
a484e053aab365ac472b,3904166,UNCERTAIN
d7e262ecb8dfe6d08681,3904175,TREND
b7810459976a5ce36eb1,3904175,UNCERTAIN
c68de5ce1a93cab3669e,3904175,UNCERTAIN
ea6f0f6116d0368a2eab,3904176,TREND
b5a5ca02bb34e758fad5,3904176,UNCERTAIN
333c49f8782028aefa3f,3904176,UNCERTAIN
bf94d14659b58b0c230c,3904177,TREND
0a2d8a10816b46b8adff,3904177,UNCERTAIN
abb85ba5a8bf135c37e9,3904177,UNCERTAIN
96fc2299879f94f81812,3904237,TREND
027a5dc0e73adba3a4fe,3904237,UNCERTAIN
eb48fd75a5c2773b73b5,3904237,UNCERTAIN
7d3e0a44644ff6e97598,3904239,TREND
7760fd6ace012c87765a,3904239,UNCERTAIN
91480abadcc990ed93ed,3904239,REVERSION
a6130abddd88548d56d4,3904241,UNCERTAIN
46950cf8476a0b538e5e,3904241,UNCERTAIN
0e12422b3a21dfb3231f,3904241,UNCERTAIN
decc19103343c088790a,3904244,UNCERTAIN
adf901151c1d9923adc0,3904244,UNCERTAIN
26b127d3306fe6e8da8e,3904244,UNCERTAIN
8896e3ef26244852b700,3904248,UNCERTAIN
2b6f6d6c863faec821ee,3904248,REVERSION
83f1861627f4dc70eff7,3904248,REVERSION
b55030861ea09e6ba070,3904372,UNCERTAIN
717c55c4521ca5874c88,3904372,UNCERTAIN
2467c24f546f9a6332ed,3904372,TREND
da5c471a21a2432b0ebe,3904375,TREND
d665d30129199d3799e9,3904375,UNCERTAIN
ecfb7f8758051f657dad,3904375,TREND
8c717911a2af1bf7a6ac,3904376,REVERSION
8beb058240dacf754b0f,3904376,REVERSION
18e4cf80958033cfac19,3904376,REVERSION
083a211f39dd4259c540,3904380,UNCERTAIN
645da2a79ca5e49dc145,3904380,REVERSION
e5d630f4b8be4eb41f92,3904380,REVERSION
e1d664536f6823b40007,3904382,UNCERTAIN
54dd5e66de7bf6e07223,3904382,UNCERTAIN
09b7eace676fcde90854,3904382,UNCERTAIN
403c5d97e38652ad89f7,3904605,REVERSION
753d3c662e877102e0d9,3904605,TREND
f314dbc91bcfc809d6dd,3904605,TREND
535712bffc42eab655bc,3904608,REVERSION
48eaa732cc3a36eef197,3904608,REVERSION
32630587ced3acb11125,3904608,REVERSION
30e51532899c0845485d,3904609,REVERSION
0a63e023e5f412696e9c,3904609,REVERSION
95280d33a59aac8f67e8,3904609,REVERSION
098f2ec0e43587498ffc,3904610,REVERSION
8d33e59730a2e6891015,3904610,REVERSION
8f8962b5e14fe37f704b,3904610,REVERSION
48f4da54a0086235936f,3904614,REVERSION
4f0e25f4ec24258db346,3904614,UNCERTAIN
937d9daa2495cc9d83e1,3904614,REVERSION
7aa1e91035df7c520ddb,3905233,UNCERTAIN
03f20c8d14d3ca27f005,3905233,TREND
42f1946b698e88406c1a,3905233,TREND
54f054ba91e1947f3942,3905234,UNCERTAIN
44635c04a16d73e72d4d,3905234,UNCERTAIN
f4a7fe585bd12074b7df,3905234,UNCERTAIN
40c455a3ad3ec1b95fa2,3905237,TREND
591933efc3bdd810ae4c,3905237,UNCERTAIN
9dc3e830dbc9679b52b9,3905237,UNCERTAIN
b0f2765ddad0ef07b38a,3905239,UNCERTAIN
02ef9363a19d5461586a,3905239,UNCERTAIN
5c83a4261b9ef2968c51,3905239,UNCERTAIN
8a391ffc96a1713485d7,3905243,UNCERTAIN
dccd323c34531cb5de17,3905243,UNCERTAIN
650c9455b91b5459453b,3905243,UNCERTAIN
5450626fd78be58a0f5a,3905462,UNCERTAIN
ab1829a78b6446cb64f6,3905462,UNCERTAIN
bcb4040d7d9753876285,3905462,UNCERTAIN
ba7a8d0d36c7cf547218,3905464,UNCERTAIN
dfad5b9657f83dae60c2,3905464,UNCERTAIN
a6427b742eed81ece934,3905464,UNCERTAIN
e38dc3df4e97159599b0,3905469,UNCERTAIN
0303d2763dae51ba76ad,3905469,UNCERTAIN
9b04144875ed8a380337,3905469,UNCERTAIN
6e22c7ca44a0fc31aa0b,3905472,UNCERTAIN
1760f5c49c305aaddefc,3905472,UNCERTAIN
12f0b98b06590db88763,3905472,UNCERTAIN
a28746d58e8021d33599,3905475,UNCERTAIN
5a4a2e1e7bde9a42f33b,3905475,REVERSION
a5249eabad6dccd22f9e,3905475,UNCERTAIN
da19d8688fd2470b3a3d,3905625,REVERSION
a027e3fdde54171071aa,3905625,UNCERTAIN
bad5ebd98106ad19621d,3905625,UNCERTAIN
0f6dd347ed4c5a9d4179,3905626,UNCERTAIN
e2750376ad2a00892843,3905626,TREND
88939aa530b0fe0adbeb,3905626,TREND
f410d283c55a8049005a,3905630,REVERSION
311627ddc6ad6da8921a,3905630,UNCERTAIN
0249960dd2c79c243500,3905630,UNCERTAIN
5e5c1e309813757ec9e0,3905634,REVERSION
4938a406b65dddf79942,3905634,UNCERTAIN
0524a8f98c6911c1957a,3905634,UNCERTAIN
42b92d954200e3c4da0f,3905636,UNCERTAIN
7cd5e82002abd6881328,3905636,UNCERTAIN
529524b10e322eb1f2f8,3905636,UNCERTAIN
1b1f8d6f029a44e477f0,3907383,TREND
7b5f087867598d2a7e94,3907383,UNCERTAIN
332d94d21baf52bc4e92,3907383,REVERSION
705c008df0e685d4fc65,3907385,UNCERTAIN
e269c19b1bc8534d86e3,3907385,UNCERTAIN
6f3ca21e15cf340ac701,3907385,UNCERTAIN
01dc9581a3ec1b078096,3907386,UNCERTAIN
3e63976ad487794215c8,3907386,REVERSION
bae595da663c34d96bce,3907386,UNCERTAIN
e65817246db94dc0c680,3907387,TREND
9b800d66696b1075e25c,3907387,UNCERTAIN
e829ad5314eca24486bb,3907387,UNCERTAIN
a474209b09e6c18f542f,3907396,UNCERTAIN
0dc0eea406b409c6d38d,3907396,REVERSION
33a802a1eb4495417f58,3907396,REVERSION
f5efc32415b58d870b9e,3909494,REVERSION
dc298f3feed2138b6922,3909494,UNCERTAIN
95299e4b8df1d8afc025,3909494,REVERSION
24f233bdd2f14fab44db,3909496,TREND
93ccf732d6d0b259e1e4,3909496,TREND
0681bd3802dcb4a6dba4,3909496,UNCERTAIN
b7aacf903a0fae32a019,3909517,REVERSION
2db58180be34ea7a6e90,3909517,UNCERTAIN
200340688723ca095f23,3909517,UNCERTAIN
f02a09add0b192cb468f,3909522,UNCERTAIN
325d7e1606b93cec7fb9,3909522,TREND
3e6b5a5eaf154e69de44,3909522,UNCERTAIN
5c94f6235cc86e3d10a5,3909523,UNCERTAIN
4f6a98112078b8af6372,3909523,UNCERTAIN
d0fe7bd6c838dd8e0f34,3909523,UNCERTAIN
c7806d94186466014226,3910453,REVERSION
43f745e4680bb93c2bb2,3910453,REVERSION
c691086cf63bf654f2f1,3910453,REVERSION
2c534d234b80f552a8ac,3910455,REVERSION
0c7aca40958fa3fed7d8,3910455,REVERSION
6f56f6608566c894181e,3910455,REVERSION
fbafb73082480f5da856,3910461,UNCERTAIN
dd266f960ad3dc34610d,3910461,REVERSION
933336f3bbc2c64acee8,3910461,REVERSION
2c4e64d26a059f1700be,3910466,UNCERTAIN
62e4965b6bce633a1a04,3910466,REVERSION
58737c0ea24b5c6bcb18,3910466,REVERSION
5255fcb0d7d568679e95,3910467,UNCERTAIN
3245458d21a71dc368de,3910467,REVERSION
99301837d593dd7e1572,3910467,REVERSION
2cc52e9225f5b3fdcbd2,3910702,UNCERTAIN
ce0314cc5ca418abdfd3,3910702,REVERSION
cd6bb55de17dfe862ca8,3910702,REVERSION
715f990b476ff547d195,3910705,REVERSION
6582fbb6294d51004e74,3910705,UNCERTAIN
864bdae4924ed16fb508,3910705,UNCERTAIN
650e9b6185e218f60bfd,3910709,UNCERTAIN
53d018bf954e4e158293,3910709,UNCERTAIN
a8f3d0ce0ce15bef7ace,3910709,REVERSION
64a3266d9429906f7b42,3910711,UNCERTAIN
cbba5850601118950fe2,3910711,REVERSION
2e7c140faaef79edb578,3910711,REVERSION
f11640016a5b0b3bcb3a,3910712,REVERSION
5c587f74d4ca3c23869a,3910712,UNCERTAIN
b3fbeb924d65332a351e,3910712,UNCERTAIN
26323bb15bfdb53bd7fd,3911025,UNCERTAIN
647f5b4d48aea51f4bdd,3911025,UNCERTAIN
1f97b37cc4c9703b9fb3,3911025,UNCERTAIN
a7114b439a46c8cefe4b,3911026,TREND
ee6c6354469e69ddcade,3911026,UNCERTAIN
d0f0969ef0687225e089,3911026,UNCERTAIN
8701eca1e5978603d594,3911030,REVERSION
abf2d381ba54a7bbb768,3911030,REVERSION
efa4a3930fc31a3bd54a,3911030,REVERSION
76cb688cb53d1e36340f,3911031,UNCERTAIN
248a421813ccea78dfc6,3911031,TREND
0beae9f3adffebc60429,3911031,UNCERTAIN
45141ab7ee97263b1e0c,3911037,TREND
2d75aa7b4be59b12ae9c,3911037,UNCERTAIN
63033c78a504f36b704e,3911037,REVERSION
203015459c0bb4ffff97,3911350,TREND
96fcdc2eaa9dc7e2011e,3911350,REVERSION
17cbc42418ea42740fb5,3911350,UNCERTAIN
46d0eb73332a93005de3,3911352,UNCERTAIN
5577602a410e9965721f,3911352,UNCERTAIN
b8f54902a43cb52461a8,3911352,UNCERTAIN
9a88530c8f06f95038dc,3911370,UNCERTAIN
5c07b6cfd04076e8e45d,3911370,REVERSION
071b4a8ba38632c87e7b,3911370,UNCERTAIN
93ecc1f1a34d9510657e,3911374,TREND
f512987e8ff3fa99ebf6,3911374,UNCERTAIN
cf85aee09d82755e67ed,3911374,UNCERTAIN
922eb008ac759502dfd7,3911387,UNCERTAIN
3746d61928a8dc7eef8c,3911387,UNCERTAIN
959fe21f3f956e014c1e,3911387,UNCERTAIN
248bb3dbfe2aac5727af,3912015,TREND
acb55b3e9a13904fe9d6,3912015,TREND
40586a6f6d2dfeeaf60e,3912015,TREND
ec1c6bcd0a8ba4d2d0bf,3912016,TREND
25d5cfa06670e7121f3a,3912016,TREND
f166595cd5e7588de475,3912016,TREND
b34c3fb8ed96d94ac35c,3912017,UNCERTAIN
7197762075bacd8f85f6,3912017,UNCERTAIN
9916262fac2ea190ff7f,3912017,REVERSION
f74fb486710f769af86b,3912023,UNCERTAIN
53c7392c3db7bf0f321b,3912023,TREND
dffae7d8dad9f51a17e4,3912023,UNCERTAIN
e98da1cf1a543738f5df,3912024,TREND
bcee428e86ae74db7659,3912024,TREND
41c6e1b35948ad65030c,3912024,TREND
69adf78c409901c12870,3912149,REVERSION
3791e7e558a99d2ded84,3912149,REVERSION
8b61f00e44737a7de938,3912149,REVERSION
88b253a28b609798aef8,3912150,UNCERTAIN
e7376db9470798be3023,3912150,REVERSION
ef34cc3548117c39c69b,3912150,REVERSION
185ce5176e1916f72b22,3912152,UNCERTAIN
f83b4e7316b6b0a14825,3912152,REVERSION
16b54aeaa80ba684090a,3912152,REVERSION
89a30e9d534cb26b571a,3912157,REVERSION
cf9db53ccd7187161e19,3912157,REVERSION
891ebc22278cbce66fc7,3912157,REVERSION
6be353eec4da485011b9,3912160,REVERSION
5835bba9ea291618f7b0,3912160,REVERSION
2a5bd281e1bee1d86187,3912160,REVERSION
f47ed7f94ff69c8c3342,3912427,UNCERTAIN
e02542c9f9a5c2824917,3912427,REVERSION
19ef9828f453e1950056,3912427,UNCERTAIN
3cf742d19dc05df22d21,3912437,TREND
6037f7e5a78d8c00425e,3912437,UNCERTAIN
2b154578ee4debb18f23,3912437,UNCERTAIN
75e7bbead915a845ac02,3912438,REVERSION
2f19c3dd490baa3ce09c,3912438,UNCERTAIN
f5d43455202d6f16390e,3912438,UNCERTAIN
008cc62c1c2ea557a794,3912440,UNCERTAIN
30dfdd706c36e4f3be51,3912440,REVERSION
b395cf09851a66b6a77c,3912440,UNCERTAIN
77af03788e57d352ad76,3912441,UNCERTAIN
ac0fee383dcc0fda178e,3912441,UNCERTAIN
8e7cbed6b18f09651e56,3912441,UNCERTAIN
5e1d56dbcfb6d52521fb,3912660,REVERSION
43b06ff101d23dcd9099,3912660,UNCERTAIN
88d15dfd0daa7b40617d,3912660,REVERSION
acaed23695cd2d0ecd94,3912663,UNCERTAIN
136e08396e6569bc18c5,3912663,UNCERTAIN
2f5fbadd8789b87a255f,3912663,REVERSION
ac746aa09050e0d1f80f,3912671,UNCERTAIN
52e272aac8924bb46238,3912671,UNCERTAIN
a04c97194c39ec7129cc,3912671,UNCERTAIN
30454e8290545ec8d2b3,3912672,REVERSION
fe7a6692bec97df688b3,3912672,REVERSION
2ba34e0503b229e143e5,3912672,REVERSION
aec9e918fbd8f44d2ff5,3912674,UNCERTAIN
002dde9a0867139af248,3912674,UNCERTAIN
c8fad5de0d816f922282,3912674,UNCERTAIN
eef67af02eea6aeb5bba,3912743,REVERSION
84c82bae69945d5ce136,3912743,REVERSION
81adee470c7a68e9477f,3912743,UNCERTAIN
80c875e42ab01bf34d0a,3912747,UNCERTAIN
dbc2e9116123316eb0ba,3912747,UNCERTAIN
5e9e4f8c54978dbe3b55,3912747,REVERSION
9ca519bac844af77332c,3912749,TREND
97a0011af97bc4655efc,3912749,UNCERTAIN
56eec4370572f64f7e37,3912749,UNCERTAIN
ed59057a796136a29a9e,3912752,UNCERTAIN
46da5a9f63e62ea43c4a,3912752,REVERSION
fee77691839a9a401442,3912752,REVERSION
c9df27d291d491900a75,3912755,TREND
0602bd216deb22bfd386,3912755,UNCERTAIN
e8a68ef93d3d02ef3811,3912755,UNCERTAIN
e57ff22717e45162b7f1,3913125,TREND
7c8b30c6b49de90f4dd5,3913125,UNCERTAIN
c30651b26a47531833a0,3913125,UNCERTAIN
ca7ad263074dc2b27fb0,3913127,TREND
93653fe2043dae094f16,3913127,UNCERTAIN
75b9c712634c2cc4259c,3913127,REVERSION
91189e84beec7c0f95d0,3913129,TREND
6aa508c4c2fe7eb15c30,3913129,UNCERTAIN
5477e3818b149f92cefb,3913129,UNCERTAIN
e329aec976073f752ecc,3913130,UNCERTAIN
fec16801dbe2fa9cd467,3913130,UNCERTAIN
bedcb01013b2a78b8e4d,3913130,UNCERTAIN
7bd1edb81b21170cbf39,3913135,TREND
9f65134e32a30cacf0e8,3913135,UNCERTAIN
0ddde5b2e700d27ff78b,3913135,UNCERTAIN
43f4f4f89b49a59f73dd,3914562,TREND
a2d82337ee717c5b3607,3914562,TREND
2a39b50f91cbe89ab378,3914566,TREND
f34a71c9cc1090a2ebf7,3914566,TREND
c894e67249e30614b1b7,3914566,TREND
fd162ed3f3a52dc10e3a,3914568,TREND
def70ad4887dd9e60966,3914568,UNCERTAIN
dc13c28e7ba8b68112c7,3914568,TREND
2fe14a3956370b3f395e,3914573,TREND
6b14cc84bb28af01a0f3,3914573,UNCERTAIN
5e6490275487eccdf676,3914573,TREND
0c48e3ac53564ca693d7,3914575,TREND
6fc590ef5f1de7bc9774,3914575,UNCERTAIN
6318bc3e46da79a207c7,3914575,UNCERTAIN
c209191a3832b830c6f7,3915156,TREND
fa351892bfc7d91d50c5,3915156,TREND
8075295e8d9eb8e344f9,3915156,TREND
c45010809a7acf880e13,3915161,TREND
b1c3697e178a1ad136f4,3915161,UNCERTAIN
cba9cd9c9d4f6bbdae45,3915161,UNCERTAIN
43f381dfa364ac1b65e4,3915167,TREND
07288c2a116d38c5d616,3915167,TREND
5307c2e3eae5c1cf7a0c,3915167,UNCERTAIN
62f02d5b5e8d1e3ca0d5,3915168,TREND
74c3f41e1a90368e099b,3915168,TREND
eaf9dd3142bbfb7895b9,3915168,TREND
c0c10f92aeeb98fd29e5,3915170,TREND
2316fe2f363eb0a0f6d4,3915170,TREND
4d44a75d14782ddd3b32,3915170,TREND
2cfe3cf78b0a0050d71d,3915327,TREND
82d385cf3edd4f9b91f6,3915327,TREND
44f4cb7b37c9f60086a0,3915327,TREND
39f59533bec9a56f7034,3915330,TREND
a3cde923e0edb2d7054f,3915330,REVERSION
b7bbdffb0f92a0bcab2e,3915330,UNCERTAIN
960baf1c2556d86902f0,3915331,TREND
741c253de29857afb9a6,3915331,REVERSION
039eb99a4989486b1800,3915331,UNCERTAIN
e6e1bf771a36db462b50,3915336,TREND
f80ee3a3bdf383dc8404,3915336,UNCERTAIN
13de378b84bf63b320ba,3915336,UNCERTAIN
b22ab7c0c4e801f4f616,3915340,TREND
280e195c28422a16fd85,3915340,REVERSION
f0cf39556da0d384d6a2,3915340,REVERSION
dae6382d66ba41be24bd,3915478,TREND
92b4ca324d02442b4d77,3915478,UNCERTAIN
98cd8357706edf730137,3915478,UNCERTAIN
2e73f4304dbcc348351d,3915482,UNCERTAIN
cf752d1b9b659c7351f7,3915482,UNCERTAIN
bda9e3179012ede54d72,3915482,UNCERTAIN
c1d1fcbc401bea8eb26c,3915486,TREND
53b69526d0464a325233,3915486,UNCERTAIN
ad24260a1fa7c025a81e,3915486,UNCERTAIN
0384ec5c53e281beef50,3915487,UNCERTAIN
01eb2d070d1196146b0b,3915487,UNCERTAIN
de81af90859678e41790,3915487,UNCERTAIN
8287c58d9479debe8952,3915489,UNCERTAIN
15d2a75bcd84616ace6b,3915489,UNCERTAIN
92f878254257d0cd9e33,3915489,UNCERTAIN
43a94e1b23d0a4275b0c,3915895,TREND
fdb90e702367b2d73060,3915895,UNCERTAIN
63305086655d0b2d114e,3915895,UNCERTAIN
ecc979d278b60400b02e,3915897,UNCERTAIN
0349404a8eccc5b9c316,3915897,UNCERTAIN
22e4b15d4a82fc369464,3915897,UNCERTAIN
b96f3611dbd555e06fba,3915902,UNCERTAIN
36a0961d5f32c93a4285,3915902,REVERSION
d03db21f9657c693fb44,3915902,REVERSION
bc2f1f654c0d14c41549,3915903,TREND
568daf0e3f4936a6b6f9,3915903,UNCERTAIN
295e914d869e8e398dd8,3915903,UNCERTAIN
268545496097bbb571b3,3915904,UNCERTAIN
4661d99aa64e2ad5bea7,3915904,REVERSION
0dba479983007b07a628,3915904,REVERSION
74bc1ef312b2727b7815,3916151,UNCERTAIN
3a04f7333f814a6982a4,3916151,UNCERTAIN
74aa9e31ce7eae4dcdb0,3916151,UNCERTAIN
4a0b8139bbb726c49332,3916153,UNCERTAIN
939f392b2af80c17bd8d,3916153,REVERSION
07097e20f6768debbae4,3916153,REVERSION
cb4056d41a556bf59da4,3916159,REVERSION
0c7de3a626585f04b471,3916159,REVERSION
f2137efe5d82388d1f9b,3916159,REVERSION
9aefb04baff12b2af5c0,3916160,UNCERTAIN
1ad072ff955b251b3484,3916160,UNCERTAIN
ac482eeeaad30399c4e3,3916160,REVERSION
8cec40454aecdccd1053,3916166,UNCERTAIN
f9f637535da487a42c56,3916166,UNCERTAIN
a68da8e22c7d3fa1e373,3916166,UNCERTAIN
f0275be21733ed490d91,3916234,REVERSION
2dc10b52223d1741c7e2,3916234,UNCERTAIN
f0fc854fe34a662c5f15,3916234,TREND
5cd378ab713e30c67a5e,3916237,UNCERTAIN
478581f58fe6798306e2,3916237,UNCERTAIN
6ed68af8c25fbe89e2e8,3916237,UNCERTAIN
1b2941af31f36f6d5c9e,3916240,TREND
a3a786584bd018a665b3,3916240,REVERSION
3c1bf0af14bf8a84bd43,3916240,UNCERTAIN
cac6ccedb1a7b4a2e271,3916247,TREND
c6930fb383b13b3372b0,3916247,TREND
3d8879a96a1f49ecd8c1,3916249,TREND
a47660c9d32f84dcd54e,3916249,UNCERTAIN
1a46e3240d3132a9f303,3916249,TREND
f216dc21db06bb488224,3916315,REVERSION
f85a8c273d3b159ca5ec,3916315,REVERSION
91b283774c7c0415253a,3916315,REVERSION
cb9f8d80e980c8f73ed1,3916321,UNCERTAIN
24d173c838d6165ccf33,3916321,UNCERTAIN
a1530832a5ac4c64b0d0,3916321,REVERSION
7b311cf689d2e82d38d0,3916323,UNCERTAIN
948b3609c582c44a7291,3916323,UNCERTAIN
8c23261000c16bb0c3a9,3916323,UNCERTAIN
ef4d68a9e326606531de,3916324,UNCERTAIN
dacf17ccaf8a5dbf5ba3,3916324,UNCERTAIN
9c087be4b7f89e95fc95,3916324,REVERSION
4858224e60d5b969228e,3916327,TREND
3e3897b8272dcf175be2,3916327,UNCERTAIN
831fab43d47ed1e3a5a7,3916327,REVERSION
061773b4c55bb06c054f,3916828,UNCERTAIN
b601cde298d4f144b022,3916828,UNCERTAIN
87ee94fa6c25c2d4335d,3916828,UNCERTAIN
9b4954f28a840647a391,3916829,UNCERTAIN
0b784f12cbb33345e118,3916829,UNCERTAIN
b00e0343cc03b5f5fdda,3916829,REVERSION
25d47abe4f2b1622d80e,3916831,UNCERTAIN
3c378cc690ae2b5fd69d,3916831,UNCERTAIN
3393d5e982d9fe93a457,3916831,REVERSION
e8f6ed09c0bba3ddb363,3916832,UNCERTAIN
26786521e8bed4cb6a89,3916832,REVERSION
dbf8a70b8df54d0a332d,3916832,REVERSION
67223f67a23cd24492ce,3916836,UNCERTAIN
226f14f227fa3f449d72,3916836,UNCERTAIN
5a3d3d0006d4965c0cbf,3916836,UNCERTAIN
de393a6196d823001597,3916999,UNCERTAIN
e9496a273cf577c74a82,3916999,UNCERTAIN
faf9917b3b9268198f26,3916999,UNCERTAIN
98fd65c5bdcca65896d1,3917000,TREND
2bcdc4ea2aa44df48370,3917000,TREND
d06425837ea25a29c6a6,3917000,TREND
a6aedaf5ca96011bda42,3917004,REVERSION
d4462cd58fcbe78e6441,3917004,UNCERTAIN
a0e77f901eabcc8bb48d,3917004,UNCERTAIN
229728272c50b3454cfb,3917008,TREND
6c96b2976eeccdff9b53,3917008,TREND
bf0ff09c338ce1d23b8c,3917008,TREND
e1418bdcab38006e2530,3917010,REVERSION
29c063dc0c25ac684b5c,3917010,TREND
9f0a3113358795ae6e43,3917010,TREND
6f36ce8d875e74111004,3917747,TREND
e5d0394e61f601c6c566,3917747,TREND
7523ad0b6851a4d3f968,3917747,TREND
44faa4b18ec3f6dd5e24,3917754,TREND
9ef5148fe92e7962c655,3917754,TREND
bd0e38d689b667b5f481,3917754,TREND
48c894ea2be275ec98d7,3917757,TREND
ff36aeb63de48c69fd26,3917757,TREND
bb318dc574d4748b48e5,3917757,UNCERTAIN
1c6d496cdaf70c2fb08b,3917767,TREND
e511a472b8185344d1f2,3917767,TREND
058d2b67aee552229d2a,3917767,UNCERTAIN
1d5fca6ef01094971cbb,3917782,REVERSION
9f9a7a4ced180bdde545,3917782,REVERSION
6941bb5777be66f76e9d,3917782,REVERSION
77eb3decf881f73c73b8,3920594,UNCERTAIN
e003fb992fe01bd49bc4,3920594,UNCERTAIN
48ec5038a7eb3943aede,3920594,UNCERTAIN
cdb8440e6d67ebe64362,3920596,TREND
b2e2bde9f0d556b5ea06,3920596,REVERSION
0da8c259fe27b14e8cdc,3920596,UNCERTAIN
496909e4c0efdded311a,3920598,TREND
d5491fc3be5cf3d0aa68,3920598,REVERSION
1a965fdaee7c3ee464b8,3920598,UNCERTAIN
17e90708ed791be47484,3920603,UNCERTAIN
6d5a0f8be8eb0a8e4f28,3920603,REVERSION
6e63d6e289514f873ab2,3920603,UNCERTAIN
3896619cd009b9d7b9d3,3920609,TREND
438bb35d2ab369edb81e,3920609,UNCERTAIN
dff196600ee7cc7d771d,3920609,UNCERTAIN
2b138757539e41d100b5,3922254,TREND
75ba45a129070694507f,3922254,REVERSION
96ec603ab65f52a3a6d3,3922254,REVERSION
ccb00d8a1d949037b2f0,3922261,TREND
ae31d680958f64dbee99,3922261,REVERSION
461b407301273ec832ea,3922261,REVERSION
90230d202447cebb50a3,3922262,TREND
3258f88b1d55aaeac49c,3922262,REVERSION
c2f5f74234548e58c8f4,3922262,REVERSION
e62b28414ee762ea47d4,3922267,TREND
e011fd23e710270b2c50,3922267,REVERSION
b8ec46b80714f99634ab,3922267,REVERSION
ca02a2d6c5480ec0c327,3922269,UNCERTAIN
51c77b431230b61da2c9,3922269,REVERSION
ea193884d5b6b08a20bc,3922269,REVERSION
672a62891b118ecca6b6,3922551,TREND
812880fa7dacd422eec0,3922551,TREND
9829f907b3346fedb890,3922551,UNCERTAIN
75b28580f2715fbf5cff,3922559,UNCERTAIN
5f530ad16f61e213d8d6,3922559,UNCERTAIN
46b3d3023d79a95882ef,3922559,UNCERTAIN
5120e52a6e7676ed00d3,3922560,TREND
548d8b27bc1e26920da8,3922560,UNCERTAIN
4b0579b77f00e138e526,3922560,UNCERTAIN
a8f0ee4db11a9d5681ec,3922561,TREND
a0b2b61e452e50fdd84c,3922561,TREND
902e9b2d44ebdd8c4b3a,3922561,TREND
534efa978d0194c58264,3922562,TREND
86cd44cc2d8c3f6b623b,3922562,TREND
624def9fa25cc9d696b1,3922562,TREND
5e10c185a5f1b6a98254,3922596,UNCERTAIN
07bd5d76ea93faa88853,3922596,UNCERTAIN
e7395c59b488e47f5b8c,3922596,UNCERTAIN
2dee8b6c8f5a0fe603cf,3922600,UNCERTAIN
2fabcd4ed47e16101a73,3922600,UNCERTAIN
5a8cf056d067ba67af7e,3922600,UNCERTAIN
c4b7781c2b2f9228e68a,3922603,UNCERTAIN
eeba4e4521b9eef016c5,3922603,UNCERTAIN
fff7ab429aaa4280774c,3922603,UNCERTAIN
26fcb1d861febf6f8304,3922604,UNCERTAIN
37a1b347805edf98c706,3922604,UNCERTAIN
fa381ff58c00c3168983,3922604,UNCERTAIN
f5e42750500fa480c8ef,3922609,UNCERTAIN
c57cf616010540dd9b6f,3922609,UNCERTAIN
b10d7daae2e11aa8e56c,3922609,UNCERTAIN
3fc2a78fc443f673eb3f,3923440,UNCERTAIN
181448fe24f63bfd1e5d,3923440,REVERSION
4c0914b8854c30ca4eda,3923440,REVERSION
32b513fbb75b66ee2832,3923442,REVERSION
44adc67064e5477903cf,3923442,REVERSION
967fddaed8d982774266,3923442,UNCERTAIN
63a4da925123c6723659,3923443,UNCERTAIN
79297a8f650caf2e2e01,3923443,REVERSION
fc49d65de222dd1c6c0c,3923443,REVERSION
146b785a7b94d2fa4fef,3923448,UNCERTAIN
e611a4912dae56f1e6c7,3923448,UNCERTAIN
163863ad6325e7d3e041,3923448,UNCERTAIN
6ee0b2d4a30cb916684f,3923449,UNCERTAIN
429174e545dd5e9d4384,3923449,UNCERTAIN
8787c8d905ea82c0b0d9,3923449,UNCERTAIN
ce840c11c7386eaafda0,3923524,TREND
b25752e090eb20d8f97c,3923524,TREND
008ea0faa375ecc349cc,3923524,UNCERTAIN
f402e3cc73f6df4f9fab,3923525,UNCERTAIN
9115bef2550f72272cd0,3923525,UNCERTAIN
2c80a56c340d6fc019fa,3923525,REVERSION
23169e2896a491e9f6ef,3923526,UNCERTAIN
f171f2529166314265cb,3923526,TREND
c50c400b53ac92a34f76,3923526,UNCERTAIN
bddb3939be95a1d5670e,3923528,TREND
b2dcd6de2654e8f54bb2,3923528,TREND
084d42924d09c8050592,3923528,TREND
857c554355b6810083df,3923531,UNCERTAIN
66a7e4c14defa3881bee,3923531,UNCERTAIN
f1c9b1c0b797479b5fa1,3923531,TREND
28a314cf88beb789a795,3923809,TREND
a0bf1958e8c297ee28df,3923809,REVERSION
e8f62e2ab6d86050c0f9,3923809,REVERSION
bfe8775f1b83ae26b139,3923815,UNCERTAIN
b0987b1c563271c1feb9,3923815,REVERSION
2aad4fb96f65186e2c19,3923815,REVERSION
06f06eb66eca210aa565,3923818,TREND
7e6932b91e709cf1f102,3923818,REVERSION
add5259e78c7ae39fabb,3923818,UNCERTAIN
395f6955a7a89d002b86,3923819,REVERSION
2f9f590142e3f4b2a48c,3923819,REVERSION
79e6262636c93799d3d5,3923819,REVERSION
131e06138fa79861f50b,3923823,REVERSION
c755be07bc2dc3647b90,3923823,REVERSION
04d27adc47978b3cdf75,3923823,REVERSION
cf2a00dcf0949cb08295,3923877,UNCERTAIN
572d5f3c82a078cb50ac,3923877,UNCERTAIN
8a048c9e503eefeb2f32,3923877,UNCERTAIN
02208122d6bab35b9cd4,3923879,TREND
ae9c3b4b64fcac0920e2,3923879,TREND
efe5d0747fd85fd68bc8,3923879,TREND
997abb69d2e6489ed1ad,3923886,TREND
7019370c0ebb2134c698,3923886,TREND
fae40301a05ef0cd02a1,3923886,TREND
c80baaecd056171af1e9,3923888,REVERSION
243bac6d68b5e580fff7,3923888,UNCERTAIN
d09c2123de11d8f1b867,3923888,UNCERTAIN
adac406515db7f1f9ee9,3923890,REVERSION
765f18e73f3ab83c318f,3923890,UNCERTAIN
88e1f395771565771a28,3923890,UNCERTAIN
3c1e6c59eb68750e359b,3924296,REVERSION
f17fc2753e15cf332726,3924296,UNCERTAIN
8c8787099fc23dac8980,3924296,REVERSION
8c5b6fd9eea37cb34cbd,3924299,REVERSION
7d90f60183085cac8e9d,3924299,REVERSION
78ca528374c32a96213a,3924299,REVERSION
74465aa22d225a29b3c9,3924300,REVERSION
1895a844383c5ca3d8ec,3924300,UNCERTAIN
c728f4c30c8315b6c030,3924300,REVERSION
aff38020dda6e78dc9f2,3924301,UNCERTAIN
bb031c89bb718281d2a4,3924301,UNCERTAIN
35c57e567acdcd594a4f,3924301,REVERSION
3d10dae10f9544e247d8,3924307,REVERSION
dcdb28c946e36da2d755,3924307,UNCERTAIN
1a2527b9d72b07e7ce2a,3924307,REVERSION
52598cc947ce60ab9a20,3924381,UNCERTAIN
e9ef2abe29c02503fd63,3924381,TREND
c73a5cf73ac4d7e030c3,3924381,UNCERTAIN
b96541358f290fb6c5d2,3924382,TREND
d33cc5aacdd9be05f66f,3924382,TREND
973c6f1b0b2c86418a59,3924382,TREND
b72323a91fb75b8c12ff,3924384,UNCERTAIN
2bb04276a29a12447bd8,3924384,UNCERTAIN
bb8338ee1a2fc1fe318a,3924384,UNCERTAIN
26da2381e532ac9a3152,3924385,TREND
461c40f68ba837f0f9aa,3924385,TREND
f663234e088efe64f3ca,3924385,UNCERTAIN
7050da5fb69f183f9065,3924391,UNCERTAIN
4a2e4d3423ab6bba56c0,3924391,TREND
511ec9cd6f65043a6cb7,3924391,UNCERTAIN
fa15032d868668acb842,3924483,TREND
0180e6270aa7e2806ef9,3924483,UNCERTAIN
fb8935905745fd9e67b6,3924488,UNCERTAIN
ffb0b9775dcc25e6ee86,3924488,UNCERTAIN
595c35f2f52295c443a9,3924488,UNCERTAIN
41a4405e3c1cce854595,3924490,TREND
803cffde5daedf730a58,3924490,TREND
8559a6ee6c91667921a0,3924494,UNCERTAIN
e3019e337dcad717ad1e,3924494,REVERSION
5f438deaeffdad7b07c5,3924494,UNCERTAIN
6c8c606b97b793687e0c,3924496,TREND
7bb41232c11b22635e3f,3924496,UNCERTAIN
848e10161e5efe29eb15,3924496,UNCERTAIN
ed47f72f7850106a962a,3924659,TREND
6282add0a28209c0cb83,3924659,TREND
bd3c8804fd779a37e54a,3924659,TREND
60cdd7a8963ff38fed7e,3924660,TREND
e4185062422fc46208b2,3924660,TREND
85eeae8687a384ed959f,3924660,TREND
749632d38d4e3860cda4,3924664,TREND
160ba80f392dba125617,3924664,TREND
45415355558d97ff6fa6,3924664,TREND
ecd1a754296f4adc2d40,3924666,TREND
6eb136f12e4d17d6b5b8,3924666,TREND
4cad967db280aae17a54,3924666,TREND
a7bffcb9d2855c56f70a,3924669,TREND
f23682cfd394c75547f3,3924669,TREND
819ad5f4342fe1bde232,3924669,TREND
4145ff91b43b3cbe5e46,3924771,REVERSION
f904e437e30f2a769c72,3924771,REVERSION
de6ea449c4177564943d,3924771,REVERSION
7fe73c03f82cc8f79936,3924772,REVERSION
8539e856ed6e8438054f,3924772,REVERSION
12664bf85d2c01a526cf,3924772,REVERSION
15cf6f1530dc6e444a6b,3924777,REVERSION
fe80349431883694bfce,3924777,REVERSION
1de7404c2c43925b320f,3924777,REVERSION
c46ed95b523e64a3ba2e,3924779,REVERSION
d14bb0575193e9ff85b3,3924779,REVERSION
22978cee7a9c9d4fb113,3924779,REVERSION
ae60e41631fad107d783,3924784,REVERSION
b3296bcb228cb81cee85,3924784,REVERSION
8cc419e4fbfed8805e3f,3924784,REVERSION
f99f81edbe173951e27f,3925026,UNCERTAIN
f8e317822ea960d9848d,3925026,REVERSION
fef2dca1d799084d0c66,3925026,REVERSION
5f90824e4c620791dffa,3925027,TREND
103eda0bf7c39d37631a,3925027,UNCERTAIN
792a02e0d10c30d3d915,3925027,REVERSION
43877ac325d5569fd6c1,3925028,TREND
4546dbeda3f14234d909,3925028,TREND
40d8148589ba838451b9,3925028,UNCERTAIN
8d8fc24c14ebda54393b,3925029,UNCERTAIN
96d10157c0e197f313e0,3925029,UNCERTAIN
62f56d6d45e454fc228d,3925029,REVERSION
3f51f17c8e4f402cf8e7,3925033,UNCERTAIN
99d68ecc63735144afe9,3925033,REVERSION
91be06dbea8ebe20d967,3925033,REVERSION
5d8be899de886b7b0d0c,3925273,UNCERTAIN
6f7c08f21fe7e10b2d6b,3925273,REVERSION
cd7bbc8cac661a06975d,3925273,REVERSION
2bb4a4fddf46a0392a26,3925274,UNCERTAIN
ef2161c7815bf08ab4be,3925274,REVERSION
2ba461a9367f7fca3ee9,3925274,UNCERTAIN
af465172554717006664,3925278,UNCERTAIN
539e08cbd14989edc11a,3925278,UNCERTAIN
a1689872ac6f01e20cfe,3925278,UNCERTAIN
7f1ef0f1fc1f2f1a97e6,3925281,UNCERTAIN
a675ae9984ca2f5ae40e,3925281,REVERSION
f9c2c808a874a6727fa0,3925281,REVERSION
fece9e4a58cc82b91821,3925291,UNCERTAIN
0afd2fbfc624e0cb5f68,3925291,REVERSION
75cadf6df595b5d16dca,3925291,REVERSION
7be1f0e9cceb6a9e1950,3925334,TREND
c8492daa1ffd641064b0,3925334,TREND
1590428d212f65e71989,3925334,REVERSION
2171bbb1a82c7a5c32fb,3925340,TREND
622b26c984e23729ed63,3925340,TREND
2bfedc50a29351a84a4a,3925340,UNCERTAIN
0d15fd84612e7e834fde,3925343,TREND
1f16ae13481664ae9567,3925343,TREND
92b0159f03985572a7e7,3925343,UNCERTAIN
aa05c76eef81668db247,3925346,TREND
d8eed468c19546611b99,3925346,TREND
d5f41d2810d0715ceee2,3925346,UNCERTAIN
440b476d27370aaac729,3925348,TREND
c61bcb5da6f59c465b70,3925348,TREND
34ccbbc246ab7bbd98c9,3925348,UNCERTAIN
58dfd84f5a3d8b3c5c7f,3925854,REVERSION
1f9cf5ef2c43630d264a,3925854,UNCERTAIN
936a3e9cdbab40c125c9,3925854,UNCERTAIN
3ee1f91617ac881b0bb5,3925856,UNCERTAIN
2bd2a2f7ace2eb5e3497,3925856,UNCERTAIN
a0b28617bcf156ae0691,3925856,UNCERTAIN
50c6e4e6739e09f1cd79,3925860,UNCERTAIN
db9e387a3b6a015cb287,3925860,UNCERTAIN
2d739a64e9d2fb5849b5,3925860,UNCERTAIN
08855faad61dafd2713f,3925863,TREND
26ded788404a2727796e,3925863,TREND
46a9724c083396734629,3925863,TREND
05f1cf824240da72547a,3925867,TREND
35cc0ac1b33fdb0033a7,3925867,TREND
34bf5c32fc8f358c00ed,3925867,TREND
9ec20504a1d21956cec3,3926234,UNCERTAIN
e97a46d5aa2bdec2e13d,3926234,UNCERTAIN
c0416d8bdfc9a61cde9b,3926234,UNCERTAIN
c48b0f2d0c2b435b9186,3926237,UNCERTAIN
20e62d409967438cf0c8,3926237,UNCERTAIN
5a4922f1760322974226,3926237,REVERSION
6c0b6f4709c9328cef3d,3926240,REVERSION
a5990c0ef0d5849a2c38,3926240,REVERSION
ad1909a8becd1903a890,3926240,UNCERTAIN
a7a63211a26354fcd18d,3926245,REVERSION
bf72eaf889143ad18ef9,3926245,UNCERTAIN
3b06bac078e704a5ed9d,3926245,REVERSION
3152ee4244c7a9b42a46,3926247,REVERSION
200b63fd32c02c96103b,3926247,UNCERTAIN
4a2796bd60d3925abffa,3926247,UNCERTAIN
3e801c548a8705070eb5,3926724,UNCERTAIN
7a545ea2c0811ff60161,3926724,UNCERTAIN
3766275a04ec1856c3e9,3926724,REVERSION
30f31bccea6774221cde,3926726,REVERSION
57688646bc56b1e8d7d5,3926726,UNCERTAIN
6175189c870eedb7f96c,3926726,REVERSION
ef78577be41b2712c890,3926727,UNCERTAIN
beaf19b7b978f11bda54,3926727,UNCERTAIN
0c952b6f624656be98ac,3926727,UNCERTAIN
107df94b464030e10944,3926729,TREND
447e6c0160f94a0e68d8,3926729,UNCERTAIN
d7a5a5d57fe661789862,3926729,REVERSION
1c5479cc987d4f6c5100,3926731,TREND
98aa96531aa60bbdb938,3926731,UNCERTAIN
fbf3224fe1dc730881b6,3926731,REVERSION
187e58018b9f56a4a26a,3926774,REVERSION
40354b6b0a724313f8ea,3926774,REVERSION
762b0db3240b79b19fe5,3926774,UNCERTAIN
5081f519a16548b4ec1a,3926776,TREND
02eb95eb0dd25de2ff67,3926776,TREND
e1ef319a599b19bdf914,3926776,UNCERTAIN
1a4c31a193762b4973a4,3926778,REVERSION
7c9db5042eb39873145c,3926778,UNCERTAIN
405469c25d9979e9e2ea,3926778,UNCERTAIN
f649e65ade6f5d4d2c34,3926783,UNCERTAIN
fd5a01009040f4c88a31,3926783,UNCERTAIN
5b314a91f52dc25dfa08,3926783,UNCERTAIN
e217687d966fdfc35d89,3926786,UNCERTAIN
39a7616244109ea5c681,3926786,UNCERTAIN
07f31fff83e1048861dd,3926786,REVERSION
bab4603d5b69ee6e63eb,3926843,TREND
a118043bb3f0ca496074,3926843,TREND
986d4f401d9b99873c68,3926843,TREND
0d48cf3cee238d16f721,3926847,UNCERTAIN
d873e93789f0afe7157c,3926847,TREND
2bff4fd949fac012c477,3926847,TREND
ea43e64ac1b53498e73d,3926848,TREND
c957fbee617d67a616ae,3926848,TREND
685dc019205ee40bbbf2,3926848,TREND
721e7921d79867180b97,3926849,REVERSION
736eb64aca6ece7157d0,3926849,REVERSION
e7b3bf1e5e0f53bbb700,3926849,REVERSION
b88268307e516cb19389,3926852,TREND
9e28480c020cb93dd375,3926852,TREND
360acf8ad4649de3ebd6,3926852,TREND
9eb13883dab602b97182,3927292,TREND
8bd7221e0961299ef1af,3927292,UNCERTAIN
07637ff1dd0eb352c374,3927292,UNCERTAIN
a2e95845b86f06edbef5,3927295,TREND
c877b3d23c8dca8f22a5,3927295,UNCERTAIN
c660a43cf3bee1f72e7f,3927295,UNCERTAIN
586f5d84fc8a690d2c30,3927298,TREND
7f68c862e6bc597c8370,3927298,REVERSION
a08a78162ff2ef4e61cb,3927298,REVERSION
21c19dd067ffe6bae56f,3927300,TREND
3b37d0d070272586c254,3927300,UNCERTAIN
937ffe6803f25d610177,3927300,REVERSION
645c59e8bd28b04f46b2,3927301,UNCERTAIN
aea08b86bec80690586b,3927301,UNCERTAIN
d4ccb0f84dd1b4098148,3927301,REVERSION
ce00400581125072e8c0,3927332,TREND
2a756d4710c06fb986d4,3927332,TREND
ae1bf6a95c5e5abe4e8b,3927333,TREND
abea058302d1e46b876e,3927333,TREND
d71acf8c255aed998609,3927333,TREND
f92bc90941d7d373597a,3927336,TREND
d7a81742e1ff0deef46c,3927336,TREND
009b78675d2803dcd524,3927336,TREND
97c1586c4c96abd17c6b,3927343,TREND
33644aa98cc89831d40e,3927343,TREND
342eca27a3118abed661,3927343,TREND
c3bd27c1f5c9edb1be0b,3927345,TREND
1d04c5982332b0fccb9b,3927345,TREND
0b4f9135166407f151e5,3927345,TREND
423b17b5eb4586818cb8,3927427,REVERSION
473e94e800b4b70d4f83,3927427,UNCERTAIN
659976ad0907ca06d03a,3927427,REVERSION
ecf0e7879b2614e30528,3927428,UNCERTAIN
11de4f760b88c29a0b64,3927428,REVERSION
539e6663a8ebc8d58393,3927428,REVERSION
a0f3208e21934f88e39d,3927431,TREND
6a59b4d4667a8aef22a7,3927431,UNCERTAIN
c7bb4a859097b448f097,3927431,REVERSION
8bf464056ec58f7bcd44,3927433,UNCERTAIN
46c339521021e3c58d70,3927433,UNCERTAIN
f4ca0fb0a54a652bf17e,3927433,REVERSION
ac861d8111a79c3d382d,3927434,UNCERTAIN
b03c0cc2743cce8791f0,3927434,UNCERTAIN
5f3210d05a67607850f1,3927434,REVERSION
d6fa158064490b7fa454,3927517,UNCERTAIN
548ec0c32bec219c872f,3927517,REVERSION
9e34b45418d188bb0fab,3927517,REVERSION
5854d7730cf05628e7fa,3927518,REVERSION
2c3f691b9a54ff8571d7,3927518,REVERSION
b9e9cf2dd2f852562598,3927518,REVERSION
8d2466ccfc3405008db5,3927519,UNCERTAIN
265bbe2ce2e2d540f7cd,3927519,UNCERTAIN
919ab8cecfc5184821a8,3927519,UNCERTAIN
b880dab1a5a1e2cf0da7,3927523,REVERSION
7cc1d2ab6f03bd424c0a,3927523,REVERSION
3a4e540677b615f63438,3927523,REVERSION
090b69969f66a6499163,3927524,REVERSION
0f0d5f8208241bae51d4,3927524,REVERSION
d359a3c9f2800a9cbb13,3927524,REVERSION
0dc3d5a5e69a2250f242,3927886,TREND
ed0fd77e7a8dc5b64b32,3927886,TREND
8a35c35ef87a04a97ed6,3927886,TREND
62de91dde467b17e267b,3927889,TREND
ea860cce7dbe2ce2e399,3927889,TREND
d1b7e350572b98eeec18,3927889,TREND
093517c57ecb0693d6b3,3927893,TREND
2db99c5c25e787ec8cbf,3927893,TREND
252760c2c64b7100b81a,3927893,UNCERTAIN
7d1737426c088c690e15,3927898,UNCERTAIN
37ce169293e27956755a,3927898,UNCERTAIN
41b64d0b4cc230e2d9c7,3927898,UNCERTAIN
8fe2769051de34ee888d,3927900,TREND
801775ed90da92bb1a4f,3927900,TREND
fb8a7201e49ca17448d0,3927900,UNCERTAIN
b79212f16fd27a7189da,3927943,UNCERTAIN
78c20214722fbe82ca5c,3927943,TREND
fc006ae397c42e409f91,3927943,TREND
cd58f3998de0cdfa7c62,3927944,REVERSION
06e273c4dd464bada2a5,3927944,UNCERTAIN
e812c8d070967aeb60d4,3927944,UNCERTAIN
f93c9f87795a664741f9,3927946,TREND
5e89a4a73abe16c66d49,3927946,TREND
8c52b8fd6e6573c2800b,3927946,TREND
f9939d11e290cbc9efab,3927947,TREND
3c027aa31a572accc78d,3927947,TREND
76b40f33c10dfe8512d7,3927947,TREND
9aa677a14e4eac3854f8,3927948,UNCERTAIN
66d677bbbd8ec338ece5,3927948,TREND
a17efb703ce9648af8a2,3927948,TREND
802d8dcd8d6c6377c612,3928108,UNCERTAIN
623f19744fc86c0d653b,3928108,REVERSION
47ae4d0bff1762f5f7fa,3928108,REVERSION
ebea42372ea5efc090e1,3928109,UNCERTAIN
667e37ea1ed281efe23b,3928109,UNCERTAIN
d094ffbe4199372e968d,3928109,REVERSION
a2d071e94ae5da8864ec,3928112,UNCERTAIN
3dbc712cef6f86111037,3928112,UNCERTAIN
3d6c2019ab291aa9256a,3928112,UNCERTAIN
20816bf12f25a0cdd306,3928114,UNCERTAIN
024726ceac02d1d3c442,3928114,UNCERTAIN
81be590ab4a245402396,3928114,REVERSION
b9879156e13157df442e,3928119,UNCERTAIN
ac0f952fe0d20a0e12ca,3928119,REVERSION
865dac65b84959f42dbb,3928119,UNCERTAIN
2d459212d8ba42141caa,3928143,TREND
da041f30408db6984986,3928143,UNCERTAIN
6b74734beecaa58a6ee0,3928143,TREND
11e1798cd142f92360d9,3928147,TREND
eec4d8699509c79a1d9a,3928147,UNCERTAIN
4c51ec99d15a8c36456d,3928147,UNCERTAIN
84bc882b99ae011aac43,3928148,TREND
fd35e25f428d6fe2bf5c,3928148,TREND
cfda93993ab6dc523c9d,3928148,TREND
80307a0b55247db413ff,3928155,TREND
5502453b4238f69aa145,3928155,TREND
77efb465fb48c52532ec,3928155,TREND
c3c1d8eb6c6464726876,3928156,TREND
16fa30bd9702a53a8160,3928156,UNCERTAIN
07ce654a19331a78aa45,3928156,TREND
414c57c343d807ca9e64,3928477,REVERSION
b1531881fa777f3b51d4,3928477,REVERSION
2a54fcbe219f0003ecb6,3928477,REVERSION
17bb62a03d1e3f523e2c,3928480,REVERSION
8f74752f5bf5a96811a5,3928480,REVERSION
567fa357427e4060cfc2,3928480,REVERSION
48ff5e2d141f8f9beebd,3928481,TREND
43ccb926f9c437508617,3928481,TREND
95f19d718d88efa99c83,3928481,UNCERTAIN
d212c8d034f2611120b6,3928482,UNCERTAIN
7fccaed3554a70adb11f,3928482,REVERSION
43e068da470df3ccc75c,3928482,REVERSION
7f47e84b3cb57f90b2ba,3928483,REVERSION
525ecb78ab646d156d91,3928483,REVERSION
5b5f6287b172a73ae577,3928483,REVERSION
33e5d0b825454fc98c36,3928543,TREND
8dcfef882b5e18f7025d,3928543,UNCERTAIN
fa28e147dc2cb78983cb,3928543,UNCERTAIN
bbe9fc75698cf108e7e4,3928548,TREND
d5ad9290c2a6679bf22b,3928548,UNCERTAIN
0ce6d736d261fb2b5ca0,3928548,TREND
2d354f33673ce8ceab8f,3928550,TREND
4ab50e7655355b5fa2bd,3928550,UNCERTAIN
ab1e5993cbd32e0e3858,3928550,REVERSION
11b133faf462b87f73ca,3928555,TREND
4645a91295b8b9206006,3928555,UNCERTAIN
b8fb1015fafc31993700,3928555,UNCERTAIN
f9c0d8bcb698a0879db5,3928564,TREND
66c919b0a2d6cd38730c,3928564,UNCERTAIN
80e52d0890b4cf9366bb,3928564,UNCERTAIN
ba2d6f76beeb4a18e4e3,3928729,TREND
36ea2357a5d2e80e5fc9,3928729,TREND
d023eb128ed568af4f39,3928729,UNCERTAIN
c94bb92d0adc1d795e68,3928730,TREND
0f52d290d65ff80d437b,3928730,UNCERTAIN
48f9721f421a47bc4484,3928730,UNCERTAIN
2830a0d993371a2566e9,3928731,UNCERTAIN
0314bf0b54feada0302d,3928731,REVERSION
1003b4983c29c65fc5d3,3928731,UNCERTAIN
5c8a677f6095e1b25a7f,3928736,TREND
37de70f0d23c574bb88d,3928736,TREND
48283b3b53bd10aedb1c,3928736,TREND
19bdcda535c27860adc6,3928743,TREND
afe3e69080146fbef42e,3928743,UNCERTAIN
4a16cac55b3fe7038965,3928743,UNCERTAIN
e03286ce9d4f874ea421,3928772,REVERSION
8cf1f86f86d06c8316c4,3928772,REVERSION
18cbb50b0dc9cdf59a7d,3928772,REVERSION
5ff94844fd3890ab8a11,3928774,REVERSION
124a8d720441521c2c1b,3928774,REVERSION
4c5a4b83cfc35e73ef6c,3928774,REVERSION
cb0889624d120d234849,3928775,UNCERTAIN
27e2c75fc6fb16207db7,3928775,UNCERTAIN
6a36aae0dd1b59bfd28d,3928775,UNCERTAIN
87642d23e8f3d03f65a3,3928776,UNCERTAIN
9083a6b218a5b19c26e4,3928776,UNCERTAIN
17654b448ed98713c44c,3928776,UNCERTAIN
d801ec67491317326ea2,3928780,UNCERTAIN
fee24643e09c72fb5e4b,3928780,REVERSION
ead525ebd2188faaaf90,3928780,UNCERTAIN
7f38558f91ba583f0af3,3928845,TREND
e2127334ea88e398bd7c,3928845,TREND
f191f99765d7b716fcf4,3928845,TREND
be5e12d3b9a7a37686e1,3928847,TREND
d090590b22b8d0ef15c0,3928847,TREND
ec6971d3247bfe6ac2e6,3928847,TREND
a357ed15798eee69ee16,3928850,TREND
448100c6facad95b8074,3928850,TREND
d3b2631adb27de6833e8,3928850,UNCERTAIN
4d78fe590e4344db2623,3928853,TREND
a2d5f6171ad9bba69366,3928853,TREND
7564e2fbd208ade56f97,3928853,TREND
c6e2854919da7b06ecbf,3928854,TREND
decdfb36313be3215aee,3928854,TREND
7a356c387f512c7872aa,3928854,TREND
ac95f8c2fceaadaf09aa,3928996,TREND
df35194da20838f8d255,3928996,UNCERTAIN
8fbbd2472cb346f68274,3928996,UNCERTAIN
3c184168e7ed32fd8b7f,3928999,UNCERTAIN
52c2848641e92ed70cb3,3928999,REVERSION
a157f2977b384658ea7c,3928999,REVERSION
110ade81d41167d9b612,3929005,TREND
d0b620b3cddd6d987e7b,3929005,UNCERTAIN
6080865b3e4190793710,3929005,UNCERTAIN
97407e6cfa1467c8ef1f,3929006,UNCERTAIN
328ae3586d4035163f38,3929006,REVERSION
6dc19335ee3df0d32f39,3929006,REVERSION
b1ca580581b9ea67ee78,3929008,TREND
13a20f7b7dd8ca068c75,3929008,TREND
3568a8c727817dab5125,3929008,UNCERTAIN
ad20a93988bea79df43b,3929055,TREND
9475ec31726642cc0f22,3929055,UNCERTAIN
942ab3b04367f5a419e2,3929055,UNCERTAIN
84c6941c2d9df2e428c7,3929056,TREND
c946f8fe26d1338b4883,3929056,TREND
99bf32be446aac1710b4,3929056,TREND
c70c9047e31a77996a99,3929063,TREND
e27ef0cfb7d0c201970a,3929063,TREND
efddd80170f0699bc40c,3929063,TREND
29083ac9f21a8f345c41,3929064,UNCERTAIN
40607af44de8b76bc081,3929064,UNCERTAIN
1ae5e04beb8d80ff947b,3929064,UNCERTAIN
70a175aae32e243c0fa0,3929067,TREND
81e105d3ed0370fabc12,3929067,UNCERTAIN
f2ffb23c279c595d1c0d,3929067,UNCERTAIN
ca0e46ba625e5d5dd6ae,3929088,UNCERTAIN
f89bfdc52371e3d26a19,3929088,UNCERTAIN
f5b5aa473261085c6c52,3929088,REVERSION
4f98376d45d48cd9f414,3929092,REVERSION
c82e81fe32e1dfab573e,3929092,UNCERTAIN
4aab1bdd4b1747efdd17,3929092,UNCERTAIN
97b2427b1e0601262df1,3929094,UNCERTAIN
262038811c3549c6fc1e,3929094,UNCERTAIN
f8cfe743521ae1413faa,3929094,UNCERTAIN
b271c34d59f2a838c73f,3929102,TREND
942690a4a1ad1eb234ff,3929102,UNCERTAIN
260681d8d6c773cbdac5,3929102,UNCERTAIN
43c99d979889faa0ec76,3929103,REVERSION
b77f723658c6974aca63,3929103,REVERSION
0dda732df98eebafbaa6,3929103,REVERSION
450b2c0ec044bf321e1e,3929170,UNCERTAIN
73c1a7205feeda8657ec,3929170,UNCERTAIN
6c88872805e5c56c2191,3929170,UNCERTAIN
5fee5e2dc5ad721e04a8,3929175,UNCERTAIN
c20abe8444c1b82ee072,3929175,UNCERTAIN
33704ec61648bed97090,3929175,UNCERTAIN
bb4a524913c396aea49c,3929178,REVERSION
c6810ede80980458c33d,3929178,UNCERTAIN
337c7b8195a9311a1392,3929178,UNCERTAIN
c6654056125887c757af,3929181,REVERSION
b64c80aef00244f87cba,3929181,UNCERTAIN
e9fa6557df578cfad61f,3929181,UNCERTAIN
a5c2fb112043cdb9391a,3929183,TREND
6af75bf2977a99036192,3929183,UNCERTAIN
ed63d8b2a5c7f2c9e8a7,3929183,UNCERTAIN
18481f7f41036173def4,3929320,TREND
247a754f338d36acd2f1,3929320,TREND
146e8779c2a215f51f92,3929320,TREND
e2d31cf1e7ef27698b1f,3929326,TREND
0152987a5e11a68bb7ba,3929326,TREND
bcc4ca276162ae8ffa13,3929327,UNCERTAIN
b25a4ec8ce7b43e8f993,3929327,UNCERTAIN
587ba7c906dbe3263416,3929327,UNCERTAIN
981a40dfa6a261c24782,3929328,TREND
6e50bc6891e89ff69fbb,3929328,TREND
71fcc6b5d261c43bdda6,3929328,TREND
298b7c322bddd325f234,3929329,UNCERTAIN
419e0f0c1ff0d56806cc,3929329,TREND
13be5e23e7c01a5e8f6d,3929329,TREND
35af70f813d4edc68ccf,3929360,REVERSION
9502228362c824b401fe,3929360,REVERSION
0b26590b0a1aa3a15b14,3929360,REVERSION
3ea52bf2da42476419c4,3929363,REVERSION
005fa4e7f077efdd49f9,3929363,REVERSION
ab2a388dc39234efe230,3929363,REVERSION
2ddd40f3231457a54487,3929366,REVERSION
2a1f2c71b19b9ac782ba,3929366,REVERSION
d47ed4ab7755c08c32b7,3929366,REVERSION
16aeae9234ffe8daf399,3929370,UNCERTAIN
0d939f0968ee9f166c66,3929370,UNCERTAIN
5d1bfe5e47a3ff6d1ec2,3929370,UNCERTAIN
498c5c9aae4cedfb3240,3929373,TREND
add44266c1a719745e03,3929373,TREND
eeedc1223e788b29f9b3,3929373,TREND
ff1871aef6a3e4529454,3929409,TREND
5cf8f9c0f66ce9fccdb8,3929409,UNCERTAIN
f6aa123ebd0cc9ada005,3929409,UNCERTAIN
d35bad662553318c78fd,3929410,TREND
ea1022baa878f2dbd1d4,3929410,UNCERTAIN
65901a340f5ef92794ae,3929415,TREND
0cd67ed17a274af132a6,3929415,TREND
44e5a905c9509f20abae,3929418,TREND
bb37e0a8667f31fd8aa2,3929418,UNCERTAIN
520d0fa227b380c28524,3929418,UNCERTAIN
08e5a4a0d08bf558a1f5,3929419,TREND
1493e43e4e3a7c0d022f,3929419,TREND
9bd6fa515652ce546047,3929419,TREND
d083f2561b2de44a5512,3929608,UNCERTAIN
d6a010d50c4997312026,3929608,TREND
0cc2242dfc14ed035e7f,3929612,UNCERTAIN
692b966f16d467a335bd,3929612,UNCERTAIN
6e55298e30c637262bba,3929612,UNCERTAIN
94ce8f305d9319d5245d,3929615,UNCERTAIN
9572c12f21349dc8d988,3929615,UNCERTAIN
018005df442fa4d3560c,3929615,UNCERTAIN
8845453642a2052efe54,3929618,UNCERTAIN
d8b5e36874f031deb3c4,3929618,UNCERTAIN
7136f86835e36adde087,3929618,UNCERTAIN
4e80ddbb87c74c163ecc,3929623,UNCERTAIN
b5eb5ded90a0fb584485,3929623,UNCERTAIN
bf70173ba406833c3ce4,3929623,UNCERTAIN
9e03b15d7aaea7a6467c,3929802,TREND
f665b86ab40fdffe3e6d,3929802,UNCERTAIN
bf22db75ac89a4e7d014,3929802,UNCERTAIN
46b1171e5a01d0901599,3929805,TREND
008a716c13a2adb3c1cf,3929805,TREND
1870810bbcb4d016f475,3929805,TREND
001a18eaa9e0408d97f3,3929806,TREND
3cce143f27c43634a2f6,3929806,REVERSION
cbc5b015cc1977c404cd,3929806,UNCERTAIN
37ef32d57c9a2f136a89,3929807,UNCERTAIN
1bc1a11fe2e9c33c2f6a,3929807,REVERSION
b5541b7c29983931f8d4,3929807,REVERSION
62779ce70a3e61655770,3929814,TREND
662c4f36c122cd20e65f,3929814,REVERSION
4251d6ade5a4e2838819,3929814,REVERSION
da5b06fac6bb3c363219,3929971,UNCERTAIN
9cc57d84b055c5edafba,3929971,REVERSION
2d7b48a1b76d1bc3f4bd,3929971,REVERSION
92cf37032085d1e7489f,3929973,REVERSION
378bb6e56042e030b7c9,3929973,REVERSION
4d03045265d6de97f705,3929973,REVERSION
88616899e64ea140ffaa,3929975,REVERSION
d23f3ad6297814b6687a,3929975,REVERSION
b324b04054f2e357573c,3929975,REVERSION
0d7d5e1e3b7759c22a03,3929981,REVERSION
3f8f5fb6c92a85b9059f,3929981,UNCERTAIN
4021084b2123a9ac2d18,3929981,UNCERTAIN
ebd785d411619e9440b3,3929983,REVERSION
b1b14e185524c7f3aa44,3929983,REVERSION
0160e1a87784a8aa227b,3929983,REVERSION
9b0818f9841ec89d1320,3930036,TREND
3460fd510e9433a4d084,3930036,UNCERTAIN
5b549c2663b97e1a90a0,3930036,UNCERTAIN
9288583cac680c322bf5,3930041,TREND
f0433e372438c7f01ad2,3930041,UNCERTAIN
f73782f9ccb571af80ac,3930041,UNCERTAIN
576db62972827869d717,3930043,TREND
e96e9b2288cb6fa7244d,3930043,UNCERTAIN
5af2a17f375fdb178cbf,3930043,UNCERTAIN
37fad7ff2981816279e4,3930044,TREND
4f1bd1d434790ba2f78b,3930044,UNCERTAIN
ebbfd2abfbd16770aece,3930044,UNCERTAIN
f1f5c12a3cd781b7bb11,3930048,TREND
26c705de91909ea0d785,3930048,UNCERTAIN
5acd4c41fca27853e399,3930048,UNCERTAIN
318a41c88d19afa2cd83,3930170,UNCERTAIN
e7f262e3b843a019decf,3930170,UNCERTAIN
6d46c57c13957d8d3735,3930170,UNCERTAIN
a8d0dabce6277400a917,3930171,UNCERTAIN
f2505366f406e63a035f,3930171,UNCERTAIN
0c9d092e156be9856a42,3930171,UNCERTAIN
59ecb1b64d362980a226,3930174,REVERSION
bbad93ff41954f2aba10,3930174,UNCERTAIN
9c4946ce7e23f64741e8,3930174,UNCERTAIN
1a9da598f6d3a03c3131,3930180,REVERSION
bb3232fbbb28bdf43093,3930180,UNCERTAIN
4ba0e1f9a7a576a5bef5,3930180,UNCERTAIN
0d4934cfcf40dc66b720,3930181,REVERSION
20380e181bf91da6fa00,3930181,REVERSION
144595f1a5ea8d74f036,3930181,REVERSION
15344b220c0471756f9a,3930357,UNCERTAIN
497ea83a51e8ebd66529,3930357,REVERSION
9db72b60480773fe68ba,3930358,REVERSION
9c969c288b079b389404,3930358,REVERSION
5a4e4db6642d248aaf91,3930361,REVERSION
573ea13afe2700727ac8,3930361,REVERSION
18e3ac7a8599afc4e480,3930369,UNCERTAIN
9d4428dc25bea89cb38f,3930369,UNCERTAIN
38114e5ea4c5594c7391,3930370,REVERSION
bfb9bcdba8764257fc83,3930370,REVERSION
1f8d19719be680475349,3931003,UNCERTAIN
800d195a5d661ca42cc4,3931003,UNCERTAIN
a5386240bacb61144477,3931003,UNCERTAIN
fe4a804aefce161d174b,3931005,TREND
1a74571b8454590fc14a,3931005,UNCERTAIN
17ee923b9c6835437cb2,3931005,UNCERTAIN
e9bef7af6dd3cd1bc4ec,3931008,REVERSION
295c8021a85b0072c18b,3931008,REVERSION
b6fa510443c61c66c515,3931008,UNCERTAIN
e187e85884dba5f739df,3931012,UNCERTAIN
3bb1815ad477d759cda9,3931012,UNCERTAIN
a2763e01dc6be1fdfea3,3931012,UNCERTAIN
0cb313a5f77602c4ca26,3931015,UNCERTAIN
1c25c7be6f0b177f5c77,3931015,UNCERTAIN
46934ecd5588c0068f42,3931015,REVERSION
536213bd192750d5c7b7,3931126,UNCERTAIN
5bd941f31c88a8f1f253,3931126,UNCERTAIN
e2f30d07a662641845e8,3931126,UNCERTAIN
dc9b788efc2e97f72f0e,3931130,UNCERTAIN
78103c821c5f568af8df,3931130,UNCERTAIN
51dc439f4686d8c8b417,3931130,UNCERTAIN
cdc205fb90ed7ac33492,3931132,UNCERTAIN
fb71938c5cda96eab2e0,3931132,UNCERTAIN
890cce17f65ddbc32e27,3931132,UNCERTAIN
cd4a90a30740e8ae193a,3931135,UNCERTAIN
15853854d9deaee08b85,3931135,UNCERTAIN
77d479d18d1fdff30f19,3931135,UNCERTAIN
bbe1d02bdbdfb1f1d23b,3931139,TREND
8607de17f6a0e5d64a6e,3931139,TREND
490490d429bedfeda9be,3931139,UNCERTAIN
34659ec10cfc04fc7a67,3931177,REVERSION
51f32c0fb43746029574,3931177,REVERSION
d45a158dd5aa435d2dec,3931177,UNCERTAIN
8bcbf80cc8c5a72a8907,3931179,UNCERTAIN
5f883255f98e9138900d,3931179,REVERSION
3a9f56dd56901f93f38e,3931179,REVERSION
99b3699e8531205f28be,3931182,REVERSION
428ce079a812f871126a,3931182,REVERSION
1a78f7f86d83afae1376,3931182,UNCERTAIN
683cdaaf8e420b55241a,3931186,REVERSION
c429ce297e66257a151b,3931186,REVERSION
7605c1f55f90e35300e2,3931186,REVERSION
eba40063d0838cb6de7e,3931191,UNCERTAIN
679ed569aeea1f0e3085,3931191,REVERSION
f58a2d8af9d8f73384b3,3931191,REVERSION
81bf958b59218bc5d87e,3931274,REVERSION
3cff5862aabe79461ffc,3931274,UNCERTAIN
9c2171e6f8d16805baaf,3931274,UNCERTAIN
723b263d4a76f4ad255e,3931276,REVERSION
ebc4dde93232d6f4e0c8,3931276,REVERSION
32cbb79c01ea639f6ca8,3931276,UNCERTAIN
364eb8d4cdd82a973784,3931280,REVERSION
b1e9baa0153ac2104c10,3931280,UNCERTAIN
19fd573f9453df7c59f5,3931280,UNCERTAIN
13b17dc3487064f6646d,3931281,UNCERTAIN
487c6e7a41478ae30c33,3931281,UNCERTAIN
ac47ff5641bdee6d06dd,3931281,UNCERTAIN
17eb73d6f0366fc84d30,3931284,UNCERTAIN
8173862103f77c30f0c3,3931284,UNCERTAIN
8915782393f881b1f86a,3931284,UNCERTAIN
a7a37cda629ae8d2ea1f,3931343,TREND
9e3303b741e01c2bd194,3931343,UNCERTAIN
02f9ac10e197a623b8b8,3931346,TREND
54071e906313a9bdc1fb,3931346,UNCERTAIN
39fee96eb52abe0725b5,3931347,TREND
14ed0a9c6694def2cc65,3931347,UNCERTAIN
38c3b9dfa0050c296c92,3931347,UNCERTAIN
a130802eefd598132322,3931353,TREND
fe1366c29e92598e00d0,3931353,UNCERTAIN
1e27c693d3bc48d2b1ad,3931356,TREND
9b81053d869f9c194659,3931356,REVERSION
797ef255cb9040a39d05,3931356,UNCERTAIN
bb4b38b3bcd83a7a8d29,3931445,UNCERTAIN
8c0173288f7391d95c2f,3931445,UNCERTAIN
1da36c17c2f6fa573820,3931445,UNCERTAIN
6c8c95a46e64eae3dd9e,3931447,REVERSION
0405313e9d877b975889,3931447,REVERSION
42c96505a5ae7b0a64e2,3931447,REVERSION
97f48ba85d82eed2aa7c,3931448,UNCERTAIN
e17e231da2bf89206279,3931448,REVERSION
466e4f6fefb6cb48b644,3931448,REVERSION
7b3a734a0266046d8a96,3931452,UNCERTAIN
b98416bc2ae2767cfaa9,3931452,TREND
fd5cdc21aa00972774f3,3931454,UNCERTAIN
87d876bcdf157c314175,3931454,UNCERTAIN
9ab4cf0278bc2e9f33d8,3931454,UNCERTAIN
c5735e52f09a71c2294b,3931511,UNCERTAIN
fbec7d45f457c1263f96,3931511,UNCERTAIN
ba78df8a8f0b5cfb64f6,3931511,UNCERTAIN
bdee86eb1a012292b67c,3931512,UNCERTAIN
9c48e699a3459874f213,3931512,TREND
adea30b8ea71fb6c5648,3931512,UNCERTAIN
5ec964a3fe8d5ed8277c,3931516,UNCERTAIN
37c993ac64fc68229916,3931516,TREND
9c9d1f236e9878348b35,3931516,UNCERTAIN
07af02b1bda634c4bc20,3931521,UNCERTAIN
cfe9ca61d4f8f1c05441,3931521,UNCERTAIN
8551251d23bf9b9db25b,3931521,UNCERTAIN
4194e2f56d4490bf1930,3931526,UNCERTAIN
c06fbba717797b0643ed,3931526,TREND
dc6e4d65625d756042af,3931526,TREND
4b8ab9a9848999e19c66,3931724,TREND
ca07f800a7e72b8a5a44,3931724,TREND
d6b03c2c344d9ac21d25,3931724,TREND
98dbe5ecd663b3ab3bc9,3931732,TREND
47b510f86e63fa09a1f0,3931732,TREND
21573e8a5eabdbc7d4ba,3931732,TREND
066a5d5513841f345739,3931734,TREND
d829bdb42e538c249e1a,3931734,TREND
aa520da72a0d651dcce0,3931734,TREND
0773aff870751dfdf893,3931735,TREND
34eb9081e1a18c57c35f,3931735,TREND
6f24cb8262f9275ff2f2,3931738,TREND
19cd1b98291adf9552fe,3931738,TREND
634bdac62b5686e6285d,3931738,TREND
96f9fea70d678464ba2b,3932015,UNCERTAIN
851de48ac41db7a454ec,3932015,REVERSION
93263c3a6bf1d532e904,3932015,UNCERTAIN
44f8cef2e6fcc18af570,3932016,UNCERTAIN
3657ea6252e009f16d93,3932016,UNCERTAIN
486e6ee1c22a03113f83,3932016,UNCERTAIN
a1f1130085b7cc88750c,3932017,TREND
8686feee54c36476d3a6,3932017,UNCERTAIN
2658f319118af16627f3,3932017,UNCERTAIN
816ad4032c7819028378,3932019,UNCERTAIN
7362db2f7c16448fa552,3932019,UNCERTAIN
a3002e0bf426f31a9b52,3932019,UNCERTAIN
4b0b2d54a05877788e8a,3932021,TREND
66c7492b3757f0c9e03d,3932021,UNCERTAIN
a91cb735d7384f57474d,3932021,UNCERTAIN
c311e0459fc572e68c04,3932194,UNCERTAIN
30ec747abc11e42a92a8,3932194,UNCERTAIN
3701040938258478b4c9,3932197,UNCERTAIN
ef0bc713482dfbea2621,3932197,UNCERTAIN
639fde5ac104e31a8f84,3932197,UNCERTAIN
9f9103a449e44d59122b,3932203,UNCERTAIN
bbf953eb30ce4cc70943,3932203,UNCERTAIN
7e22ec89bcdb71e1e920,3932203,UNCERTAIN
3412363e5e017d4fedb2,3932204,TREND
ec9e331c00e156fffc63,3932204,TREND
e05fc5a6ce6d7b6c5baa,3932204,TREND
a76026509bdb831598f0,3932207,UNCERTAIN
4ef1e3ead0f693b7573e,3932207,UNCERTAIN
878d09cfe8dbca5ca7ad,3932207,UNCERTAIN
0a21e743c7ace999d6d9,3932338,TREND
0e1b5d7dc6693676da67,3932338,UNCERTAIN
a6540b0cfa723497cc43,3932338,REVERSION
7e6e245bce5bc8c92dca,3932340,UNCERTAIN
7212c712ee7481662a4b,3932340,TREND
13200d18883c6bf0c33c,3932340,UNCERTAIN
2fbf98ec7ab78cf75027,3932345,TREND
099b70871becd18dfb61,3932345,TREND
aa970605921794c2cf60,3932345,TREND
ed2e0deb1eeb6ca6a561,3932347,UNCERTAIN
d876d869237ccdf7a6d2,3932347,TREND
ce8c89a27b0bb1049c78,3932347,UNCERTAIN
bedd29116de8e1ae7418,3932350,REVERSION
fa56da81af52df0f473c,3932350,REVERSION
f3f17c98664ce8da119b,3932350,REVERSION
1d51f2cae661d39f69ca,3932412,UNCERTAIN
b4414da323cbe07659b2,3932412,UNCERTAIN
1fe6535d3a09b7e5de0e,3932412,UNCERTAIN
ded8bde32ab05128e1f2,3932413,UNCERTAIN
814af5b9b0ebef3881b9,3932413,UNCERTAIN
a078bdd62b665d9fbe32,3932413,UNCERTAIN
d6daf7e1da6c1b40b520,3932419,UNCERTAIN
53e0ef554c9fc6527c7c,3932419,UNCERTAIN
2e7ea940ad4c2079a58f,3932419,REVERSION
dafde7a37c98c9fecc45,3932420,REVERSION
47d754c6568055d5e227,3932420,REVERSION
7390aeac4fbe78b3134b,3932420,UNCERTAIN
7b191b3aced5c07d28bc,3932425,UNCERTAIN
56fa4f634cad8ef387cb,3932425,UNCERTAIN
4251d3d48750cf27ab8a,3932425,UNCERTAIN
f41d26c2e77b249fe709,3932534,REVERSION
d95d7860a4fbe1f523c6,3932534,UNCERTAIN
526c0c037848ce1645c2,3932534,UNCERTAIN
a62798b6ef4851276982,3932536,REVERSION
50a662f0593555cf4645,3932536,UNCERTAIN
47aa49ba4d5c5eab0eb2,3932536,UNCERTAIN
3544a7c9cac3a5fe1697,3932539,REVERSION
fade1a8462211279d929,3932539,UNCERTAIN
492a33a6422debb66ea3,3932539,UNCERTAIN
030f188cf6c4cd156871,3932540,UNCERTAIN
1d048f32ebe4d2da3f69,3932540,UNCERTAIN
1deb5e0a9a8a8612337d,3932540,UNCERTAIN
f9e4a3c91d134c2e0d49,3932543,REVERSION
400085c4fa010e925182,3932543,UNCERTAIN
a5fab08c92ab17506709,3932543,UNCERTAIN
814851dfde0354013f43,3933088,TREND
0587d7fdc7c0ddc3dc02,3933088,UNCERTAIN
f2767f00b37ef051afea,3933088,UNCERTAIN
606681e1ad49650eb4f1,3933093,TREND
4d50f0c24cbf913f1241,3933093,UNCERTAIN
e05348adfa5fe60af918,3933093,TREND
ce78dd7c6a91d4f1a881,3933096,TREND
6b63f72c5cfde7a8fa25,3933096,UNCERTAIN
127a343f434a3ca61f90,3933096,UNCERTAIN
04464d9fdde9a7732130,3933106,TREND
2c92c32faaed22c5fdc0,3933106,UNCERTAIN
c03f3ceb12ef242b9cbc,3933106,UNCERTAIN
a15abd9b33d4522ca8cf,3933109,TREND
c4dc174214b3ce590222,3933109,UNCERTAIN
d28864152141031ff96a,3933109,UNCERTAIN
a973f377548fe5d570b5,3933167,UNCERTAIN
c4722c5b5ead5f7464dc,3933167,REVERSION
61303e01d716712fdc46,3933167,UNCERTAIN
f04eeae25cf9b8dd8fee,3933169,UNCERTAIN
477f22377c11e13e8504,3933169,UNCERTAIN
0061654afe31f0f25c4f,3933172,TREND
707802bb9cd0204c41c8,3933172,TREND
f82d9c84531ce087cf7b,3933175,TREND
6cf81ad370ef6a553788,3933175,UNCERTAIN
de97f7b074f39cdfe194,3933180,REVERSION
17de8b8256135fc29f98,3933180,REVERSION
93cd7e281572a34fd0fd,3933180,UNCERTAIN
bbf2fbfd3ff548567cc4,3933323,TREND
60abdf4592c61f7c8d29,3933323,UNCERTAIN
c1df4ea87571c9f82d21,3933323,UNCERTAIN
3a689c3cdbcc9c7dd5bc,3933324,TREND
641fb44dd1ab0e576f75,3933324,UNCERTAIN
8003a2c12435e377225c,3933324,UNCERTAIN
eb5685ad3c91a363888e,3933325,TREND
0b7c0edad5029e79d41e,3933325,UNCERTAIN
cf90a63315d106774dcc,3933325,UNCERTAIN
7522754e610ddfe5b75b,3933334,TREND
4e90f501ab8b7d7351bb,3933334,REVERSION
6788a145fe7057f86f2e,3933334,UNCERTAIN
d392a65c810d7be260ab,3933335,TREND
1fd7614078ac2eb1fbad,3933335,REVERSION
7d4367d8bd4ce0e92efc,3933335,UNCERTAIN
e212f69a6db6cdbddb8f,3934014,UNCERTAIN
1981a6572cf8b0e99ea3,3934014,UNCERTAIN
9429f86596c7b8071601,3934014,UNCERTAIN
a92f1f204d404815ea80,3934018,UNCERTAIN
046804fab983c10e5500,3934018,UNCERTAIN
aec6f2cd27ffe1b54d21,3934018,UNCERTAIN
8846f08ebf76813df391,3934019,UNCERTAIN
eee2301d9ad99c213759,3934019,UNCERTAIN
4515bef2682c9d3471af,3934019,UNCERTAIN
331175693b07fa69f53a,3934022,UNCERTAIN
d5496be78401aae6da73,3934022,REVERSION
86a0fbc8375c4ba65fc0,3934022,REVERSION
085b74f7f47cc253e5c9,3934025,TREND
df9988ac57a5cb93fe81,3934025,REVERSION
697066e8e72799867da1,3934025,REVERSION
523af3d2a47ccda90622,3934624,UNCERTAIN
86d79bcf7a1eae1dd345,3934624,TREND
a9f875e2ee81c5bf74ac,3934624,UNCERTAIN
611ddb7bf9c4104bb0dc,3934627,UNCERTAIN
34f9a74dcd618e304592,3934627,UNCERTAIN
92b44e1d54a69eedd98e,3934627,UNCERTAIN
1b74d09f65bac3a80f98,3934631,UNCERTAIN
186330ff8259b1d4c62e,3934631,UNCERTAIN
8e229f1ebb9e2c8a9625,3934631,UNCERTAIN
50d6171a94b14adbad7d,3934633,UNCERTAIN
33e6e0851d17cc85a9e7,3934633,UNCERTAIN
63923152f90ac66ea397,3934633,UNCERTAIN
196911c76dd9698c052d,3934635,UNCERTAIN
06411bc91a58cc0272af,3934635,UNCERTAIN
03eec5c739ab097d12bd,3934635,UNCERTAIN
4e030d716b101b224b3d,3934671,UNCERTAIN
95004f92a23542ad858f,3934671,UNCERTAIN
0ce3eb4b5ce314474c41,3934671,UNCERTAIN
aa602e8041a723bd2ce4,3934672,REVERSION
217c0067651e00adccdb,3934672,UNCERTAIN
b88606cf799c544e7322,3934672,UNCERTAIN
bf2139f0b3bcbe98bbf5,3934674,UNCERTAIN
6a75d1ccbe28d28cd8ed,3934674,UNCERTAIN
83371b26e360564be17f,3934674,UNCERTAIN
62cddca87d73eea2ec6e,3934678,TREND
3a81a6e0ee5af89dba4d,3934678,UNCERTAIN
20221b3d0a0ecd80a2e5,3934678,REVERSION
5763c7f0136787f863f0,3934680,UNCERTAIN
ea001b6dd453985ef4c4,3934680,REVERSION
ae190b5c40c1a2a4f116,3934680,REVERSION
961543ab8e4b629401cc,3934863,REVERSION
c60bda7056c24f8e61c7,3934863,REVERSION
5e630e6948e641a2dc85,3934863,REVERSION
f4db9ea2b303f587249e,3934864,REVERSION
f01902984d11a62be031,3934864,UNCERTAIN
587813cc8d72762cd491,3934864,UNCERTAIN
78c97c6fa6af8eec84f4,3934865,REVERSION
8a1ff78fb317a110b7d9,3934865,UNCERTAIN
b4168b9c7f3563bb6e49,3934865,REVERSION
b1140ba5809038b6f119,3934869,REVERSION
eb59f1cd8ad6fcebc0bd,3934869,UNCERTAIN
df8a68de3efd489c1032,3934869,UNCERTAIN
debd3543fea50bb4c986,3934873,REVERSION
ac10ea5e3930ad2233f0,3934873,REVERSION
e3f46169eef45a4e359c,3934873,REVERSION
2ef81be329280b810788,3935225,TREND
938a10f1436f42fbddb9,3935225,TREND
3f351fb55a261d462962,3935225,UNCERTAIN
55dc48736898cd489d9d,3935226,TREND
55ba9864789e41970e84,3935226,TREND
27a5b3f8586ebea2dedf,3935226,TREND
b6f4b86765f486494864,3935227,TREND
14b75c8fed6dc01950c1,3935227,TREND
0cfd7cdb5b69d764ab77,3935227,TREND
b35a5aef45baf26c5992,3935235,TREND
2c5c807ead16bb381a84,3935235,UNCERTAIN
34efdff0a13c9940bcbe,3935235,REVERSION
276cc0f22b8557a0cf70,3935238,TREND
6dec8e29d7e50262c990,3935238,TREND
00f4d0445474d4860c9c,3935238,UNCERTAIN
761cdd48b4f7a7b0b5b3,3935551,REVERSION
2252f76ad97b3a06719e,3935551,REVERSION
9d6310aa6b77ff64fe79,3935551,REVERSION
aa66e7d05f8ba506810a,3935555,REVERSION
ea5851ed7879aba5c995,3935555,REVERSION
3346643a8ff7777f9e21,3935555,REVERSION
3e3c1d4979e266f2f2b1,3935561,TREND
2b219409012214045304,3935561,TREND
42dc580c526c7309a006,3935561,TREND
ec4695e7c7c34ab66074,3935563,REVERSION
4afd60e1bb1cb8211b47,3935563,REVERSION
878eaf31e1693e49e32b,3935563,REVERSION
2a0bae9016fa90e3ede0,3935565,REVERSION
62af33e596914fe65466,3935565,REVERSION
84b13ddcee9507fc8b9d,3935565,REVERSION
0ddfeaee8f60048141a8,3935930,REVERSION
b0f9ab9eb3b7c03efe5e,3935930,UNCERTAIN
f3a7e438fdef80d142f3,3935930,UNCERTAIN
c31031a550dea31191cb,3935935,REVERSION
1d28f2fe5d9ee444c140,3935935,UNCERTAIN
da96908a712831b06f23,3935935,UNCERTAIN
0d87a6a8b1e78e195b4c,3935936,REVERSION
a4f74a8a334d1ad431bc,3935936,UNCERTAIN
ae61a0227917932a9fe8,3935936,UNCERTAIN
8a2d11e9309d44409d74,3935937,REVERSION
8d1af56281d37b44d850,3935937,UNCERTAIN
37f9761e7d133d956200,3935937,UNCERTAIN
371bdf886b9cac936a96,3935943,REVERSION
42f4efc15d139a043dd2,3935943,UNCERTAIN
79a577f6f1d79fedc9f3,3936007,TREND
049b622ee02538cf9893,3936007,UNCERTAIN
7f80ab34b32339ebaffb,3936007,UNCERTAIN
9ad7e9bbc3ae167585f0,3936012,TREND
e9c1d0da2c16faea9c3c,3936012,TREND
cc2b697882d6e309ab6e,3936012,TREND
da6633d9aef5338be054,3936015,TREND
7271dc493ee260315212,3936015,TREND
226396edcab95357b0ec,3936015,TREND
dd72ce35701c0ddc1092,3936016,REVERSION
82d010fd230c68521703,3936016,UNCERTAIN
95dc04fbca2d9f9ed741,3936016,UNCERTAIN
1bf4a8e505e69ce0243e,3936017,TREND
9ea12513569f4edfed1e,3936017,TREND
6128d30b2fcffc8a65e9,3936017,TREND
e81caf16dd17dd7416ca,3937161,TREND
b924996709a308ee7f6d,3937161,UNCERTAIN
af7418fbc9b72a2b0f92,3937161,UNCERTAIN
4a2961800905162de411,3937162,REVERSION
9d18b6ca1d3115f3ca4f,3937162,REVERSION
6da3e45a2e5ff6cdbc7e,3937162,UNCERTAIN
512256525c76f452c9e3,3937167,REVERSION
e8e642cfcd40f3b0a248,3937167,REVERSION
68e2616844035f942187,3937167,REVERSION
5bfe8839a20cbc755c66,3937172,UNCERTAIN
0de1fa5fd40213eb0676,3937172,UNCERTAIN
09d243ad3952d5e61982,3937172,UNCERTAIN
5378e801892cc1f50a6b,3937173,TREND
727a8b5c943d4bf4f4b9,3937173,TREND
982d71cad751b5c115a8,3937173,TREND
79835601aa3ae711e089,3937704,TREND
f31fd373c6ed1ccb4d70,3937704,REVERSION
99f677dd8abf9a956a52,3937704,UNCERTAIN
60b96e5e80aa178ce56a,3937706,TREND
8a239d2b7a6ff614aaad,3937706,UNCERTAIN
d36a9e21a0e2c88a657d,3937709,TREND
aed3e2921d0451f62663,3937709,UNCERTAIN
c80dfcdbdc786335cac0,3937709,UNCERTAIN
5c2ee50bf0c333e29d47,3937712,TREND
25725b036236c001e9a2,3937712,REVERSION
d1c1607b7b4c186009df,3937712,UNCERTAIN
321b09f94abffb16738c,3937717,TREND
62c1912113e1c940c901,3937717,UNCERTAIN
33f74b22d4c3387a32fb,3937747,REVERSION
e2b2e9d6e1b0bc43dbd9,3937747,REVERSION
1cd58020f2baac26024f,3937747,REVERSION
bb75ce128636cb927361,3937750,REVERSION
463f4faf9036d6599bff,3937750,REVERSION
a8f70c68829c290060a4,3937750,REVERSION
80f9cf319f25122223d8,3937751,REVERSION
fefbf73876c90b427b0c,3937751,REVERSION
a986fb8cb810f9e0dda3,3937751,REVERSION
a422f8de68e45c22d0e4,3937753,REVERSION
2596b58ab4c0cdabd799,3937753,UNCERTAIN
9d32edd111d9c81d8e98,3937753,UNCERTAIN
430ef0691d3613aad625,3937760,REVERSION
6576e108bb7c19f78008,3937760,UNCERTAIN
26e553f902a07a973b37,3937760,UNCERTAIN
298612e43acf507994b4,3937880,TREND
027c4edfc63c1a19954d,3937880,REVERSION
2793a1efe3083cc56994,3937880,REVERSION
fe424b43ac267a22f766,3937882,UNCERTAIN
8edd897faaf8e513b540,3937882,REVERSION
e95f74e90ff7e5a95dd2,3937882,REVERSION
0cafdd4bbe27d5c6f60c,3937883,REVERSION
eb079302af45f4b51e4a,3937883,REVERSION
17dd3a09bafcd19bef7a,3937883,REVERSION
d8174481a09ce3196564,3937884,UNCERTAIN
f8e31d8ab2b7d195daed,3937884,UNCERTAIN
0ff09f0d6975639dcd0b,3937884,UNCERTAIN
cd30316c57f0fcac8560,3937887,UNCERTAIN
9a637fb8a9ba5c530122,3937887,REVERSION
295988d8d69cd20336b2,3937887,REVERSION
74e776165a729e2d49b0,3938072,UNCERTAIN
fb59482f1d2bb357e493,3938072,UNCERTAIN
6d815a7c75936a3f489c,3938072,REVERSION
54382796c8dd8d555ed2,3938083,TREND
c293d66b138a8ef560b9,3938083,TREND
8b1ea69367b57c30d472,3938083,TREND
eea1a0b2de5df377da98,3938089,UNCERTAIN
73b9d0cc3547fc438af7,3938089,REVERSION
999581d433e73c83f4ee,3938089,REVERSION
49f59c43a415ae0918fb,3938092,TREND
f593a716761a56607b99,3938092,TREND
7f384f815a623dd0bb0e,3938092,TREND
443687bdf3f6b12d3b95,3938094,TREND
c6f6a9f98a2901184e2f,3938094,UNCERTAIN
d5e0f897a2389d4fd6ef,3938094,UNCERTAIN
d6618eee5d7231e1dc84,3938616,REVERSION
9b02fe8701a125cf05e2,3938616,UNCERTAIN
cbe9b075e51f8d574bd4,3938616,REVERSION
c0014b8d9a37d1d71186,3938636,REVERSION
8ee3c2961e27763b35e2,3938636,UNCERTAIN
5e23dc670cd1d07c1b2a,3938636,REVERSION
9ebb178a4b99c3f77fd1,3938645,UNCERTAIN
036bcc34e78f57b50755,3938645,UNCERTAIN
b920098d684f74fdbab4,3938645,REVERSION
c111127153c254eb48ed,3938647,UNCERTAIN
72a29ded8b31dc5f1b81,3938647,REVERSION
0df420dfcc26be238eff,3938647,REVERSION
863e81d05647e6e61628,3938653,REVERSION
75b32cef6b6464c88f40,3938653,UNCERTAIN
56b6b1bf05105cb922cb,3938653,REVERSION
3b17739492a85b6d151b,3939643,TREND
8ea660532ce47c1f6595,3939643,UNCERTAIN
1e917bedcdf3b051d2c8,3939643,UNCERTAIN
9c03621922f515794a53,3939646,TREND
df2ffeb6f9fde7522686,3939646,UNCERTAIN
853314a3de1199aaf334,3939646,REVERSION
32d7cbb024f30b693f6e,3939651,UNCERTAIN
ec5b89f5844b8c2ae26c,3939651,UNCERTAIN
064042a08595f32ad2d2,3939651,UNCERTAIN
df574508fb0e15c5715f,3939654,TREND
f5d9e4fc98dd3c8ae115,3939654,UNCERTAIN
b3622250e96016f12461,3939654,REVERSION
c17cb6a15e3752b5a404,3939656,TREND
52d29cf8403c382ab0e6,3939656,REVERSION
3746e7957d08e321e4f1,3939656,UNCERTAIN
c993e9f87ce816a609c5,3939823,TREND
18f55c223745174f6a33,3939823,UNCERTAIN
bbee4182836da2c2f951,3939823,UNCERTAIN
f11fb0be7f11aa271b4f,3939825,TREND
ab02d6301efa0adbce5b,3939825,TREND
027957930e20489c4fd8,3939825,UNCERTAIN
8c002e6099daf4e462b4,3939829,TREND
32a440da10008be1b5ad,3939829,TREND
733128978768c8d0ec65,3939829,TREND
8268e7e7eb47259fa5c8,3939833,TREND
95993185b6edf419f494,3939833,TREND
3a13e0bf4703696d4547,3939833,UNCERTAIN
904fac3eafe2ad75dda9,3939835,TREND
a0160f1cb481b5f7c8cc,3939835,TREND
48a3f0f5486d6f96ed0a,3939835,TREND
7e51207e550089a0b0d8,3939916,REVERSION
a517747b34a23c37400b,3939916,UNCERTAIN
f8ced832113387946967,3939916,UNCERTAIN
3f7de24a63ee23d82d74,3939926,UNCERTAIN
7c3e2c102065dc176b3f,3939926,UNCERTAIN
89681dc141ede71bea26,3939926,REVERSION
3ed07d94295aeb42be03,3939928,REVERSION
cb8aaf3b90f6eceb501b,3939928,REVERSION
a435453f4199e3d2894d,3939928,REVERSION
0db6205cd1f463055b2d,3939929,REVERSION
c5fe0fc9f56f417e4e56,3939929,REVERSION
17b1e6548cd18c80da71,3939929,REVERSION
b78728ececdb20282205,3939930,UNCERTAIN
e7aa0f7d00d417bb848d,3939930,UNCERTAIN
98a4187c5f9afb9a03cc,3939930,UNCERTAIN
e49162ce44d39fd43281,3940012,UNCERTAIN
442526e0aa413e442477,3940012,UNCERTAIN
861632210b653f0b26a6,3940012,UNCERTAIN
d7155c4dfa64d6e808ed,3940022,REVERSION
9663c7bbb56525feb5bc,3940022,REVERSION
72dd4b7a5046994d6699,3940022,UNCERTAIN
5d0b67d32d48b3b53962,3940023,REVERSION
cd419008c0b6c61edbab,3940023,REVERSION
a8d12cbda6e9fd5f8666,3940023,UNCERTAIN
6f6e52465b7791c16816,3940025,UNCERTAIN
834ed5f8c5df84130d7c,3940025,UNCERTAIN
ce18f6b47024ca173298,3940025,UNCERTAIN
e7499160342e2abcc20d,3940027,UNCERTAIN
27a547f1c5e32abfd72e,3940027,UNCERTAIN
36e884701d5a999fb6a7,3940027,UNCERTAIN
08704f2d55f09118b857,3940063,UNCERTAIN
77246ada12a305c958d5,3940063,UNCERTAIN
d05d7bbef7b95f5b1638,3940063,UNCERTAIN
c43a355b046315037cec,3940066,UNCERTAIN
87b516e0bfb2d02eac84,3940066,UNCERTAIN
4d6525fd28828562256f,3940066,UNCERTAIN
448a72969147de19f1ca,3940069,REVERSION
cb8bfe88e1e0abec8cc9,3940069,UNCERTAIN
c70ad05e062187e54e70,3940069,UNCERTAIN
33748b8c57af514f9ec2,3940070,REVERSION
3a622e71ec1560dc35dc,3940070,REVERSION
1fa7600c01c95a69067a,3940070,REVERSION
1fa4b01f5cd03dc0c4e5,3940074,REVERSION
2ab910f3877bd3622d09,3940074,UNCERTAIN
b58e7d553669a4085835,3940074,REVERSION
31a963ce819d0096b077,3940139,TREND
3a3f81f53ec239f2de26,3940139,TREND
056e08e03b62618a0570,3940139,TREND
03b98ff1e7049f97a4a7,3940142,TREND
16b42081d2441cf46bbf,3940142,TREND
74383d2b541b4b3e2893,3940142,TREND
ac3a6c2e045a13d1ab6b,3940146,TREND
64963fa727add1b6093c,3940146,TREND
f72d1cfa52309ba5cbe9,3940146,TREND
d9e1b1c03e2fa5d02fd5,3940152,TREND
8f1ec13898750d18a834,3940152,TREND
6586b735b0f5d07fdbea,3940152,TREND
6f991afe0cbdfab0adc4,3940153,TREND
6deec4add37eb5151161,3940153,TREND
269cbfa68f4bf8d42e64,3940153,REVERSION
4909cb2119da0705e0e0,3940257,TREND
a865e540711608875321,3940257,TREND
f032c5723e13e43c3b25,3940257,TREND
e4de2aeac371b38fc176,3940263,TREND
b219e00978d57a982bbe,3940263,TREND
8e145d8dddedb4b0dbc5,3940263,TREND
2dc8c35deab22fb215ff,3940267,TREND
523b6b4fe8afdaab2b55,3940267,UNCERTAIN
d1c7f5efb9e765282e15,3940267,TREND
57f5c936bd2c6ec89fbb,3940269,TREND
c52286e5eca6dc6a0809,3940269,TREND
73a6c05167956f61c86b,3940269,TREND
f086d16789b7b10cebf9,3940270,UNCERTAIN
101a2d0f9a9b55deec6f,3940270,UNCERTAIN
753f2d6339551afe3995,3940270,UNCERTAIN
1f4a5f5ec29817da2445,3940418,REVERSION
98355a6d307da7ff5eff,3940418,UNCERTAIN
674fdf92d0784f2b42b9,3940418,UNCERTAIN
2802b150c0be36e01048,3940419,REVERSION
fbf6f55213f0456069d9,3940419,UNCERTAIN
b32313a0c04025b5c89f,3940419,UNCERTAIN
b2d69ca1dd0bba4bc575,3940421,REVERSION
3e36e5f01dd5f373370f,3940421,REVERSION
e639921bbedb154c3f61,3940421,REVERSION
df93bb6513a1b3640975,3940424,REVERSION
276468e240584ef2568b,3940424,REVERSION
ae3f43694204783f5fee,3940424,REVERSION
689dfaacb9bcbff36ee4,3940426,REVERSION
60f94daf7ff0172fc47a,3940426,REVERSION
ee4b1a0f442051531417,3940426,REVERSION
fad7af2c1aaab8a4b5bc,3940465,REVERSION
2c25417081de0205d206,3940465,REVERSION
047364726dc087f2f88b,3940465,REVERSION
310663c5f27fe6577441,3940466,REVERSION
618da46a1da82e254df7,3940466,REVERSION
db217298498722e964ea,3940466,REVERSION
1f3f3d2fd3814a016a87,3940471,REVERSION
68fe4ba66d6e325207bf,3940471,REVERSION
ba5ff4db03ddb717e144,3940471,UNCERTAIN
4bfc316a84a64d67f4bd,3940472,REVERSION
fbc04e9621342daab4e6,3940472,REVERSION
ceeb68cba89dfefc5e4d,3940472,UNCERTAIN
1d61d1ee6ce7991816ba,3940476,UNCERTAIN
04adc96125b25a4ee9e3,3940476,UNCERTAIN
a666a17f31e4ce9b4f4a,3940476,UNCERTAIN
dac2289705f926f1cc10,3940612,REVERSION
95208e0a61868d9c7163,3940612,UNCERTAIN
85f70ed076d8c0fcb6e5,3940612,UNCERTAIN
0cd25fae5dffc4d06bc9,3940613,REVERSION
0b8ca803950aaa01c1d5,3940613,UNCERTAIN
d146aaa2906d80e61d27,3940613,UNCERTAIN
5c4a6c87290bf77b9954,3940637,REVERSION
63c73e83875d737a13e7,3940637,UNCERTAIN
693f3b7d32b4164ca6c7,3940637,UNCERTAIN
8f9c18dbbef1a6716032,3940641,UNCERTAIN
9a5029413edaf052f9f3,3940641,UNCERTAIN
7fade6d22649ace1352f,3940641,TREND
72b89dec84575e29bcc5,3940642,UNCERTAIN
8f57ee0cfb1f302eb27e,3940642,REVERSION
10b7044e42d550c97db8,3940642,REVERSION
b6aefdd43ad12fa24441,3940863,UNCERTAIN
1d30779a18022a0153ea,3940863,UNCERTAIN
f9cab60234533df6bc51,3940863,UNCERTAIN
469bbab9f5d392601e82,3940864,TREND
ff7c521b16fa6a5ec962,3940864,REVERSION
44418a5bf1c6f5840202,3940864,UNCERTAIN
d611a249aed2cc647848,3940866,REVERSION
58895875f46d0766aa51,3940866,REVERSION
ac0b10176d7caea273b3,3940866,REVERSION
c98b0cf9efd4a56dbf5d,3940871,TREND
53e3ee4114326f0e320c,3940871,UNCERTAIN
fb7465159d9839d3eeba,3940871,UNCERTAIN
0fcdbfe6eb9371f168ef,3940874,UNCERTAIN
9b145b5836dd99995db4,3940874,UNCERTAIN
685f24470390fda7e676,3940874,UNCERTAIN
130f5ffc80acab47494e,3940973,REVERSION
dadb31473dcdc26a0b5f,3940973,REVERSION
76b4959865b7e9facb84,3940973,UNCERTAIN
3b27a8b00919aacadac3,3940974,UNCERTAIN
453230552ffbb448d02e,3940974,UNCERTAIN
fed53779ff5b2c8346ff,3940974,REVERSION
498ecd1bdc484486aca5,3940975,TREND
b40e12af48697298e84e,3940975,TREND
bcfc74fd07d645f5ce68,3940975,UNCERTAIN
892f60a4813b8823bdab,3940976,UNCERTAIN
5a1ecd5991de34113179,3940976,UNCERTAIN
3cd04532582e28f6e687,3940976,UNCERTAIN
2e3c924a98d8b16c1f52,3940984,UNCERTAIN
6bd8e00f14264c1565b5,3940984,UNCERTAIN
a72c60509516b78defb5,3940984,UNCERTAIN
0caebc99b6c0315f2484,3941077,TREND
b1623db694f4928248fc,3941077,TREND
c4dc5769779ec12cd0b9,3941077,TREND
fb4b3c5a96da49cfec68,3941078,UNCERTAIN
96b2da0fee7af8383b44,3941078,UNCERTAIN
9c8b9e16434fcfebc2e7,3941078,UNCERTAIN
ae0524fbfd6851eab08c,3941079,TREND
d541e04ee4a6b67ee31a,3941079,TREND
082340647cdecb572a54,3941079,UNCERTAIN
4db71c49bd35d90534ce,3941090,UNCERTAIN
569f1b171db9168177a8,3941090,TREND
5f01e22b490e43b597eb,3941090,UNCERTAIN
d38dff21cf582cf33354,3941091,TREND
912d82caed0f73716d76,3941091,TREND
d2f923c21d28f33ba90e,3941091,TREND
b0d037806aae3d3e345f,3941119,UNCERTAIN
6b05c8b10651a931bf34,3941119,UNCERTAIN
6886b67c7ebf7b29ff40,3941119,UNCERTAIN
046d5b22d44206e449ec,3941120,UNCERTAIN
8e7b0baf1f89ed76d03e,3941120,REVERSION
9826020307f31a0a9286,3941120,REVERSION
d732dc1f47ba9a6139b9,3941121,UNCERTAIN
d9249a64e6bd0cd4c6c3,3941121,UNCERTAIN
a788fc190b7868e97b28,3941121,UNCERTAIN
2b75816d35385f221b07,3941127,UNCERTAIN
fb11474d7e425545f4f6,3941127,REVERSION
18d1ca619a9ed0f5f797,3941127,REVERSION
4c3499a8aee08aba1cc1,3941131,UNCERTAIN
b346b4d49881e697f650,3941131,UNCERTAIN
16bdac2ee36483db439e,3941131,UNCERTAIN
34f59dd10f15a0daf15a,3941217,TREND
9aa3a9498e66c3a84c24,3941217,UNCERTAIN
474a1e51af148c74b606,3941217,UNCERTAIN
27bd149515f6ffa44351,3941218,TREND
2494a8e21d3fcc8a8a90,3941218,UNCERTAIN
75a152179797f1c79d06,3941218,REVERSION
87e7af9801d45007724c,3941220,UNCERTAIN
1c3ba346789c69584b80,3941220,REVERSION
545b82773f1149aacb6f,3941220,REVERSION
2bee45ca94b44160a223,3941223,UNCERTAIN
c65406edf9fbae9223b7,3941223,REVERSION
26904bf2d2b6058f1521,3941223,REVERSION
57183137b45f2bb8fb50,3941226,TREND
4dab559504e3a4277824,3941226,UNCERTAIN
7fe26ec37861f2dd904c,3941226,UNCERTAIN
d525fdcfaa9de7e2929c,3941406,UNCERTAIN
e8b554afa4227d7371ba,3941406,REVERSION
c8f84c5be0590eeb120e,3941410,UNCERTAIN
c130697adbee140f1028,3941410,REVERSION
5249bae4780f32714861,3941410,REVERSION
d0282e57ec1ce707ebe9,3941411,UNCERTAIN
e4e21f9e9fd9383df244,3941411,REVERSION
20f9b7f7c05d83bfb45f,3941423,UNCERTAIN
210513adf84349d824f1,3941423,REVERSION
40185d728f2c2504185a,3941423,REVERSION
5468bf50869ab4c74bf1,3941425,REVERSION
9a6132e9a92cf8472d62,3941425,REVERSION
8da9f236347ba9f1d80b,3941425,REVERSION
888e135fb892417c48d9,3941535,REVERSION
b99b018b65cf48e86608,3941535,UNCERTAIN
ea3dd5ddbb6d77b57ac2,3941535,REVERSION
96b415fdf58c3aa4625a,3941537,UNCERTAIN
0814d2e9db09242ebb6c,3941537,UNCERTAIN
f2e963f15707fe656946,3941537,UNCERTAIN
173892bfbc109dbeeb42,3941538,REVERSION
21e016388c296512bda4,3941538,UNCERTAIN
259a168ee1b4f5fd2f0c,3941538,REVERSION
933b129bf0a5c5014a64,3941547,TREND
4bed5d8492a8ac447d68,3941547,TREND
41814950eb75a81c9ef2,3941547,TREND
534f199d5eaa06dfb224,3941548,UNCERTAIN
6a1def9d99b1b908854d,3941548,UNCERTAIN
09d398b285e224d3777b,3941548,REVERSION
c4dd63047824085e590e,3941589,TREND
274de24b23f53cf448e1,3941589,TREND
e32956aaae9ea34ac0f3,3941589,TREND
5ac8043004a738eabf76,3941592,TREND
7f43f7ee8f6b41e63357,3941592,TREND
6e33ab8e025747fa12c7,3941592,TREND
35a6006846b8152382b6,3941595,TREND
b53fc5fe2e27b249fe61,3941595,TREND
5e998c96aaff27e1aab1,3941595,TREND
76c09694ae7890340411,3941600,TREND
de9c5ab08e19a19a96e3,3941600,UNCERTAIN
3998bc7f7ed645729b8a,3941600,UNCERTAIN
836d596a70eb931218b5,3941601,TREND
704b048882efd28ceef1,3941601,UNCERTAIN
cc4f970fef8c4d832245,3941601,UNCERTAIN
5586cac7a87b97e77961,3942135,TREND
e5809cc6ddf73e754b67,3942135,TREND
5061077b02ab56d2a8e8,3942135,UNCERTAIN
b8668df60daa30412c4b,3942146,TREND
652c0f886fee0c790873,3942146,UNCERTAIN
af9cf136b4dedeafb8eb,3942146,REVERSION
0b0849a574a9086168b7,3942149,TREND
d98308b50d12dae2cf32,3942149,TREND
c042e5c731dc8db86305,3942149,UNCERTAIN
2a550f82b37599628328,3942150,UNCERTAIN
685846669dd94649efa4,3942150,REVERSION
33b0b85e383f6602bbcf,3942150,UNCERTAIN
a54a5f5ee7b8152e0094,3942151,TREND
20101fed1f3d378b863a,3942151,TREND
16be0df697a88e661c09,3942151,UNCERTAIN
8f92a09dbdb2bafc8edb,3942504,TREND
306a07825cc5a8eeefe4,3942504,TREND
5f7cc70ab8ac2177f4f8,3942504,TREND
4df31108051b179d3222,3942506,REVERSION
b3388286c4bcc9b3900d,3942506,REVERSION
a06dd62804b63ff432a9,3942506,UNCERTAIN
6ed4c98cbdf9c6a2b1e7,3942512,UNCERTAIN
c8cbad5a51d7d4d60c19,3942512,UNCERTAIN
bc36a36bfa2c1b27d46b,3942512,UNCERTAIN
f28ac94986b001139ecc,3942514,REVERSION
bee1f85053240819ef5d,3942514,UNCERTAIN
7d0ac85837baee0ac666,3942514,UNCERTAIN
a34b62764d3d9a17193a,3942516,REVERSION
17a0fb0b8d470a0863be,3942516,UNCERTAIN
40eb801f23049985013a,3942516,UNCERTAIN
282919f10fb6f42b0f7a,3942552,REVERSION
ebab8fd0e5dbbee9fa3d,3942552,TREND
22452543cc7e58d25c58,3942552,TREND
a10f164d3c0a6f754d47,3942555,REVERSION
a19e11b564bf1a4ca854,3942555,REVERSION
839d3ccf1b4934f9f567,3942555,REVERSION
ff8e8424e26ff1b21bbc,3942556,REVERSION
f9852c217e25511deaec,3942556,UNCERTAIN
e99a56c7af7a5e9b1d2b,3942556,UNCERTAIN
0908115ca44b8ee18771,3942557,TREND
9c35b5cfa3897551088e,3942557,TREND
35dd4c46433f6dac65d0,3942557,TREND
a00362948e131380e2be,3942562,UNCERTAIN
964ddbd7a636dd6041b5,3942562,UNCERTAIN
ba8bfcac7e625bebdcc9,3942812,REVERSION
585bd4b9d3a59dfd333b,3942812,REVERSION
1b1553e7c6a7c092cf8c,3942812,REVERSION
9cde1cdf938312fd934a,3942814,UNCERTAIN
bed1c9e9ef1c88045799,3942814,REVERSION
e679f1c396f874fffd4d,3942814,UNCERTAIN
a276f503647945f4c400,3942816,TREND
14ef0be0d17a2231d2c4,3942816,REVERSION
9512517d7ad921a87b38,3942816,UNCERTAIN
55fa1d26725da4e50755,3942819,REVERSION
9d629bfd6da45773f184,3942819,REVERSION
0a0257b92d90d269fec8,3942819,UNCERTAIN
b2bd066028e2fa03185e,3942823,UNCERTAIN
61d431b4ba74343d0a64,3942823,UNCERTAIN
76bf50ca5bee2de68761,3942823,UNCERTAIN
8ad28cba69d6ebb816b1,3942978,UNCERTAIN
407e74d24c7b0ecf7f64,3942978,REVERSION
cb028e325ac6477d6f28,3942978,REVERSION
1c7c4f9f06582cdd40b7,3943039,UNCERTAIN
cfd493351c2da06e7cdb,3943039,UNCERTAIN
42174282952a1b73fbbe,3943039,REVERSION
3b96012a09c7cba0164c,3943096,TREND
18bb80d893d87d3c44c9,3943096,TREND
92eaf33f437d7ecfef6b,3943202,TREND
e5dce11f29ce3fd2b672,3943202,UNCERTAIN
1d82983cce507a5587b7,3943202,UNCERTAIN
8176f876cb27dfe5a7de,3943300,TREND
8aeb27472b798dbc06f4,3943300,UNCERTAIN
041839e25322d3003724,3943300,UNCERTAIN
3efc2ac0795e6d06b743,3943404,TREND
16c5c7fbb060789f93f2,3943404,UNCERTAIN
de50cbfd938f36021aa3,3943404,UNCERTAIN
73c422bb3bde15e6c523,3943497,TREND
69b2f379aaced270d6fb,3943497,UNCERTAIN
c2a71c910aa79876c1ca,3943497,UNCERTAIN
4c42aa4defe868683629,3943498,UNCERTAIN
23aebcc9e3330a2dc670,3943498,UNCERTAIN
b78c873750649533f2c4,3943498,UNCERTAIN
e965852732e37dec9f65,3943501,TREND
2782ef7a7280e6c46ef5,3943501,UNCERTAIN
3786b078c0c859fe4b59,3943501,UNCERTAIN
673814a8844bbea36b34,3943502,UNCERTAIN
80ed5a2133d34c94145c,3943502,UNCERTAIN
d502412f857c420cd88f,3943502,UNCERTAIN
a37204e1d307379bc3c2,3943503,TREND
979e78dda82cc43121b2,3943503,UNCERTAIN
c88681fa6a5019c06860,3943503,UNCERTAIN
47de93153c14766486cb,3943651,UNCERTAIN
684baf05793f7d643e5d,3943651,TREND
f8a6dba640a7012ae553,3943651,UNCERTAIN
aef3adda3e40f67c059e,3943655,REVERSION
5dfb7bf69f2d30aedba8,3943655,UNCERTAIN
a8b67c63a92256daa059,3943655,REVERSION
75986e6f87578e1c7c83,3943660,UNCERTAIN
d28b1eb43828c85f2d05,3943660,TREND
5b8aa68fe69de348a425,3943660,TREND
10d742383847f504afc6,3943662,REVERSION
142fe6fb4dba3640abb7,3943662,UNCERTAIN
5dea490b5a35ec530258,3943662,REVERSION
31ba7e9a6c0046315063,3943665,REVERSION
43d2127ed89a6756572a,3943665,UNCERTAIN
1bcad6a28a689ba593c3,3943665,UNCERTAIN
b2f7f5817fada9d4847d,3943751,TREND
ecd91bff68eb3fc9293e,3943751,TREND
fe7ce449d6cb2c4aec8d,3943751,TREND
7bc7a43e526892910569,3943753,TREND
4660d911f3d293cb01ef,3943753,TREND
0c9700eafe5044f2e09c,3943753,TREND
2c689e92c0576c03808f,3943755,UNCERTAIN
924b39ccd8ba196292d6,3943755,UNCERTAIN
dc8c0a0fafbccb1ee56d,3943755,UNCERTAIN
ecc690afe3ae1e0e1cbc,3943757,TREND
3431d8f21d93f7357a3b,3943757,TREND
f8cbb8d9f9d0bcc80921,3943757,TREND
de73b9d69e098f523c6d,3943758,TREND
7609893f99b42cacb28a,3943758,UNCERTAIN
4e809aab78b494a3264c,3943758,UNCERTAIN
821c506ddd2e1a39a56a,3943872,TREND
dac513f3858d6e884e70,3943872,TREND
79908842f8b8ce11cc29,3943872,UNCERTAIN
d856cd054e52332b21e0,3943873,UNCERTAIN
3e43b8e5b2e3c54feb7c,3943873,UNCERTAIN
a9f8fc0e19d63fb93724,3943873,UNCERTAIN
39eac3ccf131b409e975,3943875,REVERSION
7021d066c587a611e5e9,3943875,REVERSION
6ada6acb70beb4272510,3943875,UNCERTAIN
5d7976ff6983c58fc368,3943882,REVERSION
11ab701b37cfaaf71ffb,3943882,REVERSION
f78bfce379178073ebe8,3943882,REVERSION
34070d6a486182d45351,3943883,UNCERTAIN
795e43b629bce168f999,3943883,TREND
e048b698274aba253e49,3943883,UNCERTAIN
c46afd8a953c460e7be6,3944018,TREND
8f070336d18308e53ca6,3944018,UNCERTAIN
b98d7f44c94e4a95ce14,3944018,UNCERTAIN
0b73ce70f59ba78e424d,3944021,TREND
0346298694536f669938,3944021,TREND
8d8d1cd18daa23d73198,3944021,UNCERTAIN
7674a671ebef2284e8dd,3944024,UNCERTAIN
a5dfafba1514314dfcc4,3944024,UNCERTAIN
c874f12d24a0e3a0065f,3944024,UNCERTAIN
81ebb2bac942784d8e68,3944029,UNCERTAIN
e80da10e786c4fb0861c,3944029,UNCERTAIN
01d72bf5c623d8836130,3944029,TREND
37dccd332337716ac4cd,3944030,UNCERTAIN
0c725c9434c490d15fe1,3944030,UNCERTAIN
abae8578dcb0f4f29279,3944030,UNCERTAIN
1f7451a781f033f6e20e,3944569,REVERSION
2c36e5d4cc0d4384d20f,3944569,REVERSION
aa44c8db91477658ca09,3944569,REVERSION
81fc9f8655fc56c604fd,3944574,UNCERTAIN
22a8ab8511887114ee75,3944574,UNCERTAIN
7016bcd10027f5b32191,3944574,UNCERTAIN
149597bd9c4f446f5492,3944578,REVERSION
401b5ab9d10fbdaeb456,3944578,REVERSION
2f939ab57c4f94bc6f7f,3944578,REVERSION
e569d9f976a7594da59e,3944580,REVERSION
66ef7be9734ddf1cc5cc,3944580,REVERSION
0de4a722e8f42402740e,3944580,REVERSION
6436d13ed4e785f4f359,3944583,REVERSION
0352465b3b4234d04211,3944583,UNCERTAIN
a34e04dad085c2537c69,3944583,REVERSION
12aadebd7b37adc85fe2,3945406,UNCERTAIN
dcd25305a5ef43182961,3945406,TREND
f78e1630bfba0b846cf8,3945406,UNCERTAIN
6bcdac2cf5061df7dd78,3945407,REVERSION
36329088ff3f5a8ae9c0,3945407,UNCERTAIN
833cd2e82c5b2fee7b40,3945407,UNCERTAIN
33d651ef908b2964326f,3945411,TREND
7bfc4dfa0f25c1de6070,3945411,TREND
2529b0559a1a903df6d0,3945411,TREND
094a519ef6b570473b6e,3945413,REVERSION
ce7cf3edd37b3a8a987a,3945413,TREND
0147e6b9f20cfbfbeccb,3945413,UNCERTAIN
f49fc314641f52106fc3,3945416,REVERSION
2797fb3b135aec55b280,3945416,UNCERTAIN
99ff93f4cbfb1c0880c9,3945416,REVERSION
05071b3f15b72b4f18f6,3945947,UNCERTAIN
0dde942f86fa6e749435,3945947,UNCERTAIN
6b4f64f8a073a03a80ee,3945947,REVERSION
852f86eebeaa13bb6e57,3945949,UNCERTAIN
e3278eb60ed8c8439d76,3945949,UNCERTAIN
cfaf4f435bd28de385c0,3945949,UNCERTAIN
7ffe3470b2b94aa4ec1c,3945953,UNCERTAIN
700c3c9dd43332c27994,3945953,UNCERTAIN
c4f932cbc3c97e146865,3945953,UNCERTAIN
819e52417380bf075bf6,3945956,TREND
c9b745bfc4d1dea79201,3945956,UNCERTAIN
05f1688020084302c60d,3945956,UNCERTAIN
4af095f389170ca2f18b,3945958,UNCERTAIN
7373c579ae59ecec7fe3,3945958,UNCERTAIN
7026cedbf0a7c0d588c4,3945958,UNCERTAIN
c1c7d9b27ba4edc8c436,3945983,REVERSION
fade54cb8f7032b59602,3945983,REVERSION
eb1467163cf5a1eb59e8,3945983,REVERSION
c77f676b6073b705c89f,3945988,UNCERTAIN
79511b86a2cd7bbeb0f5,3945988,UNCERTAIN
a072730ff07e6ef70531,3945988,UNCERTAIN
1099ac47e3c2e72166d0,3945990,UNCERTAIN
de936e1449366bceb4e0,3945990,REVERSION
dca1f68f74846a9bcb30,3945990,REVERSION
3008b32969d483f42bbd,3945991,UNCERTAIN
c88699f5148c52d07012,3945991,UNCERTAIN
5760d2f4b3a76bbc95ac,3945991,UNCERTAIN
162700968b6ccbfd5032,3945992,TREND
330e92c389905a55cb57,3945992,TREND
32d63739e26413ea7a4f,3945992,UNCERTAIN
4871ce19c71e811070db,3946378,UNCERTAIN
e088fdbb88eabe9b800d,3946378,UNCERTAIN
9c9dc8fff63e89023f00,3946378,UNCERTAIN
8fb3886ae23e3cac60fb,3946380,TREND
8992bf113ed583efbbcf,3946380,UNCERTAIN
8bff550245a72aec765c,3946380,UNCERTAIN
1a7e26f79c110adb2734,3946383,UNCERTAIN
5e101d2a79c1d53dfad2,3946383,UNCERTAIN
a77dcb77b37f8327dcd4,3946383,REVERSION
34ca7bf397ee36b75aac,3946384,TREND
b58af71f434a8381da2d,3946384,UNCERTAIN
af99d24e54241e603405,3946384,UNCERTAIN
e53c03819eefbad70009,3946387,UNCERTAIN
c755ec0958c61db20380,3946387,UNCERTAIN
160924e49f9cb7626e7a,3946387,UNCERTAIN
42034cbf8628717cb9bb,3947956,REVERSION
a6da8c0cf3d8aa15a226,3947956,UNCERTAIN
67bf3ef0c4a47c0b0efe,3947956,UNCERTAIN
87a816bbc66fb3e4587b,3947958,REVERSION
177769bebe15833515c2,3947958,TREND
392fe17493a0e97bc1e7,3947958,TREND
ec062f136be326cbce4c,3947961,UNCERTAIN
adb4ee6dc563e335e4c1,3947961,TREND
e6f4a441193cc37f3922,3947961,TREND
9939b26b3600c355356f,3947963,REVERSION
3c48b787306e3c931f8d,3947963,TREND
9fe08b6857cef3a357f0,3947963,TREND
93a72405720052dbcda7,3947965,REVERSION
4e4e61b5cadbac04c567,3947965,TREND
8890438a59dd15f8585c,3947965,TREND
624eaf29252b8a7c4132,3948433,TREND
6e28e3c173874b8cefed,3948433,TREND
2e961359bf010206f5ff,3948433,TREND
f9967fd2d301bedba340,3948435,TREND
af91fcfa627e8df503c6,3948435,UNCERTAIN
0aab70ab9eaf2c3d44b1,3948435,UNCERTAIN
6a020c85e74c5f14ff41,3948437,TREND
c9c4742db8b7bcd17453,3948437,TREND
98293ba2f7b048dc8c31,3948437,TREND
b63c3ee6f0dd99a0d041,3948443,TREND
6f1b42aa209a193378ce,3948443,TREND
064687d6425b4357893f,3948443,TREND
4b9dd1e42b13b056be12,3948444,TREND
69550b65766451fdcdbb,3948444,UNCERTAIN
f6af0a4fd9acc0f24a78,3948444,UNCERTAIN
c3e0ec93a4647860cf36,3948497,UNCERTAIN
bc65717ad7f70341b3cc,3948497,TREND
fb4d15b0537722f93c39,3948497,TREND
8cdd93cfd9c02652e342,3948504,UNCERTAIN
f0318db8aad9df3b70fb,3948504,UNCERTAIN
df79b3d7a594b7a326c5,3948504,UNCERTAIN
0571439d6089ab14ad7b,3948509,TREND
cfb1ac2d15ffead35b7e,3948509,UNCERTAIN
4491b5e6ae048a1a2118,3948509,UNCERTAIN
0eae4cf96c36034debb4,3948510,TREND
f821cd4b126d1881afc3,3948510,UNCERTAIN
e73ed82b40ec5d092fe3,3948510,UNCERTAIN
e69ee4eb5356012f47a8,3948511,TREND
13f393d4aaf02530db4b,3948511,UNCERTAIN
e52326daf644f844eba3,3948511,UNCERTAIN
7699b0a8655797bfcebd,3948561,UNCERTAIN
0da3dbc4cec0e0986769,3948561,UNCERTAIN
a06f4e70d52d4858b5dd,3948561,UNCERTAIN
903cd6ae4cb69a401b67,3948564,TREND
7c0fef10769baea3f716,3948564,TREND
92926cc2f3d792487364,3948564,TREND
af64787318af6dc9d6f4,3948567,TREND
0c520f9826f2950cb87b,3948567,UNCERTAIN
38f8ddbc439e0c3c9abe,3948567,UNCERTAIN
742998581eafc2924107,3948568,UNCERTAIN
5be8d43b31ce8480887f,3948568,TREND
a171ae69c5ee595a0f58,3948568,UNCERTAIN
fa594d34c031b5545022,3948570,TREND
f869a8049f52e31bc251,3948570,TREND
74602f3afd9847b7bfb3,3948570,UNCERTAIN
66e47b25fdd223470cb6,3948743,REVERSION
9c6e5eeceb899be18ec1,3948743,REVERSION
ced71965b4a54e22b111,3948743,UNCERTAIN
eafc3b833d4bf3f53827,3948748,UNCERTAIN
025041bf042fa386c83d,3948748,TREND
2d3103e2a31e3b6288da,3948748,UNCERTAIN
36a113289241fc069d08,3948752,TREND
f845f74e33a7eea9a5b7,3948752,UNCERTAIN
79039508117a8e52945e,3948752,UNCERTAIN
1b133420f4b533477561,3948755,REVERSION
0397eb9cde9e8aad8f0b,3948755,REVERSION
ef57afa140403d440cb4,3948755,UNCERTAIN
58015d5bb664927c5793,3948757,REVERSION
067708be7cf5811a56ca,3948757,REVERSION
9e4137e7b72b5ef27b7d,3948757,UNCERTAIN
7a557cba04e4bfa3efbf,3948790,TREND
7739214100ce78f7abf1,3948790,TREND
7e5c76d36956f22ff327,3948790,UNCERTAIN
3ff8873845f5ab6c3648,3948794,TREND
d2d978a565a2c3f92054,3948794,TREND
cbcb5f156b2acb4500ac,3948794,UNCERTAIN
dc3a28a1b8f24b333e8f,3948798,TREND
43e5a527795448aef0fe,3948798,TREND
e0789ce44251ad5f8447,3948798,UNCERTAIN
746fb8e42903b6a39908,3948801,UNCERTAIN
8d6cd7ddc932c88b2e90,3948801,UNCERTAIN
fdcb4582862c819119b8,3948801,UNCERTAIN
ec601d7111f4ae2643c9,3948803,TREND
b0e117dfb2b50056ff57,3948803,TREND
31cd92b58a9378e84d7c,3948803,UNCERTAIN
c3586a9357fca9edb533,3949062,UNCERTAIN
23e36bb6e6c6097ce514,3949062,UNCERTAIN
8c04d33f991b78f76c70,3949062,UNCERTAIN
b95da373b01d025a2270,3949069,UNCERTAIN
5b0d8d17114fdf3d6563,3949069,UNCERTAIN
f6100e898c4b60246fbe,3949069,UNCERTAIN
3e26b1570120f960877a,3949070,UNCERTAIN
9c27cc4ce33f63bcac3f,3949070,UNCERTAIN
01de439453599cc2df42,3949070,UNCERTAIN
77bcde1b8bb1882109f5,3949071,UNCERTAIN
62fb25471a6ae08dde37,3949071,UNCERTAIN
072336a8e7c385de4494,3949071,UNCERTAIN
f9851701d4505986f187,3949076,UNCERTAIN
0420213a050fadf7d806,3949076,UNCERTAIN
81c244891beca3701aff,3949076,UNCERTAIN
3d88448b40d2fd88cd37,3949157,UNCERTAIN
1257f7c77826e36319bf,3949157,UNCERTAIN
78e31c8eddface74d6a9,3949157,UNCERTAIN
fe9280fe5c0957d44374,3949161,UNCERTAIN
ce464145fce55d77d4ca,3949161,UNCERTAIN
e48a5e3659e2f74f5135,3949163,UNCERTAIN
76ca13b1074922d302a2,3949163,UNCERTAIN
7c74dba77b924c77877e,3949163,UNCERTAIN
96d772643a4a754f4c05,3949165,UNCERTAIN
29084e113ea32a34efd4,3949165,UNCERTAIN
21894df1bec6f4c75218,3949165,UNCERTAIN
3b0b34a745eb1a7c6f29,3949166,UNCERTAIN
f3820252da000a6fc9a8,3949166,UNCERTAIN
baa0f6810d97feec346b,3949166,REVERSION
a5e3c17801e0201fd0f6,3949326,REVERSION
c865a273f2f00d088e8b,3949326,REVERSION
32bef77ab9dffbeec95e,3949326,REVERSION
14778a2f868038efbc05,3949330,REVERSION
536baa47663a8875926a,3949330,REVERSION
8ff17a124966cc960ba8,3949330,REVERSION
7fbb95858bcd8e4d999c,3949331,UNCERTAIN
26573416f818d890b271,3949331,REVERSION
3fcdb8b4a773d51288e3,3949331,REVERSION
a0009b9e62e8f76eee1a,3949337,UNCERTAIN
c580c85daf49583e9047,3949337,REVERSION
349a3c458ec5267b2004,3949337,REVERSION
f313763666dc3425881f,3949339,REVERSION
917abadfffe4ddc4936c,3949339,REVERSION
0bb0c489bf4492153a2d,3949339,UNCERTAIN
53a24c7270efb3ebfb0a,3949439,TREND
1bc5b2f06a5c32a9669e,3949439,TREND
b7078f551491d885d81d,3949439,TREND
13fb666112f64af4d3b7,3949444,TREND
6fcae9df3499e425006c,3949444,TREND
f597e1bd56d6041133a7,3949444,TREND
8c0d83376b4387263b2d,3949455,TREND
fc89ff4fafb503633c91,3949455,TREND
9ec87720893924e5413c,3949455,TREND
5b046409fd0125509988,3949456,TREND
fd03835bc31dfbafe066,3949456,TREND
f6a5a61eb7e6ea0bf4b3,3949456,TREND
fc5e4982c1613f1aa16b,3949458,TREND
41e725490a32a79a106e,3949458,UNCERTAIN
3357a48f51b251700736,3949458,TREND
aeefde6f94f775674671,3949546,TREND
b1695f0123fa8506e5a5,3949546,UNCERTAIN
d9ad4d08c081de4f0d46,3949546,UNCERTAIN
daa75a181aa4717cb7cb,3949550,UNCERTAIN
e1494c7e46345fa22800,3949550,UNCERTAIN
ef7a3435d03b632bc3c1,3949550,UNCERTAIN
53a93f1bb5699308b212,3949551,UNCERTAIN
3e80f870ee26cbfecd5f,3949551,UNCERTAIN
5fb10208db4c46cc372b,3949551,UNCERTAIN
9ee025bab14478894965,3949555,REVERSION
b2394ce5a2409daa2292,3949555,REVERSION
831f7ef8e23513e9f6ae,3949555,UNCERTAIN
98f67a33e739776e8e0d,3949557,TREND
77b6a8e6869470b3f69e,3949557,UNCERTAIN
331094028e4d2160c4bf,3949557,UNCERTAIN
25e5623dca58b8de2933,3949649,TREND
fba48a225db9ca5a7c4d,3949649,TREND
cee1ce5b7651a8f3d31f,3949649,UNCERTAIN
f01d0c221a86f1fcbb1f,3949652,TREND
8b50b6616b31f3460cc2,3949652,UNCERTAIN
6f4acd8fe88efcf7e115,3949652,UNCERTAIN
1cb123ee99f5c390a918,3949653,TREND
8598d59b6d2ba8f55929,3949653,TREND
e87cd7560ce172df5d9c,3949653,TREND
5987a17182ec36247bca,3949656,TREND
e5125dbb3f9738ca1408,3949656,UNCERTAIN
5c537b72e37eb5b8580f,3949656,UNCERTAIN
ceda7f995d836024f53b,3949660,TREND
693c07481f5e089a49d2,3949660,TREND
7a0bbe378d95e5d1ebc2,3949660,TREND
f3ceab83be4a04d5fb0b,3949779,REVERSION
7953be3b8e7482fbbd14,3949779,REVERSION
ff964d6cb5ce7c99a1bf,3949779,UNCERTAIN
d0d5d986e11241d9f20b,3949781,UNCERTAIN
213bf45513fc687aedae,3949781,REVERSION
589f461a1e8167d15501,3949781,REVERSION
50729323a34a72bb3ed5,3949784,UNCERTAIN
2efc30c6ec46b9763497,3949784,REVERSION
48331c4b36f08d9e2e44,3949784,REVERSION
eed12661c812f9f12397,3949790,UNCERTAIN
c223422b6124acbab688,3949790,REVERSION
d21a16d22b77a016c0f8,3949790,UNCERTAIN
72975d41208bc160a71f,3949791,REVERSION
fb1cd0b8749bdee08f27,3949791,REVERSION
9c9c94b46b5dcf94149c,3949791,REVERSION
966600ce69f796271a3d,3949827,REVERSION
bc64aa35888780aa3bae,3949827,REVERSION
379daf2a12c34f92c683,3949827,REVERSION
989806a8c862c966817e,3949829,REVERSION
bc6c212cc0b6cf3b93fa,3949829,REVERSION
0ee3cec7b580dec9b2c5,3949829,REVERSION
a2461ed00490efe7f8e9,3949830,REVERSION
2afddd034721ab3304a4,3949830,REVERSION
41be3735166c0283b07f,3949830,REVERSION
b8dabedce128cad77003,3949835,TREND
0dd15832fa08859a6533,3949835,REVERSION
51f9dba21a882f687187,3949835,REVERSION
f58f00bb1d25205b5db6,3949838,REVERSION
4a6d5a7913ee7c3c1122,3949838,REVERSION
94f8b243e6f1fde138e0,3949838,REVERSION
aab104bd2b8f94ae3edc,3949887,REVERSION
2bb43a0e98c13f45893b,3949887,REVERSION
6bc7145bf12e4d432812,3949887,REVERSION
9a4220ad540cf38d2319,3949888,UNCERTAIN
8ffbc8950456dde4cfeb,3949888,UNCERTAIN
928c7684cee35405b301,3949888,UNCERTAIN
0d4bbe58be5826dc6d41,3949893,REVERSION
a01a34984334867cc432,3949893,REVERSION
68116db8c3f29f9e9aeb,3949893,REVERSION
19bcd1f3cb3a87e2ce4e,3949894,UNCERTAIN
66e3c15779f004afdad3,3949894,TREND
c917b3e7c47b2a983102,3949894,UNCERTAIN
2d3f9f7c4f6161a24b3d,3949897,REVERSION
785ee9d92e156b2cee3b,3949897,REVERSION
9280d70a471f6d235b72,3949897,REVERSION
a49cb81ccb9aff74a89c,3949981,TREND
15b90efc5410ca3a588a,3949981,UNCERTAIN
1a3dfb164f132b79e27d,3949981,UNCERTAIN
30e2e84ee0765b5d1732,3949985,REVERSION
d90480af9d44d29d3196,3949985,UNCERTAIN
c24870366e91c11eb6bb,3949985,UNCERTAIN
0571cca90b771917c5ac,3949987,TREND
12d6ea7bd84ecb4c37f3,3949987,TREND
e055217ed477c3870e09,3949988,REVERSION
afece4d59ff444e0da8c,3949988,TREND
de485801b414ee5ad39f,3949988,TREND
22d3e78c409f2bb0839c,3949994,REVERSION
3da3e28b2e2c7222ebd0,3949994,REVERSION
fdc867e7cd70a372e9cf,3949994,REVERSION
5122d2cc681279fc4601,3950055,TREND
f58627e9b06d4dc7e186,3950055,TREND
9d4cb2f72c06515fb660,3950055,UNCERTAIN
0e0ab4474387da1b303a,3950061,TREND
3706600837755adc477f,3950061,UNCERTAIN
57625cdde85518590cf2,3950061,UNCERTAIN
9acad644ef2a81bcd09c,3950066,TREND
6a019c6dd1fc5ffad0f9,3950066,UNCERTAIN
ee107170cd8519a32598,3950066,UNCERTAIN
811c4530888313e7b953,3950068,TREND
6abb37553dbadd7a506d,3950068,UNCERTAIN
5221f95a8e1b2ddb1b71,3950068,UNCERTAIN
b4500b0683f53096897a,3950070,TREND
959429febad0e659f1a7,3950070,UNCERTAIN
57ffc83bd3f06b599e8f,3950070,UNCERTAIN
b42632b526e92845285b,3950108,TREND
ee075f6fda9fcad8fc3f,3950108,TREND
ac85bedef09d60ebcdc2,3950108,TREND
cb0902bf9a5ecbdf9c57,3950109,TREND
00deacc3c334e89fa219,3950109,TREND
4ba619f3d59b7a31a5ee,3950109,TREND
7030aa36fbbac419b0bc,3950115,TREND
cd0d948eff2cd6e36f37,3950115,TREND
727d4a89bbe594a5709e,3950115,TREND
36adee7d6235a8dee16d,3950117,TREND
c2d1cf49d48f6b24133c,3950117,TREND
fc3e8d5f033ed84f6460,3950117,TREND
b6140e0df83a168ed40c,3950118,TREND
c444d6e3097177226d81,3950118,TREND
3186789b5156ea382220,3950118,TREND
66823da4d38f22390f7b,3950148,TREND
cbb4ae0576705af1d19a,3950148,TREND
325fad16070a104ccc03,3950148,TREND
ec44ddea330ab3ae021b,3950154,TREND
4586f20143fa8c3d32d9,3950154,TREND
6425bf9fcf0e085bbe16,3950154,TREND
c014991069f9e0d2e3d3,3950157,TREND
0e7884b25c49e85b1ba0,3950157,TREND
856d374aac116fc555e6,3950157,TREND
3d82527fc4d98c3b1cd1,3950158,TREND
6822887defe6ff2fe5f6,3950158,UNCERTAIN
c04970ebe64848e20584,3950158,UNCERTAIN
bab0c2c1bda9e8f0a2ef,3950163,TREND
926f5e934419cbdc725a,3950163,UNCERTAIN
b2ff6c24539272c19539,3950163,UNCERTAIN
65e4d33d0ae29f7acee5,3950275,TREND
70d418b7f14701c6e5ff,3950275,UNCERTAIN
06e98bd582a1128601ce,3950275,REVERSION
e26f359804a62f04cdac,3950279,REVERSION
358d31cd979ebb126f94,3950279,UNCERTAIN
db9b07645112431545be,3950279,REVERSION
47aa88a0c538e4063b6d,3950280,TREND
8d587baf3c7e18d6463b,3950280,REVERSION
7faa126f9310d4171adc,3950280,UNCERTAIN
ce902fa53ec91f6e8f36,3950281,UNCERTAIN
86e85ee16d2bd470a93e,3950281,UNCERTAIN
5c89c81fd3a028a37818,3950281,UNCERTAIN
41450dbc28dd75000d0f,3950284,TREND
7755b8bb8f75eed48ee4,3950284,UNCERTAIN
b81f248fc06ba74a770b,3950284,UNCERTAIN
664b854baf499867a9af,3950390,TREND
35ae37792e8b53b107f1,3950390,TREND
5debf6933f6cb8b9a170,3950390,UNCERTAIN
998bb09834889128e77b,3950392,TREND
0c48e1d6b3a3ce432fe7,3950392,TREND
d9099d9eff86db1b164f,3950392,TREND
4240844f2fcf5c324394,3950396,REVERSION
20adbf0e34e6ef2ac6ae,3950396,UNCERTAIN
7eb4333c3ea3160af04b,3950396,REVERSION
d1a9d773aada8a4e543f,3950401,TREND
348e8c3514091096e999,3950401,TREND
59fa49640d8d29e03e93,3950401,UNCERTAIN
bf97333e9526c2c06524,3950403,TREND
a335bc41dbf8eddc3e88,3950403,UNCERTAIN
09ab64303a2e5dd1bcc4,3950403,REVERSION
2de3b2dad765b202813a,3950510,UNCERTAIN
ac667be58d41d115e0da,3950510,UNCERTAIN
7f26a8f26da09bcb4675,3950510,REVERSION
469908a81c1d54a2957a,3950511,UNCERTAIN
84ee4d4085e842201a52,3950511,REVERSION
8443dea691cd67304276,3950511,REVERSION
a13e7387406f89a9fc66,3950520,REVERSION
16ee4f78af449a46b751,3950520,REVERSION
d56d1736ec033ee63f8b,3950520,REVERSION
c4ad09586c77873d715c,3950521,REVERSION
02e178e45c02b302fcfb,3950521,REVERSION
86978c994dfa850fd5df,3950521,REVERSION
51f998da38e712e8e818,3950523,REVERSION
fd5da40d6c28021ca734,3950523,REVERSION
d963defb03d954cb36db,3950523,UNCERTAIN
76c2d03203a049383b1b,3950617,UNCERTAIN
3deca4e4029d2dd5b8ed,3950617,UNCERTAIN
808cc22452d97b03c0aa,3950617,UNCERTAIN
41f24f27c59ebefe9034,3950618,REVERSION
2d50d6dd9401acac9eb6,3950618,REVERSION
a8afad0788923005a5d9,3950618,TREND
2ed35b2aef19cd07406f,3950620,REVERSION
4a5a382819abc9d521de,3950620,REVERSION
9719cc1fa6eccd32d3f2,3950620,UNCERTAIN
64a5e1ead2d7c7cd2fb0,3950626,UNCERTAIN
d0b6f9c50194581d223e,3950626,TREND
56dc740279a488ab4d98,3950626,TREND
35894a70640d1acdf706,3950627,UNCERTAIN
b9f4e03d0075f98c484e,3950627,UNCERTAIN
cd620bcbca26a46604da,3950627,UNCERTAIN
bb8fbda8723abc0dad44,3950973,REVERSION
a3d8358c15d54680c212,3950973,REVERSION
23d9d2dd2df75fc17e9e,3950973,REVERSION
e81664ef02231e2f06a3,3950974,UNCERTAIN
d1b4f3a1a79d4b89251f,3950974,REVERSION
746602ba5f3cb822a12e,3950974,REVERSION
26918ca842d96099d71a,3950981,REVERSION
90c3386050a19f2177a0,3950981,REVERSION
e51c7188583324858a4f,3950981,UNCERTAIN
25babdd3b7cc4d64c75b,3950987,REVERSION
1f0b9253a1f2fbef7bb1,3950987,UNCERTAIN
34c2d5ab96d19ce0dc73,3950987,REVERSION
e401d4d843818d5338a9,3950988,REVERSION
066deb7bfd47b0f11794,3950988,UNCERTAIN
d5f206b65b7a51b1cc5c,3950988,UNCERTAIN
52df3c3bfc53377dfd51,3951145,TREND
65c7dfbdee5b6020545d,3951145,TREND
59aa7719631ecb761189,3951145,TREND
e378313f6e8dde5c1be6,3951146,UNCERTAIN
1b33ce77d41740793c76,3951146,REVERSION
68d6fa89893c7906527e,3951146,REVERSION
2bd221754c412e7b4f37,3951148,TREND
b71776a3c6f72c3e397d,3951148,TREND
850483c88326f2b4d21e,3951148,UNCERTAIN
9db9f5e1c676c3c46634,3951158,TREND
2aba233a8e1b16110227,3951158,TREND
24bd0528748cf1dc7973,3951158,TREND
fd29286bea9e2e2914dc,3951160,TREND
774ee5750b2dd3171535,3951160,REVERSION
d9b71acee698623b9d36,3951160,REVERSION
4378cd4c5ebe9769c07e,3951331,REVERSION
d91719d1c4812997ab45,3951331,REVERSION
edf426e22e49a020918a,3951331,UNCERTAIN
7caea930ab6ef155e994,3951333,UNCERTAIN
f772bb8da21c87e0cd70,3951333,UNCERTAIN
a8c8e1f04d3b573abf77,3951333,REVERSION
a84eecbe25a2c20f018e,3951335,UNCERTAIN
6515cbfc1925b77e52bc,3951335,UNCERTAIN
187ecab1c58a76f1a1fc,3951335,UNCERTAIN
0028d9ceb697a48c8a36,3951338,REVERSION
9b565c923d5935bd656e,3951338,REVERSION
36f2adea9608c1c9bfd3,3951338,REVERSION
9d344418c5139269619d,3951352,UNCERTAIN
1ea1ed0bde736032d6dc,3951352,REVERSION
71ee08b21c02ed2313f5,3951352,UNCERTAIN
7f63001cc5ae8721ed85,3951410,TREND
d306c8b2b01791a56976,3951410,TREND
3ec7219907b209caceb5,3951410,TREND
e377ad4abbbec369ef83,3951415,TREND
b49690120e0953bfe7fe,3951415,UNCERTAIN
6a979f7afd5b26b8fc73,3951415,UNCERTAIN
ad6c9317e38a04ac74da,3951419,TREND
d45db0a5dc42ad63924a,3951419,TREND
b9498ef0825e31231164,3951419,UNCERTAIN
09df23ad4a34db892401,3951420,TREND
df291aaef7c863c568d3,3951420,TREND
a3de8b43acf66155e2ba,3951420,UNCERTAIN
43e191d94adfbeadb5f1,3951422,TREND
9a5e2408c71294041baf,3951422,TREND
bb5a25aac663e99b6601,3951422,UNCERTAIN
ecd4bf088805d234022f,3951629,UNCERTAIN
36045e60a887e9aec14f,3951629,REVERSION
3f3890bb9fd1af85196b,3951629,REVERSION
eccc11d655a5a8b06449,3951630,UNCERTAIN
4a6cfdf34f581b81295d,3951630,REVERSION
e78e0e6055c2bb98ef1e,3951630,UNCERTAIN
efd191264bbc451bb0be,3951633,UNCERTAIN
48e47a27f8d570b63464,3951633,REVERSION
171ca3e72d359940a38a,3951633,REVERSION
f25fb590d5587135e1cb,3951634,REVERSION
84eb9d59f73f4c728ac4,3951634,UNCERTAIN
c11e7e6f44e786f8733e,3951634,REVERSION
9ffe15847d44927826b2,3951639,UNCERTAIN
ab777bf97a42a097de55,3951639,UNCERTAIN
1cce9a2b49c7f6aed863,3951639,UNCERTAIN
4b7d7ad189f10ac733ee,3951975,REVERSION
bc1f4c657a44af19e749,3951975,REVERSION
9b0fe2c7988ec9e79740,3951975,UNCERTAIN
fe7564bf5b735e76cda2,3951983,UNCERTAIN
f2c9e14e892390706593,3951983,REVERSION
6f02882e6df20030f5cc,3951983,REVERSION
5aff2393f3e9e455a3c0,3951984,REVERSION
4857055b959a28a77a12,3951984,REVERSION
4f0b745079a5cb8a1f09,3951984,UNCERTAIN
b76dd82d98c0bdc3e1ce,3951985,UNCERTAIN
411b64d40bbbc6229694,3951985,REVERSION
775d41c8e4da089baf3b,3951985,UNCERTAIN
9cdf20bfecb6c6bb6190,3951986,REVERSION
c1ff623b51e194974ef2,3951986,REVERSION
2a616c1c32a111761549,3951986,UNCERTAIN
ad612064f1fa7705e015,3952078,TREND
1a53bff63e4998ee0c03,3952078,REVERSION
8cd89f0aaa38f71bd97d,3952078,REVERSION
46eb2df6c917fcb98922,3952083,UNCERTAIN
23c21a845d58a22fe006,3952083,UNCERTAIN
6dd5314d20e89c2b3aeb,3952083,UNCERTAIN
de2faca8e8f975a4075d,3952085,TREND
94213253a54fc6a763ea,3952085,UNCERTAIN
ed4ad8b4a489b545e220,3952085,REVERSION
b3225888657b78399084,3952090,REVERSION
c87583027d1659707dda,3952090,TREND
ee96161e6d12b7d64b2b,3952090,TREND
0c7d0d7f217d636183e3,3952092,REVERSION
4a75f97069873a07ad4f,3952092,UNCERTAIN
7b40cbccda2fd2ef2ae3,3952092,UNCERTAIN
df4662256116c8cbd6b0,3952154,UNCERTAIN
3097dd5d2a95e70b95ad,3952154,TREND
5a7883dbf738d623c322,3952155,UNCERTAIN
047bcf4678abf04d82b8,3952155,UNCERTAIN
13bba20011fc9fd960f5,3952155,UNCERTAIN
3b024a492895194aa551,3952159,UNCERTAIN
ef5fb1d41861b0d9191f,3952159,UNCERTAIN
7a47f71a0d7f0138e9f6,3952159,UNCERTAIN
9632de6f83e480f454db,3952161,UNCERTAIN
efca6a5168819c8e1d3a,3952161,UNCERTAIN
ea7b218852f5093b8f49,3952161,UNCERTAIN
c67c33d94736a50520d2,3952166,UNCERTAIN
a3b7d8c01fb7b284a453,3952166,UNCERTAIN
4415307d97fc00ad9486,3952166,UNCERTAIN
11c8ff729eff5f2d721d,3952214,TREND
cac0278d82f0b090a701,3952214,UNCERTAIN
69ec3e5d74bf6d602d15,3952214,UNCERTAIN
fef1214b1612037398fd,3952216,REVERSION
69d6f60414fc29252d7f,3952216,UNCERTAIN
480ea82be498736f2a24,3952216,UNCERTAIN
aa187cdc347abd6e642b,3952219,TREND
bace7b1f9a46a134c64f,3952219,UNCERTAIN
8b1f3559cc8cd09087a1,3952219,UNCERTAIN
aba079d4b4ba754d5200,3952220,REVERSION
ce72cc09f8ccc33dedbb,3952220,UNCERTAIN
ed8fdb316a2573229f55,3952220,UNCERTAIN
5f244cfe980a78309fea,3952225,REVERSION
a2410c5c33e9dda5861b,3952225,REVERSION
aa918bee7c7c34d7edea,3952225,UNCERTAIN
b055f653a84e91388bdd,3952330,TREND
73325b7f3e8501cd6781,3952330,TREND
9d8d7588abd7e924e131,3952330,TREND
52a6288f908dce181eb4,3952332,TREND
22afabd6ea0b49915cf2,3952332,UNCERTAIN
416c2c24000d00ec2f0d,3952332,TREND
01c3be2349e7e6936e67,3952336,UNCERTAIN
5fc01f1cb0b5e82cbe1e,3952336,TREND
dd412340940e268c1a82,3952336,TREND
69dbdfb85df909e3588d,3952339,REVERSION
8ab7e8f2beb199beb2bb,3952339,UNCERTAIN
d39005138005e6f1f782,3952339,UNCERTAIN
229080cc48109fdafd4a,3952342,TREND
6363da8a9f13994834e0,3952342,TREND
55021c285b169694250d,3952388,REVERSION
9e23e4c542ad8e69117c,3952388,UNCERTAIN
61d8d4f5b9c62662d9df,3952388,UNCERTAIN
7cb006bdfb2bcb292584,3952392,TREND
c67fc27597f1eb09bab4,3952392,UNCERTAIN
05b6bfb731694396e643,3952392,UNCERTAIN
c45d8f2b67ec15e32657,3952397,TREND
09efec55562a1a47dbed,3952397,UNCERTAIN
0719be50de8a4ff6caea,3952397,UNCERTAIN
53c222585194c8acc179,3952398,UNCERTAIN
0c33ee39cf837f55f46c,3952398,REVERSION
8375efacdc9b9a52eb2b,3952398,REVERSION
e32c98d1a92a50cf727c,3952403,TREND
fdfd1d1c0316cb8184c3,3952403,TREND
f7c721aa1a7b07b9d100,3952403,UNCERTAIN
706945e57fc10b04abf1,3952441,REVERSION
59f005cf303a59194505,3952441,UNCERTAIN
2a3175e1cbc2bc604d9b,3952441,UNCERTAIN
9b345b9d4c4f1cabbaa7,3952448,UNCERTAIN
5e895c8eee1a040e0a99,3952448,REVERSION
0dd05b80e007671c6d35,3952448,REVERSION
9e21bb2bf40f7b0d6c45,3952449,UNCERTAIN
41d75e640bfee8db1f8b,3952449,UNCERTAIN
e6f9bff56979620eb45a,3952449,UNCERTAIN
8800c13d3cc0e092c6ed,3952451,UNCERTAIN
9c825e7df8f96325bfd4,3952451,REVERSION
e84f535f6d4eff4bf9d6,3952451,REVERSION
b2ae364e5687a81669ee,3952455,REVERSION
22c43c9908dcc4409586,3952455,REVERSION
a4bd860215393b0a5869,3952455,REVERSION
a13b755eac9410d8703d,3952621,TREND
a4fee5f42c193e9d439f,3952621,REVERSION
c4a94f8664767912acee,3952621,REVERSION
9ac66a51c01195f065c9,3952622,UNCERTAIN
4c47dace970eb9038011,3952622,REVERSION
a4e2e1d9c0a032e6d02c,3952622,REVERSION
4787a6a53fc0db7ee613,3952628,REVERSION
1fbcd4fcb6cad6f94d30,3952628,REVERSION
139b936bba02edac67ba,3952628,REVERSION
1d9023cb3343879c69bf,3952629,TREND
c0b45bea98ed9405eeff,3952629,TREND
245cc16d2a131cdeecc0,3952631,UNCERTAIN
2c6a458219a911118429,3952631,REVERSION
5801dbcd60d406a46d69,3952631,UNCERTAIN
95e108bd1187fa4e0b7c,3952703,TREND
87f672d082037d549f66,3952703,TREND
a631894ad5218f667f57,3952703,TREND
d49ad3f13154c2a0f79b,3952704,UNCERTAIN
2db5023876a0b832f1c3,3952704,UNCERTAIN
7598a1f721cfd7a6d4ea,3952704,REVERSION
fc0e7a1bace2152cc0bd,3952707,UNCERTAIN
7218e23a8c10fff474eb,3952707,UNCERTAIN
296af6afaf3be60ec6fa,3952707,UNCERTAIN
2b49e80aaabc60a0faa8,3952713,TREND
e7dfae8e0ec040d2e553,3952713,UNCERTAIN
d35186a715dd08d4e794,3952713,UNCERTAIN
3697e6bd4e318e09d068,3952714,TREND
17294e4affbec1f05079,3952714,TREND
773bdf69daed215b8e39,3952714,TREND
a2fafe21bc7fed771e24,3953027,TREND
c97c9da64a953d2be154,3953027,TREND
710c07f04620ce2b872b,3953027,TREND
7bee4a320fd2248dea38,3953028,TREND
d0d35d0d58025fedc87d,3953028,TREND
19971a5085dde047ac7a,3953028,TREND
2d8b3d914df3a358efc6,3953033,TREND
49edc990b8dae123c6a6,3953033,TREND
0c1e1ab9c7397ce22c99,3953033,TREND
d99618aad68063730f17,3953034,TREND
ca14bf2644753d707fdb,3953034,UNCERTAIN
4890a85b5cb52d3c928a,3953034,UNCERTAIN
92aa6f22386b2709e530,3953042,TREND
562cf3b0d412c0478f17,3953042,TREND
efb10b6f38662865aa6e,3953042,TREND
287506c5a039f709a70d,3953209,UNCERTAIN
a6eadc7b268c8dc1b068,3953209,UNCERTAIN
319a45c346c45a600790,3953209,UNCERTAIN
a2c16a5c0baf017eb23a,3953212,UNCERTAIN
60aabd4cd5449568f49e,3953212,REVERSION
a4140dbd3b20c59ec944,3953212,REVERSION
d20dbe61c5ad6db7e034,3953216,UNCERTAIN
f791b4f1359833a5bdcd,3953216,UNCERTAIN
5b1075e13feba23e578e,3953216,REVERSION
0c7e3b4633b98aa1529b,3953217,UNCERTAIN
1e0543dd356c16179d98,3953217,UNCERTAIN
9bd9e9d95b98158fc0f2,3953217,REVERSION
1a584da9e79932a90bf9,3953219,UNCERTAIN
09ad6c0c376b29302c02,3953219,UNCERTAIN
26529cc84eada89ccf70,3953219,REVERSION
ae80d525119dcfba05d9,3953344,TREND
7f4f4e5861086d3d9e28,3953344,UNCERTAIN
9c43695ee0440ffb4b02,3953344,UNCERTAIN
f92bc464e5c9c3ecf0a1,3953348,TREND
dccd17929c13021d7c24,3953348,REVERSION
cf01468d09a7783b1bdf,3953348,REVERSION
d6e8e1c96f6ddc4db677,3953350,TREND
aedbe9d22dd45f1da1fc,3953350,UNCERTAIN
beacb796120a7a268710,3953350,UNCERTAIN
9e585d7c3c353aeba9af,3953353,TREND
deadca1afad40c09df14,3953353,UNCERTAIN
9bf8baa4fa3b8fde8b06,3953353,REVERSION
1542f6d8d634691f7185,3953356,TREND
1f90b397449b713fd3d3,3953356,UNCERTAIN
36e258b604f819499ee5,3953356,REVERSION
c92877ce841dc8c096fc,3953527,TREND
b77d6fc4d4ddcdb4c173,3953527,UNCERTAIN
aad37be985f598d2200e,3953527,REVERSION
2a103e176129dfb51e44,3953530,TREND
40f3e327dabcb6af1c73,3953530,REVERSION
32542dfb90a9a48d00ec,3953530,REVERSION
d62ec3b96520be364834,3953533,TREND
8a089a01bddaadc901f2,3953533,REVERSION
2132fe6d3e376f0f65f5,3953533,REVERSION
d3f534d70b7a49346b62,3953534,TREND
d4f7f34397b59fe9d339,3953534,REVERSION
0c789e1df3334deb1557,3953534,REVERSION
dcde877c0444b2c161a1,3953539,TREND
9b7cd26585f58368d324,3953539,UNCERTAIN
44c5ccbf0dc13bfd7568,3953539,REVERSION
c9729dcb8c0dd3790731,3953742,TREND
b2851e8cf5e105b45ae9,3953742,REVERSION
c48c7584eb65d5e0c9c8,3953742,UNCERTAIN
6e9b562d7dacf80b2ee5,3953750,TREND
d18f99bac609ff33b15c,3953750,REVERSION
89872dfcd6ea185fd6a1,3953750,REVERSION
51d2c26fd15813505f2f,3953755,TREND
41494f2eca34c4986a02,3953755,TREND
ee9ca7e8db09bf7fb05a,3953755,TREND
1e7fede2994000cc16ab,3953757,TREND
a81492be0b20c99bf4f8,3953757,UNCERTAIN
b0bea3c1baa740b567a5,3953757,TREND
3a4db5c3afdd6ef45631,3953761,TREND
8d7e3884c950917cdb52,3953761,REVERSION
7f62e19e2f6b6b757e5d,3953761,UNCERTAIN
69a442dc755d5081c4f8,3953859,UNCERTAIN
57caadf2dd71ad3790ce,3953859,REVERSION
fca807883fe9393a794b,3953859,UNCERTAIN
b32cb13951d97bb7629f,3953860,TREND
29c6f86984e5778109bb,3953860,UNCERTAIN
85cbbe336678cd5c2ca6,3953860,UNCERTAIN
53e7165b340940919e43,3953866,UNCERTAIN
afc65c2a11c15fc5f5b8,3953866,UNCERTAIN
2fae66c29ba9a56a7b31,3953866,UNCERTAIN
cf1dbc61dc815766a21d,3953868,REVERSION
1d7fadcc0019b3e19de1,3953868,REVERSION
69b27a36e0f9063af681,3953868,UNCERTAIN
d114a61daab775c555a8,3953869,TREND
fb959327ced39eca46a8,3953869,UNCERTAIN
c97e0de9bf9b38a7aaf9,3953869,TREND
aeb6e4b683dc69c2416e,3954004,UNCERTAIN
49da4800a5eb644929f3,3954004,UNCERTAIN
931b2257a3a2bdaa5fe5,3954004,UNCERTAIN
2a53536abd515b83a0da,3954005,UNCERTAIN
65308e168e61f9dc1814,3954005,UNCERTAIN
7f17a9faf0095aad7b24,3954005,UNCERTAIN
c85684aa8fd12fb58ed2,3954006,UNCERTAIN
61841e75846c39ac4696,3954006,UNCERTAIN
03f82f972f8525ae1446,3954006,UNCERTAIN
ab2d0c881cf33bde7471,3954012,UNCERTAIN
b2b199d454478882e638,3954012,UNCERTAIN
31ff77c20aee2c8c60f1,3954012,UNCERTAIN
441094da3379dfab6482,3954013,UNCERTAIN
870b62b3d43cb4de8ea1,3954013,UNCERTAIN
5d54b7f4df38ac389847,3954013,UNCERTAIN
d27735c2714c7ce2d53b,3954460,UNCERTAIN
cf112cca1a87cb58e6f6,3954460,TREND
097a0ddb38b135f65a05,3954460,UNCERTAIN
3b28b5e849b598997c41,3954466,TREND
3f93995ab073c17fcc0c,3954466,UNCERTAIN
22a5065685227c2b9a74,3954466,UNCERTAIN
08a1377f8b4a562ad21a,3954469,UNCERTAIN
ae368d98af290e3eb271,3954469,TREND
59163c21481c97033bd9,3954469,UNCERTAIN
9c8f426d9569339bc76c,3954471,REVERSION
457775ddc4c318daf795,3954471,TREND
473285311ccce86db9f7,3954471,UNCERTAIN
d9d8343ef87d95286e9b,3954475,UNCERTAIN
5ba188e345dd9d87a255,3954475,UNCERTAIN
6e5eb00730a2ce8b2af1,3954475,UNCERTAIN
6a2abd67775e9840b4c3,3954633,UNCERTAIN
76973d40d76386d5a54d,3954633,REVERSION
611eb7062f062c2ef274,3954633,REVERSION
63be6af8b2ef3fea4bed,3954642,UNCERTAIN
398902ba6eaa7831c05c,3954642,UNCERTAIN
0d83bf0b6d6a130efc15,3954642,REVERSION
30f9a473d4dc76d8a384,3954644,TREND
c0a0f42a53cb27a9cece,3954644,UNCERTAIN
ec287a9801a3fde22214,3954644,UNCERTAIN
a6c13cbe76fa4b0c367f,3954645,TREND
2ae06d9b0c3060b0e618,3954645,TREND
3e2df5d73eb92d1926db,3954645,TREND
ebad355232f171a9b693,3954647,REVERSION
4568af7dbd6883e6b619,3954647,UNCERTAIN
859d301a53e0a6976dd0,3954647,UNCERTAIN
9ada89df32672de8d1f7,3954814,UNCERTAIN
2ae2b0b15814f6005b6d,3954814,UNCERTAIN
0a1c22b865ef885dc65f,3954814,UNCERTAIN
1d5d7d7ed59bab7d5a6d,3954821,UNCERTAIN
fc74a1640bc0804077c4,3954821,UNCERTAIN
b34c2030cbb863ec0ef7,3954821,UNCERTAIN
ae3c30d549e54c026f7d,3954822,TREND
a7c97cec5de7c4046d86,3954822,UNCERTAIN
ca4db8f0d61960c6d3ea,3954822,UNCERTAIN
a6c1fae9bfe29c6c8077,3954826,UNCERTAIN
39c2991f174875572db4,3954826,UNCERTAIN
55607ff54fbcd01d77de,3954826,UNCERTAIN
f258c209ca5144199b89,3954828,REVERSION
5b4a86dcef8b106c0a66,3954828,UNCERTAIN
571afced53b8166edbea,3954828,UNCERTAIN
fdb82db9c254ff976353,3954909,UNCERTAIN
9b99b3123c97dc2976a3,3954909,UNCERTAIN
61f40c694d3c644facd7,3954909,REVERSION
a57608ffdf19243bfb41,3954914,REVERSION
0ba4dc7d56db33d1db9b,3954914,REVERSION
c9d9fe9b01792e315377,3954914,REVERSION
07ac4b9380c75d64078f,3954916,UNCERTAIN
14a69a7bb2a2f6b72558,3954916,REVERSION
bf06d272fe2c15aa76b8,3954916,REVERSION
f2e0efe2d81168a83bda,3954918,REVERSION
aba601fc5ffcb4e75e81,3954918,REVERSION
63b5276764e6f43d4881,3954918,REVERSION
fb1fa7a6d15ffb08ec43,3954919,REVERSION
6a736f14e414a8e136bf,3954919,UNCERTAIN
5f9a41a5ee401af949e2,3954919,UNCERTAIN
38e048a44c41b3659460,3955444,UNCERTAIN
98a18e0200d76b9d4ade,3955444,REVERSION
d2251fccc19c0495935a,3955444,UNCERTAIN
aa2a95273d1e29029eb8,3955447,REVERSION
6036360a577eec0d449c,3955447,UNCERTAIN
57180082ab9290eeb887,3955447,UNCERTAIN
83671bf57aae7c8966af,3955449,TREND
492c4dbbb278d3e39d18,3955449,TREND
8012d9003ca9584366dc,3955449,UNCERTAIN
c1d9ed672e3193336d34,3955451,REVERSION
5c8c451119b5052e2240,3955451,REVERSION
826e5681a2147ef445e2,3955451,UNCERTAIN
2879efcda70dbfc51a61,3955455,REVERSION
5c0902cf29f1a28d2bca,3955455,REVERSION
7b474bca76b528a7dabc,3955455,REVERSION
f217f2957a5a61d018fd,3955578,TREND
62dbc63f48e3f0312d33,3955578,UNCERTAIN
952795fd526f1f0b3e77,3955578,REVERSION
645fb5df8abddd38b779,3955579,TREND
3c9478dfc8d2844630b0,3955579,UNCERTAIN
38b2cf626773ff3f38ed,3955579,UNCERTAIN
49529ae20f39dde6889c,3955580,UNCERTAIN
0f2a126b42e88d910990,3955580,REVERSION
3e15d23dbb58a3e5eb60,3955580,REVERSION
e23da1ae9c2919997677,3955582,UNCERTAIN
f9eccfb74c7c9b7a874c,3955582,REVERSION
00da816577bc6d38e687,3955582,REVERSION
36fe0f64e42b145bba89,3955587,UNCERTAIN
6ad240d5af9d55849b20,3955587,UNCERTAIN
febebc4436adffb87555,3955587,REVERSION
448862c33c3258ec85cb,3955737,UNCERTAIN
d9b110a727d13d959921,3955737,REVERSION
472982e831549b588599,3955737,REVERSION
1343c4b728f5140b916a,3955742,REVERSION
4f41ce333cc916ec3bb8,3955742,REVERSION
8b08bec0bf86d67160b4,3955742,UNCERTAIN
05050396c9189aa0c101,3955744,REVERSION
553759060d7615a6b357,3955744,REVERSION
29a487d79417b696c566,3955744,UNCERTAIN
ddb53acb11faf3a7c64b,3955750,REVERSION
26621824de980d4e2d30,3955750,REVERSION
ec4744a1ef404cd2ab8f,3955750,REVERSION
4d1e398655348b9e9f11,3955751,UNCERTAIN
7f979d8eeaf3247412cc,3955751,UNCERTAIN
e0a6ba2a9f91b58af36a,3955751,REVERSION
152df870344da347b224,3955949,REVERSION
e756f292a6e3ade16712,3955949,REVERSION
40f20ed1567aea8471ca,3955949,UNCERTAIN
51708473605ff408959c,3955953,REVERSION
13be55ad104bb4cdb845,3955953,REVERSION
0e94ce15bd8f4be25ce5,3955953,REVERSION
9f2db3c09eee770aaa31,3955954,REVERSION
a893e66e630f7925a8b2,3955954,REVERSION
764a6d80b7ab9e99d302,3955954,REVERSION
a10c277d3aecde49e0dd,3955958,REVERSION
d0edefeb7b92e6092406,3955958,REVERSION
f0160823a550ecd40e48,3955958,UNCERTAIN
2776814c35f94f7bdfbd,3955959,REVERSION
c4e45fb9dd71dba88a3e,3955959,REVERSION
97a2d19d489ff9b83c3b,3955959,REVERSION
59775ae6504cb21d388f,3956649,UNCERTAIN
b22889d57606036cc7fd,3956649,UNCERTAIN
0bad5b06c953d02ec9f1,3956649,UNCERTAIN
e4817dc02318da363d2f,3956651,TREND
d38b5c2596cc4b20a988,3956651,TREND
8568d6e70b4f11dbbd29,3956651,TREND
2dbdb27f7b181ae88ec0,3956652,TREND
ef936429196c85d01042,3956652,TREND
73ee16e7bc46c4050cc2,3956652,TREND
807cff9f88a1e40ba36c,3956658,UNCERTAIN
ee32f298a621cc2e1675,3956658,UNCERTAIN
3b3296b89f0cfa18617d,3956658,UNCERTAIN
5a37321fbcacabf28b20,3956661,UNCERTAIN
9bbd5ce67d924ed3c337,3956661,UNCERTAIN
ce4f201a4aaeadfc5cac,3956661,UNCERTAIN
98be60c60f6fdca7061f,3957082,REVERSION
e4367d8546d21197fa37,3957082,UNCERTAIN
cb6b8093b5e4eaf2b329,3957082,UNCERTAIN
97116b930106e17b0de4,3957089,TREND
518f0dabd6e2d261a788,3957089,UNCERTAIN
80d357dafdbb3cb49af9,3957089,UNCERTAIN
0d79731ed406fa49073b,3957094,UNCERTAIN
df2f8964aac14510748a,3957094,TREND
e8cef716b4c23bdfb7e8,3957094,TREND
2f5351a25a9f5e63022c,3957096,REVERSION
2fa88a573d593a4e3cf9,3957096,REVERSION
15fe7c9b198c4d3f27a2,3957096,REVERSION
9bdff93512d969e8e90e,3957104,UNCERTAIN
231ce2e941df116a6481,3957104,TREND
11adcf60e258ec1c3e7e,3957104,UNCERTAIN
c8a96966d7cee9999a35,3957213,REVERSION
791baf41e1327b9188be,3957213,REVERSION
4e11f10f288b390798a1,3957213,REVERSION
cdec55149ec015cac0be,3957221,REVERSION
feb0b4302185f6f1f570,3957221,REVERSION
14d9e3ed8718413594c0,3957221,REVERSION
23da6a0e58250037d092,3957222,REVERSION
afd2f01a79f1171e5051,3957222,REVERSION
fa000e40266ca58f794f,3957222,REVERSION
8267ecf91bac06b4fb3f,3957223,TREND
fdf0cad0213aac3c8ce1,3957223,TREND
5230583fcdeb46791dc7,3957223,UNCERTAIN
05a2ad58c9a192c65f1d,3957227,REVERSION
2b5c9d017047b5638912,3957227,REVERSION
afd72b688584573c10d4,3957227,REVERSION
c589c0daadd1f90e5c0b,3957437,UNCERTAIN
1c06b4b51dcf1934db76,3957437,REVERSION
6e7c0c07b9aba4d032b3,3957437,UNCERTAIN
300f386d527beaa2748d,3957445,UNCERTAIN
47b62f2cba6d48c24ce5,3957445,REVERSION
d2eaa16b2e962709d04e,3957445,REVERSION
db43a42cc36cbaa4ad8c,3957446,REVERSION
69fed66af586f9f4f208,3957446,REVERSION
527ff70c6ab7529191e4,3957446,REVERSION
8381eb84eba4721616ca,3957448,UNCERTAIN
5defc1c4645c4129a3dc,3957448,UNCERTAIN
c736d667395d0ac7c317,3957448,UNCERTAIN
05acb1bd270c99e5e599,3957452,UNCERTAIN
ca40c9c67e382d439d4b,3957452,UNCERTAIN
b98fef0c481b2cf7bb93,3957452,UNCERTAIN
18777132676049cdec17,3957876,UNCERTAIN
aff9786b1a73ee79653b,3957876,UNCERTAIN
cc6c4cc598e3b3d9a335,3957876,UNCERTAIN
4d7263a20feef432bd0d,3957877,TREND
bac9a44acd294fe93981,3957877,TREND
97199ff0dbc45e45ec00,3957877,TREND
a62f6e0c10a06a464e4d,3957878,UNCERTAIN
1991478d1cce5e5a64e2,3957878,REVERSION
18e794535e6d549cedd1,3957878,REVERSION
39df906ff4a807d07f54,3957886,UNCERTAIN
720111601bb1944f62ad,3957886,TREND
56fe8bc3710c17ae9509,3957886,TREND
cb245180affd532ee2bf,3957890,UNCERTAIN
4e0fc9048cb4c6737958,3957890,UNCERTAIN
8ae891869abaca46810f,3957890,TREND
766d1a756d56c876e594,3958602,UNCERTAIN
530a6e6e2378c18cb0b8,3958602,REVERSION
a0ecce65bb0aa207c85d,3958602,UNCERTAIN
8d3cf67f6cd93786d07a,3958610,TREND
cd030377a09f88a2b714,3958610,TREND
907a4e954731c59156d1,3958610,UNCERTAIN
bf0f2f8050b3fa0223fe,3958619,UNCERTAIN
b2b95e2a49133cbbfe3c,3958619,UNCERTAIN
f921844770837adbdc48,3958619,UNCERTAIN
3b6ab8224ede1b9c5d2d,3958629,UNCERTAIN
db051bd8c160bf078332,3958629,REVERSION
039f92d7e76f3a86ff95,3958629,REVERSION
5e29661d546fc16fcfb0,3958634,TREND
89a3f8cd55163c017ffd,3958634,UNCERTAIN
d7ab35efe8dc90122ebe,3958634,TREND
4e5076cec54356e66738,3960011,UNCERTAIN
3db4969b9f4d33de3f10,3960011,UNCERTAIN
3163a5a08474b30fa714,3960011,UNCERTAIN
894b5cd890f397fab1d2,3960012,UNCERTAIN
821c79cc91af0d10b288,3960012,UNCERTAIN
2ee7d7fb137274716822,3960012,UNCERTAIN
e3c758435b2e959f6f4a,3960014,REVERSION
58aad3639ecac656d10a,3960014,UNCERTAIN
bccd6a894b87517ae15f,3960014,UNCERTAIN
69499b5a212586dd3eae,3960016,UNCERTAIN
6415fbf3f543a978c3d5,3960016,UNCERTAIN
37a67492875310be22f8,3960016,UNCERTAIN
c5bba4025c5a05a15ae4,3960025,TREND
e58c66ba08ebcbb44235,3960025,UNCERTAIN
a26269fc47112b236f4b,3960025,UNCERTAIN
530cd51f74b104a2abe1,3960207,TREND
2697cf338ab0138b59b6,3960207,UNCERTAIN
c90753cf4545f9b3dff8,3960207,UNCERTAIN
45d172494039a6177fb2,3960210,TREND
e05ea3e9c8006f61b2a7,3960210,REVERSION
516ca6fa376fbda92ab7,3960210,REVERSION
4962a5e379f4eac1948c,3960216,UNCERTAIN
62394cd2a63746d55eea,3960216,REVERSION
af3ea086f7048e494225,3960216,REVERSION
15a9deebe2ad80d5640f,3960218,UNCERTAIN
06aa76fcf0a3f5100396,3960218,REVERSION
f1203579febedb9a98fd,3960218,REVERSION
9fb44299ff9bf68c2e70,3960220,TREND
2fed783a012d5fc02bcf,3960220,UNCERTAIN
475923b00ce46c135b0a,3960220,UNCERTAIN
24f25c6d2750a4045bb5,3960395,UNCERTAIN
dc8fc4ffeffa4c387921,3960395,UNCERTAIN
c5eb354b436b684c571c,3960395,UNCERTAIN
60d9b3cca77460dfdfd5,3960396,REVERSION
f21c4ed7d5d2e25f9887,3960396,UNCERTAIN
9e88aba9bd7be155ab45,3960396,UNCERTAIN
3fdaf1350daaed04757d,3960399,UNCERTAIN
d2c1ff66a18ae4da3e74,3960399,UNCERTAIN
07a1ec3160615748284d,3960399,UNCERTAIN
0d7619ba16ffe3ad7e51,3960406,REVERSION
7e6d34d830bba78f0838,3960406,REVERSION
0c5082040753b700fa57,3960406,REVERSION
1e025ccd44abb20acd5d,3960407,REVERSION
7189e5a360d57a4fe263,3960407,REVERSION
0cfa7d39c8aba240bd49,3960407,REVERSION
19aaec142fa86b44487a,3960493,UNCERTAIN
f7b6dd55686007ad0d89,3960493,UNCERTAIN
32c089042cbe5b40fad4,3960493,UNCERTAIN
24fd92e3f843942da29f,3960494,TREND
585544732f8cb0a8a05a,3960494,UNCERTAIN
d669a4b7901ca6bcc9e3,3960494,UNCERTAIN
0e5569e6028b7693bb3b,3960495,TREND
e3b4e3fba1bd6207b6f4,3960495,UNCERTAIN
1e900ebbf3c04352864d,3960495,UNCERTAIN
636f6ac19235db00e27d,3960503,TREND
ed9d9b13fc714676f51a,3960503,UNCERTAIN
b7c9937c84bd25730839,3960503,UNCERTAIN
703fc337dbce71271f69,3960507,TREND
6a2882baf9f9c927e7e0,3960507,UNCERTAIN
022a4aef11279fd80e07,3960507,UNCERTAIN
d8c6d147f3a52eeeed3f,3960535,UNCERTAIN
f6638ec8ee945cc4e1d8,3960535,UNCERTAIN
bcb67739ce9476a95451,3960535,UNCERTAIN
159b3ff61665dc887b58,3960538,UNCERTAIN
5953555c3356bbd08882,3960538,UNCERTAIN
e81f02621a3c1a73522f,3960538,UNCERTAIN
dba104ac148d299b337a,3960540,UNCERTAIN
06dc68e36b4f69c6a6e7,3960540,UNCERTAIN
5400d72b6d227f78261d,3960540,UNCERTAIN
2d5272209abdc2bf740e,3960542,UNCERTAIN
103566d0096a50580081,3960542,UNCERTAIN
feac6e583403883e28e0,3960542,UNCERTAIN
329b192d93bdd170f6d5,3960548,UNCERTAIN
2e2398a33c00403eadc5,3960548,UNCERTAIN
0286e14faba9a138de11,3960548,UNCERTAIN
39e3d1d54bcaf0695a8e,3960661,REVERSION
7b1916257a99f3b32acd,3960661,REVERSION
db7f054b00e785aecbf5,3960661,UNCERTAIN
8a95c62177870af7c647,3960662,UNCERTAIN
81f1c6316aa20cd0a24b,3960662,REVERSION
5d798e6e155d4021b481,3960662,UNCERTAIN
f8154c09c15cd3a1d048,3960667,TREND
5c86f77b2a41fdb76bba,3960667,REVERSION
058bf2ce36e77a10588f,3960667,REVERSION
ac57905e3a260bf952b1,3960668,TREND
2aa9789e45a94f163ba1,3960668,UNCERTAIN
cc36b4a6ec93585fe4c7,3960668,UNCERTAIN
646d3d719e4386ba23b1,3960669,UNCERTAIN
895b66a1675addffb73c,3960669,UNCERTAIN
ae460c94d68d24a2fc5a,3960669,UNCERTAIN
be406d8ca6f671762959,3960759,REVERSION
6e652f8b7075c17d394d,3960759,REVERSION
daacd17bce161dae8649,3960759,REVERSION
79e33c7386bb6a57030a,3960762,REVERSION
903fb273a96b8bcae633,3960762,REVERSION
a51cf66b7ccdcd1fdb4d,3960762,UNCERTAIN
d65817f6f321c4e707cb,3960766,TREND
f6a34af6f1c80a707248,3960766,UNCERTAIN
70d51187297bef5d9bcb,3960766,UNCERTAIN
2cb31424d0030d634763,3960768,TREND
175ffb6210a5ef3a87d3,3960768,UNCERTAIN
274224bdd3563c5a8384,3960768,UNCERTAIN
db2f801590a968cc732f,3960771,UNCERTAIN
ef384bddc9771c3e47dc,3960771,TREND
75074c6fa6be3e1b85f7,3960771,TREND
1dc55b48480b3deb3dc7,3961752,UNCERTAIN
ca7de72203af72894d20,3961752,UNCERTAIN
f03a1f6e80c7e11c011b,3961752,REVERSION
277c19e71a70063e715c,3961758,REVERSION
301b769729c1330ae411,3961758,REVERSION
ee254a3d256d8d078044,3961758,REVERSION
81a3eca8392547575c8b,3961761,UNCERTAIN
959a0e60844a6f7b8965,3961761,REVERSION
968ab2781ef961a7ab1a,3961761,UNCERTAIN
7b9a1fd5a49c19899910,3961764,UNCERTAIN
ac444a08962b1bd8b1b9,3961764,REVERSION
84bbcef0fbff8f4307ef,3961764,REVERSION
51f44012bc857634e77d,3961766,UNCERTAIN
0fb1494a8b5392415cf4,3961766,REVERSION
2e6211abfa4adf57d4c4,3961766,UNCERTAIN
d5d4f69805045d7d019c,3961847,UNCERTAIN
02524e7534f222022d82,3961847,REVERSION
5a9c4d35123d791acaad,3961847,REVERSION
e981cc43ecf91dca14f7,3961852,UNCERTAIN
7b7927c56803752635c8,3961852,UNCERTAIN
c29b75e85efbcc9dec31,3961852,UNCERTAIN
19c119d76e51dc833728,3961854,UNCERTAIN
a11229c5fdc54fbb25bd,3961854,UNCERTAIN
339571e535e1db89aae0,3961854,UNCERTAIN
a7ff3d101542899a31f3,3961856,UNCERTAIN
1f85409f8ed24392bb26,3961856,REVERSION
9e085b84bc03f5a262aa,3961856,REVERSION
2cc023adfb2d4cfa149e,3961858,UNCERTAIN
ef9c7f41e39ddc161eed,3961858,UNCERTAIN
67314b9f0369a2666699,3961858,UNCERTAIN
9c1fd3d44d4aac7750d9,3961991,UNCERTAIN
6295c0a84e1701d93270,3961991,REVERSION
92e2b823db227997350c,3961991,UNCERTAIN
c822140f268a3c0e9813,3961994,UNCERTAIN
0cfc95c334f7357717fb,3961994,REVERSION
f9b25ea091b63dc5f0b9,3961994,TREND
e83ea7f24759baa44234,3961999,UNCERTAIN
b74e8873946770d6696a,3961999,TREND
9c99da86cf4c67f0e66e,3961999,TREND
40fee937109f48bb4804,3962000,REVERSION
98f20bc9faaee36a386b,3962000,REVERSION
e5c8faab9fd1139d9f1e,3962000,REVERSION
d6b59b1992d07fa7d2f4,3962004,UNCERTAIN
29a143cb7b6d9b63670f,3962004,REVERSION
4401a5bf7f93230d49fe,3962004,UNCERTAIN
e7b307180a80236c3db7,3962323,TREND
f581805c31667a03e5a2,3962323,UNCERTAIN
d94bc353a702c532a96f,3962323,UNCERTAIN
d291f9bbff4b238e0f6f,3962324,TREND
459ffdc6f4302430e316,3962324,UNCERTAIN
e2c9bf7016f312c94e1c,3962324,UNCERTAIN
0efb6b7301c0ff665570,3962326,TREND
d32210b18badc4de9f45,3962326,UNCERTAIN
e47896d1c95887e97a6f,3962326,UNCERTAIN
66b37d141bb52b25e364,3962327,TREND
39889cb9a377cb9ad65d,3962327,TREND
0a4e5442b9f3adcc7d2d,3962327,TREND
192561f2c9d71ffb7579,3962331,TREND
93e6861e4209c7485d63,3962331,UNCERTAIN
9e0ce3782a61b28df1de,3962331,TREND
0c0c022c8b12574f79d5,3962673,UNCERTAIN
fbbef2b1f645f3c64570,3962673,REVERSION
04d2a15bd48a14d2b926,3962673,REVERSION
1eb5b6de301dc057ae57,3962674,TREND
e853e797b896e3441219,3962674,UNCERTAIN
753362c7dd7c7fcef8fb,3962674,UNCERTAIN
a24735a829d0b7e0299d,3962681,TREND
8af934e58355b7e535cb,3962681,UNCERTAIN
7493e33e66dc23380d70,3962681,UNCERTAIN
0474cc1e56f2de32d057,3962684,UNCERTAIN
1b445cc53638306fbf0c,3962684,UNCERTAIN
28e37fb1a498e47ce497,3962684,REVERSION
15b2ff73cd6df9114664,3962686,REVERSION
2f5d11bc58245b171d10,3962686,REVERSION
e624bc2b256724ab2a76,3962686,REVERSION
cb4c91c0fc91f1cd90ee,3962759,UNCERTAIN
e7d9a2202fbc408a51b1,3962759,REVERSION
1dd7349bc8c1fdb350ea,3962759,UNCERTAIN
5ec3d89c07c979eb18fb,3962764,UNCERTAIN
df537dcc1500d95612cc,3962764,REVERSION
2cff4df949640f1bc6c6,3962764,REVERSION
bdb947cfafb605ad2fd7,3962768,UNCERTAIN
c4e66206c02d7156e389,3962768,UNCERTAIN
f2bac5f787712291b61a,3962768,UNCERTAIN
f5bffad9d5cf5a6aaba7,3962769,TREND
5ac9bf202dcea1ba2380,3962769,REVERSION
2eb1b96be248286e0199,3962769,UNCERTAIN
c9f6cfa13761108155fb,3962771,UNCERTAIN
896f7f75b6c01e0661fd,3962771,UNCERTAIN
09e0ecec4b9dc9f54d38,3962771,UNCERTAIN
3924fdb394865a089fe8,3962803,REVERSION
6fbd300031cca4a10867,3962803,UNCERTAIN
3686df6dcd197d2f7e3e,3962803,UNCERTAIN
512c88810be9e3ba93b4,3962810,UNCERTAIN
e27e5ecdf373711a035b,3962810,UNCERTAIN
eda5b5a5f342987e81e9,3962810,UNCERTAIN
fe3d30e56b50bb337366,3962812,UNCERTAIN
e04a9c8fda57bb4aa3de,3962812,UNCERTAIN
4ae45de19172d1230213,3962812,UNCERTAIN
919e9860758d8448a2d4,3962813,TREND
30086293bd13b24a8f0b,3962813,UNCERTAIN
56ba09a0c19bf4d87d16,3962813,REVERSION
f5ccab7b8fcca01c59eb,3962814,TREND
24407900a674af51a214,3962814,UNCERTAIN
7c8bac0536a2e1c5d2c8,3962814,UNCERTAIN
1224da04bd7d655bace2,3963458,UNCERTAIN
36922654909ebe2eca80,3963458,REVERSION
9fff9eb2f00d7e141b14,3963458,REVERSION
45c1ae87c418f8f8bacf,3963462,TREND
7368984fb911a878707a,3963462,TREND
c7525d1fa3d8269a226e,3963462,UNCERTAIN
18b80dd91b99e3ee23cc,3963463,UNCERTAIN
ceee98ec388b042fa334,3963463,REVERSION
a200291d81d39f7992e7,3963463,REVERSION
a5f9eceea24dfa17f16d,3963466,TREND
f07d36f34929fad4d7be,3963466,TREND
dc7db7a1bfad37e45ef9,3963466,REVERSION
c200f04d7c8ff18b88a6,3963467,TREND
6dd72e158dd8055f994f,3963467,TREND
337e7eca32627b1e55a4,3963467,UNCERTAIN
b09da86d14d4bfecacdc,3963581,TREND
b131b23ae6c317d97ddb,3963581,TREND
1287f740a28c3da7e7e7,3963581,TREND
d45f0f7393fe7dc6d3ca,3963583,UNCERTAIN
9b4cd6e1f255723d864a,3963583,UNCERTAIN
4bd4b0c1afdb088c8bcc,3963583,TREND
d004928f6dc756676882,3963589,UNCERTAIN
b916b6e526b64f9ef2e7,3963589,UNCERTAIN
4bb8327b1f61e5e5785f,3963589,UNCERTAIN
8f2c9b2924a9b2a5a31e,3963590,TREND
6de2ba37a12fd59bf3e7,3963590,TREND
cebb55d70b2a96215243,3963592,UNCERTAIN
21585f1afbb0c9117e64,3963592,UNCERTAIN
c7ba7ec3aaa10dfa6d26,3963592,UNCERTAIN
203f2331d641a56e1987,3963680,TREND
8bb0d27dc5da47130a1b,3963680,TREND
7cc670d72d473fe37462,3963680,UNCERTAIN
d7e1f7a1469834c69cab,3963681,TREND
114a6ed161e371415fdf,3963681,TREND
245c358648488ed212ea,3963681,TREND
d4dad63baba3b76b2801,3963686,TREND
7dbce7d68cb80a76fdf2,3963686,UNCERTAIN
e6eb0ee356cb4d01abe6,3963686,REVERSION
3fa99f76a8e247b777e9,3963687,TREND
5b6a5b290e426111f39c,3963687,UNCERTAIN
6bb4bee6b39b46318cd0,3963687,UNCERTAIN
40a385e0bad6085002f4,3963691,TREND
b2259ecb8e8ff8b7a452,3963691,UNCERTAIN
c180966389e97a4fb17d,3963691,UNCERTAIN
db77db9749b705930f71,3963832,TREND
846aac1063f871bd4161,3963832,UNCERTAIN
0bdb79e2081f37ca49b5,3963832,UNCERTAIN
48dc98e2bf0618eb45d6,3963834,REVERSION
6c08745df17de5a654e6,3963834,UNCERTAIN
8833f6d69b9e9476fddb,3963834,UNCERTAIN
35420c1c301e9e55286d,3963836,REVERSION
5d1431908842512a5c86,3963836,UNCERTAIN
e599543f3f3b839a374f,3963836,UNCERTAIN
4110e0ce73d423cccf00,3963839,REVERSION
6f134f982808dacf9d28,3963839,UNCERTAIN
39460a27b6eff83b6ecf,3963839,UNCERTAIN
349ed191359d834ee38b,3963840,REVERSION
3f8edede6945bf0926b0,3963840,UNCERTAIN
946f84bf6be612f8877f,3963840,UNCERTAIN
21ecafd118e4a75aa2bb,3964269,UNCERTAIN
e4ec5071a9e496c4d26f,3964269,UNCERTAIN
017ca321f4f90b72532d,3964269,UNCERTAIN
76ab91aa997cabe94dac,3964270,REVERSION
95923d11f6f45a2125d1,3964270,UNCERTAIN
7ee227837f45cd2ec4f6,3964270,UNCERTAIN
7d6fb7b2708e755b3bd3,3964271,REVERSION
9111be22ec691183dee3,3964271,UNCERTAIN
e7c423c63fef52b5828c,3964271,REVERSION
dc78c7e195e1bb91f551,3964273,UNCERTAIN
2453f99da72b9d64cfbb,3964273,UNCERTAIN
b8f38ed544e3f6cc715f,3964273,UNCERTAIN
20ed0df82b788da80a1b,3964278,TREND
a85a44b8e68a03a2f546,3964278,UNCERTAIN
8ba22fc43cd4b88ce8f1,3964278,UNCERTAIN
68779f3e99859322f016,3964422,UNCERTAIN
3c6e2160f0b42b6f3bd0,3964422,UNCERTAIN
97ad43178739146d4c5f,3964422,UNCERTAIN
82c8d73af253fbf034bd,3964423,UNCERTAIN
85b273b5179227b78322,3964423,UNCERTAIN
62d95130fcb9ce6de2ea,3964423,UNCERTAIN
5b3155c76368c3834ee9,3964426,UNCERTAIN
4d859541dbfeb4aeee5b,3964426,UNCERTAIN
5a7d28bc620e7b172711,3964426,UNCERTAIN
5adbcd4c375dd1001149,3964428,UNCERTAIN
75bfc96c474fd53a48ab,3964428,UNCERTAIN
0977fda9fb339625e22b,3964428,TREND
ef4c1a2f61e06b6b2698,3964431,UNCERTAIN
8a3128a97b24feb68ce9,3964431,UNCERTAIN
3629e31c672213abf963,3964431,REVERSION
f9a2c1c44b402a4c3679,3964597,UNCERTAIN
71cacf5d63cd8d536cbc,3964597,UNCERTAIN
8b61fec3c28bc77dc5cf,3964597,REVERSION
f5850ea2171df56bc086,3964598,UNCERTAIN
ef6132d2585f564be720,3964598,UNCERTAIN
ad4444068a25f5cdd2a4,3964598,REVERSION
b89e76939c50c91d5a6c,3964600,TREND
689abc2bc8bbde4f8b8d,3964600,UNCERTAIN
5165fe026336a46caa7a,3964600,REVERSION
4abf1a20048d2e1daab6,3964601,TREND
f246a4bfd82257307286,3964601,UNCERTAIN
556f9a01900e2ae76bd7,3964601,UNCERTAIN
96c5228f1d7b2e3aee5e,3964607,UNCERTAIN
1890ba278cd0b86ba642,3964607,UNCERTAIN
0641bd323b2dd33aa232,3964607,UNCERTAIN
20c63d7425d792639136,3964841,UNCERTAIN
53f22806d7b2df9b356c,3964841,TREND
6e16d728a2667b818a47,3964841,TREND
338a3be6a564a767ec04,3964842,UNCERTAIN
3f1b213a47aa743525f1,3964842,REVERSION
cc091e62d240589bd34c,3964842,REVERSION
3361889c18ea2fbd0a79,3964852,REVERSION
da9fab4dc4dba557a68a,3964852,REVERSION
9f759c14d684cac103a0,3964852,REVERSION
5ff021aae30079c2b1fd,3964854,REVERSION
2934c2def910ee79018f,3964854,REVERSION
a5df08897e77571b767f,3964854,REVERSION
e55d81c39e4ff559daf3,3964855,REVERSION
6a15a239be320f454a74,3964855,REVERSION
01d5e232d8c1fd316cf2,3964855,REVERSION
cd21cd15645e4e387fa9,3964927,UNCERTAIN
75f3c5241bdfc953a1e8,3964927,UNCERTAIN
e42bc3ede7488e03144a,3964927,UNCERTAIN
c6186ea4d8bf670c277a,3964931,UNCERTAIN
ba8fa594e5306811fbdb,3964931,UNCERTAIN
ab8e00c1a825601b3d87,3964931,UNCERTAIN
268070bc1db05b92277d,3964935,UNCERTAIN
1ffd5ebf556c9811460b,3964935,UNCERTAIN
03fa8cd98a351a2b879a,3964935,REVERSION
98e6a12209cf39d4f24c,3964938,UNCERTAIN
46b8382ca36f793d371c,3964938,UNCERTAIN
8a663e852df75660c13d,3964938,UNCERTAIN
db669699771317df411b,3964939,UNCERTAIN
075833ab79a218bc3d8f,3964939,UNCERTAIN
42e653a871841829596d,3964939,REVERSION
6c1bc8b6762a09ca8473,3965047,TREND
be5bd7c6b712af05c73b,3965047,UNCERTAIN
aeba82522f39ec3ed115,3965047,UNCERTAIN
76b663a18829695e3978,3965049,UNCERTAIN
c89d4e22246cb1895595,3965049,UNCERTAIN
975f8de0e0bd8c059f90,3965049,UNCERTAIN
949fb754569662c7ffe6,3965065,UNCERTAIN
49ec694ccc17b2fa6b89,3965065,UNCERTAIN
aec87a877de10621083a,3965065,UNCERTAIN
5456a1584dbc4bd9f41c,3965067,REVERSION
470b5ab5edd9ce9f56e0,3965067,REVERSION
3d774922171e38a0372a,3965067,REVERSION
35fdffc194cac3c5523b,3965080,TREND
bb78258b58bf217ac919,3965080,REVERSION
81710b2aebf35a7a596f,3965080,REVERSION
2e6b3d7adb120230156b,3965111,REVERSION
0d98e43a68fcbba110c5,3965111,UNCERTAIN
6d867d3fa2d3c56500bb,3965111,UNCERTAIN
b042731de89d1e5b2942,3965112,UNCERTAIN
80a2396f2dbc057d53f1,3965112,REVERSION
755dfc27bed1d4b3eeaa,3965112,UNCERTAIN
d07a8a8a066941bad723,3965115,REVERSION
1581e1b9ba78e2336a8f,3965115,REVERSION
46ed3edcb6156b6b636c,3965115,UNCERTAIN
dfe1dceb4df40958b36a,3965122,REVERSION
84cb4fda34b26a56fc96,3965122,UNCERTAIN
b73cc27b92cd550f6af0,3965122,UNCERTAIN
bda1ece33782a5deb993,3965125,UNCERTAIN
279e8cdf2630b6876153,3965125,UNCERTAIN
ea76110bc2b4c4e41d7f,3965125,REVERSION
7a78b863148fb8c3f112,3965237,TREND
60c0e0bee488384e7c1b,3965237,UNCERTAIN
fd6de8f274edfa8775f5,3965237,UNCERTAIN
6d632be668cfb6ad6808,3965238,UNCERTAIN
81453e254a3b0ffef818,3965238,UNCERTAIN
c3318dcd57ed937947d3,3965238,UNCERTAIN
8e9bf7ff43c047d6849d,3965239,REVERSION
5ba3ced8bf81f415480e,3965239,REVERSION
c16fb1b281bfe291d904,3965239,UNCERTAIN
b0a1e323deb845ae7bff,3965247,UNCERTAIN
041e718932b0ae4fbd59,3965247,UNCERTAIN
6f73953c131603ba5887,3965247,UNCERTAIN
7d250977d18e4a0b8dc8,3965248,REVERSION
e3bd9ef621de74877bbd,3965248,UNCERTAIN
d8b4206f6f8028564028,3965248,UNCERTAIN
ec2a56ee97321fe0d6e7,3965340,UNCERTAIN
2deff80ef00e266bbfdd,3965340,UNCERTAIN
d338b60e5acbb58d2b4d,3965340,UNCERTAIN
fb1ae1ca5dd9974ad0e3,3965342,UNCERTAIN
536314671c37c5164373,3965342,UNCERTAIN
d967e8d5328b1213141d,3965342,UNCERTAIN
eb3304def77e41c17509,3965344,UNCERTAIN
9012708d15058013548f,3965344,UNCERTAIN
2a45c89494145dff61f1,3965344,UNCERTAIN
9b8f6ce578e90414bede,3965350,UNCERTAIN
d54dfc1a90d8394810b1,3965350,UNCERTAIN
8ba84256228ccce619c7,3965350,UNCERTAIN
d565453fc2e5da1e654b,3965355,REVERSION
86f5dafc02a24b2a10e1,3965355,UNCERTAIN
5a1c8a99af4edb9f2bf6,3965355,UNCERTAIN
96c5d49bdc069db636da,3965464,UNCERTAIN
c19b1ff89a88eaf6d680,3965464,UNCERTAIN
17b8b684a08983b2b93c,3965464,UNCERTAIN
a7176675202f07c48f71,3965466,UNCERTAIN
bb598a34e9c062a9a863,3965466,UNCERTAIN
89958fe609e120bd02b1,3965466,UNCERTAIN
7880c886af7e18c50e7b,3965468,REVERSION
1e91bdeaafcdb2457da3,3965468,REVERSION
e7b6b55030daeb51f3b9,3965468,UNCERTAIN
4aed6e4e12588cea8ef3,3965469,REVERSION
83a483cd4dbade6aaff3,3965469,UNCERTAIN
1f2ba7b31a79929b0312,3965469,UNCERTAIN
e416bde7aff52eaf2dbe,3965473,REVERSION
bc4a0db87399c648b03e,3965473,UNCERTAIN
cb430de767ccd91ef88e,3965473,UNCERTAIN
2046da2811190db3d475,3965498,UNCERTAIN
e0bf03738fe3bb71ffa7,3965498,REVERSION
b8442e719f2e65c5f0f6,3965498,REVERSION
5670b8fe5f45b1098b4a,3965504,REVERSION
e0d043cdf5f37dedc4e8,3965504,REVERSION
0ef47c5a26c40502a2a9,3965504,REVERSION
ea5ec12c39a6769cbd1d,3965506,REVERSION
602136a74ff18136d967,3965506,UNCERTAIN
1bd2519eb35c32561cfa,3965506,UNCERTAIN
d189569fb9da14508e06,3965510,TREND
4b136f54ef5e6fc3a250,3965510,UNCERTAIN
2b83960d9a31281e7445,3965510,UNCERTAIN
f41cf3dc14c30463817e,3965512,REVERSION
55e4ffde254625e8cb2a,3965512,REVERSION
b62d3e0e28038000e1bc,3965512,UNCERTAIN
3efa6cb05dc19745b40d,3965555,REVERSION
c54342ce0ea09f9bf9f5,3965555,REVERSION
7422b23d8ddbf061ea5a,3965555,REVERSION
8067c88cc725ca8b7179,3965559,REVERSION
9e70e4a1d250bf690e6d,3965559,REVERSION
e50d99424134fe1e0610,3965559,UNCERTAIN
726b1922488d76b46e07,3965562,TREND
ae3f63ae60ea16ec4dba,3965562,UNCERTAIN
89fb0f91008192133a24,3965562,REVERSION
59162b081d6c4e843dba,3965566,UNCERTAIN
c3d92b39e42d36ce97a1,3965566,UNCERTAIN
a07c850cbe92f0f27f7e,3965566,REVERSION
0dbd3e7427ba74d76a27,3965568,UNCERTAIN
88dc56a1b9382bb7ea21,3965568,UNCERTAIN
96f4c3f47a58ccc4d80e,3965568,UNCERTAIN
19dd1bfd315245bfb415,3965640,TREND
16c5f3a3fd2df0d7ad91,3965640,TREND
5c24b2c63b7868f727c5,3965640,TREND
b23dfd8bc15cbd2c923a,3965644,UNCERTAIN
c962edc0732531e97b12,3965644,TREND
b7adac4f8d1c40f56378,3965644,UNCERTAIN
f88ed0f18fab946c1801,3965647,TREND
89f4ad087dafc318338d,3965647,TREND
7e41a1af78a7d93489cd,3965647,TREND
a5e4b06f644839616973,3965648,TREND
1216a20394e5c062bc23,3965648,TREND
3d600aeb2605f0db1e01,3965648,TREND
d054df331b6fceb5b0de,3965651,TREND
47309466731e35656ff8,3965651,TREND
7391b012bb495245b9b7,3965651,TREND
cd34485a06af884b9dcb,3966205,TREND
9de34747b31eed8d0a1e,3966205,TREND
af09c08383d5d003517b,3966205,UNCERTAIN
37b0d742f4589d87c770,3966207,UNCERTAIN
4cb194ca732dcd9d55dc,3966207,UNCERTAIN
70b4929d9e3bf36e695a,3966207,UNCERTAIN
01578ffaf764e3f36521,3966210,UNCERTAIN
b603bf8ea0357c30bfaa,3966210,UNCERTAIN
22ece7511fdb41393f40,3966210,UNCERTAIN
12ab0f6437cb2f6a8daf,3966213,UNCERTAIN
1cc55fc4978e124ff315,3966213,UNCERTAIN
fbb7afe10cec3192b05c,3966213,UNCERTAIN
1dc87b98bd850c5df665,3966221,UNCERTAIN
2e01552a0d854a260be3,3966221,UNCERTAIN
0fcb77bfe230bf9e29de,3966221,UNCERTAIN
f9eeebc62749b1d20dc8,3966289,TREND
ac96130f418241fea589,3966289,UNCERTAIN
1e5f076f4cd950dbdbb8,3966289,UNCERTAIN
f1cebf1f7ee7f148de1a,3966290,REVERSION
58c845ad90a241a0d923,3966290,UNCERTAIN
b2f6ffbde32d37a67ee9,3966290,UNCERTAIN
4f9fd4545735fde0de2f,3966291,UNCERTAIN
f79053360a5fa2990e67,3966291,REVERSION
7d47b0373685369c4d02,3966291,REVERSION
150124802fa06c3d4b65,3966295,REVERSION
03cd7213905b33c9fe41,3966295,REVERSION
d35c5920a3e222bde469,3966295,REVERSION
e70c90c03bead679dcb7,3966297,REVERSION
3999a9f70c534889d222,3966297,REVERSION
b84eb92a1c6042def4d7,3966297,REVERSION
20801c5ce0e9259ac9e3,3966835,UNCERTAIN
721e7198dcca561bf46b,3966835,UNCERTAIN
3d8f6b5e171c4efa5cc5,3966835,UNCERTAIN
e379530af433398553db,3966836,TREND
9b94ee52b2015ed2c3d5,3966836,TREND
023439d54bcdcdda5563,3966836,TREND
eaed47539b4671f00873,3966837,TREND
18de69e1938830c2bcaf,3966837,UNCERTAIN
6ff1315574b175ebba0d,3966837,TREND
a0e30d98c4a6fd544fba,3966838,TREND
900b0910a711d8e7eada,3966838,TREND
8b56f1266895ef6598fd,3966838,TREND
ac23d664c2e5f92a367c,3966841,TREND
0acc0aa58ccb34c00ef3,3966841,TREND
f3adc1b2fcf2058688c3,3966841,TREND
d830772a6da3022d46c4,3967309,TREND
19e81cd4fa45fb9b49ce,3967309,UNCERTAIN
2da115c597b2d12a4e8f,3967309,REVERSION
5bd0188d82296120662e,3967311,UNCERTAIN
cf693698095245196fde,3967311,UNCERTAIN
cd553cf76f86ab5e8d35,3967311,UNCERTAIN
c8ad29e39ddffad5b4c7,3967312,TREND
26719d59d94716ea5f07,3967312,UNCERTAIN
8eaa0a4d1ab6d19db85b,3967312,REVERSION
3fd419fd5b01c7366f2a,3967318,TREND
82be2ca39c5d44e9ecdb,3967318,UNCERTAIN
c23a91a3e9cf0a25b378,3967318,REVERSION
6c525726a90645216cbb,3967324,TREND
28ae2ed4e0370408dee4,3967324,TREND
1cfc3ddae6ace978be9f,3967324,UNCERTAIN
6f7bac5079122ce3f372,3967886,TREND
610609594c7cb11d6724,3967886,TREND
b21edf5b0b375d648125,3967886,TREND
dc140e2cb35d12ab0328,3967890,TREND
714f7c406737dae278de,3967890,TREND
1df4086e27c5b16b718e,3967890,TREND
ebf3fcd24dc7f528f278,3967891,TREND
077eac3ee71557891867,3967891,TREND
54f6b2299aa0006c743f,3967891,TREND
09398e552e3c7a5fcf2d,3967895,TREND
c0ed17e63cbb48fb9f58,3967895,UNCERTAIN
17cd86b4db2bc5c71f6c,3967895,UNCERTAIN
94be87f2ff99dd9a110c,3967896,TREND
42104f99cfa64b154b75,3967896,TREND
602baa8c35f09eb250df,3967896,TREND
c2aeae2de06575a037b2,3967914,REVERSION
e554fcbebcc39f33f748,3967914,REVERSION
6aafb80822afb4b5e294,3967914,REVERSION
1ac274bc0f6c88815109,3967918,UNCERTAIN
82c6672d2e784c81647d,3967918,TREND
3fb8448b19cbecb6489d,3967918,UNCERTAIN
8619850353d5fc056ab4,3967919,TREND
67641e579486f8cd5230,3967919,TREND
9835217daa62a7ba54fe,3967919,TREND
231db7c8fd58fcc23d1b,3967923,TREND
f5cec28a39a75c001a1f,3967923,REVERSION
720ce63fef7f6a442d12,3967923,REVERSION
8904cba12a90e2141932,3967925,TREND
d00131a1b0ea9bd197e9,3967925,TREND
1f5d95f5dc77d734d02f,3967925,UNCERTAIN
ebfef9ad0b3ef9ba7bcc,3968000,REVERSION
d937d04b1debe453ba7f,3968000,UNCERTAIN
a3f00e177face8b1a7a7,3968000,UNCERTAIN
37e6fc3d4dd64b8a04ba,3968004,REVERSION
e3d1509cecd760aa4eae,3968004,REVERSION
997f8000083c9e193af7,3968004,UNCERTAIN
13016a53eef1fb74448c,3968008,REVERSION
05cfe048f93dc0a6680e,3968008,UNCERTAIN
93ce52751ff5dac3751b,3968008,UNCERTAIN
d90b8228c21060670b4b,3968012,REVERSION
e8adb3f4f30a41692b94,3968012,UNCERTAIN
9972c2449caece2ffbf7,3968012,UNCERTAIN
23dbc8b47d5035395dc0,3968013,UNCERTAIN
03471d6a049cb6d7ab0f,3968013,TREND
0354680e157667da6e46,3968013,TREND
67bd3896815cde65d8a4,3968103,UNCERTAIN
5ead0ca23effd462c421,3968103,UNCERTAIN
5a7ebd818388d9fa09bc,3968103,UNCERTAIN
5a4ff62f955b306594ec,3968106,REVERSION
3a7df85e3a0dac90738b,3968106,REVERSION
23c17151bfe944c3722f,3968106,REVERSION
f9d4af8c8a80f323b46b,3968111,UNCERTAIN
8489d6551bfabf0b60fc,3968111,REVERSION
2332a332c870a76c6dc0,3968111,REVERSION
a153df41deb548469bdc,3968113,REVERSION
57793365eebd1a2aa7c7,3968113,REVERSION
6915c6769954fb566f94,3968113,REVERSION
306fa94cfcd27be63d92,3968114,UNCERTAIN
f6fdce3c37111f6ff6f5,3968114,REVERSION
fcd3964e8a3a09b562b8,3968114,REVERSION
1be708cbc415d608ce39,3968359,TREND
ea68e03dfde156c5c9ce,3968359,TREND
10bbbe8793241c7749f9,3968359,TREND
a0445a8588e7a4474c16,3968362,UNCERTAIN
f7e0bf2bcdb004408130,3968362,REVERSION
e5c19ee2e35e1ff49425,3968362,UNCERTAIN
7ff9d6b9cd0de4fd8e2e,3968365,TREND
6aaf7882e900a6dd536c,3968365,UNCERTAIN
b937997e19e43cda5fee,3968365,UNCERTAIN
3c6ec353c6d19b0ab10c,3968368,UNCERTAIN
42ff80a3f6518ed3d658,3968368,UNCERTAIN
40ec260c44cadae8a30b,3968368,UNCERTAIN
407fd42d59eb72ed72b9,3968372,UNCERTAIN
a93bd9101e49b299f0de,3968372,UNCERTAIN
21b72262971f3422b0ed,3968372,UNCERTAIN
66ba86a1680c21d19456,3968399,REVERSION
c754d921c0b923950f0d,3968399,UNCERTAIN
5d847b24dacdeb0b20f3,3968405,TREND
e459a9004479479093e3,3968405,TREND
a006f12ba5ee845b025b,3968410,TREND
379180ae8cb5874ab04d,3968410,TREND
e6e263073cf5215d975c,3968410,TREND
4da63a2cdc907e75788a,3968413,UNCERTAIN
aec3f33dadb08509285c,3968413,UNCERTAIN
882ad9607a3915d057c7,3968413,UNCERTAIN
9373b66a820fe46aff2a,3968414,TREND
59203f0e2a6916931fa2,3968414,TREND
c91b78d3e31f8a038816,3968414,TREND
d3b29c2c7bdb121e266c,3968449,TREND
3e36be5c44646729c127,3968449,TREND
1ae87f92b50c4214bd56,3968449,UNCERTAIN
f91a8acf8f2424814b5e,3968455,TREND
d90e2ffc8e2486da4ec4,3968455,TREND
859eae90cbf904abc6ca,3968455,TREND
7a9d4c8162f39eb0a990,3968456,UNCERTAIN
fb0b2de46f3825078138,3968456,TREND
630695f4dd874c585452,3968456,TREND
6c70b959c1fb5258abdc,3968458,REVERSION
696b4b93d44610700979,3968458,UNCERTAIN
93616c2af71279353b8e,3968458,REVERSION
b72f640341b91649b039,3968461,REVERSION
d638eed06640c34c417f,3968461,UNCERTAIN
30325bced7dbfa0a5a16,3968461,UNCERTAIN
f526e35f718558ff91c0,3968583,UNCERTAIN
e35beea5baee5563343b,3968583,REVERSION
d45b603b4452947e9bc3,3968583,REVERSION
aa1c920b648e702d5037,3968584,UNCERTAIN
3e01d271d06eb937ade5,3968584,UNCERTAIN
8900040971968a627d63,3968584,UNCERTAIN
88cb80335b36b59e7289,3968586,TREND
fd20c0f1297c9c1ac981,3968586,REVERSION
3632c4ca5df2e660f40d,3968586,REVERSION
dcb5a1fefda10ea666c1,3968587,REVERSION
56274de27cd60cba82e2,3968587,REVERSION
42cadedd3f27f519b470,3968587,REVERSION
7d8dfcdef079c8f66bfb,3968594,TREND
3ea4369f80523f7f9387,3968594,UNCERTAIN
5c8c9637683507e67613,3968594,UNCERTAIN
205a3693ed73fbd2a478,3968804,TREND
6cb579596d202caba926,3968804,TREND
3cd63a765c3eb740a70b,3968804,TREND
ac5276995260fe93a2c9,3968806,TREND
08bd3bbae196c416315a,3968806,TREND
a8598939ce79ec9df9b1,3968806,TREND
3900f8691fc7fe0e6c2b,3968808,TREND
6d35f657e24fc50bf8f0,3968808,UNCERTAIN
5b69ca67e1e8cf3dd8b8,3968808,UNCERTAIN
789169f357dd71e5a707,3968811,TREND
7cff27d9840b596ef84e,3968811,TREND
b26d19a9eb90baf7063c,3968814,REVERSION
b38ec733508486860409,3968814,UNCERTAIN
6ce688b091689f692fac,3968814,TREND
37723bd0cd43a20daa49,3968854,TREND
6bb0093a2e8e77f37f9f,3968854,TREND
0fbc2d1496137cb9ad07,3968854,TREND
e7344c5fd239b6e6591e,3968860,TREND
935cbd128af7c0e4e79d,3968860,TREND
b2ad2c5aa43d4b6a214a,3968860,TREND
af2acb6de7944688de48,3968862,TREND
e328d5f98b1c88f4e82f,3968862,TREND
361dfbe3b66cf0dc1ab1,3968862,TREND
a4ca77ae838a5ed05441,3968866,TREND
25e80269fa4623f7f81f,3968866,TREND
0149f80e239e43e77645,3968866,TREND
707c275847e5203882c3,3968868,TREND
2ec2f88dd29bbd99746d,3968868,TREND
b66204325476f8a4d18c,3968868,TREND
3c62e1f04dde1f35243e,3969075,REVERSION
1108509d1d5750dc23df,3969075,REVERSION
a78ecee87b7532ae9394,3969075,REVERSION
cd64c4267654c6b85ebb,3969078,TREND
c7de82dfa2c4fb9a5ffa,3969078,TREND
22184175e89046914e7b,3969078,UNCERTAIN
7db8a4d3f70c87da18db,3969080,TREND
0c42f3827d9fe34004ec,3969080,TREND
b92f5b2aa2a80ba0cb92,3969080,UNCERTAIN
49d03e20a9eea7770ea3,3969082,UNCERTAIN
702f88c3faf67d2e7c20,3969082,REVERSION
94a2a9dfc0702827dcc9,3969082,REVERSION
d60bd4739d71ec529230,3969083,REVERSION
44e6002f952704b019f7,3969083,UNCERTAIN
be73717d8c42b2abaea6,3969083,REVERSION
b6dc5f363aae1eee6ab1,3969346,TREND
3d2b1dce18faab123bd6,3969346,UNCERTAIN
ded9d2167d329a359ea0,3969346,UNCERTAIN
c50884eaefd0cf74e992,3969348,TREND
9ac5c2a21574724da5e5,3969348,REVERSION
9297a8566810b5dfa877,3969348,REVERSION
463177f421a12dfd8682,3969349,TREND
3af04015b041c5743e35,3969349,REVERSION
b35011fb76c8be6b402c,3969349,UNCERTAIN
4cc1756be8b6f01da187,3969353,TREND
fa5291826fc2a6c4ea48,3969353,UNCERTAIN
bd28044204ee33280de0,3969353,UNCERTAIN
1a40035312a24767a4c5,3969355,UNCERTAIN
6e2ef2770354d3a95368,3969355,REVERSION
786a033f4820aa39da35,3969355,REVERSION
e502ff3c9299ded3c677,3969683,UNCERTAIN
702d00548a1122e0b8cc,3969683,UNCERTAIN
b821aa962b75b3081c06,3969683,UNCERTAIN
37139b4b3eeba4c68ba7,3969685,UNCERTAIN
b2e994e912c79c14bc66,3969685,TREND
92387dd76ad67dc6b4d6,3969685,TREND
10d721ef002fc59e977f,3969686,UNCERTAIN
f5c6654c0e5221a9aeb9,3969686,UNCERTAIN
cd86da81d9406fddad44,3969686,UNCERTAIN
290f7157eec46de891ce,3969689,UNCERTAIN
c16e8ddf91a986bf5aac,3969689,UNCERTAIN
014bb1a64b0a51df84ee,3969689,TREND
22714ec200119a4d198c,3969703,TREND
5b0f538e25064af647fd,3969703,TREND
6ceddd548069831e7b05,3969703,TREND
942a3b0a17753c7c97c2,3969746,REVERSION
e740eca1ee704d87024e,3969746,REVERSION
12a7cf56433a77ddd97e,3969746,UNCERTAIN
bdf0940141ebfdc7bcd9,3969756,TREND
27b97d2615d30e01f2bd,3969756,TREND
4052592635da67ec2d94,3969756,TREND
116db56e5b2a8ec7ce64,3969757,UNCERTAIN
9d0ed9581c29e262bfaf,3969757,UNCERTAIN
1e807f3579cbb93e7c7f,3969757,UNCERTAIN
4049f87341eb6feb72bd,3969759,UNCERTAIN
85e21763a7701fe6012d,3969759,UNCERTAIN
be862e506550449b2ac1,3969759,UNCERTAIN
dde416dc475044b71d85,3969760,REVERSION
0b54c18c598619121e40,3969760,REVERSION
114b9a2421ff8002e7e5,3969760,UNCERTAIN
4231bb255f9116074666,3970438,TREND
7d3d12f910d2a514b54a,3970438,UNCERTAIN
760a5d6cfe638f67e8cf,3970438,UNCERTAIN
25f12bb28e3da39d0050,3970440,TREND
887afed97386aa6776f1,3970440,UNCERTAIN
1ebf2b53b99a1f03e6b3,3970440,UNCERTAIN
89320bf7ba6878553eba,3970441,TREND
1a593b49555a942a80a2,3970441,UNCERTAIN
08699fc247af8fc258f2,3970441,UNCERTAIN
27ed064cc522bb3c22f5,3970444,TREND
7ea3d8bf74249210fb34,3970444,UNCERTAIN
9213d41e22bf8a39b4dd,3970444,UNCERTAIN
cd6ed3a1ed3c5182a871,3970447,TREND
7b24dd860f9ff483dc0e,3970447,TREND
e7b33809918399982e5b,3970447,UNCERTAIN
32b3ecc705bfa1bd7a45,3970496,UNCERTAIN
978d33678dc5308e777e,3970496,UNCERTAIN
f4d2f44ee8ce23f19ad7,3970496,UNCERTAIN
aebcd8f9a9d677e111ab,3970499,TREND
86423db7e21688c5380a,3970499,REVERSION
13d3c9cf91dee2f3f183,3970499,UNCERTAIN
233b2d04a7ef6f72623d,3970500,UNCERTAIN
622b2258187f30b4ec6c,3970500,UNCERTAIN
97bdf2955186b190a2de,3970500,UNCERTAIN
88bdbd9294d23f630ac8,3970503,REVERSION
6e89e874f7ca0cb266e6,3970503,UNCERTAIN
5a4879ed7c12a596ef12,3970503,UNCERTAIN
f934f101b7575750be72,3970504,TREND
ae6df2c723f38e9f1acf,3970504,UNCERTAIN
809e619bd1c1edc135b7,3970504,UNCERTAIN
ec26d656014b86a7767f,3970577,TREND
54dafa9bf284cc29268f,3970577,REVERSION
d4034793bd01e632dd34,3970577,REVERSION
a25d1fd245156d35c898,3970578,UNCERTAIN
1124b2d241ecb617a605,3970578,REVERSION
13c7afa938b108d84044,3970578,UNCERTAIN
eb96ed7c320bff490f18,3970579,TREND
a35009b7df7a98ee9d84,3970579,UNCERTAIN
9cc3ffb515c42f3e34e1,3970579,UNCERTAIN
e9c5a57459dff3c166d5,3970586,TREND
ecfda294ac9c59c6984c,3970586,UNCERTAIN
d17a7d57e999bbfdea5c,3970586,UNCERTAIN
8f0b21c48af7ce70a87e,3970589,UNCERTAIN
9bb5e8c4de65afc8da43,3970589,REVERSION
63d04be9c95bdf24bb1c,3970589,REVERSION
59602e8372a0421dc6a1,3970623,TREND
9cf403bc7bd65bf6755e,3970623,UNCERTAIN
970cc04330a2f1b1176c,3970623,UNCERTAIN
ef7467929d29f68ae67f,3970625,TREND
2a2f1effdb8517ed5bca,3970625,UNCERTAIN
1ac77a36038c134e8fd7,3970625,UNCERTAIN
29b324906093374e5360,3970631,TREND
ae219c8d07c3c0c6d9e4,3970631,UNCERTAIN
ae7a21abe5bd4470b640,3970631,UNCERTAIN
d6c28711e56a3ad8aff0,3970633,UNCERTAIN
5c3918d0f4222fae2c87,3970633,UNCERTAIN
a5c96d4a6a2d8870e53a,3970633,UNCERTAIN
66b6ee903e97b12d5ef7,3970637,TREND
36ed97948ebb2c31a915,3970637,UNCERTAIN
40f1ffb946a135c47778,3970637,UNCERTAIN
3ca7da3fad222a061937,3971012,REVERSION
8ee06fa9cf2de1a79dd2,3971012,REVERSION
2474e78a8dae060c00e5,3971012,REVERSION
5aa5acef7b8173c0fc2e,3971015,UNCERTAIN
57f85a3c940d01a6b226,3971015,UNCERTAIN
c559db0fd8272b708b7b,3971015,UNCERTAIN
e5caea239e838fb6b3ef,3971021,TREND
eb545d3b1cdaf73a5335,3971021,REVERSION
f02dde9f75e1babc1c15,3971021,REVERSION
5f3bd9d123992ab1979a,3971024,UNCERTAIN
1c7ca2c49ed4848aebdf,3971024,REVERSION
f8111b8e4f52e9281972,3971024,REVERSION
0032a56bcd11498819cb,3971025,REVERSION
8c20e47dc7e4ba413af1,3971025,REVERSION
667cc0e5a00a7330bca1,3971025,REVERSION
0cc4ae0fab7e58e3d60e,3971112,TREND
cb8945e5d35e2778315f,3971112,TREND
cd3efbb35b170fdbfe4f,3971112,TREND
6cae2a13715d8027c71e,3971117,UNCERTAIN
c22c7c2a68332c8b7194,3971117,UNCERTAIN
4e1331e3480ba924c0b9,3971117,UNCERTAIN
b3d69bb47801b0995223,3971118,TREND
79b4a464d922cae7ce9f,3971118,UNCERTAIN
3151255f5b1071fa6014,3971118,UNCERTAIN
2c6807b3f8d5b697d433,3971123,TREND
1ba997b93b14a2447997,3971123,TREND
3fd1a8827af822a069c2,3971123,TREND
d6538b0d7d333d3377a4,3971124,UNCERTAIN
8c7cbb6033b30c36b1a7,3971124,REVERSION
1fb32fe2f0b700f6fbb8,3971124,UNCERTAIN
e0d4e47f99fb40a8f89d,3971853,REVERSION
598e1f09b5a8b6458c84,3971853,UNCERTAIN
bc0c1692e45efca9913c,3971853,UNCERTAIN
1bb7b15c8cd5adfc1d28,3971854,TREND
a5f922232f8e47ae44bd,3971854,TREND
84a7b5e332982123493e,3971854,TREND
2c2249846e27db1072dd,3971858,TREND
1f1998cd03290e62b1ea,3971858,TREND
93bf06d8a4bee7df292b,3971858,TREND
1890a7530cde5231b6ff,3971861,REVERSION
12731000f970b6ea89f7,3971861,REVERSION
47c0c596343d32174cf5,3971861,REVERSION
4e4156e36f498647e93c,3971865,TREND
d80533f8678a93f72a07,3971865,UNCERTAIN
ab55f70c4ffed9fd0814,3971865,UNCERTAIN
67d1cf7a8a38c84c9640,3971995,UNCERTAIN
ce3af199574d8734bb55,3971995,UNCERTAIN
49fa5ddca7a658c6cc18,3971995,UNCERTAIN
6c98ca7b723365dd6491,3971996,REVERSION
4c08f9e5ad85e256612a,3971996,UNCERTAIN
192912de3bd4a9aa01f3,3971996,TREND
87fa26a4a23e28ad4dee,3971997,UNCERTAIN
23be58825cba6930cf17,3971997,REVERSION
f157d43d6974f32d423c,3971997,UNCERTAIN
d1d4f21e46ecf47782d3,3971998,UNCERTAIN
d78b9ce356d527ee085e,3971998,TREND
92aee1803be4abb79d19,3971998,TREND
2f4dd5e513891af4798f,3972002,UNCERTAIN
a990a8ae4765771b15bb,3972002,UNCERTAIN
b02c08e04b2db46a2d81,3972002,UNCERTAIN
64c1df71120f8ea9e19b,3972081,UNCERTAIN
75fffee97b6822fea76d,3972081,REVERSION
1d0ece317be6109552c3,3972081,REVERSION
e30ab3d358f671639e5d,3972087,REVERSION
f387a776dd3555c299f2,3972087,UNCERTAIN
3f9ebe816a6061efec1a,3972087,UNCERTAIN
f1a1f295f71652a4baa8,3972088,UNCERTAIN
09868f15c062cee9244c,3972088,UNCERTAIN
f5bdd0dbb9faef6a5061,3972088,UNCERTAIN
844a5207801dc7f926a3,3972092,UNCERTAIN
27e1a2f17b7d1b5619b5,3972092,UNCERTAIN
a50fbf6423b4b3b6122c,3972092,UNCERTAIN
f6321283d9f3fb2dc499,3972093,UNCERTAIN
96788a10ad477e05fa4d,3972093,UNCERTAIN
5b00ea5b076d1fce48ca,3972093,UNCERTAIN
21124a49237a68984a52,3972173,REVERSION
da92defa92d198aa3755,3972173,UNCERTAIN
23b3bbc4c7f68a6502ca,3972173,UNCERTAIN
7bbcbd9cff2fd7f200af,3972176,UNCERTAIN
30913ba4af21268c6c86,3972176,UNCERTAIN
647ea2c9048dd1b2e078,3972176,UNCERTAIN
2087a9ef3a76202ebd1a,3972177,UNCERTAIN
2aa4263c4503eba1e811,3972177,TREND
dfe4681330bf317e103a,3972179,REVERSION
9f0b6267e5a07ce410d7,3972179,UNCERTAIN
547e9c277f4d52ed0d50,3972179,UNCERTAIN
76981bb226c142d3c07f,3972183,REVERSION
3ec0d5a9889ab502a077,3972183,REVERSION
32be1de705f231e25c02,3972183,UNCERTAIN
d136dc1ba3b83e4c4621,3972333,UNCERTAIN
f20ed827de74663c9c67,3972333,UNCERTAIN
ac2a6185192464451352,3972333,UNCERTAIN
b9376d8f6f4f721da89d,3972338,REVERSION
6fe95b3407e9db6929a8,3972338,TREND
35977272a9452bc81625,3972338,UNCERTAIN
17a7f44aaeab639bf498,3972340,UNCERTAIN
55239966403c30b3e418,3972340,UNCERTAIN
2ea89431d6b568682ffd,3972340,UNCERTAIN
3385b451a78ca4f94051,3972343,UNCERTAIN
1531bee8bcd7928e0a86,3972343,UNCERTAIN
508a2c5cf68f62a0fe31,3972343,REVERSION
5db3b7070aa8561fb0e8,3972344,UNCERTAIN
637cb10367d6eac1d95c,3972344,UNCERTAIN
1360a3f0cbd5e663d7c2,3972344,UNCERTAIN
96dff8ba769033bb4109,3972431,REVERSION
14de005e408ef7887c6a,3972431,UNCERTAIN
6e099a0e41eeeab4f651,3972431,UNCERTAIN
655609bd16118d92805d,3972447,REVERSION
9eba9ba5c7bf7e07f999,3972447,UNCERTAIN
d33fb688a3f6d3ee1065,3972448,UNCERTAIN
49051fbceb089e0a8453,3972448,UNCERTAIN
d9255d1cedba6aaa9d8d,3972448,UNCERTAIN
9703feb0257d89cb903b,3972449,UNCERTAIN
20113dfaf2a4697e154c,3972449,TREND
37634ea31f95bf778925,3972449,TREND
2fb2628407a05e013f6e,3972450,UNCERTAIN
e452112f66f07a6dcb64,3972450,TREND
ca4c302b4c2236a01056,3972552,TREND
e4df8967db7fdf5f4a57,3972553,TREND
a0203e471c3a4f9542ed,3972561,TREND
e831006600d73c0df969,3972563,TREND
730309b1800eaba79d87,3972564,TREND
6325d2f956f556360bf3,3972693,TREND
61ab0d03e1d9a9dbd3e2,3972694,TREND
1ea905f5e9c5060d372b,3972695,TREND
07ba9dcd41222ed35320,3972696,UNCERTAIN
f4abdf4f1fb939ba6e6f,3972701,TREND
e53a1b3c15cafefe7659,3972978,UNCERTAIN
16bfc5647de26c130082,3972983,TREND
a54532d0cf15663bab7a,3972984,TREND
96b4edb8d2c8e13c949f,3972987,UNCERTAIN
14c60851bfa8908dc267,3972988,UNCERTAIN
23afd34329fd2605254a,3973293,UNCERTAIN
c2497114619015f44026,3973297,UNCERTAIN
7ddb59fd8367faca031e,3973300,REVERSION
b5afea25270610e4f9eb,3973301,UNCERTAIN
b92dadb679ba9d74f5d3,3973303,UNCERTAIN
4742e47aa1dee2d0b19a,3973337,REVERSION
fadfb560c53e0bb7791f,3973339,UNCERTAIN
6ef8ccbe124d7d7dcead,3973343,REVERSION
7291bf863c455559b1b8,3973351,UNCERTAIN
207cc14be447edcc8ba6,3973352,REVERSION
de3c1c60c0c8b6c542d8,3973555,REVERSION
6dc7c974081c2e734993,3973556,UNCERTAIN
59667be21899924154b5,3973565,UNCERTAIN
350bcb28af7e61db4220,3973566,UNCERTAIN
447554912cba62d7df3b,3973569,REVERSION
9b69d72aa80bddd1e9fa,3973766,UNCERTAIN
82388fedec9593f70675,3973772,TREND
3a464a6ac8bb4da5cc77,3973774,TREND
07997e8743659040574e,3973776,UNCERTAIN
e78a2785d2d5a259a490,3973778,UNCERTAIN
2d5ba620a095acbd1f64,3973831,TREND
dc01220563d5d1831601,3973834,UNCERTAIN
b685d6087885f2c2d7d1,3973851,UNCERTAIN
909844c07ee3eecd4a9c,3973854,UNCERTAIN
a0d4b7194f0b9e15e7e1,3973857,UNCERTAIN
dcb4b70c4dbc82e36b2a,3974010,UNCERTAIN
47e6beb0b7370210090c,3974014,TREND
6f9ec9c07d787c50efad,3974016,TREND
3181a147b52c27c5e3fa,3974020,UNCERTAIN
104f12f38f494b01985e,3974023,UNCERTAIN
484f83e99b9ede869e8a,3974190,REVERSION
64007d761a76b41c6db9,3974192,REVERSION
576e22600eb9f03d4b10,3974201,REVERSION
97146eb0c1df390665ac,3974210,REVERSION
db0071b1dce10fd4a4c3,3974211,UNCERTAIN
8da8d45457d26a94eabb,3974774,UNCERTAIN
30cc70788fd50ac30065,3974776,UNCERTAIN
64e44e4135f46590fce3,3974780,UNCERTAIN
76123262284cd989e902,3974783,UNCERTAIN
5f66c40d64a41aa5010c,3974786,TREND
31522918ab5a23aa660b,3975089,REVERSION
b36979b9bdb5e76a7aac,3975092,UNCERTAIN
a514b1ff8a05119638b5,3975097,REVERSION
113bbcf981863f2a798b,3975098,UNCERTAIN
293b0b068e694b217610,3975101,REVERSION
777df2a4776cb2981bb4,3975179,UNCERTAIN
04f8817f27dc4bd62f40,3975180,UNCERTAIN
477dac01291c3bbb5b13,3975182,UNCERTAIN
3d5ea23fbf8ecf9293c5,3975191,UNCERTAIN
4771fdbe76763c7c6b44,3975193,UNCERTAIN
143a51a47669801f5c55,3975275,TREND
6f08e8db7c6bf472553f,3975279,TREND
fd068933bbfebc9fe9d7,3975282,TREND
4103d5e22e4c77aa8752,3975287,TREND
92b2428625c69eecfb38,3975288,TREND
36b3cb42d4f4d14c20c2,3975452,TREND
653b095cc255f5cc9b57,3975456,UNCERTAIN
81f8adab3dd1c32205ff,3975459,TREND
beff240b6d181f38239a,3975462,UNCERTAIN
ba338d254a507b3a09af,3975464,UNCERTAIN
c328b347451c5e120d04,3975644,UNCERTAIN
75fe884d9565453902cd,3975648,REVERSION
6f92df15766b837bffda,3975653,UNCERTAIN
22d341df705649b8febd,3975660,UNCERTAIN
0d1820e56515c6054e66,3975661,UNCERTAIN
09a58518d94a7df6f64d,3976049,REVERSION
3d8bfe2fa2521ed75f4f,3976050,UNCERTAIN
8f09c4ca699c179e0784,3976052,UNCERTAIN
17277e329984c3033fd7,3976058,REVERSION
0d938507c5086995ab33,3976059,REVERSION
3a21976d81362e91407e,3976259,UNCERTAIN
962cafa058cc6a8343d7,3976263,UNCERTAIN
fbc71b2254d7c40e2b76,3976268,TREND
2da8f866a5f54608b95c,3976269,UNCERTAIN
38e4d74aa55d9afa58dd,3976274,UNCERTAIN
02541238bd1f0c17e58a,3976691,TREND
dd6d416a7ba7639ac094,3976694,UNCERTAIN
a74fe19da0881fb4329d,3976696,UNCERTAIN
3284c1aa0de1eb450a03,3976700,UNCERTAIN
21bc597c140136c250cf,3976705,TREND
ab33fbd134c613a8c05c,3976768,TREND
39c63594a510d69a1b28,3976769,TREND
9492bbbc7d68ff8bcb38,3976770,TREND
151567551cb9451b7d63,3976776,TREND
41edffea977fdd1c304b,3976781,TREND
7e1f318a37021edc2d67,3976876,TREND
e35c77930097c2943307,3976879,UNCERTAIN
c527da565a87a91e4125,3976880,TREND
a1ab9d2439976037f5b2,3976883,TREND
9f3e9be2a7c3ccb584c2,3976886,UNCERTAIN
df83d677d26fd6955122,3977036,REVERSION
9a0104df08af47afba3a,3977037,UNCERTAIN
7acc7f71c9467218faf8,3977038,REVERSION
29778a77b33345c32333,3977044,REVERSION
b71eac2f870983fb1548,3977045,UNCERTAIN
8ed879fe3265d557d75c,3977458,UNCERTAIN
c7b3b4cc3968d50d80ea,3977459,UNCERTAIN
f63c76b1aca7765d551c,3977461,REVERSION
27caeab6630ead80e0da,3977469,TREND
a095228116c1c712bbeb,3977470,UNCERTAIN
538f65da6106b539172e,3978228,QUIET
46fb3d0e4ffd2cca643d,3978233,TREND
8ffad1978373d99a190e,3978240,QUIET
5909dfd2f3e77542a5b6,3978246,UNCERTAIN
5ce72472e297e80517c3,3978249,QUIET
59f37aa0b86bb9d051d4,3978937,QUIET
b201b0d79e828da29515,3978939,QUIET
589f33d35d50ae83e71f,3978941,TREND
ac8e5a6f020f2ce499b7,3978944,QUIET
e17d38857eb6fafa9a92,3978949,QUIET
3dbb1ac43a70c3d140cd,3979522,TREND
f6d29e6dce78719a027e,3979523,TREND
0b44e66937db5fc2b2b6,3979527,UNCERTAIN
7e193889bdc5d9771bab,3979528,TREND
3c2e4dc00be9f05feaa5,3979534,TREND
7eeb7627a67ea94fd462,3980346,UNCERTAIN
d600b18ff611d3a6ae56,3980348,TREND
7f62e9c361b68a227f31,3980355,REVERSION
bf86e7329000f262a3bd,3980361,UNCERTAIN
66ec2af10ef79b67a348,3980362,TREND
507df3105e83910231ee,3981168,TREND
c5379319c9f68a90455f,3981172,TREND
732f9ac30bf5de707ac8,3981177,TREND
537a468b4504001f3ecf,3981186,TREND
29ea1c764ce1de080d7b,3981190,TREND
d72b6877b45d19995927,3982425,TREND
f00813adbc1d72edba7a,3982427,TREND
b1171fa428151cf05c74,3982432,REVERSION
849b7ba5e9cfad971008,3982433,UNCERTAIN
abf50346af2d5ab3f2c1,3982436,UNCERTAIN
2627f9be9a0b8819f720,3982547,UNCERTAIN
aa37ca596c359f42f97d,3982551,UNCERTAIN
003848f3d2a06860d6f2,3982552,UNCERTAIN
d58be7a44d020cfe804a,3982555,UNCERTAIN
2b26368581b40d5ae9a5,3982557,UNCERTAIN
b72f0fb9d6fb56f7082b,3982870,REVERSION
470617137c5598c79d92,3982871,UNCERTAIN
3a8697abffc90a6462af,3982877,REVERSION
6fe943e9b4e505c7de6d,3982879,REVERSION
666bd657257adf164794,3982881,UNCERTAIN
9aff1b7375e00fb51806,3983223,TREND
9485d8e14d364790f0a4,3983231,TREND
18fc14a7b4809ea1c1a1,3983234,REVERSION
eb054560d90f1356213f,3983235,TREND
0cd55c1b4f5d7aeafddd,3983243,TREND
d3efd25f7546921e7897,3983274,UNCERTAIN
0a65c536c70210ac2135,3983278,UNCERTAIN
eace81b4bf35be1980b7,3983281,REVERSION
651b5843beeefba9aa8c,3983283,TREND
082db7fb8f9423c3a884,3983288,UNCERTAIN
0abe20ebce9ee8b72dda,3983356,TREND
0e0e435b3d113dd6395b,3983357,TREND
0e43cd337ee4e698b58a,3983365,TREND
ba82cbdd176937032d6b,3983367,TREND
b02e0b27c07ccce7da53,3983368,TREND
8d7d85a0199c84e242be,3983789,REVERSION
72ef3af31ffbbcaed6d1,3983791,REVERSION
1c3326f309c93fd08eea,3983797,REVERSION
7d5eca02075ba525db24,3983799,REVERSION
59b48fbf1fc1e27006cc,3983802,UNCERTAIN
c8b6d33ce2146dd69a0e,3984100,UNCERTAIN
5f2ce5d77c58c4eeacd6,3984111,TREND
aa20fdaa8c40bac34b6e,3984119,UNCERTAIN
ba85b76ff36ffb530a5d,3984123,TREND
b03a298c3ff0879a6993,3984127,TREND
319b8466330baccc8200,3984719,UNCERTAIN
174e6adb4a459c235b6c,3984720,REVERSION
bb6e281f2da98e5b3f81,3984727,TREND
a002868ba2fe9a981562,3984728,UNCERTAIN
9945ef8e55d342305315,3984729,TREND
1db31e93df286dad719f,3985068,TREND
712d76aaad06681f08cc,3985069,TREND
ea96aa42f8f6b748be29,3985070,UNCERTAIN
9158b76f1e00bdad0e78,3985075,UNCERTAIN
fd098d490a3c6fdd488f,3985077,UNCERTAIN
79bf0935e9c32fa9fd58,3985470,UNCERTAIN
3116bc688201a8b9379f,3985473,TREND
056a9037c7a0b801fe4a,3985475,TREND
6bf53f13aa49d2bdd48d,3985481,UNCERTAIN
56077a07b77ecfba14f3,3985483,TREND
e140c58c7f8220e14e16,3985777,UNCERTAIN
3e42757539d500f9c612,3985778,UNCERTAIN
3fc216797c121f0ffbc1,3985785,UNCERTAIN
057b5ca24333650b11cc,3985795,UNCERTAIN
ad8eb5b5e80f991328eb,3985797,UNCERTAIN
47867a778761c368105e,3985841,TREND
7b77006f064e997e8356,3985843,TREND
ef41f4574120ca9f3958,3985844,TREND
5c6d0b34a135764177a0,3985848,TREND
24eae117383944dbdc91,3985850,TREND
454068673bbaadba7b12,3986119,REVERSION
55f8e34eaf02126587c4,3986122,UNCERTAIN
74e690bc64c0ccdd37a8,3986124,UNCERTAIN
6fa562bcc7853ac06766,3986126,UNCERTAIN
28597c80c1695044b2f5,3986134,UNCERTAIN
ca44e0944c2b1005c562,3986223,TREND
e59c783230bab8a83e9e,3986230,TREND
4d66d61eb89df1ac9b28,3986232,TREND
68fc4fa1463147887f88,3986233,TREND
f3172367ca6eefabe5f2,3986236,TREND
60e4fa218468d728ae7e,3986565,UNCERTAIN
775f3803457ece4a5ba4,3986566,TREND
35a913c5811278ee47d1,3986570,TREND
5c26aec56a0e8c01590c,3986579,UNCERTAIN
685847dd0b28973f56af,3986580,TREND
62c757c5b07b8e259b91,3986611,TREND
4161a0c22258905e956c,3986612,TREND
392264bfd7146c2ea2c5,3986615,UNCERTAIN
8b93800c1ee4811ef5c8,3986618,TREND
78ccbd42d61d148d5bcc,3986619,TREND
360fdc6f25f8f4ace88e,3986682,UNCERTAIN
5e29e86ead9b90d09f58,3986683,REVERSION
842c0187cd57f3751ded,3986686,REVERSION
41f98df1bea48e875d53,3986687,REVERSION
d374a8c9b271d4b0eed0,3986692,REVERSION
9b87991afd836c4c4c49,3987583,TREND
96f045552a3250e91d64,3987586,UNCERTAIN
7ebcdcd23459b5116d63,3987588,TREND
61d3772417b99727c57f,3987589,UNCERTAIN
51572b3523d9fbe10ca2,3987590,TREND
50ae348783bed4b2e890,3987697,UNCERTAIN
a6624caed2a4f7e97ef0,3987702,UNCERTAIN
5c9fd286bee4f78ddab3,3987707,UNCERTAIN
d13b26f24a70e7188f64,3987710,UNCERTAIN
3330010f1607a1ef9a7b,3987711,UNCERTAIN
5bffd0f6cc0022d66cc8,3987774,TREND
48582bb918e56ffa174e,3987778,TREND
f2f0d1304382e99dab12,3987780,TREND
edfdeb6d2f2f384aef05,3987781,TREND
736c9c8acc99c195b8c8,3987789,TREND
5b0d5f5e0e0c48909e4d,3987927,REVERSION
f0a88fdc59ed73970dc9,3987930,TREND
984ce7fb888b257f45db,3987933,REVERSION
19c69e6ab539220c9b7a,3987935,UNCERTAIN
c4df048a963e2abcc664,3987936,UNCERTAIN
e2395cde519a0bd812cf,3988085,TREND
dd245451ec449e58ee7f,3988088,TREND
baad2349989b9c7e1247,3988089,REVERSION
087fd97da4719affb734,3988093,TREND
7e625df26178439c381d,3988097,UNCERTAIN
bda173ccdd76b3e8fa85,3988211,TREND
6831a68bc4a295932cca,3988213,QUIET
a07dfe068e9bb8c943db,3988214,TREND
f43947dd45178c40bdd6,3988217,QUIET
10767eb077c56f402336,3988218,QUIET
b55d5deea049c7e13cef,3988262,REVERSION
ea6fc53d4ad76c8a7958,3988267,TREND
e39ff0b17f04c0ac72f8,3988269,UNCERTAIN
55c3bae9a7a25a268355,3988271,REVERSION
1b3d7558d8510bd27659,3988273,UNCERTAIN
04a406bd4741a4ac3907,3988404,UNCERTAIN
ee1ff59b6ae433c6a4b8,3988405,UNCERTAIN
9342e2fc0664103c5ee7,3988406,TREND
634354dba2085eb185d9,3988411,UNCERTAIN
bfc897867f3d48a5944c,3988412,UNCERTAIN
5c5a22ac00db4eba6db7,3988562,REVERSION
53e8149da755f7237655,3988564,UNCERTAIN
319979c89bb1f8fed125,3988567,REVERSION
e8dbd6b6bb17eb98f695,3988568,UNCERTAIN
01ae7d3a977d0c578036,3988574,REVERSION
f22bd2a5ca772852f00e,3988620,TREND
f90bd5c08d524f50fcaa,3988629,TREND
b53aa725119787e83dff,3988632,REVERSION
4d2916c2466d63c1a4aa,3988641,REVERSION
345da74114f1d6638674,3988647,UNCERTAIN
2395813728efb5d4cbb9,3988730,UNCERTAIN
1362c440a3b0494d166c,3988732,UNCERTAIN
a6a28e2c4487d38cbeca,3988733,UNCERTAIN
2919546dce37037ef5b2,3988735,REVERSION
e5b3289ad6dc0ddd6004,3988737,UNCERTAIN
a3f2ad8096684013e5ab,3988811,REVERSION
acd4e83e231ed4a8ca9d,3988815,UNCERTAIN
7508fb75108a5ddca392,3988820,REVERSION
25f461e12dd317c093f1,3988822,REVERSION
4ff59583c3a5c93b4917,3988824,REVERSION
3b58dc5eccf3de0cf447,3988901,UNCERTAIN
f7ed8e22d7ed9896d7ee,3988909,TREND
d12fb9d86a1494db403b,3988910,REVERSION
36b0628a929450dbd39f,3988912,TREND
889a732ec6d67aa4d24e,3988915,TREND
625be953aecbcc6ceb08,3988995,UNCERTAIN
ec4e183df3881fa1d0c7,3988997,TREND
87d2150e8fada6041739,3989000,UNCERTAIN
bc9370fadbbb537557a1,3989002,TREND
e0695bbfdd118c6ed3f9,3989006,UNCERTAIN
81deb6a4698e73f31d7b,3989033,UNCERTAIN
1ec468dbdb14ecca7d28,3989034,REVERSION
07ec6b2c96c607419a44,3989035,UNCERTAIN
068088c694e291f26c41,3989036,UNCERTAIN
49dae0483a15d75ccdf1,3989042,UNCERTAIN
2a9789403dae3f0dedb5,3989078,UNCERTAIN
0fa9c8fa52fb8be76430,3989081,REVERSION
138fdef84a6b96f0b406,3989083,REVERSION
3520a048e9c7719bfc4a,3989084,UNCERTAIN
41302647acedc886b287,3989086,UNCERTAIN
774cf5fbfa486ba144f4,3989186,REVERSION
9b156e308be7bc3fb16e,3989189,REVERSION
d03d38f29937c653d430,3989195,TREND
5dc36be1032c54ed4921,3989201,TREND
54b79cee0d894af823ad,3989202,REVERSION
076eb501969c9a59b2e8,3990239,TREND
c90019ec12b68422c27d,3990245,TREND
d1b8b1c1595eef90cae6,3990254,TREND
6b779007e85e07365bde,3990255,TREND
9666c41be2b7c9b34842,3990259,TREND
fc09d611a18d09f19d94,3990342,REVERSION
b97674cb1efa4ab930a5,3990345,TREND
2ccf158aec974664d701,3990346,UNCERTAIN
6300cca7d981f0494adc,3990348,TREND
4079908823608b971a9f,3990349,UNCERTAIN
c87242fc4fc9fe3e3aed,3990936,REVERSION
9606d690b5be8a065bd6,3990937,UNCERTAIN
9c3846068b06c7619094,3990940,REVERSION
3cacc1213706dc11cc10,3990942,REVERSION
b9c0f6d7a49d79cbb9a7,3990943,REVERSION
f9041a8ac85489634613,3992226,REVERSION
9809323816dfc9bf5d75,3992229,REVERSION
f99813acd1ace23e3e43,3992230,REVERSION
d9c2058531b961e564a1,3992234,REVERSION
7bfb54101a630877a005,3992236,REVERSION
580b073aa19ef36aa36f,3993335,REVERSION
5ed596fa3297c0c1897b,3993336,UNCERTAIN
a5a9fc7f0bbadc62d30a,3993345,REVERSION
9d869db2f48bda3110f3,3993349,UNCERTAIN
9cfdd2f38c70a051f648,3993350,UNCERTAIN
527c4caac0c19cfd3963,3993373,TREND
f3fedfba20530be27e26,3993380,TREND
d5973c9dd07d794b352d,3993381,TREND
c7f1cf79688db8ab5c88,3993383,TREND
5039548a2afd8652078d,3993384,TREND
78ebe73a16aaba463df2,3993580,UNCERTAIN
2307719129339dbc6595,3993582,UNCERTAIN
ca8d06750d39b3da8267,3993588,UNCERTAIN
8fc5d238ffdf051e604f,3993589,UNCERTAIN
e8ab35906772f34f66fc,3993593,REVERSION
1c79619e5f22c2c76668,3993688,REVERSION
d140449e392bb9538ba6,3993692,TREND
e4172cf2a2f4bc6eff0c,3993695,UNCERTAIN
140b36ce55f2aace7578,3993698,UNCERTAIN
012fbf85d1977350cb37,3993699,REVERSION
fa84ab52b53d8ef5b5a8,3993828,REVERSION
319652c244ea3c9635d7,3993830,UNCERTAIN
8ec76a30729d79f29aaa,3993831,UNCERTAIN
d69fdcf4f3f2fa603770,3993839,REVERSION
43ec496bf003bd25197a,3993843,UNCERTAIN
476b9567fe62f90d832f,3993899,UNCERTAIN
a603d5d671d69716da4c,3993901,REVERSION
37a900c46cd811c4bba3,3993904,UNCERTAIN
72d60fc4b9cff75e6482,3993905,UNCERTAIN
f9acc9a9cd09fd64fb77,3993907,UNCERTAIN
4f96ff5c1e5562a40a36,3993936,TREND
41e2caa165f7957b49f8,3993940,TREND
4b2e8b231da115fa2506,3993944,TREND
f8f308096431ca42b410,3993944,TREND
10562e1e7583ffa2ae69,3993945,TREND
71e9cf37ec79e162f76b,3993945,TREND
1af96ac2997569541a8d,3993951,TREND
3380f26335a87cb6d780,3993951,TREND
550af3813f0a7442784a,3994029,TREND
9570d5dc636fdcf05ea5,3994030,QUIET
15a06c7d40f1fd1dd3cd,3994032,TREND
ef78fe0d880010b6ec6f,3994039,TREND
163b96c478d5753cb596,3994041,QUIET
3e60be1794f2c44c76a5,3994232,QUIET
17ed048c61064c7dd990,3994236,QUIET
141d077ee6e09d2b74ff,3994237,QUIET
b854030f138936e2e5ac,3994242,QUIET
a03f9928785d031429e5,3994244,QUIET
e1b678d35f2d1421c5e4,3994331,QUIET
9c0955257c39ee0ba5bb,3994332,QUIET
b149d7fd5973c5ff7886,3994337,QUIET
c0d9fd5e2c7715b02d49,3994340,QUIET
a984379e998ebb28df25,3994343,QUIET
eafe3fdef42463b1e1b1,3994484,QUIET
8e76d60304b1e0b48fa5,3994486,QUIET
d34618cfd4b17f5e47c2,3994487,QUIET
5f14750bb10101f33aa0,3994489,QUIET
b51f87710d5cb4250b6b,3994492,QUIET
af3e84a56c8cdbbd5f88,3994765,QUIET
eed6c972461cba53644d,3994767,QUIET
9b6195def0ff2c19ae97,3994773,QUIET
aac799bad29deb3948f2,3994777,QUIET
8288edb894c90c9c4bd8,3994778,QUIET
b94fe71b6a76927c7f17,3995134,QUIET
de56dfb2f7835a296f63,3995135,QUIET
ab216ec47bf77a369ba6,3995137,QUIET
7dcbb1488131d9824b33,3995142,QUIET
f4953f94f9ef820bf7f4,3995144,QUIET
f0b4bd4f6b3ebc663221,3995584,QUIET
1f9f30d3586bb568429a,3995587,QUIET
ed1d5a63373aef4176b7,3995591,QUIET
bdd4240c036f52defe79,3995593,QUIET
915da9174d6d87f661e2,3995594,QUIET
6565d1685de3f4dc15e8,3995634,QUIET
d529a3c721648495b076,3995636,QUIET
1cb98d66d2907434848f,3995637,QUIET
9e3572e4e4bb3f728d72,3995643,QUIET
5524c6e617c90f8ddc91,3995644,QUIET
db6b59d030bc773be4b1,3996512,QUIET
c0855dfec79f2ae43253,3996515,QUIET
d91e5bc5014170a06e5e,3996520,QUIET
54b9b1d9974a3a4653df,3996521,QUIET
fd61278cdbb772425dec,3996526,QUIET
f16ea934bb77c7a81044,3996577,QUIET
fa409e54732266de0191,3996580,TREND
fa6f11f8c070b8627195,3996583,QUIET
80ec92429a3990846870,3996584,QUIET
fd37e22790a2a01c4df3,3996587,QUIET
005234ee7ed1a299296e,3996960,QUIET
b8d6561d71a5896d1138,3996961,QUIET
145ad65817e62425310b,3996964,QUIET
950d268784ca88a37af1,3996965,QUIET
c0906cadb76047b96093,3996967,QUIET
b9b04a8cfb64417e31da,3997042,QUIET
961553a78ca58ae5423a,3997044,QUIET
5ba7ca55aec947e54f7d,3997046,QUIET
27c4103619f968d1f210,3997047,QUIET
6d4bff0586687790031b,3997049,QUIET
7a3c2cf608e48b8664b2,3997846,QUIET
48a7572356889a582d5c,3997853,QUIET
961cdfccd5582957bf29,3997854,QUIET
b7c5c8494d91dbf56075,3997858,QUIET
a3017fec47ec456298d4,3997861,QUIET
ea7a527b7a74c99ebec5,3997888,QUIET
12f27c96b3b133778526,3997894,QUIET
fbef8fda8a2574e4d8df,3997895,QUIET
376118ff79222a01c61f,3997897,QUIET
3d55767fec119ea23d30,3997902,QUIET
871ee9c478644baef5b6,3998000,QUIET
6092c355871f0d7a2ccf,3998006,QUIET
f38bc609b344358c26d5,3998008,QUIET
873966c760cb53a36859,3998009,QUIET
851fd424600a78a19073,3998012,QUIET
1981e9a2666be8c8dc86,3998043,QUIET
e06c51dd40ae532446b6,3998047,QUIET
d9bc2e0ee90e30ffed2d,3998048,UNCERTAIN
d93a0c13eb1f6257e7f1,3998051,QUIET
ca58e4e7ca400ab9e094,3998052,QUIET
e17ba9939a84c93b55d2,3998117,TREND
94ad8dae80e5a1dfe384,3998122,UNCERTAIN
06b8a9a14d3cd9b99f9b,3998123,REVERSION
82a644cf27e63e42c935,3998125,UNCERTAIN
adcd88b5ab3c6c56074b,3998126,UNCERTAIN
41d59b0b538e9e09965f,3998502,UNCERTAIN
5bd2989f62df62fe4a1a,3998506,UNCERTAIN
f148f5684ad62ccb0068,3998509,UNCERTAIN
c282b5f21ef6f0037c6a,3998514,UNCERTAIN
592ad83ee38c7e4050da,3998517,UNCERTAIN
1ee74b04312504ea78d4,3998886,REVERSION
f15fb25ecdbe4ef3bf77,3998889,REVERSION
f88e1dcc0c56bb460550,3998894,UNCERTAIN
93b5f8ad2e8b68560dcc,3998895,REVERSION
be39bdf45f97aa827008,3998896,UNCERTAIN
76d35f6faa5854e96b0b,3999034,TREND
8987fc727b0e1b3914ff,3999035,TREND
1169ee01d3114f04b9a6,3999036,TREND
b72e8cea1c55e1918c82,3999041,REVERSION
b5f44f6aa4aad292608d,3999045,TREND
dfe8ddc7426be905e336,3999887,UNCERTAIN
c6bc2925d4b403d03ba5,3999894,UNCERTAIN
799375f955f39b92e893,3999896,UNCERTAIN
936020d6af4ea4765b85,3999899,TREND
38839a93b4b5750052b9,3999903,UNCERTAIN
4eef9266075c2dc51f3c,3999939,TREND
b0bdf821094a30e0f39d,3999941,UNCERTAIN
d849454770c8e6790c0d,3999942,TREND
c2db235d9a7c522909c7,3999947,UNCERTAIN
65804e210d6e109ef428,3999952,TREND
950eb637075d7ec125c8,4000289,UNCERTAIN
07430ee1b3815804a189,4000294,UNCERTAIN
ce624eb78408e439b45f,4000295,UNCERTAIN
5ddd9af19ae118491fd0,4000296,TREND
e481cecdaab9e2dd332e,4000297,REVERSION
53eb74920c1246a32177,4000522,UNCERTAIN
f6e5eaed88bd85c0c2bc,4000524,UNCERTAIN
932df015a75bd1e2d00a,4000526,UNCERTAIN
0bb62bb8714c821b0303,4000528,UNCERTAIN
1fb9949415b166b154cf,4000529,UNCERTAIN
680b0b7c740b5d304ce3,4001254,UNCERTAIN
6bf03569abd61f18667a,4001259,UNCERTAIN
438bea2eeeaabc7d6814,4001260,REVERSION
e897543067a0684b25b1,4001261,REVERSION
93f29c4906c18fb8e445,4001263,UNCERTAIN
739207a6b8c426794db4,4001489,TREND
90e849b319300727e412,4001492,TREND
df54eefada341122e5ea,4001493,TREND
dc473d72149eb37befd5,4001499,TREND
51d5a70604dfadc758e1,4001500,TREND
b121383c14dae8eac588,4001535,REVERSION
47907659f738128deac2,4001539,UNCERTAIN
0e06ef356b4f8b36617b,4001542,REVERSION
3830c568fb8fca30f651,4001543,UNCERTAIN
01b66c9ca1683610fe1b,4001544,REVERSION
b4ff447bb6a82186eaf8,4001747,UNCERTAIN
7c3ce016cc39998b6bb6,4001748,UNCERTAIN
c2ec2bcaaaa464716f67,4001750,UNCERTAIN
7f00b14b66090a8cc7c8,4001752,UNCERTAIN
9248f61d2537078ff6f5,4001757,UNCERTAIN
d14c4db57a78060c8897,4002005,UNCERTAIN
b551ee26c92f55859af6,4002009,UNCERTAIN
04454467c0ad7479afe0,4002010,REVERSION
f54d5a5b852b48f0883b,4002011,UNCERTAIN
94666dbbd7615d725020,4002012,UNCERTAIN
316b9b7d66adef7ab2a3,4002425,UNCERTAIN
3c35bd0fcc0811cbbded,4002427,UNCERTAIN
2ca73942a82eb2c64f31,4002428,REVERSION
801140c13efed04927a4,4002432,UNCERTAIN
12fc735be9c17bb69ea8,4002435,UNCERTAIN
b0aab3c12589c0cd48fc,4002572,REVERSION
a8df690ac5d8ec2c9e3e,4002573,UNCERTAIN
69df7191c9157c2d2552,4002576,UNCERTAIN
cd56494e568a556d9d52,4002577,REVERSION
7ada0f6486691fa9e27a,4002579,REVERSION
c55183d8265eb2cb9d7f,4002898,UNCERTAIN
99fcbdb117770a4d4bf0,4002899,UNCERTAIN
adbe21cbf97c54fbc50f,4002905,UNCERTAIN
e799cd16a8739b829123,4002906,UNCERTAIN
6e1e23398637d5a5e85f,4002910,UNCERTAIN
a16f4d0731e49fb5f54e,4003254,UNCERTAIN
7aee51378aa746b22215,4003255,UNCERTAIN
7e9490fc3d9959d84274,4003258,UNCERTAIN
fd5d013e64656d4568f2,4003259,UNCERTAIN
8b572c9953a508c4050a,4003263,UNCERTAIN
238d755331796ad40a41,4003520,UNCERTAIN
d67f4a0c9fa6e9ff27ee,4003525,TREND
f8d83844f5011d7e339e,4003526,UNCERTAIN
13ebbd138cfbce1ceccf,4003530,TREND
dd7316ebc99e402d8c97,4003531,TREND
03e99bd742424577fdb7,4003553,UNCERTAIN
99e3d36f01970add87a1,4003555,REVERSION
9aa15763e15a8d3fd7df,4003556,REVERSION
fd70529b531336e744bd,4003561,UNCERTAIN
1a21ecd8e99387770eb1,4003567,REVERSION
8f9667c2fff77e785a62,4003783,REVERSION
42273160b89af967ac8c,4003784,REVERSION
82295dbd4e2beff17c0f,4003788,REVERSION
ef33d32f2ad3af7b6a48,4003794,REVERSION
2dac3425d991378b7aa7,4003795,REVERSION
99bab64875909e493d7a,4003867,TREND
54792dbd353ffc1fea41,4003873,TREND
aa61d5734a6f90bbb6b0,4003875,TREND
481b3783a1bf052d7a65,4003877,UNCERTAIN
30701764961b2b11da1d,4003878,TREND
f95c01a0ccdb6708baf3,4004477,TREND
6835e4597537e76af271,4004479,UNCERTAIN
039b9339abe1b381133e,4004481,UNCERTAIN
7aa150b54f8723587b4e,4004485,TREND
b6e43db9ba702aa261a9,4004492,UNCERTAIN
334d19ff53b6eb6594b5,4004529,TREND
d6ef968070d19dacebd6,4004532,UNCERTAIN
b8895fc9bf621dcf1cfa,4004534,TREND
018dd2c0eb6196fd4da5,4004538,TREND
990698410c4ef5fa02e5,4004542,TREND
471d66a0b5b549ac25c3,4004629,REVERSION
4e5da4afe5eba274dcbf,4004630,UNCERTAIN
960a0319a0a787d1d405,4004635,REVERSION
c9cad2023f88205d44bc,4004636,REVERSION
05065b23d4187fe113be,4004639,REVERSION
5005e720848a49495c9f,4005103,UNCERTAIN
cc470eb3482d197593aa,4005106,UNCERTAIN
a7c344e7331eddebb57c,4005111,REVERSION
fb4dd06d5f997026f7db,4005115,REVERSION
b26edcf0a8fc0e28c619,4005118,REVERSION
50dda428b86082f4db8f,4005830,UNCERTAIN
a53990762b6fcc69ef87,4005833,REVERSION
74281a3d4444991d9b76,4005839,REVERSION
a24f461e5970840a6502,4005840,UNCERTAIN
5cdf0322a1edaad8cac0,4005843,REVERSION
597faec79118f56b33c6,4005948,TREND
84d828c47362f645c102,4005949,TREND
7644e17c08b9242694fa,4005951,TREND
4364ebd9c7d3694cf002,4005957,TREND
5d8a5c080475a8c47b92,4005959,TREND
a9f0501be89b6f5b4959,4006800,TREND
16b4fe47f766290445f3,4006802,TREND
1b5e48435a3491ba1afd,4006806,TREND
4f44cf9bf6e56c9fdf65,4006807,UNCERTAIN
ccf7ffcbebdcc5cfc8cb,4006812,TREND
58dad3dd5410a23339a0,4007757,REVERSION
c3416ffea5f1eb96f447,4007758,TREND
3bc1d629f573333f4dff,4007761,REVERSION
8a430d2e7a9e67f4d06e,4007762,TREND
1554763778c76213bdef,4007764,UNCERTAIN
fdad5a4a49fc4b8a986b,4007855,TREND
e9672a71f0d2eae7a400,4007857,TREND
33b260af9f639772166c,4007862,TREND
b418d9c7d0508708a23a,4007863,TREND
5b9da91df1486b6b5c6e,4007865,TREND
9827d37432e3e302948a,4008293,TREND
69c30b3f5df87583f8a8,4008299,TREND
fb75e844ed6ae694199b,4008308,REVERSION
f073b4c3d713cfe37c27,4008319,UNCERTAIN
c83a2bf4a436fe6a41a9,4009125,UNCERTAIN
b6eac0f321d11c2618e7,4009134,TREND
c1c3faa45db7e301fea6,4009139,TREND
526f0de35da2b2181202,4009145,UNCERTAIN
89c07c387a0a59388732,4009146,UNCERTAIN
ab4064cd95082c9b931b,4010358,TREND
b35ddc26b9c314e369ba,4010363,TREND
20a9a42717a696f4dd3e,4010369,TREND
82a39efed4d059ad88a2,4010370,TREND
c9d7668ade4b804dc1df,4010372,TREND
259cd1effcd8c6992c16,4010516,REVERSION
5e608a7bed4e380c0d17,4010519,UNCERTAIN
9b28404f1031d0988d11,4010521,REVERSION
16bcd9b21e8e0b947887,4010525,REVERSION
cb1039e4e884542b4cfb,4010528,UNCERTAIN
81c3ad4fac73432fb7b6,4010875,REVERSION
346aeb7dbc2254b4a755,4010881,UNCERTAIN
2ca1e0b6e0bfe45338f3,4010882,REVERSION
e39b2f7c0ae2184c89ff,4010885,UNCERTAIN
a58a6faa69d9face5744,4010886,UNCERTAIN
ffca18d7d1780bee223b,4011225,UNCERTAIN
13d5fc583a8436a5421c,4011227,REVERSION
e8590d8fa367c767029e,4011231,REVERSION
4b3cd3a8e70b4b06ce86,4011233,REVERSION
15aa4bfb5a5e177123ec,4011240,UNCERTAIN
d064b6516f3486d173c1,4011282,TREND
570c97ad9f6ef741738d,4011284,TREND
7c5ae288af46d377f5f1,4011285,TREND
6d7d16faee17b5cdd0c6,4011286,TREND
7757416ae46224b24839,4011289,TREND
b61b41292785c057dfc5,4011363,UNCERTAIN
0a10cff39cde8a971eb9,4011367,UNCERTAIN
d99af325f3edf98fd546,4011371,UNCERTAIN
c2d4008541a4daaa7eaf,4011372,UNCERTAIN
35a5cf0bbfd7e94ad1fc,4011374,UNCERTAIN
b1b189af26231db02560,4011854,UNCERTAIN
fe48a0f3a5e5bb4639f0,4011861,UNCERTAIN
299d4979d9d41e153290,4011863,TREND
ab671bb9cdb0dc33b1ad,4011864,UNCERTAIN
a1a988d1c166fd706fc2,4011865,UNCERTAIN
15c1ea4bb4e00fa84eb5,4012421,TREND
0068cb9babbca805d3c5,4012423,TREND
495a077e56ea87042198,4012428,TREND
7f04b18478877a29e098,4012433,TREND
66a4c9a3e6f2aff66c94,4012444,TREND
d99801f1f2b00a35897e,4012641,TREND
ec63fa9f27061a94b073,4012643,REVERSION
f4694ecab678e41ca7b3,4012644,TREND
271a523a957c2fb59743,4012648,TREND
1043dd2c065e7c9c19d7,4012649,TREND
dbf97d7ab96d016a0d74,4012907,TREND
3ee88207b124d21ff41a,4012909,REVERSION
eee052fff3bad31dc44e,4012910,REVERSION
80f935fef63a82751742,4012916,REVERSION
322ed51a618e37fdb970,4012920,REVERSION
7063f43d5c84fee1ba59,4013294,UNCERTAIN
8a975837fee66f3c5b01,4013295,TREND
bdf067a1ed6a5c01f445,4013298,TREND
7e92186e6ccaa4a5ee0f,4013301,TREND
212b8628f644285d3fe8,4013304,REVERSION
819e97dfac258aadde12,4013541,UNCERTAIN
d62be1dc120f8ccebe03,4013545,UNCERTAIN
09226ec8b94eda9725bc,4013549,UNCERTAIN
fc6cbf7a28b27a425c4d,4013551,UNCERTAIN
248c72020bb131ece625,4013552,UNCERTAIN
3451049cc37038d01540,4013662,TREND
a497fcf171ad408b869c,4013664,TREND
b4cb79095a5e4723f94e,4013665,TREND
461bf659936ba7a28de6,4013666,TREND
eb0174475dad1cd0fd6c,4013668,REVERSION
79c86dabe1f76985d03f,4013822,UNCERTAIN
999e08a1bd7cec72deb7,4013824,UNCERTAIN
f59c2a7ba4ec46d041b6,4013828,UNCERTAIN
64d6de9c96e6d9ca4628,4013830,UNCERTAIN
b034a09c346f3863c9fe,4013834,REVERSION
9ed183a29cc8c67d65ba,4013900,TREND
8d2a7d8e4161c78045c8,4013903,REVERSION
3bf3a72d482d50ba88ab,4013908,TREND
b2d5d9e3aaded55ae4ec,4013911,UNCERTAIN
8120fcdd504d3466372d,4013913,REVERSION
4f218b6ba2eff02fe9c5,4014125,TREND
fe4490080e1d8906ecf0,4014129,TREND
89cfb8df4c6d5eafd342,4014130,TREND
8b3d9fede784ea987346,4014139,TREND
80a4607871e7290b75fe,4014140,TREND
74158256f80760652341,4014188,TREND
35520ed1a85e93d9b7f8,4014191,QUIET
a159512499e34a5a0f41,4014193,TREND
d892c45f4fb53d59c28c,4014194,TREND
3c7afed5731498445d7a,4014199,UNCERTAIN
d1ff5563cd35e01b6a4e,4014236,QUIET
d422e1e34914fb72d099,4014238,QUIET
137bdec687a082df3e18,4014240,TREND
cc1431663731d08e1b94,4014243,QUIET
ce6e51185fcfe491130f,4014247,QUIET
0751c4d1e210c3766453,4014731,UNCERTAIN
0a8e1d02681eb8143ec1,4014732,QUIET
ee2b002e01f730de0f5d,4014733,QUIET
8f7654e063cc1ff32844,4014734,QUIET
df3af3e64de460be5d29,4014736,QUIET
2861efffb2905ae48f70,4014821,QUIET
44052c476bc9d46913c1,4014839,QUIET
21dc0809efdfcbe06d72,4014841,QUIET
b30dc4ca8ababfefe6c7,4014847,QUIET
fa56e49628420953b603,4014908,QUIET
54e584ffba00c3ac44ab,4014912,QUIET
cc9e11a639c5678246df,4014916,QUIET
80658ea5fd8fd3237113,4014918,QUIET
f3f481c09c770b3f3ae9,4014921,QUIET
e2e2557b9d05adf20bba,4014980,QUIET
52b2ab28938d245a8416,4014986,QUIET
9af084d33a8d544b4d12,4014987,QUIET
2c82fd349f0d2f17ce0f,4014990,QUIET
de79f7a4f54efe8b4905,4014993,QUIET
73d1b0d63bd73ccd4cef,4015308,QUIET
2683d9da05cae4845508,4015309,QUIET
8c967f9b4888c0c30b27,4015316,QUIET
9e209b5e5904ca25fb8a,4015317,QUIET
82a3b622d596e223288e,4015321,QUIET
c0fe9d6a356ec98f4030,4015458,QUIET
e1c6287c9416dddb24cf,4015460,REVERSION
22c3bfb679fc9d5a5ed2,4015461,QUIET
a025d3392c9b88e18219,4015464,QUIET
d68d632a1b886bfca676,4015466,QUIET
d563295ff4af201049b0,4015617,REVERSION
927f548f1bf47180d185,4015623,REVERSION
485a8bcebcedabcf0568,4015626,REVERSION
3f730e60c527292b9bef,4015629,UNCERTAIN
fc78f2cbf5c2ea9ae11d,4015631,UNCERTAIN
a27892dbdcf2092bdf23,4015665,UNCERTAIN
513213b70638bb50f728,4015666,TREND
962bd849dfb549bc8551,4015669,UNCERTAIN
ec02ece42c1d9f306772,4015676,REVERSION
76e7bb8194cc6ead02da,4015677,TREND
d3c0ebfe5edeaaf61947,4015838,UNCERTAIN
422b59c65973e692fa67,4015839,UNCERTAIN
3e09dbc26aa75b669e6b,4015843,UNCERTAIN
71abb099001279e1365c,4015846,UNCERTAIN
1873d17340f5cfcfb2a8,4015849,UNCERTAIN
f1c6dea9ad4f247c3f9c,4015973,TREND
25526d93d9678ed60629,4015978,UNCERTAIN
0e8c97a214eeb0fcd67e,4015979,TREND
60d20af9010c4989bc33,4015980,TREND
2c1509a94c6b5d012298,4015981,TREND
8e536226e32a67f379ae,4016009,UNCERTAIN
14667badbe447b0255b9,4016011,UNCERTAIN
47419e3aad57e23fe716,4016013,UNCERTAIN
f8547bba9cf9471d79cb,4016014,UNCERTAIN
7d47148cec7016d82cfc,4016015,UNCERTAIN
38f25b94c6c185192a70,4016055,UNCERTAIN
db96d836341b3816a7cf,4016056,TREND
2e98769d5fdd65afc443,4016058,REVERSION
d64e7d7395e34a821a85,4016063,TREND
f867fc99c6a5c14adefb,4016066,TREND
6863d2d9dc572969dd7c,4016157,REVERSION
9b0fb5f656721a47e569,4016159,TREND
d9bcd59a984bafd3864f,4016164,TREND
37a38d899d8e98912def,4016168,UNCERTAIN
24fe9904fae4e4d9cc8c,4016169,UNCERTAIN
fedbb689d275c3d8ac9c,4016283,REVERSION
1f7035a77009aa6a6d2b,4016285,REVERSION
9fffd90805be1105fe46,4016286,REVERSION
1af511d25119397bc4a8,4016289,REVERSION
19d3505af06beec483d3,4016292,REVERSION
cf2a59024795bdd8100e,4016349,TREND
33cdc6823b5b2f8e11e3,4016352,TREND
1c52306b52f5cae80fd9,4016354,UNCERTAIN
e65578a9283dbfa1b39c,4016362,REVERSION
ddd001cf9185bf3f61a7,4016363,UNCERTAIN
43be99a582186532cea2,4016464,TREND
a920a2572d124a9dc13f,4016466,TREND
c34e86f1be2d5b166354,4016469,TREND
f5fe583c8d0ee62e6463,4016474,TREND
d6fe624e30acd092cebe,4016478,TREND
eee54262a72686e30a42,4016571,TREND
44d8a627939b896b4621,4016574,TREND
6fd034a952b9d708d0d3,4016575,TREND
04a80b62870be8f6573a,4016578,TREND
cb787dd030d763d56c97,4016584,TREND
63be7eb71de8d11d04f1,4017063,TREND
fffe1b06e0c2ab7b4e20,4017066,TREND
eea4f22f0b8922311f06,4017069,TREND
931606db39e0fcf7e1c2,4017075,TREND
3207207cf4b19708cabd,4017076,TREND
bc57a275060359478b9e,4017119,TREND
0524534ce5ad7bb1cca1,4017120,TREND
0924dfdf6b3b575b3c3d,4017124,TREND
d011ca738dd9e5b61038,4017131,TREND
5ef8901cda3517bc4229,4017133,TREND
b1bd53240691da51c256,4017707,UNCERTAIN
87118f6744fac01b6a7b,4017708,UNCERTAIN
7501dc1e75ad77f3856f,4017711,UNCERTAIN
c8c5adda98655a0b2114,4017712,REVERSION
e8e7263168db07e47184,4017716,REVERSION
59d8a6fd74263bfe6428,4018190,REVERSION
11da851a24d5b418fb27,4018194,REVERSION
56f09d83e5df444a5d90,4018196,REVERSION
a3e264cc0e86b7c453bc,4018197,REVERSION
cb2d9a2a956c5f74deeb,4018200,TREND
021894fced04302d423a,4018984,TREND
876e1e912c74bdcd24ee,4018985,TREND
0a0cec103c6690df4dd6,4018986,TREND
1548882b745835f74435,4018994,TREND
44a7b114dcf08f5679f9,4018995,TREND
9848d7580512628fef79,4019017,REVERSION
5affac63ce4fff3c4e4d,4019024,REVERSION
a7c9480387ff0ce9a0bf,4019026,REVERSION
ab3d12609477412ead88,4019027,UNCERTAIN
42c582368617a4b1aa05,4019031,UNCERTAIN
0e3a871a881c0ad69705,4019176,UNCERTAIN
fc878f4f304645b1fc4f,4019177,REVERSION
3f98b12c9a2d57185815,4019185,TREND
17b9e279399227d8a960,4019188,TREND
fa3fd460886570a2ff74,4019190,TREND
65775aeeb73302ff385d,4019483,UNCERTAIN
0a62c31c15958aec21a4,4019484,TREND
3b9905dd0accbfc77b0d,4019492,UNCERTAIN
0998db25cfc4f0da9b9c,4019495,REVERSION
4bc0c9d18ebeb22eb9ab,4019497,TREND
330b9cb375240282e9e5,4019986,TREND
dc4d078d6c6befe2f8c8,4019986,UNCERTAIN
e38858434f45945a256b,4019986,UNCERTAIN
2bfb2b0a9e70ac4fffa2,4019991,UNCERTAIN
7a261c998d04f44dd1a6,4019991,UNCERTAIN
4641eb6469d4cd4dee11,4019994,UNCERTAIN
fbf95c25c27730a5adb2,4019994,UNCERTAIN
fc33563bb5cd1134d73e,4019994,UNCERTAIN
8d9209bdf28fdee8587c,4019995,TREND
1a038f92f7bfc3c44689,4019995,TREND
7806f89f1e460d302bbe,4020001,TREND
25148baf20b717dc4f7f,4020001,TREND
cbf36bd7760196bc733f,4020001,TREND
e61d8ce507bc2df39f25,4020154,UNCERTAIN
dab80773a8ca9552c03d,4020157,UNCERTAIN
36431fd116816c5caed5,4020158,REVERSION
6be064f420b0267361dc,4020159,UNCERTAIN
f09694a2d04f47b51b61,4020160,UNCERTAIN
edbd6c0605325d875338,4020307,UNCERTAIN
f47b6912724eb900a937,4020307,UNCERTAIN
c124fbe7465dea2146c3,4020307,UNCERTAIN
c384084bcd0a9517f796,4020308,UNCERTAIN
d58dc887b6c49e4aa977,4020308,UNCERTAIN
fab8f2e8e9a70a91707f,4020308,UNCERTAIN
985e7ee76780ddeabfa5,4020312,UNCERTAIN
80a977546222547b4a83,4020312,UNCERTAIN
4211fdcc11f1f86ca569,4020312,UNCERTAIN
3ce156e64753b09a3c0f,4020314,REVERSION
aadd841b15208a6c7ef2,4020314,UNCERTAIN
55d509e2c80c67d8d789,4020314,UNCERTAIN
0f91807ee107583c25d0,4020319,REVERSION
c24df1c050aff9e7544c,4020319,REVERSION
4cdd0fa03750f6d4da20,4020319,REVERSION
3aef054b9f13137b81d2,4020643,TREND
dc2244148d87221f701b,4020643,TREND
cc32fe73ac7618c90496,4020643,TREND
00e0abb16387473fc7f4,4020650,TREND
04a3e85623671e6cfd61,4020650,UNCERTAIN
6bf18c889745b9e64f71,4020650,UNCERTAIN
a673e00bfaa5fb42109a,4020652,UNCERTAIN
6c91958e1d0cb7278a66,4020652,UNCERTAIN
9a9648461d77ebc461df,4020652,UNCERTAIN
bd9941b62663103211fc,4020653,UNCERTAIN
115ff512b8afce3ae126,4020653,UNCERTAIN
170909be6d6e00cff53a,4020653,UNCERTAIN
765ee16b43dd29610143,4020656,TREND
4b6fd39e516eefa15daa,4020656,UNCERTAIN
2c77d80a8b238b62e49a,4020656,UNCERTAIN
df9212826ad481026f97,4021007,REVERSION
8c2bd5ba39b156d19e02,4021007,REVERSION
926b833b87587e801622,4021008,UNCERTAIN
27147d020f9733e04874,4021008,REVERSION
11cea4f447451dd09b8d,4021010,REVERSION
842b3296ff7f1d509f95,4021010,REVERSION
503945a8489b3d2fa86e,4021014,REVERSION
2d209cbf4c8c3f145b47,4021014,REVERSION
9897ecf3bd17cce9af26,4021016,REVERSION
4e9b0d32cae6e191907a,4021016,UNCERTAIN
5a1f27478c226e3af219,4021224,UNCERTAIN
51821cf61172eb42e356,4021224,UNCERTAIN
72371cb94e4677ea14f1,4021230,UNCERTAIN
4d48bbff2440366b4ee5,4021230,UNCERTAIN
98f62f03e5076de1ead3,4021671,UNCERTAIN
23c559333bcb81b20929,4021671,UNCERTAIN
8f525a773a76febbacab,4021678,TREND
c006c9ad37909ceed96f,4021678,TREND
3fc9180ae5c9ac234a3d,4021683,TREND
0f4d15e96bf26174aafd,4021683,TREND
927a1d60f109e2c8ae2c,4021694,UNCERTAIN
25213fc364454ae674a3,4021694,UNCERTAIN
31414cd7c4c6015d9c45,4021699,UNCERTAIN
53842e33564418d4f373,4021699,UNCERTAIN
f35a0d12b6ef9a979185,4021704,TREND
99288e3c8f8b1a8a9bcb,4021704,TREND
837552408cff4ecf640d,4021901,UNCERTAIN
7c775bfec6ba986f02b0,4021913,TREND
12b041fe7d3eebd35228,4021913,TREND
5a8fc10a7d98667bc466,4021915,UNCERTAIN
05616e71efd16904fa1b,4021918,TREND
7dd53050498c877c05ff,4021918,TREND
c8bfd7425684ef92dbfa,4021922,UNCERTAIN
d27803cb9ba91b38ffd4,4021970,UNCERTAIN
27d0dbb1fce0eb26643b,4021970,UNCERTAIN
0c2439e00ec1510e1c65,4021974,UNCERTAIN
7782a6c6834afbbe2e8f,4021974,UNCERTAIN
3a26ae68ceef5ba9301a,4021977,UNCERTAIN
174f9bc9715a4cade124,4021977,UNCERTAIN
b2ac62f3cacacb936ed9,4021980,UNCERTAIN
a46b2aa22085fc179f75,4021980,UNCERTAIN
6e915096117b2cf854f3,4021984,UNCERTAIN
3909424620053d6ba6ff,4021984,UNCERTAIN
fca0bd54aec61e10d3e8,4022046,UNCERTAIN
a738c162031e9e916d78,4022046,UNCERTAIN
815c312acd5041d8482a,4022168,UNCERTAIN
2d0b0413ab8783ed705d,4022168,UNCERTAIN
d6ac53267b2ceea21ab0,4022171,UNCERTAIN
3e31e3f74d0055704531,4022171,UNCERTAIN
86f3e679a0ed636979f8,4022398,REVERSION
a005a5128f78d814856e,4022398,REVERSION
e67174cd8610f681734e,4022431,UNCERTAIN
c9968dd19536bb9e8848,4022431,TREND
6911301f0dd9bbf46c84,4022436,UNCERTAIN
4748d684bd8b87e09d68,4022436,UNCERTAIN
7bf30ce8ce53ac577eec,4022441,UNCERTAIN
0e35a6a95ceac606866f,4022441,UNCERTAIN
fb919e6324619c992e93,4022442,UNCERTAIN
6b2852ddc995a50c572a,4022442,UNCERTAIN
1be5d3e7ba39331f0486,4022443,UNCERTAIN
f40c114e0426732e9932,4022443,UNCERTAIN
3e77f04592969e5d2198,4022619,UNCERTAIN
d40f211097070bf06bc1,4022619,REVERSION
52ceea78405f84dd0a75,4022628,UNCERTAIN
9bba9ca4115963be9259,4022628,REVERSION
9c77b89e28ec289f07f7,4022871,TREND
666f60f397d39d3a8137,4022871,TREND
185acba8c6a03746c65c,4022875,UNCERTAIN
13229ea028efa62f292a,4022875,UNCERTAIN
25e785c663aadecffe82,4023652,UNCERTAIN
3694c83f8975f6898b32,4023652,UNCERTAIN
0d6da002e148c3a741ab,4023658,UNCERTAIN
291b713b7e2a4f15abf1,4023658,REVERSION
b368df7c72d935278907,4023659,REVERSION
4aed55d543172c7397fd,4023659,REVERSION
da020f8645c5344baad8,4023789,UNCERTAIN
e3c943b80a41cc410f00,4023789,UNCERTAIN
e4b69a67eded4f950044,4023790,UNCERTAIN
8d039138e3d43383edd3,4023791,UNCERTAIN
408894fac98e60525dcf,4023794,UNCERTAIN
5bc26241248ac0aba9fb,4023794,UNCERTAIN
c0e8968470665c278cbb,4023801,UNCERTAIN
6481d4e63fd5499d1f09,4023801,UNCERTAIN
15ecbf33d7c91fab00a6,4023832,TREND
a49357c0bfd71d0dcaed,4023832,TREND
cbf7685f06b268e5d1b4,4023833,TREND
d139dee1eeaa0ed25f9b,4023837,TREND
cb66981813cb0e124715,4023841,TREND
4ba02574079571c4c698,4023841,TREND
d5730a2a6addb8540d20,4023842,TREND
c5c2b42154b6ebb63305,4024007,UNCERTAIN
ff7fe7bbdddf2a918f40,4024007,UNCERTAIN
2f40a651076872fee600,4024011,UNCERTAIN
8b4280bde331e1d334c7,4024012,TREND
1cbae307b753b20d9e58,4024012,TREND
7715d7cd5ebe0e4ecb16,4024115,UNCERTAIN
d74db5662724f631b593,4024115,UNCERTAIN
9fc86df11c3e23ec2d0a,4024119,REVERSION
0f705cfda1fa8e2efbcf,4024119,UNCERTAIN
61a6acc0bdf9163c37a7,4024121,REVERSION
5e32bae419d58a7b5ace,4024121,REVERSION
b0945d47a84bac7398e2,4024123,UNCERTAIN
662bf2a9a37b72724b73,4024123,UNCERTAIN
ce1762ec80334de41cd7,4024127,UNCERTAIN
03c22d7693a8cb5a0ca6,4024127,UNCERTAIN
ad3f639b6cee15ae3b25,4024240,UNCERTAIN
0dc01d62f4b5998cf9a1,4024240,REVERSION
d50a45e1e017c4533cf3,4024245,UNCERTAIN
5abc035395801b29deff,4024245,UNCERTAIN
2bbcd4b90b38046e5a8e,4024246,REVERSION
a5f99414c5ef355912f1,4024246,UNCERTAIN
731f1105d02fe8f2d919,4024248,UNCERTAIN
8108742ddd72670a353d,4024248,REVERSION
48a337ba869f9cefe6c3,4024250,UNCERTAIN
ea6635ebe151a6d4a085,4024250,REVERSION
3a17ba41a4fbe004729c,4024350,REVERSION
900d222544163e9f3595,4024351,UNCERTAIN
44dceff0d215c873b785,4024353,UNCERTAIN
92d12fa0bcfe8020ac36,4024361,REVERSION
3cb8ee05a98bfa6f35d0,4024362,REVERSION
dea641f1cb3758dd7a1a,4024559,REVERSION
93ce09f8f745a86620e3,4024562,UNCERTAIN
b004ab36c2e752edad40,4024564,UNCERTAIN
99eafb01897ea936ba86,4024569,UNCERTAIN
9a1da4d1b16dfab2902b,4024570,UNCERTAIN
78ecac943e9fdcedd188,4024809,REVERSION
d150b79423b3d3e927dc,4024813,UNCERTAIN
b09ed534c8f036065846,4024816,UNCERTAIN
423afce0f23b1d4a81f6,4024824,UNCERTAIN
89f0229fcdecc9147068,4024826,UNCERTAIN
ba36e5efd753fa2169d4,4025037,UNCERTAIN
ecd90bf58a316e8b78f3,4025051,TREND
fcc8e94714ba199ce92a,4025056,TREND
fc3df556f3f9f7016620,4025060,TREND
7c46b70e9aaa2d66c0ee,4025066,TREND
e1280347e210a07e0141,4025259,UNCERTAIN
9657c72aae52f10e45e8,4025261,TREND
b12d74037f4c8f5a4a02,4025262,TREND
2cfee69780c6c5568bde,4025266,REVERSION
fb9e33d24d013de89c23,4025273,UNCERTAIN
ea40c802fc15c7d12cd3,4026119,UNCERTAIN
133259c2e69033b7b51f,4026120,UNCERTAIN
fd3fefda2fc2f8b25917,4026123,TREND
049f5c3a7124e64ce9df,4026125,UNCERTAIN
4d80d6e624e6f983228a,4026126,UNCERTAIN
fba42ecab53ebfcacf74,4026484,TREND
b31a1a995123e4ca3e5e,4026486,TREND
f2199a1c2a521da36e94,4026487,TREND
55a198023103a472ae2f,4026491,TREND
2095bdaa551f5e3371ed,4026496,TREND
fac69e38a6df402b4bfd,4026850,UNCERTAIN
d8f0fe3a692e84e9bfd8,4026851,UNCERTAIN
fd30f12897bae2deb411,4026854,UNCERTAIN
0c0169732d2cd826cdbe,4026856,TREND
f498636eb24e9410dc6e,4026860,TREND
6c656816ce1aaf820849,4027924,UNCERTAIN
ed955e63695d82b8d304,4027926,UNCERTAIN
d3cd110ddec8d41016bc,4027928,UNCERTAIN
e6a3155ec2a6ce80b862,4027932,UNCERTAIN
da16cbdd1ccf30368728,4027939,REVERSION
b340abcbf78bd2c4c1c7,4028918,TREND
7c1fbea6207ade199f12,4028923,TREND
ece61e9e518f25ae3506,4028924,TREND
a8c1feb9c93fd78d88c0,4028931,UNCERTAIN
eff490a23f855bcb1ec4,4028933,TREND
bee7c340307f89e1b3b0,4029871,UNCERTAIN
f111c30ac05b49c32c67,4029875,TREND
86f04d9d3f658494cf52,4029878,UNCERTAIN
e0d03bba0d4c887ba7c6,4029880,UNCERTAIN
50e19e53d8cc67a0f24a,4029882,TREND
665374b83d04c483b7e9,4030008,REVERSION
9e7203b8e9d1f6554a6e,4030009,REVERSION
2a0a23cd48b0e9f86536,4030013,UNCERTAIN
0d9aa14242f16ca99027,4030016,UNCERTAIN
513d07ff56d88bfbc9b8,4030018,UNCERTAIN
66fea92cb9b94c479b63,4030582,UNCERTAIN
8f604d1b655de37e3a49,4030588,TREND
2d6903f84a9ed1db281a,4030589,REVERSION
ef945ca1ab3db028f398,4030594,TREND
bbb00e43b2f124d594b5,4030595,TREND
be5fa2ea69a1733fe19c,4030597,REVERSION
36d26373fced9ea31fac,4030598,REVERSION
caeda1bc0169572c1d91,4030599,UNCERTAIN
a07c06bd27efc10a6426,4030606,REVERSION
69ffd0ffee517f53269b,4030608,REVERSION
0625ab0c0ebea8235edd,4030759,TREND
98e9c217f4e00b6a881e,4030763,TREND
50a441006ed0ae46815c,4030767,TREND
b4c43f10448e9c782f50,4030770,TREND
d985b3052c085fca3f17,4030772,TREND
c6dbee19deb1507ee0b0,4031943,TREND
2e45a6aae40eeefa7640,4031947,TREND
582c687579294d0f3437,4031948,UNCERTAIN
0113af5d1800bfc8651b,4031955,REVERSION
be4bc1c888791f577768,4031957,TREND
1e2b19958ffbe7670b23,4032006,REVERSION
c5475785e0201740912d,4032007,REVERSION
035d961d7ea010e1945c,4032009,REVERSION
62f25297cd0cc6af5867,4032014,REVERSION
5fd4229a63cf6777d7ce,4032018,UNCERTAIN
88ef88ebff4c6e9a0198,4034395,TREND
11691f646ac3ee449d30,4034401,TREND
a2a15076e3c2deac15ff,4034406,TREND
124236f6b33c00111df2,4034407,REVERSION
edae2936d3f298221ada,4034409,TREND
3464525363993d04a982,4035139,TREND
da834b5d7a6ca6640efb,4035144,TREND
55a15af40abbe55a8915,4035147,TREND
cdab657057055a50027b,4035148,TREND
e0eb08d0823b0b06d4fa,4035152,TREND
d5de44918e080435c97a,4035224,UNCERTAIN
e7aee2783c0c896bd9ad,4035228,UNCERTAIN
30f78c4e8be4c0dc7d0f,4035235,UNCERTAIN
f9e58d1328f1077f33c1,4035236,UNCERTAIN
9edcbe1229849e16fd1f,4035239,UNCERTAIN
45eaf4c7042cbbb1f7a5,4035696,UNCERTAIN
e603365e5648d23e8707,4035697,UNCERTAIN
3ebe403fce551692bf87,4035698,UNCERTAIN
7b614cf8e942261de1ae,4035703,UNCERTAIN
8738a7c7f206a562602b,4035709,UNCERTAIN
790b3431686d6bb02847,4036332,TREND
4b2fb490a9a741e876ee,4036334,TREND
3f373f915fb78bbc7185,4036337,TREND
6065a7399ac8c001f1a7,4036341,UNCERTAIN
66418e89db13d90db575,4036342,TREND
9ae1b044da36bb7f5d62,4036590,REVERSION
20ae0f4ca09500ddc257,4036593,UNCERTAIN
862dfe2975dfbc3f399d,4036601,UNCERTAIN
a95feb0adaa9db1fc590,4036604,UNCERTAIN
a6d3ee1bb6c416528dca,4036609,REVERSION
d4c24844c72a35df9a81,4036952,UNCERTAIN
877aae16c341e0ec1c5a,4036955,UNCERTAIN
cc175f2d608199812091,4036962,REVERSION
c99c33a2e742100c73c3,4036963,UNCERTAIN
b3764cdc23320254ed88,4037040,REVERSION
8f82a6ca1eee44496ba7,4038474,UNCERTAIN
f4ecef06605c667de9bd,4038476,REVERSION
55dad7619dd219aaa23a,4038487,TREND
cfdf0784a810ca5f4ec4,4038490,TREND
2a4311ce799383d972b3,4038513,UNCERTAIN
ad226fb96ec59aa8cfc1,4038577,TREND
f2479df4c6c1b6c2aa40,4038578,REVERSION
1d4ca02368a6d53b3fd6,4038585,TREND
961f06e365e8ed373270,4038590,TREND
25f2a8c4dc3a3dfdc55d,4038591,TREND
ad9154ad0e794f94b6c5,4038601,UNCERTAIN
ea61646bfef89ab4f752,4038607,UNCERTAIN
df125443d8e34a93af36,4038610,REVERSION
03d7708ec9f7acdf3440,4038614,UNCERTAIN
e47c4afe636a9bc58d5b,4038616,TREND
da749c834a654d7fb281,4038684,UNCERTAIN
1755914d8130f2633313,4038685,UNCERTAIN
c616414c66c70f965cae,4038689,TREND
029337f4d78303f9a345,4038697,TREND
f23b209c76e1972aaf06,4038715,TREND
8c70634a11c5785f4c9f,4038991,REVERSION
be8157a7ad2b4e8b475a,4038993,TREND
8b53b8310a25ea3dd757,4038996,UNCERTAIN
d58dba5cef89b479a708,4039001,UNCERTAIN
aaba84bee0b8ac09064b,4039004,UNCERTAIN
95254f8dc3853c1a3221,4039196,UNCERTAIN
f9a293b6c62483478b10,4039198,UNCERTAIN
02aacc6e9769f08118da,4039206,UNCERTAIN
edf45fd77d2de8f586e7,4039207,UNCERTAIN
8c0637909e6e5433f0bc,4039209,UNCERTAIN
2044eeb523a996f81c47,4040033,UNCERTAIN
daffe4991a46bea3cac6,4040036,REVERSION
0ea7f0761e433feee34b,4040037,UNCERTAIN
b726ac075bded8c5dc5b,4040040,UNCERTAIN
a32cfac4db88cf302dfb,4040047,REVERSION
7f00e6fb36a036096419,4040132,REVERSION
e08cc9dc06b92998289f,4040147,REVERSION
23b12b7ad412906d69d8,4040148,UNCERTAIN
50bf9def8a0c113c434e,4040149,REVERSION
9b876f87cfca31045620,4040151,UNCERTAIN
c331d20d2f94cc972e54,4040295,UNCERTAIN
c78394214451c810a472,4040297,UNCERTAIN
eb2103de2cb629915936,4040299,TREND
1d3f8cdc390813bf6c9d,4040302,TREND
fafb716494ac0383d108,4040306,TREND
37f3e4bc24c0d6a224a4,4043343,TREND
d0afbe281314d869dcf4,4043349,TREND
1d120f3879a9cc8f63bd,4043350,TREND
e5f2681a40a6d635b03d,4043357,TREND
bb250dc249433ac02305,4043359,UNCERTAIN
581f6ccd8edf1613746b,4043688,TREND
7b81da08a52c3d8ad7aa,4043696,UNCERTAIN
e5cbc196fca34ff6bdd3,4043704,REVERSION
237e93cf41e5022f0a7c,4043708,UNCERTAIN
3a9f327f21c3868de165,4043715,TREND
df75f6c5245298bd7d83,4044826,UNCERTAIN
ff083ad108cad1a91d34,4044829,UNCERTAIN
66ff0cc8b16b6d6ca477,4044830,UNCERTAIN
e9567037052025073b17,4044831,REVERSION
b41c71e030ad8a94d74a,4044837,UNCERTAIN
8b928b4d0afe9f2395d5,4044865,UNCERTAIN
baf26946df70101be610,4044868,REVERSION
c39d6844c16b256e1425,4044874,TREND
1ada5193b7eb7d8858c6,4044875,REVERSION
f3501c0e8ce61f86c3c2,4044877,REVERSION
3d4bfdb4429af67cfdee,4044998,TREND
c0ef32b2f546265839c1,4044999,TREND
89ff4f2a98ad1a94556d,4045002,TREND
dae860dae7f4539bba4e,4045007,TREND
d2e62d4d91c6367012d8,4045010,TREND
75326aa84c0ae4111627,4045231,REVERSION
ff80a16f8eaacf27a54c,4045232,REVERSION
8d492ca2e98ab5762afe,4045239,UNCERTAIN
b528dff6792f6727cf08,4045241,REVERSION
09582925a03f0c13be9e,4045243,REVERSION
8c71c6d75f70e8cde289,4045317,TREND
e3ead1a6ce522be16fd4,4045319,TREND
3a9e19b883180334f2de,4045325,TREND
08ab4ca7978c1c05bf5f,4045328,UNCERTAIN
a971d7d35215484645d0,4045329,TREND
07b7d7e6ca4caa073743,4045381,UNCERTAIN
442b20f6bea61ed87d92,4045382,TREND
a158fe951c4cd1d0bc19,4045390,TREND
7507e7cc456e8e25f45b,4045392,REVERSION
8a681d97ef22b9ab2599,4045395,TREND
03c290ab4179016472bd,4045506,REVERSION
0ed5fb55f00382330a51,4045510,TREND
218825d6bd9a48277f3d,4045512,TREND
069ca3637f3184e8445e,4045517,TREND
95606bcb645d9051fb14,4045518,TREND
8872e829a579b277c807,4045756,UNCERTAIN
a776dbf16d97809f87d5,4045760,UNCERTAIN
567405ed84d821de854a,4045761,TREND
aea3da3302c8a6a14673,4045769,REVERSION
dccd9e904b79cf8753ef,4045774,UNCERTAIN
6c412751d605dcbd40d5,4045950,TREND
8f3cbe4284a9a3fdf06b,4045951,TREND
301a8468b92de7375788,4045955,TREND
dfb6fdf73b2319cbcc07,4045957,TREND
b09cf7c310d682d0c457,4045958,TREND
41508ff3078f30a3bf61,4046009,REVERSION
7c22feec308b46181c8c,4046010,REVERSION
c9c6869ccc19a5327b58,4046012,TREND
263c80ad6c8b3b7a88d9,4046014,REVERSION
d65f3b2a545b4e08ecb1,4046015,REVERSION
57481b7622a74dd81d96,4046345,QUIET
0adc23309cdf6381663e,4046352,TREND
90b55f6e0f340cd914d3,4046353,QUIET
165a60c77536fd214495,4046354,TREND
d54efe7d535429d0235f,4046356,TREND
7392da8ccc47c6e5e558,4046675,QUIET
28f8c06a7743a1459330,4046678,QUIET
2f7a4bc72539096603a0,4046682,QUIET
e96cd3677b04dc09e270,4046687,QUIET
301c37068da402770ab3,4046689,QUIET
5e151e3995c455810c3e,4046742,QUIET
b4017af93b3dd692c1ec,4046744,QUIET
7dd0287debe40d461b09,4046753,QUIET
ba27c5a8c00c6976e4d2,4046756,QUIET
f92a616aae3ca718a503,4046757,QUIET
770cd9c090651ec78db6,4046887,QUIET
5d99888e13b7eddef452,4046888,QUIET
9109e0f6f04bd61ba3e0,4046890,QUIET
da2a328fc04690731d63,4046894,QUIET
19d82d227a681511519b,4046895,QUIET
a26b441b721059c807c1,4047517,UNCERTAIN
331881001e84588aa952,4047521,REVERSION
e12df39697161ba121f3,4047522,TREND
552e4895b922b7b7eebf,4047525,REVERSION
50f7c9ce79e3fdb1514f,4047526,TREND
a329ee0f5b9e826de197,4047655,REVERSION
2a2775e20f6f2345de2f,4047660,UNCERTAIN
ae9a80e3925d4791cdb3,4047662,UNCERTAIN
d7711546c54a5694b374,4047664,UNCERTAIN
3ae3d42cb5c439d93e5d,4047667,REVERSION
037ea01abb90ec432312,4047708,TREND
f485d0ddac9fe07eae84,4047711,TREND
b74c623bbb6451d2d9d1,4047712,UNCERTAIN
e74ff165fdc3d71b1638,4047720,TREND
b78c5c1ae37917cd0105,4047723,REVERSION
31515eeb0ba4d1cc6479,4047750,UNCERTAIN
db8cbd67bd6a3d84a156,4047751,UNCERTAIN
c8d7e89c6b5e5e304f92,4047756,UNCERTAIN
512ee293c8f8ca7bff73,4047764,UNCERTAIN
565a84601bab75c43d60,4047765,UNCERTAIN
9ea7baf829deb0129627,4048108,REVERSION
b619f05cca9411965f37,4048109,REVERSION
dabed02fa7cd67eeb1ff,4048113,REVERSION
e087de0edcedd0021cfc,4048114,UNCERTAIN
327b15ca65fea189e6e2,4048119,REVERSION
1781156955e4cd35dd54,4048270,REVERSION
31f62c7b4b8b17241c57,4048284,UNCERTAIN
3a5df39da690ac9ac0d9,4048285,REVERSION
073e3760fad5633673bf,4048291,REVERSION
17c6312ab0b3fb88abe9,4048297,REVERSION
6086525d91f2c0fd0d28,4048381,UNCERTAIN
87d05602ee91dfb38cc7,4048387,UNCERTAIN
3f7358d98b94ade65b2d,4048388,UNCERTAIN
ee8357fd86627f859863,4048391,UNCERTAIN
3aa98da2bda7ecf69aa1,4048394,UNCERTAIN
d02990b288e6030b32ad,4048442,TREND
1e28f8ba0ceb04ec8aed,4048445,TREND
f3c97538790eca0a0fc5,4048451,UNCERTAIN
edcee190beaf2d1a6777,4048452,TREND
01d3e5185e619de28dfc,4048453,TREND
fcbe96b4fc474e143214,4049124,QUIET
4a1386ccc686ad476f81,4049128,TREND
a40e8d5f70d1fb77713e,4049129,TREND
f2f1792fdd0491113e5b,4049135,TREND
f653b2a23f75a18af0b0,4049137,QUIET
76cb55039c62dff31698,4049244,QUIET
a9dae079c45af25d8f86,4049245,QUIET
e3bc31a6d4bf2d5fed08,4049247,TREND
caf4a73e913a082d0f64,4049255,QUIET
7d76560437a00b118caf,4049257,QUIET
04ed3879db5b29fde579,4049282,QUIET
348498b18785ccd8c143,4049283,TREND
0a1f48036bd93441a512,4049290,QUIET
f6dc602ed977c7c6f942,4049291,QUIET
805844fed4bd1b8f5932,4049295,QUIET
2f01b74aa17af5e14185,4049315,TREND
39f1b39fdde3caf9e392,4049316,QUIET
e16f0258c6eb6412d463,4049317,QUIET
2294c2f133c7139a276a,4049327,QUIET
b7fc7108841ab64b1725,4049328,QUIET
82f833cdd3ca1463ed5a,4049903,QUIET
0684cf4213f2905606a2,4049904,QUIET
b71e1123d06ae8d9c466,4049905,QUIET
9103cd44f4e71852a367,4049912,TREND
f34fbbab5154a95fea78,4049919,QUIET
5cb87755d5df9f65ef2e,4050075,TREND
6b2d19d82ee66b2f6778,4050083,QUIET
b6ca7e0d79304e0fd7fc,4050084,QUIET
b543314ad00868fb43ab,4050087,QUIET
4676b36475ace7c90ed9,4050088,QUIET
ca71a9a45fda71deee5c,4050220,QUIET
d552ab85860722f242ea,4050221,QUIET
8f2d5813732d6e20612d,4050225,TREND
59e43fa4c431884b6e77,4050227,QUIET
18a757c16c459590ab80,4050230,TREND
9febe8e606b9ddfe94cc,4050260,TREND
e704889461d81e7a2791,4050264,QUIET
5b4c70880ebe3cb95a12,4050267,QUIET
b682e70af4080576db71,4050271,QUIET
80ee5da6db082db46a96,4050272,TREND
aab5fdfc37effd003c46,4050563,QUIET
d799aa2973cd745d4e74,4050565,TREND
08a473fd36bb9944375c,4050568,TREND
6a2f00381d64c25729de,4050576,QUIET
7d01f6828071a4439ac8,4050578,QUIET
09bb30bfe9a530c35038,4050820,TREND
fcc0fd17a40290da856e,4050821,TREND
2c93a7c04414e9c34cc5,4050826,TREND
84ff8d1585d92a60ab36,4050832,QUIET
cbbdefdf308c4317493d,4050838,QUIET
397cd33127ac84d2613f,4050941,QUIET
4c4ce6995840e504192a,4050942,QUIET
b58e5167b4cff56aca39,4050949,QUIET
9626d5c8ccecdd08938a,4050950,TREND
f663b77beb7e8ea0e1ff,4050955,TREND
3df20c27e7e83b04c7cd,4051534,QUIET
468d17440217fc62cfce,4051540,UNCERTAIN
4237cc1acd855252101f,4051541,UNCERTAIN
eee9dcd7fd578b7bbbca,4051542,QUIET
453777917b2af2c50a23,4051544,UNCERTAIN
cb8b7581e2d6c17cef58,4051777,QUIET
b7e1d91b246f362101d8,4051779,TREND
9f24d244aa21032395c5,4051783,REVERSION
be125e15c71b0e187874,4051785,UNCERTAIN
ad9d05ad4571032df21a,4051787,QUIET
52041294f62118b90137,4052503,TREND
03c62cd5349603f578bc,4052504,TREND
1af4a9ec67bc4df41f9a,4052505,UNCERTAIN
bf78dec167a2e24778b3,4052513,TREND
955a1775c142733a6125,4052518,TREND
afae2d69baf879bdc806,4052616,UNCERTAIN
2d36ec64e1b3c467b5ac,4052620,UNCERTAIN
7b8080845d141f6f3fab,4052622,UNCERTAIN
fb1908f6b329ed94a4b4,4052623,TREND
f4efc70c4395c5c0209d,4052625,UNCERTAIN
5ff7633dc7e27ab392bc,4052808,UNCERTAIN
9717a66fa9f2f7156f69,4052813,REVERSION
dc833a17a9beef392f48,4052816,UNCERTAIN
fb093f2e38ce0dd18b41,4052820,REVERSION
2f9df4b86cd17a35e57c,4052821,UNCERTAIN
f4fc9ec91219147ae9cd,4053112,TREND
1428c8101d41bf2f8f5f,4053113,UNCERTAIN
56c5e9003072b3144917,4053119,TREND
4e75b05dd42f7e1a9c8a,4053121,TREND
e577c65293c05c470559,4053122,UNCERTAIN
23244b16acd5bde7f825,4053529,UNCERTAIN
a3e8cb2f30e15ca39dcd,4053532,UNCERTAIN
13167c33ff9ca80b6624,4053537,UNCERTAIN
39fcc9086c13ca1d082e,4053542,UNCERTAIN
41404e78537fe991741a,4053543,UNCERTAIN
2486ef268cbd6e71969d,4053802,UNCERTAIN
bfbf74d0ca3747158eec,4053804,UNCERTAIN
16d721b26cad63c4218e,4053809,UNCERTAIN
ca440338fbe3d1c9ebda,4053810,UNCERTAIN
c2cc3d552430f6691046,4053814,UNCERTAIN
7bc8415f6c5704d939ad,4053881,TREND
2537cb92fa6db8f6d29b,4053883,TREND
5b6c1a62d0fbed69f9b8,4053885,TREND
19be49b463fdc400ea6f,4053889,TREND
78bedba32e06e7d1bb21,4053894,TREND
2a74f7d0596d63cb00cf,4054238,REVERSION
36b6b6bf07134dde6309,4054240,REVERSION
0de841ebe0a3fa2626ff,4054241,REVERSION
0f7cba0be0025c4dd90f,4054244,UNCERTAIN
bdc6d6addad7c5bb3de0,4054252,REVERSION
f9ac61b1b5eb4e4216a8,4054374,REVERSION
c36d7ea447a2ddfd43b9,4054376,UNCERTAIN
0f49cfc9e00e7aa7c272,4054382,REVERSION
d99330599c7a5b725365,4054383,UNCERTAIN
a4a30dd2f02dd84ee4a6,4054385,UNCERTAIN
f4336d8341d0d408b826,4054419,TREND
e93a7a4de3aa3e2f9f7c,4054420,TREND
d6614fe0d131e6740483,4054421,TREND
fed433634f12b9896aab,4054425,TREND
7fa681c658b303fe7239,4054428,TREND
bc4c2bc9137e51a94f25,4054737,UNCERTAIN
00874323bcc3d8e7bf69,4054738,REVERSION
41395b026df8dacd3e98,4054741,REVERSION
2918e29a559354adbae7,4054745,UNCERTAIN
b630eec85db04e8d1f99,4054747,UNCERTAIN
b912bab2611154d675e9,4054828,UNCERTAIN
a50326d34f5a9bf1d3b0,4054831,REVERSION
71c8bbfca1825dc9558a,4054832,UNCERTAIN
110d477a87c83d46d82a,4054833,REVERSION
ded6dbac69f11a0d9712,4054835,REVERSION
f390c1942d0de6cd098f,4055111,UNCERTAIN
19ecdc1bfebd1f461f5d,4055118,UNCERTAIN
14dd0d77e8c074eb4762,4055123,TREND
749c680416fe9fe57ff1,4055124,UNCERTAIN
76d8c99d082fd79206c1,4055132,TREND
c2c937f4dc503f18a932,4055526,UNCERTAIN
f889e37711302ae61505,4055527,UNCERTAIN
56747e4529a4921efbc3,4055531,UNCERTAIN
13760e6bda1e6378d2fe,4055532,UNCERTAIN
6804eed503e15a22c66f,4055534,UNCERTAIN
17acd276bbccb09f6d1e,4055617,TREND
44fe370c13e994c8412b,4055619,TREND
5d17424a608169de7bbf,4055621,TREND
6fa1b88bc680a843c789,4055622,TREND
bcc6bf188c50e933a27c,4055623,TREND
0b0b9a090cc38902513e,4056497,UNCERTAIN
5a078217da874896c4d3,4056500,UNCERTAIN
e68e63bb06995bcb69f3,4056509,UNCERTAIN
00341fac7809424d2f62,4056514,UNCERTAIN
397fdb3e638604d83ea3,4056519,UNCERTAIN
cf68f53fa1045dcfec75,4056825,TREND
c66a65bdfc87f7c0e8ac,4056826,TREND
0605ebf9081881207d04,4056828,TREND
36b3c5b90c8d51ba65ac,4056829,TREND
d521715a8cbb295e55fd,4056831,TREND
30c1d58fd3db7812de2e,4056853,REVERSION
7f23612f5bdcfa6f4e42,4056859,REVERSION
b8318b0acb7cf4050259,4056860,REVERSION
47d1c177b763da9c9bcd,4056862,REVERSION
7f455b7ff600652e209c,4056865,REVERSION
5b34472fd7fc2c53257d,4056894,TREND
647db4300416cfb70d6c,4056895,TREND
99b64863db87b137502c,4056898,TREND
d3151e995475c9fa9056,4056901,TREND
79bbdcbd88a78296d08d,4056906,TREND
e5c9ce7e56c0ed3e4821,4057153,UNCERTAIN
8f54ad658f65013e6fad,4057155,REVERSION
dd4815994536b90b6745,4057156,REVERSION
1f7a904d5f86a00d8947,4057163,UNCERTAIN
528cf0452ef3fa1fbbd6,4057166,REVERSION
c094a2679d9f36386165,4057360,TREND
44fce2b50a56f880cdc5,4057362,TREND
5ae69a2a08839a4a9784,4057364,TREND
d23f8d76f2522da79dc9,4057370,TREND
91bb0b0d02f9c1f79a1a,4057372,TREND
4a052a22d411a26281eb,4057573,REVERSION
0bf0194976bf3d3ae0ce,4057574,UNCERTAIN
bc70d9be3042e6efdac8,4057579,UNCERTAIN
486db194554896a56e9c,4057583,REVERSION
04d15e5d5010a6293d22,4057586,UNCERTAIN
03fdb26c80a1af5e952e,4057732,TREND
57acdd58310cfe093cd2,4057738,TREND
4d26e29a9526e26e7d7e,4057739,TREND
46a87b10260dcf48b76b,4057740,TREND
9cbc528226381cf03a77,4057741,TREND
b21c53a3a966852ccf3f,4058154,TREND
59b9f814795a7ed5d248,4058155,UNCERTAIN
692e0efa174ec6513923,4058161,TREND
df3f7f13dc8ea3e40209,4058165,TREND
fa92966b91830174753c,4058167,TREND
0352dcf7930cee0f6c6f,4058250,REVERSION
dabee06ce8f75f04ab9c,4058253,UNCERTAIN
eb503af4f43a20e47aea,4058257,REVERSION
305a0919db2554e20f17,4058259,REVERSION
4cdbf03f15368f1724d9,4058263,UNCERTAIN
362c8df4edb12f65a2d1,4058306,REVERSION
53579ae91fadf128eff0,4058309,UNCERTAIN
7af68e150554a3013938,4058311,REVERSION
6318ad156d7f78a908de,4058318,TREND
b23e800d75940dd1cdec,4058320,TREND
7c64af0c7115baeaec8f,4059574,TREND
92a63ce9053fcf2fefa7,4059579,TREND
d5fa97d3c971462becbd,4059581,REVERSION
c3773774332779bea1b4,4059583,TREND
37cb7a20e06e7a85b55e,4059585,UNCERTAIN
7cd31877731904e71087,4059619,UNCERTAIN
f83569fea52a9a26982f,4059620,UNCERTAIN
b1aa7027b50130a0d6a4,4059625,TREND
c1986b232c8c40dd0b5e,4059626,TREND
d8a5c9e2327d3507cf0e,4059628,REVERSION
4570f091e588597458d8,4059759,REVERSION
62ebd9fcdfbe3407a238,4059761,UNCERTAIN
adeeee278de92de4e617,4059764,REVERSION
ece6ce2bfe787f851a1e,4059766,UNCERTAIN
7b178792d260bb7a1d94,4059773,UNCERTAIN
5f0f04338c014d122ce9,4059865,REVERSION
e1fc279913b0ea34fed2,4059868,UNCERTAIN
7f45cfc59b13e76aa90c,4059870,UNCERTAIN
8b0a276fedcdf55d7945,4059872,REVERSION
c87720c166442277ab15,4059875,UNCERTAIN
72eab977c7de1f936bee,4060018,TREND
019ac7e29d31a61a2310,4060023,UNCERTAIN
9ac60da6aa6bc4ffedd1,4060024,TREND
063e2e13a85dd65062f1,4060030,UNCERTAIN
a55769dc8314e9ac15a8,4060032,TREND
20e2cedf9e85f6279668,4060069,TREND
725bb1889c67c96a1e6f,4060072,TREND
020e10e3b8fbe1bb517b,4060073,UNCERTAIN
8b7a92c344a6ba113620,4060076,TREND
3e2166a6a76a88ee6d36,4060077,TREND
8cf5e0f4d47e03f39452,4060708,UNCERTAIN
d6861bfdcb937e316653,4060709,REVERSION
e7e320c57489ed6d19b4,4060714,TREND
c433425ef102bc122812,4060717,UNCERTAIN
4a14a9808c3a5f856f1f,4060718,UNCERTAIN
ee47c18e3eced4d4ea84,4060786,UNCERTAIN
915443e960a5843b9b37,4060792,REVERSION
5622d3b257415ef57814,4060793,UNCERTAIN
6c7b71b0bbe5dc16b85c,4060796,UNCERTAIN
497ff1d38e51f041d676,4060800,REVERSION
d6af9c6a41633f556822,4060858,TREND
db49a8252ab73512d915,4060859,TREND
5fc787925253491fbb90,4060863,TREND
f3438c2a654ba87ce59c,4060868,TREND
ab172761c5e11e2b4c8d,4060872,UNCERTAIN
1b9d1660a5cfe82c965f,4060975,REVERSION
6337550336ad3b15e7cb,4060977,UNCERTAIN
ef9dc02b7b24bdb5f287,4060979,UNCERTAIN
3f1d36cf1e7acc8959bb,4060982,UNCERTAIN
1f2cf22fca6bf3150488,4060986,UNCERTAIN
65dd7373c86646e9131a,4061113,TREND
fc21d2b11b758ad2ad16,4061114,TREND
6973a5636d1746e7cd48,4061115,TREND
755135073a72c8da4354,4061116,TREND
7303b4ed1800af8b4040,4061120,TREND
157fd07c327d4d956914,4061813,TREND
ce9037ac4529fd79489f,4061820,TREND
e6aa10cffe93f58f9555,4061825,UNCERTAIN
c161e5b07b65a937caa6,4061831,UNCERTAIN
18d67c2c622a018714b6,4061837,TREND
57e944b96e56fad88ff6,4062131,REVERSION
7ecb1833d8a5deb0c683,4062134,UNCERTAIN
d7a0c478d722faf831b4,4062136,UNCERTAIN
679ca62479a5ecad4687,4062137,REVERSION
2a42a02a585608e74498,4062142,REVERSION
18ebd3c8b0497c8b618e,4062517,UNCERTAIN
17e3e69f09c796d0a63f,4062522,TREND
1f0dcc37572519cd0f5a,4062526,TREND
d0466e0b5612f5764527,4062527,UNCERTAIN
84585f857c5cfc270857,4062531,UNCERTAIN
dda7c91eafe929982ab4,4063448,REVERSION
a2d5bb11bc343df6f74d,4063453,UNCERTAIN
1285498ab670e97600e4,4063457,REVERSION
a81279f3776df702e44e,4063461,REVERSION
bc7f4586e32a6850667b,4063462,REVERSION
36b134d4300703f83d50,4063578,TREND
f7ae0c11ffeb9c5613c0,4063583,REVERSION
8e68f620cb63d6fce3a4,4063586,UNCERTAIN
fc1930ea5712b215be36,4063588,UNCERTAIN
ed82188d1ca6b85be2a1,4063589,TREND
ccb0add9bd9e051d52dc,4063762,UNCERTAIN
327c9a7047215d3cb03b,4063771,UNCERTAIN
0221f8d1a3dcc6c36218,4063775,TREND
4c347c35c5feeccaef57,4063776,REVERSION
18ec4479310d2b9b83dc,4063777,TREND
950dc912ad299b97aad2,4064008,TREND
4e02a28099da019cbf92,4064014,UNCERTAIN
d87a0ff5818e0533339b,4064016,UNCERTAIN
198b8b560519390c4f25,4064017,UNCERTAIN
4aa9e8e0db64e2096594,4064018,TREND
73e07a3b4e88091e4e18,4065044,TREND
afc06e7a594b5b2986b0,4065049,TREND
7efbfe00bc6eded333d8,4065054,TREND
563d533ae8124b04bbf6,4065057,TREND
a7a888033b999a1b3439,4065058,TREND
e63ac858bc691d7d2f9d,4065100,REVERSION
67cd57e30d72744bfa56,4065100,UNCERTAIN
10e5c9165ee5cfbbef52,4065104,UNCERTAIN
0d13ef584ce83e7d6f0e,4065104,UNCERTAIN
e430d54d9f94f6127cf8,4065105,UNCERTAIN
b93bc1c2453959d66b13,4065105,UNCERTAIN
5cb11ed1d3515d4ddeae,4065106,REVERSION
3bfbaccde5c50443a496,4065106,UNCERTAIN
32c2e8f03b506e05deba,4065107,REVERSION
e6aa12eec319a5b13faa,4065107,UNCERTAIN
0286416f8bc6bff77e4e,4065291,REVERSION
c9cd89377946182f7342,4065297,REVERSION
80ba017ebde685fc4daf,4065298,REVERSION
48a15e889a5aff65489f,4065300,REVERSION
9e44c7e2120c0da6586e,4065301,TREND
21a72029162fb447e60e,4065331,UNCERTAIN
cfa4e7cd791a269408e5,4065332,UNCERTAIN
badbe18ff0f4f8e3c2cf,4065333,UNCERTAIN
8ae8ea1bbc0744bfaad9,4065342,TREND
b0602a666383076121fc,4065344,TREND
39f3bc7eb6e4d31a975e,4067400,UNCERTAIN
78582a5db2d88337b7d5,4067400,UNCERTAIN
a030e96cfbfe2117dc80,4067401,REVERSION
399dbd10ff6caea31526,4067401,REVERSION
14edaa70f31d029e4ae6,4067404,REVERSION
c112304d5b7e7b1582b4,4067404,REVERSION
69c34beb67470541880b,4067407,REVERSION
669d026f7fdd05d3ef99,4067407,REVERSION
c5726d69c0dd4d4224c8,4067420,REVERSION
eac6421264844bb62a4a,4067420,REVERSION
bfbcc96e69a3040595b5,4068066,UNCERTAIN
8b69ce769e6e039eb76b,4068066,UNCERTAIN
010d9e469ac59e512dfc,4068072,TREND
1af36800a7f07eb42503,4068072,UNCERTAIN
82638ebb5a7e31e3b3f5,4068075,REVERSION
a30d2cfe5918205ba6da,4068075,REVERSION
5a9567f72ead7f1f1fb2,4068077,UNCERTAIN
8faa80bf1e2b5603dcd9,4068077,REVERSION
92c624b2c7a57702938e,4068078,REVERSION
c64c7f7b9df6c66c68c6,4068078,UNCERTAIN
1aa82a89dca1b97ae5da,4068132,UNCERTAIN
a7f3d2956eaf2af77ec7,4068132,REVERSION
039ac5ccab18789d51bb,4068135,UNCERTAIN
d6f51a8390e9b0e4f9f3,4068135,UNCERTAIN
f87e3f7c1a14f7f71b65,4068136,UNCERTAIN
ae268d97283ca5a31715,4068136,UNCERTAIN
df5e49e6e9ef9ec6dbf0,4068143,UNCERTAIN
d118edd07b06f73dd0fa,4068143,UNCERTAIN
a43c650942d4c7352a7b,4068145,REVERSION
bcff79f9f9491f5fe4b6,4068145,REVERSION
