opportunity_id,net_pnl,reproduced_net_pnl,new_net_pnl,sign_changed
2729464_2026-06-30T11:25:34.916740+00:00,-1.002,-1.002,-1.001,False
2729491_2026-06-30T11:40:34.883223+00:00,2.3313,2.33130002,2.33231001,False
2729607_2026-06-30T11:55:34.320773+00:00,-1.002,-1.002000016,-1.001008008,False
2729858_2026-06-30T12:10:35.281511+00:00,-1.002,-1.0020000002,-1.0010001000999997,False
2729890_2026-06-30T12:25:35.096042+00:00,-1.002,-1.002,-1.001,False
2730031_2026-06-30T12:55:00.654702+00:00,-1.002,-1.0020000008,-1.0010004004,False
2730109_2026-06-30T13:10:01.526502+00:00,0.0184,0.018400016,0.01940800799999998,False
2730145_2026-06-30T13:25:01.663293+00:00,0.5365,0.53649995,0.5374749750000001,False
2730183_2026-06-30T13:40:19.134491+00:00,0.6647,0.66469996,0.6656799800000002,False
2730354_2026-06-30T13:55:18.132584+00:00,0.4065,0.40649992999999995,0.40746496500000007,False
2730389_2026-06-30T14:10:18.783328+00:00,0.0618,0.06180005599999999,0.0628280280000001,False
2730555_2026-06-30T14:25:18.719010+00:00,0.8848,0.884799992,0.8857959959999999,False
2730622_2026-06-30T14:40:18.495187+00:00,-1.002,-1.002,-1.001,False
2730735_2026-06-30T14:55:19.104008+00:00,-1.002,-1.002,-1.001,False
2730847_2026-06-30T15:10:18.255790+00:00,-1.002,-1.002000012,-1.0010060060000001,False
2730888_2026-06-30T15:25:10.964634+00:00,-1.002,-1.001999984,-1.0009919919999999,False
2731042_2026-06-30T15:40:23.920029+00:00,1.1719,1.171900012,1.172906006,False
2731192_2026-06-30T15:55:24.083572+00:00,-1.002,-1.00200004,-1.00102002,False
2732081_2026-06-30T16:10:22.437854+00:00,0.0184,0.018400016,0.01940800799999998,False
2732119_2026-06-30T16:25:22.808314+00:00,-1.002,-1.001999998,-1.0009989990000001,False
2732276_2026-06-30T16:40:22.630702+00:00,0.0733,0.073299942,0.07427097099999987,False
2732513_2026-06-30T16:55:21.910850+00:00,0.0184,0.018400016,0.01940800799999998,False
2733102_2026-06-30T17:10:22.915618+00:00,-1.002,-1.002000054,-1.001027027,False
2733170_2026-06-30T17:25:23.881357+00:00,-1.002,-1.00199995,-1.000974975,False
2733191_2026-06-30T17:40:21.894740+00:00,-1.002,-1.002000024,-1.0010120120000001,False
2733396_2026-06-30T17:55:23.709101+00:00,0.7837,0.7837000159999999,0.784708008,False
2733615_2026-06-30T18:10:21.895864+00:00,0.248,0.248,0.249,False
2733655_2026-06-30T18:25:23.914489+00:00,0.8499,0.849899948,0.850873974,False
2733703_2026-06-30T18:40:21.888660+00:00,-1.002,-1.001999998,-1.000998999,False
2733778_2026-06-30T18:55:21.938001+00:00,0.0,8.000000000125962e-09,0.0010040040000000058,False
2734302_2026-06-30T19:10:23.085173+00:00,-1.002,-1.00199998,-1.0009899899999999,False
2734393_2026-06-30T19:25:23.550867+00:00,2.8442,2.844199976,2.8451879879999997,False
2734618_2026-06-30T19:40:24.109692+00:00,0.1091,0.10910002,0.11011000999999992,False
2735218_2026-06-30T19:55:22.460882+00:00,0.8848,0.884799992,0.8857959959999999,False
2735287_2026-06-30T20:10:23.015584+00:00,0.5853,0.5853000020000001,0.5863010009999999,False
2735358_2026-06-30T20:25:23.413573+00:00,-1.002,-1.002,-1.001,False
2735405_2026-06-30T20:40:23.460546+00:00,-1.002,-1.00200002,-1.00101001,False
2735499_2026-06-30T20:55:22.476041+00:00,0.0969,0.096900002,0.09790100100000002,False
2735630_2026-06-30T21:10:22.457816+00:00,-1.002,-1.001999998,-1.0009989990000001,False
2735690_2026-06-30T21:25:23.946634+00:00,7.3313,7.331300008,7.332304004,False
2735717_2026-06-30T21:40:23.495491+00:00,-1.002,-1.002,-1.001,False
2735851_2026-06-30T21:55:23.795227+00:00,0.248,0.248,0.249,False
2736075_2026-06-30T22:10:23.692231+00:00,0.063,0.06299993000000001,0.06396496500000017,False
2736105_2026-06-30T22:25:22.667434+00:00,-1.002,-1.002000016,-1.0010080080000001,False
2736143_2026-06-30T22:40:23.743935+00:00,-1.002,-1.001999998,-1.0009989990000001,False
2736210_2026-06-30T22:55:24.123342+00:00,4.2612,4.261199984,4.262191992,False
2737102_2026-06-30T23:10:23.626369+00:00,0.4905,0.49050004999999997,0.4915250249999999,False
2737136_2026-06-30T23:25:22.399291+00:00,0.4266,0.42659996,0.4275799800000002,False
2737182_2026-06-30T23:40:23.990463+00:00,-1.002,-1.00200002,-1.00101001,False
2737264_2026-06-30T23:55:23.531888+00:00,0.1885,0.18849996,0.18947998,False
2737378_2026-07-01T00:10:36.527776+00:00,0.0618,0.06180005599999999,0.0628280280000001,False
2737452_2026-07-01T00:25:36.058415+00:00,-1.002,-1.0019999998,-1.0009998998999998,False
2737486_2026-07-01T00:40:36.037209+00:00,0.2028,0.20280003200000002,0.2038160160000001,False
2737548_2026-07-01T00:55:34.355014+00:00,0.0289,0.028900054,0.029927027000000037,False
2737772_2026-07-01T01:10:35.896330+00:00,-1.002,-1.002,-1.001,False
2737807_2026-07-01T01:25:35.482009+00:00,0.2326,0.232599948,0.23357397399999985,False
2737873_2026-07-01T01:40:36.508607+00:00,0.0,8.000000000125962e-09,0.0010040040000000058,False
2737933_2026-07-01T01:55:34.877126+00:00,-1.002,-1.001999998,-1.000998999,False
2737978_2026-07-01T02:10:34.897683+00:00,1.8551,1.85510003,1.856115015,False
2738013_2026-07-01T02:25:35.444797+00:00,0.0618,0.06180005599999999,0.0628280280000001,False
2738042_2026-07-01T02:40:34.866199+00:00,0.1091,0.10910002,0.11011000999999992,False
2738111_2026-07-01T02:55:34.365052+00:00,-1.002,-1.001999998,-1.0009989990000001,False
2738157_2026-07-01T03:10:36.526383+00:00,-1.002,-1.00200001,-1.001005005,False
2738193_2026-07-01T03:25:36.405309+00:00,-1.002,-1.001999998,-1.000998999,False
2738275_2026-07-01T03:55:34.411543+00:00,-0.001,-0.0009999979999999998,1.0010000000297472e-06,False
2738782_2026-07-01T04:10:34.377049+00:00,-1.002,-1.002,-1.001,False
2738827_2026-07-01T04:25:36.149628+00:00,1.0388,1.038800016,1.039808008,False
2738981_2026-07-01T04:40:36.708866+00:00,0.9588,0.958799984,0.9597919920000001,False
2739066_2026-07-01T04:55:34.598761+00:00,-1.002,-1.002,-1.001,False
2739503_2026-07-01T05:10:36.602104+00:00,-1.002,-1.002000012,-1.0010060060000001,False
2739537_2026-07-01T05:25:36.592889+00:00,-1.002,-1.002,-1.001,False
2739625_2026-07-01T05:40:35.377498+00:00,0.8162,0.81619998,0.8171899899999999,False
2739692_2026-07-01T05:55:35.887852+00:00,-1.002,-1.002,-1.001,False
2739722_2026-07-01T06:10:34.415182+00:00,-1.002,-1.002,-1.001,False
2739755_2026-07-01T06:25:35.872041+00:00,-1.002,-1.0020000008,-1.0010004004,False
2739782_2026-07-01T06:40:36.598732+00:00,-1.002,-1.0019999968,-1.0009983984000002,False
2740256_2026-07-01T06:55:36.360582+00:00,0.248,0.248,0.249,False
2740295_2026-07-01T07:10:36.348803+00:00,-1.002,-1.002,-1.001,False
2740320_2026-07-01T07:25:35.890214+00:00,0.0289,0.028900054,0.029927027000000037,False
2740364_2026-07-01T07:40:34.861360+00:00,-1.002,-1.001999988,-1.000993994,False
2740471_2026-07-01T07:55:36.425818+00:00,0.248,0.248,0.249,False
2740508_2026-07-01T08:10:34.858134+00:00,-1.002,-1.002000014,-1.001007007,False
2740558_2026-07-01T08:25:34.892044+00:00,-1.002,-1.001999992,-1.0009959959999999,False
2740587_2026-07-01T08:40:34.902784+00:00,0.8848,0.884799992,0.8857959959999999,False
2740675_2026-07-01T08:55:35.380302+00:00,0.0397,0.039699936,0.04066796800000004,False
2740720_2026-07-01T09:10:35.984959+00:00,-1.002,-1.002000016,-1.0010080080000001,False
2740748_2026-07-01T09:25:35.429858+00:00,-1.002,-1.001999998,-1.0009989990000001,False
2740774_2026-07-01T09:40:34.932676+00:00,-1.002,-1.002000016,-1.0010080080000001,False
2740897_2026-07-01T09:55:34.844246+00:00,0.0618,0.06180005599999999,0.0628280280000001,False
2741267_2026-07-01T10:25:36.458018+00:00,-1.002,-1.002,-1.001,False
2741338_2026-07-01T10:40:34.357132+00:00,-1.002,-1.002000016,-1.001008008,False
2741454_2026-07-01T10:55:34.899427+00:00,0.4905,0.49050004999999997,0.4915250249999999,False
2742656_2026-07-01T11:10:35.833622+00:00,1.0813,1.081300032,1.082316016,False
2742698_2026-07-01T11:25:35.657238+00:00,-1.002,-1.00200005,-1.001025025,False
2742727_2026-07-01T11:40:35.060699+00:00,-1.002,-1.00200002,-1.00101001,False
2742802_2026-07-01T11:55:34.729132+00:00,-1.002,-1.002,-1.001,False
2743274_2026-07-01T12:10:36.130489+00:00,-1.002,-1.001999984,-1.000991992,False
2743312_2026-07-01T12:25:35.406078+00:00,0.0733,0.073299942,0.07427097099999987,False
2743348_2026-07-01T12:40:35.319101+00:00,-1.002,-1.002,-1.001,False
2743473_2026-07-01T12:55:35.946465+00:00,0.3138,0.31379998400000003,0.3147919920000001,False
2743530_2026-07-01T13:10:34.960504+00:00,0.0618,0.06180005599999999,0.0628280280000001,False
2743570_2026-07-01T13:25:35.897236+00:00,0.1608,0.160799984,0.16179199200000005,False
2743588_2026-07-01T13:40:34.389281+00:00,0.1745,0.17449995,0.17547497499999995,False
2743713_2026-07-01T13:55:34.850677+00:00,0.005,0.005000098,0.006049048999999972,False
2743751_2026-07-01T14:10:34.368007+00:00,0.3494,0.34939992799999997,0.350363964,False
2743819_2026-07-01T14:25:34.871227+00:00,-1.002,-1.002,-1.001,False
2743860_2026-07-01T14:40:34.895885+00:00,-1.002,-1.002000012,-1.0010060060000001,False
2743963_2026-07-01T14:55:34.383332+00:00,-1.002,-1.002000016,-1.0010080080000001,False
2744006_2026-07-01T15:10:34.870572+00:00,0.0174,0.0173999372,0.018368568599999958,False
2744111_2026-07-01T15:40:36.436723+00:00,-1.002,-1.001999998,-1.0009989990000001,False
2744173_2026-07-01T15:55:35.333907+00:00,-1.002,-1.002,-1.001,False
2744496_2026-07-01T16:10:34.899535+00:00,-1.002,-1.001999976,-1.0009879879999999,False
2744556_2026-07-01T16:25:34.926549+00:00,11.498,11.498,11.499,False
2744625_2026-07-01T16:40:42.387365+00:00,-1.002,-1.002,-1.001,False
2745499_2026-07-01T17:10:35.525539+00:00,-1.002,-1.002000016,-1.0010080080000001,False
2745574_2026-07-01T17:25:35.928016+00:00,0.001,0.0010000180000000005,0.00200900900000004,False
2745632_2026-07-01T17:40:35.502440+00:00,0.1745,0.17449995,0.17547497499999995,False
2745710_2026-07-01T17:55:36.030655+00:00,0.2175,0.21750002,0.2185100100000001,False
2745794_2026-07-01T18:10:35.241683+00:00,-1.002,-1.002,-1.001,False
2746167_2026-07-01T18:25:36.691625+00:00,0.1344,0.134399936,0.13536796800000003,False
2746197_2026-07-01T18:40:35.183815+00:00,0.0618,0.06180005599999999,0.0628280280000001,False
2746302_2026-07-01T18:55:35.960383+00:00,-1.002,-1.002000012,-1.0010060060000001,False
2746639_2026-07-01T19:10:34.349666+00:00,0.0289,0.028900054,0.029927027000000037,False
2746688_2026-07-01T19:25:35.736772+00:00,-1.002,-1.001999998,-1.000998999,False
2746715_2026-07-01T19:40:35.417561+00:00,0.1745,0.17449995,0.17547497499999995,False
2746789_2026-07-01T19:55:36.036541+00:00,-1.002,-1.002,-1.001,False
2746844_2026-07-01T20:10:35.666366+00:00,-1.002,-1.001999998,-1.0009989990000001,False
2746882_2026-07-01T20:25:35.745147+00:00,-1.002,-1.002000016,-1.0010080080000001,False
2746943_2026-07-01T20:40:34.937497+00:00,0.0289,0.028900054,0.029927027000000037,False
2747128_2026-07-01T20:55:36.535317+00:00,0.0289,0.028900054,0.029927027000000037,False
2747378_2026-07-01T21:10:36.484942+00:00,0.0081,0.008100002,0.009101001000000027,False
2747453_2026-07-01T21:25:35.391679+00:00,5.248,5.248,5.249,False
2747476_2026-07-01T21:40:34.360344+00:00,0.0081,0.008100002,0.009101001000000027,False
2747564_2026-07-01T21:55:35.436262+00:00,0.7837,0.7837000159999999,0.784708008,False
2747801_2026-07-01T22:10:35.376246+00:00,-1.002,-1.001999984,-1.0009919919999999,False
2747841_2026-07-01T22:25:35.161785+00:00,-1.002,-1.00200008,-1.0010400400000001,False
2747863_2026-07-01T22:40:34.414969+00:00,-1.002,-1.001999998,-1.0009989990000001,False
2748166_2026-07-01T22:55:36.012304+00:00,-1.002,-1.002,-1.001,False
2749253_2026-07-01T23:10:34.888201+00:00,-1.002,-1.002,-1.001,False
2749319_2026-07-01T23:25:34.419710+00:00,-1.002,-1.001999984,-1.0009919919999999,False
2749373_2026-07-01T23:40:35.985392+00:00,-1.002,-1.002000016,-1.0010080080000001,False
2749446_2026-07-01T23:55:35.918390+00:00,-1.002,-1.001999998,-1.000998999,False
2749495_2026-07-02T00:10:34.416129+00:00,-1.002,-1.002,-1.001,False
2749550_2026-07-02T00:25:34.890661+00:00,-1.002,-1.002000004,-1.001002002,False
2749610_2026-07-02T00:40:34.414743+00:00,-1.002,-1.001999998,-1.000998999,False
2749825_2026-07-02T00:55:34.823573+00:00,0.0289,0.028900054,0.029927027000000037,False
2750048_2026-07-02T01:10:35.428245+00:00,0.1344,0.134399936,0.13536796800000003,False
2750089_2026-07-02T01:25:35.708360+00:00,0.0969,0.096900002,0.09790100100000002,False
2750143_2026-07-02T01:40:34.605101+00:00,0.0,8.000000000125962e-09,0.0010040040000000058,False
2750231_2026-07-02T01:55:36.157541+00:00,-1.002,-1.001999992,-1.0009959959999999,False
2750279_2026-07-02T02:10:34.809985+00:00,-1.002,-1.002,-1.001,False
2750338_2026-07-02T02:25:35.944952+00:00,0.3138,0.31379998400000003,0.3147919920000001,False
2750362_2026-07-02T02:40:34.367274+00:00,0.0132,0.013200056,0.01422802800000002,False
2750449_2026-07-02T02:55:35.816721+00:00,1.1257,1.1256999619999999,1.126680981,False
2750522_2026-07-02T03:10:34.884278+00:00,0.9211,0.921099976,0.9220879879999999,False
2750560_2026-07-02T03:25:35.896086+00:00,51.6296,51.629599999199996,51.630599599600004,False
2750594_2026-07-02T03:40:34.909251+00:00,0.0184,0.018400016,0.01940800799999998,False
2750703_2026-07-02T03:55:34.368730+00:00,0.0289,0.028900054,0.029927027000000037,False
2751404_2026-07-02T04:10:35.484719+00:00,-1.002,-1.002,-1.001,False
2751441_2026-07-02T04:25:35.892961+00:00,-1.002,-1.002000004,-1.001002002,False
2751528_2026-07-02T04:40:34.946494+00:00,-1.002,-1.002,-1.001,False
2751596_2026-07-02T04:55:34.413858+00:00,0.1091,0.10910002,0.11011000999999992,False
2753335_2026-07-02T05:10:34.814933+00:00,0.4266,0.42659996,0.4275799800000002,False
2753358_2026-07-02T05:25:34.378693+00:00,-1.002,-1.002000004,-1.001002002,False
2753397_2026-07-02T05:40:36.400234+00:00,-1.002,-1.001999998,-1.000998999,False
2753490_2026-07-02T05:55:35.270411+00:00,-1.002,-1.00200002,-1.00101001,False
2753523_2026-07-02T06:10:29.662279+00:00,-1.002,-1.001999998,-1.0009989990000001,False
2753550_2026-07-02T06:25:29.181106+00:00,0.0733,0.073299942,0.07427097099999987,False
2753586_2026-07-02T06:40:13.935483+00:00,0.0506,0.05060006,0.05163003000000006,False
2754009_2026-07-02T06:55:13.578679+00:00,-1.002,-1.0019999998,-1.0009998999,False
2754047_2026-07-02T07:10:13.969302+00:00,-1.002,-1.00200002,-1.0010100100000001,False
2754100_2026-07-02T07:40:12.670888+00:00,-1.002,-1.001999998,-1.000998999,False
2754193_2026-07-02T07:55:14.525985+00:00,0.7837,0.7837000159999999,0.784708008,False
2754235_2026-07-02T08:10:11.059240+00:00,0.003,0.00300005,0.004025025000000057,False
2754261_2026-07-02T08:25:09.169064+00:00,0.1091,0.10910002,0.11011000999999992,False
2754301_2026-07-02T08:40:55.174032+00:00,0.0289,0.028900054,0.029927027000000037,False
2754391_2026-07-02T08:55:41.866777+00:00,0.0506,0.05060006,0.05163003000000006,False
2754431_2026-07-02T09:10:40.808212+00:00,-1.002,-1.001999998,-1.000998999,False
2754776_2026-07-02T10:10:06.692821+00:00,10.1091,10.109100002,10.110101001,False
2754930_2026-07-02T10:40:01.556287+00:00,-1.002,-1.001999968,-1.0009839839999999,False
2755017_2026-07-02T10:55:03.414774+00:00,0.0733,0.073299942,0.07427097099999987,False
2755397_2026-07-02T11:10:36.248481+00:00,0.3138,0.31379998400000003,0.3147919920000001,False
2755435_2026-07-02T11:25:37.245185+00:00,0.3679,0.36789994600000003,0.3688729729999999,False
2755579_2026-07-02T11:40:37.211288+00:00,1.379,1.37899996,1.3799799799999999,False
2755912_2026-07-02T12:10:37.176266+00:00,-1.002,-1.001999988,-1.000993994,False
2755953_2026-07-02T12:25:37.907475+00:00,-1.002,-1.001999998,-1.000998999,False
2755981_2026-07-02T12:40:37.880041+00:00,0.6373,0.637300054,0.638327027,False
2756097_2026-07-02T12:55:36.933987+00:00,0.0289,0.028900054,0.029927027000000037,False
2756184_2026-07-02T13:10:38.041106+00:00,0.1474,0.147400044,0.14842202200000004,False
2756238_2026-07-02T13:25:36.758942+00:00,0.0081,0.008100002,0.009101001000000027,False
2756274_2026-07-02T13:40:38.321088+00:00,0.085,0.08499991999999999,0.08595995999999993,False
2756340_2026-07-02T13:55:35.822720+00:00,-1.002,-1.002,-1.001,False
2756390_2026-07-02T14:10:37.228868+00:00,1.379,1.37899996,1.3799799799999999,False
2756535_2026-07-02T14:25:36.986322+00:00,-1.002,-1.002,-1.001,False
2756567_2026-07-02T14:40:36.274547+00:00,-1.002,-1.001999988,-1.000993994,False
2756650_2026-07-02T14:55:37.354591+00:00,0.1745,0.17449995,0.17547497499999995,False
2757665_2026-07-02T15:10:36.995609+00:00,-1.002,-1.002000004,-1.001002002,False
2757715_2026-07-02T15:25:36.571203+00:00,0.1608,0.160799984,0.16179199200000005,False
2757764_2026-07-02T15:40:37.642738+00:00,-1.002,-1.002000052,-1.0010260260000001,False
2757884_2026-07-02T15:55:36.822218+00:00,-1.002,-1.001999998,-1.0009989990000001,False
2758296_2026-07-02T16:10:36.331721+00:00,0.4686,0.468599984,0.4695919919999999,False
2758485_2026-07-02T16:25:37.732391+00:00,-1.002,-1.0019999992,-1.0009995996,False
2758527_2026-07-02T16:40:36.711614+00:00,0.0184,0.018400016,0.01940800799999998,False
2758619_2026-07-02T16:55:37.133560+00:00,0.002,0.002000032,0.00301601600000002,False
2759181_2026-07-02T17:10:35.793366+00:00,0.4473,0.447299966,0.4482829830000001,False
2759251_2026-07-02T17:25:35.796314+00:00,0.1608,0.160799984,0.16179199200000005,False
2759386_2026-07-02T17:40:37.324208+00:00,-1.002,-1.001999998,-1.0009989990000001,False
2759463_2026-07-02T17:55:37.241511+00:00,-1.002,-1.001999998,-1.0009989990000001,False
2759874_2026-07-02T18:10:37.740979+00:00,0.0071,0.0070999638,0.008081881899999976,False
2759997_2026-07-02T18:25:35.789104+00:00,2.998,2.998,2.999,False
2760040_2026-07-02T18:40:35.826090+00:00,-1.002,-1.002,-1.001,False
2760135_2026-07-02T18:55:36.701597+00:00,-1.002,-1.002,-1.001,False
2760376_2026-07-02T19:25:35.798629+00:00,-1.002,-1.0019999998,-1.0009998998999998,False
2760417_2026-07-02T19:40:35.824446+00:00,-1.002,-1.001999998,-1.000998999,False
2760513_2026-07-02T19:55:35.800614+00:00,-1.002,-1.002000024,-1.0010120120000001,False
2760664_2026-07-02T20:10:37.812098+00:00,-1.002,-1.001999996,-1.0009979979999999,False
2760717_2026-07-02T20:25:36.813501+00:00,-1.002,-1.001999998,-1.000998999,False
2760792_2026-07-02T20:40:36.760832+00:00,-1.002,-1.002000024,-1.0010120120000001,False
2760933_2026-07-02T20:55:36.261078+00:00,0.0733,0.073299942,0.07427097099999987,False
2760981_2026-07-02T21:10:36.774810+00:00,-1.002,-1.002,-1.001,False
2761017_2026-07-02T21:25:37.662363+00:00,0.4686,0.468599984,0.4695919919999999,False
2761065_2026-07-02T21:40:37.623613+00:00,-1.002,-1.001999968,-1.0009839839999999,False
2761174_2026-07-02T21:55:38.156092+00:00,0.3679,0.36789994600000003,0.3688729729999999,False
2761472_2026-07-02T22:10:36.080533+00:00,-1.002,-1.001999998,-1.000998999,False
2761524_2026-07-02T22:25:37.174013+00:00,-1.002,-1.00200002,-1.0010100100000001,False
2761647_2026-07-02T22:55:36.132777+00:00,-1.002,-1.002000016,-1.0010080080000001,False
2763211_2026-07-02T23:10:36.440660+00:00,-1.002,-1.002,-1.001,False
2763260_2026-07-02T23:25:35.827697+00:00,0.0081,0.008100002,0.009101001000000027,False
2763309_2026-07-02T23:40:37.610778+00:00,-1.002,-1.002000016,-1.0010080080000001,False
2763370_2026-07-02T23:55:36.435290+00:00,0.0143,0.014299921599999998,0.015260760799999964,False
2763419_2026-07-03T00:10:36.416744+00:00,-1.002,-1.002,-1.001,False
2763456_2026-07-03T00:25:37.072545+00:00,-1.002,-1.001999998,-1.000998999,False
2763497_2026-07-03T00:40:36.980301+00:00,0.1474,0.147400044,0.14842202200000004,False
2763568_2026-07-03T00:55:36.363101+00:00,-1.002,-1.002000016,-1.0010080080000001,False
2763640_2026-07-03T01:25:36.907335+00:00,-1.002,-1.002000016,-1.0010080080000001,False
2763679_2026-07-03T01:40:38.014562+00:00,0.0081,0.008100002,0.009101001000000027,False
2763736_2026-07-03T01:55:35.830278+00:00,-1.002,-1.002000014,-1.001007007,False
2763970_2026-07-03T02:10:35.861071+00:00,-1.002,-1.00200005,-1.001025025,False
2763999_2026-07-03T02:25:36.384304+00:00,-1.002,-1.00199998,-1.0009899899999999,False
2764051_2026-07-03T02:40:35.841703+00:00,-1.002,-1.002,-1.001,False
2764122_2026-07-03T02:55:36.941793+00:00,0.1091,0.10910002,0.11011000999999992,False
2764156_2026-07-03T03:10:36.337105+00:00,-1.002,-1.002000004,-1.001002002,False
2764226_2026-07-03T03:25:35.858606+00:00,0.0,8.000000000125962e-09,0.0010040040000000058,False
2764268_2026-07-03T03:40:38.049355+00:00,-1.002,-1.002000004,-1.001002002,False
2764331_2026-07-03T03:55:38.107675+00:00,2.5694,2.5694000160000003,2.570408008,False
2764743_2026-07-03T04:10:35.831169+00:00,-1.002,-1.002,-1.001,False
2764792_2026-07-03T04:25:37.516128+00:00,1.9392,1.939199984,1.9401919919999997,False
2764886_2026-07-03T04:40:37.981126+00:00,0.0506,0.05060006,0.05163003000000006,False
2764947_2026-07-03T04:55:37.489405+00:00,-1.002,-1.002,-1.001,False
2765947_2026-07-03T05:10:37.173999+00:00,0.0289,0.028900054,0.029927027000000037,False
2765977_2026-07-03T05:25:37.157656+00:00,0.0618,0.06180005599999999,0.0628280280000001,False
2766010_2026-07-03T05:40:37.995937+00:00,0.0289,0.028900054,0.029927027000000037,False
2766067_2026-07-03T05:55:36.885046+00:00,0.2638,0.26380003599999996,0.264818018,False
2766104_2026-07-03T06:10:36.972866+00:00,0.0163,0.0163000588,0.01732942940000005,False
2766126_2026-07-03T06:25:35.822805+00:00,-1.002,-1.002000038,-1.001019019,False
2766161_2026-07-03T06:40:37.535735+00:00,-1.002,-1.002,-1.001,False
2766225_2026-07-03T06:55:35.863504+00:00,0.0289,0.028900054,0.029927027000000037,False
2766271_2026-07-03T07:10:38.014853+00:00,-1.002,-1.001999988,-1.000993994,False
2766288_2026-07-03T07:25:35.829487+00:00,0.1474,0.147400044,0.14842202200000004,False
2766325_2026-07-03T07:40:38.095127+00:00,0.5365,0.53649995,0.5374749750000001,False
2766389_2026-07-03T07:55:36.918483+00:00,-1.002,-1.002000016,-1.0010080080000001,False
2766436_2026-07-03T08:10:35.994210+00:00,-1.002,-1.002000064,-1.0010320320000001,False
2766486_2026-07-03T08:25:36.827160+00:00,1.1257,1.1256999619999999,1.126680981,False
2766514_2026-07-03T08:40:36.865026+00:00,3.998,3.998,3.999,False
2766585_2026-07-03T08:55:37.944894+00:00,-1.002,-1.0019999998,-1.0009998999,False
2766617_2026-07-03T09:10:36.889285+00:00,0.4905,0.49050004999999997,0.4915250249999999,False
2766648_2026-07-03T09:25:36.860299+00:00,-1.002,-1.001999998,-1.0009989990000001,False
2766677_2026-07-03T09:40:36.369734+00:00,-1.002,-1.002,-1.001,False
2766736_2026-07-03T09:55:35.808511+00:00,0.0397,0.039699936,0.04066796800000004,False
2766900_2026-07-03T10:10:36.898219+00:00,2.123,2.123,2.124,False
2766932_2026-07-03T10:25:37.404879+00:00,0.5853,0.5853000020000001,0.5863010009999999,False
2767057_2026-07-03T10:40:36.370273+00:00,0.0289,0.028900054,0.029927027000000037,False
2767513_2026-07-03T10:55:36.891824+00:00,-1.002,-1.002000012,-1.0010060060000001,False
2767856_2026-07-03T11:10:35.846696+00:00,0.0081,0.008100002,0.009101001000000027,False
2767905_2026-07-03T11:25:37.980421+00:00,-1.002,-1.00199997,-1.0009849849999999,False
2767935_2026-07-03T11:40:36.786299+00:00,-1.002,-1.001999998,-1.000998999,False
2768250_2026-07-03T11:55:36.628725+00:00,-0.001,-0.0009999979999999998,1.0010000000297472e-06,False
2768378_2026-07-03T12:10:36.079618+00:00,0.0397,0.039699936,0.04066796800000004,False
2768424_2026-07-03T12:25:36.091674+00:00,-1.002,-1.0019999998,-1.0009998998999998,False
2768466_2026-07-03T12:40:36.330740+00:00,-1.002,-1.002,-1.001,False
2768547_2026-07-03T12:55:36.325514+00:00,0.1216,0.121599992,0.12259599600000004,False
2768621_2026-07-03T13:10:36.331411+00:00,0.2175,0.21750002,0.2185100100000001,False
2768658_2026-07-03T13:25:35.807718+00:00,2.5694,2.5694000160000003,2.570408008,False
2768686_2026-07-03T13:40:35.864544+00:00,7.3313,7.331300008,7.332304004,False
2768837_2026-07-03T13:55:37.205090+00:00,-1.002,-1.001999996,-1.0009979979999999,False
2768979_2026-07-03T14:25:36.252688+00:00,0.0397,0.039699936,0.04066796800000004,False
2769016_2026-07-03T14:40:35.819635+00:00,0.6647,0.66469996,0.6656799800000002,False
2769100_2026-07-03T14:55:36.335188+00:00,0.0081,0.008100002,0.009101001000000027,False
2769140_2026-07-03T15:10:36.955368+00:00,0.0184,0.018400016,0.01940800799999998,False
2769371_2026-07-03T15:40:36.296843+00:00,-1.002,-1.002000012,-1.0010060060000001,False
2769670_2026-07-03T15:55:36.802630+00:00,0.0397,0.039699936,0.04066796800000004,False
2769980_2026-07-03T16:10:37.683054+00:00,0.1344,0.134399936,0.13536796800000003,False
2770015_2026-07-03T16:25:36.306645+00:00,0.003,0.00300005,0.004025025000000057,False
2770083_2026-07-03T16:40:36.381175+00:00,-1.002,-1.002000016,-1.001008008,False
2770244_2026-07-03T16:55:36.759455+00:00,0.248,0.248,0.249,False
2771007_2026-07-03T17:10:36.362291+00:00,0.004,0.004000072,0.0050360360000000414,False
2771040_2026-07-03T17:25:36.360667+00:00,-1.002,-1.002,-1.001,False
2771079_2026-07-03T17:40:35.837133+00:00,0.2638,0.26380003599999996,0.264818018,False
2771178_2026-07-03T17:55:37.711183+00:00,-1.002,-1.002000016,-1.0010080080000001,False
2771478_2026-07-03T18:10:36.896784+00:00,-1.002,-1.001999998,-1.0009989990000001,False
2771626_2026-07-03T18:25:35.786973+00:00,1.498,1.498,1.499,False
2771835_2026-07-03T18:40:36.326269+00:00,0.1091,0.10910002,0.11011000999999992,False
2772131_2026-07-03T18:55:36.383121+00:00,-1.002,-1.002000024,-1.0010120120000001,False
2773248_2026-07-03T19:10:35.903171+00:00,-1.002,-1.002000012,-1.0010060060000001,False
2773440_2026-07-03T19:25:37.921571+00:00,0.6373,0.637300054,0.638327027,False
2773497_2026-07-03T19:40:36.507156+00:00,0.1885,0.18849996,0.18947998,False
2773654_2026-07-03T19:55:37.291273+00:00,-1.002,-1.002000052,-1.0010260260000001,False
2773723_2026-07-03T20:10:36.959562+00:00,0.0081,0.008100002,0.009101001000000027,False
2773919_2026-07-03T20:40:36.334770+00:00,0.5132,0.513199936,0.5141679680000001,False
2774066_2026-07-03T20:55:35.827615+00:00,0.0618,0.06180005599999999,0.0628280280000001,False
2774113_2026-07-03T21:10:37.869982+00:00,-1.002,-1.001999956,-1.0009779779999999,False
2774155_2026-07-03T21:25:36.306437+00:00,-1.002,-1.002,-1.001,False
2774199_2026-07-03T21:40:36.294501+00:00,-1.002,-1.001999998,-1.000998999,False
2774908_2026-07-03T21:55:36.246439+00:00,0.0081,0.008100002,0.009101001000000027,False
2775359_2026-07-03T22:10:37.218041+00:00,-1.002,-1.001999998,-1.000998999,False
2775384_2026-07-03T22:25:35.837082+00:00,0.3313,0.33130005,0.332325025,False
2775444_2026-07-03T22:40:37.719610+00:00,-1.002,-1.001999998,-1.0009989990000001,False
2775521_2026-07-03T22:55:35.850079+00:00,-1.002,-1.002000016,-1.0010080080000001,False
2777230_2026-07-03T23:10:35.785416+00:00,-1.002,-1.001999998,-1.000998999,False
2777269_2026-07-03T23:25:36.475268+00:00,0.1216,0.121599992,0.12259599600000004,False
2777310_2026-07-03T23:40:36.705101+00:00,0.0289,0.028900054,0.029927027000000037,False
2777455_2026-07-03T23:55:35.802032+00:00,-1.002,-1.0020000008,-1.0010004004,False
2777523_2026-07-04T00:10:35.785573+00:00,0.004,0.004000072,0.0050360360000000414,False
2777564_2026-07-04T00:25:36.695648+00:00,-1.002,-1.002,-1.001,False
2777594_2026-07-04T00:40:35.797347+00:00,-1.002,-1.002,-1.001,False
2777672_2026-07-04T00:55:37.279737+00:00,0.0397,0.039699936,0.04066796800000004,False
2777889_2026-07-04T01:10:36.719810+00:00,-1.002,-1.0019999998,-1.0009998998999998,False
2777910_2026-07-04T01:25:35.849461+00:00,-1.002,-1.002,-1.001,False
2777971_2026-07-04T01:40:37.165442+00:00,-1.002,-1.001999998,-1.0009989990000001,False
2778037_2026-07-04T01:55:36.760938+00:00,0.1474,0.147400044,0.14842202200000004,False
2778070_2026-07-04T02:10:35.792870+00:00,0.0289,0.028900054,0.029927027000000037,False
2778111_2026-07-04T02:25:37.023564+00:00,-1.002,-1.002,-1.001,False
2778136_2026-07-04T02:40:35.790180+00:00,3.998,3.998,3.999,False
2778320_2026-07-04T02:55:36.263988+00:00,0.0733,0.073299942,0.07427097099999987,False
2778367_2026-07-04T03:10:35.792281+00:00,6.6903,6.690300002000001,6.691301001,False
2778391_2026-07-04T03:25:35.849865+00:00,1.5621,1.562100002,1.563101001,False
2778429_2026-07-04T03:40:37.167996+00:00,0.0353,0.0353000856,0.03634284280000001,False
2778501_2026-07-04T03:55:38.022194+00:00,-1.002,-1.001999998,-1.000998999,False
2779047_2026-07-04T04:10:37.791837+00:00,0.0289,0.028900054,0.029927027000000037,False
2779164_2026-07-04T04:25:37.161239+00:00,0.0969,0.096900002,0.09790100100000002,False
2779260_2026-07-04T04:40:36.870372+00:00,0.3138,0.31379998400000003,0.3147919920000001,False
2779319_2026-07-04T04:55:35.805570+00:00,1.0813,1.081300032,1.082316016,False
2780424_2026-07-04T05:10:37.857926+00:00,-1.002,-1.002,-1.001,False
2780454_2026-07-04T05:25:37.461683+00:00,-1.002,-1.002,-1.001,False
2780480_2026-07-04T05:40:37.446049+00:00,0.3138,0.31379998400000003,0.3147919920000001,False
2780542_2026-07-04T05:55:35.880397+00:00,-1.002,-1.002,-1.001,False
2780720_2026-07-04T06:10:37.277919+00:00,-1.002,-1.001999998,-1.000998999,False
2780752_2026-07-04T06:25:38.364559+00:00,-1.002,-1.002,-1.001,False
2780775_2026-07-04T06:40:36.368286+00:00,0.0733,0.073299942,0.07427097099999987,False
2781322_2026-07-04T06:55:37.458978+00:00,0.0969,0.096900002,0.09790100100000002,False
2781360_2026-07-04T07:10:36.799239+00:00,0.4473,0.447299966,0.4482829830000001,False
2781400_2026-07-04T07:25:37.675509+00:00,-1.002,-1.001999998,-1.000998999,False
2781426_2026-07-04T07:40:37.227567+00:00,-1.002,-1.001999992,-1.0009959959999999,False
2781502_2026-07-04T07:55:35.802760+00:00,0.0408,0.040799909599999996,0.04175475479999998,False
2781558_2026-07-04T08:10:37.806003+00:00,-1.002,-1.001999998,-1.0009989990000001,False
2781587_2026-07-04T08:25:36.724501+00:00,0.2028,0.20280003200000002,0.2038160160000001,False
2781641_2026-07-04T08:40:36.724492+00:00,0.085,0.08499991999999999,0.08595995999999993,False
2781768_2026-07-04T08:55:37.183476+00:00,-1.002,-1.001999982,-1.0009909909999999,False
2781803_2026-07-04T09:10:35.829969+00:00,-1.002,-1.00200001,-1.001005005,False
2781839_2026-07-04T09:25:36.281088+00:00,-1.002,-1.001999998,-1.0009989990000001,False
2781874_2026-07-04T09:40:36.293215+00:00,-1.002,-1.001999992,-1.0009959959999999,False
2781960_2026-07-04T09:55:36.779036+00:00,0.0184,0.018400016,0.01940800799999998,False
2782071_2026-07-04T10:10:37.672384+00:00,-1.002,-1.002,-1.001,False
2782095_2026-07-04T10:25:36.720762+00:00,0.0733,0.073299942,0.07427097099999987,False
2782169_2026-07-04T10:40:35.812496+00:00,-1.002,-1.002000016,-1.0010080080000001,False
2782368_2026-07-04T10:55:37.697494+00:00,0.0618,0.06180005599999999,0.0628280280000001,False
2782718_2026-07-04T11:10:36.777994+00:00,0.5605,0.5605,0.5615,False
2782860_2026-07-04T11:25:37.385470+00:00,-1.002,-1.002,-1.001,False
2782897_2026-07-04T11:40:36.252681+00:00,0.0506,0.05060006,0.05163003000000006,False
2783000_2026-07-04T11:55:36.758768+00:00,-1.002,-1.001999984,-1.0009919919999999,False
2783207_2026-07-04T12:10:36.300377+00:00,0.0081,0.008100002,0.009101001000000027,False
2783265_2026-07-04T12:25:35.792530+00:00,1.9392,1.939199984,1.9401919919999997,False
2783310_2026-07-04T12:40:37.651700+00:00,0.2967,0.296700002,0.297701001,False
2783566_2026-07-04T13:10:15.300404+00:00,-1.002,-1.002,-1.001,False
2783653_2026-07-04T13:25:14.247490+00:00,0.0451,0.045100039,0.046119519500000095,False
2783694_2026-07-04T13:40:14.710091+00:00,-1.002,-1.002,-1.001,False
2783925_2026-07-04T13:55:15.181661+00:00,-1.002,-1.002000016,-1.0010080080000001,False
2784022_2026-07-04T14:10:14.295435+00:00,0.1344,0.134399936,0.13536796800000003,False
2784082_2026-07-04T14:25:15.726444+00:00,0.4686,0.468599984,0.4695919919999999,False
2784128_2026-07-04T14:40:13.807308+00:00,1.5621,1.562100002,1.563101001,False
2784211_2026-07-04T14:55:14.711592+00:00,3.5435,3.54349998,3.54448999,False
2784248_2026-07-04T15:10:14.260830+00:00,0.0184,0.018400016,0.01940800799999998,False
2784310_2026-07-04T15:25:14.257478+00:00,0.0733,0.073299942,0.07427097099999987,False
2784482_2026-07-04T15:40:15.265508+00:00,1.379,1.37899996,1.3799799799999999,False
2784606_2026-07-04T15:55:21.786400+00:00,0.6929,0.692900018,0.6939090090000001,False
2784973_2026-07-04T16:10:21.808931+00:00,-1.002,-1.002000016,-1.0010080080000001,False
2785033_2026-07-04T16:25:16.567904+00:00,0.1608,0.160799984,0.16179199200000005,False
2785088_2026-07-04T16:40:15.192485+00:00,0.0969,0.096900002,0.09790100100000002,False
2785277_2026-07-04T16:55:16.113338+00:00,0.6647,0.66469996,0.6656799800000002,False
2786019_2026-07-04T17:10:15.484533+00:00,-1.002,-1.002000008,-1.0010040040000001,False
2786057_2026-07-04T17:25:15.118949+00:00,0.0184,0.018400016,0.01940800799999998,False
2786087_2026-07-04T17:40:14.610815+00:00,0.003,0.00300005,0.004025025000000057,False
2786164_2026-07-04T17:55:16.512394+00:00,0.0091,0.0091000442,0.010122122100000023,False
2786402_2026-07-04T18:10:15.108125+00:00,13.2837,13.283700002,13.284701001,False
2786538_2026-07-04T18:40:15.540461+00:00,-1.002,-1.002,-1.001,False
2786654_2026-07-04T18:55:16.529537+00:00,0.2028,0.20280003200000002,0.2038160160000001,False
2786858_2026-07-04T19:10:15.521560+00:00,0.0618,0.06180005599999999,0.0628280280000001,False
2786885_2026-07-04T19:25:14.603305+00:00,0.003,0.00300005,0.004025025000000057,False
2786913_2026-07-04T19:40:15.257247+00:00,-1.002,-1.002,-1.001,False
2787083_2026-07-04T19:55:15.071657+00:00,-1.002,-1.002,-1.001,False
2787178_2026-07-04T20:10:15.525402+00:00,0.1745,0.17449995,0.17547497499999995,False
2787249_2026-07-04T20:25:14.630702+00:00,-1.002,-1.002,-1.001,False
2787438_2026-07-04T20:40:15.555448+00:00,0.0184,0.018400016,0.01940800799999998,False
2787671_2026-07-04T20:55:15.516102+00:00,-1.002,-1.001999998,-1.000998999,False
2787744_2026-07-04T21:10:14.608511+00:00,1.498,1.498,1.499,False
2787788_2026-07-04T21:25:15.558385+00:00,0.0618,0.06180005599999999,0.0628280280000001,False
2787824_2026-07-04T21:40:16.490064+00:00,-1.002,-1.002,-1.001,False
2787906_2026-07-04T21:55:14.652555+00:00,0.3869,0.38689998400000003,0.387891992,False
2788676_2026-07-04T22:10:14.603200+00:00,-1.002,-1.002000016,-1.0010080080000001,False
2788732_2026-07-04T22:25:14.618422+00:00,-1.002,-1.001999992,-1.0009959959999999,False
2788803_2026-07-04T22:40:15.069313+00:00,-1.002,-1.00199997,-1.0009849849999999,False
2788876_2026-07-04T22:55:15.667936+00:00,-1.002,-1.002000016,-1.0010080080000001,False
2789642_2026-07-04T23:10:15.573007+00:00,-1.002,-1.001999946,-1.000972973,False
2789682_2026-07-04T23:25:15.761583+00:00,0.0184,0.018400016,0.01940800799999998,False
2789713_2026-07-04T23:40:15.516496+00:00,0.1091,0.10910002,0.11011000999999992,False
2789784_2026-07-04T23:55:15.052470+00:00,-1.002,-1.00199998,-1.0009899899999999,False
2789842_2026-07-05T00:10:15.066035+00:00,-1.002,-1.0020000016,-1.0010008007999998,False
2789886_2026-07-05T00:25:15.617933+00:00,-1.002,-1.002,-1.001,False
2789922_2026-07-05T00:40:16.225617+00:00,0.1608,0.160799984,0.16179199200000005,False
2790012_2026-07-05T00:55:15.976074+00:00,-1.002,-1.001999998,-1.000998999,False
2790224_2026-07-05T01:10:15.069048+00:00,1.0813,1.081300032,1.082316016,False
2790263_2026-07-05T01:25:15.521467+00:00,-1.002,-1.0019999994,-1.0009996997000001,False
2790324_2026-07-05T01:40:16.041001+00:00,-1.002,-1.0020000022,-1.0010011011,False
2790408_2026-07-05T01:55:16.431663+00:00,0.3869,0.38689998400000003,0.387891992,False
2790555_2026-07-05T02:10:16.552546+00:00,-1.002,-1.001999998,-1.000998999,False
2790616_2026-07-05T02:25:14.620694+00:00,2.8442,2.844199976,2.8451879879999997,False
2790648_2026-07-05T02:40:15.064882+00:00,-1.002,-1.001999982,-1.0009909909999999,False
2790718_2026-07-05T02:55:15.593252+00:00,0.7524,0.752399984,0.7533919920000002,False
2790762_2026-07-05T03:10:16.016274+00:00,0.03,0.029999984,0.03099199200000002,False
2790792_2026-07-05T03:25:15.540668+00:00,-1.002,-1.002,-1.001,False
2790820_2026-07-05T03:40:15.785022+00:00,0.0081,0.008100002,0.009101001000000027,False
2790897_2026-07-05T03:55:16.078620+00:00,0.1344,0.134399936,0.13536796800000003,False
2791495_2026-07-05T04:10:16.982415+00:00,0.6647,0.66469996,0.6656799800000002,False
2791522_2026-07-05T04:25:16.111231+00:00,0.0184,0.018400016,0.01940800799999998,False
2791626_2026-07-05T04:40:16.536989+00:00,0.0506,0.05060006,0.05163003000000006,False
2791690_2026-07-05T04:55:16.070952+00:00,-1.002,-1.0019999998,-1.0009998998999998,False
2791988_2026-07-05T05:10:16.090245+00:00,-1.002,-1.001999998,-1.000998999,False
2792021_2026-07-05T05:25:15.412078+00:00,1.0813,1.081300032,1.082316016,False
2792053_2026-07-05T05:40:14.611278+00:00,-1.002,-1.001999988,-1.000993994,False
2792116_2026-07-05T05:55:14.605101+00:00,0.0184,0.018400016,0.01940800799999998,False
2792162_2026-07-05T06:10:16.002384+00:00,-1.002,-1.002,-1.001,False
2792213_2026-07-05T06:25:15.528691+00:00,0.0184,0.018400016,0.01940800799999998,False
2792240_2026-07-05T06:40:15.066159+00:00,-1.002,-1.002,-1.001,False
2792861_2026-07-05T06:55:16.006636+00:00,0.0733,0.073299942,0.07427097099999987,False
2792913_2026-07-05T07:10:27.936783+00:00,-1.002,-1.001999988,-1.000993994,False
2792948_2026-07-05T07:25:27.902643+00:00,-1.002,-1.002000072,-1.001036036,False
2792979_2026-07-05T07:40:03.158823+00:00,0.0091,0.0091000442,0.010122122100000023,False
2793055_2026-07-05T07:55:03.240998+00:00,0.0289,0.028900054,0.029927027000000037,False
2793180_2026-07-05T08:10:03.147520+00:00,-1.002,-1.002000016,-1.0010080080000001,False
2793216_2026-07-05T08:25:01.286511+00:00,-1.002,-1.002,-1.001,False
2793253_2026-07-05T08:40:02.691530+00:00,0.6647,0.66469996,0.6656799800000002,False
2793371_2026-07-05T08:55:02.288085+00:00,-1.002,-1.002,-1.001,False
2793411_2026-07-05T09:10:01.294400+00:00,-1.002,-1.00199997,-1.0009849849999999,False
2793522_2026-07-05T09:40:02.736629+00:00,-1.002,-1.002,-1.001,False
2793715_2026-07-05T09:55:01.340622+00:00,0.085,0.08499991999999999,0.08595995999999993,False
2793836_2026-07-05T10:10:03.263676+00:00,0.1608,0.160799984,0.16179199200000005,False
2793867_2026-07-05T10:25:02.219379+00:00,0.2638,0.26380003599999996,0.264818018,False
2793989_2026-07-05T10:40:02.669846+00:00,-1.002,-1.002,-1.001,False
2794107_2026-07-05T10:55:02.215933+00:00,0.0184,0.018400016,0.01940800799999998,False
2794273_2026-07-05T11:10:02.194727+00:00,-1.002,-1.002,-1.001,False
2794387_2026-07-05T11:25:01.304559+00:00,-1.002,-1.001999998,-1.000998999,False
2794465_2026-07-05T11:40:02.715497+00:00,0.0332,0.033199993600000005,0.034196796800000026,False
2794549_2026-07-05T11:55:01.543309+00:00,-1.002,-1.002,-1.001,False
2794809_2026-07-05T12:10:02.963744+00:00,-1.002,-1.002,-1.001,False
2794905_2026-07-05T12:40:02.062442+00:00,-1.002,-1.00199997,-1.0009849849999999,False
2794991_2026-07-05T12:55:02.523651+00:00,0.1885,0.18849996,0.18947998,False
2795084_2026-07-05T13:10:03.585207+00:00,-1.002,-1.00199995,-1.0009749749999999,False
2795124_2026-07-05T13:25:02.707500+00:00,-1.002,-1.001999996,-1.0009979979999999,False
2795177_2026-07-05T13:40:03.132615+00:00,0.2638,0.26380003599999996,0.264818018,False
2795277_2026-07-05T13:55:01.302648+00:00,0.085,0.08499991999999999,0.08595995999999993,False
2795327_2026-07-05T14:10:01.751253+00:00,-1.002,-1.001999998,-1.0009989990000001,False
2795404_2026-07-05T14:25:30.327438+00:00,-1.002,-1.00200001,-1.001005005,False
2795438_2026-07-05T14:40:29.357619+00:00,0.1885,0.18849996,0.18947998,False
2795522_2026-07-05T14:55:30.798183+00:00,1.7758,1.775799984,1.776791992,False
2795571_2026-07-05T15:10:30.896141+00:00,0.085,0.08499991999999999,0.08595995999999993,False
2795609_2026-07-05T15:25:30.292287+00:00,-1.002,-1.001999998,-1.0009989990000001,False
2795664_2026-07-05T15:40:30.259116+00:00,-1.002,-1.00200008,-1.0010400400000001,False
2795766_2026-07-05T15:55:30.266201+00:00,0.0618,0.06180005599999999,0.0628280280000001,False
2796333_2026-07-05T16:10:29.822809+00:00,-1.002,-1.002000016,-1.001008008,False
2796382_2026-07-05T16:25:28.925098+00:00,-1.002,-1.00199997,-1.0009849849999999,False
2796451_2026-07-05T16:40:30.716204+00:00,0.6373,0.637300054,0.638327027,False
2796630_2026-07-05T16:55:31.000577+00:00,0.2967,0.296700002,0.297701001,False
2797599_2026-07-05T17:10:30.293561+00:00,0.0081,0.008100002,0.009101001000000027,False
2797678_2026-07-05T17:25:28.862157+00:00,-1.002,-1.002000016,-1.0010080080000001,False
2797723_2026-07-05T17:40:30.250806+00:00,-1.002,-1.001999998,-1.000998999,False
2797849_2026-07-05T17:55:29.773820+00:00,0.9588,0.958799984,0.9597919920000001,False
2797893_2026-07-05T18:10:28.872021+00:00,0.1091,0.10910002,0.11011000999999992,False
2797933_2026-07-05T18:25:29.331643+00:00,0.0397,0.039699936,0.04066796800000004,False
2797963_2026-07-05T18:40:30.264791+00:00,0.0289,0.028900054,0.029927027000000037,False
2798157_2026-07-05T18:55:29.354930+00:00,0.1216,0.121599992,0.12259599600000004,False
2798662_2026-07-05T19:10:29.796670+00:00,1.8551,1.85510003,1.856115015,False
2798700_2026-07-05T19:25:30.751248+00:00,-1.002,-1.002,-1.001,False
2798753_2026-07-05T19:40:29.398322+00:00,1.0388,1.038800016,1.039808008,False
2799025_2026-07-05T19:55:30.535189+00:00,-1.002,-1.002000016,-1.0010080080000001,False
2799070_2026-07-05T20:10:31.001217+00:00,0.0969,0.096900002,0.09790100100000002,False
2799106_2026-07-05T20:25:30.950290+00:00,-1.002,-1.0020000022,-1.0010011011,False
2799132_2026-07-05T20:40:29.614417+00:00,0.3313,0.33130005,0.332325025,False
2799421_2026-07-05T20:55:29.659689+00:00,-1.002,-1.001999988,-1.000993994,False
2799590_2026-07-05T21:10:28.877367+00:00,48.998,48.998,48.999,False
2799662_2026-07-05T21:25:30.254797+00:00,0.002,0.002000032,0.00301601600000002,False
2799693_2026-07-05T21:40:29.324085+00:00,0.4686,0.468599984,0.4695919919999999,False
2799755_2026-07-05T21:55:29.332790+00:00,0.1608,0.160799984,0.16179199200000005,False
2800022_2026-07-05T22:10:30.902246+00:00,2.4463,2.446299986,2.4472929930000005,False
2800057_2026-07-05T22:25:30.242220+00:00,0.0081,0.008100002,0.009101001000000027,False
2800077_2026-07-05T22:40:28.859796+00:00,-1.002,-1.002000012,-1.0010060060000001,False
2800156_2026-07-05T22:55:29.806210+00:00,0.1091,0.10910002,0.11011000999999992,False
2800573_2026-07-05T23:10:29.865467+00:00,0.1091,0.10910002,0.11011000999999992,False
2800651_2026-07-05T23:40:30.285610+00:00,1.7758,1.775799984,1.776791992,False
2800806_2026-07-06T00:10:29.333549+00:00,-1.002,-1.002,-1.001,False
2800853_2026-07-06T00:25:28.885095+00:00,-1.002,-1.001999998,-1.000998999,False
2800888_2026-07-06T00:40:28.930759+00:00,0.0184,0.018400016,0.01940800799999998,False
2800962_2026-07-06T00:55:29.797177+00:00,0.248,0.248,0.249,False
2801191_2026-07-06T01:10:30.455964+00:00,0.3679,0.36789994600000003,0.3688729729999999,False
2801222_2026-07-06T01:25:29.328650+00:00,-1.002,-1.001999998,-1.000998999,False
2801278_2026-07-06T01:40:29.345263+00:00,-1.002,-1.00199995,-1.000974975,False
2801347_2026-07-06T01:55:28.860878+00:00,-1.002,-1.0019999994,-1.0009996997000001,False
2801393_2026-07-06T02:10:28.916120+00:00,-1.002,-1.002,-1.001,False
2801440_2026-07-06T02:25:30.778073+00:00,-0.001,-0.0009999979999999998,1.0010000000297472e-06,False
2801473_2026-07-06T02:40:29.942598+00:00,-1.002,-1.002,-1.001,False
2801538_2026-07-06T02:55:29.804100+00:00,0.1885,0.18849996,0.18947998,False
2801581_2026-07-06T03:10:30.760504+00:00,-1.002,-1.001999998,-1.0009989990000001,False
2801608_2026-07-06T03:25:29.343142+00:00,-1.002,-1.0020000008,-1.0010004004,False
2801648_2026-07-06T03:40:29.842425+00:00,-1.002,-1.00200005,-1.0010250250000001,False
2801712_2026-07-06T03:55:29.374987+00:00,0.3313,0.33130005,0.332325025,False
2802288_2026-07-06T04:10:29.039932+00:00,2.7017,2.701700002,2.702701001,False
2802323_2026-07-06T04:25:28.922871+00:00,-1.002,-1.002,-1.001,False
2802576_2026-07-06T04:40:30.294058+00:00,0.0081,0.008100002,0.009101001000000027,False
2802642_2026-07-06T04:55:31.087244+00:00,-1.002,-1.002000016,-1.0010080080000001,False
2803448_2026-07-06T05:10:30.105094+00:00,-1.002,-1.002000012,-1.0010060060000001,False
2803488_2026-07-06T05:25:30.123122+00:00,-1.002,-1.002000024,-1.0010120120000001,False
2803585_2026-07-06T05:40:30.584871+00:00,0.0071,0.0070999638,0.008081881899999976,False
2803694_2026-07-06T05:55:30.649783+00:00,0.1216,0.121599992,0.12259599600000004,False
2803731_2026-07-06T06:10:30.938564+00:00,1.7007,1.700700002,1.7017010010000002,False
2803800_2026-07-06T06:25:31.166381+00:00,-1.002,-1.002000004,-1.001002002,False
2803821_2026-07-06T06:40:29.419664+00:00,0.7221,0.7221000439999999,0.7231220220000001,False
2804249_2026-07-06T06:55:30.055792+00:00,-1.002,-1.002,-1.001,False
2804283_2026-07-06T07:10:29.988710+00:00,-1.002,-1.002,-1.001,False
2804315_2026-07-06T07:25:28.875893+00:00,0.0733,0.073299942,0.07427097099999987,False
2804352_2026-07-06T07:40:30.456899+00:00,0.1344,0.134399936,0.13536796800000003,False
2804516_2026-07-06T08:25:03.226991+00:00,0.8162,0.81619998,0.8171899899999999,False
2804582_2026-07-06T08:40:04.852882+00:00,-1.002,-1.0019999998,-1.0009998998999998,False
2804613_2026-07-06T08:55:04.436549+00:00,-1.002,-1.00199998,-1.0009899899999999,False
2804651_2026-07-06T09:10:04.118373+00:00,-1.002,-1.002000016,-1.001008008,False
2804685_2026-07-06T09:25:04.196492+00:00,-1.002,-1.0020000056,-1.0010028028,False
2804766_2026-07-06T09:40:48.654725+00:00,-1.002,-1.002,-1.001,False
2804830_2026-07-06T09:55:03.680043+00:00,-1.002,-1.002000016,-1.0010080080000001,False
2804947_2026-07-06T10:10:04.067691+00:00,0.002,0.002000032,0.00301601600000002,False
2804977_2026-07-06T10:25:04.121406+00:00,0.4266,0.42659996,0.4275799800000002,False
2805008_2026-07-06T10:40:05.069349+00:00,0.001,0.0010000180000000005,0.00200900900000004,False
2805050_2026-07-06T10:55:04.218950+00:00,-1.002,-1.002,-1.001,False
2805426_2026-07-06T11:10:04.190544+00:00,-1.002,-1.001999976,-1.0009879879999999,False
2805466_2026-07-06T11:25:03.648713+00:00,0.085,0.08499991999999999,0.08595995999999993,False
2805489_2026-07-06T11:40:03.152163+00:00,0.6929,0.692900018,0.6939090090000001,False
2805773_2026-07-06T11:55:03.170717+00:00,-1.002,-1.00200002,-1.00101001,False
2806326_2026-07-06T12:10:03.663830+00:00,-1.002,-1.002,-1.001,False
2806367_2026-07-06T12:25:05.318931+00:00,0.3869,0.38689998400000003,0.387891992,False
2806400_2026-07-06T12:40:04.767669+00:00,-1.002,-1.002000016,-1.0010080080000001,False
2806691_2026-07-06T12:55:03.701055+00:00,-1.002,-1.002000052,-1.0010260260000001,False
2806724_2026-07-06T13:10:04.636941+00:00,-1.002,-1.002000038,-1.001019019,False
2806758_2026-07-06T13:25:04.330569+00:00,-1.002,-1.002000016,-1.0010080080000001,False
2806824_2026-07-06T13:40:04.108585+00:00,0.4266,0.42659996,0.4275799800000002,False
2806883_2026-07-06T13:55:03.631513+00:00,0.0091,0.0091000442,0.010122122100000023,False
2806917_2026-07-06T14:10:04.529853+00:00,0.1745,0.17449995,0.17547497499999995,False
2807021_2026-07-06T14:25:05.455678+00:00,0.7837,0.7837000159999999,0.784708008,False
2807048_2026-07-06T14:40:03.574524+00:00,-1.002,-1.001999984,-1.000991992,False
2807197_2026-07-06T14:55:03.848290+00:00,-1.002,-1.00199997,-1.0009849849999999,False
2807263_2026-07-06T15:10:05.258844+00:00,0.005,0.005000098,0.006049048999999972,False
2807296_2026-07-06T15:25:04.552018+00:00,-1.002,-1.001999998,-1.000998999,False
2807385_2026-07-06T15:40:04.834272+00:00,4.2612,4.261199984,4.262191992,False
2808315_2026-07-06T16:10:06.554700+00:00,0.3494,0.34939992799999997,0.350363964,False
2808341_2026-07-06T16:25:03.633543+00:00,-1.002,-1.002000004,-1.001002002,False
2808403_2026-07-06T16:40:04.962028+00:00,0.085,0.08499991999999999,0.08595995999999993,False
2808593_2026-07-06T16:55:05.199572+00:00,-1.002,-1.001999998,-1.000998999,False
2808615_2026-07-06T17:10:03.086366+00:00,0.0618,0.06180005599999999,0.0628280280000001,False
2808655_2026-07-06T17:25:04.103209+00:00,0.3138,0.31379998400000003,0.3147919920000001,False
2808703_2026-07-06T17:40:04.687122+00:00,-1.002,-1.001999998,-1.0009989990000001,False
2808767_2026-07-06T17:55:03.756091+00:00,-1.002,-1.001999992,-1.0009959959999999,False
2810161_2026-07-06T18:10:03.543345+00:00,0.0969,0.096900002,0.09790100100000002,False
2810246_2026-07-06T18:25:05.176780+00:00,0.0506,0.05060006,0.05163003000000006,False
2810271_2026-07-06T18:40:03.105219+00:00,0.3494,0.34939992799999997,0.350363964,False
2810309_2026-07-06T18:55:03.154971+00:00,-1.002,-1.001999998,-1.0009989990000001,False
2810349_2026-07-06T19:10:04.603095+00:00,0.5605,0.5605,0.5615,False
2810412_2026-07-06T19:25:04.104108+00:00,0.0081,0.008100002,0.009101001000000027,False
2810452_2026-07-06T19:40:04.000052+00:00,8.998,8.998,8.999,False
2810528_2026-07-06T19:55:04.231690+00:00,-1.002,-1.00199998,-1.0009899899999999,False
2810581_2026-07-06T20:10:04.714077+00:00,-1.002,-1.002,-1.001,False
2810627_2026-07-06T20:25:03.144003+00:00,0.0618,0.06180005599999999,0.0628280280000001,False
2810695_2026-07-06T20:40:05.165152+00:00,0.0184,0.018400016,0.01940800799999998,False
2810727_2026-07-06T20:55:04.886427+00:00,-1.002,-1.001999998,-1.000998999,False
2810760_2026-07-06T21:10:03.814449+00:00,0.0,8.000000000125962e-09,0.0010040040000000058,False
2810801_2026-07-06T21:25:03.401300+00:00,-1.002,-1.001999996,-1.0009979979999999,False
2810847_2026-07-06T21:40:04.882484+00:00,-1.002,-1.001999996,-1.0009979979999999,False
2810878_2026-07-06T21:55:03.154566+00:00,0.0184,0.018400016,0.01940800799999998,False
2810905_2026-07-06T22:10:03.113543+00:00,-1.002,-1.002,-1.001,False
2810952_2026-07-06T22:25:05.121586+00:00,-1.002,-1.002,-1.001,False
2810990_2026-07-06T22:40:03.672181+00:00,-1.002,-1.001999984,-1.0009919919999999,False
2811063_2026-07-06T22:55:04.264444+00:00,0.8499,0.849899948,0.850873974,False
2811185_2026-07-06T23:10:03.649052+00:00,1.1719,1.171900012,1.172906006,False
2811252_2026-07-06T23:40:05.377228+00:00,-1.002,-1.001999998,-1.000998999,False
2811292_2026-07-06T23:55:05.025967+00:00,-1.002,-1.001999968,-1.0009839839999999,False
2811348_2026-07-07T00:10:05.263347+00:00,-1.002,-1.002,-1.001,False
2811374_2026-07-07T00:25:04.193989+00:00,0.0,8.000000000125962e-09,0.0010040040000000058,False
2811436_2026-07-07T00:40:03.549035+00:00,-1.002,-1.002,-1.001,False
2811495_2026-07-07T00:55:03.193974+00:00,0.0081,0.008100002,0.009101001000000027,False
2811744_2026-07-07T01:10:04.645054+00:00,-1.002,-1.002,-1.001,False
2811765_2026-07-07T01:25:03.132287+00:00,-1.002,-1.00199995,-1.000974975,False
2811823_2026-07-07T01:40:04.473935+00:00,7.3313,7.331300008,7.332304004,False
2811885_2026-07-07T01:55:03.607724+00:00,-1.002,-1.001999996,-1.0009979979999999,False
2811925_2026-07-07T02:10:03.608117+00:00,-1.002,-1.001999998,-1.000998999,False
2811980_2026-07-07T02:25:03.596378+00:00,-1.002,-1.001999998,-1.000998999,False
2812093_2026-07-07T02:40:04.740435+00:00,4.8804,4.880399983999999,4.881391991999999,False
2812154_2026-07-07T02:55:04.197136+00:00,-1.002,-1.002,-1.001,False
2812197_2026-07-07T03:10:04.553146+00:00,0.2175,0.21750002,0.2185100100000001,False
2812219_2026-07-07T03:25:03.602924+00:00,-1.002,-1.001999996,-1.0009979979999999,False
2812249_2026-07-07T03:40:03.542421+00:00,-1.002,-1.00200002,-1.0010100100000001,False
2812281_2026-07-07T03:55:04.642852+00:00,-1.002,-1.00200002,-1.00101001,False
2812981_2026-07-07T04:10:04.122105+00:00,0.6647,0.66469996,0.6656799800000002,False
2813014_2026-07-07T04:25:04.225160+00:00,0.9211,0.921099976,0.9220879879999999,False
2813256_2026-07-07T04:40:03.091629+00:00,-1.002,-1.002000012,-1.0010060060000001,False
2813324_2026-07-07T04:55:03.614988+00:00,-1.002,-1.001999998,-1.000998999,False
2813358_2026-07-07T05:10:04.218818+00:00,-1.002,-1.002,-1.001,False
2813388_2026-07-07T05:25:50.045398+00:00,0.0184,0.018400016,0.01940800799999998,False
2813413_2026-07-07T05:40:04.630114+00:00,-0.001,-0.0009999979999999998,1.0010000000297472e-06,False
2813445_2026-07-07T05:55:05.220481+00:00,-1.002,-1.001999946,-1.0009729729999999,False
2814516_2026-07-07T06:10:13.090862+00:00,-1.002,-1.002000016,-1.001008008,False
2814558_2026-07-07T06:25:13.195054+00:00,0.085,0.08499991999999999,0.08595995999999993,False
2814582_2026-07-07T06:40:12.197466+00:00,0.0289,0.028900054,0.029927027000000037,False
2814729_2026-07-07T06:55:13.633686+00:00,0.0289,0.028900054,0.029927027000000037,False
2814755_2026-07-07T07:10:12.198656+00:00,1.2202,1.22020002,1.22121001,False
2814788_2026-07-07T07:25:12.215488+00:00,-1.002,-1.002,-1.001,False
2814822_2026-07-07T07:40:13.058882+00:00,-1.002,-1.0020000018,-1.0010009008999998,False
2815030_2026-07-07T07:55:13.228579+00:00,-1.002,-1.001999998,-1.000998999,False
2815051_2026-07-07T08:10:12.216887+00:00,2.3313,2.33130002,2.33231001,False
2815104_2026-07-07T08:25:12.189395+00:00,-1.002,-1.00200004,-1.00102002,False
2815146_2026-07-07T08:40:11.679898+00:00,0.6929,0.692900018,0.6939090090000001,False
2815176_2026-07-07T08:55:11.784950+00:00,5.248,5.248,5.249,False
2815225_2026-07-07T09:10:13.503398+00:00,0.0618,0.06180005599999999,0.0628280280000001,False
2815297_2026-07-07T09:25:13.330033+00:00,-1.002,-1.001999992,-1.0009959959999999,False
2815325_2026-07-07T09:40:12.575209+00:00,0.1091,0.10910002,0.11011000999999992,False
2815421_2026-07-07T09:55:11.736162+00:00,-1.002,-1.002000012,-1.0010060060000001,False
2815515_2026-07-07T10:10:12.715945+00:00,0.0,8.000000000125962e-09,0.0010040040000000058,False
2815542_2026-07-07T10:25:11.744131+00:00,-1.002,-1.00200005,-1.001025025,False
2815631_2026-07-07T10:40:13.298677+00:00,-1.002,-1.002000016,-1.0010080080000001,False
2815889_2026-07-07T10:55:12.294957+00:00,-1.002,-1.002,-1.001,False
2815920_2026-07-07T11:10:11.711276+00:00,-1.002,-1.002,-1.001,False
2815949_2026-07-07T11:25:12.600176+00:00,0.1091,0.10910002,0.11011000999999992,False
2816077_2026-07-07T11:40:12.163375+00:00,1.2707,1.270700024,1.2717120119999998,False
2816146_2026-07-07T11:55:13.065042+00:00,0.0733,0.073299942,0.07427097099999987,False
2816478_2026-07-07T12:10:13.517475+00:00,0.0,8.000000000125962e-09,0.0010040040000000058,False
2816538_2026-07-07T12:25:12.242116+00:00,-1.002,-1.002,-1.001,False
2816581_2026-07-07T12:40:13.579305+00:00,-1.002,-1.0020000016,-1.0010008007999998,False
2816855_2026-07-07T12:55:13.165648+00:00,-1.002,-1.002,-1.001,False
2816979_2026-07-07T13:10:12.203991+00:00,-1.002,-1.001999998,-1.000998999,False
2817019_2026-07-07T13:25:58.037488+00:00,-1.002,-1.002,-1.001,False
2817049_2026-07-07T13:40:14.099103+00:00,1.5621,1.562100002,1.563101001,False
2817320_2026-07-07T13:55:12.260040+00:00,-1.002,-1.002000016,-1.0010080080000001,False
2817364_2026-07-07T14:10:11.707675+00:00,-1.002,-1.00200004,-1.00102002,False
2817624_2026-07-07T14:25:11.684086+00:00,1.0813,1.081300032,1.082316016,False
2817670_2026-07-07T14:40:13.100713+00:00,-1.002,-1.001999998,-1.000998999,False
2817739_2026-07-07T14:55:12.200452+00:00,0.004,0.004000072,0.0050360360000000414,False
2817801_2026-07-07T15:10:12.699152+00:00,-1.002,-1.001999998,-1.000998999,False
2817894_2026-07-07T15:25:13.375378+00:00,0.0081,0.008100002,0.009101001000000027,False
2817936_2026-07-07T15:40:12.124685+00:00,0.5132,0.513199936,0.5141679680000001,False
2819129_2026-07-07T15:55:12.682965+00:00,0.1091,0.10910002,0.11011000999999992,False
2819131_2026-07-07T16:10:11.664857+00:00,-1.002,-1.001999984,-1.000991992,False
2819190_2026-07-07T16:25:12.660946+00:00,0.0397,0.039699936,0.04066796800000004,False
2819236_2026-07-07T16:40:13.372550+00:00,0.3494,0.34939992799999997,0.350363964,False
2819397_2026-07-07T16:55:13.333488+00:00,-1.002,-1.002000016,-1.0010080080000001,False
2820152_2026-07-07T17:10:12.940546+00:00,0.1474,0.147400044,0.14842202200000004,False
2820190_2026-07-07T17:25:12.883357+00:00,0.2967,0.296700002,0.297701001,False
2820241_2026-07-07T17:40:13.414718+00:00,1.0388,1.038800016,1.039808008,False
2820485_2026-07-07T17:55:11.790298+00:00,-1.002,-1.002000016,-1.0010080080000001,False
2820642_2026-07-07T18:10:12.270392+00:00,-1.002,-1.001999998,-1.000998999,False
2820710_2026-07-07T18:25:13.413214+00:00,-1.002,-1.002000054,-1.001027027,False
2820742_2026-07-07T18:40:14.343985+00:00,0.2326,0.232599948,0.23357397399999985,False
2820855_2026-07-07T18:55:12.126575+00:00,-1.002,-1.002,-1.001,False
2821212_2026-07-07T19:10:14.222238+00:00,-1.002,-1.002000016,-1.0010080080000001,False
2821239_2026-07-07T19:25:13.457751+00:00,0.6929,0.692900018,0.6939090090000001,False
2821272_2026-07-07T19:40:59.227142+00:00,0.001,0.0010000180000000005,0.00200900900000004,False
2821334_2026-07-07T19:55:11.803548+00:00,0.4473,0.447299966,0.4482829830000001,False
2821386_2026-07-07T20:10:11.705060+00:00,-1.002,-1.002000004,-1.001002002,False
2821421_2026-07-07T20:25:11.757231+00:00,-1.002,-1.001999988,-1.000993994,False
2821466_2026-07-07T20:40:12.728496+00:00,-1.002,-1.002000016,-1.0010080080000001,False
2821660_2026-07-07T20:55:11.794065+00:00,3.3458,3.3458000119999998,3.3468060060000004,False
2821811_2026-07-07T21:10:13.971964+00:00,0.0618,0.06180005599999999,0.0628280280000001,False
2821972_2026-07-07T21:25:13.500640+00:00,-1.002,-1.002,-1.001,False
2822058_2026-07-07T21:40:12.435673+00:00,-1.002,-1.001999998,-1.000998999,False
2822277_2026-07-07T21:55:12.369491+00:00,0.1091,0.10910002,0.11011000999999992,False
2822754_2026-07-07T22:10:12.848667+00:00,1.9392,1.939199984,1.9401919919999997,False
2822881_2026-07-07T22:25:13.506440+00:00,2.5694,2.5694000160000003,2.570408008,False
2822940_2026-07-07T22:40:12.844178+00:00,0.0101,0.0101000904,0.011145245199999968,False
2823000_2026-07-07T22:55:12.275653+00:00,-1.002,-1.002,-1.001,False
2824178_2026-07-07T23:10:11.697427+00:00,0.0506,0.05060006,0.05163003000000006,False
2824219_2026-07-07T23:25:11.760945+00:00,1.1719,1.171900012,1.172906006,False
2824251_2026-07-07T23:40:12.823317+00:00,-1.002,-1.001999998,-1.000998999,False
2824332_2026-07-07T23:55:12.988291+00:00,-1.002,-1.002,-1.001,False
2824390_2026-07-08T00:10:12.583456+00:00,0.0081,0.008100002,0.009101001000000027,False
2824430_2026-07-08T00:25:12.290392+00:00,0.0289,0.028900054,0.029927027000000037,False
2824475_2026-07-08T00:40:11.781453+00:00,0.1344,0.134399936,0.13536796800000003,False
2824552_2026-07-08T00:55:13.907085+00:00,-1.002,-1.002000004,-1.001002002,False
2824599_2026-07-08T01:10:12.366836+00:00,11.498,11.498,11.499,False
2824632_2026-07-08T01:25:13.924565+00:00,-1.002,-1.002000016,-1.0010080080000001,False
2824684_2026-07-08T01:40:12.961056+00:00,-1.002,-1.002,-1.001,False
2824755_2026-07-08T01:55:15.726659+00:00,-1.002,-1.002,-1.001,False
2824983_2026-07-08T02:10:11.716856+00:00,-1.002,-1.002,-1.001,False
2825018_2026-07-08T02:25:12.343151+00:00,-1.002,-1.002000072,-1.001036036,False
2825118_2026-07-08T02:40:12.305456+00:00,5.6647,5.66469999,5.665694995,False
2825198_2026-07-08T02:55:13.979246+00:00,1.437,1.4370000200000002,1.4380100100000002,False
2825252_2026-07-08T03:10:12.187135+00:00,0.2638,0.26380003599999996,0.264818018,False
2825296_2026-07-08T03:25:13.702773+00:00,-1.002,-1.002,-1.001,False
2825329_2026-07-08T03:40:12.654007+00:00,-1.002,-1.002,-1.001,False
2825388_2026-07-08T03:55:57.756056+00:00,-1.002,-1.0019999998,-1.0009998998999998,False
2826127_2026-07-08T04:10:13.288108+00:00,0.0733,0.073299942,0.07427097099999987,False
2826151_2026-07-08T04:25:12.811210+00:00,0.0397,0.039699936,0.04066796800000004,False
2826271_2026-07-08T04:40:11.684313+00:00,-1.002,-1.0020000008,-1.0010004004,False
2826343_2026-07-08T04:55:12.925314+00:00,2.8442,2.844199976,2.8451879879999997,False
2827504_2026-07-08T05:10:11.663884+00:00,-1.002,-1.002000016,-1.0010080080000001,False
2827533_2026-07-08T05:25:12.161828+00:00,-1.002,-1.001999998,-1.0009989990000001,False
2827769_2026-07-08T05:40:13.886431+00:00,-1.002,-1.002,-1.001,False
2827832_2026-07-08T05:55:13.133697+00:00,0.3869,0.38689998400000003,0.387891992,False
2827880_2026-07-08T06:10:14.446914+00:00,-1.002,-1.002,-1.001,False
2827910_2026-07-08T06:25:13.267593+00:00,-1.002,-1.00200007,-1.001035035,False
2827938_2026-07-08T06:40:12.747761+00:00,-1.002,-1.002000004,-1.001002002,False
2827998_2026-07-08T06:55:11.776327+00:00,0.0101,0.0101000904,0.011145245199999968,False
2828048_2026-07-08T07:10:13.929785+00:00,4.8804,4.880399983999999,4.881391991999999,False
2828194_2026-07-08T07:25:12.680119+00:00,0.4266,0.42659996,0.4275799800000002,False
2828219_2026-07-08T07:40:11.650138+00:00,3.1647,3.164699984,3.1656919919999997,False
2828290_2026-07-08T07:55:12.242796+00:00,0.1216,0.121599992,0.12259599600000004,False
2828608_2026-07-08T08:25:13.574067+00:00,-1.002,-1.002,-1.001,False
2828633_2026-07-08T08:40:12.160830+00:00,-1.002,-1.001999992,-1.0009959959999999,False
2828697_2026-07-08T08:55:12.715822+00:00,-1.002,-1.002000064,-1.0010320320000001,False
2828751_2026-07-08T09:10:12.236516+00:00,-1.002,-1.002000024,-1.0010120120000001,False
2828786_2026-07-08T09:25:14.011298+00:00,3.3458,3.3458000119999998,3.3468060060000004,False
2828819_2026-07-08T09:40:12.124207+00:00,0.0289,0.028900054,0.029927027000000037,False
2829135_2026-07-08T09:55:12.191051+00:00,-1.002,-1.002,-1.001,False
2829315_2026-07-08T10:10:11.730447+00:00,-1.002,-1.002,-1.001,False
2829348_2026-07-08T10:25:12.208145+00:00,0.1091,0.10910002,0.11011000999999992,False
2829431_2026-07-08T10:40:12.295348+00:00,0.4065,0.40649992999999995,0.40746496500000007,False
2829497_2026-07-08T10:55:11.795644+00:00,0.3679,0.36789994600000003,0.3688729729999999,False
2830130_2026-07-08T11:10:15.260222+00:00,-1.002,-1.002000016,-1.0010080080000001,False
2830164_2026-07-08T11:25:13.550638+00:00,2.3313,2.33130002,2.33231001,False
2830197_2026-07-08T11:40:13.888500+00:00,0.4065,0.40649992999999995,0.40746496500000007,False
2830265_2026-07-08T11:55:13.342396+00:00,-1.002,-1.001999984,-1.000991992,False
2830679_2026-07-08T12:10:13.995499+00:00,0.0733,0.073299942,0.07427097099999987,False
2830700_2026-07-08T12:25:11.833656+00:00,-1.002,-1.002,-1.001,False
2830751_2026-07-08T12:40:13.486665+00:00,-1.002,-1.002,-1.001,False
2830808_2026-07-08T12:55:12.235159+00:00,-1.002,-1.002000016,-1.0010080080000001,False
2830872_2026-07-08T13:10:13.096765+00:00,-1.002,-1.002000008,-1.0010040040000001,False
2830920_2026-07-08T13:25:11.708788+00:00,-1.002,-1.002,-1.001,False
2830966_2026-07-08T13:40:12.400645+00:00,0.0081,0.008100002,0.009101001000000027,False
2831036_2026-07-08T13:55:12.208012+00:00,-1.002,-1.002,-1.001,False
2831086_2026-07-08T14:10:12.196449+00:00,0.1216,0.121599992,0.12259599600000004,False
2831121_2026-07-08T14:25:11.735258+00:00,-1.002,-1.001999998,-1.000998999,False
2831231_2026-07-08T14:40:12.611816+00:00,-1.002,-1.002000016,-1.0010080080000001,False
2832195_2026-07-08T14:55:13.168756+00:00,-1.002,-1.002000016,-1.0010080080000001,False
2832274_2026-07-08T15:10:12.594835+00:00,-1.002,-1.002,-1.001,False
2832377_2026-07-08T15:25:12.759456+00:00,2.0283,2.028300002,2.029301001,False
2832962_2026-07-08T15:40:13.547946+00:00,-1.002,-1.001999968,-1.0009839839999999,False
2833041_2026-07-08T15:55:57.295860+00:00,0.0733,0.073299942,0.07427097099999987,False
2833360_2026-07-08T16:10:11.975978+00:00,0.0081,0.008100002,0.009101001000000027,False
2833407_2026-07-08T16:25:13.944362+00:00,0.0506,0.05060006,0.05163003000000006,False
2834505_2026-07-08T17:10:32.854685+00:00,-1.002,-1.002000024,-1.0010120120000001,False
2834535_2026-07-08T17:25:40.745677+00:00,0.0091,0.0091000442,0.010122122100000023,False
2834584_2026-07-08T17:40:07.165721+00:00,-1.002,-1.001999968,-1.0009839839999999,False
2834659_2026-07-08T17:55:51.102616+00:00,-1.002,-1.0019999998,-1.0009998999,False
2834850_2026-07-08T18:10:08.901313+00:00,0.1216,0.121599992,0.12259599600000004,False
2834890_2026-07-08T18:25:07.286040+00:00,-1.002,-1.002000016,-1.0010080080000001,False
2834924_2026-07-08T18:40:08.217444+00:00,-1.002,-1.002,-1.001,False
2834998_2026-07-08T18:55:07.092516+00:00,0.0397,0.039699936,0.04066796800000004,False
2835204_2026-07-08T19:10:07.093143+00:00,-1.002,-1.001999984,-1.000991992,False
2835407_2026-07-08T19:40:07.637658+00:00,0.5132,0.513199936,0.5141679680000001,False
2835497_2026-07-08T19:55:06.572453+00:00,-1.002,-1.002000012,-1.0010060060000001,False
2835549_2026-07-08T20:10:09.050715+00:00,-1.002,-1.001999984,-1.0009919919999999,False
2835605_2026-07-08T20:25:07.064612+00:00,2.8442,2.844199976,2.8451879879999997,False
2835774_2026-07-08T20:40:07.539690+00:00,-1.002,-1.002,-1.001,False
2835984_2026-07-08T20:55:07.550660+00:00,-1.002,-1.001999998,-1.000998999,False
2836129_2026-07-08T21:10:07.646935+00:00,-1.002,-1.001999998,-1.0009989990000001,False
2836165_2026-07-08T21:25:06.444878+00:00,0.1474,0.147400044,0.14842202200000004,False
2836324_2026-07-08T21:40:07.213815+00:00,-1.002,-1.002000064,-1.0010320320000001,False
2836432_2026-07-08T21:55:06.667499+00:00,0.0397,0.039699936,0.04066796800000004,False
2836907_2026-07-08T22:10:09.265548+00:00,0.2801,0.280099924,0.28106196200000005,False
2836934_2026-07-08T22:25:07.065433+00:00,0.0506,0.05060006,0.05163003000000006,False
2836968_2026-07-08T22:40:08.098515+00:00,1.6296,1.629599984,1.630591992,False
2837050_2026-07-08T22:55:07.627206+00:00,18.998,18.998,18.999,False
2839150_2026-07-08T23:10:07.635637+00:00,-1.002,-1.00200002,-1.00101001,False
2839217_2026-07-08T23:25:06.165497+00:00,-1.002,-1.001999998,-1.000998999,False
2839314_2026-07-08T23:40:08.316982+00:00,-1.002,-1.002,-1.001,False
2839454_2026-07-08T23:55:07.617409+00:00,0.1344,0.134399936,0.13536796800000003,False
2839597_2026-07-09T00:25:07.585925+00:00,-1.002,-1.001999998,-1.000998999,False
2839628_2026-07-09T00:40:08.346590+00:00,2.3313,2.33130002,2.33231001,False
2839776_2026-07-09T00:55:07.374403+00:00,-1.002,-1.002000004,-1.001002002,False
2839894_2026-07-09T01:10:07.384869+00:00,0.001,0.0010000180000000005,0.00200900900000004,False
2839982_2026-07-09T01:25:06.905801+00:00,-1.002,-1.002,-1.001,False
2840044_2026-07-09T01:40:07.233622+00:00,-1.002,-1.001999998,-1.000998999,False
2840172_2026-07-09T01:55:08.005272+00:00,-1.002,-1.001999998,-1.000998999,False
2840389_2026-07-09T02:10:07.179768+00:00,0.0733,0.073299942,0.07427097099999987,False
2840450_2026-07-09T02:25:08.245020+00:00,-1.002,-1.002000016,-1.0010080080000001,False
2840488_2026-07-09T02:40:07.244146+00:00,-1.002,-1.002,-1.001,False
2840619_2026-07-09T02:55:06.134089+00:00,-1.002,-1.001999998,-1.000998999,False
2840662_2026-07-09T03:10:08.158349+00:00,0.6647,0.66469996,0.6656799800000002,False
2840692_2026-07-09T03:25:06.642350+00:00,0.2638,0.26380003599999996,0.264818018,False
2840720_2026-07-09T03:40:06.197019+00:00,0.2326,0.232599948,0.23357397399999985,False
2840790_2026-07-09T03:55:06.706642+00:00,-1.002,-1.001999988,-1.000993994,False
2841292_2026-07-09T04:10:08.687896+00:00,0.0289,0.028900054,0.029927027000000037,False
2841347_2026-07-09T04:25:09.438766+00:00,0.9588,0.958799984,0.9597919920000001,False
2841441_2026-07-09T04:40:09.937687+00:00,0.002,0.002000032,0.00301601600000002,False
2841504_2026-07-09T04:55:08.688089+00:00,0.1608,0.160799984,0.16179199200000005,False
2842842_2026-07-09T06:10:08.427895+00:00,-1.002,-1.002000016,-1.0010080080000001,False
2842982_2026-07-09T06:25:08.422538+00:00,0.1216,0.121599992,0.12259599600000004,False
2843512_2026-07-09T07:25:02.902377+00:00,-1.002,-1.001999992,-1.0009959959999999,False
2843543_2026-07-09T07:40:02.434720+00:00,11.498,11.498,11.499,False
2843603_2026-07-09T07:55:01.963998+00:00,-1.002,-1.001999964,-1.000981982,False
2843659_2026-07-09T08:10:01.550831+00:00,-1.002,-1.002000016,-1.0010080080000001,False
2843698_2026-07-09T08:25:01.606519+00:00,0.1474,0.147400044,0.14842202200000004,False
2843736_2026-07-09T08:40:03.373836+00:00,-1.002,-1.00200004,-1.00102002,False
2843822_2026-07-09T08:55:02.067930+00:00,-1.002,-1.0019999956,-1.0009977978,False
2843867_2026-07-09T09:10:02.976592+00:00,-1.002,-1.002000016,-1.0010080080000001,False
2843903_2026-07-09T09:25:03.020563+00:00,2.4463,2.446299986,2.4472929930000005,False
2843941_2026-07-09T09:40:03.723479+00:00,-1.002,-1.001999956,-1.0009779779999999,False
2844041_2026-07-09T09:55:01.503310+00:00,0.0184,0.018400016,0.01940800799999998,False
2844178_2026-07-09T10:10:02.543748+00:00,0.1885,0.18849996,0.18947998,False
2844200_2026-07-09T10:25:01.132238+00:00,-1.002,-1.002,-1.001,False
2844280_2026-07-09T10:40:02.173956+00:00,0.3313,0.33130005,0.332325025,False
2844372_2026-07-09T10:55:01.946200+00:00,-1.002,-1.002,-1.001,False
2844828_2026-07-09T11:10:01.724512+00:00,1.2707,1.270700024,1.2717120119999998,False
2844957_2026-07-09T11:25:46.736439+00:00,-1.002,-1.001999998,-1.0009989990000001,False
2844995_2026-07-09T11:40:48.230318+00:00,-1.002,-1.002,-1.001,False
2845150_2026-07-09T11:55:01.114728+00:00,0.0618,0.06180005599999999,0.0628280280000001,False
2845384_2026-07-09T12:10:03.292183+00:00,-1.002,-1.001999964,-1.000981982,False
2845417_2026-07-09T12:25:02.542518+00:00,3.1647,3.164699984,3.1656919919999997,False
2845456_2026-07-09T12:40:04.084490+00:00,-1.002,-1.002000058,-1.0010290290000001,False
2845540_2026-07-09T12:55:02.893175+00:00,0.4065,0.40649992999999995,0.40746496500000007,False
2845594_2026-07-09T13:10:48.067501+00:00,0.002,0.002000032,0.00301601600000002,False
2845659_2026-07-09T13:25:14.527701+00:00,-1.002,-1.001999992,-1.0009959959999999,False
2845706_2026-07-09T13:40:16.045987+00:00,0.8499,0.849899948,0.850873974,False
2845826_2026-07-09T13:55:14.366962+00:00,0.6373,0.637300054,0.638327027,False
2845867_2026-07-09T14:10:13.967950+00:00,-1.002,-1.001999998,-1.0009989990000001,False
2845907_2026-07-09T14:25:14.801735+00:00,-1.002,-1.001999998,-1.0009989990000001,False
2845944_2026-07-09T14:40:14.079822+00:00,0.3138,0.31379998400000003,0.3147919920000001,False
2846031_2026-07-09T14:55:16.033595+00:00,0.5853,0.5853000020000001,0.5863010009999999,False
2846068_2026-07-09T15:10:15.624294+00:00,0.0506,0.05060006,0.05163003000000006,False
2846110_2026-07-09T15:25:14.453227+00:00,-1.002,-1.002000052,-1.0010260260000001,False
2846235_2026-07-09T15:55:58.696529+00:00,-1.002,-1.001999998,-1.000998999,False
2846619_2026-07-09T16:10:15.630652+00:00,-1.002,-1.00199998,-1.00098999,False
2846652_2026-07-09T16:25:13.926041+00:00,-1.002,-1.002,-1.001,False
2846689_2026-07-09T16:40:14.474125+00:00,0.1885,0.18849996,0.18947998,False
2847874_2026-07-09T16:55:13.349049+00:00,-1.002,-1.002000016,-1.001008008,False
2848705_2026-07-09T17:10:14.440585+00:00,0.3869,0.38689998400000003,0.387891992,False
2848967_2026-07-09T17:25:14.461273+00:00,0.0495,0.049500047,0.050523523500000056,False
2848999_2026-07-09T17:40:13.583519+00:00,0.0184,0.018400016,0.01940800799999998,False
2849116_2026-07-09T17:55:14.755316+00:00,0.0733,0.073299942,0.07427097099999987,False
2849273_2026-07-09T18:10:14.485270+00:00,0.0184,0.018400016,0.01940800799999998,False
2849336_2026-07-09T18:25:15.650937+00:00,-1.002,-1.002000012,-1.0010060060000001,False
2849361_2026-07-09T18:40:14.477620+00:00,-1.002,-1.001999998,-1.000998999,False
2849639_2026-07-09T19:10:15.478681+00:00,-1.002,-1.002000054,-1.001027027,False
2849675_2026-07-09T19:25:15.332867+00:00,1.379,1.37899996,1.3799799799999999,False
2849723_2026-07-09T19:40:14.999325+00:00,1.2202,1.22020002,1.22121001,False
2849831_2026-07-09T19:55:13.864271+00:00,-1.002,-1.002000004,-1.001002002,False
2850098_2026-07-09T20:10:13.329273+00:00,-1.002,-1.001999996,-1.0009979979999999,False
2850230_2026-07-09T20:25:14.408218+00:00,0.085,0.08499991999999999,0.08595995999999993,False
2850375_2026-07-09T20:40:13.358265+00:00,0.3869,0.38689998400000003,0.387891992,False
2850461_2026-07-09T20:55:14.672189+00:00,-1.002,-1.001999998,-1.000998999,False
2850594_2026-07-09T21:10:13.518731+00:00,0.0969,0.096900002,0.09790100100000002,False
2850821_2026-07-09T21:25:15.991720+00:00,-1.002,-1.001999998,-1.0009989990000001,False
2850909_2026-07-09T21:40:15.190901+00:00,-1.002,-1.002,-1.001,False
2850966_2026-07-09T21:55:13.291698+00:00,0.1885,0.18849996,0.18947998,False
2851302_2026-07-09T22:10:13.841007+00:00,-1.002,-1.002000052,-1.0010260260000001,False
2851449_2026-07-09T22:25:14.407533+00:00,0.0081,0.008100002,0.009101001000000027,False
2851488_2026-07-09T22:40:13.312003+00:00,6.6903,6.690300002000001,6.691301001,False
2851574_2026-07-09T22:55:13.804140+00:00,-1.002,-1.002,-1.001,False
2852759_2026-07-09T23:10:15.503891+00:00,-1.002,-1.001999984,-1.000991992,False
2852792_2026-07-09T23:25:14.830613+00:00,0.0733,0.073299942,0.07427097099999987,False
2852869_2026-07-09T23:40:59.675047+00:00,0.1216,0.121599992,0.12259599600000004,False
2852944_2026-07-09T23:55:13.996777+00:00,-1.002,-1.002,-1.001,False
2852998_2026-07-10T00:10:15.975908+00:00,-1.002,-1.002000014,-1.001007007,False
2854848_2026-07-10T04:25:41.991576+00:00,-1.002,-1.002,-1.001,False
2854951_2026-07-10T04:40:42.981891+00:00,0.002,0.002000032,0.00301601600000002,False
2855007_2026-07-10T04:55:21.461508+00:00,-1.002,-1.002000016,-1.0010080080000001,False
2855934_2026-07-10T05:10:22.334476+00:00,-1.002,-1.002,-1.001,False
2856000_2026-07-10T05:25:21.818259+00:00,-1.002,-1.001999976,-1.0009879879999999,False
2856022_2026-07-10T05:40:20.797858+00:00,0.0081,0.008100002,0.009101001000000027,False
2856087_2026-07-10T05:55:20.875186+00:00,-1.002,-1.002,-1.001,False
2856488_2026-07-10T06:10:21.137573+00:00,-1.002,-1.002,-1.001,False
2856521_2026-07-10T06:25:22.703957+00:00,-1.002,-1.002,-1.001,False
2856539_2026-07-10T06:40:21.019713+00:00,-1.002,-1.002000016,-1.0010080080000001,False
2856608_2026-07-10T06:55:21.086532+00:00,-1.002,-1.002,-1.001,False
2856650_2026-07-10T07:10:22.622860+00:00,0.7221,0.7221000439999999,0.7231220220000001,False
2856684_2026-07-10T07:25:21.553587+00:00,0.0397,0.039699936,0.04066796800000004,False
2856728_2026-07-10T07:40:21.473184+00:00,-1.002,-1.001999998,-1.000998999,False
2856829_2026-07-10T07:55:22.438718+00:00,0.2028,0.20280003200000002,0.2038160160000001,False
2856919_2026-07-10T08:10:20.569016+00:00,0.1216,0.121599992,0.12259599600000004,False
2856970_2026-07-10T08:25:22.666139+00:00,0.0,8.000000000125962e-09,0.0010040040000000058,False
2857001_2026-07-10T08:40:21.183512+00:00,-1.002,-1.0020000002,-1.0010001000999997,False
2857348_2026-07-10T08:55:22.668839+00:00,0.6373,0.637300054,0.638327027,False
2857414_2026-07-10T09:10:20.581480+00:00,-1.002,-1.002000016,-1.0010080080000001,False
2857510_2026-07-10T09:40:20.564046+00:00,0.5365,0.53649995,0.5374749750000001,False
2857671_2026-07-10T09:55:22.724469+00:00,-1.002,-1.001999992,-1.0009959959999999,False
2857790_2026-07-10T10:10:21.620331+00:00,-1.002,-1.002,-1.001,False
2857831_2026-07-10T10:25:20.632448+00:00,0.0506,0.05060006,0.05163003000000006,False
2857871_2026-07-10T10:40:21.013475+00:00,1.6296,1.629599984,1.630591992,False
2857956_2026-07-10T10:55:20.560579+00:00,-1.002,-1.002,-1.001,False
2858486_2026-07-10T11:10:21.497608+00:00,0.9588,0.958799984,0.9597919920000001,False
2858570_2026-07-10T11:25:22.684417+00:00,-1.002,-1.002000016,-1.0010080080000001,False
2858600_2026-07-10T11:40:21.633899+00:00,-1.002,-1.002,-1.001,False
2858694_2026-07-10T11:55:20.637732+00:00,0.2967,0.296700002,0.297701001,False
2858997_2026-07-10T12:10:21.659529+00:00,1.7007,1.700700002,1.7017010010000002,False
2859045_2026-07-10T12:25:22.927276+00:00,-1.002,-1.001999998,-1.0009989990000001,False
2859073_2026-07-10T12:40:20.886047+00:00,-1.002,-1.002000004,-1.001002002,False
2859179_2026-07-10T12:55:21.277033+00:00,-1.002,-1.002000016,-1.0010080080000001,False
2859240_2026-07-10T13:10:20.852322+00:00,-1.002,-1.00200004,-1.00102002,False
2859312_2026-07-10T13:25:22.536558+00:00,-1.002,-1.002000016,-1.0010080080000001,False
2859502_2026-07-10T13:40:22.778849+00:00,0.1091,0.10910002,0.11011000999999992,False
2859665_2026-07-10T13:55:20.566224+00:00,0.085,0.08499991999999999,0.08595995999999993,False
2859707_2026-07-10T14:10:20.612635+00:00,-1.002,-1.001999998,-1.000998999,False
2859810_2026-07-10T14:25:21.012789+00:00,-1.002,-1.002000004,-1.001002002,False
2859919_2026-07-10T14:40:21.928267+00:00,-1.002,-1.001999968,-1.0009839839999999,False
2859985_2026-07-10T14:55:20.582530+00:00,-1.002,-1.002,-1.001,False
2860182_2026-07-10T15:10:21.488764+00:00,0.0397,0.039699936,0.04066796800000004,False
2860236_2026-07-10T15:25:21.742492+00:00,0.0081,0.008100002,0.009101001000000027,False
2860316_2026-07-10T15:40:22.477872+00:00,-1.002,-1.002,-1.001,False
2860394_2026-07-10T15:55:21.408937+00:00,0.1344,0.134399936,0.13536796800000003,False
2861208_2026-07-10T16:10:21.740500+00:00,2.2238,2.223800004,2.2248020019999997,False
2861299_2026-07-10T16:25:22.144233+00:00,-1.002,-1.002000012,-1.0010060060000001,False
2861515_2026-07-10T16:40:21.495439+00:00,-1.002,-1.002,-1.001,False
2861607_2026-07-10T16:55:21.008176+00:00,0.0268,0.0268000128,0.02780640640000001,False
2862644_2026-07-10T17:10:21.938424+00:00,-1.002,-1.002,-1.001,False
2862766_2026-07-10T17:25:20.562526+00:00,0.4905,0.49050004999999997,0.4915250249999999,False
2862813_2026-07-10T17:40:20.573421+00:00,-1.002,-1.001999998,-1.000998999,False
2862903_2026-07-10T17:55:20.656765+00:00,-1.002,-1.002000052,-1.0010260260000001,False
2863132_2026-07-10T18:25:22.739496+00:00,0.085,0.08499991999999999,0.08595995999999993,False
2863170_2026-07-10T18:40:21.467934+00:00,-1.002,-1.001999998,-1.0009989990000001,False
2863249_2026-07-10T18:55:21.167746+00:00,-1.002,-1.002,-1.001,False
2863525_2026-07-10T19:10:20.561217+00:00,0.0397,0.039699936,0.04066796800000004,False
2863580_2026-07-10T19:25:21.876741+00:00,-1.002,-1.001999992,-1.0009959959999999,False
2863613_2026-07-10T19:40:20.656774+00:00,0.001,0.0010000180000000005,0.00200900900000004,False
2863739_2026-07-10T19:55:21.804441+00:00,-1.002,-1.001999984,-1.000991992,False
2863784_2026-07-10T20:10:22.039139+00:00,-1.002,-1.002,-1.001,False
2863820_2026-07-10T20:25:20.554047+00:00,-1.002,-1.00199997,-1.0009849849999999,False
2863863_2026-07-10T20:40:22.189626+00:00,0.0081,0.008100002,0.009101001000000027,False
2863985_2026-07-10T20:55:21.638784+00:00,-1.002,-1.002000016,-1.0010080080000001,False
2864054_2026-07-10T21:10:20.567444+00:00,0.0506,0.05060006,0.05163003000000006,False
2864089_2026-07-10T21:25:20.561310+00:00,0.1216,0.121599992,0.12259599600000004,False
2864152_2026-07-10T21:40:21.166661+00:00,0.2638,0.26380003599999996,0.264818018,False
2864270_2026-07-10T21:55:22.485055+00:00,-1.002,-1.001999998,-1.0009989990000001,False
2864378_2026-07-10T22:10:21.777784+00:00,0.2801,0.280099924,0.28106196200000005,False
2864409_2026-07-10T22:25:20.563942+00:00,0.6373,0.637300054,0.638327027,False
2864460_2026-07-10T22:40:21.013079+00:00,-1.002,-1.00199998,-1.00098999,False
2864538_2026-07-10T22:55:21.677584+00:00,-1.002,-1.00200007,-1.001035035,False
2865017_2026-07-10T23:10:22.597843+00:00,18.998,18.998,18.999,False
2865053_2026-07-10T23:25:21.537101+00:00,0.0506,0.05060006,0.05163003000000006,False
2865088_2026-07-10T23:40:21.570910+00:00,0.8848,0.884799992,0.8857959959999999,False
2865165_2026-07-10T23:55:22.434899+00:00,-1.002,-1.002,-1.001,False
2865265_2026-07-11T00:10:21.514597+00:00,-1.002,-1.002,-1.001,False
2865305_2026-07-11T00:25:21.677617+00:00,0.248,0.248,0.249,False
2865396_2026-07-11T00:40:21.644802+00:00,6.6903,6.690300002000001,6.691301001,False
2865460_2026-07-11T00:55:20.561407+00:00,-1.002,-1.002000024,-1.0010120120000001,False
2865733_2026-07-11T01:10:22.687736+00:00,0.4905,0.49050004999999997,0.4915250249999999,False
2865809_2026-07-11T01:25:21.405866+00:00,0.0408,0.040799909599999996,0.04175475479999998,False
2866188_2026-07-11T01:55:22.535260+00:00,-1.002,-1.00199998,-1.0009899899999999,False
2866283_2026-07-11T02:10:21.432633+00:00,-1.002,-1.001999998,-1.000998999,False
2866420_2026-07-11T02:25:22.525011+00:00,1.0813,1.081300032,1.082316016,False
2866468_2026-07-11T02:40:22.471559+00:00,0.0184,0.018400016,0.01940800799999998,False
2866544_2026-07-11T02:55:21.485572+00:00,1.498,1.498,1.499,False
2866607_2026-07-11T03:10:21.053678+00:00,0.6929,0.692900018,0.6939090090000001,False
2866651_2026-07-11T03:25:21.524858+00:00,-1.002,-1.001999998,-1.0009989990000001,False
2866693_2026-07-11T03:40:22.492738+00:00,0.0506,0.05060006,0.05163003000000006,False
2866758_2026-07-11T03:55:21.470267+00:00,-1.002,-1.00200004,-1.00102002,False
2867247_2026-07-11T04:10:22.593062+00:00,-1.002,-1.001999998,-1.000998999,False
2867279_2026-07-11T04:25:21.052127+00:00,0.1091,0.10910002,0.11011000999999992,False
2867376_2026-07-11T04:40:21.266676+00:00,0.0397,0.039699936,0.04066796800000004,False
2867437_2026-07-11T04:55:21.024087+00:00,-1.002,-1.002,-1.001,False
2867574_2026-07-11T05:10:21.544611+00:00,0.2638,0.26380003599999996,0.264818018,False
2867717_2026-07-11T05:25:21.477941+00:00,0.1474,0.147400044,0.14842202200000004,False
2867744_2026-07-11T05:40:21.529285+00:00,-1.002,-1.001999988,-1.000993994,False
2867815_2026-07-11T05:55:22.462440+00:00,-1.002,-1.002000016,-1.001008008,False
2867851_2026-07-11T06:10:21.987399+00:00,0.0733,0.073299942,0.07427097099999987,False
2867902_2026-07-11T06:25:22.428911+00:00,0.0215,0.021500081,0.022540540500000074,False
2867931_2026-07-11T06:40:22.436484+00:00,-1.002,-1.00199998,-1.00098999,False
2868340_2026-07-11T06:55:21.998556+00:00,0.5605,0.5605,0.5615,False
2868382_2026-07-11T07:10:21.488914+00:00,-1.002,-1.002,-1.001,False
2868420_2026-07-11T07:25:21.517191+00:00,0.7221,0.7221000439999999,0.7231220220000001,False
2868443_2026-07-11T07:40:20.559431+00:00,-1.002,-1.001999996,-1.0009979979999999,False
2868545_2026-07-11T07:55:21.269024+00:00,-1.002,-1.00200001,-1.001005005,False
2868589_2026-07-11T08:10:20.637224+00:00,0.1885,0.18849996,0.18947998,False
2868653_2026-07-11T08:25:21.260815+00:00,0.1885,0.18849996,0.18947998,False
2868682_2026-07-11T08:40:20.857883+00:00,0.998,0.998,0.999,False
2868778_2026-07-11T08:55:21.034524+00:00,-1.002,-1.00200001,-1.001005005,False
2868832_2026-07-11T09:10:21.045439+00:00,-1.002,-1.002000016,-1.0010080080000001,False
2868869_2026-07-11T09:25:21.010717+00:00,0.0618,0.06180005599999999,0.0628280280000001,False
2868926_2026-07-11T09:40:22.431708+00:00,-1.002,-1.002000038,-1.001019019,False
2869062_2026-07-11T09:55:21.943890+00:00,-1.002,-1.002000016,-1.001008008,False
2869103_2026-07-11T10:10:21.924440+00:00,0.6929,0.692900018,0.6939090090000001,False
2869137_2026-07-11T10:25:22.031663+00:00,-1.002,-1.002,-1.001,False
2869173_2026-07-11T10:40:22.459711+00:00,-1.002,-1.001999998,-1.0009989990000001,False
2869265_2026-07-11T10:55:21.673946+00:00,0.0506,0.05060006,0.05163003000000006,False
2869355_2026-07-11T11:10:22.487225+00:00,0.7837,0.7837000159999999,0.784708008,False
2869406_2026-07-11T11:25:22.472788+00:00,-1.002,-1.001999998,-1.000998999,False
2869440_2026-07-11T11:40:21.492861+00:00,0.7524,0.752399984,0.7533919920000002,False
2869571_2026-07-11T11:55:21.067668+00:00,0.6109,0.610900004,0.6119020020000001,False
2870003_2026-07-11T12:10:22.428272+00:00,0.8162,0.81619998,0.8171899899999999,False
2870049_2026-07-11T12:25:22.478508+00:00,-1.002,-1.001999998,-1.0009989990000001,False
2870088_2026-07-11T12:40:22.061239+00:00,-1.002,-1.002,-1.001,False
2870194_2026-07-11T12:55:21.249282+00:00,0.0397,0.039699936,0.04066796800000004,False
2870243_2026-07-11T13:10:20.583852+00:00,-1.002,-1.002,-1.001,False
2870292_2026-07-11T13:25:22.218820+00:00,0.3494,0.34939992799999997,0.350363964,False
2870425_2026-07-11T13:40:22.904713+00:00,0.3869,0.38689998400000003,0.387891992,False
2870530_2026-07-11T13:55:21.173764+00:00,-1.002,-1.001999964,-1.000981982,False
2870587_2026-07-11T14:10:22.903182+00:00,0.1216,0.121599992,0.12259599600000004,False
2870669_2026-07-11T14:25:21.047637+00:00,0.0289,0.028900054,0.029927027000000037,False
2870721_2026-07-11T14:40:22.792819+00:00,0.085,0.08499991999999999,0.08595995999999993,False
2870923_2026-07-11T14:55:22.525548+00:00,-1.002,-1.002000012,-1.0010060060000001,False
2871073_2026-07-11T15:10:23.397299+00:00,0.1344,0.134399936,0.13536796800000003,False
2871107_2026-07-11T15:25:22.317639+00:00,-1.002,-1.002,-1.001,False
2871128_2026-07-11T15:40:20.619196+00:00,-1.002,-1.002,-1.001,False
2871221_2026-07-11T15:55:22.288655+00:00,0.2028,0.20280003200000002,0.2038160160000001,False
2871591_2026-07-11T16:10:21.189908+00:00,5.6647,5.66469999,5.665694995,False
2871760_2026-07-11T16:25:22.805835+00:00,0.1745,0.17449995,0.17547497499999995,False
2871822_2026-07-11T16:40:22.688090+00:00,-1.002,-1.002,-1.001,False
2871907_2026-07-11T16:55:21.127451+00:00,2.2238,2.223800004,2.2248020019999997,False
2872410_2026-07-11T17:10:22.150525+00:00,0.0733,0.073299942,0.07427097099999987,False
2872532_2026-07-11T17:25:22.287828+00:00,0.0397,0.039699936,0.04066796800000004,False
2872628_2026-07-11T17:40:21.163888+00:00,0.0618,0.06180005599999999,0.0628280280000001,False
2872733_2026-07-11T17:55:20.609710+00:00,-1.002,-1.001999998,-1.000998999,False
2873037_2026-07-11T18:10:20.619931+00:00,-1.002,-1.00200002,-1.0010100100000001,False
2873072_2026-07-11T18:25:20.609222+00:00,0.0618,0.06180005599999999,0.0628280280000001,False
2873116_2026-07-11T18:40:21.761146+00:00,2.998,2.998,2.999,False
2873217_2026-07-11T18:55:22.926982+00:00,-1.002,-1.002,-1.001,False
2873452_2026-07-11T19:10:22.176966+00:00,-1.002,-1.002000014,-1.001007007,False
2873497_2026-07-11T19:25:22.900535+00:00,-1.002,-1.002000016,-1.0010080080000001,False
2873515_2026-07-11T19:40:20.632923+00:00,0.1344,0.134399936,0.13536796800000003,False
2873689_2026-07-11T19:55:21.946739+00:00,0.2175,0.21750002,0.2185100100000001,False
2873767_2026-07-11T20:10:22.537078+00:00,0.3313,0.33130005,0.332325025,False
2873805_2026-07-11T20:25:21.904046+00:00,0.4065,0.40649992999999995,0.40746496500000007,False
2873843_2026-07-11T20:40:21.341164+00:00,0.4266,0.42659996,0.4275799800000002,False
2873925_2026-07-11T20:55:21.704015+00:00,-1.002,-1.002000016,-1.0010080080000001,False
2873969_2026-07-11T21:10:22.185689+00:00,-1.002,-1.00199998,-1.0009899899999999,False
2874022_2026-07-11T21:25:22.252231+00:00,0.2028,0.20280003200000002,0.2038160160000001,False
2874061_2026-07-11T21:40:22.869213+00:00,-1.002,-1.002000016,-1.0010080080000001,False
2874156_2026-07-11T21:55:21.203660+00:00,1.2202,1.22020002,1.22121001,False
2874932_2026-07-11T22:10:20.607850+00:00,0.2638,0.26380003599999996,0.264818018,False
2875009_2026-07-11T22:25:22.809638+00:00,-1.002,-1.001999998,-1.000998999,False
2875130_2026-07-11T22:40:20.611694+00:00,-1.002,-1.002000024,-1.0010120120000001,False
2875223_2026-07-11T22:55:22.850431+00:00,-1.002,-1.00200001,-1.001005005,False
2876110_2026-07-11T23:10:22.881198+00:00,-1.002,-1.002,-1.001,False
2876152_2026-07-11T23:25:22.908671+00:00,-1.002,-1.002,-1.001,False
2876181_2026-07-11T23:40:21.142402+00:00,3.5435,3.54349998,3.54448999,False
2876250_2026-07-11T23:55:20.611182+00:00,-1.002,-1.002,-1.001,False
2876307_2026-07-12T00:10:20.877301+00:00,-1.002,-1.001999976,-1.0009879879999999,False
2876372_2026-07-12T00:25:21.745837+00:00,0.1474,0.147400044,0.14842202200000004,False
2876441_2026-07-12T00:40:21.198382+00:00,-1.002,-1.001999998,-1.000998999,False
2876517_2026-07-12T00:55:21.130768+00:00,0.1091,0.10910002,0.11011000999999992,False
2876742_2026-07-12T01:10:21.759784+00:00,0.0081,0.008100002,0.009101001000000027,False
2876788_2026-07-12T01:25:22.392714+00:00,0.1474,0.147400044,0.14842202200000004,False
2876822_2026-07-12T01:40:22.155159+00:00,0.0,8.000000000125962e-09,0.0010040040000000058,False
2876890_2026-07-12T01:55:20.622543+00:00,-1.002,-1.001999988,-1.000993994,False
2876938_2026-07-12T02:10:21.649409+00:00,-1.002,-1.001999998,-1.000998999,False
2876971_2026-07-12T02:25:21.656365+00:00,0.0618,0.06180005599999999,0.0628280280000001,False
2877000_2026-07-12T02:40:21.072984+00:00,-1.002,-1.002000024,-1.0010120120000001,False
2877086_2026-07-12T02:55:21.676696+00:00,-1.002,-1.001999982,-1.0009909909999999,False
2877140_2026-07-12T03:10:22.592411+00:00,6.6903,6.690300002000001,6.691301001,False
2877170_2026-07-12T03:25:21.786482+00:00,0.2028,0.20280003200000002,0.2038160160000001,False
2877200_2026-07-12T03:40:22.439168+00:00,0.2801,0.280099924,0.28106196200000005,False
2877311_2026-07-12T03:55:22.820208+00:00,1.7758,1.775799984,1.776791992,False
2877992_2026-07-12T04:10:21.202643+00:00,-1.002,-1.001999998,-1.0009989990000001,False
2878021_2026-07-12T04:25:20.629348+00:00,-1.002,-1.002,-1.001,False
2878180_2026-07-12T04:40:21.255704+00:00,-1.002,-1.0020000008,-1.0010004004,False
2878284_2026-07-12T04:55:21.212991+00:00,-1.002,-1.002,-1.001,False
2878684_2026-07-12T05:10:21.083517+00:00,-1.002,-1.00200004,-1.00102002,False
2878725_2026-07-12T05:25:21.100540+00:00,-1.002,-1.001999998,-1.000998999,False
2878814_2026-07-12T05:40:21.024345+00:00,0.0289,0.028900054,0.029927027000000037,False
2878885_2026-07-12T05:55:21.692623+00:00,-1.002,-1.002000064,-1.0010320320000001,False
2878922_2026-07-12T06:10:22.214876+00:00,-1.002,-1.001999998,-1.000998999,False
2878952_2026-07-12T06:25:21.652806+00:00,-1.002,-1.002000052,-1.0010260260000001,False
2878989_2026-07-12T06:40:20.601832+00:00,0.0205,0.02049999,0.021494994999999933,False
2879400_2026-07-12T06:55:22.866151+00:00,-1.002,-1.002000016,-1.0010080080000001,False
2879424_2026-07-12T07:10:20.582317+00:00,0.0618,0.06180005599999999,0.0628280280000001,False
2879453_2026-07-12T07:25:21.080246+00:00,0.0289,0.028900054,0.029927027000000037,False
2879484_2026-07-12T07:40:21.699306+00:00,0.9211,0.921099976,0.9220879879999999,False
2879569_2026-07-12T07:55:22.018428+00:00,0.4266,0.42659996,0.4275799800000002,False
2879599_2026-07-12T08:10:20.827451+00:00,0.0184,0.018400016,0.01940800799999998,False
2879643_2026-07-12T08:25:21.737703+00:00,-1.002,-1.001999998,-1.000998999,False
2879671_2026-07-12T08:40:20.560248+00:00,0.9211,0.921099976,0.9220879879999999,False
2879765_2026-07-12T08:55:22.037600+00:00,-1.002,-1.001999998,-1.0009989990000001,False
2879811_2026-07-12T09:10:22.566508+00:00,-1.002,-1.001999998,-1.000998999,False
2879836_2026-07-12T09:25:21.133804+00:00,-1.002,-1.002,-1.001,False
2879881_2026-07-12T09:40:21.273843+00:00,0.001,0.0010000180000000005,0.00200900900000004,False
2879943_2026-07-12T09:55:20.636079+00:00,-1.002,-1.002000024,-1.0010120120000001,False
2880147_2026-07-12T10:10:23.079314+00:00,-1.002,-1.002,-1.001,False
2880251_2026-07-12T10:25:21.870856+00:00,-1.002,-1.001999998,-1.000998999,False
2880340_2026-07-12T10:40:20.786887+00:00,-1.002,-1.002000016,-1.0010080080000001,False
2880579_2026-07-12T10:55:21.850548+00:00,-1.002,-1.001999976,-1.0009879879999999,False
2880613_2026-07-12T11:10:21.911563+00:00,-1.002,-1.001999984,-1.0009919919999999,False
2880686_2026-07-12T11:25:22.867081+00:00,0.0506,0.05060006,0.05163003000000006,False
2880735_2026-07-12T11:40:21.961731+00:00,0.0101,0.0101000904,0.011145245199999968,False
2880799_2026-07-12T11:55:20.562325+00:00,0.4473,0.447299966,0.4482829830000001,False
2880849_2026-07-12T12:10:22.008675+00:00,0.3679,0.36789994600000003,0.3688729729999999,False
2881296_2026-07-12T12:25:22.488500+00:00,-1.002,-1.002,-1.001,False
2881319_2026-07-12T12:40:20.629816+00:00,-1.002,-1.002,-1.001,False
2881451_2026-07-12T12:55:20.582368+00:00,-1.002,-1.001999996,-1.0009979979999999,False
2881673_2026-07-12T13:10:20.581444+00:00,0.1216,0.121599992,0.12259599600000004,False
2881709_2026-07-12T13:25:21.531135+00:00,0.6109,0.610900004,0.6119020020000001,False
2881752_2026-07-12T13:40:22.647675+00:00,-1.002,-1.00199995,-1.000974975,False
2881940_2026-07-12T13:55:20.625166+00:00,-1.002,-1.002000024,-1.0010120120000001,False
2881994_2026-07-12T14:10:21.702540+00:00,-1.002,-1.001999998,-1.000998999,False
2882135_2026-07-12T14:25:22.000863+00:00,0.2175,0.21750002,0.2185100100000001,False
2882175_2026-07-12T14:40:20.789740+00:00,0.0184,0.018400016,0.01940800799999998,False
2882328_2026-07-12T14:55:22.124845+00:00,0.0081,0.008100002,0.009101001000000027,False
2882357_2026-07-12T15:10:22.564585+00:00,-1.002,-1.00200004,-1.00102002,False
2882481_2026-07-12T15:25:22.104372+00:00,0.2028,0.20280003200000002,0.2038160160000001,False
2882586_2026-07-12T15:40:21.641222+00:00,-1.002,-1.002,-1.001,False
2882798_2026-07-12T15:55:21.055768+00:00,0.2638,0.26380003599999996,0.264818018,False
2882834_2026-07-12T16:10:22.374617+00:00,-1.002,-1.001999998,-1.000998999,False
2883018_2026-07-12T16:25:20.589580+00:00,0.0184,0.018400016,0.01940800799999998,False
2883148_2026-07-12T16:40:19.554789+00:00,-1.002,-1.002,-1.001,False
2883225_2026-07-12T16:55:19.934250+00:00,0.7837,0.7837000159999999,0.784708008,False
2883250_2026-07-12T17:10:19.029494+00:00,-1.002,-1.002000016,-1.0010080080000001,False
2883288_2026-07-12T17:25:18.977285+00:00,-1.002,-1.002000016,-1.0010080080000001,False
2883331_2026-07-12T17:40:20.460713+00:00,0.1091,0.10910002,0.11011000999999992,False
2883405_2026-07-12T17:55:20.162419+00:00,-1.002,-1.002,-1.001,False
2883588_2026-07-12T18:10:18.801926+00:00,-1.002,-1.001999992,-1.0009959959999999,False
2883673_2026-07-12T18:25:18.746995+00:00,2.4463,2.446299986,2.4472929930000005,False
2883708_2026-07-12T18:40:19.447541+00:00,0.0397,0.039699936,0.04066796800000004,False
2883792_2026-07-12T18:55:19.464198+00:00,0.7524,0.752399984,0.7533919920000002,False
2884258_2026-07-12T19:10:18.981899+00:00,0.0289,0.028900054,0.029927027000000037,False
2884295_2026-07-12T19:25:18.996845+00:00,0.0397,0.039699936,0.04066796800000004,False
2884330_2026-07-12T19:40:19.432816+00:00,-1.002,-1.001999998,-1.000998999,False
2884357_2026-07-12T19:55:19.987426+00:00,0.0081,0.008100002,0.009101001000000027,False
2884392_2026-07-12T20:10:19.904607+00:00,-1.002,-1.002000012,-1.0010060060000001,False
2884429_2026-07-12T20:25:18.522975+00:00,0.7524,0.752399984,0.7533919920000002,False
2884476_2026-07-12T20:40:20.465983+00:00,3.7599,3.7599000019999997,3.760901001,False
2884631_2026-07-12T20:55:18.519007+00:00,-1.002,-1.002,-1.001,False
2884677_2026-07-12T21:10:20.437795+00:00,0.1745,0.17449995,0.17547497499999995,False
2884738_2026-07-12T21:25:19.033788+00:00,-1.002,-1.0020000002,-1.0010001000999997,False
2884772_2026-07-12T21:40:19.899956+00:00,-1.002,-1.001999998,-1.000998999,False
2884794_2026-07-12T21:55:18.979849+00:00,-1.002,-1.002,-1.001,False
2885289_2026-07-12T22:10:19.513988+00:00,-1.002,-1.002000004,-1.001002002,False
2885326_2026-07-12T22:25:39.714682+00:00,0.4473,0.447299966,0.4482829830000001,False
2885380_2026-07-12T22:40:19.131581+00:00,-1.002,-1.001999998,-1.0009989990000001,False
2885408_2026-07-12T22:55:19.088395+00:00,0.0733,0.073299942,0.07427097099999987,False
2887334_2026-07-12T23:10:18.528761+00:00,-1.002,-1.002,-1.001,False
2887390_2026-07-12T23:25:20.797227+00:00,0.5605,0.5605,0.5615,False
2887418_2026-07-12T23:40:18.572373+00:00,-1.002,-1.001999996,-1.0009979979999999,False
2887659_2026-07-12T23:55:20.718287+00:00,-1.002,-1.002,-1.001,False
2887717_2026-07-13T00:10:18.982550+00:00,0.0,8.000000000125962e-09,0.0010040040000000058,False
2887767_2026-07-13T00:25:20.434778+00:00,-1.002,-1.002,-1.001,False
2887825_2026-07-13T00:55:19.705160+00:00,0.0081,0.008100002,0.009101001000000027,False
2888099_2026-07-13T01:25:20.846499+00:00,-1.002,-1.002,-1.001,False
2888147_2026-07-13T01:40:20.706036+00:00,-1.002,-1.001999998,-1.000998999,False
2888196_2026-07-13T01:55:20.454032+00:00,-1.002,-1.002000004,-1.001002002,False
2888230_2026-07-13T02:10:18.518888+00:00,5.248,5.248,5.249,False
2888280_2026-07-13T02:25:20.082256+00:00,1.2202,1.22020002,1.22121001,False
2888314_2026-07-13T02:40:21.372254+00:00,-1.002,-1.002,-1.001,False
2888339_2026-07-13T02:55:19.040378+00:00,-1.002,-1.001999998,-1.000998999,False
2888423_2026-07-13T03:10:20.553917+00:00,-1.002,-1.0019999998,-1.0009998998999998,False
2888482_2026-07-13T03:25:19.916328+00:00,1.1719,1.171900012,1.172906006,False
2888533_2026-07-13T03:40:18.530398+00:00,-1.002,-1.002,-1.001,False
2888607_2026-07-13T03:55:19.670963+00:00,-1.002,-1.002000016,-1.0010080080000001,False
2888631_2026-07-13T04:10:19.660938+00:00,0.5365,0.53649995,0.5374749750000001,False
2888688_2026-07-13T04:25:19.578849+00:00,0.1885,0.18849996,0.18947998,False
2888816_2026-07-13T04:40:20.761791+00:00,-1.002,-1.001999999,-1.0009994995000002,False
2888882_2026-07-13T04:55:19.005303+00:00,-1.002,-1.002000052,-1.0010260260000001,False
2889378_2026-07-13T05:25:19.944281+00:00,-1.002,-1.002000004,-1.001002002,False
2889431_2026-07-13T05:40:19.082190+00:00,0.0061,0.0060999296,0.007064764800000094,False
2889957_2026-07-13T05:55:19.100481+00:00,-1.002,-1.001999996,-1.0009979979999999,False
2889991_2026-07-13T06:10:19.168053+00:00,-1.002,-1.002000016,-1.0010080080000001,False
2890032_2026-07-13T06:25:18.528997+00:00,2.0283,2.028300002,2.029301001,False
2890069_2026-07-13T06:40:19.080304+00:00,-1.002,-1.001999998,-1.000998999,False
2890523_2026-07-13T06:55:18.528374+00:00,-1.002,-1.002000012,-1.0010060060000001,False
2890566_2026-07-13T07:10:19.021831+00:00,0.2326,0.232599948,0.23357397399999985,False
2890600_2026-07-13T07:25:20.197883+00:00,0.0184,0.018400016,0.01940800799999998,False
2890627_2026-07-13T07:40:20.184792+00:00,0.1216,0.121599992,0.12259599600000004,False
2890724_2026-07-13T07:55:19.510833+00:00,0.5605,0.5605,0.5615,False
2890774_2026-07-13T08:10:20.898737+00:00,2.8442,2.844199976,2.8451879879999997,False
2890810_2026-07-13T08:25:19.896095+00:00,1.0813,1.081300032,1.082316016,False
2890845_2026-07-13T08:40:21.069956+00:00,2.8442,2.844199976,2.8451879879999997,False
2890924_2026-07-13T08:55:20.726194+00:00,0.4266,0.42659996,0.4275799800000002,False
2890961_2026-07-13T09:10:19.932385+00:00,-1.002,-1.001999998,-1.000998999,False
2891004_2026-07-13T09:25:20.465146+00:00,-1.002,-1.001999998,-1.0009989990000001,False
2891041_2026-07-13T09:40:09.613486+00:00,-1.002,-1.002000014,-1.001007007,False
2891143_2026-07-13T09:55:06.022841+00:00,-1.002,-1.001999956,-1.0009779779999999,False
2891509_2026-07-13T10:10:05.535685+00:00,-1.002,-1.001999998,-1.0009989990000001,False
2892109_2026-07-13T10:55:23.345891+00:00,-1.002,-1.002000064,-1.0010320320000001,False
2893692_2026-07-13T11:10:23.723332+00:00,0.0,8.000000000125962e-09,0.0010040040000000058,False
2893722_2026-07-13T11:25:22.101941+00:00,-1.002,-1.002000016,-1.0010080080000001,False
2893760_2026-07-13T11:40:21.988961+00:00,-1.002,-1.002000016,-1.0010080080000001,False
2893915_2026-07-13T11:55:00.680833+00:00,-1.002,-1.001999998,-1.000998999,False
2894625_2026-07-13T12:10:23.859852+00:00,-1.002,-1.00200002,-1.00101001,False
2895056_2026-07-13T12:25:24.696386+00:00,-1.002,-1.002000016,-1.0010080080000001,False
2895427_2026-07-13T13:10:17.865704+00:00,-1.002,-1.001999992,-1.0009959959999999,False
2895473_2026-07-13T13:25:17.736314+00:00,1.2707,1.270700024,1.2717120119999998,False
2895499_2026-07-13T13:40:15.619566+00:00,-1.002,-1.001999998,-1.000998999,False
2895750_2026-07-13T13:55:15.556150+00:00,-1.002,-1.00200001,-1.001005005,False
2895854_2026-07-13T14:10:16.909563+00:00,0.9588,0.958799984,0.9597919920000001,False
2895906_2026-07-13T14:25:16.663384+00:00,0.4686,0.468599984,0.4695919919999999,False
2895937_2026-07-13T14:40:35.421326+00:00,0.3494,0.34939992799999997,0.350363964,False
2896023_2026-07-13T14:55:37.587113+00:00,0.1608,0.160799984,0.16179199200000005,False
2896118_2026-07-13T15:10:35.948073+00:00,0.9211,0.921099976,0.9220879879999999,False
2896381_2026-07-13T15:55:35.620943+00:00,-1.002,-1.002000016,-1.0010080080000001,False
2896437_2026-07-13T16:10:37.801846+00:00,-1.002,-1.002000016,-1.001008008,False
2896466_2026-07-13T16:25:04.458940+00:00,-1.002,-1.002,-1.001,False
2896537_2026-07-13T16:40:36.659101+00:00,1.7758,1.775799984,1.776791992,False
2896854_2026-07-13T16:55:07.052634+00:00,-1.002,-1.002,-1.001,False
2896931_2026-07-13T17:10:08.834608+00:00,0.1608,0.160799984,0.16179199200000005,False
2896989_2026-07-13T17:25:08.733249+00:00,-1.002,-1.001999998,-1.000998999,False
2897303_2026-07-13T17:40:07.826462+00:00,-1.002,-1.002,-1.001,False
2897575_2026-07-13T17:55:08.122616+00:00,-1.002,-1.001999998,-1.0009989990000001,False
2897622_2026-07-13T18:10:09.163917+00:00,0.2638,0.26380003599999996,0.264818018,False
2897688_2026-07-13T18:25:08.537906+00:00,0.1608,0.160799984,0.16179199200000005,False
2897724_2026-07-13T18:40:07.099211+00:00,0.2967,0.296700002,0.297701001,False
2897769_2026-07-13T18:55:07.992590+00:00,0.2326,0.232599948,0.23357397399999985,False
2897809_2026-07-13T19:10:08.291749+00:00,0.3679,0.36789994600000003,0.3688729729999999,False
2897851_2026-07-13T19:25:09.029739+00:00,-1.002,-1.001999984,-1.000991992,False
2897913_2026-07-13T19:40:09.267115+00:00,0.0184,0.018400016,0.01940800799999998,False
2897995_2026-07-13T19:55:08.982358+00:00,0.1091,0.10910002,0.11011000999999992,False
2898025_2026-07-13T20:10:07.608199+00:00,-1.002,-1.001999998,-1.0009989990000001,False
2898179_2026-07-13T20:25:08.547766+00:00,-1.002,-1.00199998,-1.0009899899999999,False
2898321_2026-07-13T20:40:09.398802+00:00,-1.002,-1.002,-1.001,False
2898514_2026-07-13T20:55:07.525875+00:00,2.4463,2.446299986,2.4472929930000005,False
2898732_2026-07-13T21:10:07.703397+00:00,-1.002,-1.001999998,-1.0009989990000001,False
2898771_2026-07-13T21:25:09.054689+00:00,-1.002,-1.002000014,-1.001007007,False
2898793_2026-07-13T21:40:07.147311+00:00,-1.002,-1.002000012,-1.0010060060000001,False
2898872_2026-07-13T21:55:08.976493+00:00,0.0506,0.05060006,0.05163003000000006,False
2899267_2026-07-13T22:10:07.285919+00:00,0.0289,0.028900054,0.029927027000000037,False
2899298_2026-07-13T22:25:08.512126+00:00,-1.002,-1.002000014,-1.001007007,False
2899560_2026-07-13T22:40:08.369952+00:00,-1.002,-1.001999998,-1.000998999,False
2899637_2026-07-13T22:55:09.011264+00:00,-1.002,-1.002,-1.001,False
2900791_2026-07-13T23:10:08.306738+00:00,0.0081,0.008100002,0.009101001000000027,False
2900834_2026-07-13T23:25:08.746191+00:00,0.005,0.005000098,0.006049048999999972,False
2900858_2026-07-13T23:40:08.217763+00:00,-1.002,-1.001999998,-1.0009989990000001,False
2900892_2026-07-13T23:55:53.710793+00:00,0.003,0.00300005,0.004025025000000057,False
2900930_2026-07-14T00:10:08.217717+00:00,0.6373,0.637300054,0.638327027,False
2900964_2026-07-14T00:25:07.639990+00:00,-1.002,-1.001999988,-1.000993994,False
2901023_2026-07-14T00:40:07.167371+00:00,-1.002,-1.001999988,-1.000993994,False
2901094_2026-07-14T00:55:08.449168+00:00,0.0184,0.018400016,0.01940800799999998,False
2901311_2026-07-14T01:10:09.090381+00:00,-1.002,-1.002,-1.001,False
2901340_2026-07-14T01:25:09.225479+00:00,0.0184,0.018400016,0.01940800799999998,False
2901365_2026-07-14T01:40:07.139566+00:00,-1.002,-1.002000038,-1.001019019,False
2901426_2026-07-14T01:55:07.053867+00:00,0.2326,0.232599948,0.23357397399999985,False
2901465_2026-07-14T02:10:07.123947+00:00,-1.002,-1.001999964,-1.000981982,False
2901494_2026-07-14T02:25:07.615442+00:00,-1.002,-1.002,-1.001,False
2901523_2026-07-14T02:40:07.136765+00:00,-0.001,-0.0009999979999999998,1.0010000000297472e-06,False
2901593_2026-07-14T02:55:08.543337+00:00,-1.002,-1.001999998,-1.000998999,False
2901622_2026-07-14T03:10:07.636246+00:00,-1.002,-1.001999998,-1.000998999,False
2901647_2026-07-14T03:25:07.604224+00:00,1.7758,1.775799984,1.776791992,False
2901676_2026-07-14T03:40:08.170428+00:00,0.2326,0.232599948,0.23357397399999985,False
2901740_2026-07-14T03:55:07.037973+00:00,0.0081,0.008100002,0.009101001000000027,False
2902354_2026-07-14T04:10:10.752061+00:00,-1.002,-1.001999988,-1.000993994,False
2902401_2026-07-14T04:25:09.997939+00:00,0.1216,0.121599992,0.12259599600000004,False
2902573_2026-07-14T04:40:07.432901+00:00,0.0184,0.018400016,0.01940800799999998,False
2902646_2026-07-14T04:55:09.138878+00:00,0.248,0.248,0.249,False
2902726_2026-07-14T05:10:56.871291+00:00,0.0184,0.018400016,0.01940800799999998,False
2902798_2026-07-14T05:25:09.495758+00:00,0.4905,0.49050004999999997,0.4915250249999999,False
2902925_2026-07-14T05:40:54.448861+00:00,-1.002,-1.002,-1.001,False
2903420_2026-07-14T05:55:08.751020+00:00,-1.002,-1.00200001,-1.001005005,False
2903527_2026-07-14T06:10:57.874149+00:00,-1.002,-1.001999998,-1.0009989990000001,False
2903562_2026-07-14T06:25:09.074346+00:00,0.2028,0.20280003200000002,0.2038160160000001,False
2903596_2026-07-14T06:40:55.888226+00:00,3.7599,3.7599000019999997,3.760901001,False
2903660_2026-07-14T06:55:08.518050+00:00,-1.002,-1.001999998,-1.000998999,False
2903707_2026-07-14T07:10:08.724494+00:00,-1.002,-1.00200002,-1.00101001,False
2903733_2026-07-14T07:25:08.139219+00:00,0.2028,0.20280003200000002,0.2038160160000001,False
2903764_2026-07-14T07:40:07.029432+00:00,-1.002,-1.002000016,-1.0010080080000001,False
2903834_2026-07-14T07:55:08.028222+00:00,-1.002,-1.00200002,-1.0010100100000001,False
2904037_2026-07-14T08:10:07.503430+00:00,-1.002,-1.002000012,-1.0010060060000001,False
2904076_2026-07-14T08:25:08.684476+00:00,0.1885,0.18849996,0.18947998,False
2904115_2026-07-14T08:40:08.628387+00:00,0.0397,0.039699936,0.04066796800000004,False
2904327_2026-07-14T08:55:09.177558+00:00,-1.002,-1.002000004,-1.001002002,False
2904365_2026-07-14T09:10:08.913239+00:00,-1.002,-1.002000016,-1.0010080080000001,False
2904398_2026-07-14T09:25:07.889556+00:00,-1.002,-1.00200002,-1.00101001,False
2904433_2026-07-14T09:40:09.536441+00:00,-1.002,-1.0019999956,-1.0009977978,False
2904494_2026-07-14T09:55:07.008691+00:00,0.1608,0.160799984,0.16179199200000005,False
2904832_2026-07-14T10:10:08.004834+00:00,0.0081,0.008100002,0.009101001000000027,False
2904891_2026-07-14T10:25:08.038316+00:00,-1.002,-1.002000016,-1.0010080080000001,False
2904940_2026-07-14T10:40:07.618655+00:00,0.0397,0.039699936,0.04066796800000004,False
2905037_2026-07-14T10:55:08.672950+00:00,-1.002,-1.002000038,-1.001019019,False
2905098_2026-07-14T11:10:07.573171+00:00,-1.002,-1.001999998,-1.000998999,False
2905136_2026-07-14T11:25:08.531440+00:00,0.5605,0.5605,0.5615,False
2905161_2026-07-14T11:40:07.621742+00:00,-1.002,-1.001999998,-1.000998999,False
2905220_2026-07-14T11:55:07.559434+00:00,-1.002,-1.002000054,-1.001027027,False
2905454_2026-07-14T12:10:08.598397+00:00,5.248,5.248,5.249,False
2905656_2026-07-14T12:25:54.143007+00:00,0.0,8.000000000125962e-09,0.0010040040000000058,False
2905775_2026-07-14T12:40:07.107287+00:00,0.0,8.000000000125962e-09,0.0010040040000000058,False
2905845_2026-07-14T12:55:07.590438+00:00,0.0081,0.008100002,0.009101001000000027,False
2905920_2026-07-14T13:10:07.243945+00:00,-1.002,-1.002,-1.001,False
2905962_2026-07-14T13:25:24.234864+00:00,0.003,0.00300005,0.004025025000000057,False
2905998_2026-07-14T13:40:05.051636+00:00,-1.002,-1.001999998,-1.0009989990000001,False
2906151_2026-07-14T13:55:04.110156+00:00,0.5853,0.5853000020000001,0.5863010009999999,False
2906216_2026-07-14T14:10:16.114639+00:00,11.498,11.498,11.499,False
2906420_2026-07-14T14:25:08.243754+00:00,4.2612,4.261199984,4.262191992,False
2906456_2026-07-14T14:40:06.162441+00:00,0.1608,0.160799984,0.16179199200000005,False
2906546_2026-07-14T14:55:05.526243+00:00,0.2967,0.296700002,0.297701001,False
2906679_2026-07-14T15:10:04.094693+00:00,-1.002,-1.002000016,-1.0010080080000001,False
2906717_2026-07-14T15:25:05.154157+00:00,0.1745,0.17449995,0.17547497499999995,False
2906765_2026-07-14T15:40:05.088541+00:00,0.0184,0.018400016,0.01940800799999998,False
2906884_2026-07-14T15:55:05.398140+00:00,-1.002,-1.002,-1.001,False
2909001_2026-07-14T16:10:04.518347+00:00,-1.002,-1.002000008,-1.001004004,False
2909098_2026-07-14T16:25:05.300686+00:00,0.2028,0.20280003200000002,0.2038160160000001,False
2909120_2026-07-14T16:40:05.951326+00:00,-1.002,-1.002000016,-1.001008008,False
2909251_2026-07-14T16:55:07.945895+00:00,-1.002,-1.002000008,-1.0010040040000001,False
2910160_2026-07-14T17:10:07.221469+00:00,-1.002,-1.001999998,-1.0009989990000001,False
2910202_2026-07-14T17:25:08.698511+00:00,-1.002,-1.002,-1.001,False
2910326_2026-07-14T17:40:07.703867+00:00,5.6647,5.66469999,5.665694995,False
2910398_2026-07-14T17:55:05.448328+00:00,0.0289,0.028900054,0.029927027000000037,False
2912627_2026-07-14T21:10:06.371076+00:00,0.3313,0.33130005,0.332325025,False
2912647_2026-07-14T21:25:04.115191+00:00,0.4473,0.447299966,0.4482829830000001,False
2912683_2026-07-14T21:40:05.715285+00:00,0.0969,0.096900002,0.09790100100000002,False
2915336_2026-07-14T23:55:06.885919+00:00,0.3313,0.33130005,0.332325025,False
2915406_2026-07-15T00:10:05.444223+00:00,-1.002,-1.00199998,-1.0009899899999999,False
2915503_2026-07-15T00:25:07.770412+00:00,-1.002,-1.001999998,-1.0009989990000001,False
2915522_2026-07-15T00:40:05.759442+00:00,-1.002,-1.002,-1.001,False
2915634_2026-07-15T00:55:08.857102+00:00,0.1091,0.10910002,0.11011000999999992,False
2915730_2026-07-15T01:10:07.115034+00:00,-1.002,-1.002000004,-1.001002002,False
2915782_2026-07-15T01:25:06.544923+00:00,0.1344,0.134399936,0.13536796800000003,False
2915895_2026-07-15T01:55:05.931269+00:00,-1.002,-1.002,-1.001,False
2916109_2026-07-15T02:10:06.600827+00:00,0.2028,0.20280003200000002,0.2038160160000001,False
2916134_2026-07-15T02:25:05.940907+00:00,-1.002,-1.0019999998,-1.0009998998999998,False
2916301_2026-07-15T02:40:06.488382+00:00,0.4266,0.42659996,0.4275799800000002,False
2916446_2026-07-15T03:25:05.944691+00:00,-1.002,-1.002000016,-1.0010080080000001,False
2916474_2026-07-15T03:40:08.508484+00:00,0.5132,0.513199936,0.5141679680000001,False
2917307_2026-07-15T04:10:07.127740+00:00,0.6929,0.692900018,0.6939090090000001,False
2917347_2026-07-15T04:25:07.758290+00:00,-1.002,-1.002000016,-1.0010080080000001,False
2917487_2026-07-15T04:40:05.448800+00:00,0.1216,0.121599992,0.12259599600000004,False
2917567_2026-07-15T04:55:53.345713+00:00,-1.002,-1.002000016,-1.0010080080000001,False
2918874_2026-07-15T05:10:53.608594+00:00,-1.002,-1.002,-1.001,False
2918900_2026-07-15T05:25:50.878704+00:00,0.2028,0.20280003200000002,0.2038160160000001,False
2919310_2026-07-15T06:25:37.333337+00:00,-1.002,-1.002000012,-1.0010060060000001,False
2919332_2026-07-15T06:40:35.516918+00:00,0.2801,0.280099924,0.28106196200000005,False
2919445_2026-07-15T06:55:36.550227+00:00,-1.002,-1.001999998,-1.000998999,False
2919483_2026-07-15T07:10:37.611488+00:00,0.998,0.998,0.999,False
2919634_2026-07-15T07:25:36.086245+00:00,-1.002,-1.002,-1.001,False
2919671_2026-07-15T07:40:36.238199+00:00,0.0733,0.073299942,0.07427097099999987,False
2919726_2026-07-15T07:55:35.218920+00:00,-1.002,-1.001999998,-1.000998999,False
2919830_2026-07-15T08:10:35.255135+00:00,0.6373,0.637300054,0.638327027,False
2919873_2026-07-15T08:25:34.754142+00:00,0.2638,0.26380003599999996,0.264818018,False
2919901_2026-07-15T08:40:34.707589+00:00,0.0289,0.028900054,0.029927027000000037,False
2919993_2026-07-15T08:55:35.832104+00:00,0.9588,0.958799984,0.9597919920000001,False
2920031_2026-07-15T09:10:35.769595+00:00,0.0618,0.06180005599999999,0.0628280280000001,False
2920074_2026-07-15T09:25:36.068392+00:00,-1.002,-1.002,-1.001,False
2920103_2026-07-15T09:40:36.995816+00:00,-1.002,-1.002,-1.001,False
2920440_2026-07-15T10:40:36.295147+00:00,0.1091,0.10910002,0.11011000999999992,False
2920503_2026-07-15T10:55:36.841588+00:00,-1.002,-1.002,-1.001,False
2920976_2026-07-15T11:10:35.752537+00:00,0.0184,0.018400016,0.01940800799999998,False
2921017_2026-07-15T11:25:35.250776+00:00,-1.002,-1.002,-1.001,False
2921057_2026-07-15T11:40:36.349576+00:00,0.0184,0.018400016,0.01940800799999998,False
2921961_2026-07-15T12:10:37.559776+00:00,-1.002,-1.002,-1.001,False
2921996_2026-07-15T12:25:35.300159+00:00,-1.002,-1.001999998,-1.000998999,False
2922100_2026-07-15T12:55:36.589973+00:00,0.001,0.0010000180000000005,0.00200900900000004,False
2922188_2026-07-15T13:10:38.101761+00:00,0.0311,0.0310999184,0.03205915920000007,False
2922413_2026-07-15T14:10:00.206213+00:00,0.085,0.08499991999999999,0.08595995999999993,False
2922444_2026-07-15T14:25:43.728136+00:00,4.2612,4.261199984,4.262191992,False
2922493_2026-07-15T14:40:44.271449+00:00,0.2638,0.26380003599999996,0.264818018,False
2922563_2026-07-15T14:55:00.591588+00:00,0.2967,0.296700002,0.297701001,False
2922594_2026-07-15T15:10:01.210815+00:00,0.6647,0.66469996,0.6656799800000002,False
2922649_2026-07-15T15:25:43.271958+00:00,5.6647,5.66469999,5.665694995,False
2922695_2026-07-15T15:40:00.399321+00:00,0.0618,0.06180005599999999,0.0628280280000001,False
2922757_2026-07-15T15:55:00.464719+00:00,-1.002,-1.001999998,-1.000998999,False
2923338_2026-07-15T16:10:01.912464+00:00,-1.002,-1.0020000006,-1.0010003002999999,False
2923498_2026-07-15T16:25:04.852627+00:00,0.7837,0.7837000159999999,0.784708008,False
2923698_2026-07-15T16:40:04.568181+00:00,-1.002,-1.002,-1.001,False
2923776_2026-07-15T16:55:05.309396+00:00,0.0081,0.008100002,0.009101001000000027,False
2925015_2026-07-15T17:10:00.835854+00:00,-1.002,-1.002000052,-1.0010260260000001,False
2925042_2026-07-15T17:25:03.082122+00:00,0.3138,0.31379998400000003,0.3147919920000001,False
2925084_2026-07-15T17:40:43.327570+00:00,-1.002,-1.00200004,-1.00102002,False
2925186_2026-07-15T17:55:03.349791+00:00,0.998,0.998,0.999,False
2925765_2026-07-15T20:10:43.828015+00:00,-1.002,-1.002,-1.001,False
2929002_2026-07-16T00:10:22.537991+00:00,0.085,0.08499991999999999,0.08595995999999993,False
2929045_2026-07-16T00:25:23.587493+00:00,-1.002,-1.002,-1.001,False
2929157_2026-07-16T00:40:22.487078+00:00,-1.002,-1.002000016,-1.0010080080000001,False
2929358_2026-07-16T00:55:24.041414+00:00,0.0397,0.039699936,0.04066796800000004,False
2929568_2026-07-16T01:10:22.769589+00:00,0.0733,0.073299942,0.07427097099999987,False
2929666_2026-07-16T01:25:24.609190+00:00,-1.002,-1.002,-1.001,False
2929711_2026-07-16T01:40:23.438197+00:00,0.0081,0.008100002,0.009101001000000027,False
2929836_2026-07-16T01:55:23.855684+00:00,0.0,8.000000000125962e-09,0.0010040040000000058,False
2929953_2026-07-16T02:10:23.000408+00:00,-1.002,-1.001999998,-1.0009989990000001,False
2929984_2026-07-16T02:25:23.033334+00:00,0.3313,0.33130005,0.332325025,False
2930020_2026-07-16T02:40:23.968606+00:00,-1.002,-1.002,-1.001,False
2930077_2026-07-16T02:55:22.767961+00:00,0.0506,0.05060006,0.05163003000000006,False
2930111_2026-07-16T03:10:22.834199+00:00,1.0388,1.038800016,1.039808008,False
2930249_2026-07-16T03:25:23.801344+00:00,-1.002,-1.002,-1.001,False
2930272_2026-07-16T03:40:22.486353+00:00,-1.002,-1.001999996,-1.0009979979999999,False
2930346_2026-07-16T03:55:24.026599+00:00,-1.002,-1.001999998,-1.000998999,False
2930901_2026-07-16T04:10:23.100837+00:00,1.2202,1.22020002,1.22121001,False
2930998_2026-07-16T04:25:27.390396+00:00,-1.002,-1.002,-1.001,False
2931147_2026-07-16T04:55:22.272075+00:00,0.4266,0.42659996,0.4275799800000002,False
2932063_2026-07-16T05:40:19.742459+00:00,-1.002,-1.002000016,-1.0010080080000001,False
2932122_2026-07-16T05:55:19.021807+00:00,1.1257,1.1256999619999999,1.126680981,False
2932162_2026-07-16T06:10:20.521684+00:00,-1.002,-1.002000008,-1.0010040040000001,False
2932423_2026-07-16T07:25:21.046964+00:00,-1.002,-1.002000004,-1.001002002,False
2932480_2026-07-16T07:40:21.533863+00:00,-1.002,-1.0019999998,-1.0009998998999998,False
2932546_2026-07-16T07:55:27.801068+00:00,11.498,11.498,11.499,False
2932626_2026-07-16T08:10:28.292471+00:00,-1.002,-1.002,-1.001,False
2932644_2026-07-16T08:25:26.309610+00:00,0.0969,0.096900002,0.09790100100000002,False
2932677_2026-07-16T08:40:26.310302+00:00,-1.002,-1.0019999558,-1.0009778779,False
2932745_2026-07-16T08:55:25.926761+00:00,-1.002,-1.001999996,-1.0009979979999999,False
2932786_2026-07-16T09:10:26.972770+00:00,-1.002,-1.002000072,-1.001036036,False
2932816_2026-07-16T09:25:25.900373+00:00,-1.002,-1.002000012,-1.0010060060000001,False
2932850_2026-07-16T09:40:26.409956+00:00,0.2028,0.20280003200000002,0.2038160160000001,False
2932916_2026-07-16T09:55:26.896703+00:00,-1.002,-1.001999998,-1.000998999,False
2933077_2026-07-16T10:10:27.787248+00:00,0.0506,0.05060006,0.05163003000000006,False
2933098_2026-07-16T10:25:26.511985+00:00,0.0733,0.073299942,0.07427097099999987,False
2933131_2026-07-16T10:40:26.463820+00:00,-1.002,-1.002000016,-1.0010080080000001,False
2933232_2026-07-16T10:55:26.468401+00:00,1.1719,1.171900012,1.172906006,False
2933868_2026-07-16T11:10:20.908113+00:00,-1.002,-1.002,-1.001,False
2933899_2026-07-16T11:25:19.322963+00:00,0.0397,0.039699936,0.04066796800000004,False
2933935_2026-07-16T11:40:17.948792+00:00,0.248,0.248,0.249,False
2934028_2026-07-16T11:55:17.422020+00:00,-1.002,-1.00200001,-1.001005005,False
2934326_2026-07-16T12:10:33.543214+00:00,-1.002,-1.001999998,-1.000998999,False
2934370_2026-07-16T12:25:38.741798+00:00,3.3458,3.3458000119999998,3.3468060060000004,False
2934407_2026-07-16T12:40:40.407431+00:00,-1.002,-1.0020000008,-1.0010004004,False
2934501_2026-07-16T12:55:38.772009+00:00,0.0506,0.05060006,0.05163003000000006,False
2934582_2026-07-16T13:10:38.764906+00:00,0.0397,0.039699936,0.04066796800000004,False
2934630_2026-07-16T13:25:40.409486+00:00,0.044,0.044000048,0.045024024000000065,False
2934727_2026-07-16T13:40:38.747582+00:00,-1.002,-1.00199998,-1.00098999,False
2934830_2026-07-16T13:55:40.092613+00:00,0.1608,0.160799984,0.16179199200000005,False
2934896_2026-07-16T14:10:39.715565+00:00,0.0081,0.008100002,0.009101001000000027,False
2934940_2026-07-16T14:25:39.832305+00:00,1.0813,1.081300032,1.082316016,False
2934982_2026-07-16T14:40:40.343702+00:00,-1.002,-1.002000016,-1.0010080080000001,False
2935048_2026-07-16T14:55:38.728918+00:00,-1.002,-1.0019999994,-1.0009996997000001,False
2935092_2026-07-16T15:10:38.735378+00:00,-1.002,-1.002,-1.001,False
2935163_2026-07-16T15:25:39.047479+00:00,0.0,8.000000000125962e-09,0.0010040040000000058,False
2935281_2026-07-16T15:55:43.266297+00:00,-1.002,-1.002,-1.001,False
2935522_2026-07-16T16:10:41.604430+00:00,-1.002,-1.001999998,-1.000998999,False
2935574_2026-07-16T16:25:07.269876+00:00,3.1647,3.164699984,3.1656919919999997,False
2935601_2026-07-16T16:40:05.357316+00:00,-1.002,-1.002,-1.001,False
2935689_2026-07-16T16:55:07.609139+00:00,0.0618,0.06180005599999999,0.0628280280000001,False
2936260_2026-07-16T17:10:24.168745+00:00,-1.002,-1.001999999,-1.0009994995000002,False
2936351_2026-07-16T17:25:23.652099+00:00,0.7837,0.7837000159999999,0.784708008,False
2936535_2026-07-16T17:40:06.763492+00:00,-1.002,-1.002,-1.001,False
2936661_2026-07-16T18:10:02.647245+00:00,0.0289,0.028900054,0.029927027000000037,False
2936786_2026-07-16T18:25:02.090398+00:00,0.0289,0.028900054,0.029927027000000037,False
2937043_2026-07-16T18:40:04.522358+00:00,-1.002,-1.001999998,-1.0009989990000001,False
2937166_2026-07-16T18:55:03.194149+00:00,0.0184,0.018400016,0.01940800799999998,False
2937368_2026-07-16T19:10:02.664014+00:00,-1.002,-1.002000016,-1.0010080080000001,False
2937420_2026-07-16T19:25:04.191229+00:00,1.8551,1.85510003,1.856115015,False
2937441_2026-07-16T19:40:02.625711+00:00,-1.002,-1.001999988,-1.000993994,False
2937518_2026-07-16T19:55:03.722624+00:00,0.0618,0.06180005599999999,0.0628280280000001,False
2937684_2026-07-16T20:10:03.132520+00:00,-1.002,-1.002,-1.001,False
2937714_2026-07-16T20:25:02.669912+00:00,-1.002,-1.002000024,-1.0010120120000001,False
2937743_2026-07-16T20:40:02.104825+00:00,-1.002,-1.002000016,-1.0010080080000001,False
2937838_2026-07-16T20:55:03.683257+00:00,-1.002,-1.002000016,-1.0010080080000001,False
2937881_2026-07-16T21:10:03.245889+00:00,0.085,0.08499991999999999,0.08595995999999993,False
2937920_2026-07-16T21:25:04.023289+00:00,-1.002,-1.002000016,-1.001008008,False
2937941_2026-07-16T21:40:02.395540+00:00,0.2326,0.232599948,0.23357397399999985,False
2938017_2026-07-16T21:55:02.450266+00:00,-1.002,-1.002000016,-1.0010080080000001,False
2938420_2026-07-16T22:10:02.626707+00:00,0.1474,0.147400044,0.14842202200000004,False
2938453_2026-07-16T22:25:02.119503+00:00,-1.002,-1.002,-1.001,False
2938490_2026-07-16T22:40:04.305134+00:00,0.0506,0.05060006,0.05163003000000006,False
2938550_2026-07-16T22:55:47.085142+00:00,-1.002,-1.0020000006,-1.0010003002999999,False
2940873_2026-07-16T23:10:02.095737+00:00,-1.002,-1.001999984,-1.000991992,False
2940906_2026-07-16T23:25:02.640286+00:00,-1.002,-1.002,-1.001,False
2940934_2026-07-16T23:40:02.639632+00:00,8.998,8.998,8.999,False
2941004_2026-07-16T23:55:02.574704+00:00,-1.002,-1.00200004,-1.00102002,False
2941062_2026-07-17T00:10:03.818888+00:00,-1.002,-1.001999998,-1.000998999,False
2941114_2026-07-17T00:25:02.674851+00:00,0.6647,0.66469996,0.6656799800000002,False
2941136_2026-07-17T00:40:02.637082+00:00,-1.002,-1.001999998,-1.000998999,False
2941220_2026-07-17T00:55:03.072571+00:00,0.085,0.08499991999999999,0.08595995999999993,False
2941615_2026-07-17T01:10:03.605000+00:00,0.0184,0.018400016,0.01940800799999998,False
2941737_2026-07-17T01:25:04.225371+00:00,-1.002,-1.001999998,-1.000998999,False
2941792_2026-07-17T01:40:53.374339+00:00,-1.002,-1.002,-1.001,False
2941860_2026-07-17T01:55:54.642306+00:00,-1.002,-1.002,-1.001,False
2941898_2026-07-17T02:10:11.217807+00:00,7.3313,7.331300008,7.332304004,False
2941921_2026-07-17T02:25:10.311039+00:00,-1.002,-1.002000012,-1.0010060060000001,False
2941954_2026-07-17T02:40:11.951357+00:00,-1.002,-1.002,-1.001,False
2942034_2026-07-17T02:55:11.009248+00:00,7.3313,7.331300008,7.332304004,False
2942138_2026-07-17T03:10:09.694928+00:00,0.0205,0.02049999,0.021494994999999933,False
2942174_2026-07-17T03:25:10.902133+00:00,0.0618,0.06180005599999999,0.0628280280000001,False
2942210_2026-07-17T03:40:09.756495+00:00,-1.002,-1.00200002,-1.00101001,False
2942297_2026-07-17T03:55:10.802388+00:00,-1.002,-1.001999992,-1.0009959959999999,False
2942674_2026-07-17T04:10:09.116318+00:00,-1.002,-1.002,-1.001,False
2942714_2026-07-17T04:25:09.836088+00:00,-1.002,-1.0020000016,-1.0010008008,False
2942809_2026-07-17T04:40:09.862153+00:00,0.4686,0.468599984,0.4695919919999999,False
2942872_2026-07-17T04:55:08.937318+00:00,0.3869,0.38689998400000003,0.387891992,False
2943437_2026-07-17T05:10:09.910643+00:00,-1.002,-1.002000004,-1.001002002,False
2943493_2026-07-17T05:25:10.934755+00:00,-1.002,-1.002,-1.001,False
2943527_2026-07-17T05:40:09.744219+00:00,-1.002,-1.001999998,-1.0009989990000001,False
2943561_2026-07-17T05:55:10.537611+00:00,-1.002,-1.002,-1.001,False
2943589_2026-07-17T06:10:09.392895+00:00,-1.002,-1.002000016,-1.0010080080000001,False
2943642_2026-07-17T06:25:10.788238+00:00,0.7221,0.7221000439999999,0.7231220220000001,False
2943667_2026-07-17T06:40:09.888746+00:00,-1.002,-1.002000052,-1.0010260260000001,False
2943742_2026-07-17T06:55:08.954098+00:00,0.5365,0.53649995,0.5374749750000001,False
2943784_2026-07-17T07:10:11.035529+00:00,-1.002,-1.002000016,-1.0010080080000001,False
2943811_2026-07-17T07:25:11.525133+00:00,5.248,5.248,5.249,False
2943851_2026-07-17T07:40:09.334203+00:00,-1.002,-1.002000052,-1.0010260260000001,False
2943924_2026-07-17T07:55:10.107078+00:00,-1.002,-1.002000008,-1.0010040040000001,False
2943983_2026-07-17T08:10:09.718774+00:00,0.4905,0.49050004999999997,0.4915250249999999,False
2944030_2026-07-17T08:25:09.646074+00:00,-1.002,-1.001999998,-1.000998999,False
2944056_2026-07-17T08:40:09.837950+00:00,-1.002,-1.002,-1.001,False
2944354_2026-07-17T08:55:09.113546+00:00,0.0184,0.018400016,0.01940800799999998,False
2944387_2026-07-17T09:10:10.269188+00:00,0.4686,0.468599984,0.4695919919999999,False
2944442_2026-07-17T09:25:11.383332+00:00,-1.002,-1.00200004,-1.00102002,False
2944477_2026-07-17T09:40:11.297543+00:00,0.1091,0.10910002,0.11011000999999992,False
2944698_2026-07-17T09:55:09.063819+00:00,-1.002,-1.002,-1.001,False
2945028_2026-07-17T10:10:11.134892+00:00,0.0397,0.039699936,0.04066796800000004,False
2945062_2026-07-17T10:25:11.316862+00:00,3.7599,3.7599000019999997,3.760901001,False
2945142_2026-07-17T10:40:09.562265+00:00,0.0506,0.05060006,0.05163003000000006,False
2945361_2026-07-17T10:55:11.430372+00:00,-1.002,-1.00200005,-1.001025025,False
2945739_2026-07-17T11:10:09.250741+00:00,-1.002,-1.002,-1.001,False
2945810_2026-07-17T11:25:09.066661+00:00,0.6109,0.610900004,0.6119020020000001,False
2945850_2026-07-17T11:40:09.883861+00:00,0.001,0.0010000180000000005,0.00200900900000004,False
2945891_2026-07-17T11:55:10.045853+00:00,-1.002,-1.00200008,-1.0010400400000001,False
2945931_2026-07-17T12:10:10.757683+00:00,-1.002,-1.001999998,-1.000998999,False
2945966_2026-07-17T12:25:10.331393+00:00,-1.002,-1.002000016,-1.0010080080000001,False
2946015_2026-07-17T12:40:09.528200+00:00,-1.002,-1.002000004,-1.001002002,False
2946083_2026-07-17T12:55:08.969906+00:00,-1.002,-1.002000016,-1.0010080080000001,False
2946171_2026-07-17T13:10:10.951282+00:00,-1.002,-1.002,-1.001,False
2946207_2026-07-17T13:25:10.039915+00:00,0.4065,0.40649992999999995,0.40746496500000007,False
2946232_2026-07-17T13:40:10.661001+00:00,-1.002,-1.002,-1.001,False
2946419_2026-07-17T13:55:10.431940+00:00,0.0101,0.0101000904,0.011145245199999968,False
2946542_2026-07-17T14:10:11.315388+00:00,0.0184,0.018400016,0.01940800799999998,False
2946687_2026-07-17T14:25:11.405781+00:00,-1.002,-1.00199997,-1.0009849849999999,False
2946726_2026-07-17T14:40:08.905346+00:00,0.2175,0.21750002,0.2185100100000001,False
2946801_2026-07-17T14:55:08.755980+00:00,-1.002,-1.002000012,-1.0010060060000001,False
2946905_2026-07-17T15:10:09.092538+00:00,-1.002,-1.002000016,-1.0010080080000001,False
2946946_2026-07-17T15:25:11.371689+00:00,0.0081,0.008100002,0.009101001000000027,False
2946980_2026-07-17T15:40:11.252827+00:00,-1.002,-1.002000052,-1.0010260260000001,False
2947058_2026-07-17T15:55:09.611144+00:00,0.0733,0.073299942,0.07427097099999987,False
2947334_2026-07-17T16:10:11.291994+00:00,0.248,0.248,0.249,False
2947481_2026-07-17T16:25:55.000778+00:00,5.6647,5.66469999,5.665694995,False
2947741_2026-07-17T16:40:10.237279+00:00,1.7007,1.700700002,1.7017010010000002,False
2947769_2026-07-17T16:55:10.092801+00:00,0.0397,0.039699936,0.04066796800000004,False
2948472_2026-07-17T17:10:11.347678+00:00,-0.001,-0.0009999979999999998,1.0010000000297472e-06,False
2948589_2026-07-17T17:25:10.128686+00:00,0.2028,0.20280003200000002,0.2038160160000001,False
2948715_2026-07-17T17:40:11.007174+00:00,0.9211,0.921099976,0.9220879879999999,False
2948787_2026-07-17T17:55:11.440180+00:00,2.2238,2.223800004,2.2248020019999997,False
2949595_2026-07-17T18:10:11.287924+00:00,0.6373,0.637300054,0.638327027,False
2950515_2026-07-17T18:25:10.527722+00:00,-1.002,-1.0020000008,-1.0010004004,False
2950552_2026-07-17T18:40:11.188224+00:00,0.0397,0.039699936,0.04066796800000004,False
2950636_2026-07-17T18:55:09.778179+00:00,0.0184,0.018400016,0.01940800799999998,False
2950828_2026-07-17T19:10:08.782391+00:00,-1.002,-1.002,-1.001,False
2950872_2026-07-17T19:25:10.068245+00:00,7.3313,7.331300008,7.332304004,False
2950899_2026-07-17T19:40:09.399698+00:00,0.4686,0.468599984,0.4695919919999999,False
2950987_2026-07-17T19:55:08.915422+00:00,-1.002,-1.001999984,-1.0009919919999999,False
2951025_2026-07-17T20:10:09.233609+00:00,-1.002,-1.002,-1.001,False
2951098_2026-07-17T20:25:11.168573+00:00,0.085,0.08499991999999999,0.08595995999999993,False
2951184_2026-07-17T20:40:10.979771+00:00,13.2837,13.283700002,13.284701001,False
2951369_2026-07-17T20:55:09.526317+00:00,0.1885,0.18849996,0.18947998,False
2951438_2026-07-17T21:10:09.530989+00:00,0.2028,0.20280003200000002,0.2038160160000001,False
2951485_2026-07-17T21:25:10.644979+00:00,-1.002,-1.001999968,-1.0009839839999999,False
2951517_2026-07-17T21:40:11.231478+00:00,-1.002,-1.002000004,-1.001002002,False
2951649_2026-07-17T21:55:09.793344+00:00,0.7524,0.752399984,0.7533919920000002,False
2951897_2026-07-17T22:10:09.091356+00:00,-1.002,-1.001999998,-1.000998999,False
2951990_2026-07-17T22:25:10.029108+00:00,-1.002,-1.001999998,-1.000998999,False
2952031_2026-07-17T22:40:10.805100+00:00,-1.002,-1.002000016,-1.0010080080000001,False
2952127_2026-07-17T22:55:09.638033+00:00,0.0969,0.096900002,0.09790100100000002,False
2953315_2026-07-17T23:10:08.912043+00:00,-1.002,-1.001999998,-1.000998999,False
2953353_2026-07-17T23:25:08.918325+00:00,0.0397,0.039699936,0.04066796800000004,False
2953400_2026-07-17T23:40:09.692916+00:00,0.4686,0.468599984,0.4695919919999999,False
2953563_2026-07-17T23:55:11.172186+00:00,-1.002,-1.002000024,-1.0010120120000001,False
2953692_2026-07-18T00:10:11.221930+00:00,4.2612,4.261199984,4.262191992,False
2953773_2026-07-18T00:25:09.001048+00:00,0.3313,0.33130005,0.332325025,False
2953820_2026-07-18T00:40:10.502347+00:00,-1.002,-1.002,-1.001,False
2954111_2026-07-18T00:55:10.932786+00:00,-1.002,-1.002000016,-1.001008008,False
2954324_2026-07-18T01:10:09.923254+00:00,0.5132,0.513199936,0.5141679680000001,False
2954365_2026-07-18T01:25:10.827130+00:00,0.0184,0.018400016,0.01940800799999998,False
2954416_2026-07-18T01:40:10.924202+00:00,-1.002,-1.002,-1.001,False
2954482_2026-07-18T01:55:09.289886+00:00,0.085,0.08499991999999999,0.08595995999999993,False
2954561_2026-07-18T02:10:10.441709+00:00,1.379,1.37899996,1.3799799799999999,False
2954604_2026-07-18T02:25:09.093026+00:00,0.1091,0.10910002,0.11011000999999992,False
2954670_2026-07-18T02:40:10.352772+00:00,-1.002,-1.001999988,-1.000993994,False
2954871_2026-07-18T02:55:09.782655+00:00,-1.002,-1.001999968,-1.0009839839999999,False
2955035_2026-07-18T03:10:11.027861+00:00,0.1885,0.18849996,0.18947998,False
2955177_2026-07-18T03:25:11.629516+00:00,-1.002,-1.002000016,-1.0010080080000001,False
2955230_2026-07-18T03:40:10.851645+00:00,-1.002,-1.001999984,-1.000991992,False
2955349_2026-07-18T03:55:08.842739+00:00,0.1745,0.17449995,0.17547497499999995,False
2955737_2026-07-18T04:10:11.381229+00:00,-1.002,-1.002,-1.001,False
2955867_2026-07-18T04:25:08.910881+00:00,-1.002,-1.002000012,-1.0010060060000001,False
2955972_2026-07-18T04:40:11.653286+00:00,-1.002,-1.00200001,-1.001005005,False
2956035_2026-07-18T04:55:10.341831+00:00,0.248,0.248,0.249,False
2956686_2026-07-18T05:10:10.415153+00:00,-1.002,-1.002000016,-1.0010080080000001,False
2956713_2026-07-18T05:25:08.966186+00:00,0.0506,0.05060006,0.05163003000000006,False
2956748_2026-07-18T05:40:10.389689+00:00,2.0283,2.028300002,2.029301001,False
2956850_2026-07-18T05:55:09.815500+00:00,-1.002,-1.002000024,-1.0010120120000001,False
2956958_2026-07-18T06:10:10.977481+00:00,-1.002,-1.002000016,-1.0010080080000001,False
2956985_2026-07-18T06:25:08.965752+00:00,0.0618,0.06180005599999999,0.0628280280000001,False
2957008_2026-07-18T06:40:09.064708+00:00,-1.002,-1.001999992,-1.0009959959999999,False
2957092_2026-07-18T06:55:11.493426+00:00,0.3679,0.36789994600000003,0.3688729729999999,False
2957126_2026-07-18T07:10:09.720132+00:00,0.1885,0.18849996,0.18947998,False
2957154_2026-07-18T07:25:08.947233+00:00,0.1091,0.10910002,0.11011000999999992,False
2957182_2026-07-18T07:40:09.142711+00:00,7.3313,7.331300008,7.332304004,False
2957300_2026-07-18T07:55:09.897437+00:00,-1.002,-1.002000016,-1.0010080080000001,False
2957377_2026-07-18T08:10:10.383648+00:00,-1.002,-1.002,-1.001,False
2957420_2026-07-18T08:25:10.331903+00:00,0.2967,0.296700002,0.297701001,False
2957455_2026-07-18T08:40:10.345007+00:00,-1.002,-1.002000014,-1.001007007,False
2957574_2026-07-18T08:55:11.509976+00:00,0.248,0.248,0.249,False
2957623_2026-07-18T09:10:09.079371+00:00,-1.002,-1.001999998,-1.000998999,False
2957668_2026-07-18T09:25:10.792812+00:00,-1.002,-1.002000014,-1.001007007,False
2957698_2026-07-18T09:40:10.180865+00:00,0.085,0.08499991999999999,0.08595995999999993,False
2957791_2026-07-18T09:55:11.307653+00:00,0.1344,0.134399936,0.13536796800000003,False
2957986_2026-07-18T10:10:10.973145+00:00,0.6373,0.637300054,0.638327027,False
2958033_2026-07-18T10:25:10.343188+00:00,0.3313,0.33130005,0.332325025,False
2958073_2026-07-18T10:40:10.388952+00:00,-1.002,-1.002000016,-1.0010080080000001,False
2958170_2026-07-18T10:55:11.697593+00:00,0.2967,0.296700002,0.297701001,False
2958388_2026-07-18T11:10:09.756566+00:00,0.8162,0.81619998,0.8171899899999999,False
2958421_2026-07-18T11:25:08.942277+00:00,0.1745,0.17449995,0.17547497499999995,False
2958523_2026-07-18T11:40:09.631766+00:00,0.1474,0.147400044,0.14842202200000004,False
2958607_2026-07-18T11:55:10.843574+00:00,0.4065,0.40649992999999995,0.40746496500000007,False
2958895_2026-07-18T12:10:11.506259+00:00,0.0397,0.039699936,0.04066796800000004,False
2958927_2026-07-18T12:25:08.754461+00:00,-1.002,-1.002,-1.001,False
2958974_2026-07-18T12:40:09.610355+00:00,0.0184,0.018400016,0.01940800799999998,False
2959055_2026-07-18T12:55:11.330685+00:00,0.2967,0.296700002,0.297701001,False
2959104_2026-07-18T13:10:08.795077+00:00,-1.002,-1.002,-1.001,False
2959157_2026-07-18T13:25:11.401375+00:00,3.7599,3.7599000019999997,3.760901001,False
2959193_2026-07-18T13:40:10.460315+00:00,0.7524,0.752399984,0.7533919920000002,False
2959274_2026-07-18T13:55:10.680099+00:00,0.6373,0.637300054,0.638327027,False
2959315_2026-07-18T14:10:11.446306+00:00,0.2967,0.296700002,0.297701001,False
2959343_2026-07-18T14:25:09.278070+00:00,3.1647,3.164699984,3.1656919919999997,False
2959382_2026-07-18T14:40:09.439471+00:00,1.379,1.37899996,1.3799799799999999,False
2959485_2026-07-18T14:55:10.239339+00:00,-1.002,-1.002000012,-1.0010060060000001,False
2959629_2026-07-18T15:10:10.510249+00:00,-1.002,-1.001999984,-1.000991992,False
2959879_2026-07-18T15:25:09.560419+00:00,-1.002,-1.001999988,-1.000993994,False
2959934_2026-07-18T15:40:11.441702+00:00,-1.002,-1.00200004,-1.00102002,False
2960039_2026-07-18T15:55:09.623302+00:00,0.0279,0.0278999342,0.028867067099999925,False
2960274_2026-07-18T16:10:10.955693+00:00,1.8551,1.85510003,1.856115015,False
2960311_2026-07-18T16:25:10.772135+00:00,1.379,1.37899996,1.3799799799999999,False
2960366_2026-07-18T16:40:11.533544+00:00,-1.002,-1.00200002,-1.00101001,False
2960454_2026-07-18T16:55:09.265411+00:00,0.0143,0.014299921599999998,0.015260760799999964,False
2960867_2026-07-18T17:10:09.536849+00:00,3.5435,3.54349998,3.54448999,False
2960990_2026-07-18T17:25:08.914540+00:00,-1.002,-1.001999984,-1.000991992,False
2961153_2026-07-18T17:40:08.954177+00:00,0.0081,0.008100002,0.009101001000000027,False
2961265_2026-07-18T17:55:10.235600+00:00,0.4065,0.40649992999999995,0.40746496500000007,False
2961514_2026-07-18T18:10:09.131805+00:00,-1.002,-1.002000014,-1.001007007,False
2961591_2026-07-18T18:25:09.592187+00:00,0.0081,0.008100002,0.009101001000000027,False
2962154_2026-07-18T18:40:09.583734+00:00,-1.002,-1.002,-1.001,False
2962823_2026-07-18T18:55:08.899800+00:00,0.5365,0.53649995,0.5374749750000001,False
2963047_2026-07-18T19:10:09.301053+00:00,0.5853,0.5853000020000001,0.5863010009999999,False
2963091_2026-07-18T19:25:10.088447+00:00,-1.002,-1.002000014,-1.001007007,False
2963124_2026-07-18T19:40:09.406442+00:00,0.0733,0.073299942,0.07427097099999987,False
2963259_2026-07-18T19:55:10.851761+00:00,0.1091,0.10910002,0.11011000999999992,False
2963314_2026-07-18T20:10:09.654170+00:00,0.3313,0.33130005,0.332325025,False
2963367_2026-07-18T20:25:10.307594+00:00,0.0506,0.05060006,0.05163003000000006,False
2963429_2026-07-18T20:40:10.211166+00:00,-1.002,-1.002,-1.001,False
2963534_2026-07-18T20:55:10.043869+00:00,0.0397,0.039699936,0.04066796800000004,False
2963574_2026-07-18T21:10:11.172415+00:00,3.5435,3.54349998,3.54448999,False
2963679_2026-07-18T21:25:10.789330+00:00,-1.002,-1.00199997,-1.0009849849999999,False
2963784_2026-07-18T21:40:10.629839+00:00,-1.002,-1.002,-1.001,False
2963927_2026-07-18T21:55:09.812236+00:00,0.0091,0.0091000442,0.010122122100000023,False
2964859_2026-07-18T22:10:09.098368+00:00,0.0733,0.073299942,0.07427097099999987,False
2964917_2026-07-18T22:25:11.810083+00:00,-1.002,-1.00200002,-1.00101001,False
2965062_2026-07-18T22:40:10.429898+00:00,0.4065,0.40649992999999995,0.40746496500000007,False
2965349_2026-07-18T22:55:11.445434+00:00,2.2238,2.223800004,2.2248020019999997,False
2966360_2026-07-18T23:10:09.591165+00:00,-1.002,-1.002,-1.001,False
2966502_2026-07-18T23:25:09.603066+00:00,0.03,0.029999984,0.03099199200000002,False
2966619_2026-07-18T23:40:09.581803+00:00,-1.002,-1.002000016,-1.0010080080000001,False
2966842_2026-07-18T23:55:08.931528+00:00,0.6929,0.692900018,0.6939090090000001,False
2966947_2026-07-19T00:10:09.576794+00:00,0.9588,0.958799984,0.9597919920000001,False
2967018_2026-07-19T00:25:10.092917+00:00,-1.002,-1.00200005,-1.001025025,False
2967067_2026-07-19T00:40:10.230917+00:00,-1.002,-1.001999996,-1.0009979979999999,False
2967221_2026-07-19T00:55:08.799480+00:00,0.6647,0.66469996,0.6656799800000002,False
2967443_2026-07-19T01:10:09.706588+00:00,-1.002,-1.002,-1.001,False
2967494_2026-07-19T01:25:10.829454+00:00,-1.002,-1.00200002,-1.0010100100000001,False
2967554_2026-07-19T01:40:12.000929+00:00,-1.002,-1.001999998,-1.000998999,False
2967813_2026-07-19T01:55:10.345765+00:00,-1.002,-1.00199995,-1.000974975,False
2967883_2026-07-19T02:10:10.969123+00:00,0.0091,0.0091000442,0.010122122100000023,False
2967960_2026-07-19T02:25:10.923781+00:00,-1.002,-1.002,-1.001,False
2968001_2026-07-19T02:40:11.428912+00:00,0.0607,0.060699998600000006,0.06169929930000001,False
2968117_2026-07-19T02:55:10.762070+00:00,-1.002,-1.002,-1.001,False
2968150_2026-07-19T03:10:11.195802+00:00,-1.002,-1.0020000008,-1.0010004004,False
2968211_2026-07-19T03:25:10.002668+00:00,-1.002,-1.002,-1.001,False
2968259_2026-07-19T03:40:10.695698+00:00,-1.002,-1.001999988,-1.000993994,False
2968399_2026-07-19T03:55:11.135365+00:00,0.2801,0.280099924,0.28106196200000005,False
2969034_2026-07-19T04:10:09.582806+00:00,-1.002,-1.002,-1.001,False
2969075_2026-07-19T04:25:09.840459+00:00,0.0733,0.073299942,0.07427097099999987,False
2969199_2026-07-19T04:40:09.721787+00:00,0.0397,0.039699936,0.04066796800000004,False
2969315_2026-07-19T04:55:10.549912+00:00,-1.002,-1.002,-1.001,False
2969826_2026-07-19T05:10:10.814405+00:00,0.0969,0.096900002,0.09790100100000002,False
2969904_2026-07-19T05:25:08.924014+00:00,-1.002,-1.002000024,-1.0010120120000001,False
2969973_2026-07-19T05:40:10.862687+00:00,-1.002,-1.002000014,-1.001007007,False
2970058_2026-07-19T05:55:08.977960+00:00,0.0618,0.06180005599999999,0.0628280280000001,False
2970097_2026-07-19T06:10:10.363341+00:00,-1.002,-1.002,-1.001,False
2970133_2026-07-19T06:25:11.573608+00:00,0.0618,0.06180005599999999,0.0628280280000001,False
2970175_2026-07-19T06:40:11.425638+00:00,0.7221,0.7221000439999999,0.7231220220000001,False
2970234_2026-07-19T06:55:08.891550+00:00,-1.002,-1.001999998,-1.000998999,False
2970281_2026-07-19T07:10:10.952578+00:00,-1.002,-1.002000012,-1.0010060060000001,False
2970312_2026-07-19T07:25:11.368466+00:00,0.0969,0.096900002,0.09790100100000002,False
2970361_2026-07-19T07:40:11.389414+00:00,0.2175,0.21750002,0.2185100100000001,False
2970425_2026-07-19T07:55:09.590253+00:00,-1.002,-1.002000004,-1.001002002,False
2970488_2026-07-19T08:10:09.921718+00:00,-1.002,-1.002000016,-1.0010080080000001,False
2970536_2026-07-19T08:25:09.266649+00:00,-1.002,-1.002,-1.001,False
2970623_2026-07-19T08:40:11.446472+00:00,-1.002,-1.002000016,-1.0010080080000001,False
2970765_2026-07-19T08:55:11.149795+00:00,0.0375,0.037500002,0.03850100100000001,False
2970866_2026-07-19T09:10:09.067641+00:00,-1.002,-1.001999998,-1.000998999,False
2970912_2026-07-19T09:25:10.255863+00:00,-1.002,-1.002,-1.001,False
2970945_2026-07-19T09:40:10.601880+00:00,-1.002,-1.002,-1.001,False
2971022_2026-07-19T09:55:10.265120+00:00,-1.002,-1.002000016,-1.0010080080000001,False
2971210_2026-07-19T10:10:08.910814+00:00,0.1474,0.147400044,0.14842202200000004,False
2971244_2026-07-19T10:25:09.030348+00:00,0.1474,0.147400044,0.14842202200000004,False
2971289_2026-07-19T10:40:10.984431+00:00,0.1608,0.160799984,0.16179199200000005,False
2971352_2026-07-19T10:55:10.312959+00:00,-1.002,-1.002,-1.001,False
2971399_2026-07-19T11:10:09.839796+00:00,-1.002,-1.00200004,-1.00102002,False
2971432_2026-07-19T11:25:10.283687+00:00,-1.002,-1.002000016,-1.0010080080000001,False
2971461_2026-07-19T11:40:09.861934+00:00,-1.002,-1.002000016,-1.0010080080000001,False
2971568_2026-07-19T11:55:09.328369+00:00,-1.002,-1.002,-1.001,False
2971764_2026-07-19T12:10:09.822204+00:00,-1.002,-1.002,-1.001,False
2971811_2026-07-19T12:25:10.030782+00:00,-1.002,-1.001999984,-1.0009919919999999,False
2971837_2026-07-19T12:40:08.844659+00:00,0.0081,0.008100002,0.009101001000000027,False
2971926_2026-07-19T12:55:10.429564+00:00,0.3869,0.38689998400000003,0.387891992,False
2972012_2026-07-19T13:10:10.719800+00:00,-1.002,-1.002,-1.001,False
2972046_2026-07-19T13:25:10.466269+00:00,0.8162,0.81619998,0.8171899899999999,False
2972105_2026-07-19T13:40:09.334030+00:00,0.9211,0.921099976,0.9220879879999999,False
2972228_2026-07-19T13:55:55.094441+00:00,0.0081,0.008100002,0.009101001000000027,False
2972265_2026-07-19T14:10:10.630232+00:00,0.2638,0.26380003599999996,0.264818018,False
2972327_2026-07-19T14:25:53.908094+00:00,-1.002,-1.002,-1.001,False
2972374_2026-07-19T14:40:10.781240+00:00,0.1344,0.134399936,0.13536796800000003,False
2972443_2026-07-19T14:55:09.494790+00:00,0.0184,0.018400016,0.01940800799999998,False
2972476_2026-07-19T15:10:10.239533+00:00,-1.002,-1.002,-1.001,False
2972511_2026-07-19T15:25:11.026019+00:00,-1.002,-1.001999998,-1.000998999,False
2972576_2026-07-19T15:40:10.994438+00:00,0.0506,0.05060006,0.05163003000000006,False
2972651_2026-07-19T15:55:56.763169+00:00,0.5605,0.5605,0.5615,False
2972964_2026-07-19T16:10:10.286324+00:00,-1.002,-1.002000016,-1.0010080080000001,False
2973022_2026-07-19T16:25:10.222084+00:00,0.0397,0.039699936,0.04066796800000004,False
2973073_2026-07-19T16:40:10.884537+00:00,-1.002,-1.002,-1.001,False
2973190_2026-07-19T16:55:57.265176+00:00,-1.002,-1.001999998,-1.000998999,False
2973661_2026-07-19T17:10:10.522242+00:00,0.2028,0.20280003200000002,0.2038160160000001,False
2973707_2026-07-19T17:25:10.765719+00:00,-1.002,-1.002,-1.001,False
2973740_2026-07-19T17:40:09.333602+00:00,-1.002,-1.002000016,-1.0010080080000001,False
2974006_2026-07-19T17:55:09.877691+00:00,-1.002,-1.001999998,-1.000998999,False
2974280_2026-07-19T18:10:55.901458+00:00,-1.002,-1.002,-1.001,False
2974399_2026-07-19T18:25:11.322927+00:00,-1.002,-1.001999996,-1.0009979979999999,False
2974449_2026-07-19T18:40:09.665282+00:00,0.0506,0.05060006,0.05163003000000006,False
2974507_2026-07-19T18:55:10.306062+00:00,-1.002,-1.002000004,-1.001002002,False
2976510_2026-07-19T19:10:12.806365+00:00,0.2175,0.21750002,0.2185100100000001,False
2977285_2026-07-19T19:25:58.294243+00:00,-1.002,-1.002000012,-1.0010060060000001,False
2977315_2026-07-19T19:40:10.307738+00:00,-1.002,-1.001999998,-1.0009989990000001,False
2977453_2026-07-19T19:55:12.438046+00:00,2.5694,2.5694000160000003,2.570408008,False
2977532_2026-07-19T20:10:10.490178+00:00,0.0506,0.05060006,0.05163003000000006,False
2977639_2026-07-19T20:25:10.690084+00:00,-1.002,-1.00199995,-1.0009749749999999,False
2977767_2026-07-19T20:40:11.939314+00:00,1.2202,1.22020002,1.22121001,False
2978025_2026-07-19T20:55:56.644332+00:00,0.2638,0.26380003599999996,0.264818018,False
2978123_2026-07-19T21:10:11.114601+00:00,3.7599,3.7599000019999997,3.760901001,False
2978169_2026-07-19T21:25:10.385034+00:00,-1.002,-1.002,-1.001,False
2978216_2026-07-19T21:40:09.408203+00:00,-1.002,-1.001999998,-1.000998999,False
2978286_2026-07-19T21:55:55.649694+00:00,0.3138,0.31379998400000003,0.3147919920000001,False
2978328_2026-07-19T22:10:11.390182+00:00,0.0618,0.06180005599999999,0.0628280280000001,False
2978387_2026-07-19T22:25:57.672717+00:00,0.085,0.08499991999999999,0.08595995999999993,False
2978585_2026-07-19T22:40:10.185706+00:00,1.1719,1.171900012,1.172906006,False
2978692_2026-07-19T22:55:57.234532+00:00,-1.002,-1.0020000008,-1.0010004004,False
2978732_2026-07-19T23:10:11.231232+00:00,1.6296,1.629599984,1.630591992,False
2978764_2026-07-19T23:25:56.760893+00:00,-1.002,-1.001999982,-1.0009909909999999,False
2978829_2026-07-19T23:40:10.107282+00:00,2.2238,2.223800004,2.2248020019999997,False
2978867_2026-07-19T23:55:55.624064+00:00,-1.002,-1.002000012,-1.0010060060000001,False
2978934_2026-07-20T00:10:55.174663+00:00,0.0081,0.008100002,0.009101001000000027,False
2978958_2026-07-20T00:25:55.142710+00:00,-1.002,-1.002,-1.001,False
2978994_2026-07-20T00:40:09.163831+00:00,-1.002,-1.002000016,-1.0010080080000001,False
2979102_2026-07-20T00:55:12.976309+00:00,-1.002,-1.0020000008,-1.0010004004,False
2979308_2026-07-20T01:10:10.732622+00:00,-0.001,-0.0009999979999999998,1.0010000000297472e-06,False
2979340_2026-07-20T01:25:55.470136+00:00,0.1885,0.18849996,0.18947998,False
2979400_2026-07-20T01:40:10.833429+00:00,-1.002,-1.00200007,-1.001035035,False
2979530_2026-07-20T01:55:11.010927+00:00,-1.002,-1.002,-1.001,False
2979571_2026-07-20T02:10:12.031277+00:00,0.0,8.000000000125962e-09,0.0010040040000000058,False
2979628_2026-07-20T02:25:10.281161+00:00,-1.002,-1.0020000008,-1.0010004004,False
2979683_2026-07-20T02:40:11.095730+00:00,0.085,0.08499991999999999,0.08595995999999993,False
2979844_2026-07-20T02:55:56.404100+00:00,-1.002,-1.001999946,-1.000972973,False
2979888_2026-07-20T03:10:12.733022+00:00,1.2707,1.270700024,1.2717120119999998,False
2979945_2026-07-20T03:25:09.935935+00:00,-1.002,-1.002,-1.001,False
2979979_2026-07-20T03:40:10.992767+00:00,0.0184,0.018400016,0.01940800799999998,False
2980103_2026-07-20T03:55:10.739989+00:00,-1.002,-1.001999998,-1.0009989990000001,False
2981088_2026-07-20T04:10:10.459856+00:00,-1.002,-1.002,-1.001,False
2981171_2026-07-20T04:25:11.985637+00:00,0.6109,0.610900004,0.6119020020000001,False
2981355_2026-07-20T04:40:11.599421+00:00,-1.002,-1.002000024,-1.0010120120000001,False
2981498_2026-07-20T04:55:10.300915+00:00,-1.002,-1.0019999998,-1.0009998999,False
2985260_2026-07-20T05:25:54.526139+00:00,-1.002,-1.00199998,-1.0009899899999999,False
2985359_2026-07-20T05:40:57.043748+00:00,0.2967,0.296700002,0.297701001,False
2985440_2026-07-20T05:55:57.356343+00:00,-1.002,-1.002000004,-1.001002002,False
2985501_2026-07-20T06:10:54.626071+00:00,1.1719,1.171900012,1.172906006,False
2985537_2026-07-20T06:25:55.705750+00:00,-1.002,-1.001999998,-1.000998999,False
2985568_2026-07-20T06:40:10.633145+00:00,-1.002,-1.002,-1.001,False
2985637_2026-07-20T06:55:10.964187+00:00,0.0733,0.073299942,0.07427097099999987,False
2985673_2026-07-20T07:10:11.440215+00:00,0.1091,0.10910002,0.11011000999999992,False
2985708_2026-07-20T07:25:11.968219+00:00,0.0506,0.05060006,0.05163003000000006,False
2985806_2026-07-20T07:55:10.999746+00:00,0.2028,0.20280003200000002,0.2038160160000001,False
2985885_2026-07-20T08:10:11.068937+00:00,2.8442,2.844199976,2.8451879879999997,False
2986003_2026-07-20T08:25:09.605883+00:00,-1.002,-1.001999988,-1.000993994,False
2986040_2026-07-20T08:40:10.962375+00:00,-1.002,-1.002,-1.001,False
2986126_2026-07-20T08:55:11.064681+00:00,0.0397,0.039699936,0.04066796800000004,False
2986153_2026-07-20T09:10:10.074231+00:00,1.379,1.37899996,1.3799799799999999,False
2986189_2026-07-20T09:25:57.293140+00:00,0.0397,0.039699936,0.04066796800000004,False
2986227_2026-07-20T09:40:10.780770+00:00,0.2967,0.296700002,0.297701001,False
2986311_2026-07-20T09:55:12.041544+00:00,-1.002,-1.002000016,-1.0010080080000001,False
2986409_2026-07-20T10:10:11.576277+00:00,0.248,0.248,0.249,False
2986532_2026-07-20T10:25:58.331910+00:00,0.0838,0.0837999564,0.08477817820000003,False
2986568_2026-07-20T10:40:11.284401+00:00,-1.002,-1.002,-1.001,False
2986753_2026-07-20T10:55:09.811098+00:00,-1.002,-1.002,-1.001,False
2987164_2026-07-20T11:10:12.832001+00:00,0.0101,0.0101000904,0.011145245199999968,False
2987203_2026-07-20T11:25:11.342254+00:00,-1.002,-1.002,-1.001,False
2987304_2026-07-20T11:40:11.293623+00:00,0.002,0.002000032,0.00301601600000002,False
2987377_2026-07-20T11:55:09.576225+00:00,0.0289,0.028900054,0.029927027000000037,False
2987511_2026-07-20T12:10:09.805310+00:00,-1.002,-1.001999998,-1.000998999,False
2987552_2026-07-20T12:25:56.347266+00:00,-1.002,-1.002000012,-1.0010060060000001,False
2987741_2026-07-20T12:40:10.009657+00:00,-1.002,-1.002000016,-1.0010080080000001,False
2987831_2026-07-20T12:55:10.358864+00:00,0.1474,0.147400044,0.14842202200000004,False
2987927_2026-07-20T13:10:57.822930+00:00,0.1344,0.134399936,0.13536796800000003,False
2988041_2026-07-20T13:25:10.828566+00:00,-1.002,-1.002,-1.001,False
2988070_2026-07-20T13:40:57.329289+00:00,0.1474,0.147400044,0.14842202200000004,False
2988301_2026-07-20T13:55:10.135029+00:00,-1.002,-1.002,-1.001,False
2988528_2026-07-20T14:25:38.880497+00:00,0.5605,0.5605,0.5615,False
2988613_2026-07-20T14:40:40.047833+00:00,-1.002,-1.001999996,-1.0009979979999999,False
2988691_2026-07-20T14:55:40.337662+00:00,-1.002,-1.001999988,-1.000993994,False
2988864_2026-07-20T15:25:39.787172+00:00,-1.002,-1.002000016,-1.0010080080000001,False
2988951_2026-07-20T15:40:39.697981+00:00,5.6647,5.66469999,5.665694995,False
2989886_2026-07-20T16:10:38.254453+00:00,-1.002,-1.001999998,-1.000998999,False
2990034_2026-07-20T16:25:39.725453+00:00,-1.002,-1.002,-1.001,False
2990512_2026-07-20T16:55:39.611527+00:00,0.7837,0.7837000159999999,0.784708008,False
2991312_2026-07-20T17:10:40.173142+00:00,-1.002,-1.001999998,-1.0009989990000001,False
2991339_2026-07-20T17:25:38.757647+00:00,1.7007,1.700700002,1.7017010010000002,False
2991570_2026-07-20T17:40:38.273888+00:00,-1.002,-1.002,-1.001,False
2991753_2026-07-20T17:55:40.096889+00:00,0.003,0.00300005,0.004025025000000057,False
2991836_2026-07-20T18:10:39.179319+00:00,0.9211,0.921099976,0.9220879879999999,False
2992232_2026-07-20T18:55:40.176290+00:00,-1.002,-1.001999998,-1.000998999,False
2992776_2026-07-20T19:10:39.388267+00:00,-1.002,-1.00199998,-1.00098999,False
2993314_2026-07-20T20:10:44.176458+00:00,0.6109,0.610900004,0.6119020020000001,False
2993373_2026-07-20T20:25:39.198202+00:00,0.0289,0.028900054,0.029927027000000037,False
2993603_2026-07-20T20:55:39.620028+00:00,0.0506,0.05060006,0.05163003000000006,False
2993874_2026-07-20T21:25:41.083416+00:00,-1.002,-1.002000016,-1.0010080080000001,False
2994018_2026-07-20T21:55:40.875828+00:00,-1.002,-1.001999998,-1.000998999,False
2994427_2026-07-20T22:10:43.359614+00:00,-1.002,-1.002,-1.001,False
2994466_2026-07-20T22:25:40.875019+00:00,0.1608,0.160799984,0.16179199200000005,False
2994661_2026-07-20T22:55:39.395793+00:00,0.6109,0.610900004,0.6119020020000001,False
2995006_2026-07-20T23:25:07.522236+00:00,0.0506,0.05060006,0.05163003000000006,False
2995047_2026-07-20T23:40:07.784180+00:00,-1.002,-1.002,-1.001,False
2995110_2026-07-20T23:55:07.007865+00:00,6.1409,6.140899988,6.141893994,False
2995141_2026-07-21T00:10:06.629703+00:00,-1.002,-1.001999998,-1.000998999,False
2995177_2026-07-21T00:25:06.435458+00:00,0.001,0.0010000180000000005,0.00200900900000004,False
2995208_2026-07-21T00:40:06.710239+00:00,0.0289,0.028900054,0.029927027000000037,False
2995306_2026-07-21T00:55:08.065503+00:00,0.3869,0.38689998400000003,0.387891992,False
2995360_2026-07-21T01:10:08.126515+00:00,-1.002,-1.001999956,-1.0009779779999999,False
2995557_2026-07-21T01:25:09.145043+00:00,-1.002,-1.001999998,-1.000998999,False
2995597_2026-07-21T01:40:07.142273+00:00,-1.002,-1.001999992,-1.0009959959999999,False
2995677_2026-07-21T01:55:07.680084+00:00,-1.002,-1.001999998,-1.000998999,False
2995803_2026-07-21T02:10:06.608598+00:00,0.1216,0.121599992,0.12259599600000004,False
2995837_2026-07-21T02:25:07.312256+00:00,-1.002,-1.001999956,-1.0009779779999999,False
2995880_2026-07-21T02:40:08.326392+00:00,0.0733,0.073299942,0.07427097099999987,False
2996003_2026-07-21T02:55:08.841524+00:00,0.1608,0.160799984,0.16179199200000005,False
2996035_2026-07-21T03:10:07.129214+00:00,0.2801,0.280099924,0.28106196200000005,False
2996111_2026-07-21T03:25:08.515611+00:00,2.8442,2.844199976,2.8451879879999997,False
2996150_2026-07-21T03:40:06.609823+00:00,0.3679,0.36789994600000003,0.3688729729999999,False
2996305_2026-07-21T03:55:05.999215+00:00,0.8162,0.81619998,0.8171899899999999,False
2996510_2026-07-21T04:10:07.273606+00:00,0.0184,0.018400016,0.01940800799999998,False
2996903_2026-07-21T04:25:17.813574+00:00,-1.002,-1.00199998,-1.00098999,False
2997109_2026-07-21T04:40:25.706523+00:00,0.9588,0.958799984,0.9597919920000001,False
2997320_2026-07-21T04:55:27.610368+00:00,-1.002,-1.002,-1.001,False
2997420_2026-07-21T05:10:41.985286+00:00,0.4686,0.468599984,0.4695919919999999,False
2997469_2026-07-21T05:25:43.057962+00:00,0.0618,0.06180005599999999,0.0628280280000001,False
2997618_2026-07-21T05:40:41.296630+00:00,1.2202,1.22020002,1.22121001,False
2997738_2026-07-21T05:55:40.868185+00:00,0.0397,0.039699936,0.04066796800000004,False
2997792_2026-07-21T06:10:42.335834+00:00,-1.002,-1.002,-1.001,False
2997836_2026-07-21T06:25:40.865581+00:00,0.1885,0.18849996,0.18947998,False
2997880_2026-07-21T06:40:41.921429+00:00,0.0205,0.02049999,0.021494994999999933,False
2998032_2026-07-21T06:55:42.096995+00:00,-1.002,-1.001999998,-1.000998999,False
2998084_2026-07-21T07:10:43.070568+00:00,6.1409,6.140899988,6.141893994,False
2998162_2026-07-21T07:25:41.697917+00:00,0.9211,0.921099976,0.9220879879999999,False
2998193_2026-07-21T07:40:41.698495+00:00,0.0184,0.018400016,0.01940800799999998,False
2998371_2026-07-21T07:55:42.446629+00:00,0.0081,0.008100002,0.009101001000000027,False
2998660_2026-07-21T08:10:43.021411+00:00,2.4463,2.446299986,2.4472929930000005,False
2998695_2026-07-21T08:25:42.351215+00:00,-1.002,-1.002000038,-1.001019019,False
2998722_2026-07-21T08:40:40.837619+00:00,0.0618,0.06180005599999999,0.0628280280000001,False
2998804_2026-07-21T08:55:41.589257+00:00,-1.002,-1.002,-1.001,False
2999109_2026-07-21T09:10:42.473440+00:00,-1.002,-1.002,-1.001,False
2999125_2026-07-21T09:25:40.833133+00:00,0.2326,0.232599948,0.23357397399999985,False
2999171_2026-07-21T09:40:43.001587+00:00,0.0733,0.073299942,0.07427097099999987,False
2999260_2026-07-21T09:55:41.379468+00:00,-1.002,-1.00200008,-1.0010400400000001,False
2999531_2026-07-21T10:10:41.925920+00:00,0.0506,0.05060006,0.05163003000000006,False
2999583_2026-07-21T10:25:41.117448+00:00,0.7221,0.7221000439999999,0.7231220220000001,False
2999621_2026-07-21T10:40:42.371871+00:00,-1.002,-1.002,-1.001,False
2999728_2026-07-21T10:55:41.402952+00:00,-1.002,-1.0019999998,-1.0009998998999998,False
2999773_2026-07-21T11:10:42.829027+00:00,4.8804,4.880399983999999,4.881391991999999,False
2999791_2026-07-21T11:25:41.389974+00:00,2.2238,2.223800004,2.2248020019999997,False
2999892_2026-07-21T11:40:41.312113+00:00,0.0397,0.039699936,0.04066796800000004,False
2999964_2026-07-21T11:55:41.856734+00:00,1.2707,1.270700024,1.2717120119999998,False
3000206_2026-07-21T12:10:41.338857+00:00,0.3869,0.38689998400000003,0.387891992,False
3000244_2026-07-21T12:25:41.570219+00:00,0.2175,0.21750002,0.2185100100000001,False
3000385_2026-07-21T12:40:43.213232+00:00,0.0081,0.008100002,0.009101001000000027,False
3000479_2026-07-21T12:55:42.022099+00:00,1.379,1.37899996,1.3799799799999999,False
3000554_2026-07-21T13:10:44.678104+00:00,0.4905,0.49050004999999997,0.4915250249999999,False
3000724_2026-07-21T13:25:00.249433+00:00,-1.002,-1.001999998,-1.000998999,False
3000739_2026-07-21T13:40:11.947079+00:00,-1.002,-1.002000024,-1.0010120120000001,False
3000889_2026-07-21T13:55:11.943569+00:00,0.001,0.0010000180000000005,0.00200900900000004,False
3000936_2026-07-21T14:10:21.760580+00:00,0.1091,0.10910002,0.11011000999999992,False
3001157_2026-07-21T14:40:50.366532+00:00,0.5605,0.5605,0.5615,False
3001251_2026-07-21T14:55:07.337829+00:00,-1.002,-1.002000024,-1.0010120120000001,False
3001304_2026-07-21T15:10:07.260942+00:00,-1.002,-1.00200002,-1.00101001,False
3001366_2026-07-21T15:25:08.408863+00:00,-1.002,-1.002,-1.001,False
3001407_2026-07-21T15:40:06.685058+00:00,-1.002,-1.001999956,-1.0009779779999999,False
3001502_2026-07-21T15:55:32.989887+00:00,0.1091,0.10910002,0.11011000999999992,False
3002503_2026-07-21T16:25:08.392017+00:00,-1.002,-1.00200002,-1.00101001,False
3002670_2026-07-21T16:40:24.585395+00:00,0.0289,0.028900054,0.029927027000000037,False
3003898_2026-07-21T17:55:29.617160+00:00,-1.002,-1.0019999994,-1.0009996997000001,False
3003996_2026-07-21T18:10:33.023471+00:00,0.0618,0.06180005599999999,0.0628280280000001,False
3004043_2026-07-21T18:25:31.919557+00:00,-1.002,-1.002000012,-1.0010060060000001,False
3004061_2026-07-21T18:40:29.911646+00:00,0.8162,0.81619998,0.8171899899999999,False
3004142_2026-07-21T18:55:29.904086+00:00,0.7221,0.7221000439999999,0.7231220220000001,False
3004657_2026-07-21T19:10:31.362649+00:00,-1.002,-1.002000008,-1.001004004,False
3004768_2026-07-21T19:25:30.395304+00:00,0.0506,0.05060006,0.05163003000000006,False
3005076_2026-07-21T19:40:30.368631+00:00,0.0289,0.028900054,0.029927027000000037,False
3005358_2026-07-21T19:55:30.417520+00:00,-1.002,-1.00199998,-1.0009899899999999,False
3005679_2026-07-21T20:10:31.358244+00:00,-1.002,-1.00199998,-1.0009899899999999,False
3005821_2026-07-21T20:25:29.928315+00:00,-1.002,-1.002000012,-1.0010060060000001,False
3005860_2026-07-21T20:40:30.457953+00:00,0.0969,0.096900002,0.09790100100000002,False
3005948_2026-07-21T20:55:29.970712+00:00,-1.002,-1.001999998,-1.000998999,False
3006018_2026-07-21T21:10:31.203234+00:00,-1.002,-1.00200001,-1.001005005,False
3006049_2026-07-21T21:25:31.928875+00:00,-1.002,-1.001999998,-1.000998999,False
3006074_2026-07-21T21:40:31.500031+00:00,0.4065,0.40649992999999995,0.40746496500000007,False
3006169_2026-07-21T21:55:30.958623+00:00,0.5605,0.5605,0.5615,False
3006449_2026-07-21T22:10:31.508154+00:00,-1.002,-1.002000016,-1.0010080080000001,False
3006503_2026-07-21T22:25:30.930202+00:00,-1.002,-1.002,-1.001,False
3006594_2026-07-21T22:40:29.948929+00:00,0.1216,0.121599992,0.12259599600000004,False
3006683_2026-07-21T22:55:31.971943+00:00,-1.002,-1.00199997,-1.0009849849999999,False
3007868_2026-07-21T23:10:30.002784+00:00,-1.002,-1.002,-1.001,False
3007997_2026-07-21T23:25:31.376487+00:00,0.0397,0.039699936,0.04066796800000004,False
3008280_2026-07-21T23:40:31.667196+00:00,0.0733,0.073299942,0.07427097099999987,False
3008394_2026-07-22T00:10:29.952240+00:00,0.1474,0.147400044,0.14842202200000004,False
3008447_2026-07-22T00:25:31.617346+00:00,-1.002,-1.002,-1.001,False
3008657_2026-07-22T00:40:29.950580+00:00,0.2028,0.20280003200000002,0.2038160160000001,False
3008942_2026-07-22T00:55:30.914503+00:00,-1.002,-1.002,-1.001,False
3009189_2026-07-22T01:10:31.465683+00:00,-1.002,-1.001999998,-1.0009989990000001,False
3009284_2026-07-22T01:25:31.019494+00:00,-1.002,-1.002,-1.001,False
3009362_2026-07-22T01:40:30.485027+00:00,0.1745,0.17449995,0.17547497499999995,False
3009498_2026-07-22T01:55:29.926418+00:00,0.0969,0.096900002,0.09790100100000002,False
3009543_2026-07-22T02:10:30.996814+00:00,2.998,2.998,2.999,False
3009584_2026-07-22T02:25:32.249756+00:00,-1.002,-1.001999988,-1.000993994,False
3009606_2026-07-22T02:40:29.937303+00:00,-1.002,-1.002000004,-1.001002002,False
3009713_2026-07-22T02:55:31.479805+00:00,-1.002,-1.002000016,-1.0010080080000001,False
3009751_2026-07-22T03:10:30.502054+00:00,-1.002,-1.001999998,-1.0009989990000001,False
3009809_2026-07-22T03:25:31.085925+00:00,0.0174,0.0173999372,0.018368568599999958,False
3009890_2026-07-22T03:40:40.221076+00:00,-1.002,-1.002000012,-1.0010060060000001,False
3010001_2026-07-22T03:55:40.273442+00:00,-1.002,-1.002,-1.001,False
3010774_2026-07-22T04:10:39.820507+00:00,0.005,0.005000098,0.006049048999999972,False
3010830_2026-07-22T04:25:36.784722+00:00,0.2028,0.20280003200000002,0.2038160160000001,False
3010963_2026-07-22T04:40:35.652187+00:00,0.3869,0.38689998400000003,0.387891992,False
3011110_2026-07-22T04:55:15.192660+00:00,-1.002,-1.002,-1.001,False
3012704_2026-07-22T05:10:15.082828+00:00,-1.002,-1.0020000016,-1.0010008007999998,False
3012766_2026-07-22T05:25:13.472118+00:00,-1.002,-1.0019999998,-1.0009998998999998,False
3012827_2026-07-22T05:40:13.907254+00:00,-1.002,-1.001999998,-1.0009989990000001,False
3013058_2026-07-22T05:55:12.929061+00:00,-1.002,-1.002000016,-1.0010080080000001,False
3013265_2026-07-22T06:10:14.038520+00:00,10.1091,10.109100002,10.110101001,False
3013316_2026-07-22T06:25:30.328098+00:00,-1.002,-1.002,-1.001,False
3013348_2026-07-22T06:40:30.373916+00:00,0.0205,0.02049999,0.021494994999999933,False
3013571_2026-07-22T06:55:29.310882+00:00,-1.002,-1.002000016,-1.001008008,False
3013605_2026-07-22T07:10:30.362855+00:00,-1.002,-1.002000024,-1.0010120120000001,False
3013651_2026-07-22T07:25:29.969853+00:00,-1.002,-1.002000016,-1.0010080080000001,False
3013799_2026-07-22T07:40:31.829085+00:00,-1.002,-1.002,-1.001,False
3013892_2026-07-22T07:55:32.830238+00:00,0.0969,0.096900002,0.09790100100000002,False
3013992_2026-07-22T08:10:30.834640+00:00,0.001,0.0010000180000000005,0.00200900900000004,False
3014022_2026-07-22T08:25:04.177140+00:00,-1.002,-1.002,-1.001,False
3014058_2026-07-22T08:40:04.661356+00:00,-1.002,-1.002000016,-1.0010080080000001,False
3014197_2026-07-22T08:55:05.924131+00:00,0.1216,0.121599992,0.12259599600000004,False
3014321_2026-07-22T09:10:05.616556+00:00,0.0397,0.039699936,0.04066796800000004,False
3014340_2026-07-22T09:25:03.669814+00:00,0.2801,0.280099924,0.28106196200000005,False
3014386_2026-07-22T09:40:05.871775+00:00,-1.002,-1.002,-1.001,False
3014461_2026-07-22T09:55:04.182072+00:00,0.4686,0.468599984,0.4695919919999999,False
3014753_2026-07-22T10:10:50.642697+00:00,-1.002,-1.001999998,-1.000998999,False
3014815_2026-07-22T10:25:06.455257+00:00,0.0618,0.06180005599999999,0.0628280280000001,False
3014841_2026-07-22T10:40:03.750781+00:00,0.4473,0.447299966,0.4482829830000001,False
3014956_2026-07-22T10:55:03.740141+00:00,0.0081,0.008100002,0.009101001000000027,False
3016058_2026-07-22T11:10:03.933003+00:00,-1.002,-1.001999976,-1.0009879879999999,False
3016101_2026-07-22T11:25:05.287160+00:00,0.0081,0.008100002,0.009101001000000027,False
3016183_2026-07-22T11:40:05.162231+00:00,-1.002,-1.001999998,-1.000998999,False
3016256_2026-07-22T11:55:04.794961+00:00,0.001,0.0010000180000000005,0.00200900900000004,False
3016606_2026-07-22T12:10:11.122974+00:00,-1.002,-1.0019999998,-1.0009998998999998,False
3016812_2026-07-22T12:40:05.414607+00:00,-1.002,-1.001999998,-1.000998999,False
3017148_2026-07-22T12:55:05.470636+00:00,-1.002,-1.002,-1.001,False
3017221_2026-07-22T13:10:06.568541+00:00,0.2638,0.26380003599999996,0.264818018,False
3017287_2026-07-22T13:25:05.895704+00:00,-1.002,-1.001999998,-1.0009989990000001,False
3017650_2026-07-22T14:55:26.937829+00:00,0.3494,0.34939992799999997,0.350363964,False
3017702_2026-07-22T15:10:31.461160+00:00,0.085,0.08499991999999999,0.08595995999999993,False
3017723_2026-07-22T15:25:25.609254+00:00,0.1091,0.10910002,0.11011000999999992,False
3017833_2026-07-22T15:55:46.756753+00:00,0.3679,0.36789994600000003,0.3688729729999999,False
3019216_2026-07-22T17:10:39.205692+00:00,-1.002,-1.001999998,-1.000998999,False
3019273_2026-07-22T17:25:04.281629+00:00,-1.002,-1.002,-1.001,False
3019339_2026-07-22T17:40:04.178163+00:00,0.0081,0.008100002,0.009101001000000027,False
3019646_2026-07-22T18:10:19.317762+00:00,-1.002,-1.001999998,-1.000998999,False
3019666_2026-07-22T18:25:17.386196+00:00,-1.002,-1.001999998,-1.000998999,False
3019758_2026-07-22T18:40:19.552512+00:00,-1.002,-1.0020000008,-1.0010004004,False
3019831_2026-07-22T18:55:18.096470+00:00,0.0081,0.008100002,0.009101001000000027,False
3020393_2026-07-22T19:10:19.266231+00:00,-1.002,-1.002,-1.001,False
3020416_2026-07-22T19:25:17.857826+00:00,0.0081,0.008100002,0.009101001000000027,False
3020461_2026-07-22T19:40:17.358628+00:00,-1.002,-1.002000064,-1.0010320320000001,False
3020592_2026-07-22T19:55:19.519600+00:00,0.248,0.248,0.249,False
3020659_2026-07-22T20:10:18.383615+00:00,-1.002,-1.001999998,-1.000998999,False
3020696_2026-07-22T20:25:18.855960+00:00,0.3679,0.36789994600000003,0.3688729729999999,False
3020714_2026-07-22T20:40:17.343170+00:00,1.2202,1.22020002,1.22121001,False
3020793_2026-07-22T20:55:18.323612+00:00,-1.002,-1.002,-1.001,False
3020830_2026-07-22T21:10:18.829422+00:00,0.5853,0.5853000020000001,0.5863010009999999,False
3020977_2026-07-22T21:25:18.368379+00:00,-1.002,-1.002000016,-1.0010080080000001,False
3021093_2026-07-22T21:40:17.504325+00:00,0.001,0.0010000180000000005,0.00200900900000004,False
3021199_2026-07-22T21:55:17.899410+00:00,-1.002,-1.002,-1.001,False
3021493_2026-07-22T22:10:18.397176+00:00,-1.002,-1.001999998,-1.000998999,False
3021529_2026-07-22T22:25:19.319074+00:00,0.6647,0.66469996,0.6656799800000002,False
3021556_2026-07-22T22:40:18.120005+00:00,-1.002,-1.001999998,-1.000998999,False
3021659_2026-07-22T22:55:18.737570+00:00,0.0289,0.028900054,0.029927027000000037,False
3023259_2026-07-22T23:10:19.616239+00:00,-1.002,-1.001999964,-1.000981982,False
3023317_2026-07-22T23:25:39.934950+00:00,0.0733,0.073299942,0.07427097099999987,False
3023539_2026-07-22T23:40:39.513298+00:00,0.6373,0.637300054,0.638327027,False
3023629_2026-07-22T23:55:40.786141+00:00,0.0184,0.018400016,0.01940800799999998,False
3023657_2026-07-23T00:10:39.175868+00:00,0.1474,0.147400044,0.14842202200000004,False
3023719_2026-07-23T00:25:39.717255+00:00,0.0289,0.028900054,0.029927027000000037,False
3023757_2026-07-23T00:40:40.079919+00:00,-1.002,-1.001999998,-1.000998999,False
3023841_2026-07-23T00:55:40.752445+00:00,-1.002,-1.002000012,-1.0010060060000001,False
3024052_2026-07-23T01:10:41.374965+00:00,-1.002,-1.0020000046,-1.0010023023,False
3024083_2026-07-23T01:25:39.300042+00:00,-1.002,-1.001999998,-1.000998999,False
3024136_2026-07-23T01:40:39.197656+00:00,-1.002,-1.002,-1.001,False
3024297_2026-07-23T01:55:39.239418+00:00,0.0289,0.028900054,0.029927027000000037,False
3024352_2026-07-23T02:10:40.308701+00:00,-1.002,-1.002000038,-1.001019019,False
3024411_2026-07-23T02:25:40.334186+00:00,-1.002,-1.002,-1.001,False
3024442_2026-07-23T02:40:40.156962+00:00,0.6647,0.66469996,0.6656799800000002,False
3024534_2026-07-23T02:55:40.909971+00:00,0.6109,0.610900004,0.6119020020000001,False
3024582_2026-07-23T03:10:39.767043+00:00,-1.002,-1.002,-1.001,False
3024615_2026-07-23T03:25:39.242220+00:00,2.2238,2.223800004,2.2248020019999997,False
3024646_2026-07-23T03:40:39.206930+00:00,0.0506,0.05060006,0.05163003000000006,False
3024765_2026-07-23T03:55:39.214411+00:00,-1.002,-1.001999992,-1.0009959959999999,False
3025306_2026-07-23T04:10:40.015890+00:00,1.7758,1.775799984,1.776791992,False
3025383_2026-07-23T04:25:41.418374+00:00,0.1474,0.147400044,0.14842202200000004,False
3025475_2026-07-23T04:40:40.157347+00:00,-1.002,-1.002,-1.001,False
3025581_2026-07-23T04:55:39.821244+00:00,-1.002,-1.002,-1.001,False
3025934_2026-07-23T05:10:39.212745+00:00,0.4905,0.49050004999999997,0.4915250249999999,False
3025963_2026-07-23T05:25:39.194280+00:00,0.3313,0.33130005,0.332325025,False
3026074_2026-07-23T05:40:41.388851+00:00,1.7758,1.775799984,1.776791992,False
3026322_2026-07-23T05:55:41.455518+00:00,-1.002,-1.002,-1.001,False
3026449_2026-07-23T06:10:40.825969+00:00,-1.002,-1.00200002,-1.00101001,False
3026477_2026-07-23T06:25:40.347372+00:00,0.9588,0.958799984,0.9597919920000001,False
3026518_2026-07-23T06:40:41.405234+00:00,0.8848,0.884799992,0.8857959959999999,False
3026727_2026-07-23T06:55:40.866435+00:00,0.2638,0.26380003599999996,0.264818018,False
3026758_2026-07-23T07:10:40.913655+00:00,-1.002,-1.002,-1.001,False
3026890_2026-07-23T07:25:40.339972+00:00,-1.002,-1.002000024,-1.0010120120000001,False
3027102_2026-07-23T08:10:39.174624+00:00,0.0289,0.028900054,0.029927027000000037,False
3027150_2026-07-23T08:25:39.754173+00:00,1.8551,1.85510003,1.856115015,False
3027179_2026-07-23T08:40:39.753365+00:00,0.4266,0.42659996,0.4275799800000002,False
3027338_2026-07-23T08:55:40.897539+00:00,1.7758,1.775799984,1.776791992,False
3027378_2026-07-23T09:10:41.298638+00:00,0.0733,0.073299942,0.07427097099999987,False
3027412_2026-07-23T09:25:40.973029+00:00,0.1745,0.17449995,0.17547497499999995,False
3027439_2026-07-23T09:40:40.020946+00:00,1.9392,1.939199984,1.9401919919999997,False
3027532_2026-07-23T09:55:40.538840+00:00,-1.002,-1.002,-1.001,False
3027831_2026-07-23T10:10:40.775815+00:00,0.1474,0.147400044,0.14842202200000004,False
3027867_2026-07-23T10:25:39.279844+00:00,0.9588,0.958799984,0.9597919920000001,False
3027911_2026-07-23T10:40:39.757885+00:00,0.4905,0.49050004999999997,0.4915250249999999,False
3028800_2026-07-23T11:40:00.424808+00:00,-1.002,-1.001999998,-1.0009989990000001,False
3028864_2026-07-23T11:55:59.736772+00:00,-1.002,-1.002000052,-1.0010260260000001,False
3028903_2026-07-23T12:10:16.183941+00:00,-1.002,-1.002,-1.001,False
3028966_2026-07-23T12:25:15.485829+00:00,-1.002,-1.002,-1.001,False
3029002_2026-07-23T12:40:59.449275+00:00,-1.002,-1.002,-1.001,False
3029178_2026-07-23T13:10:16.202218+00:00,-1.002,-1.002000004,-1.001002002,False
3029233_2026-07-23T13:25:14.685437+00:00,-1.002,-1.001999982,-1.0009909909999999,False
3029293_2026-07-23T13:40:15.433596+00:00,0.5853,0.5853000020000001,0.5863010009999999,False
3029333_2026-07-23T13:55:21.461968+00:00,-1.002,-1.002000052,-1.0010260260000001,False
3029351_2026-07-23T14:10:14.080663+00:00,0.2326,0.232599948,0.23357397399999985,False
3029437_2026-07-23T14:25:16.758152+00:00,0.1474,0.147400044,0.14842202200000004,False
3029460_2026-07-23T14:40:14.722055+00:00,-1.002,-1.002000008,-1.0010040040000001,False
3029890_2026-07-23T14:55:20.063639+00:00,-1.002,-1.002,-1.001,False
3030262_2026-07-23T15:55:59.298037+00:00,0.0506,0.05060006,0.05163003000000006,False
3030585_2026-07-23T16:10:16.983235+00:00,-1.002,-1.001999998,-1.000998999,False
3030778_2026-07-23T16:25:14.273829+00:00,-1.002,-1.002000016,-1.0010080080000001,False
3031568_2026-07-23T16:40:15.909521+00:00,-1.002,-1.00200002,-1.00101001,False
3032057_2026-07-23T16:55:14.933576+00:00,0.3869,0.38689998400000003,0.387891992,False
3032682_2026-07-23T17:10:16.726288+00:00,0.4266,0.42659996,0.4275799800000002,False
3032724_2026-07-23T17:25:13.866079+00:00,0.1745,0.17449995,0.17547497499999995,False
3032884_2026-07-23T17:40:15.696801+00:00,-1.002,-1.001999998,-1.000998999,False
3032962_2026-07-23T17:55:14.028203+00:00,-1.002,-1.001999996,-1.0009979979999999,False
3033029_2026-07-23T18:10:13.759473+00:00,0.0081,0.008100002,0.009101001000000027,False
3033093_2026-07-23T18:25:14.841008+00:00,0.248,0.248,0.249,False
3033124_2026-07-23T18:40:13.756330+00:00,0.9211,0.921099976,0.9220879879999999,False
3033214_2026-07-23T18:55:15.462056+00:00,0.0733,0.073299942,0.07427097099999987,False
3034597_2026-07-23T19:10:13.765095+00:00,-1.002,-1.002000034,-1.001017017,False
3036033_2026-07-23T19:25:16.216166+00:00,0.085,0.08499991999999999,0.08595995999999993,False
3037257_2026-07-23T19:40:14.993925+00:00,-1.002,-1.002000004,-1.001002002,False
3037353_2026-07-23T19:55:15.973535+00:00,0.8162,0.81619998,0.8171899899999999,False
3044386_2026-07-23T20:10:15.880456+00:00,0.0,8.000000000125962e-09,0.0010040040000000058,False
3044444_2026-07-23T20:25:15.889541+00:00,0.0184,0.018400016,0.01940800799999998,False
3044480_2026-07-23T20:40:14.286517+00:00,-1.002,-1.002,-1.001,False
3044567_2026-07-23T20:55:16.001906+00:00,0.5132,0.513199936,0.5141679680000001,False
3044598_2026-07-23T21:10:15.975469+00:00,-1.002,-1.001999998,-1.000998999,False
3044917_2026-07-23T21:25:15.942840+00:00,0.2638,0.26380003599999996,0.264818018,False
3044975_2026-07-23T21:40:14.233953+00:00,-1.002,-1.002,-1.001,False
3045164_2026-07-23T21:55:14.856870+00:00,0.3679,0.36789994600000003,0.3688729729999999,False
3045419_2026-07-23T22:10:14.835878+00:00,-1.002,-1.001999998,-1.000998999,False
3045643_2026-07-23T22:25:15.756650+00:00,0.0618,0.06180005599999999,0.0628280280000001,False
3045850_2026-07-23T22:40:15.366334+00:00,0.0618,0.06180005599999999,0.0628280280000001,False
3045953_2026-07-23T22:55:14.694042+00:00,-1.002,-1.002,-1.001,False
3047506_2026-07-23T23:10:14.309624+00:00,2.8442,2.844199976,2.8451879879999997,False
3047583_2026-07-23T23:25:14.770047+00:00,-1.002,-1.00199998,-1.0009899899999999,False
3047863_2026-07-23T23:40:15.997231+00:00,-1.002,-1.002000038,-1.001019019,False
3047918_2026-07-23T23:55:14.032902+00:00,-1.002,-1.002,-1.001,False
3047960_2026-07-24T00:10:59.646814+00:00,-1.002,-1.002,-1.001,False
3048024_2026-07-24T00:25:15.616702+00:00,-1.002,-1.00200004,-1.00102002,False
3048393_2026-07-24T00:40:16.663201+00:00,-1.002,-1.002000004,-1.001002002,False
3048452_2026-07-24T00:55:16.115370+00:00,0.085,0.08499991999999999,0.08595995999999993,False
3048672_2026-07-24T01:10:16.617208+00:00,0.0184,0.018400016,0.01940800799999998,False
3048726_2026-07-24T01:25:20.644609+00:00,-1.002,-1.001999982,-1.0009909909999999,False
3048976_2026-07-24T01:40:15.151789+00:00,0.0174,0.0173999372,0.018368568599999958,False
3049045_2026-07-24T01:55:14.126746+00:00,-1.002,-1.001999984,-1.0009919919999999,False
3049092_2026-07-24T02:10:15.987692+00:00,0.085,0.08499991999999999,0.08595995999999993,False
3049254_2026-07-24T02:25:59.667655+00:00,-1.002,-1.002000016,-1.0010080080000001,False
3049606_2026-07-24T03:10:17.160103+00:00,0.0289,0.028900054,0.029927027000000037,False
3049833_2026-07-24T03:40:16.932832+00:00,0.9211,0.921099976,0.9220879879999999,False
3049980_2026-07-24T03:55:59.249783+00:00,0.3138,0.31379998400000003,0.3147919920000001,False
3050501_2026-07-24T04:10:15.237419+00:00,-1.002,-1.001999998,-1.000998999,False
3050543_2026-07-24T04:25:15.622268+00:00,0.4266,0.42659996,0.4275799800000002,False
3050808_2026-07-24T04:55:59.687573+00:00,-1.002,-1.001999998,-1.000998999,False
3051818_2026-07-24T06:10:14.209814+00:00,0.4266,0.42659996,0.4275799800000002,False
3051910_2026-07-24T06:40:15.240740+00:00,0.2801,0.280099924,0.28106196200000005,False
3051983_2026-07-24T06:55:16.990808+00:00,2.123,2.123,2.124,False
3052548_2026-07-24T08:10:15.699661+00:00,-1.002,-1.002,-1.001,False
3052737_2026-07-24T08:40:59.786524+00:00,0.0397,0.039699936,0.04066796800000004,False
3052856_2026-07-24T09:10:18.537984+00:00,-1.002,-1.002,-1.001,False
3052899_2026-07-24T09:25:19.307080+00:00,-1.002,-1.002000004,-1.001002002,False
3052925_2026-07-24T09:40:15.062323+00:00,0.0081,0.008100002,0.009101001000000027,False
3053005_2026-07-24T09:55:17.043704+00:00,0.085,0.08499991999999999,0.08595995999999993,False
3053109_2026-07-24T10:10:18.109341+00:00,-1.002,-1.001999998,-1.000998999,False
3053135_2026-07-24T10:25:14.822402+00:00,0.6647,0.66469996,0.6656799800000002,False
3053176_2026-07-24T10:40:15.634743+00:00,1.498,1.498,1.499,False
3053284_2026-07-24T10:55:21.176051+00:00,-1.002,-1.002,-1.001,False
3053972_2026-07-24T12:10:30.154430+00:00,-1.002,-1.001999984,-1.0009919919999999,False
3054001_2026-07-24T12:25:29.890271+00:00,-1.002,-1.00200005,-1.001025025,False
3054476_2026-07-24T13:25:10.715735+00:00,0.8162,0.81619998,0.8171899899999999,False
3054505_2026-07-24T13:40:09.288001+00:00,10.1091,10.109100002,10.110101001,False
3054625_2026-07-24T13:55:34.004104+00:00,-1.002,-1.002,-1.001,False
3054666_2026-07-24T14:10:40.478085+00:00,-1.002,-1.002000034,-1.001017017,False
3054974_2026-07-24T14:40:16.712941+00:00,-1.002,-1.002,-1.001,False
3055129_2026-07-24T14:55:16.263106+00:00,0.0733,0.073299942,0.07427097099999987,False
3055178_2026-07-24T15:10:18.051589+00:00,18.998,18.998,18.999,False
3055221_2026-07-24T15:25:18.641768+00:00,-1.002,-1.002000016,-1.0010080080000001,False
3055274_2026-07-24T15:40:17.834765+00:00,0.0397,0.039699936,0.04066796800000004,False
3055369_2026-07-24T15:55:43.788381+00:00,-1.002,-1.001999956,-1.0009779779999999,False
3059532_2026-07-24T16:10:35.455548+00:00,0.0618,0.06180005599999999,0.0628280280000001,False
3061515_2026-07-24T16:25:35.886091+00:00,-1.002,-1.001999956,-1.0009779779999999,False
3067359_2026-07-24T16:40:15.212614+00:00,-1.002,-1.001999998,-1.000998999,False
3067641_2026-07-24T16:55:17.102739+00:00,0.7221,0.7221000439999999,0.7231220220000001,False
3068162_2026-07-24T17:10:39.826594+00:00,1.7007,1.700700002,1.7017010010000002,False
3068430_2026-07-24T17:25:39.100506+00:00,0.001,0.0010000180000000005,0.00200900900000004,False
3068533_2026-07-24T17:40:39.762436+00:00,0.0969,0.096900002,0.09790100100000002,False
3068618_2026-07-24T17:55:39.939154+00:00,0.8162,0.81619998,0.8171899899999999,False
3068802_2026-07-24T18:10:40.228252+00:00,1.7007,1.700700002,1.7017010010000002,False
3068884_2026-07-24T18:25:39.206821+00:00,-1.002,-1.001999998,-1.000998999,False
3068961_2026-07-24T18:40:39.064404+00:00,0.9588,0.958799984,0.9597919920000001,False
3069050_2026-07-24T18:55:38.113195+00:00,0.0112,0.0111999432,0.01217157159999995,False
3069374_2026-07-24T19:10:38.162419+00:00,-1.002,-1.0019999998,-1.0009998998999998,False
3069701_2026-07-24T19:25:40.037922+00:00,0.1344,0.134399936,0.13536796800000003,False
3070797_2026-07-24T19:40:38.169080+00:00,0.0969,0.096900002,0.09790100100000002,False
3070999_2026-07-24T19:55:38.655601+00:00,-1.002,-1.002,-1.001,False
3071272_2026-07-24T20:10:38.125548+00:00,-1.002,-1.002000016,-1.0010080080000001,False
3071492_2026-07-24T20:25:39.157967+00:00,0.0618,0.06180005599999999,0.0628280280000001,False
3071568_2026-07-24T20:40:39.983428+00:00,-1.002,-1.00200002,-1.00101001,False
3071629_2026-07-24T20:55:38.110417+00:00,-1.002,-1.00199998,-1.0009899899999999,False
3071679_2026-07-24T21:10:38.118979+00:00,-1.002,-1.001999984,-1.000991992,False
3071738_2026-07-24T21:25:40.365717+00:00,0.1745,0.17449995,0.17547497499999995,False
3071809_2026-07-24T21:40:38.448590+00:00,-1.002,-1.002000024,-1.0010120120000001,False
3071915_2026-07-24T21:55:38.447543+00:00,-1.002,-1.001999988,-1.000993994,False
3072115_2026-07-24T22:10:39.356311+00:00,0.5853,0.5853000020000001,0.5863010009999999,False
3072155_2026-07-24T22:25:38.171572+00:00,0.6929,0.692900018,0.6939090090000001,False
3072240_2026-07-24T22:40:38.658504+00:00,0.0506,0.05060006,0.05163003000000006,False
3072339_2026-07-24T22:55:38.752984+00:00,-1.002,-1.002000016,-1.0010080080000001,False
3073360_2026-07-24T23:10:40.034597+00:00,-1.002,-1.00199998,-1.00098999,False
3073407_2026-07-24T23:25:38.642632+00:00,0.2028,0.20280003200000002,0.2038160160000001,False
3073490_2026-07-24T23:40:39.546311+00:00,2.3313,2.33130002,2.33231001,False
3073695_2026-07-24T23:55:40.067135+00:00,-1.002,-1.001999992,-1.0009959959999999,False
3073740_2026-07-25T00:10:40.092171+00:00,-1.002,-1.002000038,-1.001019019,False
3073785_2026-07-25T00:25:39.618777+00:00,0.1745,0.17449995,0.17547497499999995,False
3073856_2026-07-25T00:40:39.488051+00:00,-1.002,-1.001999996,-1.0009979979999999,False
3074048_2026-07-25T00:55:39.065168+00:00,-1.002,-1.002000024,-1.0010120120000001,False
3074263_2026-07-25T01:10:39.372567+00:00,-1.002,-1.00199998,-1.0009899899999999,False
3074325_2026-07-25T01:25:38.513331+00:00,0.7221,0.7221000439999999,0.7231220220000001,False
3074952_2026-07-25T01:55:21.073016+00:00,-1.002,-1.001999998,-1.000998999,False
3075763_2026-07-25T02:10:21.191663+00:00,0.2326,0.232599948,0.23357397399999985,False
3075818_2026-07-25T02:25:19.587355+00:00,-1.002,-1.002000004,-1.001002002,False
3075888_2026-07-25T02:40:20.179638+00:00,-1.002,-1.001999984,-1.0009919919999999,False
3075987_2026-07-25T02:55:20.209010+00:00,-1.002,-1.002000016,-1.0010080080000001,False
3076017_2026-07-25T03:10:19.714327+00:00,-1.002,-1.002000038,-1.001019019,False
3076056_2026-07-25T03:25:21.388184+00:00,0.0506,0.05060006,0.05163003000000006,False
3076201_2026-07-25T03:40:20.686126+00:00,0.7524,0.752399984,0.7533919920000002,False
3076312_2026-07-25T03:55:20.503092+00:00,-1.002,-1.002,-1.001,False
3076890_2026-07-25T04:10:20.695211+00:00,0.0397,0.039699936,0.04066796800000004,False
3076941_2026-07-25T04:25:20.156842+00:00,-1.002,-1.002000016,-1.0010080080000001,False
3077057_2026-07-25T04:40:20.733690+00:00,0.0397,0.039699936,0.04066796800000004,False
3077138_2026-07-25T04:55:21.296597+00:00,-1.002,-1.001999998,-1.000998999,False
3077345_2026-07-25T05:10:21.880409+00:00,-1.002,-1.001999996,-1.0009979979999999,False
3077375_2026-07-25T05:25:20.766450+00:00,-1.002,-1.002000024,-1.0010120120000001,False
3077529_2026-07-25T05:40:21.960453+00:00,-1.002,-1.0019999998,-1.0009998998999998,False
3077624_2026-07-25T05:55:21.851727+00:00,-1.002,-1.002000016,-1.0010080080000001,False
3077879_2026-07-25T06:10:20.152229+00:00,0.1091,0.10910002,0.11011000999999992,False
3077950_2026-07-25T06:25:29.892119+00:00,-1.002,-1.002,-1.001,False
3078021_2026-07-25T06:40:29.354739+00:00,-1.002,-1.001999956,-1.0009779779999999,False
3078283_2026-07-25T06:55:28.885295+00:00,0.998,0.998,0.999,False
3078317_2026-07-25T07:10:28.937912+00:00,0.4266,0.42659996,0.4275799800000002,False
3078411_2026-07-25T07:25:28.965178+00:00,0.3494,0.34939992799999997,0.350363964,False
3078452_2026-07-25T07:40:30.458918+00:00,0.3679,0.36789994600000003,0.3688729729999999,False
3078622_2026-07-25T07:55:28.990323+00:00,-1.002,-1.001999988,-1.000993994,False
3078674_2026-07-25T08:10:27.813632+00:00,-1.002,-1.002,-1.001,False
3078776_2026-07-25T08:25:27.795862+00:00,0.2801,0.280099924,0.28106196200000005,False
3078829_2026-07-25T08:40:28.811919+00:00,-1.002,-1.001999998,-1.000998999,False
3078925_2026-07-25T08:55:29.823572+00:00,-1.002,-1.0019999998,-1.0009998998999998,False
3078987_2026-07-25T09:25:23.448125+00:00,0.0289,0.028900054,0.029927027000000037,False
3079029_2026-07-25T09:40:42.520966+00:00,1.379,1.37899996,1.3799799799999999,False
3079130_2026-07-25T09:55:44.316586+00:00,0.0112,0.0111999432,0.01217157159999995,False
3079296_2026-07-25T10:10:43.756735+00:00,0.1608,0.160799984,0.16179199200000005,False
3079330_2026-07-25T10:25:44.104658+00:00,-1.002,-1.002,-1.001,False
3079368_2026-07-25T10:40:43.731157+00:00,-1.002,-1.00200001,-1.001005005,False
3079454_2026-07-25T10:55:44.823533+00:00,0.0969,0.096900002,0.09790100100000002,False
3079873_2026-07-25T11:10:37.730985+00:00,2.3313,2.33130002,2.33231001,False
3079915_2026-07-25T11:25:38.713729+00:00,0.8499,0.849899948,0.850873974,False
3079942_2026-07-25T11:40:38.238191+00:00,-1.002,-1.00199998,-1.0009899899999999,False
3080018_2026-07-25T11:55:41.884373+00:00,0.1885,0.18849996,0.18947998,False
3080367_2026-07-25T12:10:18.480760+00:00,-1.002,-1.002000016,-1.0010080080000001,False
3080410_2026-07-25T12:25:37.437104+00:00,-1.002,-1.00199998,-1.00098999,False
3080449_2026-07-25T12:40:15.987925+00:00,0.0506,0.05060006,0.05163003000000006,False
3080697_2026-07-25T12:55:15.631938+00:00,0.1474,0.147400044,0.14842202200000004,False
3080926_2026-07-25T13:10:06.243510+00:00,0.5605,0.5605,0.5615,False
3081023_2026-07-25T13:25:06.419786+00:00,1.0813,1.081300032,1.082316016,False
3081056_2026-07-25T13:40:06.968797+00:00,0.2326,0.232599948,0.23357397399999985,False
3081138_2026-07-25T13:55:06.985967+00:00,-1.002,-1.002,-1.001,False
3081167_2026-07-25T14:10:07.008106+00:00,0.6929,0.692900018,0.6939090090000001,False
3081284_2026-07-25T14:25:06.512192+00:00,-1.002,-1.002000016,-1.0010080080000001,False
3081325_2026-07-25T14:40:07.867854+00:00,0.0506,0.05060006,0.05163003000000006,False
3081440_2026-07-25T14:55:06.576959+00:00,0.3679,0.36789994600000003,0.3688729729999999,False
3081555_2026-07-25T15:10:07.481216+00:00,0.3869,0.38689998400000003,0.387891992,False
3081705_2026-07-25T15:25:07.847171+00:00,-1.002,-1.002000012,-1.0010060060000001,False
3081738_2026-07-25T15:40:06.457039+00:00,0.1091,0.10910002,0.11011000999999992,False
3081894_2026-07-25T15:55:07.355666+00:00,-1.002,-1.002,-1.001,False
3083710_2026-07-25T16:10:06.414978+00:00,8.0889,8.088900001999999,8.089901001,False
3086855_2026-07-25T16:40:06.848731+00:00,0.0289,0.028900054,0.029927027000000037,False
3087119_2026-07-25T16:55:06.395195+00:00,0.7837,0.7837000159999999,0.784708008,False
3087426_2026-07-25T17:10:06.446308+00:00,-1.002,-1.00200007,-1.001035035,False
3087797_2026-07-25T17:25:05.942136+00:00,0.0289,0.028900054,0.029927027000000037,False
3087882_2026-07-25T17:40:06.510738+00:00,0.7221,0.7221000439999999,0.7231220220000001,False
3087964_2026-07-25T17:55:07.886952+00:00,-1.002,-1.001999998,-1.000998999,False
3088175_2026-07-25T18:10:06.923366+00:00,0.0081,0.008100002,0.009101001000000027,False
3088402_2026-07-25T18:25:07.707005+00:00,0.5853,0.5853000020000001,0.5863010009999999,False
3089100_2026-07-25T18:40:05.943254+00:00,-1.002,-1.001999998,-1.000998999,False
3089226_2026-07-25T18:55:07.327437+00:00,0.9211,0.921099976,0.9220879879999999,False
3089549_2026-07-25T19:10:07.820044+00:00,0.7221,0.7221000439999999,0.7231220220000001,False
3089783_2026-07-25T19:25:08.046128+00:00,-1.002,-1.001999998,-1.000998999,False
3090242_2026-07-25T19:40:06.474886+00:00,-1.002,-1.002000016,-1.001008008,False
3090314_2026-07-25T19:55:05.946356+00:00,-1.002,-1.001999944,-1.0009719719999999,False
3090466_2026-07-25T20:10:05.937297+00:00,-1.002,-1.002,-1.001,False
3090632_2026-07-25T20:25:07.963684+00:00,-1.002,-1.001999956,-1.0009779779999999,False
3090711_2026-07-25T20:40:06.933302+00:00,-1.002,-1.002000004,-1.001002002,False
3090780_2026-07-25T20:55:06.431166+00:00,0.2638,0.26380003599999996,0.264818018,False
3090827_2026-07-25T21:10:06.872130+00:00,-1.002,-1.002000012,-1.0010060060000001,False
3090871_2026-07-25T21:25:07.380540+00:00,0.6647,0.66469996,0.6656799800000002,False
3090941_2026-07-25T21:40:07.435098+00:00,0.0112,0.0111999432,0.01217157159999995,False
3091041_2026-07-25T21:55:06.477303+00:00,0.5853,0.5853000020000001,0.5863010009999999,False
3091795_2026-07-25T22:10:07.031049+00:00,0.0289,0.028900054,0.029927027000000037,False
3091879_2026-07-25T22:25:07.366031+00:00,-1.002,-1.002000024,-1.0010120120000001,False
3091956_2026-07-25T22:40:06.852191+00:00,0.6109,0.610900004,0.6119020020000001,False
3092044_2026-07-25T22:55:07.131495+00:00,0.3494,0.34939992799999997,0.350363964,False
3092773_2026-07-25T23:10:06.235700+00:00,-1.002,-1.002000016,-1.0010080080000001,False
3093120_2026-07-25T23:25:08.463487+00:00,-1.002,-1.00200004,-1.00102002,False
3093369_2026-07-25T23:40:06.853734+00:00,-1.002,-1.002000052,-1.0010260260000001,False
3093659_2026-07-25T23:55:07.951417+00:00,-1.002,-1.002,-1.001,False
3093862_2026-07-26T00:10:05.929200+00:00,0.0733,0.073299942,0.07427097099999987,False
3094239_2026-07-26T00:25:07.179973+00:00,0.0969,0.096900002,0.09790100100000002,False
3094469_2026-07-26T00:40:06.384624+00:00,-1.002,-1.001999998,-1.000998999,False
3094708_2026-07-26T00:55:05.938153+00:00,0.0081,0.008100002,0.009101001000000027,False
3094935_2026-07-26T01:10:06.960952+00:00,-1.002,-1.00200001,-1.001005005,False
3094981_2026-07-26T01:25:07.306402+00:00,-1.002,-1.001999998,-1.000998999,False
3095070_2026-07-26T01:40:08.133601+00:00,-1.002,-1.002000076,-1.001038038,False
3095130_2026-07-26T01:55:05.983287+00:00,-1.002,-1.002000008,-1.0010040040000001,False
3095215_2026-07-26T02:10:06.447658+00:00,4.8804,4.880399983999999,4.881391991999999,False
3095263_2026-07-26T02:25:07.330624+00:00,11.498,11.498,11.499,False
3095332_2026-07-26T02:40:06.880787+00:00,-1.002,-1.002,-1.001,False
3095439_2026-07-26T02:55:07.191688+00:00,0.004,0.004000072,0.0050360360000000414,False
3095467_2026-07-26T03:10:05.934691+00:00,4.8804,4.880399983999999,4.881391991999999,False
3095513_2026-07-26T03:25:06.467519+00:00,-1.002,-1.002000016,-1.0010080080000001,False
3095586_2026-07-26T03:40:07.857471+00:00,-1.002,-1.00199998,-1.00098999,False
3095695_2026-07-26T03:55:07.948642+00:00,1.0388,1.038800016,1.039808008,False
3096776_2026-07-26T04:10:07.428699+00:00,-1.002,-1.002,-1.001,False
3096916_2026-07-26T04:25:07.357374+00:00,0.0289,0.028900054,0.029927027000000037,False
3097106_2026-07-26T04:40:07.776905+00:00,0.6109,0.610900004,0.6119020020000001,False
3097288_2026-07-26T04:55:05.943262+00:00,-1.002,-1.001999992,-1.0009959959999999,False
3097997_2026-07-26T05:10:06.436539+00:00,-1.002,-1.002,-1.001,False
3098061_2026-07-26T05:25:06.940857+00:00,-1.002,-1.001999998,-1.0009989990000001,False
3098100_2026-07-26T05:40:07.842481+00:00,-1.002,-1.002000016,-1.0010080080000001,False
3098215_2026-07-26T05:55:07.284003+00:00,-1.002,-1.002000004,-1.001002002,False
3098276_2026-07-26T06:10:07.917931+00:00,-1.002,-1.002,-1.001,False
3098292_2026-07-26T06:25:06.167034+00:00,-1.002,-1.002,-1.001,False
3098329_2026-07-26T06:40:07.548423+00:00,0.0,8.000000000125962e-09,0.0010040040000000058,False
3098509_2026-07-26T06:55:07.751903+00:00,0.0081,0.008100002,0.009101001000000027,False
3098536_2026-07-26T07:10:06.548840+00:00,-1.002,-1.002,-1.001,False
3098598_2026-07-26T07:25:41.384100+00:00,-1.002,-1.002,-1.001,False
3098633_2026-07-26T07:40:42.074497+00:00,-1.002,-1.002,-1.001,False
3098768_2026-07-26T07:55:39.997523+00:00,0.1474,0.147400044,0.14842202200000004,False
3098805_2026-07-26T08:10:40.487692+00:00,0.2801,0.280099924,0.28106196200000005,False
3098879_2026-07-26T08:25:41.405914+00:00,1.2202,1.22020002,1.22121001,False
3098919_2026-07-26T08:40:40.636208+00:00,0.4905,0.49050004999999997,0.4915250249999999,False
3098996_2026-07-26T08:55:39.981681+00:00,0.0081,0.008100002,0.009101001000000027,False
3099067_2026-07-26T09:10:39.965550+00:00,0.1474,0.147400044,0.14842202200000004,False
3099123_2026-07-26T09:25:40.295865+00:00,0.0184,0.018400016,0.01940800799999998,False
3099176_2026-07-26T09:40:41.669071+00:00,0.3679,0.36789994600000003,0.3688729729999999,False
3099243_2026-07-26T09:55:39.958802+00:00,-1.002,-1.001999988,-1.000993994,False
3099360_2026-07-26T10:10:41.461459+00:00,-1.002,-1.001999998,-1.000998999,False
3099417_2026-07-26T10:25:39.976774+00:00,0.1091,0.10910002,0.11011000999999992,False
3099463_2026-07-26T10:40:40.993176+00:00,0.0289,0.028900054,0.029927027000000037,False
3099528_2026-07-26T10:55:18.558811+00:00,-1.002,-1.002,-1.001,False
3099817_2026-07-26T11:10:18.646464+00:00,-1.002,-1.002000038,-1.001019019,False
3099879_2026-07-26T11:25:34.066601+00:00,-1.002,-1.002000064,-1.0010320320000001,False
3100111_2026-07-26T11:40:27.741540+00:00,-1.002,-1.002000016,-1.0010080080000001,False
3100244_2026-07-26T11:55:13.382070+00:00,0.2028,0.20280003200000002,0.2038160160000001,False
3100280_2026-07-26T12:10:13.047164+00:00,0.0195,0.019499903,0.020451451499999957,False
3100326_2026-07-26T12:25:23.229575+00:00,-1.002,-1.002,-1.001,False
3100360_2026-07-26T12:40:22.922898+00:00,-1.002,-1.002,-1.001,False
3100444_2026-07-26T12:55:24.137033+00:00,-1.002,-1.001999998,-1.000998999,False
3100527_2026-07-26T13:10:25.426145+00:00,-1.002,-1.002,-1.001,False
3100642_2026-07-26T13:40:13.844325+00:00,0.1216,0.121599992,0.12259599600000004,False
3100817_2026-07-26T13:55:12.497981+00:00,-1.002,-1.001999998,-1.000998999,False
3100871_2026-07-26T14:10:14.485248+00:00,0.0061,0.0060999296,0.007064764800000094,False
3101020_2026-07-26T14:25:13.649919+00:00,-1.002,-1.002,-1.001,False
3101059_2026-07-26T14:40:14.063142+00:00,0.2175,0.21750002,0.2185100100000001,False
3101097_2026-07-26T14:55:13.852546+00:00,0.4065,0.40649992999999995,0.40746496500000007,False
3101164_2026-07-26T15:10:13.874042+00:00,-1.002,-1.001999998,-1.000998999,False
3101281_2026-07-26T15:25:21.868856+00:00,0.0071,0.0070999638,0.008081881899999976,False
3101331_2026-07-26T15:40:21.891110+00:00,0.0506,0.05060006,0.05163003000000006,False
3102500_2026-07-26T16:40:06.236588+00:00,0.2028,0.20280003200000002,0.2038160160000001,False
3102682_2026-07-26T16:55:05.317960+00:00,-1.002,-1.001999998,-1.000998999,False
3102918_2026-07-26T17:10:06.254743+00:00,2.2238,2.223800004,2.2248020019999997,False
3102979_2026-07-26T17:25:12.938996+00:00,-1.002,-1.001999998,-1.000998999,False
3103319_2026-07-26T17:55:00.352257+00:00,0.2028,0.20280003200000002,0.2038160160000001,False
3103616_2026-07-26T18:10:00.823573+00:00,-1.002,-1.002000016,-1.0010080080000001,False
3103642_2026-07-26T18:25:45.229188+00:00,1.437,1.4370000200000002,1.4380100100000002,False
3103686_2026-07-26T18:40:00.654391+00:00,0.0506,0.05060006,0.05163003000000006,False
3103779_2026-07-26T18:55:45.168109+00:00,0.0397,0.039699936,0.04066796800000004,False
3103807_2026-07-26T19:10:45.298921+00:00,-1.002,-1.002,-1.001,False
3103869_2026-07-26T19:25:44.298446+00:00,0.0733,0.073299942,0.07427097099999987,False
3103917_2026-07-26T19:40:45.608681+00:00,0.4266,0.42659996,0.4275799800000002,False
3104009_2026-07-26T19:55:00.856712+00:00,-1.002,-1.00200001,-1.001005005,False
3104044_2026-07-26T20:10:44.831065+00:00,1.379,1.37899996,1.3799799799999999,False
3104090_2026-07-26T20:25:44.913948+00:00,-1.002,-1.002,-1.001,False
3104136_2026-07-26T20:40:00.973551+00:00,0.3138,0.31379998400000003,0.3147919920000001,False
3104199_2026-07-26T20:55:06.777072+00:00,-1.002,-1.001999992,-1.0009959959999999,False
3104241_2026-07-26T21:10:07.917068+00:00,0.2028,0.20280003200000002,0.2038160160000001,False
3104919_2026-07-26T21:25:52.678987+00:00,-0.001,-0.0009999979999999998,1.0010000000297472e-06,False
3104943_2026-07-26T21:40:07.305264+00:00,-1.002,-1.002,-1.001,False
3105057_2026-07-26T21:55:06.781208+00:00,0.0184,0.018400016,0.01940800799999998,False
3105092_2026-07-26T22:10:08.075239+00:00,0.001,0.0010000180000000005,0.00200900900000004,False
3105118_2026-07-26T22:25:07.242387+00:00,0.8848,0.884799992,0.8857959959999999,False
3105260_2026-07-26T22:40:06.776718+00:00,0.004,0.004000072,0.0050360360000000414,False
3105351_2026-07-26T22:55:07.698852+00:00,-1.002,-1.002000016,-1.0010080080000001,False
3105381_2026-07-26T23:10:06.727802+00:00,0.0397,0.039699936,0.04066796800000004,False
3105703_2026-07-26T23:25:07.229025+00:00,-1.002,-1.002000016,-1.0010080080000001,False
3106882_2026-07-26T23:40:08.168436+00:00,0.8499,0.849899948,0.850873974,False
3106957_2026-07-26T23:55:07.512395+00:00,-1.002,-1.002,-1.001,False
3107005_2026-07-27T00:10:52.208295+00:00,-1.002,-1.0019999994,-1.0009996997000001,False
3107057_2026-07-27T00:25:08.994478+00:00,-1.002,-1.002000016,-1.0010080080000001,False
3107085_2026-07-27T00:40:07.234196+00:00,-1.002,-1.002000004,-1.001002002,False
3107115_2026-07-27T00:55:06.761678+00:00,-1.002,-1.002000016,-1.0010080080000001,False
3107162_2026-07-27T01:10:08.619242+00:00,-1.002,-1.002000016,-1.0010080080000001,False
3107208_2026-07-27T01:25:08.168880+00:00,-1.002,-1.001999968,-1.0009839839999999,False
3107239_2026-07-27T01:40:07.221268+00:00,0.085,0.08499991999999999,0.08595995999999993,False
3107308_2026-07-27T01:55:08.642205+00:00,0.0184,0.018400016,0.01940800799999998,False
3107351_2026-07-27T02:10:08.403796+00:00,0.9211,0.921099976,0.9220879879999999,False
3107382_2026-07-27T02:25:08.177375+00:00,-1.002,-1.001999998,-1.0009989990000001,False
3107400_2026-07-27T02:40:06.733493+00:00,0.1091,0.10910002,0.11011000999999992,False
3107433_2026-07-27T02:55:08.152381+00:00,-1.002,-1.001999998,-1.000998999,False
3107455_2026-07-27T03:10:06.779816+00:00,0.5853,0.5853000020000001,0.5863010009999999,False
3107513_2026-07-27T03:25:08.610248+00:00,0.1608,0.160799984,0.16179199200000005,False
3107534_2026-07-27T03:40:07.285095+00:00,3.3458,3.3458000119999998,3.3468060060000004,False
3107622_2026-07-27T03:55:08.595094+00:00,-1.002,-1.002,-1.001,False
3107703_2026-07-27T04:25:35.675643+00:00,0.0551,0.0550999668,0.056083383400000006,False
3107729_2026-07-27T04:40:35.276177+00:00,0.2326,0.232599948,0.23357397399999985,False
3107753_2026-07-27T04:55:34.769523+00:00,-1.002,-1.002,-1.001,False
3107783_2026-07-27T05:10:34.827746+00:00,0.0397,0.039699936,0.04066796800000004,False
3108049_2026-07-27T05:25:33.850505+00:00,0.3679,0.36789994600000003,0.3688729729999999,False
3108089_2026-07-27T05:40:35.946734+00:00,-1.002,-1.001999998,-1.000998999,False
3108105_2026-07-27T05:55:34.659985+00:00,0.4686,0.468599984,0.4695919919999999,False
3108137_2026-07-27T06:10:43.564184+00:00,0.0397,0.039699936,0.04066796800000004,False
3108185_2026-07-27T06:25:44.374066+00:00,-1.002,-1.002,-1.001,False
3108207_2026-07-27T06:40:43.811565+00:00,0.7837,0.7837000159999999,0.784708008,False
3108248_2026-07-27T06:55:03.645419+00:00,-1.002,-1.002,-1.001,False
3109003_2026-07-27T07:10:00.495103+00:00,0.7221,0.7221000439999999,0.7231220220000001,False
3113607_2026-07-27T11:10:14.264327+00:00,-1.002,-1.001999998,-1.000998999,False
3113641_2026-07-27T11:25:15.657758+00:00,-1.002,-1.002,-1.001,False
3113658_2026-07-27T11:40:04.464574+00:00,0.0289,0.028900054,0.029927027000000037,False
3114003_2026-07-27T12:40:37.174500+00:00,3.1647,3.164699984,3.1656919919999997,False
3114035_2026-07-27T12:55:37.922922+00:00,0.1608,0.160799984,0.16179199200000005,False
3114067_2026-07-27T13:10:36.580285+00:00,-1.002,-1.002000012,-1.0010060060000001,False
3114261_2026-07-27T13:25:40.662441+00:00,-1.002,-1.001999992,-1.0009959959999999,False
3114289_2026-07-27T13:40:40.144122+00:00,-0.001,-0.0009999979999999998,1.0010000000297472e-06,False
3114357_2026-07-27T13:55:40.812150+00:00,-1.002,-1.001999998,-1.000998999,False
3114385_2026-07-27T14:10:40.293255+00:00,0.3494,0.34939992799999997,0.350363964,False
3114430_2026-07-27T14:25:40.840344+00:00,-1.002,-1.0019999994,-1.0009996997000001,False
3114456_2026-07-27T14:40:40.827240+00:00,-1.002,-1.0020000016,-1.0010008007999998,False
3114487_2026-07-27T14:55:40.070556+00:00,0.0397,0.039699936,0.04066796800000004,False
3114538_2026-07-27T15:10:40.997199+00:00,1.9392,1.939199984,1.9401919919999997,False
3114567_2026-07-27T15:25:41.470212+00:00,-1.002,-1.001999998,-1.000998999,False
3114589_2026-07-27T15:40:40.043704+00:00,-1.002,-1.002,-1.001,False
3114620_2026-07-27T15:55:40.524609+00:00,-1.002,-1.002000016,-1.0010080080000001,False
3114681_2026-07-27T16:10:40.992604+00:00,0.0081,0.008100002,0.009101001000000027,False
3114864_2026-07-27T16:25:40.522823+00:00,0.1216,0.121599992,0.12259599600000004,False
3114894_2026-07-27T16:40:40.521674+00:00,0.001,0.0010000180000000005,0.00200900900000004,False
3114934_2026-07-27T16:55:41.749843+00:00,-1.002,-1.002,-1.001,False
3114962_2026-07-27T17:10:41.633810+00:00,-1.002,-1.002,-1.001,False
3115428_2026-07-27T17:25:40.030275+00:00,0.003,0.00300005,0.004025025000000057,False
3115461_2026-07-27T17:40:40.616242+00:00,-1.002,-1.00200004,-1.00102002,False
3115746_2026-07-27T17:55:40.038164+00:00,1.8551,1.85510003,1.856115015,False
3115994_2026-07-27T18:10:42.498142+00:00,-1.002,-1.002,-1.001,False
3116012_2026-07-27T18:25:40.479761+00:00,-1.002,-1.001999998,-1.000998999,False
3116059_2026-07-27T18:40:40.495533+00:00,-1.002,-1.002,-1.001,False
3116095_2026-07-27T18:55:41.536220+00:00,0.4266,0.42659996,0.4275799800000002,False
3116127_2026-07-27T19:10:40.489392+00:00,0.0289,0.028900054,0.029927027000000037,False
3116959_2026-07-27T19:25:40.707277+00:00,2.998,2.998,2.999,False
3118114_2026-07-27T19:40:40.768687+00:00,-1.002,-1.002,-1.001,False
3118201_2026-07-27T19:55:42.270351+00:00,1.2707,1.270700024,1.2717120119999998,False
3119763_2026-07-27T20:10:42.174320+00:00,-1.002,-1.002000016,-1.0010080080000001,False
3119981_2026-07-27T20:25:41.899125+00:00,0.1885,0.18849996,0.18947998,False
3120012_2026-07-27T20:40:40.064894+00:00,-1.002,-1.002000004,-1.001002002,False
3120593_2026-07-27T20:55:40.032834+00:00,0.6929,0.692900018,0.6939090090000001,False
3120686_2026-07-27T21:10:40.023131+00:00,-1.002,-1.001999998,-1.000998999,False
3120727_2026-07-27T21:25:41.262551+00:00,-1.002,-1.002,-1.001,False
3120750_2026-07-27T21:40:40.496814+00:00,-1.002,-1.00199998,-1.00098999,False
3120777_2026-07-27T21:55:40.507863+00:00,-1.002,-1.002000016,-1.0010080080000001,False
3121003_2026-07-27T22:10:42.123710+00:00,-1.002,-1.002,-1.001,False
3121247_2026-07-27T22:25:41.275514+00:00,-1.002,-1.002,-1.001,False
3121316_2026-07-27T22:55:42.025152+00:00,-1.002,-1.0020000006,-1.0010003002999999,False
3121806_2026-07-27T23:10:40.619215+00:00,6.1409,6.140899988,6.141893994,False
3121848_2026-07-27T23:25:41.175494+00:00,0.0618,0.06180005599999999,0.0628280280000001,False
3121878_2026-07-27T23:40:42.002941+00:00,-1.002,-1.002,-1.001,False
3121907_2026-07-27T23:55:41.776740+00:00,0.1216,0.121599992,0.12259599600000004,False
3121966_2026-07-28T00:25:40.576112+00:00,1.379,1.37899996,1.3799799799999999,False
3122183_2026-07-28T00:40:42.580691+00:00,-1.002,-1.002000016,-1.0010080080000001,False
3122405_2026-07-28T00:55:41.090204+00:00,-1.002,-1.002000016,-1.0010080080000001,False
3122774_2026-07-28T01:10:41.935229+00:00,-1.002,-1.0020000016,-1.0010008007999998,False
3122791_2026-07-28T01:25:40.514934+00:00,0.4473,0.447299966,0.4482829830000001,False
3122843_2026-07-28T01:40:40.090736+00:00,-1.002,-1.001999998,-1.000998999,False
3123028_2026-07-28T01:55:40.016939+00:00,0.5853,0.5853000020000001,0.5863010009999999,False
3123061_2026-07-28T02:10:41.950444+00:00,0.3494,0.34939992799999997,0.350363964,False
3123243_2026-07-28T02:25:40.081529+00:00,-1.002,-1.00200007,-1.001035035,False
3123284_2026-07-28T02:40:42.282964+00:00,-1.002,-1.002,-1.001,False
3123347_2026-07-28T02:55:42.258574+00:00,0.085,0.08499991999999999,0.08595995999999993,False
3123376_2026-07-28T03:10:41.127314+00:00,0.4473,0.447299966,0.4482829830000001,False
3123418_2026-07-28T03:25:42.295647+00:00,0.0733,0.073299942,0.07427097099999987,False
3123439_2026-07-28T03:40:40.070205+00:00,0.0397,0.039699936,0.04066796800000004,False
3123508_2026-07-28T03:55:40.368844+00:00,-1.002,-1.001999998,-1.000998999,False
3123547_2026-07-28T04:10:41.531388+00:00,-1.002,-1.002000016,-1.0010080080000001,False
3123657_2026-07-28T04:25:41.649763+00:00,-1.002,-1.002000016,-1.0010080080000001,False
3124070_2026-07-28T04:55:58.022604+00:00,0.0184,0.018400016,0.01940800799999998,False
3124090_2026-07-28T05:10:55.271510+00:00,0.002,0.002000032,0.00301601600000002,False
3124129_2026-07-28T05:25:11.530131+00:00,0.0733,0.073299942,0.07427097099999987,False
3124147_2026-07-28T05:40:09.530725+00:00,2.5694,2.5694000160000003,2.570408008,False
3124233_2026-07-28T06:25:28.432940+00:00,0.0397,0.039699936,0.04066796800000004,False
3124271_2026-07-28T06:40:29.507220+00:00,0.0506,0.05060006,0.05163003000000006,False
3124288_2026-07-28T06:55:27.298461+00:00,0.0397,0.039699936,0.04066796800000004,False
3124326_2026-07-28T07:10:29.369970+00:00,-1.002,-1.002,-1.001,False
3124445_2026-07-28T07:25:28.906082+00:00,-1.002,-1.002,-1.001,False
3124612_2026-07-28T07:40:28.334954+00:00,-1.002,-1.001999992,-1.0009959959999999,False
3124665_2026-07-28T07:55:29.495482+00:00,0.248,0.248,0.249,False
3125098_2026-07-28T08:10:27.782549+00:00,-1.002,-1.001999998,-1.000998999,False
3125243_2026-07-28T08:25:28.813663+00:00,0.1608,0.160799984,0.16179199200000005,False
3125273_2026-07-28T08:40:27.795798+00:00,2.123,2.123,2.124,False
3125297_2026-07-28T08:55:27.307449+00:00,-1.002,-1.002000016,-1.0010080080000001,False
3125337_2026-07-28T09:10:29.250643+00:00,0.9588,0.958799984,0.9597919920000001,False
3125365_2026-07-28T09:25:28.814237+00:00,0.9588,0.958799984,0.9597919920000001,False
3125394_2026-07-28T09:40:29.029692+00:00,0.0081,0.008100002,0.009101001000000027,False
3125411_2026-07-28T09:55:27.786530+00:00,-1.002,-1.002,-1.001,False
3125450_2026-07-28T10:10:29.262891+00:00,-1.002,-1.002,-1.001,False
3125696_2026-07-28T10:25:27.790039+00:00,0.4686,0.468599984,0.4695919919999999,False
3125977_2026-07-28T10:40:29.515564+00:00,0.0081,0.008100002,0.009101001000000027,False
3126056_2026-07-28T10:55:27.278217+00:00,-1.002,-1.00199998,-1.0009899899999999,False
3126091_2026-07-28T11:10:29.122411+00:00,-1.002,-1.002,-1.001,False
3126101_2026-07-28T11:25:27.334239+00:00,0.0195,0.019499903,0.020451451499999957,False
3126135_2026-07-28T11:40:27.579957+00:00,-1.002,-1.002,-1.001,False
3126167_2026-07-28T11:55:28.603972+00:00,0.0289,0.028900054,0.029927027000000037,False
3126239_2026-07-28T12:25:30.441393+00:00,-1.002,-1.00199995,-1.000974975,False
3126259_2026-07-28T12:40:27.901933+00:00,0.4686,0.468599984,0.4695919919999999,False
3126293_2026-07-28T12:55:29.589441+00:00,0.2326,0.232599948,0.23357397399999985,False
3126318_2026-07-28T13:10:28.441658+00:00,-1.002,-1.002000012,-1.0010060060000001,False
3126344_2026-07-28T13:25:28.348060+00:00,-1.002,-1.0019999998,-1.0009998998999998,False
3126875_2026-07-28T13:55:29.078986+00:00,0.6929,0.692900018,0.6939090090000001,False
3126909_2026-07-28T14:10:28.278801+00:00,0.1474,0.147400044,0.14842202200000004,False
3127090_2026-07-28T14:25:27.805550+00:00,0.4065,0.40649992999999995,0.40746496500000007,False
3127230_2026-07-28T14:40:27.853933+00:00,0.3138,0.31379998400000003,0.3147919920000001,False
3127264_2026-07-28T14:55:29.460855+00:00,0.0506,0.05060006,0.05163003000000006,False
3127314_2026-07-28T15:10:29.745283+00:00,0.4473,0.447299966,0.4482829830000001,False
3127612_2026-07-28T15:25:33.303783+00:00,0.0,8.000000000125962e-09,0.0010040040000000058,False
3128095_2026-07-28T15:40:29.184258+00:00,0.2967,0.296700002,0.297701001,False
3128287_2026-07-28T16:10:00.131517+00:00,-1.002,-1.001999992,-1.0009959959999999,False
3128571_2026-07-28T16:25:46.647321+00:00,0.8499,0.849899948,0.850873974,False
3128593_2026-07-28T16:40:43.177624+00:00,0.4473,0.447299966,0.4482829830000001,False
3128627_2026-07-28T16:55:44.388762+00:00,0.0279,0.0278999342,0.028867067099999925,False
3128658_2026-07-28T17:10:44.653029+00:00,-1.002,-1.002,-1.001,False
3128736_2026-07-28T17:25:44.571526+00:00,-1.002,-1.002000016,-1.0010080080000001,False
3128771_2026-07-28T17:40:43.262438+00:00,-1.002,-1.002,-1.001,False
3128902_2026-07-28T17:55:44.668176+00:00,0.1474,0.147400044,0.14842202200000004,False
3128932_2026-07-28T18:10:00.713726+00:00,0.2801,0.280099924,0.28106196200000005,False
3129032_2026-07-28T18:25:44.174967+00:00,0.7524,0.752399984,0.7533919920000002,False
3129117_2026-07-28T18:40:44.601842+00:00,0.4065,0.40649992999999995,0.40746496500000007,False
3129187_2026-07-28T18:55:44.249273+00:00,-1.002,-1.001999998,-1.000998999,False
3129218_2026-07-28T19:10:44.697240+00:00,0.085,0.08499991999999999,0.08595995999999993,False
3129246_2026-07-28T19:25:44.627858+00:00,-1.002,-1.001999996,-1.0009979979999999,False
3129274_2026-07-28T19:40:43.611290+00:00,-1.002,-1.002000016,-1.0010080080000001,False
3129699_2026-07-28T20:10:42.595908+00:00,0.3313,0.33130005,0.332325025,False
3129941_2026-07-28T20:25:43.038809+00:00,-1.002,-1.002,-1.001,False
3129976_2026-07-28T20:40:44.632497+00:00,2.2238,2.223800004,2.2248020019999997,False
3130166_2026-07-28T20:55:42.598519+00:00,-1.002,-1.002000016,-1.001008008,False
3131725_2026-07-28T21:10:44.688962+00:00,0.2967,0.296700002,0.297701001,False
3132446_2026-07-28T21:25:42.567952+00:00,-1.002,-1.002000016,-1.0010080080000001,False
3133888_2026-07-28T21:40:43.080181+00:00,0.0122,0.012199997600000002,0.013198798799999956,False
3133991_2026-07-28T21:55:44.135020+00:00,-1.002,-1.002000014,-1.001007007,False
3134934_2026-07-28T22:10:44.037296+00:00,1.6296,1.629599984,1.630591992,False
3135476_2026-07-28T22:25:42.585884+00:00,-1.002,-1.001999998,-1.0009989990000001,False
3135888_2026-07-28T22:40:42.538121+00:00,-1.002,-1.002000016,-1.0010080080000001,False
3138082_2026-07-28T22:55:43.561266+00:00,-1.002,-1.002,-1.001,False
3141485_2026-07-28T23:25:44.564928+00:00,13.2837,13.283700002,13.284701001,False
3141681_2026-07-28T23:40:43.138781+00:00,0.0081,0.008100002,0.009101001000000027,False
3141883_2026-07-28T23:55:43.212894+00:00,0.0969,0.096900002,0.09790100100000002,False
3142104_2026-07-29T00:10:43.689717+00:00,0.0397,0.039699936,0.04066796800000004,False
3142162_2026-07-29T00:25:43.542859+00:00,-1.002,-1.002,-1.001,False
3142248_2026-07-29T00:40:44.093163+00:00,0.5605,0.5605,0.5615,False
3142367_2026-07-29T00:55:43.612483+00:00,-1.002,-1.002000014,-1.001007007,False
3142451_2026-07-29T01:10:42.606610+00:00,-1.002,-1.002,-1.001,False
3142507_2026-07-29T01:25:43.576613+00:00,0.0506,0.05060006,0.05163003000000006,False
3142638_2026-07-29T01:40:44.704850+00:00,-1.002,-1.002000016,-1.0010080080000001,False
3142781_2026-07-29T01:55:44.601996+00:00,-1.002,-1.002,-1.001,False
3142901_2026-07-29T02:10:43.164664+00:00,0.0506,0.05060006,0.05163003000000006,False
3142976_2026-07-29T02:25:44.652504+00:00,0.3494,0.34939992799999997,0.350363964,False
3143728_2026-07-29T02:40:42.568603+00:00,0.1091,0.10910002,0.11011000999999992,False
3144990_2026-07-29T02:55:43.935794+00:00,-1.002,-1.002000004,-1.001002002,False
3145091_2026-07-29T03:10:44.724844+00:00,-1.002,-1.001999998,-1.000998999,False
3145234_2026-07-29T03:25:44.734141+00:00,-1.002,-1.001999998,-1.000998999,False
3145441_2026-07-29T03:40:44.175440+00:00,-1.002,-1.001999984,-1.0009919919999999,False
3145541_2026-07-29T03:55:43.103394+00:00,-1.002,-1.001999992,-1.0009959959999999,False
3147244_2026-07-29T04:10:43.519412+00:00,-1.002,-1.002,-1.001,False
3147475_2026-07-29T04:25:44.439005+00:00,0.4473,0.447299966,0.4482829830000001,False
3147689_2026-07-29T04:40:44.294827+00:00,0.0506,0.05060006,0.05163003000000006,False
3147820_2026-07-29T04:55:43.939355+00:00,0.085,0.08499991999999999,0.08595995999999993,False
3148869_2026-07-29T05:10:42.551142+00:00,0.5365,0.53649995,0.5374749750000001,False
3149242_2026-07-29T05:25:42.577734+00:00,-1.002,-1.002000016,-1.0010080080000001,False
3149473_2026-07-29T05:40:42.554758+00:00,0.0289,0.028900054,0.029927027000000037,False
3149583_2026-07-29T05:55:43.030129+00:00,0.0081,0.008100002,0.009101001000000027,False
3149888_2026-07-29T06:10:00.022458+00:00,1.379,1.37899996,1.3799799799999999,False
3149916_2026-07-29T06:25:43.107386+00:00,0.0289,0.028900054,0.029927027000000037,False
3149951_2026-07-29T06:40:44.120553+00:00,0.2801,0.280099924,0.28106196200000005,False
3150049_2026-07-29T06:55:43.842135+00:00,-1.002,-1.001999998,-1.000998999,False
3150145_2026-07-29T07:10:42.850315+00:00,0.1885,0.18849996,0.18947998,False
3150234_2026-07-29T07:25:43.263952+00:00,2.0283,2.028300002,2.029301001,False
3150272_2026-07-29T07:40:44.203362+00:00,-1.002,-1.002000004,-1.001002002,False
3150425_2026-07-29T07:55:44.716778+00:00,3.7599,3.7599000019999997,3.760901001,False
3150565_2026-07-29T08:25:42.597723+00:00,-1.002,-1.001999998,-1.000998999,False
3150610_2026-07-29T08:40:42.790385+00:00,0.1474,0.147400044,0.14842202200000004,False
3150694_2026-07-29T08:55:43.469644+00:00,-1.002,-1.001999998,-1.000998999,False
3151014_2026-07-29T09:10:44.510688+00:00,0.1745,0.17449995,0.17547497499999995,False
3151197_2026-07-29T09:25:42.597742+00:00,0.2326,0.232599948,0.23357397399999985,False
3151312_2026-07-29T09:55:44.463883+00:00,0.0618,0.06180005599999999,0.0628280280000001,False
3151495_2026-07-29T10:10:43.996342+00:00,-1.002,-1.001999998,-1.0009989990000001,False
3151529_2026-07-29T10:25:43.512398+00:00,-1.002,-1.001999998,-1.0009989990000001,False
3151571_2026-07-29T10:40:44.519255+00:00,18.998,18.998,18.999,False
3151836_2026-07-29T10:55:43.962272+00:00,-1.002,-1.0019999998,-1.0009998999,False
3152846_2026-07-29T11:10:43.544855+00:00,0.1885,0.18849996,0.18947998,False
3153235_2026-07-29T11:25:43.511787+00:00,-1.002,-1.002,-1.001,False
3153390_2026-07-29T11:40:43.006052+00:00,-1.002,-1.002,-1.001,False
3153889_2026-07-29T11:55:43.229076+00:00,0.0733,0.073299942,0.07427097099999987,False
3154207_2026-07-29T12:10:43.474089+00:00,-1.002,-1.001999998,-1.000998999,False
3154680_2026-07-29T12:25:43.514786+00:00,-1.002,-1.001999998,-1.000998999,False
3154905_2026-07-29T12:40:43.039762+00:00,-1.002,-1.00200004,-1.00102002,False
3155014_2026-07-29T12:55:42.583079+00:00,-1.002,-1.002000016,-1.0010080080000001,False
3155165_2026-07-29T13:10:44.013779+00:00,0.4686,0.468599984,0.4695919919999999,False
3155206_2026-07-29T13:25:43.027550+00:00,-1.002,-1.0020000008,-1.0010004004,False
3155525_2026-07-29T13:40:43.546796+00:00,0.2326,0.232599948,0.23357397399999985,False
3155768_2026-07-29T13:55:42.557456+00:00,2.123,2.123,2.124,False
3155807_2026-07-29T14:10:42.607699+00:00,-1.002,-1.002,-1.001,False
3156194_2026-07-29T14:25:43.913410+00:00,-1.002,-1.002000008,-1.0010040040000001,False
3156481_2026-07-29T14:40:43.790141+00:00,-1.002,-1.001999998,-1.000998999,False
3156567_2026-07-29T14:55:44.669479+00:00,0.0733,0.073299942,0.07427097099999987,False
3156979_2026-07-29T15:10:42.914068+00:00,0.2638,0.26380003599999996,0.264818018,False
3157228_2026-07-29T15:25:43.589858+00:00,-1.002,-1.002,-1.001,False
3157359_2026-07-29T15:40:44.198837+00:00,-1.002,-1.002000012,-1.0010060060000001,False
3157814_2026-07-29T15:55:45.635405+00:00,-1.002,-1.001999984,-1.000991992,False
3161816_2026-07-29T16:10:00.623513+00:00,-1.002,-1.002,-1.001,False
3163307_2026-07-29T16:25:42.574428+00:00,0.03,0.029999984,0.03099199200000002,False
3167786_2026-07-29T16:40:43.530220+00:00,-1.002,-1.0020000008,-1.0010004004,False
3167868_2026-07-29T16:55:43.495249+00:00,0.0506,0.05060006,0.05163003000000006,False
3168641_2026-07-29T17:10:44.440264+00:00,0.3869,0.38689998400000003,0.387891992,False
3168758_2026-07-29T17:25:44.542641+00:00,-1.002,-1.001999998,-1.000998999,False
3168821_2026-07-29T17:40:42.556626+00:00,0.0184,0.018400016,0.01940800799999998,False
3169049_2026-07-29T17:55:43.229569+00:00,0.001,0.0010000180000000005,0.00200900900000004,False
3170062_2026-07-29T18:10:00.813276+00:00,0.085,0.08499991999999999,0.08595995999999993,False
3174024_2026-07-29T18:25:44.318449+00:00,-1.002,-1.002,-1.001,False
3176737_2026-07-29T18:40:44.431192+00:00,0.1474,0.147400044,0.14842202200000004,False
3176781_2026-07-29T18:55:42.557191+00:00,0.0289,0.028900054,0.029927027000000037,False
3179503_2026-07-29T19:10:43.041395+00:00,-1.002,-1.002,-1.001,False
3182746_2026-07-29T19:25:43.002914+00:00,-1.002,-1.002,-1.001,False
3186447_2026-07-29T19:40:43.026772+00:00,-1.002,-1.002,-1.001,False
3187500_2026-07-29T19:55:43.009183+00:00,-1.002,-1.001999998,-1.000998999,False
3187613_2026-07-29T20:10:44.072599+00:00,32.3313,32.331300002,32.332301001,False
3187787_2026-07-29T20:25:42.560648+00:00,-1.002,-1.002000008,-1.0010040040000001,False
3188372_2026-07-29T20:55:43.093513+00:00,-1.002,-1.00200002,-1.00101001,False
3190201_2026-07-29T21:10:44.011497+00:00,-1.002,-1.002000016,-1.0010080080000001,False
3191577_2026-07-29T21:25:42.644581+00:00,0.998,0.998,0.999,False
3191623_2026-07-29T21:40:44.758808+00:00,-1.002,-1.001999998,-1.000998999,False
3191774_2026-07-29T21:55:42.653755+00:00,0.0081,0.008100002,0.009101001000000027,False
3192108_2026-07-29T22:10:44.299674+00:00,0.0184,0.018400016,0.01940800799999998,False
3192224_2026-07-29T22:25:43.956885+00:00,0.998,0.998,0.999,False
3192407_2026-07-29T22:40:43.020252+00:00,-1.002,-1.002,-1.001,False
3192500_2026-07-29T22:55:42.559230+00:00,-1.002,-1.002,-1.001,False
3194247_2026-07-29T23:10:42.546861+00:00,-1.002,-1.002000014,-1.001007007,False
3194320_2026-07-29T23:25:42.580344+00:00,0.0397,0.039699936,0.04066796800000004,False
3194364_2026-07-29T23:40:44.401667+00:00,-1.002,-1.002,-1.001,False
3194430_2026-07-29T23:55:43.201955+00:00,-1.002,-1.002000016,-1.001008008,False
3194503_2026-07-30T00:10:00.662476+00:00,0.1091,0.10910002,0.11011000999999992,False
3194556_2026-07-30T00:25:44.550829+00:00,-1.002,-1.002000016,-1.0010080080000001,False
3194660_2026-07-30T00:40:44.508112+00:00,-1.002,-1.002,-1.001,False
3194761_2026-07-30T00:55:44.495067+00:00,-1.002,-1.001999992,-1.0009959959999999,False
3194970_2026-07-30T01:10:43.472173+00:00,0.0562,0.056200002,0.05720100100000006,False
3195032_2026-07-30T01:25:44.495809+00:00,0.0112,0.0111999432,0.01217157159999995,False
3195096_2026-07-30T01:40:42.555125+00:00,0.004,0.004000072,0.0050360360000000414,False
3195594_2026-07-30T02:10:43.495308+00:00,0.3494,0.34939992799999997,0.350363964,False
3195712_2026-07-30T02:25:43.987086+00:00,1.0813,1.081300032,1.082316016,False
3195819_2026-07-30T02:40:44.422310+00:00,-1.002,-1.001999998,-1.000998999,False
3195947_2026-07-30T02:55:17.518538+00:00,-1.002,-1.002,-1.001,False
3195978_2026-07-30T03:10:16.555066+00:00,1.0388,1.038800016,1.039808008,False
3196030_2026-07-30T03:25:18.426724+00:00,0.4065,0.40649992999999995,0.40746496500000007,False
3196083_2026-07-30T03:40:17.495368+00:00,-1.002,-1.001999998,-1.0009989990000001,False
3196223_2026-07-30T03:55:37.082908+00:00,0.085,0.08499991999999999,0.08595995999999993,False
3196817_2026-07-30T04:10:30.313826+00:00,-1.002,-1.001999998,-1.000998999,False
3196869_2026-07-30T04:25:29.896765+00:00,-1.002,-1.001999992,-1.0009959959999999,False
3196997_2026-07-30T04:40:30.464341+00:00,0.2175,0.21750002,0.2185100100000001,False
3197159_2026-07-30T04:55:36.550755+00:00,-1.002,-1.002000016,-1.0010080080000001,False
3198462_2026-07-30T05:10:30.932403+00:00,-1.002,-1.002000016,-1.0010080080000001,False
3198508_2026-07-30T05:25:30.411911+00:00,4.5536,4.553599984,4.554591992,False
3198532_2026-07-30T05:40:29.591635+00:00,0.1745,0.17449995,0.17547497499999995,False
3199137_2026-07-30T06:10:31.398745+00:00,-1.002,-1.002000016,-1.0010080080000001,False
3199209_2026-07-30T06:25:28.777431+00:00,0.0733,0.073299942,0.07427097099999987,False
3199259_2026-07-30T06:40:29.934573+00:00,-1.002,-1.001999998,-1.000998999,False
3199352_2026-07-30T06:55:28.813623+00:00,-1.002,-1.00199997,-1.0009849849999999,False
3199394_2026-07-30T07:10:29.819605+00:00,0.0618,0.06180005599999999,0.0628280280000001,False
3199435_2026-07-30T07:25:30.797362+00:00,0.2028,0.20280003200000002,0.2038160160000001,False
3199500_2026-07-30T07:40:36.424004+00:00,-1.002,-1.002000016,-1.0010080080000001,False
3199615_2026-07-30T07:55:31.224454+00:00,-1.002,-1.002000012,-1.0010060060000001,False
3199724_2026-07-30T08:10:31.091597+00:00,-1.002,-1.001999946,-1.000972973,False
3199867_2026-07-30T08:40:30.413538+00:00,2.3313,2.33130002,2.33231001,False
3199960_2026-07-30T08:55:30.897561+00:00,-1.002,-1.001999992,-1.0009959959999999,False
3200164_2026-07-30T09:40:30.089131+00:00,0.0397,0.039699936,0.04066796800000004,False
3200254_2026-07-30T09:55:30.698103+00:00,-1.002,-1.00199998,-1.0009899899999999,False
3200376_2026-07-30T10:10:31.173408+00:00,0.0969,0.096900002,0.09790100100000002,False
3200412_2026-07-30T10:25:29.278563+00:00,0.0506,0.05060006,0.05163003000000006,False
3200439_2026-07-30T10:40:29.292019+00:00,-1.002,-1.001999998,-1.000998999,False
3200511_2026-07-30T10:55:29.911308+00:00,-1.002,-1.002,-1.001,False
3201083_2026-07-30T11:10:29.930466+00:00,0.0184,0.018400016,0.01940800799999998,False
3201138_2026-07-30T11:25:30.272710+00:00,-1.002,-1.002,-1.001,False
3201176_2026-07-30T11:40:30.449984+00:00,0.0184,0.018400016,0.01940800799999998,False
3201251_2026-07-30T11:55:30.522252+00:00,0.001,0.0010000180000000005,0.00200900900000004,False
3201434_2026-07-30T12:40:29.931020+00:00,-1.002,-1.002000016,-1.001008008,False
3201528_2026-07-30T12:55:29.963173+00:00,0.0506,0.05060006,0.05163003000000006,False
3201605_2026-07-30T13:10:33.726194+00:00,-1.002,-1.001999998,-1.000998999,False
3201632_2026-07-30T13:25:29.426507+00:00,-1.002,-1.001999998,-1.000998999,False
3201675_2026-07-30T13:40:30.475247+00:00,18.998,18.998,18.999,False
3201773_2026-07-30T13:55:31.680689+00:00,1.0388,1.038800016,1.039808008,False
3201816_2026-07-30T14:10:30.973421+00:00,-1.002,-1.002,-1.001,False
3201851_2026-07-30T14:25:31.536897+00:00,0.5605,0.5605,0.5615,False
3201897_2026-07-30T14:40:33.958677+00:00,0.2326,0.232599948,0.23357397399999985,False
3201971_2026-07-30T14:55:31.378983+00:00,-1.002,-1.002,-1.001,False
3202093_2026-07-30T15:10:29.853222+00:00,0.0969,0.096900002,0.09790100100000002,False
3202170_2026-07-30T15:40:30.422890+00:00,0.5605,0.5605,0.5615,False
3202268_2026-07-30T15:55:35.090085+00:00,-1.002,-1.002000016,-1.0010080080000001,False
3203560_2026-07-30T16:10:30.572841+00:00,0.0081,0.008100002,0.009101001000000027,False
3204363_2026-07-30T16:25:30.839677+00:00,-1.002,-1.002,-1.001,False
3205419_2026-07-30T16:40:30.923559+00:00,-1.002,-1.002000004,-1.001002002,False
3205500_2026-07-30T16:55:30.724784+00:00,0.0506,0.05060006,0.05163003000000006,False
3206153_2026-07-30T17:10:29.821193+00:00,-1.002,-1.001999956,-1.0009779779999999,False
3206241_2026-07-30T17:25:30.658433+00:00,0.002,0.002000032,0.00301601600000002,False
3206285_2026-07-30T17:40:29.523077+00:00,6.1409,6.140899988,6.141893994,False
3206341_2026-07-30T17:55:30.712296+00:00,-1.002,-1.001999998,-1.000998999,False
3206713_2026-07-30T18:10:33.348254+00:00,-1.002,-1.001999998,-1.000998999,False
3207058_2026-07-30T18:40:29.951445+00:00,-1.002,-1.002,-1.001,False
3207223_2026-07-30T18:55:30.486949+00:00,-1.002,-1.002000004,-1.001002002,False
3207751_2026-07-30T19:10:28.838760+00:00,0.002,0.002000032,0.00301601600000002,False
3208488_2026-07-30T19:25:31.187668+00:00,0.3313,0.33130005,0.332325025,False
3209589_2026-07-30T19:40:30.375347+00:00,-1.002,-1.002,-1.001,False
3210125_2026-07-30T19:55:29.439450+00:00,-1.002,-1.002,-1.001,False
3210246_2026-07-30T20:10:30.642960+00:00,-1.002,-1.002000064,-1.0010320320000001,False
3210575_2026-07-30T20:25:30.395392+00:00,0.0289,0.028900054,0.029927027000000037,False
3210739_2026-07-30T20:40:31.493120+00:00,0.1885,0.18849996,0.18947998,False
3210805_2026-07-30T20:55:29.487784+00:00,-1.002,-1.001999998,-1.0009989990000001,False
3210845_2026-07-30T21:10:29.904534+00:00,-1.002,-1.002000016,-1.001008008,False
3210992_2026-07-30T21:25:29.698538+00:00,-1.002,-1.00200004,-1.00102002,False
3211201_2026-07-30T21:40:29.093075+00:00,0.0733,0.073299942,0.07427097099999987,False
3211481_2026-07-30T21:55:30.420271+00:00,-1.002,-1.002000014,-1.001007007,False
3211769_2026-07-30T22:10:29.720413+00:00,0.002,0.002000032,0.00301601600000002,False
3212318_2026-07-30T22:40:29.909124+00:00,-1.002,-1.002,-1.001,False
3212443_2026-07-30T22:55:29.918655+00:00,-1.002,-1.002000004,-1.001002002,False
3214123_2026-07-30T23:25:28.824978+00:00,-1.002,-1.00200004,-1.00102002,False
3214272_2026-07-30T23:40:31.048400+00:00,-1.002,-1.0020000628,-1.0010314314000002,False
3214457_2026-07-30T23:55:31.148928+00:00,-1.002,-1.001999998,-1.0009989990000001,False
3214649_2026-07-30T23:10:45.715753+00:00,0.1091,0.10910002,0.11011000999999992,False
3214742_2026-07-31T00:10:32.922249+00:00,1.5621,1.562100002,1.563101001,False
3214996_2026-07-31T00:40:29.879513+00:00,0.998,0.998,0.999,False
3215117_2026-07-31T00:55:28.814824+00:00,-1.002,-1.002,-1.001,False
3215159_2026-07-31T01:10:29.943424+00:00,-0.001,-0.0009999979999999998,1.0010000000297472e-06,False
3215202_2026-07-31T01:25:29.266076+00:00,-1.002,-1.002000016,-1.0010080080000001,False
3215330_2026-07-31T01:40:29.409168+00:00,-1.002,-1.0019999998,-1.0009998998999998,False
3215425_2026-07-31T01:55:30.173137+00:00,-1.002,-1.002,-1.001,False
3215638_2026-07-31T02:10:29.422472+00:00,-1.002,-1.00199995,-1.0009749749999999,False
3215687_2026-07-31T02:25:31.041554+00:00,-1.002,-1.002,-1.001,False
3215753_2026-07-31T02:40:30.431142+00:00,-1.002,-1.002000012,-1.0010060060000001,False
3215890_2026-07-31T02:55:28.838633+00:00,0.6647,0.66469996,0.6656799800000002,False
3215947_2026-07-31T03:10:30.345220+00:00,-1.002,-1.001999998,-1.000998999,False
3216009_2026-07-31T03:25:31.151976+00:00,0.004,0.004000072,0.0050360360000000414,False
3216086_2026-07-31T03:40:29.978485+00:00,7.3313,7.331300008,7.332304004,False
3216181_2026-07-31T03:55:29.948513+00:00,-1.002,-1.001999968,-1.0009839839999999,False
3216887_2026-07-31T04:10:29.354430+00:00,-1.002,-1.00200007,-1.001035035,False
3217038_2026-07-31T04:40:30.826980+00:00,-1.002,-1.001999992,-1.0009959959999999,False
3218869_2026-07-31T05:10:30.626064+00:00,0.0081,0.008100002,0.009101001000000027,False
3218942_2026-07-31T05:25:33.657269+00:00,-1.002,-1.002,-1.001,False
3219280_2026-07-31T07:10:31.502672+00:00,-1.002,-1.002,-1.001,False
3219308_2026-07-31T07:25:31.357249+00:00,-1.002,-1.001999998,-1.0009989990000001,False
3219330_2026-07-31T07:40:29.573453+00:00,-1.002,-1.002000016,-1.0010080080000001,False
3219431_2026-07-31T07:55:28.856669+00:00,0.0562,0.056200002,0.05720100100000006,False
3219486_2026-07-31T08:10:29.430312+00:00,-1.002,-1.001999998,-1.0009989990000001,False
3219530_2026-07-31T08:25:29.941253+00:00,13.2837,13.283700002,13.284701001,False
3219579_2026-07-31T08:40:31.399082+00:00,-1.002,-1.002,-1.001,False
3219743_2026-07-31T09:25:56.352236+00:00,-1.002,-1.002,-1.001,False
3219775_2026-07-31T09:40:13.122895+00:00,0.6929,0.692900018,0.6939090090000001,False
3219891_2026-07-31T09:55:14.690278+00:00,0.2028,0.20280003200000002,0.2038160160000001,False
3219982_2026-07-31T10:10:13.361602+00:00,1.437,1.4370000200000002,1.4380100100000002,False
3220050_2026-07-31T10:25:13.701492+00:00,0.0618,0.06180005599999999,0.0628280280000001,False
3220084_2026-07-31T10:40:15.478819+00:00,0.1745,0.17449995,0.17547497499999995,False
3220206_2026-07-31T10:55:12.951334+00:00,0.0289,0.028900054,0.029927027000000037,False
3220486_2026-07-31T11:10:14.547550+00:00,-1.002,-1.002000016,-1.001008008,False
3220541_2026-07-31T11:25:14.822040+00:00,-1.002,-1.002000064,-1.0010320320000001,False
3220598_2026-07-31T11:40:11.910587+00:00,-1.002,-1.002,-1.001,False
3220686_2026-07-31T11:55:11.797834+00:00,-1.002,-1.002000014,-1.001007007,False
3221192_2026-07-31T12:10:20.174714+00:00,-1.002,-1.002,-1.001,False
3221221_2026-07-31T12:25:13.926009+00:00,0.3869,0.38689998400000003,0.387891992,False
3221257_2026-07-31T12:40:11.899350+00:00,-1.002,-1.002,-1.001,False
3221374_2026-07-31T12:55:11.953320+00:00,0.0397,0.039699936,0.04066796800000004,False
3221479_2026-07-31T13:10:17.670928+00:00,1.437,1.4370000200000002,1.4380100100000002,False
3221751_2026-07-31T13:25:57.907205+00:00,0.0618,0.06180005599999999,0.0628280280000001,False
3221791_2026-07-31T13:40:15.173992+00:00,-1.002,-1.001999998,-1.000998999,False
3222172_2026-07-31T14:10:58.918949+00:00,-1.002,-1.0019999994,-1.0009996997000001,False
3222390_2026-07-31T14:25:16.156643+00:00,-1.002,-1.00199997,-1.0009849849999999,False
3222445_2026-07-31T14:40:17.835175+00:00,0.4473,0.447299966,0.4482829830000001,False
3222519_2026-07-31T14:55:15.438287+00:00,2.7017,2.701700002,2.702701001,False
3222737_2026-07-31T15:10:20.756013+00:00,-1.002,-1.002000024,-1.0010120120000001,False
3222933_2026-07-31T15:25:16.689530+00:00,-1.002,-1.001999998,-1.000998999,False
3223034_2026-07-31T15:40:14.787958+00:00,0.0081,0.008100002,0.009101001000000027,False
3223128_2026-07-31T15:55:18.081018+00:00,-1.002,-1.002,-1.001,False
3224926_2026-07-31T16:25:13.906222+00:00,0.5365,0.53649995,0.5374749750000001,False
3225813_2026-07-31T16:40:14.148234+00:00,-1.002,-1.001999998,-1.0009989990000001,False
3225969_2026-07-31T16:55:59.427834+00:00,0.3138,0.31379998400000003,0.3147919920000001,False
3226521_2026-07-31T17:10:13.018095+00:00,2.4463,2.446299986,2.4472929930000005,False
3226578_2026-07-31T17:25:58.195747+00:00,0.0733,0.073299942,0.07427097099999987,False
3226624_2026-07-31T17:40:18.871418+00:00,0.0506,0.05060006,0.05163003000000006,False
3226693_2026-07-31T17:55:11.619174+00:00,0.002,0.002000032,0.00301601600000002,False
3227302_2026-07-31T18:10:59.672644+00:00,-1.002,-1.002,-1.001,False
3228445_2026-07-31T18:25:13.431941+00:00,-1.002,-1.001999996,-1.0009979979999999,False
3228870_2026-07-31T18:40:12.456659+00:00,-1.002,-1.002,-1.001,False
3229143_2026-07-31T18:55:12.087962+00:00,0.0091,0.0091000442,0.010122122100000023,False
3229377_2026-07-31T19:10:12.666344+00:00,-1.002,-1.00200001,-1.001005005,False
3229929_2026-07-31T19:25:13.873816+00:00,-1.002,-1.001999998,-1.000998999,False
3231099_2026-07-31T19:40:11.363995+00:00,-1.002,-1.002000004,-1.001002002,False
3231217_2026-07-31T19:55:14.314438+00:00,-1.002,-1.00200005,-1.001025025,False
3231362_2026-07-31T20:10:11.858829+00:00,0.7221,0.7221000439999999,0.7231220220000001,False
3231474_2026-07-31T20:25:11.593960+00:00,2.7017,2.701700002,2.702701001,False
3231554_2026-07-31T20:40:11.873212+00:00,-1.002,-1.001999998,-1.0009989990000001,False
3231676_2026-07-31T20:55:13.974461+00:00,-1.002,-1.002000016,-1.0010080080000001,False
3231705_2026-07-31T21:10:11.376656+00:00,0.5853,0.5853000020000001,0.5863010009999999,False
3231755_2026-07-31T21:25:13.176353+00:00,0.3869,0.38689998400000003,0.387891992,False
3231838_2026-07-31T21:40:12.890700+00:00,0.2967,0.296700002,0.297701001,False
3231899_2026-07-31T21:55:11.553955+00:00,-1.002,-1.001999998,-1.000998999,False
3232164_2026-07-31T22:10:13.250099+00:00,0.0397,0.039699936,0.04066796800000004,False
3232213_2026-07-31T22:25:12.487725+00:00,-1.002,-1.00199998,-1.0009899899999999,False
3232481_2026-07-31T22:40:11.896104+00:00,-1.002,-1.002000012,-1.0010060060000001,False
3232565_2026-07-31T22:55:12.948670+00:00,2.2238,2.223800004,2.2248020019999997,False
3233847_2026-07-31T23:10:12.881047+00:00,0.0733,0.073299942,0.07427097099999987,False
3233916_2026-07-31T23:25:13.258668+00:00,0.5365,0.53649995,0.5374749750000001,False
3234023_2026-07-31T23:40:58.400227+00:00,-1.002,-1.002,-1.001,False
3234088_2026-07-31T23:55:11.529719+00:00,-1.002,-1.001999998,-1.000998999,False
3234181_2026-08-01T00:10:59.522933+00:00,0.0184,0.018400016,0.01940800799999998,False
3234230_2026-08-01T00:25:18.026207+00:00,0.0969,0.096900002,0.09790100100000002,False
3234302_2026-08-01T00:40:14.026248+00:00,0.2638,0.26380003599999996,0.264818018,False
3234358_2026-08-01T00:55:12.328747+00:00,-1.002,-1.002000016,-1.0010080080000001,False
3234587_2026-08-01T01:10:12.811382+00:00,0.5853,0.5853000020000001,0.5863010009999999,False
3234658_2026-08-01T01:25:14.110270+00:00,-1.002,-1.002,-1.001,False
3234792_2026-08-01T01:40:12.702011+00:00,0.3138,0.31379998400000003,0.3147919920000001,False
3234983_2026-08-01T01:55:12.129187+00:00,-1.002,-1.001999998,-1.000998999,False
3235070_2026-08-01T02:10:12.118733+00:00,0.2967,0.296700002,0.297701001,False
3235145_2026-08-01T02:25:12.523675+00:00,0.0618,0.06180005599999999,0.0628280280000001,False
3235219_2026-08-01T02:40:12.862528+00:00,0.4065,0.40649992999999995,0.40746496500000007,False
3235397_2026-08-01T02:55:13.675008+00:00,-1.002,-1.002,-1.001,False
3235439_2026-08-01T03:10:11.913691+00:00,-1.002,-1.002,-1.001,False
3235931_2026-08-01T03:25:14.310538+00:00,0.0081,0.008100002,0.009101001000000027,False
3236041_2026-08-01T03:40:56.864476+00:00,-1.002,-1.002000016,-1.0010080080000001,False
3236382_2026-08-01T03:55:20.274324+00:00,0.5132,0.513199936,0.5141679680000001,False
3236758_2026-08-01T04:10:16.475513+00:00,0.998,0.998,0.999,False
3236790_2026-08-01T04:25:17.397118+00:00,0.0289,0.028900054,0.029927027000000037,False
3236912_2026-08-01T04:40:16.488807+00:00,0.3138,0.31379998400000003,0.3147919920000001,False
3236967_2026-08-01T04:55:15.622561+00:00,0.0397,0.039699936,0.04066796800000004,False
3237549_2026-08-01T05:10:16.932565+00:00,0.2638,0.26380003599999996,0.264818018,False
3237617_2026-08-01T05:25:15.968299+00:00,-1.002,-1.001999998,-1.0009989990000001,False
3237649_2026-08-01T05:40:16.349082+00:00,-1.002,-1.001999998,-1.000998999,False
3237748_2026-08-01T05:55:15.165975+00:00,0.1608,0.160799984,0.16179199200000005,False
3237824_2026-08-01T06:25:14.935862+00:00,0.0184,0.018400016,0.01940800799999998,False
3237865_2026-08-01T06:40:11.376104+00:00,-1.002,-1.002000016,-1.0010080080000001,False
3238041_2026-08-01T06:55:12.034871+00:00,0.1091,0.10910002,0.11011000999999992,False
3238066_2026-08-01T07:10:14.927215+00:00,0.248,0.248,0.249,False
3238170_2026-08-01T07:25:57.537550+00:00,-1.002,-1.002,-1.001,False
3238206_2026-08-01T07:40:59.566081+00:00,-1.002,-1.002,-1.001,False
3238423_2026-08-01T08:10:12.831513+00:00,0.0289,0.028900054,0.029927027000000037,False
3238483_2026-08-01T08:25:11.775693+00:00,-1.002,-1.002000016,-1.001008008,False
3238525_2026-08-01T08:40:56.903738+00:00,0.1608,0.160799984,0.16179199200000005,False
3238610_2026-08-01T08:55:14.651376+00:00,0.0101,0.0101000904,0.011145245199999968,False
3238664_2026-08-01T09:10:12.957727+00:00,-1.002,-1.001999984,-1.0009919919999999,False
3238744_2026-08-01T09:40:13.639783+00:00,0.3494,0.34939992799999997,0.350363964,False
3238780_2026-08-01T09:55:16.710579+00:00,-1.002,-1.0020000018,-1.0010009008999998,False
3238862_2026-08-01T10:10:14.527301+00:00,-1.002,-1.001999998,-1.000998999,False
3238995_2026-08-01T10:40:56.779819+00:00,5.248,5.248,5.249,False
3239277_2026-08-01T10:55:14.602853+00:00,-1.002,-1.002,-1.001,False
3239300_2026-08-01T11:10:57.007969+00:00,2.0283,2.028300002,2.029301001,False
3239383_2026-08-01T11:25:17.035317+00:00,0.1474,0.147400044,0.14842202200000004,False
3239426_2026-08-01T11:40:59.950342+00:00,-1.002,-1.002000016,-1.0010080080000001,False
3239514_2026-08-01T11:55:57.203813+00:00,0.1745,0.17449995,0.17547497499999995,False
3239899_2026-08-01T12:10:22.259577+00:00,0.0733,0.073299942,0.07427097099999987,False
3240351_2026-08-01T12:55:11.865154+00:00,0.1091,0.10910002,0.11011000999999992,False
3240394_2026-08-01T13:10:15.328403+00:00,-1.002,-1.001999984,-1.000991992,False
3240437_2026-08-01T13:25:14.291543+00:00,-1.002,-1.001999998,-1.0009989990000001,False
3240461_2026-08-01T13:40:15.858332+00:00,-1.002,-1.00199998,-1.00098999,False
3240630_2026-08-01T14:10:57.371961+00:00,0.085,0.08499991999999999,0.08595995999999993,False
3240691_2026-08-01T14:25:15.206174+00:00,0.0184,0.018400016,0.01940800799999998,False
3240747_2026-08-01T14:40:56.384998+00:00,-1.002,-1.002,-1.001,False
3240775_2026-08-01T14:55:13.910803+00:00,15.6647,15.664699996000001,15.665697997999999,False
3240810_2026-08-01T15:10:15.838812+00:00,-1.002,-1.002000016,-1.0010080080000001,False
3240862_2026-08-01T15:40:18.346252+00:00,-1.002,-1.002,-1.001,False
3240899_2026-08-01T15:55:58.776475+00:00,-1.002,-1.002000004,-1.001002002,False
3240978_2026-08-01T16:10:17.358177+00:00,-1.002,-1.002,-1.001,False
3241229_2026-08-01T16:25:17.319275+00:00,0.8499,0.849899948,0.850873974,False
3241316_2026-08-01T16:40:16.685839+00:00,0.0184,0.018400016,0.01940800799999998,False
3241482_2026-08-01T16:55:13.979960+00:00,-1.002,-1.002,-1.001,False
3241638_2026-08-01T17:10:57.381855+00:00,-1.002,-1.0020000292,-1.0010146145999999,False
3241818_2026-08-01T17:25:58.993975+00:00,-1.002,-1.001999998,-1.0009989990000001,False
3241981_2026-08-01T17:40:15.809677+00:00,-1.002,-1.002,-1.001,False
3242094_2026-08-01T17:55:14.526402+00:00,-1.002,-1.0020000016,-1.0010008007999998,False
3242535_2026-08-01T18:25:16.949329+00:00,-1.002,-1.0019999998,-1.0009998998999998,False
3242640_2026-08-01T18:40:17.199221+00:00,-1.002,-1.002,-1.001,False
3242786_2026-08-01T18:55:19.077253+00:00,0.0397,0.039699936,0.04066796800000004,False
3244587_2026-08-01T19:10:57.090775+00:00,-1.002,-1.002000016,-1.0010080080000001,False
3245287_2026-08-01T19:25:14.122741+00:00,-1.002,-1.001999988,-1.000993994,False
3246474_2026-08-01T19:40:15.539155+00:00,-1.002,-1.001999998,-1.000998999,False
3246705_2026-08-01T19:55:16.785390+00:00,0.0618,0.06180005599999999,0.0628280280000001,False
3246817_2026-08-01T20:10:58.573862+00:00,0.2028,0.20280003200000002,0.2038160160000001,False
3247012_2026-08-01T20:25:13.673712+00:00,0.0397,0.039699936,0.04066796800000004,False
3247291_2026-08-01T20:55:57.703076+00:00,0.0397,0.039699936,0.04066796800000004,False
3247450_2026-08-01T21:10:58.077687+00:00,0.0081,0.008100002,0.009101001000000027,False
3247618_2026-08-01T21:25:19.435827+00:00,0.6373,0.637300054,0.638327027,False
3247798_2026-08-01T21:40:57.875343+00:00,2.123,2.123,2.124,False
3247995_2026-08-01T21:55:17.937788+00:00,0.5132,0.513199936,0.5141679680000001,False
3248960_2026-08-01T22:10:57.428298+00:00,0.0733,0.073299942,0.07427097099999987,False
3249292_2026-08-01T22:25:18.362707+00:00,-1.002,-1.001999998,-1.000998999,False
3249778_2026-08-01T22:40:13.792506+00:00,-1.002,-1.00199998,-1.0009899899999999,False
3250044_2026-08-01T22:55:15.532900+00:00,-1.002,-1.002,-1.001,False
3251422_2026-08-01T23:10:14.532470+00:00,-1.002,-1.00200002,-1.0010100100000001,False
3251638_2026-08-01T23:25:18.142202+00:00,-1.002,-1.002,-1.001,False
3251825_2026-08-01T23:40:15.704224+00:00,0.0506,0.05060006,0.05163003000000006,False
3251948_2026-08-01T23:55:18.835673+00:00,-1.002,-1.00200002,-1.00101001,False
3251993_2026-08-02T00:10:21.026611+00:00,0.003,0.00300005,0.004025025000000057,False
3252038_2026-08-02T00:25:14.819312+00:00,-1.002,-1.002000024,-1.0010120120000001,False
3252123_2026-08-02T00:40:16.078951+00:00,-1.002,-1.001999998,-1.000998999,False
3252294_2026-08-02T00:55:17.787806+00:00,-1.002,-1.002,-1.001,False
3252557_2026-08-02T01:10:16.180821+00:00,0.0061,0.0060999296,0.007064764800000094,False
3252611_2026-08-02T01:25:16.766265+00:00,-1.002,-1.002,-1.001,False
3252708_2026-08-02T01:40:18.163876+00:00,0.0397,0.039699936,0.04066796800000004,False
3252857_2026-08-02T01:55:18.455455+00:00,-1.002,-1.001999992,-1.0009959959999999,False
3252893_2026-08-02T02:10:15.002385+00:00,0.0071,0.0070999638,0.008081881899999976,False
3252948_2026-08-02T02:25:12.987028+00:00,-1.002,-1.00200007,-1.001035035,False
3253046_2026-08-02T02:40:11.527317+00:00,-1.002,-1.002000016,-1.0010080080000001,False
3253127_2026-08-02T02:55:56.379004+00:00,0.0506,0.05060006,0.05163003000000006,False
3253230_2026-08-02T03:25:08.734383+00:00,0.0397,0.039699936,0.04066796800000004,False
3253322_2026-08-02T03:40:06.412303+00:00,0.0969,0.096900002,0.09790100100000002,False
3253632_2026-08-02T03:55:10.648452+00:00,-1.002,-1.001999998,-1.000998999,False
3254453_2026-08-02T04:10:07.388759+00:00,0.0081,0.008100002,0.009101001000000027,False
3254575_2026-08-02T04:25:08.320018+00:00,-1.002,-1.002000016,-1.0010080080000001,False
3254692_2026-08-02T04:40:53.447111+00:00,-1.002,-1.001999998,-1.000998999,False
3254869_2026-08-02T04:55:08.004004+00:00,0.0289,0.028900054,0.029927027000000037,False
3257264_2026-08-02T05:10:10.148248+00:00,-1.002,-1.002,-1.001,False
3258201_2026-08-02T05:25:12.622485+00:00,0.6647,0.66469996,0.6656799800000002,False
3258229_2026-08-02T05:40:08.469746+00:00,-1.002,-1.002,-1.001,False
3258317_2026-08-02T05:55:07.214797+00:00,0.0506,0.05060006,0.05163003000000006,False
3258383_2026-08-02T06:10:52.746078+00:00,-1.002,-1.001999998,-1.0009989990000001,False
3258422_2026-08-02T06:25:12.003718+00:00,0.1091,0.10910002,0.11011000999999992,False
3258509_2026-08-02T06:40:10.926021+00:00,-1.002,-1.002,-1.001,False
3258612_2026-08-02T06:55:07.142696+00:00,-1.002,-1.002000016,-1.0010080080000001,False
3258908_2026-08-02T07:10:06.758359+00:00,0.8499,0.849899948,0.850873974,False
3259012_2026-08-02T07:25:08.983190+00:00,-1.002,-1.00200002,-1.00101001,False
3259048_2026-08-02T07:40:09.942775+00:00,0.0184,0.018400016,0.01940800799999998,False
3259131_2026-08-02T07:55:09.261047+00:00,-1.002,-1.002,-1.001,False
3259181_2026-08-02T08:10:54.523622+00:00,-1.002,-1.00199998,-1.00098999,False
3259354_2026-08-02T08:25:09.202452+00:00,-1.002,-1.002,-1.001,False
3259386_2026-08-02T08:40:11.410108+00:00,-1.002,-1.002,-1.001,False
3259468_2026-08-02T08:55:10.868636+00:00,-1.002,-1.00199998,-1.00098999,False
3259496_2026-08-02T09:10:09.371970+00:00,0.0289,0.028900054,0.029927027000000037,False
3259563_2026-08-02T09:25:09.274162+00:00,-1.002,-1.001999956,-1.0009779779999999,False
3259593_2026-08-02T09:40:52.410576+00:00,0.0957,0.09569999059999999,0.09669529530000004,False
3259703_2026-08-02T09:55:13.639219+00:00,0.5853,0.5853000020000001,0.5863010009999999,False
3259761_2026-08-02T10:10:51.857203+00:00,-1.002,-1.002,-1.001,False
3259801_2026-08-02T10:25:07.357020+00:00,-1.002,-1.001999998,-1.000998999,False
3259848_2026-08-02T10:40:08.852594+00:00,0.0081,0.008100002,0.009101001000000027,False
3259929_2026-08-02T10:55:09.518351+00:00,1.7758,1.775799984,1.776791992,False
3260141_2026-08-02T11:10:10.854816+00:00,-1.002,-1.002,-1.001,False
3260225_2026-08-02T11:25:12.257583+00:00,-1.002,-1.00199997,-1.0009849849999999,False
3260260_2026-08-02T11:40:09.773759+00:00,-1.002,-1.00200004,-1.00102002,False
3260316_2026-08-02T11:55:10.363695+00:00,-1.002,-1.001999992,-1.0009959959999999,False
3260350_2026-08-02T12:10:08.749073+00:00,0.0091,0.0091000442,0.010122122100000023,False
3260518_2026-08-02T12:25:59.006219+00:00,0.1885,0.18849996,0.18947998,False
3260556_2026-08-02T12:40:08.339506+00:00,-1.002,-1.00200001,-1.001005005,False
3260793_2026-08-02T12:55:11.724315+00:00,-1.002,-1.002,-1.001,False
3261108_2026-08-02T13:10:51.341545+00:00,-1.002,-1.001999996,-1.0009979979999999,False
3261305_2026-08-02T13:25:10.874696+00:00,-1.002,-1.002,-1.001,False
3261433_2026-08-02T13:40:11.879327+00:00,23.998,23.998,23.999,False
3261699_2026-08-02T14:10:09.479357+00:00,-1.002,-1.002000004,-1.001002002,False
3261978_2026-08-02T14:25:52.695571+00:00,0.1745,0.17449995,0.17547497499999995,False
3262080_2026-08-02T14:40:08.790294+00:00,0.4905,0.49050004999999997,0.4915250249999999,False
3262251_2026-08-02T15:10:09.449750+00:00,0.085,0.08499991999999999,0.08595995999999993,False
3262372_2026-08-02T15:25:08.173845+00:00,1.7007,1.700700002,1.7017010010000002,False
3262458_2026-08-02T15:40:09.510131+00:00,0.1745,0.17449995,0.17547497499999995,False
3262545_2026-08-02T15:55:54.124153+00:00,-1.002,-1.002,-1.001,False
3264346_2026-08-02T16:10:06.329005+00:00,-1.002,-1.00199995,-1.0009749749999999,False
3265537_2026-08-02T16:25:08.306306+00:00,0.1216,0.121599992,0.12259599600000004,False
3266799_2026-08-02T16:40:08.474458+00:00,0.0,8.000000000125962e-09,0.0010040040000000058,False
3267048_2026-08-02T16:55:07.634349+00:00,-1.002,-1.002,-1.001,False
3267230_2026-08-02T17:10:52.842763+00:00,4.2612,4.261199984,4.262191992,False
3268507_2026-08-02T17:25:06.108985+00:00,0.0397,0.039699936,0.04066796800000004,False
3268568_2026-08-02T17:40:06.504923+00:00,0.1885,0.18849996,0.18947998,False
3268914_2026-08-02T17:55:10.005104+00:00,-1.002,-1.00200001,-1.001005005,False
3268999_2026-08-02T18:10:05.619626+00:00,2.998,2.998,2.999,False
3269302_2026-08-02T18:25:53.605587+00:00,-1.002,-1.001999996,-1.0009979979999999,False
3269938_2026-08-02T18:40:04.034815+00:00,0.002,0.002000032,0.00301601600000002,False
3270620_2026-08-02T18:55:04.172653+00:00,-1.002,-1.002,-1.001,False
3271345_2026-08-02T19:10:05.595700+00:00,-1.002,-1.002000014,-1.001007007,False
3271935_2026-08-02T19:25:04.185361+00:00,-1.002,-1.00199998,-1.0009899899999999,False
3273062_2026-08-02T19:40:04.553318+00:00,0.0506,0.05060006,0.05163003000000006,False
3273220_2026-08-02T19:55:05.417606+00:00,0.0195,0.019499903,0.020451451499999957,False
3273563_2026-08-02T20:10:04.496186+00:00,2.0283,2.028300002,2.029301001,False
3273936_2026-08-02T20:25:04.996463+00:00,-1.002,-1.002,-1.001,False
3274051_2026-08-02T20:40:04.095648+00:00,0.3494,0.34939992799999997,0.350363964,False
3274276_2026-08-02T20:55:04.959095+00:00,0.0397,0.039699936,0.04066796800000004,False
3274432_2026-08-02T21:10:06.037067+00:00,0.1474,0.147400044,0.14842202200000004,False
3275102_2026-08-02T21:25:04.099755+00:00,0.8499,0.849899948,0.850873974,False
3275478_2026-08-02T21:40:05.701560+00:00,4.5536,4.553599984,4.554591992,False
3275547_2026-08-02T21:55:04.486637+00:00,-1.002,-1.002000004,-1.001002002,False
3275943_2026-08-02T22:10:05.239535+00:00,0.0,8.000000000125962e-09,0.0010040040000000058,False
3276000_2026-08-02T22:25:03.569963+00:00,-1.002,-1.002000016,-1.0010080080000001,False
3276270_2026-08-02T22:40:05.537108+00:00,-1.002,-1.002,-1.001,False
3276436_2026-08-02T22:55:04.540968+00:00,-1.002,-1.001999998,-1.000998999,False
3277766_2026-08-02T23:10:05.568274+00:00,-1.002,-1.002000012,-1.0010060060000001,False
3277804_2026-08-02T23:25:03.643629+00:00,0.0091,0.0091000442,0.010122122100000023,False
3277876_2026-08-02T23:40:04.939604+00:00,-1.002,-1.002000016,-1.0010080080000001,False
3277948_2026-08-02T23:55:03.590267+00:00,1.498,1.498,1.499,False
3278001_2026-08-03T00:10:50.465442+00:00,-1.002,-1.002,-1.001,False
3278098_2026-08-03T00:25:07.214066+00:00,-1.002,-1.002000012,-1.0010060060000001,False
3278182_2026-08-03T00:40:06.953285+00:00,0.0081,0.008100002,0.009101001000000027,False
3278323_2026-08-03T00:55:25.380432+00:00,-1.002,-1.002000016,-1.0010080080000001,False
3278525_2026-08-03T01:10:27.226636+00:00,-1.002,-1.001999984,-1.000991992,False
3278597_2026-08-03T01:25:26.764871+00:00,-1.002,-1.00200005,-1.001025025,False
3278699_2026-08-03T01:40:28.394639+00:00,0.2967,0.296700002,0.297701001,False
3278774_2026-08-03T01:55:25.879358+00:00,-1.002,-1.002,-1.001,False
3278840_2026-08-03T02:10:27.181861+00:00,-1.002,-1.002,-1.001,False
3278960_2026-08-03T02:25:27.583628+00:00,-1.002,-1.00200007,-1.001035035,False
3279039_2026-08-03T02:40:29.511139+00:00,0.0184,0.018400016,0.01940800799999998,False
3279236_2026-08-03T02:55:26.064146+00:00,-1.002,-1.002,-1.001,False
3279271_2026-08-03T03:10:26.791659+00:00,-1.002,-1.001999988,-1.000993994,False
3279313_2026-08-03T03:25:25.396856+00:00,-1.002,-1.00200001,-1.001005005,False
3279418_2026-08-03T03:40:27.841686+00:00,-1.002,-1.002,-1.001,False
3279477_2026-08-03T03:55:26.547229+00:00,-1.002,-1.002,-1.001,False
3280493_2026-08-03T04:10:26.657240+00:00,-1.002,-1.002000016,-1.0010080080000001,False
3280838_2026-08-03T04:25:28.342151+00:00,0.0184,0.018400016,0.01940800799999998,False
3281007_2026-08-03T04:40:27.289949+00:00,-1.002,-1.001999956,-1.0009779779999999,False
3281140_2026-08-03T04:55:25.847673+00:00,-1.002,-1.002,-1.001,False
3282398_2026-08-03T05:10:27.359851+00:00,0.1608,0.160799984,0.16179199200000005,False
3282523_2026-08-03T05:25:26.176365+00:00,-1.002,-1.001999996,-1.0009979979999999,False
3282563_2026-08-03T05:40:28.422862+00:00,-1.002,-1.001999968,-1.0009839839999999,False
3282728_2026-08-03T05:55:26.802139+00:00,0.3138,0.31379998400000003,0.3147919920000001,False
3283454_2026-08-03T07:10:44.283019+00:00,-1.002,-1.00200004,-1.00102002,False
3283588_2026-08-03T07:40:01.483259+00:00,1.1257,1.1256999619999999,1.126680981,False
3283767_2026-08-03T07:55:00.452132+00:00,-1.002,-1.00199998,-1.0009899899999999,False
3283864_2026-08-03T08:10:01.026734+00:00,-1.002,-1.001999998,-1.000998999,False
3284416_2026-08-03T08:25:02.576390+00:00,-1.002,-1.0020000016,-1.0010008007999998,False
3284449_2026-08-03T08:40:43.472167+00:00,0.0506,0.05060006,0.05163003000000006,False
3284924_2026-08-03T08:55:44.059704+00:00,0.0506,0.05060006,0.05163003000000006,False
3285057_2026-08-03T09:10:42.004376+00:00,0.2326,0.232599948,0.23357397399999985,False
3285921_2026-08-03T09:25:32.098096+00:00,0.0195,0.019499903,0.020451451499999957,False
3286022_2026-08-03T09:40:32.339716+00:00,0.4905,0.49050004999999997,0.4915250249999999,False
3286176_2026-08-03T10:10:32.898772+00:00,-1.002,-1.001999998,-1.000998999,False
3286305_2026-08-03T10:25:33.253629+00:00,-1.002,-1.001999988,-1.000993994,False
3286382_2026-08-03T10:40:29.630272+00:00,-1.002,-1.002,-1.001,False
3286577_2026-08-03T10:55:31.480879+00:00,11.498,11.498,11.499,False
3286923_2026-08-03T11:10:32.879242+00:00,-1.002,-1.0019999994,-1.0009996997000001,False
3287552_2026-08-03T11:25:33.932628+00:00,0.0,8.000000000125962e-09,0.0010040040000000058,False
3287690_2026-08-03T11:40:31.606135+00:00,-1.002,-1.002000008,-1.001004004,False
3288210_2026-08-03T11:55:36.271104+00:00,-1.002,-1.001999998,-1.000998999,False
3288399_2026-08-03T12:10:37.304005+00:00,-1.002,-1.002,-1.001,False
3289220_2026-08-03T13:40:32.925412+00:00,0.2801,0.280099924,0.28106196200000005,False
3289729_2026-08-03T14:55:36.194671+00:00,0.1344,0.134399936,0.13536796800000003,False
3290403_2026-08-03T15:25:34.530744+00:00,-1.002,-1.002000016,-1.0010080080000001,False
3290431_2026-08-03T15:40:16.107287+00:00,0.0289,0.028900054,0.029927027000000037,False
3290579_2026-08-03T15:55:18.146182+00:00,-1.002,-1.002000016,-1.0010080080000001,False
3290639_2026-08-03T16:10:18.947718+00:00,0.3494,0.34939992799999997,0.350363964,False
3290986_2026-08-03T16:25:17.623142+00:00,0.0184,0.018400016,0.01940800799999998,False
3291289_2026-08-03T16:55:21.107144+00:00,0.7837,0.7837000159999999,0.784708008,False
3291338_2026-08-03T17:10:19.798312+00:00,0.3494,0.34939992799999997,0.350363964,False
3291948_2026-08-03T17:25:17.573450+00:00,-1.002,-1.001999998,-1.000998999,False
3291990_2026-08-03T17:40:16.128497+00:00,0.9211,0.921099976,0.9220879879999999,False
3292185_2026-08-03T17:55:17.423840+00:00,2.5694,2.5694000160000003,2.570408008,False
3292236_2026-08-03T18:10:19.014885+00:00,0.4686,0.468599984,0.4695919919999999,False
3292653_2026-08-03T18:40:16.394153+00:00,-1.002,-1.00200002,-1.0010100100000001,False
3293182_2026-08-03T19:25:17.850212+00:00,0.3494,0.34939992799999997,0.350363964,False
3293219_2026-08-03T19:40:16.890937+00:00,-1.002,-1.002,-1.001,False
3293252_2026-08-03T19:55:15.847451+00:00,-1.002,-1.00200002,-1.00101001,False
3293674_2026-08-03T20:25:17.699531+00:00,0.0733,0.073299942,0.07427097099999987,False
3295040_2026-08-03T20:55:20.427374+00:00,-1.002,-1.002,-1.001,False
3295183_2026-08-03T21:10:18.504289+00:00,-1.002,-1.002000004,-1.001002002,False
3295583_2026-08-03T21:25:17.418174+00:00,1.5621,1.562100002,1.563101001,False
3295914_2026-08-03T22:10:18.064327+00:00,-1.002,-1.002,-1.001,False
3296190_2026-08-03T22:40:16.971993+00:00,-1.002,-1.002,-1.001,False
3296323_2026-08-03T22:55:18.152605+00:00,-0.001,-0.0009999979999999998,1.0010000000297472e-06,False
3296364_2026-08-03T23:10:19.207725+00:00,-1.002,-1.002,-1.001,False
3296438_2026-08-03T23:40:16.794662+00:00,-1.002,-1.002,-1.001,False
3296503_2026-08-03T23:55:16.099281+00:00,1.0813,1.081300032,1.082316016,False
3296611_2026-08-04T00:40:16.108584+00:00,-1.002,-1.002000004,-1.001002002,False
3296854_2026-08-04T01:10:16.030337+00:00,0.0081,0.008100002,0.009101001000000027,False
3297239_2026-08-04T01:55:42.743547+00:00,0.2175,0.21750002,0.2185100100000001,False
3297470_2026-08-04T02:55:39.975806+00:00,-1.002,-1.002,-1.001,False
3297692_2026-08-04T03:25:40.817584+00:00,0.248,0.248,0.249,False
3298250_2026-08-04T03:55:40.042105+00:00,-1.002,-1.001999998,-1.000998999,False
3298826_2026-08-04T04:10:40.039142+00:00,0.6373,0.637300054,0.638327027,False
3299112_2026-08-04T04:25:41.071246+00:00,0.1344,0.134399936,0.13536796800000003,False
3299344_2026-08-04T04:40:42.673225+00:00,0.001,0.0010000180000000005,0.00200900900000004,False
3300826_2026-08-04T06:10:17.432609+00:00,-1.002,-1.00200005,-1.0010250250000001,False
3301189_2026-08-04T06:55:15.551422+00:00,-1.002,-1.002,-1.001,False
3301300_2026-08-04T07:25:40.430711+00:00,1.437,1.4370000200000002,1.4380100100000002,False
3301369_2026-08-04T07:55:44.683695+00:00,0.0397,0.039699936,0.04066796800000004,False
3301393_2026-08-04T08:10:39.712607+00:00,-1.002,-1.001999984,-1.000991992,False
3301455_2026-08-04T08:40:38.947204+00:00,-1.002,-1.001999998,-1.000998999,False
3301497_2026-08-04T08:55:44.175263+00:00,-1.002,-1.00200001,-1.001005005,False
3301515_2026-08-04T09:10:38.854757+00:00,-1.002,-1.001999998,-1.000998999,False
3301546_2026-08-04T09:25:40.699780+00:00,0.1885,0.18849996,0.18947998,False
3301579_2026-08-04T09:40:38.499860+00:00,-1.002,-1.002000024,-1.0010120120000001,False
3301690_2026-08-04T10:25:49.193796+00:00,-1.002,-1.001999996,-1.0009979979999999,False
3301742_2026-08-04T10:55:18.853588+00:00,0.0733,0.073299942,0.07427097099999987,False
3301996_2026-08-04T11:10:16.589182+00:00,-1.002,-1.002000038,-1.001019019,False
3302033_2026-08-04T11:25:14.321722+00:00,0.3494,0.34939992799999997,0.350363964,False
3302213_2026-08-04T12:25:38.939378+00:00,0.8162,0.81619998,0.8171899899999999,False
3302248_2026-08-04T12:40:40.151303+00:00,0.003,0.00300005,0.004025025000000057,False
3302335_2026-08-04T13:25:38.163960+00:00,-1.002,-1.002000016,-1.0010080080000001,False
3302443_2026-08-04T13:40:36.812636+00:00,0.0289,0.028900054,0.029927027000000037,False
3302513_2026-08-04T14:10:37.156329+00:00,0.4473,0.447299966,0.4482829830000001,False
3302558_2026-08-04T14:25:44.510968+00:00,2.2238,2.223800004,2.2248020019999997,False
3302609_2026-08-04T14:55:39.771744+00:00,2.0283,2.028300002,2.029301001,False
3302739_2026-08-04T15:10:36.406015+00:00,-1.002,-1.00200002,-1.00101001,False
3303508_2026-08-04T15:55:29.968215+00:00,0.5132,0.513199936,0.5141679680000001,False
3307320_2026-08-04T16:10:28.901307+00:00,-1.002,-1.001999998,-1.000998999,False
3309179_2026-08-04T16:25:29.994595+00:00,-1.002,-1.001999968,-1.0009839839999999,False
3312882_2026-08-04T16:40:53.876209+00:00,-1.002,-1.001999998,-1.000998999,False
3313217_2026-08-04T16:55:08.187871+00:00,3.3458,3.3458000119999998,3.3468060060000004,False
3314039_2026-08-04T17:10:08.193737+00:00,0.0071,0.0070999638,0.008081881899999976,False
3314235_2026-08-04T17:25:08.823367+00:00,2.8442,2.844199976,2.8451879879999997,False
3315036_2026-08-04T17:40:54.259111+00:00,-1.002,-1.001999984,-1.000991992,False
3315275_2026-08-04T17:55:07.666084+00:00,-1.002,-1.0020000008,-1.0010004004,False
3315486_2026-08-04T18:10:55.876109+00:00,0.003,0.00300005,0.004025025000000057,False
3315825_2026-08-04T18:25:09.850462+00:00,0.0081,0.008100002,0.009101001000000027,False
3316509_2026-08-04T18:40:07.649980+00:00,-1.002,-1.001999998,-1.000998999,False
3316636_2026-08-04T18:55:07.102300+00:00,0.4686,0.468599984,0.4695919919999999,False
3317974_2026-08-04T19:10:54.852830+00:00,0.248,0.248,0.249,False
3318412_2026-08-04T19:25:07.674474+00:00,-1.002,-1.001999998,-1.000998999,False
3319054_2026-08-04T19:40:53.120175+00:00,0.4065,0.40649992999999995,0.40746496500000007,False
3319282_2026-08-04T19:55:08.747754+00:00,-1.002,-1.002,-1.001,False
3319512_2026-08-04T20:10:08.260570+00:00,-1.002,-1.001999998,-1.0009989990000001,False
3319984_2026-08-04T20:25:08.268294+00:00,-1.002,-1.001999992,-1.0009959959999999,False
3320070_2026-08-04T20:40:53.920102+00:00,-0.001,-0.0009999979999999998,1.0010000000297472e-06,False
3320133_2026-08-04T20:55:08.415133+00:00,-1.002,-1.001999998,-1.0009989990000001,False
3320163_2026-08-04T21:10:07.963038+00:00,-1.002,-1.002000016,-1.0010080080000001,False
3320232_2026-08-04T21:25:07.624577+00:00,0.0618,0.06180005599999999,0.0628280280000001,False
3320301_2026-08-04T21:40:52.922864+00:00,-1.002,-1.001999992,-1.0009959959999999,False
3320383_2026-08-04T21:55:07.648831+00:00,-1.002,-1.002,-1.001,False
3320877_2026-08-04T22:10:09.320230+00:00,0.3138,0.31379998400000003,0.3147919920000001,False
3320920_2026-08-04T22:25:08.700532+00:00,3.998,3.998,3.999,False
3320984_2026-08-04T22:40:52.659521+00:00,-1.002,-1.00200001,-1.001005005,False
3321051_2026-08-04T22:55:07.665492+00:00,1.7758,1.775799984,1.776791992,False
3323169_2026-08-04T23:10:54.135234+00:00,0.0081,0.008100002,0.009101001000000027,False
3323204_2026-08-04T23:25:08.959154+00:00,-1.002,-1.002,-1.001,False
3323284_2026-08-04T23:40:52.761631+00:00,0.1608,0.160799984,0.16179199200000005,False
3323406_2026-08-04T23:55:07.654869+00:00,-1.002,-1.002,-1.001,False
3323470_2026-08-05T00:10:54.003758+00:00,-1.002,-1.0019999974,-1.0009986987,False
3323602_2026-08-05T00:25:10.281340+00:00,0.8499,0.849899948,0.850873974,False
3323734_2026-08-05T00:40:52.651434+00:00,0.2326,0.232599948,0.23357397399999985,False
3323862_2026-08-05T00:55:07.616056+00:00,-1.002,-1.002000004,-1.001002002,False
3324094_2026-08-05T01:10:10.875725+00:00,0.3138,0.31379998400000003,0.3147919920000001,False
3324134_2026-08-05T01:25:08.765231+00:00,0.0184,0.018400016,0.01940800799999998,False
3324220_2026-08-05T01:40:52.115220+00:00,0.0,8.000000000125962e-09,0.0010040040000000058,False
3324296_2026-08-05T01:55:07.705273+00:00,0.002,0.002000032,0.00301601600000002,False
3324335_2026-08-05T02:10:07.157531+00:00,0.0081,0.008100002,0.009101001000000027,False
3324443_2026-08-05T02:25:07.666789+00:00,-1.002,-1.0020000046,-1.0010023023,False
3324542_2026-08-05T02:40:53.267248+00:00,0.5132,0.513199936,0.5141679680000001,False
3324614_2026-08-05T02:55:54.666898+00:00,-1.002,-1.001999988,-1.000993994,False
3324654_2026-08-05T03:10:11.536439+00:00,-1.002,-1.002000054,-1.001027027,False
3324787_2026-08-05T03:25:09.203023+00:00,-1.002,-1.002,-1.001,False
3324846_2026-08-05T03:40:52.902493+00:00,0.0081,0.008100002,0.009101001000000027,False
3324920_2026-08-05T03:55:09.660093+00:00,0.0969,0.096900002,0.09790100100000002,False
3325560_2026-08-05T04:10:53.291228+00:00,-1.002,-1.002000004,-1.001002002,False
3325669_2026-08-05T04:25:09.162050+00:00,0.3869,0.38689998400000003,0.387891992,False
3325886_2026-08-05T04:40:52.135660+00:00,0.1344,0.134399936,0.13536796800000003,False
3326097_2026-08-05T04:55:07.973083+00:00,-1.002,-1.002000016,-1.0010080080000001,False
3327837_2026-08-05T05:10:08.145365+00:00,0.001,0.0010000180000000005,0.00200900900000004,False
3328052_2026-08-05T05:40:57.050009+00:00,-1.002,-1.002,-1.001,False
3328302_2026-08-05T05:55:07.104530+00:00,-1.002,-1.001999998,-1.0009989990000001,False
3328632_2026-08-05T06:10:55.889480+00:00,-1.002,-1.002,-1.001,False
3328952_2026-08-05T06:55:07.112448+00:00,-1.002,-1.001999998,-1.000998999,False
3328979_2026-08-05T07:10:07.112005+00:00,-1.002,-1.002000004,-1.001002002,False
3329125_2026-08-05T07:25:07.682042+00:00,-1.002,-1.0019999994,-1.0009996997000001,False
3329159_2026-08-05T07:40:52.116710+00:00,-1.002,-1.001999996,-1.0009979979999999,False
3329197_2026-08-05T07:55:56.959167+00:00,0.0184,0.018400016,0.01940800799999998,False
3329305_2026-08-05T08:10:12.608847+00:00,0.4473,0.447299966,0.4482829830000001,False
3329473_2026-08-05T08:40:01.726687+00:00,-1.002,-1.001999998,-1.000998999,False
3329628_2026-08-05T08:55:47.927506+00:00,-1.002,-1.00200004,-1.00102002,False
3330175_2026-08-05T09:10:45.955901+00:00,0.2028,0.20280003200000002,0.2038160160000001,False
3330509_2026-08-05T09:25:48.624298+00:00,0.085,0.08499991999999999,0.08595995999999993,False
3331046_2026-08-05T09:55:45.030854+00:00,-1.002,-1.002000016,-1.0010080080000001,False
3332063_2026-08-05T10:10:46.053298+00:00,-1.002,-1.001999998,-1.0009989990000001,False
3332620_2026-08-05T10:25:01.663974+00:00,0.4266,0.42659996,0.4275799800000002,False
3333378_2026-08-05T10:55:47.105569+00:00,-1.002,-1.002,-1.001,False
3334291_2026-08-05T11:10:01.636500+00:00,0.0733,0.073299942,0.07427097099999987,False
3334738_2026-08-05T11:25:45.736446+00:00,-1.002,-1.002,-1.001,False
3334940_2026-08-05T11:40:44.321640+00:00,0.0969,0.096900002,0.09790100100000002,False
3335040_2026-08-05T11:55:43.405694+00:00,-1.002,-1.00200001,-1.001005005,False
3335669_2026-08-05T12:25:48.112387+00:00,0.0,8.000000000125962e-09,0.0010040040000000058,False
3335900_2026-08-05T12:40:44.486900+00:00,-1.002,-1.002,-1.001,False
3337603_2026-08-05T14:25:32.087460+00:00,-1.002,-1.002,-1.001,False
3338067_2026-08-05T15:10:25.051197+00:00,0.0081,0.008100002,0.009101001000000027,False
3338121_2026-08-05T15:25:20.404738+00:00,-1.002,-1.002,-1.001,False
3338410_2026-08-05T15:40:22.575067+00:00,0.0289,0.028900054,0.029927027000000037,False
3340203_2026-08-05T16:10:23.728557+00:00,0.0081,0.008100002,0.009101001000000027,False
3342063_2026-08-05T16:40:09.388132+00:00,-1.002,-1.002000016,-1.0010080080000001,False
3342213_2026-08-05T16:55:06.965950+00:00,-1.002,-1.002,-1.001,False
3342693_2026-08-05T17:10:14.860112+00:00,-1.002,-1.001999992,-1.0009959959999999,False
3342878_2026-08-05T17:25:53.867472+00:00,1.6296,1.629599984,1.630591992,False
3343052_2026-08-05T17:40:07.060310+00:00,-0.001,-0.0009999979999999998,1.0010000000297472e-06,False
3343154_2026-08-05T17:55:07.771870+00:00,0.0969,0.096900002,0.09790100100000002,False
3343519_2026-08-05T18:10:56.627045+00:00,18.998,18.998,18.999,False
3343897_2026-08-05T18:25:54.330349+00:00,-1.002,-1.002,-1.001,False
3344117_2026-08-05T18:40:12.575925+00:00,0.0733,0.073299942,0.07427097099999987,False
3344285_2026-08-05T18:55:08.507113+00:00,-1.002,-1.001999998,-1.000998999,False
3344556_2026-08-05T19:10:07.451088+00:00,0.0081,0.008100002,0.009101001000000027,False
3344876_2026-08-05T19:25:06.052799+00:00,0.3494,0.34939992799999997,0.350363964,False
3346149_2026-08-05T19:40:53.772442+00:00,-1.002,-1.001999988,-1.000993994,False
3346255_2026-08-05T19:55:07.953841+00:00,-1.002,-1.002000076,-1.001038038,False
3346529_2026-08-05T20:10:51.875637+00:00,0.1745,0.17449995,0.17547497499999995,False
3346835_2026-08-05T20:25:57.859007+00:00,0.1216,0.121599992,0.12259599600000004,False
3347012_2026-08-05T20:40:12.957383+00:00,-1.002,-1.001999988,-1.000993994,False
3347081_2026-08-05T20:55:07.809266+00:00,-1.002,-1.0019999992,-1.0009995996,False
3347147_2026-08-05T21:10:52.355331+00:00,-1.002,-1.002,-1.001,False
3347204_2026-08-05T21:25:07.077128+00:00,-1.002,-1.001999998,-1.000998999,False
3347291_2026-08-05T21:40:09.024705+00:00,0.2638,0.26380003599999996,0.264818018,False
3347472_2026-08-05T21:55:06.532895+00:00,0.4065,0.40649992999999995,0.40746496500000007,False
3347817_2026-08-05T22:10:09.301940+00:00,-1.002,-1.002000004,-1.001002002,False
3347889_2026-08-05T22:25:06.026851+00:00,0.2801,0.280099924,0.28106196200000005,False
3347986_2026-08-05T22:40:53.724587+00:00,-1.002,-1.002,-1.001,False
3348073_2026-08-05T22:55:07.151683+00:00,-1.002,-1.002,-1.001,False
3349950_2026-08-05T23:10:05.993752+00:00,0.1216,0.121599992,0.12259599600000004,False
3350033_2026-08-05T23:25:06.075145+00:00,0.0506,0.05060006,0.05163003000000006,False
3350176_2026-08-05T23:40:06.769202+00:00,-1.002,-1.002000016,-1.0010080080000001,False
3350240_2026-08-05T23:55:07.760316+00:00,-1.002,-1.002,-1.001,False
3350327_2026-08-06T00:10:09.476556+00:00,-1.002,-1.001999998,-1.0009989990000001,False
3350431_2026-08-06T00:25:54.240723+00:00,0.002,0.002000032,0.00301601600000002,False
3350523_2026-08-06T00:40:09.120324+00:00,-1.002,-1.001999968,-1.0009839839999999,False
3350665_2026-08-06T00:55:07.172357+00:00,-1.002,-1.002000064,-1.0010320320000001,False
3350959_2026-08-06T01:10:07.206582+00:00,-1.002,-1.002,-1.001,False
3351029_2026-08-06T01:25:08.134216+00:00,-1.002,-1.001999992,-1.0009959959999999,False
3351125_2026-08-06T01:40:07.032265+00:00,0.085,0.08499991999999999,0.08595995999999993,False
3351303_2026-08-06T01:55:06.303445+00:00,0.0733,0.073299942,0.07427097099999987,False
3351375_2026-08-06T02:10:06.515897+00:00,-1.002,-1.00199998,-1.0009899899999999,False
3351487_2026-08-06T02:25:06.978169+00:00,-1.002,-1.001999998,-1.0009989990000001,False
3351598_2026-08-06T02:40:06.638550+00:00,0.6929,0.692900018,0.6939090090000001,False
3351757_2026-08-06T02:55:07.064771+00:00,2.5694,2.5694000160000003,2.570408008,False
3351810_2026-08-06T03:10:07.679764+00:00,-1.002,-1.001999998,-1.0009989990000001,False
3351859_2026-08-06T03:25:06.267707+00:00,-1.002,-1.001999998,-1.000998999,False
3351934_2026-08-06T03:40:07.230352+00:00,-1.002,-1.002000016,-1.0010080080000001,False
3352079_2026-08-06T03:55:08.017667+00:00,1.7758,1.775799984,1.776791992,False
3352658_2026-08-06T04:10:06.073931+00:00,0.3138,0.31379998400000003,0.3147919920000001,False
3352721_2026-08-06T04:25:07.526313+00:00,0.0081,0.008100002,0.009101001000000027,False
3352832_2026-08-06T04:40:10.675379+00:00,-1.002,-1.002000016,-1.001008008,False
3352998_2026-08-06T04:55:11.509239+00:00,0.0506,0.05060006,0.05163003000000006,False
3354121_2026-08-06T05:10:58.806693+00:00,0.002,0.002000032,0.00301601600000002,False
3354441_2026-08-06T05:55:30.387928+00:00,7.3313,7.331300008,7.332304004,False
3355053_2026-08-06T06:10:30.426740+00:00,-1.002,-1.001999998,-1.000998999,False
3355382_2026-08-06T06:55:29.490248+00:00,0.5605,0.5605,0.5615,False
3355621_2026-08-06T07:10:28.686433+00:00,1.8551,1.85510003,1.856115015,False
3355829_2026-08-06T07:25:31.530102+00:00,-1.002,-1.002,-1.001,False
3356056_2026-08-06T07:55:29.720346+00:00,-1.002,-1.002000064,-1.0010320320000001,False
3356388_2026-08-06T08:10:29.147298+00:00,-1.002,-1.002,-1.001,False
3356439_2026-08-06T08:25:30.569443+00:00,0.0733,0.073299942,0.07427097099999987,False
3356494_2026-08-06T08:40:30.085381+00:00,-1.002,-1.002000016,-1.0010080080000001,False
3356644_2026-08-06T08:55:29.130074+00:00,0.0289,0.028900054,0.029927027000000037,False
3356691_2026-08-06T09:10:29.089359+00:00,-1.002,-1.002,-1.001,False
3356745_2026-08-06T09:25:32.150755+00:00,-1.002,-1.001999964,-1.000981982,False
3356811_2026-08-06T09:40:29.131689+00:00,-1.002,-1.001999998,-1.000998999,False
3357195_2026-08-06T10:10:29.850787+00:00,-1.002,-1.002,-1.001,False
3357281_2026-08-06T10:25:32.950812+00:00,0.001,0.0010000180000000005,0.00200900900000004,False
3357643_2026-08-06T10:40:30.502015+00:00,-1.002,-1.002000012,-1.0010060060000001,False
3357984_2026-08-06T10:55:29.678786+00:00,-1.002,-1.002000024,-1.0010120120000001,False
3358392_2026-08-06T11:10:29.067258+00:00,-1.002,-1.002,-1.001,False
3358711_2026-08-06T11:25:30.302488+00:00,0.3679,0.36789994600000003,0.3688729729999999,False
3358993_2026-08-06T11:55:15.250724+00:00,-1.002,-1.002000004,-1.001002002,False
3359194_2026-08-06T12:10:16.802853+00:00,-1.002,-1.0019999994,-1.0009996997000001,False
3359225_2026-08-06T12:25:18.062577+00:00,0.0289,0.028900054,0.029927027000000037,False
3359423_2026-08-06T12:55:15.107366+00:00,-1.002,-1.001999998,-1.0009989990000001,False
3359500_2026-08-06T13:10:57.627730+00:00,-1.002,-1.002,-1.001,False
3359595_2026-08-06T13:40:58.251880+00:00,0.0506,0.05060006,0.05163003000000006,False
3359751_2026-08-06T14:10:59.182422+00:00,0.1216,0.121599992,0.12259599600000004,False
3359800_2026-08-06T14:25:14.442129+00:00,-1.002,-1.002000064,-1.0010320320000001,False
3359840_2026-08-06T14:40:59.250519+00:00,0.0081,0.008100002,0.009101001000000027,False
3359915_2026-08-06T14:55:58.251085+00:00,-1.002,-1.001999998,-1.0009989990000001,False
3360301_2026-08-06T15:25:12.475205+00:00,-1.002,-1.002000016,-1.0010080080000001,False
3361098_2026-08-06T15:40:59.480069+00:00,-1.002,-1.00200002,-1.00101001,False
3361211_2026-08-06T15:55:12.163670+00:00,-1.002,-1.00200001,-1.001005005,False
3362467_2026-08-06T16:10:58.268866+00:00,0.0733,0.073299942,0.07427097099999987,False
3362997_2026-08-06T16:25:13.855354+00:00,1.2707,1.270700024,1.2717120119999998,False
3364266_2026-08-06T16:40:58.213736+00:00,0.0733,0.073299942,0.07427097099999987,False
3364583_2026-08-06T16:55:20.349938+00:00,0.6647,0.66469996,0.6656799800000002,False
3365097_2026-08-06T17:25:14.412549+00:00,-1.002,-1.001999984,-1.000991992,False
3365147_2026-08-06T17:40:13.555229+00:00,-1.002,-1.001999998,-1.000998999,False
3365254_2026-08-06T17:55:12.365651+00:00,0.1216,0.121599992,0.12259599600000004,False
3365293_2026-08-06T18:10:59.142296+00:00,-1.002,-1.001999999,-1.0009994995000002,False
3365499_2026-08-06T18:25:15.118191+00:00,-1.002,-1.00199998,-1.00098999,False
3365685_2026-08-06T18:40:13.514645+00:00,-1.002,-1.002,-1.001,False
3365988_2026-08-06T18:55:13.783847+00:00,7.3313,7.331300008,7.332304004,False
3366670_2026-08-06T19:10:12.671747+00:00,0.1745,0.17449995,0.17547497499999995,False
3367218_2026-08-06T19:25:12.120467+00:00,-1.002,-1.002000012,-1.0010060060000001,False
3368356_2026-08-06T19:40:12.183415+00:00,0.1885,0.18849996,0.18947998,False
3368759_2026-08-06T19:55:13.551409+00:00,0.248,0.248,0.249,False
3368911_2026-08-06T20:10:12.501467+00:00,0.0081,0.008100002,0.009101001000000027,False
3369231_2026-08-06T20:25:12.047669+00:00,-1.002,-1.002000012,-1.0010060060000001,False
3369385_2026-08-06T20:40:14.254565+00:00,-1.002,-1.002000016,-1.0010080080000001,False
3369494_2026-08-06T20:55:13.306555+00:00,-1.002,-1.002,-1.001,False
3369603_2026-08-06T21:10:13.838825+00:00,0.1344,0.134399936,0.13536796800000003,False
3369656_2026-08-06T21:25:13.790232+00:00,-1.002,-1.001999996,-1.0009979979999999,False
3369722_2026-08-06T21:40:12.771028+00:00,1.7758,1.775799984,1.776791992,False
3369865_2026-08-06T21:55:13.734662+00:00,-1.002,-1.001999968,-1.0009839839999999,False
3370196_2026-08-06T22:10:13.284374+00:00,-1.002,-1.002000024,-1.0010120120000001,False
3370340_2026-08-06T22:25:13.616801+00:00,-1.002,-1.002,-1.001,False
3370530_2026-08-06T22:40:13.786931+00:00,-1.002,-1.002,-1.001,False
3370608_2026-08-06T22:55:14.367873+00:00,0.3138,0.31379998400000003,0.3147919920000001,False
3372320_2026-08-06T23:10:15.175675+00:00,-1.002,-1.002000054,-1.001027027,False
3372420_2026-08-06T23:25:14.083750+00:00,-1.002,-1.001999998,-1.000998999,False
3372549_2026-08-06T23:40:13.238373+00:00,-1.002,-1.001999998,-1.000998999,False
3372671_2026-08-06T23:55:15.126571+00:00,0.0061,0.0060999296,0.007064764800000094,False
3372789_2026-08-07T00:25:17.400550+00:00,-1.002,-1.002000012,-1.0010060060000001,False
3372877_2026-08-07T00:40:12.694036+00:00,0.6647,0.66469996,0.6656799800000002,False
3372927_2026-08-07T00:55:12.885109+00:00,-1.002,-1.002000016,-1.0010080080000001,False
3373124_2026-08-07T01:10:12.543516+00:00,0.1091,0.10910002,0.11011000999999992,False
3373150_2026-08-07T01:25:16.450833+00:00,1.3236,1.323599984,1.324591992,False
3373243_2026-08-07T01:40:13.144730+00:00,-1.002,-1.001999998,-1.000998999,False
3373469_2026-08-07T01:55:14.638658+00:00,0.0969,0.096900002,0.09790100100000002,False
3373601_2026-08-07T02:10:14.302764+00:00,-1.002,-1.002,-1.001,False
3373730_2026-08-07T02:25:14.202686+00:00,-1.002,-1.001999998,-1.0009989990000001,False
3373807_2026-08-07T02:40:14.229390+00:00,2.5694,2.5694000160000003,2.570408008,False
3373953_2026-08-07T02:55:13.102148+00:00,-1.002,-1.002000034,-1.001017017,False
3373991_2026-08-07T03:10:12.014046+00:00,-1.002,-1.002000014,-1.001007007,False
3374050_2026-08-07T03:25:14.401615+00:00,-1.002,-1.00200002,-1.00101001,False
3374116_2026-08-07T03:40:13.397941+00:00,0.4473,0.447299966,0.4482829830000001,False
3374195_2026-08-07T03:55:13.717919+00:00,-1.002,-1.001999992,-1.0009959959999999,False
3374616_2026-08-07T04:10:18.478766+00:00,0.3313,0.33130005,0.332325025,False
3374674_2026-08-07T04:25:15.112506+00:00,-1.002,-1.001999984,-1.000991992,False
3374787_2026-08-07T04:40:01.748477+00:00,-1.002,-1.001999998,-1.000998999,False
3374912_2026-08-07T04:55:03.738849+00:00,-1.002,-1.001999998,-1.0009989990000001,False
3375753_2026-08-07T05:10:43.812075+00:00,1.9392,1.939199984,1.9401919919999997,False
3375793_2026-08-07T05:25:36.826284+00:00,-1.002,-1.001999998,-1.000998999,False
3375894_2026-08-07T05:40:36.552671+00:00,0.0289,0.028900054,0.029927027000000037,False
3375962_2026-08-07T05:55:39.495206+00:00,0.003,0.00300005,0.004025025000000057,False
3376198_2026-08-07T06:10:12.801932+00:00,0.4905,0.49050004999999997,0.4915250249999999,False
3376298_2026-08-07T06:25:55.304550+00:00,0.0969,0.096900002,0.09790100100000002,False
3376343_2026-08-07T06:40:11.319389+00:00,-1.002,-1.002000004,-1.001002002,False
3376489_2026-08-07T06:55:09.015591+00:00,-1.002,-1.001999992,-1.000995996,False
3376570_2026-08-07T07:10:10.046776+00:00,0.1608,0.160799984,0.16179199200000005,False
3376602_2026-08-07T07:25:10.087077+00:00,0.1344,0.134399936,0.13536796800000003,False
3376631_2026-08-07T07:40:10.274889+00:00,-1.002,-1.002000016,-1.0010080080000001,False
3376730_2026-08-07T07:55:10.911502+00:00,-1.002,-1.002000024,-1.0010120120000001,False
3376823_2026-08-07T08:10:10.297966+00:00,1.0388,1.038800016,1.039808008,False
3377090_2026-08-07T08:25:10.398981+00:00,0.0506,0.05060006,0.05163003000000006,False
3377495_2026-08-07T08:40:11.635179+00:00,0.0969,0.096900002,0.09790100100000002,False
3377715_2026-08-07T08:55:09.030697+00:00,-1.002,-1.001999998,-1.000998999,False
3377908_2026-08-07T09:40:09.512323+00:00,0.0081,0.008100002,0.009101001000000027,False
3378000_2026-08-07T09:55:10.133401+00:00,-1.002,-1.002,-1.001,False
3378074_2026-08-07T10:10:10.006649+00:00,1.5621,1.562100002,1.563101001,False
3378137_2026-08-07T10:25:08.908606+00:00,11.498,11.498,11.499,False
3378186_2026-08-07T10:40:10.547258+00:00,-1.002,-1.001999998,-1.000998999,False
3378307_2026-08-07T10:55:11.106040+00:00,0.1474,0.147400044,0.14842202200000004,False
3378570_2026-08-07T11:10:09.714739+00:00,0.0071,0.0070999638,0.008081881899999976,False
3378641_2026-08-07T11:25:55.692209+00:00,0.0081,0.008100002,0.009101001000000027,False
3378678_2026-08-07T11:40:54.072793+00:00,-1.002,-1.001999998,-1.000998999,False
3378753_2026-08-07T11:55:19.629744+00:00,-1.002,-1.002000014,-1.001007007,False
3379135_2026-08-07T12:40:10.040554+00:00,0.6647,0.66469996,0.6656799800000002,False
3379405_2026-08-07T12:55:49.377496+00:00,0.001,0.0010000180000000005,0.00200900900000004,False
3379600_2026-08-07T13:10:02.905253+00:00,-1.002,-1.002000016,-1.0010080080000001,False
3379742_2026-08-07T13:25:42.865653+00:00,-1.002,-1.001999998,-1.0009989990000001,False
3379808_2026-08-07T13:40:22.656736+00:00,0.0397,0.039699936,0.04066796800000004,False
3379953_2026-08-07T13:55:12.379805+00:00,-1.002,-1.002,-1.001,False
3379993_2026-08-07T14:10:12.958608+00:00,-1.002,-1.002,-1.001,False
3380135_2026-08-07T14:25:42.777055+00:00,0.001,0.0010000180000000005,0.00200900900000004,False
3380186_2026-08-07T14:40:32.347232+00:00,-1.002,-1.00200004,-1.00102002,False
3380307_2026-08-07T14:55:25.430468+00:00,-1.002,-1.002000004,-1.001002002,False
3380533_2026-08-07T15:10:16.464773+00:00,-1.002,-1.001999956,-1.0009779779999999,False
3380654_2026-08-07T15:25:12.169540+00:00,0.1474,0.147400044,0.14842202200000004,False
3380994_2026-08-07T15:55:14.675932+00:00,-1.002,-1.002,-1.001,False
3382790_2026-08-07T16:10:12.418111+00:00,0.0081,0.008100002,0.009101001000000027,False
3383636_2026-08-07T16:25:04.632777+00:00,-1.002,-1.002,-1.001,False
3385063_2026-08-07T16:40:27.912562+00:00,0.3313,0.33130005,0.332325025,False
3385177_2026-08-07T16:55:34.935147+00:00,-1.002,-1.001999998,-1.000998999,False
3385983_2026-08-07T17:10:20.196230+00:00,-1.002,-1.001999998,-1.000998999,False
3386269_2026-08-07T17:40:49.441898+00:00,0.0397,0.039699936,0.04066796800000004,False
3386347_2026-08-07T17:55:09.725605+00:00,0.1216,0.121599992,0.12259599600000004,False
3386881_2026-08-07T18:25:19.216038+00:00,-1.002,-1.002,-1.001,False
3387785_2026-08-07T18:40:52.475167+00:00,-1.002,-1.002,-1.001,False
3387882_2026-08-07T18:55:16.684935+00:00,-1.002,-1.002,-1.001,False
3388079_2026-08-07T19:10:38.800514+00:00,0.0,8.000000000125962e-09,0.0010040040000000058,False
3388195_2026-08-07T19:25:12.398613+00:00,0.0081,0.008100002,0.009101001000000027,False
3388358_2026-08-07T19:40:12.920453+00:00,0.085,0.08499991999999999,0.08595995999999993,False
3388465_2026-08-07T19:55:05.171956+00:00,-1.002,-1.002000016,-1.0010080080000001,False
3389001_2026-08-07T20:10:28.576670+00:00,0.4905,0.49050004999999997,0.4915250249999999,False
3389536_2026-08-07T20:25:19.305657+00:00,-1.002,-1.002000016,-1.0010080080000001,False
3389618_2026-08-07T20:40:18.004633+00:00,-1.002,-1.001999998,-1.0009989990000001,False
3389725_2026-08-07T20:55:05.400273+00:00,0.3138,0.31379998400000003,0.3147919920000001,False
3389857_2026-08-07T21:10:19.455665+00:00,0.8162,0.81619998,0.8171899899999999,False
3389967_2026-08-07T21:25:06.413338+00:00,2.4463,2.446299986,2.4472929930000005,False
3390130_2026-08-07T21:40:02.670130+00:00,0.2638,0.26380003599999996,0.264818018,False
3390725_2026-08-07T21:55:01.950721+00:00,-1.002,-1.002,-1.001,False
3391005_2026-08-07T22:10:18.969249+00:00,-1.002,-1.001999998,-1.000998999,False
3391055_2026-08-07T22:25:39.779838+00:00,1.0388,1.038800016,1.039808008,False
3391141_2026-08-07T22:40:14.088266+00:00,-1.002,-1.002,-1.001,False
3391216_2026-08-07T22:55:04.427271+00:00,0.2326,0.232599948,0.23357397399999985,False
3392365_2026-08-07T23:10:17.397843+00:00,0.4905,0.49050004999999997,0.4915250249999999,False
3392502_2026-08-07T23:25:43.386060+00:00,2.5694,2.5694000160000003,2.570408008,False
3392576_2026-08-07T23:40:39.152231+00:00,0.3679,0.36789994600000003,0.3688729729999999,False
3392646_2026-08-07T23:55:20.037762+00:00,0.0397,0.039699936,0.04066796800000004,False
3392812_2026-08-08T00:25:25.050007+00:00,-1.002,-1.002,-1.001,False
3392947_2026-08-08T00:40:37.091792+00:00,0.1216,0.121599992,0.12259599600000004,False
3393023_2026-08-08T00:55:36.839038+00:00,0.1474,0.147400044,0.14842202200000004,False
3393347_2026-08-08T01:10:28.987499+00:00,1.3236,1.323599984,1.324591992,False
3393389_2026-08-08T01:25:34.197896+00:00,-1.002,-1.001999998,-1.0009989990000001,False
3393487_2026-08-08T01:40:33.810892+00:00,0.1344,0.134399936,0.13536796800000003,False
3393552_2026-08-08T01:55:08.804658+00:00,-1.002,-1.001999998,-1.000998999,False
3393590_2026-08-08T02:10:31.841779+00:00,-1.002,-1.002,-1.001,False
3393664_2026-08-08T02:25:32.372129+00:00,0.1091,0.10910002,0.11011000999999992,False
3393755_2026-08-08T02:40:43.884741+00:00,-1.002,-1.001999998,-1.0009989990000001,False
3393856_2026-08-08T02:55:28.948066+00:00,0.7837,0.7837000159999999,0.784708008,False
3393893_2026-08-08T03:10:16.846184+00:00,0.1885,0.18849996,0.18947998,False
3393956_2026-08-08T03:25:40.033442+00:00,0.0091,0.0091000442,0.010122122100000023,False
3394021_2026-08-08T03:40:41.790956+00:00,-1.002,-1.001999998,-1.000998999,False
3394139_2026-08-08T03:55:08.913707+00:00,0.998,0.998,0.999,False
3394678_2026-08-08T04:10:15.685153+00:00,-1.002,-1.002,-1.001,False
3394722_2026-08-08T04:25:09.911037+00:00,0.7221,0.7221000439999999,0.7231220220000001,False
3394868_2026-08-08T04:40:18.192443+00:00,0.0081,0.008100002,0.009101001000000027,False
3395005_2026-08-08T04:55:04.685323+00:00,-1.002,-1.001999992,-1.0009959959999999,False
3395312_2026-08-08T05:10:54.237074+00:00,-1.002,-1.001999996,-1.0009979979999999,False
3395404_2026-08-08T05:25:38.047121+00:00,0.0289,0.028900054,0.029927027000000037,False
3395453_2026-08-08T05:40:56.751067+00:00,-1.002,-1.00199998,-1.0009899899999999,False
3395606_2026-08-08T05:55:17.795682+00:00,-1.002,-1.001999998,-1.000998999,False
3396189_2026-08-08T06:10:24.999488+00:00,-1.002,-1.002000024,-1.0010120120000001,False
3396263_2026-08-08T06:25:12.262370+00:00,-1.002,-1.00199998,-1.00098999,False
3396471_2026-08-08T06:55:33.531615+00:00,0.0289,0.028900054,0.029927027000000037,False
3396561_2026-08-08T07:10:06.027983+00:00,-1.002,-1.001999968,-1.0009839839999999,False
3396584_2026-08-08T07:25:37.778882+00:00,0.2967,0.296700002,0.297701001,False
3396618_2026-08-08T07:40:16.993529+00:00,-1.002,-1.0020000002,-1.0010001000999997,False
3396704_2026-08-08T07:55:26.111472+00:00,0.0506,0.05060006,0.05163003000000006,False
3396749_2026-08-08T08:10:07.916602+00:00,1.6296,1.629599984,1.630591992,False
3396891_2026-08-08T08:25:55.018324+00:00,1.5621,1.562100002,1.563101001,False
3396960_2026-08-08T08:40:14.746680+00:00,0.0289,0.028900054,0.029927027000000037,False
3397122_2026-08-08T08:55:23.677794+00:00,-1.002,-1.002,-1.001,False
3397260_2026-08-08T09:10:02.907352+00:00,0.1608,0.160799984,0.16179199200000005,False
3397327_2026-08-08T09:25:32.512185+00:00,0.1091,0.10910002,0.11011000999999992,False
3397355_2026-08-08T09:40:26.798459+00:00,-1.002,-1.002000014,-1.001007007,False
3397447_2026-08-08T09:55:35.948265+00:00,-1.002,-1.002,-1.001,False
3397511_2026-08-08T10:10:17.567019+00:00,0.085,0.08499991999999999,0.08595995999999993,False
3397584_2026-08-08T10:25:27.911133+00:00,0.0506,0.05060006,0.05163003000000006,False
3397624_2026-08-08T10:40:01.819162+00:00,-1.002,-1.001999982,-1.0009909909999999,False
3397745_2026-08-08T10:55:27.731963+00:00,-1.002,-1.002000016,-1.0010080080000001,False
3397917_2026-08-08T11:10:21.860625+00:00,0.7524,0.752399984,0.7533919920000002,False
3397983_2026-08-08T11:25:04.175482+00:00,-1.002,-1.0020000002,-1.0010001000999997,False
3398015_2026-08-08T11:40:19.199557+00:00,-1.002,-1.00200002,-1.00101001,False
3398170_2026-08-08T11:55:25.140598+00:00,-1.002,-1.001999968,-1.0009839839999999,False
3398434_2026-08-08T12:25:28.823976+00:00,-1.002,-1.00199997,-1.0009849849999999,False
3398475_2026-08-08T12:40:06.790243+00:00,0.0081,0.008100002,0.009101001000000027,False
3398595_2026-08-08T12:55:09.199954+00:00,-1.002,-1.00199998,-1.00098999,False
3398806_2026-08-08T13:10:32.876204+00:00,0.5132,0.513199936,0.5141679680000001,False
3398973_2026-08-08T13:25:30.478962+00:00,0.2967,0.296700002,0.297701001,False
3399009_2026-08-08T13:40:31.724954+00:00,-1.002,-1.002000012,-1.0010060060000001,False
3399183_2026-08-08T13:55:07.322901+00:00,0.1344,0.134399936,0.13536796800000003,False
3399347_2026-08-08T14:10:07.238916+00:00,0.0618,0.06180005599999999,0.0628280280000001,False
3399441_2026-08-08T14:25:33.962375+00:00,0.0184,0.018400016,0.01940800799999998,False
3399489_2026-08-08T14:40:17.897482+00:00,-1.002,-1.002000052,-1.0010260260000001,False
3399576_2026-08-08T14:55:24.872286+00:00,0.0397,0.039699936,0.04066796800000004,False
3399804_2026-08-08T15:10:26.836551+00:00,-1.002,-1.001999998,-1.0009989990000001,False
3400003_2026-08-08T15:25:10.126123+00:00,-1.002,-1.001999996,-1.0009979979999999,False
3400059_2026-08-08T15:40:32.966501+00:00,-1.002,-1.002,-1.001,False
3400146_2026-08-08T15:55:53.270148+00:00,0.0184,0.018400016,0.01940800799999998,False
3402155_2026-08-08T16:10:22.947449+00:00,0.3494,0.34939992799999997,0.350363964,False
3402383_2026-08-08T16:25:43.493353+00:00,-1.002,-1.002000024,-1.0010120120000001,False
3403489_2026-08-08T16:40:04.806322+00:00,-1.002,-1.002,-1.001,False
3403984_2026-08-08T17:10:14.327477+00:00,0.1091,0.10910002,0.11011000999999992,False
3404252_2026-08-08T17:25:39.306696+00:00,-1.002,-1.001999998,-1.0009989990000001,False
3404341_2026-08-08T17:40:53.336774+00:00,0.2638,0.26380003599999996,0.264818018,False
3404448_2026-08-08T17:55:03.607703+00:00,-1.002,-1.00200002,-1.00101001,False
3404749_2026-08-08T18:10:48.824835+00:00,-1.002,-1.001999998,-1.0009989990000001,False
3404927_2026-08-08T18:25:03.800035+00:00,-1.002,-1.002,-1.001,False
3404974_2026-08-08T18:40:19.583037+00:00,0.1216,0.121599992,0.12259599600000004,False
3405152_2026-08-08T18:55:26.340793+00:00,-1.002,-1.00200002,-1.00101001,False
3405492_2026-08-08T19:10:38.582798+00:00,-1.002,-1.001999998,-1.000998999,False
3406031_2026-08-08T19:25:05.096497+00:00,1.0813,1.081300032,1.082316016,False
3407170_2026-08-08T19:40:40.099027+00:00,0.0506,0.05060006,0.05163003000000006,False
3407785_2026-08-08T19:55:12.553807+00:00,0.0397,0.039699936,0.04066796800000004,False
3407885_2026-08-08T20:10:28.358732+00:00,0.3138,0.31379998400000003,0.3147919920000001,False
3409027_2026-08-08T20:40:54.798148+00:00,0.2967,0.296700002,0.297701001,False
3409141_2026-08-08T20:55:38.108757+00:00,0.1745,0.17449995,0.17547497499999995,False
3409219_2026-08-08T21:10:15.049948+00:00,-1.002,-1.002000016,-1.0010080080000001,False
3409285_2026-08-08T21:25:44.825145+00:00,-1.002,-1.002000016,-1.0010080080000001,False
3409400_2026-08-08T21:40:59.835698+00:00,0.6647,0.66469996,0.6656799800000002,False
3409523_2026-08-08T21:55:47.355527+00:00,-1.002,-1.002,-1.001,False
3410204_2026-08-08T22:10:37.300323+00:00,-1.002,-1.002000016,-1.0010080080000001,False
3410312_2026-08-08T22:25:04.087872+00:00,-1.002,-1.001999984,-1.0009919919999999,False
3410482_2026-08-08T22:40:10.323184+00:00,-1.002,-1.002,-1.001,False
3410657_2026-08-08T22:55:03.326242+00:00,-1.002,-1.002,-1.001,False
3411174_2026-08-08T23:10:29.803572+00:00,-1.002,-1.002000016,-1.0010080080000001,False
3411338_2026-08-08T23:40:44.588551+00:00,0.0184,0.018400016,0.01940800799999998,False
3411430_2026-08-08T23:55:03.305383+00:00,-1.002,-1.001999998,-1.000998999,False
3411662_2026-08-09T00:10:37.860435+00:00,0.9588,0.958799984,0.9597919920000001,False
3412093_2026-08-09T00:40:18.807219+00:00,0.0969,0.096900002,0.09790100100000002,False
3412326_2026-08-09T00:55:51.323289+00:00,2.3313,2.33130002,2.33231001,False
3413079_2026-08-09T01:10:18.104174+00:00,0.4266,0.42659996,0.4275799800000002,False
3413237_2026-08-09T01:25:55.316257+00:00,-1.002,-1.002,-1.001,False
3413576_2026-08-09T01:40:39.087233+00:00,0.085,0.08499991999999999,0.08595995999999993,False
3413717_2026-08-09T01:55:45.074062+00:00,-1.002,-1.001999998,-1.0009989990000001,False
3413796_2026-08-09T02:10:13.831107+00:00,-1.002,-1.002,-1.001,False
3413850_2026-08-09T02:25:16.804834+00:00,-1.002,-1.002000016,-1.0010080080000001,False
3413929_2026-08-09T02:40:39.820012+00:00,-1.002,-1.001999992,-1.0009959959999999,False
3414090_2026-08-09T02:55:45.861295+00:00,0.0397,0.039699936,0.04066796800000004,False
3414135_2026-08-09T03:10:52.354972+00:00,-1.002,-1.002,-1.001,False
3414180_2026-08-09T03:25:19.066420+00:00,0.1885,0.18849996,0.18947998,False
3414250_2026-08-09T03:40:34.240185+00:00,0.1344,0.134399936,0.13536796800000003,False
3414349_2026-08-09T03:55:18.414009+00:00,-1.002,-1.002,-1.001,False
3414906_2026-08-09T04:10:17.650296+00:00,0.0733,0.073299942,0.07427097099999987,False
3415002_2026-08-09T04:25:03.530982+00:00,4.5536,4.553599984,4.554591992,False
3415210_2026-08-09T04:40:18.836524+00:00,-1.002,-1.001999998,-1.0009989990000001,False
3415319_2026-08-09T04:55:03.406597+00:00,-1.002,-1.001999998,-1.000998999,False
3415784_2026-08-09T05:10:21.748251+00:00,-1.002,-1.00199998,-1.0009899899999999,False
3415870_2026-08-09T05:25:08.914346+00:00,1.379,1.37899996,1.3799799799999999,False
3415938_2026-08-09T05:40:07.343897+00:00,-1.002,-1.002000008,-1.0010040040000001,False
3416100_2026-08-09T05:55:34.036076+00:00,0.1216,0.121599992,0.12259599600000004,False
3416196_2026-08-09T06:10:23.049346+00:00,0.3313,0.33130005,0.332325025,False
3416291_2026-08-09T06:25:02.916846+00:00,0.0506,0.05060006,0.05163003000000006,False
3416330_2026-08-09T06:40:03.478822+00:00,0.0289,0.028900054,0.029927027000000037,False
3416434_2026-08-09T06:55:19.003726+00:00,-1.002,-1.002000012,-1.0010060060000001,False
3416760_2026-08-09T07:10:24.027303+00:00,-1.002,-1.001999998,-1.000998999,False
3416962_2026-08-09T07:25:27.859023+00:00,-1.002,-1.001999998,-1.000998999,False
3416999_2026-08-09T07:40:16.403260+00:00,-1.002,-1.002000004,-1.001002002,False
3417118_2026-08-09T07:55:17.817686+00:00,-1.002,-1.002,-1.001,False
3417189_2026-08-09T08:10:25.272196+00:00,0.001,0.0010000180000000005,0.00200900900000004,False
3417264_2026-08-09T08:25:33.572629+00:00,-1.002,-1.002000004,-1.001002002,False
3417480_2026-08-09T08:55:26.585409+00:00,0.1608,0.160799984,0.16179199200000005,False
3417509_2026-08-09T09:10:15.635919+00:00,0.2801,0.280099924,0.28106196200000005,False
3417578_2026-08-09T09:25:01.315624+00:00,-1.002,-1.001999982,-1.0009909909999999,False
3417623_2026-08-09T09:40:06.391720+00:00,0.248,0.248,0.249,False
3417728_2026-08-09T09:55:02.052111+00:00,0.0184,0.018400016,0.01940800799999998,False
3417825_2026-08-09T10:10:12.439674+00:00,0.0184,0.018400016,0.01940800799999998,False
3417873_2026-08-09T10:25:21.788166+00:00,0.1745,0.17449995,0.17547497499999995,False
3417927_2026-08-09T10:40:25.653205+00:00,-1.002,-1.002,-1.001,False
3418031_2026-08-09T10:55:11.905903+00:00,0.0081,0.008100002,0.009101001000000027,False
3418075_2026-08-09T11:10:05.925255+00:00,0.1216,0.121599992,0.12259599600000004,False
3418150_2026-08-09T11:25:13.160490+00:00,-1.002,-1.001999998,-1.000998999,False
3418470_2026-08-09T11:40:22.716628+00:00,0.085,0.08499991999999999,0.08595995999999993,False
3418562_2026-08-09T11:55:31.882985+00:00,-1.002,-1.002,-1.001,False
3418854_2026-08-09T12:25:18.717181+00:00,0.8499,0.849899948,0.850873974,False
3418901_2026-08-09T12:40:05.609481+00:00,-1.002,-1.001999988,-1.000993994,False
3419090_2026-08-09T12:55:27.838492+00:00,0.1885,0.18849996,0.18947998,False
3419318_2026-08-09T13:10:06.712575+00:00,0.0081,0.008100002,0.009101001000000027,False
3419765_2026-08-09T13:25:05.911300+00:00,0.0397,0.039699936,0.04066796800000004,False
3419813_2026-08-09T13:40:06.961598+00:00,0.002,0.002000032,0.00301601600000002,False
3420143_2026-08-09T13:55:00.398487+00:00,-1.002,-1.002000016,-1.0010080080000001,False
3420323_2026-08-09T14:10:30.894734+00:00,0.6109,0.610900004,0.6119020020000001,False
3420655_2026-08-09T14:40:07.222457+00:00,-1.002,-1.002,-1.001,False
3420767_2026-08-09T14:55:31.558137+00:00,0.0289,0.028900054,0.029927027000000037,False
3420977_2026-08-09T15:10:05.532954+00:00,-1.002,-1.001999998,-1.0009989990000001,False
3421043_2026-08-09T15:25:14.953662+00:00,-1.002,-1.001999984,-1.000991992,False
3421144_2026-08-09T15:40:01.345279+00:00,-1.002,-1.002,-1.001,False
3421299_2026-08-09T15:55:28.875222+00:00,0.6373,0.637300054,0.638327027,False
3422072_2026-08-09T16:10:08.286203+00:00,0.0733,0.073299942,0.07427097099999987,False
3422235_2026-08-09T16:25:20.252899+00:00,-1.002,-1.002,-1.001,False
3422314_2026-08-09T16:40:08.288555+00:00,0.0184,0.018400016,0.01940800799999998,False
3422518_2026-08-09T16:55:33.306045+00:00,-1.002,-1.001999998,-1.0009989990000001,False
3422746_2026-08-09T17:10:08.286597+00:00,-1.002,-1.001999998,-1.000998999,False
3423535_2026-08-09T17:25:18.300790+00:00,0.2028,0.20280003200000002,0.2038160160000001,False
3423614_2026-08-09T17:40:29.418552+00:00,-1.002,-1.002000016,-1.0010080080000001,False
3423827_2026-08-09T17:55:04.696941+00:00,-1.002,-1.002000001,-1.0010005005,False
3424907_2026-08-09T18:10:34.176302+00:00,0.1344,0.134399936,0.13536796800000003,False
3425464_2026-08-09T18:25:34.742002+00:00,7.3313,7.331300008,7.332304004,False
3425698_2026-08-09T18:40:13.273875+00:00,0.2967,0.296700002,0.297701001,False
3425815_2026-08-09T18:55:25.546465+00:00,-1.002,-1.001999998,-1.000998999,False
3427091_2026-08-09T19:10:33.765144+00:00,-1.002,-1.002000024,-1.0010120120000001,False
3427838_2026-08-09T19:25:09.388007+00:00,0.0184,0.018400016,0.01940800799999998,False
3429008_2026-08-09T19:40:18.749868+00:00,-1.002,-1.002,-1.001,False
3429081_2026-08-09T19:55:33.334305+00:00,-1.002,-1.001999998,-1.000998999,False
3429306_2026-08-09T20:10:10.517134+00:00,-1.002,-1.001999998,-1.000998999,False
3429536_2026-08-09T20:25:19.869330+00:00,0.0184,0.018400016,0.01940800799999998,False
3429621_2026-08-09T20:40:34.942508+00:00,0.085,0.08499991999999999,0.08595995999999993,False
3429841_2026-08-09T20:55:19.224880+00:00,-1.002,-1.001999988,-1.000993994,False
3430097_2026-08-09T21:10:29.399623+00:00,-1.002,-1.001999976,-1.0009879879999999,False
3430948_2026-08-09T21:25:04.424552+00:00,0.3313,0.33130005,0.332325025,False
3431431_2026-08-09T21:40:15.207325+00:00,0.0153,0.0152999882,0.01629409409999998,False
3431597_2026-08-09T21:55:24.904770+00:00,-1.002,-1.002,-1.001,False
3431878_2026-08-09T22:10:00.491418+00:00,0.0081,0.008100002,0.009101001000000027,False
3432061_2026-08-09T22:25:09.023887+00:00,-1.002,-1.0019999994,-1.0009996997000001,False
3432269_2026-08-09T22:40:19.318429+00:00,-1.002,-1.002,-1.001,False
3432412_2026-08-09T22:55:29.375776+00:00,0.0733,0.073299942,0.07427097099999987,False
3432954_2026-08-09T23:10:04.333675+00:00,-1.002,-1.002,-1.001,False
3433088_2026-08-09T23:25:13.288268+00:00,-1.002,-1.001999998,-1.000998999,False
3433189_2026-08-09T23:40:25.479993+00:00,-1.002,-1.002000016,-1.0010080080000001,False
3433265_2026-08-09T23:55:33.309820+00:00,-1.002,-1.001999998,-1.000998999,False
3433338_2026-08-10T00:10:17.452900+00:00,0.0081,0.008100002,0.009101001000000027,False
3433564_2026-08-10T00:40:30.108561+00:00,-1.002,-1.002,-1.001,False
3433646_2026-08-10T00:55:04.462738+00:00,0.003,0.00300005,0.004025025000000057,False
3434002_2026-08-10T01:10:14.781740+00:00,0.1745,0.17449995,0.17547497499999995,False
3434094_2026-08-10T01:25:25.400883+00:00,0.0397,0.039699936,0.04066796800000004,False
3434182_2026-08-10T01:40:33.306043+00:00,-1.002,-1.0019999974,-1.0009986987,False
3434260_2026-08-10T01:55:03.311674+00:00,0.003,0.00300005,0.004025025000000057,False
3434316_2026-08-10T02:10:30.265550+00:00,-1.002,-1.0020000024,-1.0010012012,False
3434353_2026-08-10T02:25:24.522337+00:00,-1.002,-1.0019999998,-1.0009998998999998,False
3434428_2026-08-10T02:40:13.924787+00:00,0.0081,0.008100002,0.009101001000000027,False
3434492_2026-08-10T02:55:28.242598+00:00,-1.002,-1.0020000002,-1.0010001000999997,False
3434548_2026-08-10T03:10:05.534850+00:00,-1.002,-1.002,-1.001,False
3434634_2026-08-10T03:25:23.989459+00:00,0.002,0.002000032,0.00301601600000002,False
3434794_2026-08-10T03:40:18.257298+00:00,-1.002,-1.001999956,-1.0009779779999999,False
3434946_2026-08-10T03:55:29.205819+00:00,-1.002,-1.001999992,-1.0009959959999999,False
3436107_2026-08-10T04:10:04.982099+00:00,0.0081,0.008100002,0.009101001000000027,False
3436708_2026-08-10T04:25:05.241371+00:00,-1.002,-1.002000024,-1.0010120120000001,False
3436847_2026-08-10T04:40:08.818991+00:00,-1.002,-1.001999998,-1.0009989990000001,False
3437087_2026-08-10T04:55:13.241537+00:00,-1.002,-1.001999964,-1.000981982,False
3437975_2026-08-10T05:10:13.793338+00:00,-1.002,-1.001999946,-1.0009729729999999,False
3438070_2026-08-10T05:25:15.213242+00:00,0.0184,0.018400016,0.01940800799999998,False
3438140_2026-08-10T05:40:15.391092+00:00,0.3138,0.31379998400000003,0.3147919920000001,False
3438280_2026-08-10T05:55:04.843505+00:00,0.0184,0.018400016,0.01940800799999998,False
3438550_2026-08-10T06:10:14.351792+00:00,0.1474,0.147400044,0.14842202200000004,False
3438989_2026-08-10T06:25:04.452112+00:00,-1.002,-1.001999988,-1.000993994,False
3439018_2026-08-10T06:40:28.988189+00:00,0.0506,0.05060006,0.05163003000000006,False
3439129_2026-08-10T06:55:19.400147+00:00,0.0397,0.039699936,0.04066796800000004,False
3439371_2026-08-10T07:10:28.490088+00:00,-1.002,-1.00200001,-1.001005005,False
3439606_2026-08-10T07:40:06.683200+00:00,0.6929,0.692900018,0.6939090090000001,False
3439751_2026-08-10T07:55:17.515497+00:00,-1.002,-1.002,-1.001,False
3440007_2026-08-10T08:10:32.305178+00:00,0.0289,0.028900054,0.029927027000000037,False
3440731_2026-08-10T08:25:05.958834+00:00,0.085,0.08499991999999999,0.08595995999999993,False
3440765_2026-08-10T08:40:00.879201+00:00,-1.002,-1.002,-1.001,False
3441234_2026-08-10T08:55:05.402546+00:00,0.4686,0.468599984,0.4695919919999999,False
3441811_2026-08-10T09:10:12.070516+00:00,-1.002,-1.001999998,-1.0009989990000001,False
3442843_2026-08-10T09:25:22.568369+00:00,-1.002,-1.002000004,-1.001002002,False
3443229_2026-08-10T09:40:20.407047+00:00,-1.002,-1.002,-1.001,False
3443768_2026-08-10T09:55:27.444343+00:00,-1.002,-1.002,-1.001,False
3443859_2026-08-10T10:10:32.442184+00:00,0.0091,0.0091000442,0.010122122100000023,False
3444024_2026-08-10T10:25:26.411976+00:00,-1.002,-1.00200007,-1.001035035,False
3444081_2026-08-10T10:40:26.894474+00:00,-1.002,-1.002000064,-1.0010320320000001,False
3444293_2026-08-10T10:55:00.646307+00:00,0.1608,0.160799984,0.16179199200000005,False
3444714_2026-08-10T11:10:06.750033+00:00,-1.002,-1.00200004,-1.00102002,False
3445200_2026-08-10T11:25:12.170325+00:00,0.0289,0.028900054,0.029927027000000037,False
3445270_2026-08-10T11:40:21.682781+00:00,-1.002,-1.002000016,-1.0010080080000001,False
3445767_2026-08-10T11:55:08.419716+00:00,0.0081,0.008100002,0.009101001000000027,False
3446509_2026-08-10T12:10:51.875642+00:00,0.0289,0.028900054,0.029927027000000037,False
3447080_2026-08-10T12:25:17.874663+00:00,-1.002,-1.002000004,-1.001002002,False
3447897_2026-08-10T12:40:43.628459+00:00,-1.002,-1.0019999998,-1.0009998999,False
3448639_2026-08-10T12:55:27.129144+00:00,-1.002,-1.0020000002,-1.0010001000999997,False
3448739_2026-08-10T13:10:01.979130+00:00,1.1257,1.1256999619999999,1.126680981,False
3449219_2026-08-10T13:25:31.261195+00:00,0.4473,0.447299966,0.4482829830000001,False
3449314_2026-08-10T13:40:46.627807+00:00,-1.002,-1.0019999994,-1.0009996997000001,False
3449501_2026-08-10T13:55:36.324548+00:00,-1.002,-1.001999998,-1.000998999,False
3449688_2026-08-10T14:10:27.326960+00:00,0.1608,0.160799984,0.16179199200000005,False
3449996_2026-08-10T14:25:19.577840+00:00,1.9392,1.939199984,1.9401919919999997,False
3450212_2026-08-10T14:40:39.300001+00:00,0.6373,0.637300054,0.638327027,False
3450445_2026-08-10T14:55:34.571130+00:00,-1.002,-1.0019999994,-1.0009996997000001,False
3450720_2026-08-10T15:10:18.323143+00:00,-1.002,-1.002000064,-1.0010320320000001,False
3450896_2026-08-10T15:25:31.832301+00:00,-1.002,-1.002,-1.001,False
3451004_2026-08-10T15:40:53.106581+00:00,-1.002,-1.002,-1.001,False
3451112_2026-08-10T15:55:37.641393+00:00,-1.002,-1.001999998,-1.000998999,False
3451861_2026-08-10T16:10:21.718883+00:00,-1.002,-1.002000016,-1.0010080080000001,False
3452404_2026-08-10T16:25:32.813352+00:00,-1.002,-1.002,-1.001,False
3452452_2026-08-10T16:40:09.175444+00:00,-1.002,-1.001999998,-1.000998999,False
3452710_2026-08-10T16:55:26.509722+00:00,-1.002,-1.002,-1.001,False
3453390_2026-08-10T17:10:42.334172+00:00,0.0733,0.073299942,0.07427097099999987,False
3454282_2026-08-10T17:25:05.576943+00:00,-1.002,-1.002000004,-1.001002002,False
3454483_2026-08-10T17:40:36.125665+00:00,0.0397,0.039699936,0.04066796800000004,False
3454782_2026-08-10T17:55:26.024627+00:00,-1.002,-1.001999998,-1.000998999,False
3455287_2026-08-10T18:10:33.395245+00:00,0.085,0.08499991999999999,0.08595995999999993,False
3457659_2026-08-10T18:25:32.054451+00:00,-1.002,-1.00199998,-1.0009899899999999,False
3461524_2026-08-10T18:40:06.037405+00:00,-1.002,-1.002,-1.001,False
3461603_2026-08-10T18:55:14.852124+00:00,0.1091,0.10910002,0.11011000999999992,False
3463677_2026-08-10T19:10:26.543953+00:00,0.1885,0.18849996,0.18947998,False
3466225_2026-08-10T19:25:00.978488+00:00,0.0184,0.018400016,0.01940800799999998,False
3468551_2026-08-10T19:40:10.954826+00:00,8.998,8.998,8.999,False
3468631_2026-08-10T19:55:29.848884+00:00,2.3313,2.33130002,2.33231001,False
3468929_2026-08-10T20:10:05.670834+00:00,0.0733,0.073299942,0.07427097099999987,False
3469092_2026-08-10T20:25:16.838303+00:00,0.0397,0.039699936,0.04066796800000004,False
3469163_2026-08-10T20:40:25.683378+00:00,0.8162,0.81619998,0.8171899899999999,False
3469505_2026-08-10T20:55:02.047228+00:00,-1.002,-1.001999998,-1.000998999,False
3470048_2026-08-10T21:10:10.406272+00:00,-1.002,-1.002,-1.001,False
3470387_2026-08-10T21:25:27.121760+00:00,15.6647,15.664699996000001,15.665697997999999,False
3470770_2026-08-10T21:40:02.097698+00:00,-1.002,-1.002,-1.001,False
3470833_2026-08-10T21:55:10.994463+00:00,-1.002,-1.001999998,-1.0009989990000001,False
3470971_2026-08-10T22:10:19.957205+00:00,0.1474,0.147400044,0.14842202200000004,False
3471079_2026-08-10T22:25:32.043868+00:00,-1.002,-1.001999998,-1.000998999,False
3471296_2026-08-10T22:40:07.102597+00:00,-1.002,-1.001999998,-1.000998999,False
3471372_2026-08-10T22:55:16.532386+00:00,0.1474,0.147400044,0.14842202200000004,False
3471679_2026-08-10T23:10:24.847029+00:00,-1.002,-1.002000004,-1.001002002,False
3471830_2026-08-10T23:25:34.871056+00:00,0.8848,0.884799992,0.8857959959999999,False
3472099_2026-08-10T23:40:14.844246+00:00,-1.002,-1.002,-1.001,False
3472218_2026-08-10T23:55:25.365895+00:00,1.9392,1.939199984,1.9401919919999997,False
3472325_2026-08-11T00:10:02.887077+00:00,6.6903,6.690300002000001,6.691301001,False
3472414_2026-08-11T00:25:29.854755+00:00,-1.002,-1.00200004,-1.00102002,False
3472531_2026-08-11T00:40:10.942353+00:00,-1.002,-1.00200007,-1.001035035,False
3472606_2026-08-11T00:55:21.594530+00:00,0.0397,0.039699936,0.04066796800000004,False
3473088_2026-08-11T01:10:30.376569+00:00,1.2202,1.22020002,1.22121001,False
3473130_2026-08-11T01:25:04.828188+00:00,1.7007,1.700700002,1.7017010010000002,False
3473223_2026-08-11T01:40:15.550982+00:00,-1.002,-1.002,-1.001,False
3473347_2026-08-11T01:55:26.203989+00:00,0.0184,0.018400016,0.01940800799999998,False
3473441_2026-08-11T02:10:30.423457+00:00,-1.002,-1.00200004,-1.00102002,False
3473503_2026-08-11T02:25:06.159528+00:00,0.2801,0.280099924,0.28106196200000005,False
3473630_2026-08-11T02:40:15.125391+00:00,-1.002,-1.001999998,-1.000998999,False
3473817_2026-08-11T02:55:25.662804+00:00,0.3869,0.38689998400000003,0.387891992,False
3473881_2026-08-11T03:10:01.687561+00:00,0.0397,0.039699936,0.04066796800000004,False
3473964_2026-08-11T03:25:09.792150+00:00,0.0289,0.028900054,0.029927027000000037,False
3474045_2026-08-11T03:40:21.975295+00:00,-1.002,-1.00200008,-1.0010400400000001,False
3474209_2026-08-11T03:55:30.373374+00:00,2.3313,2.33130002,2.33231001,False
3474953_2026-08-11T04:10:06.461844+00:00,-1.002,-1.001999998,-1.0009989990000001,False
3475241_2026-08-11T04:25:26.901996+00:00,-1.002,-1.002,-1.001,False
3475503_2026-08-11T04:40:01.918594+00:00,-1.002,-1.00200002,-1.00101001,False
3475628_2026-08-11T04:55:11.958292+00:00,-1.002,-1.0020000022,-1.0010011011,False
3476103_2026-08-11T05:10:21.043233+00:00,0.0969,0.096900002,0.09790100100000002,False
3476255_2026-08-11T05:25:11.504015+00:00,-1.002,-1.002,-1.001,False
3476449_2026-08-11T05:40:19.920732+00:00,0.0081,0.008100002,0.009101001000000027,False
3476522_2026-08-11T05:55:30.399698+00:00,-1.002,-1.002,-1.001,False
3477047_2026-08-11T06:10:37.001360+00:00,0.0184,0.018400016,0.01940800799999998,False
3477901_2026-08-11T06:25:16.368619+00:00,-1.002,-1.002,-1.001,False
3477926_2026-08-11T06:40:26.415342+00:00,-1.002,-1.002000064,-1.0010320320000001,False
3478125_2026-08-11T06:55:02.004563+00:00,23.998,23.998,23.999,False
3478305_2026-08-11T07:10:09.820472+00:00,0.2801,0.280099924,0.28106196200000005,False
3478526_2026-08-11T07:25:20.402499+00:00,-1.002,-1.002,-1.001,False
3478711_2026-08-11T07:40:30.369317+00:00,0.001,0.0010000180000000005,0.00200900900000004,False
3478995_2026-08-11T07:55:00.648472+00:00,-1.002,-1.002000016,-1.0010080080000001,False
3479572_2026-08-11T08:10:04.877753+00:00,-1.002,-1.00199995,-1.000974975,False
3480104_2026-08-11T08:25:11.519630+00:00,0.085,0.08499991999999999,0.08595995999999993,False
3480541_2026-08-11T08:40:19.943670+00:00,0.0618,0.06180005599999999,0.0628280280000001,False
3480644_2026-08-11T08:55:40.151263+00:00,0.0506,0.05060006,0.05163003000000006,False
3481277_2026-08-11T10:10:58.145958+00:00,-1.002,-1.002000016,-1.0010080080000001,False
3481968_2026-08-11T10:55:31.875933+00:00,-1.002,-1.002,-1.001,False
3482084_2026-08-11T11:10:08.465235+00:00,0.0184,0.018400016,0.01940800799999998,False
3482156_2026-08-11T11:25:01.788319+00:00,-1.002,-1.002000016,-1.0010080080000001,False
3482306_2026-08-11T11:40:03.948762+00:00,0.5853,0.5853000020000001,0.5863010009999999,False
3482415_2026-08-11T11:55:03.556132+00:00,0.0506,0.05060006,0.05163003000000006,False
3483054_2026-08-11T12:10:03.562083+00:00,0.0081,0.008100002,0.009101001000000027,False
3483436_2026-08-11T12:25:02.378035+00:00,-1.002,-1.0019999994,-1.0009996997000001,False
3484077_2026-08-11T12:40:04.172663+00:00,0.0733,0.073299942,0.07427097099999987,False
3484237_2026-08-11T12:55:02.376127+00:00,0.998,0.998,0.999,False
3484971_2026-08-11T13:10:03.207301+00:00,-1.002,-1.00199998,-1.00098999,False
3485434_2026-08-11T13:25:01.847139+00:00,-1.002,-1.002,-1.001,False
3486288_2026-08-11T13:40:03.499576+00:00,-1.002,-1.002000016,-1.0010080080000001,False
3486476_2026-08-11T13:55:02.965668+00:00,6.1409,6.140899988,6.141893994,False
3488341_2026-08-11T14:40:26.328669+00:00,-1.002,-1.002000004,-1.001002002,False
3491081_2026-08-11T15:10:27.458966+00:00,0.3679,0.36789994600000003,0.3688729729999999,False
3491485_2026-08-11T15:25:29.498963+00:00,0.5365,0.53649995,0.5374749750000001,False
3491790_2026-08-11T15:40:29.320136+00:00,-1.002,-1.002,-1.001,False
3492147_2026-08-11T15:55:29.780679+00:00,7.3313,7.331300008,7.332304004,False
3492588_2026-08-11T16:10:31.445150+00:00,-1.002,-1.001999946,-1.000972973,False
3492756_2026-08-11T16:25:13.254732+00:00,0.2638,0.26380003599999996,0.264818018,False
3492994_2026-08-11T16:40:13.913762+00:00,-1.002,-1.001999998,-1.000998999,False
3493185_2026-08-11T16:55:13.336398+00:00,-1.002,-1.002,-1.001,False
3493571_2026-08-11T17:10:13.409941+00:00,11.498,11.498,11.499,False
3493851_2026-08-11T17:25:15.339684+00:00,0.1091,0.10910002,0.11011000999999992,False
3494202_2026-08-11T17:55:39.627674+00:00,0.0397,0.039699936,0.04066796800000004,False
3495297_2026-08-11T18:25:39.231385+00:00,-1.002,-1.001999984,-1.000991992,False
3495453_2026-08-11T18:40:38.145537+00:00,-1.002,-1.001999998,-1.000998999,False
3495527_2026-08-11T18:55:38.590866+00:00,0.2638,0.26380003599999996,0.264818018,False
3497500_2026-08-11T19:10:38.694088+00:00,-1.002,-1.002,-1.001,False
3497960_2026-08-11T19:25:38.037421+00:00,0.0184,0.018400016,0.01940800799999998,False
3499112_2026-08-11T19:40:39.204863+00:00,0.0397,0.039699936,0.04066796800000004,False
3499195_2026-08-11T19:55:39.634503+00:00,0.2175,0.21750002,0.2185100100000001,False
3499604_2026-08-11T20:10:40.320961+00:00,0.0081,0.008100002,0.009101001000000027,False
3499833_2026-08-11T20:25:37.996724+00:00,-1.002,-1.002,-1.001,False
3499925_2026-08-11T20:40:39.181963+00:00,0.085,0.08499991999999999,0.08595995999999993,False
3500249_2026-08-11T20:55:40.193936+00:00,0.0184,0.018400016,0.01940800799999998,False
3500734_2026-08-11T21:10:39.238992+00:00,0.998,0.998,0.999,False
3500799_2026-08-11T21:25:38.517455+00:00,-1.002,-1.001999992,-1.0009959959999999,False
3501208_2026-08-11T21:40:39.304231+00:00,-1.002,-1.001999984,-1.000991992,False
3501303_2026-08-11T21:55:38.068148+00:00,0.3679,0.36789994600000003,0.3688729729999999,False
3501553_2026-08-11T22:10:39.670900+00:00,0.0618,0.06180005599999999,0.0628280280000001,False
3501659_2026-08-11T22:25:38.808595+00:00,-1.002,-1.00200002,-1.00101001,False
3501945_2026-08-11T22:40:40.726586+00:00,-1.002,-1.001999998,-1.000998999,False
3502184_2026-08-11T22:55:38.264026+00:00,0.6647,0.66469996,0.6656799800000002,False
3502429_2026-08-11T23:10:39.262669+00:00,-1.002,-1.002,-1.001,False
3502520_2026-08-11T23:25:37.973222+00:00,0.3679,0.36789994600000003,0.3688729729999999,False
3502843_2026-08-11T23:40:40.284700+00:00,0.1474,0.147400044,0.14842202200000004,False
3502994_2026-08-11T23:55:38.820944+00:00,-1.002,-1.001999998,-1.000998999,False
3504339_2026-08-12T00:40:38.810524+00:00,0.0397,0.039699936,0.04066796800000004,False
3504543_2026-08-12T00:55:38.528768+00:00,0.1344,0.134399936,0.13536796800000003,False
3504819_2026-08-12T01:10:38.902851+00:00,1.0813,1.081300032,1.082316016,False
3504866_2026-08-12T01:25:38.064793+00:00,-1.002,-1.00199998,-1.0009899899999999,False
3505030_2026-08-12T01:40:38.212198+00:00,0.1091,0.10910002,0.11011000999999992,False
3505204_2026-08-12T01:55:38.104678+00:00,-1.002,-1.002000064,-1.0010320320000001,False
3505286_2026-08-12T02:10:39.403131+00:00,0.085,0.08499991999999999,0.08595995999999993,False
3505337_2026-08-12T02:25:39.188803+00:00,7.3313,7.331300008,7.332304004,False
3505445_2026-08-12T02:40:38.809904+00:00,-1.002,-1.002,-1.001,False
3505544_2026-08-12T02:55:38.163857+00:00,-1.002,-1.002,-1.001,False
3505589_2026-08-12T03:10:38.922223+00:00,-1.002,-1.002000016,-1.0010080080000001,False
3505693_2026-08-12T03:25:38.699673+00:00,0.0397,0.039699936,0.04066796800000004,False
3505756_2026-08-12T03:40:38.278167+00:00,0.0289,0.028900054,0.029927027000000037,False
3505879_2026-08-12T03:55:38.684901+00:00,6.6903,6.690300002000001,6.691301001,False
3506446_2026-08-12T04:10:39.915754+00:00,-1.002,-1.002000016,-1.0010080080000001,False
3506542_2026-08-12T04:25:38.423546+00:00,0.0618,0.06180005599999999,0.0628280280000001,False
3506788_2026-08-12T04:55:26.150343+00:00,0.2175,0.21750002,0.2185100100000001,False
3507745_2026-08-12T05:10:24.194824+00:00,0.5365,0.53649995,0.5374749750000001,False
3507813_2026-08-12T05:25:23.650858+00:00,0.3313,0.33130005,0.332325025,False
3507901_2026-08-12T05:40:24.207085+00:00,0.3869,0.38689998400000003,0.387891992,False
3507970_2026-08-12T05:55:23.875552+00:00,11.498,11.498,11.499,False
3508652_2026-08-12T06:25:23.525266+00:00,-1.002,-1.002,-1.001,False
3508793_2026-08-12T06:40:25.930533+00:00,0.4905,0.49050004999999997,0.4915250249999999,False
3508909_2026-08-12T06:55:23.016360+00:00,2.0283,2.028300002,2.029301001,False
3509190_2026-08-12T07:10:22.987001+00:00,0.0397,0.039699936,0.04066796800000004,False
3509416_2026-08-12T07:25:24.658496+00:00,-1.002,-1.002000004,-1.001002002,False
3509616_2026-08-12T07:40:23.063849+00:00,-1.002,-1.00200001,-1.001005005,False
3509725_2026-08-12T07:55:23.839410+00:00,0.0081,0.008100002,0.009101001000000027,False
3509842_2026-08-12T08:10:23.604340+00:00,-1.002,-1.001999996,-1.0009979979999999,False
3509926_2026-08-12T08:25:24.207763+00:00,0.0618,0.06180005599999999,0.0628280280000001,False
3509965_2026-08-12T08:40:25.185130+00:00,-1.002,-1.001999992,-1.0009959959999999,False
3510092_2026-08-12T08:55:24.179732+00:00,0.6373,0.637300054,0.638327027,False
3510166_2026-08-12T09:10:22.982280+00:00,0.0184,0.018400016,0.01940800799999998,False
3510195_2026-08-12T09:25:23.007992+00:00,-0.001,-0.0009999979999999998,1.0010000000297472e-06,False
3510238_2026-08-12T09:40:59.712353+00:00,0.0289,0.028900054,0.029927027000000037,False
3510312_2026-08-12T09:55:13.159679+00:00,0.3869,0.38689998400000003,0.387891992,False
3510551_2026-08-12T10:10:12.762092+00:00,0.6929,0.692900018,0.6939090090000001,False
3511055_2026-08-12T10:25:12.098880+00:00,-1.002,-1.001999998,-1.000998999,False
3511187_2026-08-12T10:40:16.458315+00:00,0.0733,0.073299942,0.07427097099999987,False
3511785_2026-08-12T10:55:14.031904+00:00,-1.002,-1.002000034,-1.001017017,False
3511964_2026-08-12T11:10:14.083903+00:00,-1.002,-1.00199998,-1.0009899899999999,False
3512438_2026-08-12T11:25:13.625728+00:00,0.0733,0.073299942,0.07427097099999987,False
3512556_2026-08-12T11:40:13.452056+00:00,-1.002,-1.00200007,-1.001035035,False
3512623_2026-08-12T11:55:14.302564+00:00,0.0733,0.073299942,0.07427097099999987,False
3512894_2026-08-12T12:10:17.554821+00:00,0.1474,0.147400044,0.14842202200000004,False
3513113_2026-08-12T12:25:14.564351+00:00,1.7758,1.775799984,1.776791992,False
3513238_2026-08-12T12:40:14.631772+00:00,-1.002,-1.0019999998,-1.0009998998999998,False
3513309_2026-08-12T12:55:13.784574+00:00,0.2326,0.232599948,0.23357397399999985,False
3514584_2026-08-12T13:10:12.386485+00:00,-1.002,-1.002000016,-1.0010080080000001,False
3515977_2026-08-12T15:10:21.413467+00:00,0.0397,0.039699936,0.04066796800000004,False
3516686_2026-08-12T15:25:21.364295+00:00,-1.002,-1.001999988,-1.000993994,False
3516719_2026-08-12T15:40:21.426319+00:00,0.6109,0.610900004,0.6119020020000001,False
3516792_2026-08-12T15:55:22.489903+00:00,-1.002,-1.002,-1.001,False
3517214_2026-08-12T16:10:21.377703+00:00,2.5694,2.5694000160000003,2.570408008,False
3517345_2026-08-12T16:25:21.905114+00:00,0.0733,0.073299942,0.07427097099999987,False
3517683_2026-08-12T16:40:21.451417+00:00,-1.002,-1.00199998,-1.0009899899999999,False
3517832_2026-08-12T16:55:21.357582+00:00,-1.002,-1.001999998,-1.0009989990000001,False
3518100_2026-08-12T17:10:22.255115+00:00,1.9392,1.939199984,1.9401919919999997,False
3518284_2026-08-12T17:25:22.265149+00:00,-1.002,-1.002,-1.001,False
3518419_2026-08-12T17:40:23.817173+00:00,0.2028,0.20280003200000002,0.2038160160000001,False
3518578_2026-08-12T17:55:23.672743+00:00,-1.002,-1.001999984,-1.0009919919999999,False
3518920_2026-08-12T18:10:25.740910+00:00,7.3313,7.331300008,7.332304004,False
3519537_2026-08-12T18:25:23.607826+00:00,-1.002,-1.002000004,-1.001002002,False
3520254_2026-08-12T18:40:22.478839+00:00,0.4905,0.49050004999999997,0.4915250249999999,False
3520827_2026-08-12T18:55:21.955014+00:00,-1.002,-1.002,-1.001,False
3523615_2026-08-12T19:10:21.413510+00:00,0.0506,0.05060006,0.05163003000000006,False
3524512_2026-08-12T19:25:22.502937+00:00,-1.002,-1.001999992,-1.0009959959999999,False
3525447_2026-08-12T19:40:21.377410+00:00,-1.002,-1.002,-1.001,False
3525784_2026-08-12T19:55:22.512786+00:00,0.1344,0.134399936,0.13536796800000003,False
3525961_2026-08-12T20:10:21.954317+00:00,0.3494,0.34939992799999997,0.350363964,False
3526127_2026-08-12T20:25:23.043519+00:00,0.0969,0.096900002,0.09790100100000002,False
3526252_2026-08-12T20:40:22.492863+00:00,0.0397,0.039699936,0.04066796800000004,False
3526366_2026-08-12T20:55:23.082551+00:00,3.1647,3.164699984,3.1656919919999997,False
3526490_2026-08-12T21:10:23.080065+00:00,2.7017,2.701700002,2.702701001,False
3526599_2026-08-12T21:25:21.959203+00:00,-1.002,-1.002000004,-1.001002002,False
3526768_2026-08-12T21:40:21.947596+00:00,0.5605,0.5605,0.5615,False
3527092_2026-08-12T21:55:21.368890+00:00,-1.002,-1.001999946,-1.000972973,False
3527304_2026-08-12T22:10:23.742081+00:00,0.3494,0.34939992799999997,0.350363964,False
3527448_2026-08-12T22:25:21.356785+00:00,-1.002,-1.001999998,-1.000998999,False
3527593_2026-08-12T22:40:22.516948+00:00,-1.002,-1.002,-1.001,False
3527774_2026-08-12T22:55:23.598001+00:00,0.1344,0.134399936,0.13536796800000003,False
3528405_2026-08-12T23:10:22.019176+00:00,-1.002,-1.001999984,-1.000991992,False
3528473_2026-08-12T23:25:21.430972+00:00,-1.002,-1.002,-1.001,False
3529070_2026-08-12T23:40:21.999308+00:00,-1.002,-1.001999946,-1.0009729729999999,False
3529143_2026-08-12T23:55:21.357488+00:00,0.2028,0.20280003200000002,0.2038160160000001,False
3529208_2026-08-13T00:10:24.778339+00:00,0.0236,0.023600080000000002,0.024640039999999995,False
3530940_2026-08-13T00:25:22.323470+00:00,0.3494,0.34939992799999997,0.350363964,False
3531025_2026-08-13T00:40:23.338974+00:00,-1.002,-1.00200001,-1.001005005,False
3531133_2026-08-13T00:55:21.922427+00:00,0.1091,0.10910002,0.11011000999999992,False
3532106_2026-08-13T01:10:34.214596+00:00,0.248,0.248,0.249,False
3532380_2026-08-13T01:40:33.624143+00:00,0.004,0.004000072,0.0050360360000000414,False
3532561_2026-08-13T01:55:33.755125+00:00,0.0289,0.028900054,0.029927027000000037,False
3532666_2026-08-13T02:10:34.179825+00:00,1.0388,1.038800016,1.039808008,False
3532713_2026-08-13T02:25:33.076498+00:00,0.7524,0.752399984,0.7533919920000002,False
3532784_2026-08-13T02:40:32.538144+00:00,3.998,3.998,3.999,False
3532903_2026-08-13T02:55:32.530528+00:00,0.0397,0.039699936,0.04066796800000004,False
3533024_2026-08-13T03:10:32.485814+00:00,2.4463,2.446299986,2.4472929930000005,False
3533133_2026-08-13T03:25:34.217475+00:00,-1.002,-1.002000052,-1.0010260260000001,False
3533265_2026-08-13T03:40:32.562121+00:00,0.1474,0.147400044,0.14842202200000004,False
3533367_2026-08-13T03:55:34.003493+00:00,0.0506,0.05060006,0.05163003000000006,False
3534023_2026-08-13T04:10:33.046893+00:00,1.3236,1.323599984,1.324591992,False
3534294_2026-08-13T04:25:33.122169+00:00,-1.002,-1.002,-1.001,False
3534381_2026-08-13T04:40:33.722678+00:00,0.4686,0.468599984,0.4695919919999999,False
3534480_2026-08-13T04:55:13.066952+00:00,-1.002,-1.00199998,-1.00098999,False
3535473_2026-08-13T05:10:12.480106+00:00,0.0143,0.014299921599999998,0.015260760799999964,False
3535666_2026-08-13T05:25:12.964110+00:00,0.0618,0.06180005599999999,0.0628280280000001,False
3535738_2026-08-13T05:40:14.340156+00:00,-1.002,-1.00199998,-1.00098999,False
3535863_2026-08-13T05:55:13.491167+00:00,-1.002,-1.002,-1.001,False
3535977_2026-08-13T06:10:13.435200+00:00,-1.002,-1.002,-1.001,False
3536087_2026-08-13T06:25:13.297541+00:00,-1.002,-1.001999976,-1.0009879879999999,False
3536176_2026-08-13T06:40:13.711958+00:00,-1.002,-1.001999998,-1.000998999,False
3536283_2026-08-13T06:55:13.432114+00:00,-0.001,-0.0009999979999999998,1.0010000000297472e-06,False
3536373_2026-08-13T07:10:34.761278+00:00,-1.002,-1.001999998,-1.000998999,False
3536537_2026-08-13T07:25:33.099632+00:00,0.2967,0.296700002,0.297701001,False
3536587_2026-08-13T07:40:34.182259+00:00,-1.002,-1.001999998,-1.000998999,False
3536660_2026-08-13T07:55:33.627426+00:00,-1.002,-1.002000012,-1.0010060060000001,False
3536851_2026-08-13T08:10:32.530301+00:00,-1.002,-1.001999998,-1.000998999,False
3537199_2026-08-13T08:55:02.039200+00:00,-1.002,-1.002,-1.001,False
3537287_2026-08-13T09:10:47.520518+00:00,-1.002,-1.002,-1.001,False
3537328_2026-08-13T09:25:46.538804+00:00,0.0,8.000000000125962e-09,0.0010040040000000058,False
3537415_2026-08-13T09:40:09.032718+00:00,0.1745,0.17449995,0.17547497499999995,False
3537480_2026-08-13T09:55:47.302343+00:00,0.0081,0.008100002,0.009101001000000027,False
3537625_2026-08-13T10:10:47.265741+00:00,-1.002,-1.002,-1.001,False
3537669_2026-08-13T10:25:02.961486+00:00,0.8162,0.81619998,0.8171899899999999,False
3537705_2026-08-13T10:40:01.176243+00:00,3.3458,3.3458000119999998,3.3468060060000004,False
3537776_2026-08-13T10:55:01.773204+00:00,0.5132,0.513199936,0.5141679680000001,False
3537985_2026-08-13T11:10:02.854553+00:00,-1.002,-1.001999998,-1.000998999,False
3538033_2026-08-13T11:25:46.330061+00:00,-1.002,-1.002,-1.001,False
3538211_2026-08-13T11:40:03.503080+00:00,-1.002,-1.00199998,-1.0009899899999999,False
3538287_2026-08-13T11:55:03.790549+00:00,0.1344,0.134399936,0.13536796800000003,False
3538521_2026-08-13T12:10:04.188037+00:00,0.0289,0.028900054,0.029927027000000037,False
3538639_2026-08-13T12:25:03.082123+00:00,0.2175,0.21750002,0.2185100100000001,False
3538766_2026-08-13T12:40:01.217245+00:00,-1.002,-1.001999998,-1.000998999,False
3538877_2026-08-13T12:55:01.151586+00:00,0.0289,0.028900054,0.029927027000000037,False
3539015_2026-08-13T13:10:02.462416+00:00,0.0618,0.06180005599999999,0.0628280280000001,False
3539250_2026-08-13T13:25:48.828158+00:00,-1.002,-1.002,-1.001,False
3539294_2026-08-13T13:40:04.586865+00:00,-0.001,-0.0009999979999999998,1.0010000000297472e-06,False
3539523_2026-08-13T13:55:03.529463+00:00,-1.002,-1.002000014,-1.001007007,False
3539622_2026-08-13T14:10:25.640785+00:00,0.6647,0.66469996,0.6656799800000002,False
3539781_2026-08-13T14:25:29.389273+00:00,-1.002,-1.001999998,-1.000998999,False
3539846_2026-08-13T14:40:27.952743+00:00,0.0163,0.0163000588,0.01732942940000005,False
3539990_2026-08-13T14:55:26.140188+00:00,-1.002,-1.002,-1.001,False
3540444_2026-08-13T15:10:26.933159+00:00,-1.002,-1.002,-1.001,False
3540536_2026-08-13T15:25:27.195457+00:00,-1.002,-1.001999998,-1.000998999,False
3541605_2026-08-13T15:40:26.191654+00:00,0.0184,0.018400016,0.01940800799999998,False
3541678_2026-08-13T15:55:25.151118+00:00,-1.002,-1.002,-1.001,False
3542111_2026-08-13T16:10:26.823508+00:00,1.6296,1.629599984,1.630591992,False
3542323_2026-08-13T16:25:25.533478+00:00,-1.002,-1.00199994,-1.0009699699999999,False
3543324_2026-08-13T17:10:20.272941+00:00,1.2707,1.270700024,1.2717120119999998,False
3544193_2026-08-13T17:25:03.935775+00:00,0.1091,0.10910002,0.11011000999999992,False
3545518_2026-08-13T17:40:04.414008+00:00,0.8162,0.81619998,0.8171899899999999,False
3545658_2026-08-13T17:55:03.391092+00:00,-1.002,-1.001999998,-1.000998999,False
3546710_2026-08-13T18:10:49.857638+00:00,0.085,0.08499991999999999,0.08595995999999993,False
3547203_2026-08-13T18:25:03.053204+00:00,-1.002,-1.002,-1.001,False
3547329_2026-08-13T18:40:03.388367+00:00,0.2801,0.280099924,0.28106196200000005,False
3548733_2026-08-13T18:55:49.562227+00:00,0.005,0.005000098,0.006049048999999972,False
3550314_2026-08-13T19:10:04.408068+00:00,0.0184,0.018400016,0.01940800799999998,False
3550881_2026-08-13T19:25:04.203146+00:00,0.5853,0.5853000020000001,0.5863010009999999,False
3551206_2026-08-13T19:40:03.873085+00:00,-1.002,-1.00200005,-1.001025025,False
3551470_2026-08-13T19:55:02.392304+00:00,0.6929,0.692900018,0.6939090090000001,False
3551828_2026-08-13T20:10:03.922362+00:00,0.085,0.08499991999999999,0.08595995999999993,False
3552144_2026-08-13T20:25:03.162866+00:00,0.1885,0.18849996,0.18947998,False
3552260_2026-08-13T20:40:02.590318+00:00,-1.002,-1.00199998,-1.0009899899999999,False
3552470_2026-08-13T20:55:47.734616+00:00,-1.002,-1.002000016,-1.0010080080000001,False
3552651_2026-08-13T21:10:03.336611+00:00,0.1216,0.121599992,0.12259599600000004,False
3552732_2026-08-13T21:25:03.411329+00:00,0.3313,0.33130005,0.332325025,False
3552805_2026-08-13T21:40:02.877613+00:00,0.0618,0.06180005599999999,0.0628280280000001,False
3553011_2026-08-13T21:55:03.002772+00:00,0.9588,0.958799984,0.9597919920000001,False
3553288_2026-08-13T22:10:04.382715+00:00,0.0289,0.028900054,0.029927027000000037,False
3553374_2026-08-13T22:25:02.929759+00:00,1.1719,1.171900012,1.172906006,False
3553424_2026-08-13T22:40:03.332700+00:00,-1.002,-1.001999998,-1.0009989990000001,False
3553667_2026-08-13T22:55:02.912272+00:00,-1.002,-1.002000016,-1.0010080080000001,False
3553863_2026-08-13T23:10:04.308777+00:00,-1.002,-1.001999998,-1.000998999,False
3553919_2026-08-13T23:25:02.841920+00:00,-1.002,-1.002000016,-1.0010080080000001,False
3554053_2026-08-13T23:40:04.125339+00:00,-1.002,-1.002000016,-1.0010080080000001,False
3554350_2026-08-13T23:55:02.453771+00:00,11.498,11.498,11.499,False
3555091_2026-08-14T00:10:04.590320+00:00,0.1885,0.18849996,0.18947998,False
3555142_2026-08-14T00:25:03.007133+00:00,-1.002,-1.002000064,-1.0010320320000001,False
3555434_2026-08-14T00:40:44.782310+00:00,0.7837,0.7837000159999999,0.784708008,False
3555519_2026-08-14T00:55:44.247509+00:00,1.5621,1.562100002,1.563101001,False
3556023_2026-08-14T01:10:01.319768+00:00,-1.002,-1.00199998,-1.0009899899999999,False
3556059_2026-08-14T01:25:01.600840+00:00,-1.002,-1.001999968,-1.0009839839999999,False
3556188_2026-08-14T01:40:00.668310+00:00,0.4473,0.447299966,0.4482829830000001,False
3556273_2026-08-14T01:55:01.193804+00:00,3.3458,3.3458000119999998,3.3468060060000004,False
3556356_2026-08-14T02:10:00.160342+00:00,-1.002,-1.002000052,-1.0010260260000001,False
3556397_2026-08-14T02:25:01.098049+00:00,-1.002,-1.002000016,-1.001008008,False
3556599_2026-08-14T02:40:01.550541+00:00,0.2028,0.20280003200000002,0.2038160160000001,False
3556661_2026-08-14T02:55:44.717191+00:00,-1.002,-1.002000016,-1.0010080080000001,False
3556767_2026-08-14T03:10:01.254524+00:00,1.6296,1.629599984,1.630591992,False
3556790_2026-08-14T03:25:44.230283+00:00,-1.002,-1.002000076,-1.001038038,False
3556870_2026-08-14T03:40:00.064340+00:00,-1.002,-1.002000004,-1.001002002,False
3556954_2026-08-14T03:55:01.800837+00:00,-1.002,-1.001999996,-1.0009979979999999,False
3557335_2026-08-14T04:10:00.598649+00:00,0.0289,0.028900054,0.029927027000000037,False
3557376_2026-08-14T04:25:01.529714+00:00,4.5536,4.553599984,4.554591992,False
3557675_2026-08-14T04:40:01.414898+00:00,-1.002,-1.001999988,-1.000993994,False
3557962_2026-08-14T04:55:02.555592+00:00,-1.002,-1.002000016,-1.0010080080000001,False
3558430_2026-08-14T05:10:44.844366+00:00,-1.002,-1.001999998,-1.0009989990000001,False
3558469_2026-08-14T05:25:00.357232+00:00,-1.002,-1.001999992,-1.0009959959999999,False
3558551_2026-08-14T05:40:00.228687+00:00,0.2326,0.232599948,0.23357397399999985,False
3558721_2026-08-14T05:55:00.250488+00:00,0.2638,0.26380003599999996,0.264818018,False
3559000_2026-08-14T06:10:00.882525+00:00,-1.002,-1.002000004,-1.001002002,False
3559223_2026-08-14T06:25:01.481051+00:00,-1.002,-1.002,-1.001,False
3559293_2026-08-14T06:40:44.792224+00:00,-1.002,-1.001999998,-1.000998999,False
3560657_2026-08-14T06:55:00.771833+00:00,-1.002,-1.002,-1.001,False
3560832_2026-08-14T07:10:01.246326+00:00,0.0506,0.05060006,0.05163003000000006,False
3560913_2026-08-14T07:25:01.287829+00:00,0.1216,0.121599992,0.12259599600000004,False
3561220_2026-08-14T07:55:44.771834+00:00,-1.002,-1.002000004,-1.001002002,False
3561265_2026-08-14T08:10:44.297681+00:00,-1.002,-1.002000054,-1.001027027,False
3561363_2026-08-14T08:25:00.257262+00:00,-1.002,-1.002,-1.001,False
3561413_2026-08-14T08:40:00.446444+00:00,0.0618,0.06180005599999999,0.0628280280000001,False
3561570_2026-08-14T08:55:44.320418+00:00,0.002,0.002000032,0.00301601600000002,False
3561785_2026-08-14T09:10:00.753129+00:00,-1.002,-1.002,-1.001,False
3561948_2026-08-14T09:25:00.727531+00:00,-1.002,-1.002000064,-1.0010320320000001,False
3562053_2026-08-14T09:40:00.646089+00:00,-1.002,-1.001999998,-1.0009989990000001,False
3562390_2026-08-14T09:55:00.820247+00:00,0.0397,0.039699936,0.04066796800000004,False
3562482_2026-08-14T10:10:01.403508+00:00,0.1474,0.147400044,0.14842202200000004,False
3562513_2026-08-14T10:25:44.738174+00:00,0.1216,0.121599992,0.12259599600000004,False
3562699_2026-08-14T10:40:01.034741+00:00,-1.002,-1.002,-1.001,False
3562786_2026-08-14T10:55:00.692188+00:00,-1.002,-1.002000012,-1.0010060060000001,False
3563191_2026-08-14T11:10:00.488779+00:00,0.1474,0.147400044,0.14842202200000004,False
3563298_2026-08-14T11:25:44.515530+00:00,0.1608,0.160799984,0.16179199200000005,False
3563551_2026-08-14T11:40:00.933395+00:00,-1.002,-1.002,-1.001,False
3564497_2026-08-14T13:40:04.986548+00:00,-1.002,-1.001999998,-1.000998999,False
3564679_2026-08-14T13:55:07.007665+00:00,-1.002,-1.001999998,-1.0009989990000001,False
3564762_2026-08-14T14:10:06.430583+00:00,-1.002,-1.001999998,-1.0009989990000001,False
3564835_2026-08-14T14:25:05.497497+00:00,1.6296,1.629599984,1.630591992,False
3564936_2026-08-14T14:40:04.988616+00:00,0.0397,0.039699936,0.04066796800000004,False
3565094_2026-08-14T14:55:05.977336+00:00,-1.002,-1.002,-1.001,False
3565197_2026-08-14T15:10:06.929226+00:00,0.1745,0.17449995,0.17547497499999995,False
3565229_2026-08-14T15:25:09.906985+00:00,0.085,0.08499991999999999,0.08595995999999993,False
3565278_2026-08-14T15:40:54.741803+00:00,0.004,0.004000072,0.0050360360000000414,False
3565356_2026-08-14T15:55:09.741430+00:00,0.4266,0.42659996,0.4275799800000002,False
3565522_2026-08-14T16:10:10.702623+00:00,0.4686,0.468599984,0.4695919919999999,False
3565641_2026-08-14T16:40:44.360245+00:00,0.0184,0.018400016,0.01940800799999998,False
3566079_2026-08-14T17:10:00.382734+00:00,2.123,2.123,2.124,False
3566213_2026-08-14T17:25:43.520012+00:00,0.085,0.08499991999999999,0.08595995999999993,False
3566334_2026-08-14T17:40:43.421038+00:00,-1.002,-1.002,-1.001,False
3566656_2026-08-14T17:55:43.977972+00:00,-1.002,-1.001999998,-1.000998999,False
3567183_2026-08-14T18:10:44.847753+00:00,0.0733,0.073299942,0.07427097099999987,False
3567557_2026-08-14T18:25:00.574979+00:00,0.1091,0.10910002,0.11011000999999992,False
3568219_2026-08-14T18:40:43.641529+00:00,-1.002,-1.001999988,-1.000993994,False
3569327_2026-08-14T18:55:44.232279+00:00,-1.002,-1.001999998,-1.000998999,False
3570365_2026-08-14T19:10:45.168487+00:00,-1.002,-1.002,-1.001,False
3571427_2026-08-14T19:25:43.518599+00:00,0.1745,0.17449995,0.17547497499999995,False
3571660_2026-08-14T19:40:44.774248+00:00,0.5132,0.513199936,0.5141679680000001,False
3571875_2026-08-14T19:55:00.469957+00:00,-1.002,-1.002000016,-1.0010080080000001,False
3572004_2026-08-14T20:10:43.434983+00:00,0.0184,0.018400016,0.01940800799999998,False
3572090_2026-08-14T20:25:00.026343+00:00,-1.002,-1.002,-1.001,False
3572382_2026-08-14T20:40:44.760137+00:00,-1.002,-1.002,-1.001,False
3572624_2026-08-14T20:55:43.587439+00:00,-1.002,-1.002000024,-1.0010120120000001,False
3572727_2026-08-14T21:10:00.253769+00:00,-1.002,-1.002000038,-1.001019019,False
3572856_2026-08-14T21:25:00.315745+00:00,-1.002,-1.002000052,-1.0010260260000001,False
3572906_2026-08-14T21:40:43.900273+00:00,-1.002,-1.001999998,-1.000998999,False
3573006_2026-08-14T21:55:44.975111+00:00,1.0813,1.081300032,1.082316016,False
3573102_2026-08-14T22:10:44.331485+00:00,-1.002,-1.002000012,-1.0010060060000001,False
3573228_2026-08-14T22:25:43.942038+00:00,-1.002,-1.002000016,-1.0010080080000001,False
3573357_2026-08-14T22:40:44.891284+00:00,0.0184,0.018400016,0.01940800799999998,False
3573925_2026-08-14T22:55:44.001428+00:00,3.998,3.998,3.999,False
3574123_2026-08-14T23:10:43.435809+00:00,0.4065,0.40649992999999995,0.40746496500000007,False
3574287_2026-08-14T23:25:43.536820+00:00,0.2638,0.26380003599999996,0.264818018,False
3574352_2026-08-14T23:40:44.927532+00:00,0.1216,0.121599992,0.12259599600000004,False
3574812_2026-08-14T23:55:00.001396+00:00,0.1745,0.17449995,0.17547497499999995,False
3574886_2026-08-15T00:10:00.057892+00:00,-1.002,-1.002000016,-1.0010080080000001,False
3574915_2026-08-15T00:25:00.264387+00:00,-1.002,-1.00199995,-1.0009749749999999,False
3574949_2026-08-15T00:40:44.355454+00:00,0.3679,0.36789994600000003,0.3688729729999999,False
3575020_2026-08-15T00:55:44.208270+00:00,-1.002,-1.002000016,-1.0010080080000001,False
3575294_2026-08-15T01:10:00.234796+00:00,-1.002,-1.00200004,-1.00102002,False
3575323_2026-08-15T01:25:00.354678+00:00,0.0969,0.096900002,0.09790100100000002,False
3575373_2026-08-15T01:40:44.619210+00:00,0.4473,0.447299966,0.4482829830000001,False
3575465_2026-08-15T01:55:44.917230+00:00,2.4463,2.446299986,2.4472929930000005,False
3575593_2026-08-15T02:10:00.306832+00:00,0.5853,0.5853000020000001,0.5863010009999999,False
3575847_2026-08-15T02:25:44.056502+00:00,0.0289,0.028900054,0.029927027000000037,False
3576130_2026-08-15T02:40:45.170230+00:00,0.1885,0.18849996,0.18947998,False
3576200_2026-08-15T02:55:43.555263+00:00,0.3138,0.31379998400000003,0.3147919920000001,False
3576312_2026-08-15T03:10:43.390886+00:00,1.0813,1.081300032,1.082316016,False
3576351_2026-08-15T03:25:00.680292+00:00,-1.002,-1.001999998,-1.0009989990000001,False
3576391_2026-08-15T03:40:43.986018+00:00,-1.002,-1.001999998,-1.000998999,False
3576464_2026-08-15T03:55:44.500483+00:00,-1.002,-1.002000016,-1.0010080080000001,False
3576755_2026-08-15T04:10:44.457023+00:00,0.1344,0.134399936,0.13536796800000003,False
3576798_2026-08-15T04:25:43.608485+00:00,0.0733,0.073299942,0.07427097099999987,False
3576995_2026-08-15T04:40:43.816396+00:00,0.1091,0.10910002,0.11011000999999992,False
3577199_2026-08-15T04:55:44.877729+00:00,-1.002,-1.002,-1.001,False
3577689_2026-08-15T05:10:44.356414+00:00,0.0506,0.05060006,0.05163003000000006,False
3577778_2026-08-15T05:25:44.021251+00:00,-1.002,-1.002,-1.001,False
3577846_2026-08-15T05:40:43.834240+00:00,-1.002,-1.002,-1.001,False
3578021_2026-08-15T05:55:02.108821+00:00,1.0813,1.081300032,1.082316016,False
3578267_2026-08-15T06:10:46.830342+00:00,-1.002,-1.002000016,-1.0010080080000001,False
3578300_2026-08-15T06:25:01.383049+00:00,-1.002,-1.00200004,-1.00102002,False
3578351_2026-08-15T06:40:43.416462+00:00,0.1745,0.17449995,0.17547497499999995,False
3578648_2026-08-15T07:10:00.859973+00:00,15.6647,15.664699996000001,15.665697997999999,False
3578775_2026-08-15T07:25:01.975496+00:00,-1.002,-1.001999998,-1.000998999,False
3578870_2026-08-15T07:40:44.975828+00:00,-1.002,-1.001999998,-1.000998999,False
3578983_2026-08-15T07:55:45.124752+00:00,-1.002,-1.001999998,-1.000998999,False
3579057_2026-08-15T08:10:44.037701+00:00,-1.002,-1.001999998,-1.000998999,False
3579285_2026-08-15T08:25:45.377862+00:00,-1.002,-1.001999998,-1.0009989990000001,False
3579458_2026-08-15T08:40:01.395660+00:00,-1.002,-1.002,-1.001,False
3579588_2026-08-15T08:55:00.700065+00:00,-1.002,-1.002,-1.001,False
3579687_2026-08-15T09:10:00.751151+00:00,0.3138,0.31379998400000003,0.3147919920000001,False
3579712_2026-08-15T09:25:44.813357+00:00,0.1885,0.18849996,0.18947998,False
3579797_2026-08-15T09:40:00.385767+00:00,0.0397,0.039699936,0.04066796800000004,False
3579888_2026-08-15T09:55:18.710967+00:00,0.0506,0.05060006,0.05163003000000006,False
3579985_2026-08-15T10:10:10.056452+00:00,-1.002,-1.001999998,-1.0009989990000001,False
3580027_2026-08-15T10:25:10.341723+00:00,-1.002,-1.001999998,-1.000998999,False
3580081_2026-08-15T10:40:08.049962+00:00,0.085,0.08499991999999999,0.08595995999999993,False
3580190_2026-08-15T10:55:09.549973+00:00,1.8551,1.85510003,1.856115015,False
3580266_2026-08-15T11:10:09.550320+00:00,-1.002,-1.002,-1.001,False
3580328_2026-08-15T11:25:09.122213+00:00,0.2801,0.280099924,0.28106196200000005,False
3580489_2026-08-15T11:40:08.387883+00:00,0.4686,0.468599984,0.4695919919999999,False
3580668_2026-08-15T11:55:08.105852+00:00,-1.002,-1.001999998,-1.0009989990000001,False
3580870_2026-08-15T12:10:12.113853+00:00,-1.002,-1.001999998,-1.0009989990000001,False
3580917_2026-08-15T12:25:08.364044+00:00,-1.002,-1.002000016,-1.0010080080000001,False
3581131_2026-08-15T12:40:08.130997+00:00,-1.002,-1.00200001,-1.001005005,False
3581609_2026-08-15T12:55:08.379221+00:00,1.1719,1.171900012,1.172906006,False
3582128_2026-08-15T13:10:08.153228+00:00,0.6929,0.692900018,0.6939090090000001,False
3582229_2026-08-15T13:25:08.970967+00:00,-1.002,-1.001999998,-1.000998999,False
3582443_2026-08-15T13:40:10.363079+00:00,-1.002,-1.001999998,-1.000998999,False
3582677_2026-08-15T13:55:08.621096+00:00,0.0733,0.073299942,0.07427097099999987,False
3582946_2026-08-15T14:10:08.845850+00:00,-1.002,-1.002,-1.001,False
3583338_2026-08-15T14:25:10.537822+00:00,-1.002,-1.001999998,-1.000998999,False
3583476_2026-08-15T14:40:08.632680+00:00,0.5132,0.513199936,0.5141679680000001,False
3583968_2026-08-15T14:55:08.129437+00:00,0.1745,0.17449995,0.17547497499999995,False
3584092_2026-08-15T15:10:09.312748+00:00,-1.002,-1.002000016,-1.0010080080000001,False
3584144_2026-08-15T15:25:08.899552+00:00,0.0733,0.073299942,0.07427097099999987,False
3584253_2026-08-15T15:40:08.901729+00:00,0.0184,0.018400016,0.01940800799999998,False
3584323_2026-08-15T15:55:08.899923+00:00,-1.002,-1.001999998,-1.000998999,False
3584422_2026-08-15T16:10:10.161526+00:00,-1.002,-1.001999968,-1.0009839839999999,False
3584555_2026-08-15T16:25:08.399043+00:00,0.0506,0.05060006,0.05163003000000006,False
3584643_2026-08-15T16:40:08.398629+00:00,-1.002,-1.001999998,-1.000998999,False
3585018_2026-08-15T16:55:10.399648+00:00,-1.002,-1.001999976,-1.0009879879999999,False
3585135_2026-08-15T17:10:10.899457+00:00,0.6929,0.692900018,0.6939090090000001,False
3585242_2026-08-15T17:25:08.404397+00:00,-1.002,-1.002,-1.001,False
3585422_2026-08-15T17:40:09.915584+00:00,1.3236,1.323599984,1.324591992,False
3585639_2026-08-15T17:55:09.408077+00:00,1.1257,1.1256999619999999,1.126680981,False
3585708_2026-08-15T18:10:11.402754+00:00,0.0969,0.096900002,0.09790100100000002,False
3585874_2026-08-15T18:25:08.903346+00:00,-1.002,-1.002,-1.001,False
3586269_2026-08-15T18:40:09.949217+00:00,0.5853,0.5853000020000001,0.5863010009999999,False
3586757_2026-08-15T18:55:10.174124+00:00,0.2801,0.280099924,0.28106196200000005,False
3588792_2026-08-15T19:10:09.403529+00:00,0.0506,0.05060006,0.05163003000000006,False
3589416_2026-08-15T19:25:09.903091+00:00,0.0184,0.018400016,0.01940800799999998,False
3589705_2026-08-15T19:40:08.449496+00:00,0.1474,0.147400044,0.14842202200000004,False
3590027_2026-08-15T19:55:10.201172+00:00,0.0733,0.073299942,0.07427097099999987,False
3590580_2026-08-15T20:10:08.449940+00:00,-1.002,-1.0020000024,-1.0010012012,False
3591207_2026-08-15T20:25:08.450527+00:00,-1.002,-1.002000012,-1.0010060060000001,False
3591363_2026-08-15T20:40:09.699295+00:00,1.2202,1.22020002,1.22121001,False
3591842_2026-08-15T20:55:08.949496+00:00,0.0733,0.073299942,0.07427097099999987,False
3591903_2026-08-15T21:10:08.450061+00:00,2.7017,2.701700002,2.702701001,False
3592004_2026-08-15T21:25:10.699108+00:00,0.0397,0.039699936,0.04066796800000004,False
3592102_2026-08-15T21:40:08.457004+00:00,0.2967,0.296700002,0.297701001,False
3592222_2026-08-15T21:55:08.950794+00:00,-1.002,-1.00199998,-1.0009899899999999,False
3592340_2026-08-15T22:10:09.699877+00:00,-1.002,-1.002000016,-1.0010080080000001,False
3592679_2026-08-15T22:25:10.449863+00:00,-1.002,-1.001999984,-1.000991992,False
3592817_2026-08-15T22:40:08.219811+00:00,0.3494,0.34939992799999997,0.350363964,False
3593344_2026-08-15T22:55:09.950768+00:00,-1.002,-1.002,-1.001,False
3593608_2026-08-15T23:10:09.700031+00:00,-1.002,-1.002000016,-1.0010080080000001,False
3593659_2026-08-15T23:25:09.199186+00:00,-1.002,-1.002000012,-1.0010060060000001,False
3593706_2026-08-15T23:40:10.449970+00:00,-1.002,-1.002000014,-1.001007007,False
3594024_2026-08-15T23:55:10.699545+00:00,-1.002,-1.002,-1.001,False
3594106_2026-08-16T00:10:09.949764+00:00,-1.002,-1.002,-1.001,False
3594157_2026-08-16T00:25:08.704279+00:00,-1.002,-1.002000064,-1.0010320320000001,False
3594249_2026-08-16T00:40:09.699554+00:00,2.2238,2.223800004,2.2248020019999997,False
3594397_2026-08-16T00:55:10.450457+00:00,1.1719,1.171900012,1.172906006,False
3594510_2026-08-16T01:10:09.199451+00:00,-1.002,-1.002,-1.001,False
3594542_2026-08-16T01:25:08.950447+00:00,0.0733,0.073299942,0.07427097099999987,False
3594741_2026-08-16T01:40:09.199965+00:00,18.998,18.998,18.999,False
3594820_2026-08-16T01:55:08.450629+00:00,3.1647,3.164699984,3.1656919919999997,False
3594994_2026-08-16T02:10:08.700379+00:00,-1.002,-1.002,-1.001,False
3595098_2026-08-16T02:25:08.950509+00:00,0.0184,0.018400016,0.01940800799999998,False
3595188_2026-08-16T02:40:09.949461+00:00,0.2175,0.21750002,0.2185100100000001,False
3595272_2026-08-16T02:55:08.700258+00:00,-1.002,-1.002000016,-1.0010080080000001,False
3595348_2026-08-16T03:10:08.449390+00:00,-1.002,-1.00200002,-1.0010100100000001,False
3595401_2026-08-16T03:25:09.450796+00:00,-1.002,-1.00199997,-1.0009849849999999,False
3595635_2026-08-16T03:40:10.449843+00:00,0.2801,0.280099924,0.28106196200000005,False
3595676_2026-08-16T03:55:09.701680+00:00,0.998,0.998,0.999,False
3596054_2026-08-16T04:10:10.449804+00:00,0.6373,0.637300054,0.638327027,False
3596183_2026-08-16T04:25:10.699937+00:00,0.0733,0.073299942,0.07427097099999987,False
3596356_2026-08-16T04:40:09.950378+00:00,-1.002,-1.0020000024,-1.0010012012,False
3597060_2026-08-16T04:55:09.700526+00:00,-1.002,-1.002000016,-1.0010080080000001,False
3598764_2026-08-16T05:10:08.700361+00:00,0.1474,0.147400044,0.14842202200000004,False
3598838_2026-08-16T05:25:09.199585+00:00,-1.002,-1.001999998,-1.0009989990000001,False
3598953_2026-08-16T05:40:09.449877+00:00,-1.002,-1.002000016,-1.0010080080000001,False
3599285_2026-08-16T05:55:08.702947+00:00,0.9588,0.958799984,0.9597919920000001,False
3599556_2026-08-16T06:10:09.475496+00:00,-1.002,-1.002000054,-1.001027027,False
3599599_2026-08-16T06:25:09.700432+00:00,2.5694,2.5694000160000003,2.570408008,False
3599682_2026-08-16T06:40:08.450678+00:00,-1.002,-1.002000016,-1.0010080080000001,False
3599821_2026-08-16T06:55:08.450557+00:00,0.2967,0.296700002,0.297701001,False
3600091_2026-08-16T07:10:10.450970+00:00,-1.002,-1.001999998,-1.000998999,False
3600149_2026-08-16T07:25:08.950398+00:00,0.1344,0.134399936,0.13536796800000003,False
3600197_2026-08-16T07:40:08.449871+00:00,-1.002,-1.001999982,-1.0009909909999999,False
3600422_2026-08-16T07:55:09.449783+00:00,0.4473,0.447299966,0.4482829830000001,False
3600510_2026-08-16T08:10:09.748214+00:00,-1.002,-1.002000064,-1.0010320320000001,False
3600560_2026-08-16T08:25:13.498103+00:00,0.0733,0.073299942,0.07427097099999987,False
3600609_2026-08-16T08:40:08.700946+00:00,-1.002,-1.002000038,-1.001019019,False
3600707_2026-08-16T08:55:08.214060+00:00,0.3869,0.38689998400000003,0.387891992,False
3600782_2026-08-16T09:10:09.950441+00:00,-1.002,-1.002,-1.001,False
3600844_2026-08-16T09:25:08.220871+00:00,-1.002,-1.002000054,-1.001027027,False
3600998_2026-08-16T09:40:08.950325+00:00,-1.002,-1.001999984,-1.000991992,False
3601063_2026-08-16T09:55:09.451378+00:00,-1.002,-1.00200005,-1.0010250250000001,False
3601105_2026-08-16T10:10:08.991203+00:00,-1.002,-1.001999968,-1.0009839839999999,False
3601297_2026-08-16T10:25:08.950799+00:00,0.4266,0.42659996,0.4275799800000002,False
3601404_2026-08-16T10:40:10.450341+00:00,-1.002,-1.002000016,-1.0010080080000001,False
3601500_2026-08-16T10:55:08.709175+00:00,-1.002,-1.00200004,-1.00102002,False
3601597_2026-08-16T11:10:09.450835+00:00,-1.002,-1.00199995,-1.0009749749999999,False
3601966_2026-08-16T11:25:08.952020+00:00,-1.002,-1.001999998,-1.000998999,False
3602364_2026-08-16T11:40:08.486432+00:00,0.0733,0.073299942,0.07427097099999987,False
3603086_2026-08-16T11:55:08.700421+00:00,2.8442,2.844199976,2.8451879879999997,False
3603153_2026-08-16T12:10:09.451089+00:00,0.1091,0.10910002,0.11011000999999992,False
3603275_2026-08-16T12:25:08.956895+00:00,-1.002,-1.002000016,-1.0010080080000001,False
3603381_2026-08-16T12:40:10.700339+00:00,-1.002,-1.001999998,-1.0009989990000001,False
3603496_2026-08-16T12:55:08.951387+00:00,0.0506,0.05060006,0.05163003000000006,False
3603728_2026-08-16T13:10:08.699447+00:00,0.0184,0.018400016,0.01940800799999998,False
3603772_2026-08-16T13:25:08.951214+00:00,0.9211,0.921099976,0.9220879879999999,False
3604092_2026-08-16T13:40:09.450538+00:00,-1.002,-1.001999998,-1.0009989990000001,False
3604201_2026-08-16T13:55:08.211272+00:00,-1.002,-1.00200002,-1.0010100100000001,False
3604365_2026-08-16T14:10:09.451227+00:00,0.8499,0.849899948,0.850873974,False
3604469_2026-08-16T14:25:08.451647+00:00,0.0506,0.05060006,0.05163003000000006,False
3604622_2026-08-16T14:40:08.952822+00:00,0.1216,0.121599992,0.12259599600000004,False
3604744_2026-08-16T14:55:08.451664+00:00,0.5365,0.53649995,0.5374749750000001,False
3604876_2026-08-16T15:10:10.450743+00:00,0.3313,0.33130005,0.332325025,False
3604952_2026-08-16T15:25:10.000826+00:00,0.6647,0.66469996,0.6656799800000002,False
3605092_2026-08-16T15:40:09.950056+00:00,0.0397,0.039699936,0.04066796800000004,False
3605150_2026-08-16T15:55:08.449874+00:00,0.7221,0.7221000439999999,0.7231220220000001,False
3605799_2026-08-16T16:10:10.700141+00:00,0.5853,0.5853000020000001,0.5863010009999999,False
3606199_2026-08-16T16:40:10.200568+00:00,-1.002,-1.002000016,-1.0010080080000001,False
3606786_2026-08-16T16:55:09.699924+00:00,-1.002,-1.002,-1.001,False
3606860_2026-08-16T17:10:09.699945+00:00,-1.002,-1.00199998,-1.0009899899999999,False
3606928_2026-08-16T17:25:09.199761+00:00,-1.002,-1.002000014,-1.001007007,False
3607149_2026-08-16T17:40:08.200207+00:00,-1.002,-1.001999988,-1.000993994,False
3607684_2026-08-16T17:55:10.200415+00:00,0.0618,0.06180005599999999,0.0628280280000001,False
3607858_2026-08-16T18:10:09.950810+00:00,-1.002,-1.00199995,-1.000974975,False
3607997_2026-08-16T18:25:10.949705+00:00,0.0733,0.073299942,0.07427097099999987,False
3609068_2026-08-16T18:40:09.700528+00:00,-1.002,-1.00199998,-1.0009899899999999,False
3610684_2026-08-16T18:55:10.239083+00:00,-1.002,-1.002000016,-1.0010080080000001,False
3611691_2026-08-16T19:10:09.700827+00:00,0.0397,0.039699936,0.04066796800000004,False
3612939_2026-08-16T19:25:09.950237+00:00,0.0618,0.06180005599999999,0.0628280280000001,False
3613301_2026-08-16T19:40:08.203889+00:00,-1.002,-1.002000076,-1.001038038,False
3614022_2026-08-16T19:55:10.199887+00:00,-1.002,-1.0020000056,-1.0010028028,False
3614938_2026-08-16T20:10:09.200178+00:00,0.0969,0.096900002,0.09790100100000002,False
3615103_2026-08-16T20:25:08.203784+00:00,-1.002,-1.001999998,-1.000998999,False
3615160_2026-08-16T20:40:09.959914+00:00,-1.002,-1.00200002,-1.0010100100000001,False
3615445_2026-08-16T20:55:09.199370+00:00,-1.002,-1.002000016,-1.0010080080000001,False
3615600_2026-08-16T21:10:09.449446+00:00,-1.002,-1.00200002,-1.00101001,False
3616090_2026-08-16T21:25:09.449507+00:00,-1.002,-1.002000016,-1.001008008,False
3616731_2026-08-16T21:40:08.450099+00:00,-1.002,-1.002,-1.001,False
3617507_2026-08-16T21:55:10.206751+00:00,0.4065,0.40649992999999995,0.40746496500000007,False
3617976_2026-08-16T22:10:08.949886+00:00,-1.002,-1.002000012,-1.0010060060000001,False
3618202_2026-08-16T22:25:09.950396+00:00,-1.002,-1.002,-1.001,False
3618605_2026-08-16T22:40:10.949551+00:00,-1.002,-1.0020000002,-1.0010001000999997,False
3618890_2026-08-16T22:55:08.700460+00:00,0.0618,0.06180005599999999,0.0628280280000001,False
3619371_2026-08-16T23:10:09.974478+00:00,-1.002,-1.002000064,-1.0010320320000001,False
3619414_2026-08-16T23:25:08.459599+00:00,-1.002,-1.002000024,-1.0010120120000001,False
3619479_2026-08-16T23:40:09.449597+00:00,0.1344,0.134399936,0.13536796800000003,False
3620147_2026-08-16T23:55:09.950239+00:00,-1.002,-1.001999996,-1.0009979979999999,False
3620231_2026-08-17T00:10:08.699869+00:00,-1.002,-1.001999998,-1.0009989990000001,False
3620298_2026-08-17T00:25:09.200638+00:00,-1.002,-1.002,-1.001,False
3620399_2026-08-17T00:40:10.212366+00:00,11.498,11.498,11.499,False
3620531_2026-08-17T00:55:08.699691+00:00,-1.002,-1.002000016,-1.001008008,False
3620671_2026-08-17T01:10:09.948897+00:00,0.0091,0.0091000442,0.010122122100000023,False
3620711_2026-08-17T01:25:09.948697+00:00,0.0969,0.096900002,0.09790100100000002,False
3620856_2026-08-17T01:40:09.450615+00:00,0.0618,0.06180005599999999,0.0628280280000001,False
3620937_2026-08-17T01:55:08.448854+00:00,-1.002,-1.002000004,-1.001002002,False
3621236_2026-08-17T02:10:08.795989+00:00,-1.002,-1.001999998,-1.0009989990000001,False
3621265_2026-08-17T02:25:08.353054+00:00,0.0618,0.06180005599999999,0.0628280280000001,False
3621388_2026-08-17T02:40:08.476824+00:00,0.0289,0.028900054,0.029927027000000037,False
3621482_2026-08-17T02:55:08.873992+00:00,0.0071,0.0070999638,0.008081881899999976,False
3621568_2026-08-17T03:10:08.826336+00:00,1.7007,1.700700002,1.7017010010000002,False
3621650_2026-08-17T03:25:09.362972+00:00,-1.002,-1.001999998,-1.000998999,False
3621755_2026-08-17T03:40:08.379303+00:00,-1.002,-1.00199997,-1.0009849849999999,False
3621892_2026-08-17T03:55:08.800914+00:00,-0.001,-0.0009999979999999998,1.0010000000297472e-06,False
3622861_2026-08-17T04:10:07.880887+00:00,0.0506,0.05060006,0.05163003000000006,False
3622907_2026-08-17T04:25:07.889564+00:00,1.5621,1.562100002,1.563101001,False
3623192_2026-08-17T04:40:08.872705+00:00,-1.002,-1.001999988,-1.000993994,False
3623990_2026-08-17T04:55:09.720380+00:00,0.1745,0.17449995,0.17547497499999995,False
3625171_2026-08-17T05:10:09.038014+00:00,7.3313,7.331300008,7.332304004,False
3625228_2026-08-17T05:25:07.891702+00:00,-1.002,-1.002000016,-1.0010080080000001,False
3625320_2026-08-17T05:40:07.878472+00:00,-1.002,-1.001999992,-1.0009959959999999,False
3625656_2026-08-17T05:55:09.261058+00:00,0.0733,0.073299942,0.07427097099999987,False
3625992_2026-08-17T06:10:09.825811+00:00,0.0506,0.05060006,0.05163003000000006,False
3626035_2026-08-17T06:25:09.825524+00:00,1.5621,1.562100002,1.563101001,False
3626098_2026-08-17T06:40:08.375772+00:00,0.2801,0.280099924,0.28106196200000005,False
3626339_2026-08-17T06:55:09.270084+00:00,0.2801,0.280099924,0.28106196200000005,False
3626574_2026-08-17T07:10:10.822176+00:00,-1.002,-1.001999998,-1.000998999,False
3626629_2026-08-17T07:25:09.299367+00:00,-1.002,-1.001999998,-1.000998999,False
3626682_2026-08-17T07:40:10.300089+00:00,-1.002,-1.001999998,-1.000998999,False
3626882_2026-08-17T07:55:09.756555+00:00,0.9211,0.921099976,0.9220879879999999,False
3627164_2026-08-17T08:10:09.110396+00:00,-1.002,-1.002,-1.001,False
3627748_2026-08-17T08:25:09.837508+00:00,-1.002,-1.00200002,-1.0010100100000001,False
3627802_2026-08-17T08:40:08.354099+00:00,-1.002,-1.002000016,-1.0010080080000001,False
3629001_2026-08-17T08:55:08.846522+00:00,1.6296,1.629599984,1.630591992,False
3629361_2026-08-17T09:10:08.352028+00:00,0.0969,0.096900002,0.09790100100000002,False
3629744_2026-08-17T09:25:09.247235+00:00,-1.002,-1.002,-1.001,False
3629784_2026-08-17T09:40:08.354529+00:00,-1.002,-1.001999998,-1.000998999,False
3630670_2026-08-17T09:55:09.411649+00:00,0.3494,0.34939992799999997,0.350363964,False
3630786_2026-08-17T10:10:09.702493+00:00,3.5435,3.54349998,3.54448999,False
3630873_2026-08-17T10:25:09.315288+00:00,0.998,0.998,0.999,False
3630930_2026-08-17T10:40:09.667309+00:00,0.0,8.000000000125962e-09,0.0010040040000000058,False
3631110_2026-08-17T10:55:09.651281+00:00,1.437,1.4370000200000002,1.4380100100000002,False
3631547_2026-08-17T11:10:09.632379+00:00,-1.002,-1.001999998,-1.0009989990000001,False
3631591_2026-08-17T11:25:09.413848+00:00,-1.002,-1.00200004,-1.00102002,False
3631822_2026-08-17T11:40:09.046097+00:00,0.085,0.08499991999999999,0.08595995999999993,False
3631973_2026-08-17T11:55:08.471272+00:00,-1.002,-1.001999998,-1.0009989990000001,False
3632305_2026-08-17T12:10:55.375370+00:00,0.3869,0.38689998400000003,0.387891992,False
3632387_2026-08-17T12:25:11.221286+00:00,-1.002,-1.002000004,-1.001002002,False
3632693_2026-08-17T12:40:13.587364+00:00,-1.002,-1.002,-1.001,False
3632934_2026-08-17T12:55:13.558923+00:00,-1.002,-1.001999998,-1.000998999,False
3633062_2026-08-17T13:25:33.144278+00:00,-1.002,-1.002,-1.001,False
3633655_2026-08-17T13:55:36.997556+00:00,-1.002,-1.002,-1.001,False
3633823_2026-08-17T14:10:34.350686+00:00,0.5853,0.5853000020000001,0.5863010009999999,False
3634189_2026-08-17T14:25:33.863400+00:00,-1.002,-1.00199998,-1.0009899899999999,False
3634492_2026-08-17T14:40:36.495698+00:00,0.5853,0.5853000020000001,0.5863010009999999,False
3634870_2026-08-17T14:55:35.058781+00:00,0.0,8.000000000125962e-09,0.0010040040000000058,False
3635339_2026-08-17T15:25:35.225373+00:00,1.2707,1.270700024,1.2717120119999998,False
3635382_2026-08-17T15:40:34.785416+00:00,1.0388,1.038800016,1.039808008,False
3635479_2026-08-17T15:55:34.301428+00:00,0.0397,0.039699936,0.04066796800000004,False
3636347_2026-08-17T16:10:33.253864+00:00,-1.002,-1.002000004,-1.001002002,False
3636660_2026-08-17T16:25:34.546879+00:00,0.8499,0.849899948,0.850873974,False
3636754_2026-08-17T16:40:34.018741+00:00,-1.002,-1.001999946,-1.0009729729999999,False
3637721_2026-08-17T16:55:33.681609+00:00,1.5621,1.562100002,1.563101001,False
3638290_2026-08-17T17:10:33.512044+00:00,-1.002,-1.002,-1.001,False
3638388_2026-08-17T17:25:32.522686+00:00,0.0081,0.008100002,0.009101001000000027,False
3638662_2026-08-17T17:40:32.972272+00:00,0.4686,0.468599984,0.4695919919999999,False
3639171_2026-08-17T17:55:34.047344+00:00,0.0733,0.073299942,0.07427097099999987,False
3639347_2026-08-17T18:10:33.100348+00:00,3.1647,3.164699984,3.1656919919999997,False
3639841_2026-08-17T18:25:35.355477+00:00,0.0184,0.018400016,0.01940800799999998,False
3640225_2026-08-17T18:40:33.600869+00:00,-1.002,-1.002,-1.001,False
3643318_2026-08-17T18:55:34.367446+00:00,-1.002,-1.001999984,-1.0009919919999999,False
3644481_2026-08-17T19:10:33.050774+00:00,-1.002,-1.002000004,-1.001002002,False
3645761_2026-08-17T19:25:33.002162+00:00,0.2028,0.20280003200000002,0.2038160160000001,False
3645978_2026-08-17T19:40:33.553647+00:00,-1.002,-1.002000016,-1.001008008,False
3646574_2026-08-17T19:55:34.857505+00:00,-1.002,-1.002,-1.001,False
3646892_2026-08-17T20:10:33.333254+00:00,-1.002,-1.002000012,-1.0010060060000001,False
3647014_2026-08-17T20:25:35.004384+00:00,0.0397,0.039699936,0.04066796800000004,False
3647057_2026-08-17T20:40:32.828715+00:00,-1.002,-1.001999998,-1.000998999,False
3647426_2026-08-17T20:55:33.501730+00:00,0.4473,0.447299966,0.4482829830000001,False
3647844_2026-08-17T21:10:34.479269+00:00,-1.002,-1.002000008,-1.001004004,False
3648006_2026-08-17T21:25:32.578333+00:00,-1.002,-1.001999998,-1.0009989990000001,False
3648119_2026-08-17T21:40:33.500473+00:00,0.6109,0.610900004,0.6119020020000001,False
3648360_2026-08-17T21:55:33.080601+00:00,0.1885,0.18849996,0.18947998,False
3648631_2026-08-17T22:10:33.027082+00:00,-1.002,-1.002000004,-1.001002002,False
3648740_2026-08-17T22:25:34.073196+00:00,-1.002,-1.00199998,-1.0009899899999999,False
3648903_2026-08-17T22:40:32.990578+00:00,0.4266,0.42659996,0.4275799800000002,False
3649629_2026-08-17T22:55:34.117219+00:00,-1.002,-1.002000012,-1.0010060060000001,False
3650044_2026-08-17T23:10:33.536731+00:00,0.004,0.004000072,0.0050360360000000414,False
3650364_2026-08-17T23:25:32.791521+00:00,0.0081,0.008100002,0.009101001000000027,False
3650575_2026-08-17T23:40:34.137782+00:00,-1.002,-1.001999964,-1.000981982,False
3650874_2026-08-17T23:55:33.048125+00:00,0.3679,0.36789994600000003,0.3688729729999999,False
3650957_2026-08-18T00:10:36.150759+00:00,-1.002,-1.002,-1.001,False
3651118_2026-08-18T00:25:34.254661+00:00,0.1885,0.18849996,0.18947998,False
3651244_2026-08-18T00:40:32.603726+00:00,-1.002,-1.002,-1.001,False
3652249_2026-08-18T00:55:33.219889+00:00,-1.002,-1.002,-1.001,False
3652433_2026-08-18T01:10:33.947107+00:00,-1.002,-1.002,-1.001,False
3652461_2026-08-18T01:25:33.067887+00:00,-1.002,-1.002000012,-1.0010060060000001,False
3652564_2026-08-18T01:40:32.599857+00:00,-1.002,-1.00200004,-1.00102002,False
3652966_2026-08-18T02:10:35.189623+00:00,0.0506,0.05060006,0.05163003000000006,False
3653066_2026-08-18T02:25:34.152216+00:00,-1.002,-1.002000016,-1.0010080080000001,False
3653227_2026-08-18T02:40:35.408435+00:00,-1.002,-1.002000058,-1.0010290290000001,False
3653481_2026-08-18T02:55:34.778367+00:00,-1.002,-1.002,-1.001,False
3653569_2026-08-18T03:10:34.621642+00:00,-1.002,-1.001999982,-1.0009909909999999,False
3653761_2026-08-18T03:25:33.185995+00:00,0.2175,0.21750002,0.2185100100000001,False
3653842_2026-08-18T03:40:34.356685+00:00,0.3138,0.31379998400000003,0.3147919920000001,False
3653911_2026-08-18T03:55:34.101634+00:00,0.998,0.998,0.999,False
3654417_2026-08-18T04:10:32.572179+00:00,-1.002,-1.001999998,-1.000998999,False
3654493_2026-08-18T04:25:34.601262+00:00,-1.002,-1.002000012,-1.0010060060000001,False
3654767_2026-08-18T04:40:34.085257+00:00,0.085,0.08499991999999999,0.08595995999999993,False
3655180_2026-08-18T04:55:34.368929+00:00,-1.002,-1.002,-1.001,False
3656097_2026-08-18T05:10:33.207657+00:00,0.0506,0.05060006,0.05163003000000006,False
3656134_2026-08-18T05:25:16.954732+00:00,1.8551,1.85510003,1.856115015,False
3656315_2026-08-18T05:40:33.640767+00:00,11.498,11.498,11.499,False
3656619_2026-08-18T05:55:35.042161+00:00,-1.002,-1.00200001,-1.001005005,False
3657126_2026-08-18T06:10:33.279825+00:00,-1.002,-1.002000016,-1.001008008,False
3657228_2026-08-18T06:25:34.512757+00:00,0.0506,0.05060006,0.05163003000000006,False
3657276_2026-08-18T06:40:32.571344+00:00,0.1216,0.121599992,0.12259599600000004,False
3657979_2026-08-18T06:55:34.736593+00:00,-1.002,-1.002,-1.001,False
3658114_2026-08-18T07:10:33.219502+00:00,0.2801,0.280099924,0.28106196200000005,False
3658238_2026-08-18T07:25:33.001360+00:00,-1.002,-1.002,-1.001,False
3658297_2026-08-18T07:40:33.760060+00:00,-1.002,-1.001999992,-1.0009959959999999,False
3658544_2026-08-18T07:55:34.109364+00:00,-1.002,-1.0020000024,-1.0010012012,False
3658902_2026-08-18T08:10:34.186513+00:00,-1.002,-1.002,-1.001,False
3659051_2026-08-18T08:25:34.697577+00:00,0.0081,0.008100002,0.009101001000000027,False
3659171_2026-08-18T08:40:33.095510+00:00,0.003,0.00300005,0.004025025000000057,False
3659492_2026-08-18T08:55:33.190144+00:00,1.1719,1.171900012,1.172906006,False
3659789_2026-08-18T09:10:33.096383+00:00,-1.002,-1.002,-1.001,False
3659824_2026-08-18T09:25:35.582773+00:00,-1.002,-1.002,-1.001,False
3660044_2026-08-18T09:40:38.536372+00:00,-1.002,-1.002000016,-1.0010080080000001,False
3660657_2026-08-18T09:55:38.033466+00:00,0.248,0.248,0.249,False
3661895_2026-08-18T10:10:35.058480+00:00,-1.002,-1.002,-1.001,False
3662999_2026-08-18T10:25:34.531787+00:00,1.379,1.37899996,1.3799799799999999,False
3664119_2026-08-18T10:40:33.718040+00:00,0.0733,0.073299942,0.07427097099999987,False
3664361_2026-08-18T10:55:34.562001+00:00,0.1474,0.147400044,0.14842202200000004,False
3664459_2026-08-18T11:25:32.641449+00:00,0.0184,0.018400016,0.01940800799999998,False
3664586_2026-08-18T11:40:33.467041+00:00,1.379,1.37899996,1.3799799799999999,False
3664671_2026-08-18T11:55:33.198893+00:00,-1.002,-1.002000004,-1.001002002,False
3666267_2026-08-18T12:10:35.027548+00:00,-1.002,-1.001999998,-1.000998999,False
3668033_2026-08-18T12:25:32.601660+00:00,0.7524,0.752399984,0.7533919920000002,False
3668034_2026-08-18T12:55:32.630495+00:00,-1.002,-1.00200002,-1.00101001,False
3668035_2026-08-18T12:40:33.082145+00:00,-1.002,-1.002000004,-1.001002002,False
3668058_2026-08-18T13:10:33.097446+00:00,-1.002,-1.001999998,-1.000998999,False
3668291_2026-08-18T13:25:34.640748+00:00,-1.002,-1.002,-1.001,False
3669038_2026-08-18T13:40:32.642736+00:00,0.0,8.000000000125962e-09,0.0010040040000000058,False
3669133_2026-08-18T13:55:33.123529+00:00,4.2612,4.261199984,4.262191992,False
3669338_2026-08-18T14:10:34.404872+00:00,0.1885,0.18849996,0.18947998,False
3669560_2026-08-18T14:25:33.105134+00:00,-0.001,-0.0009999979999999998,1.0010000000297472e-06,False
3669703_2026-08-18T14:40:34.695415+00:00,-1.002,-1.002,-1.001,False
3669856_2026-08-18T14:55:33.156808+00:00,-1.002,-1.001999992,-1.0009959959999999,False
3669897_2026-08-18T15:10:32.558849+00:00,4.2612,4.261199984,4.262191992,False
3669933_2026-08-18T15:25:33.080844+00:00,0.1745,0.17449995,0.17547497499999995,False
3670020_2026-08-18T15:40:34.346032+00:00,-1.002,-1.002000072,-1.001036036,False
3670119_2026-08-18T15:55:34.391006+00:00,0.1885,0.18849996,0.18947998,False
3670551_2026-08-18T16:10:33.250874+00:00,-1.002,-1.001999998,-1.000998999,False
3670715_2026-08-18T16:25:38.973165+00:00,-1.002,-1.002000024,-1.0010120120000001,False
3671141_2026-08-18T16:55:36.712063+00:00,0.4266,0.42659996,0.4275799800000002,False
3671251_2026-08-18T17:10:35.672477+00:00,-1.002,-1.002000004,-1.001002002,False
3671300_2026-08-18T17:25:35.703624+00:00,1.0388,1.038800016,1.039808008,False
3671492_2026-08-18T17:40:33.292535+00:00,-1.002,-1.001999998,-1.000998999,False
3672071_2026-08-18T17:55:33.683173+00:00,-1.002,-1.001999988,-1.000993994,False
3672134_2026-08-18T18:10:35.822554+00:00,0.0969,0.096900002,0.09790100100000002,False
3672530_2026-08-18T18:25:34.390903+00:00,0.0289,0.028900054,0.029927027000000037,False
3672708_2026-08-18T18:40:32.540832+00:00,-1.002,-1.00199997,-1.0009849849999999,False
3677437_2026-08-18T18:55:32.636925+00:00,0.7837,0.7837000159999999,0.784708008,False
3680013_2026-08-18T19:10:34.903282+00:00,-1.002,-1.001999998,-1.000998999,False
3681024_2026-08-18T19:25:34.348074+00:00,0.0733,0.073299942,0.07427097099999987,False
3681557_2026-08-18T19:40:33.195829+00:00,-1.002,-1.0020000008,-1.0010004004,False
3681893_2026-08-18T19:55:33.232851+00:00,-1.002,-1.002000012,-1.0010060060000001,False
3682138_2026-08-18T20:10:33.216073+00:00,1.8551,1.85510003,1.856115015,False
3682209_2026-08-18T20:25:33.145125+00:00,-1.002,-1.001999992,-1.0009959959999999,False
3682362_2026-08-18T20:40:34.862269+00:00,0.1216,0.121599992,0.12259599600000004,False
3682629_2026-08-18T20:55:34.614767+00:00,-1.002,-1.001999976,-1.0009879879999999,False
3682857_2026-08-18T21:10:33.169984+00:00,0.0289,0.028900054,0.029927027000000037,False
3683057_2026-08-18T21:25:34.357698+00:00,-1.002,-1.00199998,-1.0009899899999999,False
3683302_2026-08-18T21:40:32.545556+00:00,-1.002,-1.002000004,-1.001002002,False
3683465_2026-08-18T21:55:33.740038+00:00,1.2202,1.22020002,1.22121001,False
3683900_2026-08-18T22:10:32.617978+00:00,-1.002,-1.002000016,-1.001008008,False
3684020_2026-08-18T22:25:34.762060+00:00,4.5536,4.553599984,4.554591992,False
3684508_2026-08-18T22:40:32.614885+00:00,0.0184,0.018400016,0.01940800799999998,False
3684885_2026-08-18T22:55:32.562577+00:00,-1.002,-1.001999998,-1.000998999,False
3685149_2026-08-18T23:10:33.787929+00:00,0.0733,0.073299942,0.07427097099999987,False
3685200_2026-08-18T23:25:34.689819+00:00,0.0506,0.05060006,0.05163003000000006,False
3685432_2026-08-18T23:40:33.075650+00:00,0.0733,0.073299942,0.07427097099999987,False
3685707_2026-08-18T23:55:34.168612+00:00,-1.002,-1.001999998,-1.0009989990000001,False
3686004_2026-08-19T00:25:33.384662+00:00,1.498,1.498,1.499,False
3686619_2026-08-19T00:40:33.997528+00:00,-1.002,-1.002000016,-1.0010080080000001,False
3686724_2026-08-19T00:55:32.854301+00:00,-1.002,-1.002,-1.001,False
3686798_2026-08-19T01:10:32.967347+00:00,0.2175,0.21750002,0.2185100100000001,False
3686880_2026-08-19T01:25:33.346814+00:00,-1.002,-1.001999998,-1.0009989990000001,False
3686953_2026-08-19T01:40:34.102045+00:00,-1.002,-1.002000024,-1.0010120120000001,False
3687026_2026-08-19T01:55:34.095483+00:00,-1.002,-1.00200005,-1.0010250250000001,False
3687282_2026-08-19T02:10:33.209624+00:00,5.6647,5.66469999,5.665694995,False
3687323_2026-08-19T02:25:32.642354+00:00,-1.002,-1.001999988,-1.000993994,False
3687407_2026-08-19T02:40:33.521605+00:00,-1.002,-1.002000072,-1.001036036,False
3687480_2026-08-19T02:55:33.672938+00:00,-1.002,-1.001999998,-1.0009989990000001,False
3687599_2026-08-19T03:10:32.570374+00:00,-1.002,-1.002,-1.001,False
3687645_2026-08-19T03:25:33.585759+00:00,0.4473,0.447299966,0.4482829830000001,False
3687924_2026-08-19T03:40:34.339042+00:00,-1.002,-1.001999992,-1.0009959959999999,False
3688025_2026-08-19T03:55:33.042375+00:00,-1.002,-1.001999996,-1.0009979979999999,False
3688383_2026-08-19T04:10:32.603304+00:00,-1.002,-1.001999956,-1.0009779779999999,False
3688463_2026-08-19T04:25:33.063323+00:00,0.0506,0.05060006,0.05163003000000006,False
3688635_2026-08-19T04:40:34.321190+00:00,-1.002,-1.001999984,-1.000991992,False
3688829_2026-08-19T04:55:40.544056+00:00,-1.002,-1.002000016,-1.0010080080000001,False
3689399_2026-08-19T05:10:38.968850+00:00,0.9588,0.958799984,0.9597919920000001,False
3689438_2026-08-19T05:25:39.068706+00:00,-1.002,-1.002000016,-1.0010080080000001,False
3691249_2026-08-19T05:55:32.120873+00:00,-1.002,-1.001999998,-1.000998999,False
3691582_2026-08-19T06:10:36.575660+00:00,-1.002,-1.002,-1.001,False
3691638_2026-08-19T06:40:33.352067+00:00,-1.002,-1.002000024,-1.0010120120000001,False
3691809_2026-08-19T06:55:32.069772+00:00,0.3313,0.33130005,0.332325025,False
3691972_2026-08-19T07:10:34.082363+00:00,13.2837,13.283700002,13.284701001,False
3692009_2026-08-19T07:25:32.229872+00:00,0.4473,0.447299966,0.4482829830000001,False
3692064_2026-08-19T07:40:32.602772+00:00,0.0618,0.06180005599999999,0.0628280280000001,False
3692222_2026-08-19T07:55:34.384076+00:00,-1.002,-1.002000004,-1.001002002,False
3692358_2026-08-19T08:10:34.384266+00:00,-1.002,-1.001999998,-1.000998999,False
3692464_2026-08-19T08:25:32.470418+00:00,0.3494,0.34939992799999997,0.350363964,False
3692505_2026-08-19T08:40:32.862082+00:00,0.0,8.000000000125962e-09,0.0010040040000000058,False
3692579_2026-08-19T08:55:34.035265+00:00,-1.002,-1.002000024,-1.0010120120000001,False
3692774_2026-08-19T09:10:33.514877+00:00,-1.002,-1.002,-1.001,False
3693138_2026-08-19T09:25:33.585701+00:00,-1.002,-1.002000008,-1.0010040040000001,False
3693169_2026-08-19T09:40:33.305273+00:00,-1.002,-1.002000016,-1.0010080080000001,False
3693262_2026-08-19T09:55:33.392199+00:00,0.9588,0.958799984,0.9597919920000001,False
3693457_2026-08-19T10:10:34.028675+00:00,-1.002,-1.002000016,-1.0010080080000001,False
3693500_2026-08-19T10:25:32.558263+00:00,0.9588,0.958799984,0.9597919920000001,False
3693541_2026-08-19T10:40:33.953884+00:00,0.9588,0.958799984,0.9597919920000001,False
3693731_2026-08-19T10:55:32.123061+00:00,0.4686,0.468599984,0.4695919919999999,False
3693798_2026-08-19T11:10:33.593988+00:00,0.0184,0.018400016,0.01940800799999998,False
3694159_2026-08-19T11:25:33.161993+00:00,-1.002,-1.001999964,-1.000981982,False
3694275_2026-08-19T11:40:32.586009+00:00,-1.002,-1.001999988,-1.000993994,False
3695152_2026-08-19T11:55:34.313254+00:00,0.0506,0.05060006,0.05163003000000006,False
3695607_2026-08-19T12:10:34.222555+00:00,-1.002,-1.001999998,-1.0009989990000001,False
3695736_2026-08-19T12:25:32.681246+00:00,-1.002,-1.00200002,-1.00101001,False
3695874_2026-08-19T12:40:33.705565+00:00,0.001,0.0010000180000000005,0.00200900900000004,False
3696442_2026-08-19T12:55:32.137542+00:00,-1.002,-1.001999998,-1.000998999,False
3696558_2026-08-19T13:10:33.168739+00:00,0.5365,0.53649995,0.5374749750000001,False
3696718_2026-08-19T13:25:34.387994+00:00,1.379,1.37899996,1.3799799799999999,False
3696913_2026-08-19T13:40:33.605927+00:00,15.6647,15.664699996000001,15.665697997999999,False
3697235_2026-08-19T13:55:34.321803+00:00,-1.002,-1.001999996,-1.0009979979999999,False
3697387_2026-08-19T14:10:32.146047+00:00,0.001,0.0010000180000000005,0.00200900900000004,False
3697645_2026-08-19T14:25:33.837945+00:00,0.3679,0.36789994600000003,0.3688729729999999,False
3697866_2026-08-19T14:40:33.919710+00:00,0.2801,0.280099924,0.28106196200000005,False
3700737_2026-08-19T15:25:32.173664+00:00,0.0081,0.008100002,0.009101001000000027,False
3700927_2026-08-19T15:40:32.150862+00:00,0.1344,0.134399936,0.13536796800000003,False
3701157_2026-08-19T15:55:33.534371+00:00,-1.002,-1.002000004,-1.001002002,False
3701649_2026-08-19T16:10:34.451233+00:00,0.1344,0.134399936,0.13536796800000003,False
3701699_2026-08-19T16:25:33.283552+00:00,0.0289,0.028900054,0.029927027000000037,False
3702250_2026-08-19T16:55:33.322945+00:00,-1.002,-1.002000008,-1.0010040040000001,False
3702412_2026-08-19T17:10:32.157533+00:00,-1.002,-1.001999998,-1.000998999,False
3702648_2026-08-19T17:40:34.240392+00:00,0.1608,0.160799984,0.16179199200000005,False
3703197_2026-08-19T18:10:34.054390+00:00,-1.002,-1.002000004,-1.001002002,False
3703502_2026-08-19T18:25:33.114215+00:00,0.0289,0.028900054,0.029927027000000037,False
3703795_2026-08-19T18:40:33.702171+00:00,0.3869,0.38689998400000003,0.387891992,False
3706047_2026-08-19T18:55:32.159040+00:00,-1.002,-1.002,-1.001,False
3707401_2026-08-19T19:10:32.566270+00:00,-1.002,-1.002,-1.001,False
3708354_2026-08-19T19:25:32.150008+00:00,-1.002,-1.001999946,-1.0009729729999999,False
3708610_2026-08-19T19:40:32.676707+00:00,0.0733,0.073299942,0.07427097099999987,False
3708923_2026-08-19T19:55:32.744944+00:00,0.2967,0.296700002,0.297701001,False
3709191_2026-08-19T20:10:32.702531+00:00,0.0184,0.018400016,0.01940800799999998,False
3709597_2026-08-19T20:25:32.158873+00:00,0.0506,0.05060006,0.05163003000000006,False
3709795_2026-08-19T20:40:33.173043+00:00,-1.002,-1.001999968,-1.0009839839999999,False
3709912_2026-08-19T20:55:32.595387+00:00,0.0184,0.018400016,0.01940800799999998,False
3710010_2026-08-19T21:10:34.122226+00:00,0.0397,0.039699936,0.04066796800000004,False
3710084_2026-08-19T21:25:33.731016+00:00,0.1091,0.10910002,0.11011000999999992,False
3710188_2026-08-19T21:40:32.685065+00:00,-1.002,-1.002,-1.001,False
3710261_2026-08-19T21:55:32.718656+00:00,0.085,0.08499991999999999,0.08595995999999993,False
3710403_2026-08-19T22:10:32.149926+00:00,-1.002,-1.001999998,-1.000998999,False
3710483_2026-08-19T22:25:34.455720+00:00,-1.002,-1.002000004,-1.001002002,False
3710821_2026-08-19T22:55:32.783283+00:00,-1.002,-1.002,-1.001,False
3710999_2026-08-19T23:10:32.419679+00:00,0.3313,0.33130005,0.332325025,False
3711047_2026-08-19T23:25:34.685785+00:00,3.5435,3.54349998,3.54448999,False
3711111_2026-08-19T23:40:32.409536+00:00,-1.002,-1.002000012,-1.0010060060000001,False
3711359_2026-08-19T23:55:34.067440+00:00,-1.002,-1.001999992,-1.0009959959999999,False
3711482_2026-08-20T00:10:35.592767+00:00,0.003,0.00300005,0.004025025000000057,False
3711674_2026-08-20T00:25:32.385645+00:00,0.0397,0.039699936,0.04066796800000004,False
3711730_2026-08-20T00:40:33.702795+00:00,-1.002,-1.001999998,-1.000998999,False
3712910_2026-08-20T00:55:33.194761+00:00,-1.002,-1.002000016,-1.0010080080000001,False
3713003_2026-08-20T01:10:34.217948+00:00,-1.002,-1.001999998,-1.0009989990000001,False
3713031_2026-08-20T01:25:32.759657+00:00,-1.002,-1.002000014,-1.001007007,False
3713204_2026-08-20T01:55:33.724155+00:00,0.1474,0.147400044,0.14842202200000004,False
3716417_2026-08-20T08:10:30.481064+00:00,-0.001,-0.0009999979999999998,1.0010000000297472e-06,False
3716731_2026-08-20T08:25:30.817437+00:00,2.7017,2.701700002,2.702701001,False
3716813_2026-08-20T08:40:30.738953+00:00,0.1885,0.18849996,0.18947998,False
3717264_2026-08-20T08:55:30.525697+00:00,-0.001,-0.0009999979999999998,1.0010000000297472e-06,False
3717326_2026-08-20T09:10:30.499445+00:00,0.0081,0.008100002,0.009101001000000027,False
3717718_2026-08-20T09:25:30.992623+00:00,-1.002,-1.00200004,-1.00102002,False
3717757_2026-08-20T09:40:30.788218+00:00,0.3869,0.38689998400000003,0.387891992,False
3718494_2026-08-20T09:55:30.582177+00:00,-1.002,-1.0020000006,-1.0010003002999999,False
3718686_2026-08-20T10:10:30.846920+00:00,0.1608,0.160799984,0.16179199200000005,False
3718713_2026-08-20T10:25:30.517172+00:00,0.1885,0.18849996,0.18947998,False
3718804_2026-08-20T10:40:30.554873+00:00,-1.002,-1.002,-1.001,False
3718958_2026-08-20T10:55:30.661896+00:00,0.1474,0.147400044,0.14842202200000004,False
3719295_2026-08-20T11:10:30.963850+00:00,-1.002,-1.002,-1.001,False
3719466_2026-08-20T11:25:30.777711+00:00,-1.002,-1.002000016,-1.0010080080000001,False
3719522_2026-08-20T11:40:30.584018+00:00,0.002,0.002000032,0.00301601600000002,False
3719731_2026-08-20T11:55:30.592578+00:00,-1.002,-1.001999998,-1.000998999,False
3719915_2026-08-20T12:10:32.732633+00:00,-1.002,-1.001999998,-1.000998999,False
3719992_2026-08-20T12:25:30.568170+00:00,0.5853,0.5853000020000001,0.5863010009999999,False
3720689_2026-08-20T12:55:10.030304+00:00,0.0506,0.05060006,0.05163003000000006,False
3721130_2026-08-20T13:10:10.401887+00:00,0.1745,0.17449995,0.17547497499999995,False
3721184_2026-08-20T13:25:09.815643+00:00,-1.002,-1.002,-1.001,False
3721445_2026-08-20T13:40:09.911923+00:00,-1.002,-1.002,-1.001,False
3721926_2026-08-20T13:55:04.086186+00:00,0.248,0.248,0.249,False
3722106_2026-08-20T14:10:04.145699+00:00,0.0397,0.039699936,0.04066796800000004,False
3722181_2026-08-20T14:25:04.156053+00:00,-1.002,-1.002000004,-1.001002002,False
3722293_2026-08-20T14:40:03.962102+00:00,0.3869,0.38689998400000003,0.387891992,False
3722372_2026-08-20T14:55:04.032849+00:00,0.0506,0.05060006,0.05163003000000006,False
3722595_2026-08-20T15:10:04.230408+00:00,0.0184,0.018400016,0.01940800799999998,False
3722642_2026-08-20T15:25:04.417560+00:00,6.6903,6.690300002000001,6.691301001,False
3723803_2026-08-20T15:40:04.293917+00:00,-1.002,-1.00200002,-1.00101001,False
3723968_2026-08-20T15:55:07.301836+00:00,0.0733,0.073299942,0.07427097099999987,False
3724154_2026-08-20T16:10:06.571880+00:00,-1.002,-1.00199998,-1.00098999,False
3724242_2026-08-20T16:25:05.800288+00:00,1.379,1.37899996,1.3799799799999999,False
3724365_2026-08-20T16:40:05.729554+00:00,0.2801,0.280099924,0.28106196200000005,False
3724541_2026-08-20T16:55:05.413468+00:00,2.0283,2.028300002,2.029301001,False
3724688_2026-08-20T17:10:05.704380+00:00,-1.002,-1.002000004,-1.001002002,False
3724850_2026-08-20T17:25:05.395090+00:00,0.4266,0.42659996,0.4275799800000002,False
3725201_2026-08-20T17:40:05.757421+00:00,-1.002,-1.00199998,-1.00098999,False
3725551_2026-08-20T17:55:05.575427+00:00,0.0733,0.073299942,0.07427097099999987,False
3725905_2026-08-20T18:10:07.396176+00:00,-1.002,-1.001999998,-1.000998999,False
3726258_2026-08-20T18:25:05.635523+00:00,0.0506,0.05060006,0.05163003000000006,False
3726339_2026-08-20T18:40:05.444259+00:00,-1.002,-1.002,-1.001,False
3727517_2026-08-20T18:55:05.738790+00:00,-1.002,-1.002,-1.001,False
3727707_2026-08-20T19:10:05.584858+00:00,0.8848,0.884799992,0.8857959959999999,False
3728150_2026-08-20T19:25:05.474329+00:00,0.0289,0.028900054,0.029927027000000037,False
3728244_2026-08-20T19:40:05.681027+00:00,0.085,0.08499991999999999,0.08595995999999993,False
3728943_2026-08-20T19:55:05.663959+00:00,-1.002,-1.002,-1.001,False
3729447_2026-08-20T20:10:05.734336+00:00,0.0969,0.096900002,0.09790100100000002,False
3730511_2026-08-20T20:25:05.579182+00:00,0.0506,0.05060006,0.05163003000000006,False
3730691_2026-08-20T20:40:05.585490+00:00,-1.002,-1.001999992,-1.0009959959999999,False
3731092_2026-08-20T20:55:05.555858+00:00,-1.002,-1.001999998,-1.000998999,False
3731192_2026-08-20T21:10:05.432576+00:00,2.0283,2.028300002,2.029301001,False
3731232_2026-08-20T21:25:05.432969+00:00,-1.002,-1.002000064,-1.0010320320000001,False
3731336_2026-08-20T21:40:05.596802+00:00,0.0506,0.05060006,0.05163003000000006,False
3731485_2026-08-20T21:55:05.562547+00:00,1.437,1.4370000200000002,1.4380100100000002,False
3731731_2026-08-20T22:10:05.650724+00:00,-1.002,-1.001999992,-1.0009959959999999,False
3731818_2026-08-20T22:25:05.576695+00:00,0.0184,0.018400016,0.01940800799999998,False
3731861_2026-08-20T22:40:05.502326+00:00,-1.002,-1.002000012,-1.0010060060000001,False
3732208_2026-08-20T22:55:05.473165+00:00,-1.002,-1.001999984,-1.0009919919999999,False
3732309_2026-08-20T23:10:05.394781+00:00,0.0081,0.008100002,0.009101001000000027,False
3732453_2026-08-20T23:25:05.566913+00:00,0.0397,0.039699936,0.04066796800000004,False
3732524_2026-08-20T23:40:05.951006+00:00,-1.002,-1.002,-1.001,False
3732814_2026-08-20T23:55:05.688909+00:00,-1.002,-1.00199998,-1.0009899899999999,False
3732900_2026-08-21T00:10:07.942519+00:00,0.0122,0.012199997600000002,0.013198798799999956,False
3733117_2026-08-21T00:25:05.523455+00:00,0.0,8.000000000125962e-09,0.0010040040000000058,False
3733189_2026-08-21T00:40:05.620891+00:00,-1.002,-1.001999998,-1.000998999,False
3734262_2026-08-21T00:55:05.546888+00:00,-1.002,-1.001999996,-1.0009979979999999,False
3734404_2026-08-21T01:10:05.389945+00:00,0.0184,0.018400016,0.01940800799999998,False
3734588_2026-08-21T01:25:05.571841+00:00,0.003,0.00300005,0.004025025000000057,False
3734670_2026-08-21T01:40:05.716713+00:00,-1.002,-1.001999998,-1.000998999,False
3734796_2026-08-21T01:55:05.484965+00:00,0.002,0.002000032,0.00301601600000002,False
3735049_2026-08-21T02:10:05.663115+00:00,-1.002,-1.001999998,-1.0009989990000001,False
3735099_2026-08-21T02:25:05.736790+00:00,4.5536,4.553599984,4.554591992,False
3735181_2026-08-21T02:40:05.819176+00:00,-1.002,-1.001999998,-1.000998999,False
3735375_2026-08-21T02:55:05.481967+00:00,-1.002,-1.001999998,-1.000998999,False
3735529_2026-08-21T03:10:05.757866+00:00,2.8442,2.844199976,2.8451879879999997,False
3735554_2026-08-21T03:25:05.549177+00:00,0.1745,0.17449995,0.17547497499999995,False
3735583_2026-08-21T03:40:05.445516+00:00,8.998,8.998,8.999,False
3735661_2026-08-21T03:55:05.632884+00:00,-1.002,-1.001999984,-1.0009919919999999,False
3735910_2026-08-21T04:10:05.721661+00:00,0.0184,0.018400016,0.01940800799999998,False
3735955_2026-08-21T04:25:05.529653+00:00,-1.002,-1.002000052,-1.0010260260000001,False
3736049_2026-08-21T04:40:05.577200+00:00,0.0618,0.06180005599999999,0.0628280280000001,False
3736313_2026-08-21T04:55:05.544051+00:00,0.1344,0.134399936,0.13536796800000003,False
3736810_2026-08-21T05:10:05.619875+00:00,0.1091,0.10910002,0.11011000999999992,False
3736843_2026-08-21T05:25:05.390770+00:00,-1.002,-1.00199998,-1.00098999,False
3736875_2026-08-21T05:40:05.485882+00:00,0.1885,0.18849996,0.18947998,False
3737144_2026-08-21T05:55:05.624814+00:00,0.248,0.248,0.249,False
3737455_2026-08-21T06:10:06.450470+00:00,-1.002,-1.00200002,-1.0010100100000001,False
3737551_2026-08-21T06:25:05.583828+00:00,2.8442,2.844199976,2.8451879879999997,False
3738288_2026-08-21T06:55:05.568437+00:00,0.2175,0.21750002,0.2185100100000001,False
3738392_2026-08-21T07:10:05.526864+00:00,0.0733,0.073299942,0.07427097099999987,False
3738510_2026-08-21T07:25:05.562357+00:00,0.1091,0.10910002,0.11011000999999992,False
3738636_2026-08-21T07:40:05.719593+00:00,0.2967,0.296700002,0.297701001,False
3738751_2026-08-21T07:55:05.487023+00:00,-1.002,-1.001999998,-1.000998999,False
3738810_2026-08-21T08:10:05.781630+00:00,0.0184,0.018400016,0.01940800799999998,False
3739056_2026-08-21T08:25:05.481228+00:00,0.2638,0.26380003599999996,0.264818018,False
3739135_2026-08-21T08:40:05.779389+00:00,0.0397,0.039699936,0.04066796800000004,False
3739628_2026-08-21T08:55:05.677440+00:00,0.0,8.000000000125962e-09,0.0010040040000000058,False
3739963_2026-08-21T09:10:05.671006+00:00,-1.002,-1.002,-1.001,False
3740281_2026-08-21T09:25:05.604617+00:00,-1.002,-1.001999998,-1.0009989990000001,False
3740689_2026-08-21T09:40:05.602474+00:00,0.1745,0.17449995,0.17547497499999995,False
3741530_2026-08-21T09:55:05.392308+00:00,-1.002,-1.002000016,-1.0010080080000001,False
3741687_2026-08-21T10:10:05.687058+00:00,1.0813,1.081300032,1.082316016,False
3741915_2026-08-21T10:25:05.430811+00:00,-1.002,-1.001999996,-1.0009979979999999,False
3742052_2026-08-21T10:40:05.541804+00:00,-1.002,-1.002000012,-1.0010060060000001,False
3742317_2026-08-21T10:55:05.588277+00:00,-1.002,-1.002000016,-1.001008008,False
3742512_2026-08-21T11:10:05.898336+00:00,-1.002,-1.002,-1.001,False
3742635_2026-08-21T11:25:11.515802+00:00,-1.002,-1.002000024,-1.0010120120000001,False
3742686_2026-08-21T11:40:09.891516+00:00,-1.002,-1.002,-1.001,False
3742769_2026-08-21T11:55:10.127584+00:00,-1.002,-1.001999998,-1.000998999,False
3742921_2026-08-21T12:10:12.360540+00:00,0.5605,0.5605,0.5615,False
3743016_2026-08-21T12:25:09.992543+00:00,-1.002,-1.002,-1.001,False
3743227_2026-08-21T12:40:54.858609+00:00,-0.001,-0.0009999979999999998,1.0010000000297472e-06,False
3743425_2026-08-21T12:55:09.744804+00:00,-1.002,-1.002,-1.001,False
3744325_2026-08-21T13:10:09.992057+00:00,-1.002,-1.002000052,-1.0010260260000001,False
3744416_2026-08-21T13:25:09.965523+00:00,-1.002,-1.001999992,-1.0009959959999999,False
3744581_2026-08-21T13:40:10.083807+00:00,1.6296,1.629599984,1.630591992,False
3745236_2026-08-21T13:55:10.048065+00:00,0.8162,0.81619998,0.8171899899999999,False
3745361_2026-08-21T14:10:09.865312+00:00,-1.002,-1.002000012,-1.0010060060000001,False
3745419_2026-08-21T14:25:10.113784+00:00,0.1344,0.134399936,0.13536796800000003,False
3745546_2026-08-21T14:40:10.014167+00:00,6.1409,6.140899988,6.141893994,False
3745648_2026-08-21T14:55:10.017495+00:00,0.1344,0.134399936,0.13536796800000003,False
3746041_2026-08-21T15:10:09.713096+00:00,0.0397,0.039699936,0.04066796800000004,False
3746153_2026-08-21T15:25:09.714361+00:00,-1.002,-1.002000016,-1.0010080080000001,False
3746276_2026-08-21T15:40:09.996650+00:00,-1.002,-1.001999998,-1.000998999,False
3746366_2026-08-21T15:55:09.896692+00:00,-1.002,-1.002,-1.001,False
3746526_2026-08-21T16:10:09.714949+00:00,-1.002,-1.002000004,-1.001002002,False
3746594_2026-08-21T16:25:09.785899+00:00,0.0184,0.018400016,0.01940800799999998,False
3746707_2026-08-21T16:40:09.966761+00:00,-1.002,-1.001999984,-1.000991992,False
3746805_2026-08-21T16:55:09.840274+00:00,0.1216,0.121599992,0.12259599600000004,False
3746882_2026-08-21T17:10:09.709991+00:00,0.0969,0.096900002,0.09790100100000002,False
3746980_2026-08-21T17:25:09.810552+00:00,-1.002,-1.002,-1.001,False
3747840_2026-08-21T17:40:16.309289+00:00,-1.002,-1.00200002,-1.0010100100000001,False
3748079_2026-08-21T17:55:16.568570+00:00,0.8848,0.884799992,0.8857959959999999,False
3748218_2026-08-21T18:10:18.942019+00:00,-1.002,-1.001999984,-1.000991992,False
3748361_2026-08-21T18:25:16.304000+00:00,0.1474,0.147400044,0.14842202200000004,False
3748620_2026-08-21T18:40:16.441155+00:00,-1.002,-1.002,-1.001,False
3749341_2026-08-21T18:55:16.292929+00:00,4.5536,4.553599984,4.554591992,False
3749632_2026-08-21T19:10:16.498864+00:00,3.1647,3.164699984,3.1656919919999997,False
3750297_2026-08-21T19:25:16.455712+00:00,0.1745,0.17449995,0.17547497499999995,False
3750553_2026-08-21T19:40:16.291102+00:00,-1.002,-1.002,-1.001,False
3750997_2026-08-21T19:55:16.554945+00:00,-1.002,-1.001999998,-1.000998999,False
3751163_2026-08-21T20:10:16.446998+00:00,0.6109,0.610900004,0.6119020020000001,False
3751562_2026-08-21T20:25:16.388350+00:00,0.0184,0.018400016,0.01940800799999998,False
3751641_2026-08-21T20:40:16.491164+00:00,1.1719,1.171900012,1.172906006,False
3751764_2026-08-21T20:55:16.689127+00:00,0.6109,0.610900004,0.6119020020000001,False
3751849_2026-08-21T21:10:16.493634+00:00,3.7599,3.7599000019999997,3.760901001,False
3751886_2026-08-21T21:25:16.454581+00:00,0.0618,0.06180005599999999,0.0628280280000001,False
3751962_2026-08-21T21:40:16.272275+00:00,1.437,1.4370000200000002,1.4380100100000002,False
3752130_2026-08-21T21:55:16.614120+00:00,0.0081,0.008100002,0.009101001000000027,False
3752231_2026-08-21T22:10:16.419683+00:00,0.1474,0.147400044,0.14842202200000004,False
3752289_2026-08-21T22:25:16.523918+00:00,-1.002,-1.002,-1.001,False
3752438_2026-08-21T22:40:16.769387+00:00,1.1257,1.1256999619999999,1.126680981,False
3752622_2026-08-21T22:55:16.433886+00:00,-1.002,-1.001999956,-1.0009779779999999,False
3752950_2026-08-21T23:10:16.300597+00:00,0.3869,0.38689998400000003,0.387891992,False
3753021_2026-08-21T23:25:16.318443+00:00,-1.002,-1.001999944,-1.0009719719999999,False
3753287_2026-08-21T23:40:16.487068+00:00,-1.002,-1.002,-1.001,False
3753485_2026-08-21T23:55:16.473438+00:00,-1.002,-1.001999998,-1.0009989990000001,False
3753638_2026-08-22T00:10:18.351858+00:00,-1.002,-1.0020000008,-1.0010004004,False
3753813_2026-08-22T00:25:16.570319+00:00,0.085,0.08499991999999999,0.08595995999999993,False
3754045_2026-08-22T00:40:16.499497+00:00,-1.002,-1.002000016,-1.0010080080000001,False
3754772_2026-08-22T00:55:16.476533+00:00,0.3138,0.31379998400000003,0.3147919920000001,False
3755070_2026-08-22T01:10:16.530368+00:00,0.085,0.08499991999999999,0.08595995999999993,False
3755098_2026-08-22T01:25:16.496471+00:00,-1.002,-1.002,-1.001,False
3755163_2026-08-22T01:40:16.331166+00:00,-1.002,-1.002000016,-1.0010080080000001,False
3755271_2026-08-22T01:55:16.546670+00:00,0.998,0.998,0.999,False
3755364_2026-08-22T02:10:16.416877+00:00,0.2326,0.232599948,0.23357397399999985,False
3755401_2026-08-22T02:25:16.414510+00:00,0.085,0.08499991999999999,0.08595995999999993,False
3755438_2026-08-22T02:40:16.642203+00:00,1.7758,1.775799984,1.776791992,False
3755559_2026-08-22T02:55:16.561473+00:00,-1.002,-1.002,-1.001,False
3755654_2026-08-22T03:10:16.483822+00:00,-1.002,-1.001999968,-1.0009839839999999,False
3755743_2026-08-22T03:25:16.506290+00:00,0.0506,0.05060006,0.05163003000000006,False
3755775_2026-08-22T03:40:16.423962+00:00,-1.002,-1.002000016,-1.0010080080000001,False
3755880_2026-08-22T03:55:16.477532+00:00,-1.002,-1.001999998,-1.000998999,False
3756044_2026-08-22T04:10:16.558924+00:00,-1.002,-1.002000016,-1.001008008,False
3756097_2026-08-22T04:25:16.276103+00:00,0.0969,0.096900002,0.09790100100000002,False
3756506_2026-08-22T04:40:16.276439+00:00,0.1091,0.10910002,0.11011000999999992,False
3756705_2026-08-22T04:55:16.410867+00:00,-1.002,-1.002,-1.001,False
3757199_2026-08-22T05:10:16.252511+00:00,-1.002,-1.0019999998,-1.0009998998999998,False
3757306_2026-08-22T05:25:16.612111+00:00,-1.002,-1.002000016,-1.0010080080000001,False
3757335_2026-08-22T05:40:16.473119+00:00,-1.002,-1.002,-1.001,False
3757594_2026-08-22T05:55:16.285886+00:00,0.0289,0.028900054,0.029927027000000037,False
3757716_2026-08-22T06:10:19.320280+00:00,-1.002,-1.00199998,-1.0009899899999999,False
3757806_2026-08-22T06:25:16.326463+00:00,0.0506,0.05060006,0.05163003000000006,False
3758499_2026-08-22T06:40:16.392554+00:00,0.0289,0.028900054,0.029927027000000037,False
3758657_2026-08-22T06:55:16.293294+00:00,1.0813,1.081300032,1.082316016,False
3758738_2026-08-22T07:10:16.286202+00:00,-1.002,-1.001999984,-1.000991992,False
3758801_2026-08-22T07:25:16.292663+00:00,0.1474,0.147400044,0.14842202200000004,False
3758852_2026-08-22T07:40:16.493887+00:00,-1.002,-1.002000016,-1.0010080080000001,False
3759120_2026-08-22T07:55:16.308275+00:00,-1.002,-1.002000016,-1.0010080080000001,False
3759213_2026-08-22T08:10:16.542414+00:00,0.2028,0.20280003200000002,0.2038160160000001,False
3759313_2026-08-22T08:25:16.289559+00:00,-1.002,-1.002,-1.001,False
3759407_2026-08-22T08:40:16.649900+00:00,8.0889,8.088900001999999,8.089901001,False
3759472_2026-08-22T08:55:16.311642+00:00,-1.002,-1.001999998,-1.000998999,False
3759561_2026-08-22T09:10:16.485872+00:00,0.2801,0.280099924,0.28106196200000005,False
3759601_2026-08-22T09:25:16.609334+00:00,-1.002,-1.002000004,-1.001002002,False
3759636_2026-08-22T09:40:16.587131+00:00,-1.002,-1.001999998,-1.000998999,False
3759759_2026-08-22T09:55:16.490863+00:00,-1.002,-1.001999998,-1.000998999,False
3759805_2026-08-22T10:10:16.263100+00:00,-1.002,-1.001999998,-1.000998999,False
3759885_2026-08-22T10:25:16.528197+00:00,3.3458,3.3458000119999998,3.3468060060000004,False
3759972_2026-08-22T10:40:16.479025+00:00,0.0506,0.05060006,0.05163003000000006,False
3760043_2026-08-22T10:55:16.570811+00:00,-1.002,-1.002,-1.001,False
3760144_2026-08-22T11:10:16.338893+00:00,-1.002,-1.002000016,-1.0010080080000001,False
3760205_2026-08-22T11:25:16.460684+00:00,1.498,1.498,1.499,False
3760271_2026-08-22T11:40:16.265479+00:00,0.0289,0.028900054,0.029927027000000037,False
3760355_2026-08-22T11:55:16.448361+00:00,-1.002,-1.00200001,-1.001005005,False
3760537_2026-08-22T12:10:17.643876+00:00,0.1091,0.10910002,0.11011000999999992,False
3760616_2026-08-22T12:25:16.389382+00:00,0.1608,0.160799984,0.16179199200000005,False
3760785_2026-08-22T12:40:16.294336+00:00,4.2612,4.261199984,4.262191992,False
3761018_2026-08-22T12:55:16.551069+00:00,-1.002,-1.002000014,-1.001007007,False
3761149_2026-08-22T13:10:16.634124+00:00,-1.002,-1.00200001,-1.001005005,False
3761248_2026-08-22T13:25:16.300842+00:00,-1.002,-1.002,-1.001,False
3761671_2026-08-22T13:40:19.206089+00:00,-1.002,-1.002,-1.001,False
3761906_2026-08-22T13:55:03.228819+00:00,0.0289,0.028900054,0.029927027000000037,False
3762188_2026-08-22T14:10:03.558822+00:00,-1.002,-1.001999998,-1.0009989990000001,False
3762233_2026-08-22T14:25:03.255922+00:00,1.2202,1.22020002,1.22121001,False
3762410_2026-08-22T14:40:03.160731+00:00,-1.002,-1.001999998,-1.000998999,False
3762642_2026-08-22T14:55:02.978888+00:00,1.437,1.4370000200000002,1.4380100100000002,False
3762740_2026-08-22T15:10:03.182291+00:00,-1.002,-1.002000016,-1.0010080080000001,False
3762821_2026-08-22T15:25:03.343200+00:00,0.4065,0.40649992999999995,0.40746496500000007,False
3763128_2026-08-22T15:40:02.973128+00:00,0.248,0.248,0.249,False
3763192_2026-08-22T15:55:43.250452+00:00,-1.002,-1.002,-1.001,False
3763482_2026-08-22T16:10:43.397656+00:00,0.3313,0.33130005,0.332325025,False
3763537_2026-08-22T16:25:43.401600+00:00,0.0184,0.018400016,0.01940800799999998,False
3763786_2026-08-22T16:55:43.571999+00:00,-1.002,-1.002000016,-1.0010080080000001,False
3763865_2026-08-22T17:10:43.409324+00:00,-1.002,-1.002,-1.001,False
3763963_2026-08-22T17:25:43.474458+00:00,-1.002,-1.00200005,-1.001025025,False
3764613_2026-08-22T17:40:43.395108+00:00,0.0733,0.073299942,0.07427097099999987,False
3764650_2026-08-22T17:55:43.373377+00:00,0.03,0.029999984,0.03099199200000002,False
3764684_2026-08-22T18:10:00.887603+00:00,-1.002,-1.001999988,-1.000993994,False
3764707_2026-08-22T18:25:43.289638+00:00,0.0506,0.05060006,0.05163003000000006,False
3764747_2026-08-22T18:40:43.437199+00:00,-1.002,-1.00200001,-1.001005005,False
3764821_2026-08-22T18:55:43.520818+00:00,2.7017,2.701700002,2.702701001,False
3764860_2026-08-22T19:10:43.460477+00:00,0.3869,0.38689998400000003,0.387891992,False
3764892_2026-08-22T19:25:43.257365+00:00,-1.002,-1.001999998,-1.0009989990000001,False
3764931_2026-08-22T19:40:43.545430+00:00,0.0091,0.0091000442,0.010122122100000023,False
3765179_2026-08-22T19:55:43.249618+00:00,0.1216,0.121599992,0.12259599600000004,False
3765869_2026-08-22T20:10:43.264221+00:00,-1.002,-1.002,-1.001,False
3767015_2026-08-22T20:25:43.220941+00:00,-1.002,-1.002,-1.001,False
3767612_2026-08-22T20:40:43.222546+00:00,0.085,0.08499991999999999,0.08595995999999993,False
3767852_2026-08-22T20:55:43.370330+00:00,-1.002,-1.002000004,-1.001002002,False
3768127_2026-08-22T21:10:43.610440+00:00,-1.002,-1.002,-1.001,False
3768239_2026-08-22T21:25:43.330103+00:00,0.0397,0.039699936,0.04066796800000004,False
3768469_2026-08-22T21:40:43.393819+00:00,-1.002,-1.002,-1.001,False
3768705_2026-08-22T21:55:43.217217+00:00,-1.002,-1.001999998,-1.0009989990000001,False
3769651_2026-08-22T22:10:43.452811+00:00,0.0081,0.008100002,0.009101001000000027,False
3769733_2026-08-22T22:25:43.289478+00:00,-1.002,-1.00200004,-1.00102002,False
3769985_2026-08-22T22:40:43.305428+00:00,11.498,11.498,11.499,False
3770154_2026-08-22T22:55:43.375937+00:00,-1.002,-1.002000038,-1.001019019,False
3770421_2026-08-22T23:10:43.524855+00:00,-1.002,-1.00200005,-1.001025025,False
3770444_2026-08-22T23:25:43.310985+00:00,-1.002,-1.002000054,-1.001027027,False
3770551_2026-08-22T23:40:43.355096+00:00,0.1344,0.134399936,0.13536796800000003,False
3770682_2026-08-22T23:55:43.448629+00:00,0.0289,0.028900054,0.029927027000000037,False
3770762_2026-08-23T00:10:44.873664+00:00,0.7221,0.7221000439999999,0.7231220220000001,False
3770862_2026-08-23T00:25:43.219175+00:00,0.0397,0.039699936,0.04066796800000004,False
3770938_2026-08-23T00:40:43.512404+00:00,0.4686,0.468599984,0.4695919919999999,False
3771451_2026-08-23T00:55:43.377578+00:00,0.2028,0.20280003200000002,0.2038160160000001,False
3771542_2026-08-23T01:10:43.454978+00:00,-1.002,-1.002000012,-1.0010060060000001,False
3771584_2026-08-23T01:25:43.280405+00:00,-1.002,-1.001999998,-1.000998999,False
3771632_2026-08-23T01:40:43.373710+00:00,-1.002,-1.00200004,-1.00102002,False
3771738_2026-08-23T01:55:43.246771+00:00,-1.002,-1.002000016,-1.0010080080000001,False
3771832_2026-08-23T02:10:43.345066+00:00,-1.002,-1.002,-1.001,False
3771912_2026-08-23T02:25:43.312838+00:00,-1.002,-1.001999998,-1.000998999,False
3771959_2026-08-23T02:40:43.379646+00:00,0.0081,0.008100002,0.009101001000000027,False
3772034_2026-08-23T02:55:43.421165+00:00,-1.002,-1.001999998,-1.0009989990000001,False
3772132_2026-08-23T03:10:43.242749+00:00,13.2837,13.283700002,13.284701001,False
3772296_2026-08-23T03:25:43.216594+00:00,-1.002,-1.002,-1.001,False
3772340_2026-08-23T03:40:43.321365+00:00,-1.002,-1.002000004,-1.001002002,False
3772436_2026-08-23T03:55:43.542839+00:00,0.0506,0.05060006,0.05163003000000006,False
3773002_2026-08-23T04:10:43.357214+00:00,8.998,8.998,8.999,False
3773089_2026-08-23T04:25:43.390577+00:00,-1.002,-1.00200001,-1.001005005,False
3773520_2026-08-23T04:40:43.565493+00:00,-1.002,-1.001999998,-1.0009989990000001,False
3773959_2026-08-23T04:55:43.336695+00:00,-1.002,-1.002,-1.001,False
3774417_2026-08-23T05:10:43.330190+00:00,-1.002,-1.001999998,-1.0009989990000001,False
3774453_2026-08-23T05:25:43.242435+00:00,0.0969,0.096900002,0.09790100100000002,False
3774493_2026-08-23T05:40:43.396746+00:00,-1.002,-1.002000016,-1.0010080080000001,False
3774773_2026-08-23T05:55:43.384125+00:00,-1.002,-1.001999998,-1.000998999,False
3775090_2026-08-23T06:10:01.409146+00:00,18.998,18.998,18.999,False
3775127_2026-08-23T06:25:43.437778+00:00,0.0733,0.073299942,0.07427097099999987,False
3775326_2026-08-23T06:40:43.222259+00:00,0.248,0.248,0.249,False
3775498_2026-08-23T06:55:43.344768+00:00,-1.002,-1.002,-1.001,False
3775728_2026-08-23T07:10:43.318256+00:00,0.0289,0.028900054,0.029927027000000037,False
3775761_2026-08-23T07:25:43.309570+00:00,-1.002,-1.002,-1.001,False
3775828_2026-08-23T07:40:43.431293+00:00,-1.002,-1.002,-1.001,False
3776020_2026-08-23T07:55:43.453523+00:00,-1.002,-1.001999998,-1.000998999,False
3776074_2026-08-23T08:10:43.423731+00:00,0.001,0.0010000180000000005,0.00200900900000004,False
3776117_2026-08-23T08:25:43.369573+00:00,0.4905,0.49050004999999997,0.4915250249999999,False
3776209_2026-08-23T08:40:43.219730+00:00,0.0091,0.0091000442,0.010122122100000023,False
3776283_2026-08-23T08:55:43.334600+00:00,-1.002,-1.002000016,-1.0010080080000001,False
3776404_2026-08-23T09:10:43.363367+00:00,0.0289,0.028900054,0.029927027000000037,False
3776434_2026-08-23T09:25:43.347160+00:00,-1.002,-1.002000012,-1.0010060060000001,False
3776494_2026-08-23T09:40:43.233666+00:00,-1.002,-1.00199998,-1.0009899899999999,False
3776618_2026-08-23T09:55:43.488927+00:00,0.2967,0.296700002,0.297701001,False
3776669_2026-08-23T10:10:43.234952+00:00,0.0184,0.018400016,0.01940800799999998,False
3776716_2026-08-23T10:25:43.496521+00:00,0.0081,0.008100002,0.009101001000000027,False
3776844_2026-08-23T10:40:43.241413+00:00,0.0733,0.073299942,0.07427097099999987,False
3776925_2026-08-23T10:55:43.591691+00:00,-1.002,-1.001999998,-1.000998999,False
3777036_2026-08-23T11:10:43.422738+00:00,0.5365,0.53649995,0.5374749750000001,False
3777117_2026-08-23T11:25:43.435925+00:00,-0.001,-0.0009999979999999998,1.0010000000297472e-06,False
3777180_2026-08-23T11:40:43.462428+00:00,0.0081,0.008100002,0.009101001000000027,False
3777337_2026-08-23T11:55:43.423099+00:00,0.3138,0.31379998400000003,0.3147919920000001,False
3777400_2026-08-23T12:10:01.692868+00:00,-1.002,-1.002,-1.001,False
3777663_2026-08-23T12:25:43.267047+00:00,-1.002,-1.002,-1.001,False
3777775_2026-08-23T12:40:43.501083+00:00,0.0184,0.018400016,0.01940800799999998,False
3778041_2026-08-23T12:55:43.634992+00:00,-1.002,-1.002000012,-1.0010060060000001,False
3778153_2026-08-23T13:10:43.481900+00:00,0.0397,0.039699936,0.04066796800000004,False
3778212_2026-08-23T13:25:43.352524+00:00,0.0184,0.018400016,0.01940800799999998,False
3778479_2026-08-23T13:40:43.481324+00:00,0.1474,0.147400044,0.14842202200000004,False
3778755_2026-08-23T13:55:43.599051+00:00,-1.002,-1.002,-1.001,False
3778862_2026-08-23T14:10:43.549052+00:00,1.1257,1.1256999619999999,1.126680981,False
3779082_2026-08-23T14:25:43.479105+00:00,-1.002,-1.001999998,-1.000998999,False
3779265_2026-08-23T14:40:43.417518+00:00,-1.002,-1.002000008,-1.0010040040000001,False
3779432_2026-08-23T14:55:43.347499+00:00,0.1608,0.160799984,0.16179199200000005,False
3779502_2026-08-23T15:10:43.381612+00:00,0.0618,0.06180005599999999,0.0628280280000001,False
3779574_2026-08-23T15:25:43.445966+00:00,0.3494,0.34939992799999997,0.350363964,False
3779694_2026-08-23T15:40:43.678641+00:00,0.1216,0.121599992,0.12259599600000004,False
3780264_2026-08-23T16:10:43.399355+00:00,0.0397,0.039699936,0.04066796800000004,False
3780347_2026-08-23T16:25:43.425021+00:00,0.2028,0.20280003200000002,0.2038160160000001,False
3780478_2026-08-23T16:40:43.242338+00:00,0.1091,0.10910002,0.11011000999999992,False
3780689_2026-08-23T16:55:43.308560+00:00,0.4473,0.447299966,0.4482829830000001,False
3780858_2026-08-23T17:10:43.500635+00:00,-1.002,-1.002,-1.001,False
3781046_2026-08-23T17:25:43.251418+00:00,-1.002,-1.00199998,-1.00098999,False
3781117_2026-08-23T17:40:43.567929+00:00,0.7524,0.752399984,0.7533919920000002,False
3781606_2026-08-23T17:55:01.826735+00:00,-1.002,-1.002000016,-1.0010080080000001,False
3781727_2026-08-23T18:10:01.826432+00:00,0.4905,0.49050004999999997,0.4915250249999999,False
3781839_2026-08-23T18:25:43.449604+00:00,1.2202,1.22020002,1.22121001,False
3782196_2026-08-23T18:40:43.643259+00:00,-1.002,-1.00199998,-1.0009899899999999,False
3782761_2026-08-23T18:55:43.346478+00:00,-1.002,-1.002000016,-1.0010080080000001,False
3783754_2026-08-23T19:10:43.437915+00:00,-1.002,-1.002000014,-1.001007007,False
3784755_2026-08-23T19:25:43.253985+00:00,0.1091,0.10910002,0.11011000999999992,False
3785175_2026-08-23T19:40:43.413915+00:00,0.1608,0.160799984,0.16179199200000005,False
3785776_2026-08-23T19:55:43.240988+00:00,-1.002,-1.002,-1.001,False
3786212_2026-08-23T20:10:43.300363+00:00,-1.002,-1.001999998,-1.0009989990000001,False
3786325_2026-08-23T20:25:43.443267+00:00,0.0081,0.008100002,0.009101001000000027,False
3786517_2026-08-23T20:40:43.559964+00:00,0.2326,0.232599948,0.23357397399999985,False
3787256_2026-08-23T20:55:43.362148+00:00,-1.002,-1.002000016,-1.0010080080000001,False
3787652_2026-08-23T21:10:43.432439+00:00,0.004,0.004000072,0.0050360360000000414,False
3788160_2026-08-23T21:25:43.293171+00:00,0.0184,0.018400016,0.01940800799999998,False
3788490_2026-08-23T21:40:43.513128+00:00,-1.002,-1.0019999998,-1.0009998998999998,False
3788885_2026-08-23T21:55:43.266623+00:00,0.0289,0.028900054,0.029927027000000037,False
3789257_2026-08-23T22:10:43.462890+00:00,-1.002,-1.001999984,-1.000991992,False
3789287_2026-08-23T22:25:43.287705+00:00,0.1885,0.18849996,0.18947998,False
3789447_2026-08-23T22:40:43.278548+00:00,-1.002,-1.002000016,-1.0010080080000001,False
3789591_2026-08-23T22:55:43.290139+00:00,-1.002,-1.00199998,-1.0009899899999999,False
3790043_2026-08-23T23:10:43.285755+00:00,-1.002,-1.002000004,-1.001002002,False
3790098_2026-08-23T23:25:43.424767+00:00,0.998,0.998,0.999,False
3790142_2026-08-23T23:40:43.433286+00:00,-1.002,-1.001999988,-1.000993994,False
3790589_2026-08-24T00:10:00.620598+00:00,-1.002,-1.00199997,-1.0009849849999999,False
3790635_2026-08-24T00:25:43.530609+00:00,-1.002,-1.001999998,-1.000998999,False
3790670_2026-08-24T00:40:43.459159+00:00,-1.002,-1.002000024,-1.0010120120000001,False
3790802_2026-08-24T00:55:43.364678+00:00,0.001,0.0010000180000000005,0.00200900900000004,False
3791083_2026-08-24T01:10:43.383651+00:00,-1.002,-1.002,-1.001,False
3791121_2026-08-24T01:25:43.461542+00:00,-1.002,-1.001999998,-1.000998999,False
3791329_2026-08-24T01:40:43.287103+00:00,-1.002,-1.00199995,-1.000974975,False
3791414_2026-08-24T01:55:43.408042+00:00,-1.002,-1.001999998,-1.000998999,False
3791497_2026-08-24T02:10:01.876377+00:00,0.0397,0.039699936,0.04066796800000004,False
3791526_2026-08-24T02:25:43.293551+00:00,0.0397,0.039699936,0.04066796800000004,False
3791576_2026-08-24T02:40:43.350615+00:00,0.2967,0.296700002,0.297701001,False
3791660_2026-08-24T02:55:43.469905+00:00,0.3679,0.36789994600000003,0.3688729729999999,False
3791746_2026-08-24T03:10:43.414675+00:00,-1.002,-1.001999998,-1.0009989990000001,False
3791768_2026-08-24T03:25:43.218289+00:00,-1.002,-1.00200002,-1.0010100100000001,False
3791799_2026-08-24T03:40:43.311401+00:00,-1.002,-1.001999998,-1.000998999,False
3791878_2026-08-24T03:55:43.404575+00:00,-1.002,-1.002000038,-1.001019019,False
3792905_2026-08-24T04:10:43.415371+00:00,0.1091,0.10910002,0.11011000999999992,False
3793064_2026-08-24T04:25:43.553722+00:00,0.0289,0.028900054,0.029927027000000037,False
3793572_2026-08-24T04:40:43.535551+00:00,-1.002,-1.001999984,-1.000991992,False
3794887_2026-08-24T04:55:43.475079+00:00,-1.002,-1.002,-1.001,False
3795997_2026-08-24T05:10:43.455058+00:00,0.0289,0.028900054,0.029927027000000037,False
3796043_2026-08-24T05:25:43.318642+00:00,-1.002,-1.002,-1.001,False
3796187_2026-08-24T05:40:43.559410+00:00,0.6929,0.692900018,0.6939090090000001,False
3796585_2026-08-24T05:55:43.553457+00:00,1.2707,1.270700024,1.2717120119999998,False
3796987_2026-08-24T06:10:00.248055+00:00,0.5605,0.5605,0.5615,False
3797026_2026-08-24T06:25:43.420532+00:00,-1.002,-1.002000016,-1.0010080080000001,False
3797061_2026-08-24T06:40:43.432050+00:00,-1.002,-1.002,-1.001,False
3797350_2026-08-24T06:55:43.560650+00:00,0.0397,0.039699936,0.04066796800000004,False
3797582_2026-08-24T07:10:43.462519+00:00,0.0184,0.018400016,0.01940800799999998,False
3797611_2026-08-24T07:25:09.543295+00:00,-1.002,-1.002,-1.001,False
3797761_2026-08-24T07:40:10.131914+00:00,-1.002,-1.002,-1.001,False
3797932_2026-08-24T07:55:09.619690+00:00,-1.002,-1.00199998,-1.00098999,False
3798135_2026-08-24T08:10:09.790995+00:00,-1.002,-1.002000016,-1.0010080080000001,False
3798501_2026-08-24T08:25:09.646338+00:00,-1.002,-1.002,-1.001,False
3798617_2026-08-24T08:40:09.605430+00:00,0.0184,0.018400016,0.01940800799999998,False
3799391_2026-08-24T08:55:09.869363+00:00,-1.002,-1.001999998,-1.0009989990000001,False
3799635_2026-08-24T09:10:54.603189+00:00,0.004,0.004000072,0.0050360360000000414,False
3800019_2026-08-24T09:25:09.553935+00:00,1.5621,1.562100002,1.563101001,False
3800114_2026-08-24T09:40:09.625192+00:00,0.0506,0.05060006,0.05163003000000006,False
3801022_2026-08-24T09:55:09.599005+00:00,0.0506,0.05060006,0.05163003000000006,False
3801067_2026-08-24T10:10:09.550427+00:00,0.0184,0.018400016,0.01940800799999998,False
3801109_2026-08-24T10:25:09.884639+00:00,0.4065,0.40649992999999995,0.40746496500000007,False
3801329_2026-08-24T10:40:09.810615+00:00,-1.002,-1.002000016,-1.0010080080000001,False
3801534_2026-08-24T10:55:09.849184+00:00,-1.002,-1.001999998,-1.0009989990000001,False
3802030_2026-08-24T11:10:09.847946+00:00,0.0969,0.096900002,0.09790100100000002,False
3802552_2026-08-24T11:25:09.763930+00:00,0.5132,0.513199936,0.5141679680000001,False
3802768_2026-08-24T11:40:09.922586+00:00,0.0,8.000000000125962e-09,0.0010040040000000058,False
3803788_2026-08-24T11:55:09.941707+00:00,-1.002,-1.0019999994,-1.0009996997000001,False
3804942_2026-08-24T12:25:00.853316+00:00,0.0081,0.008100002,0.009101001000000027,False
3805267_2026-08-24T12:40:00.933424+00:00,0.0397,0.039699936,0.04066796800000004,False
3806764_2026-08-24T12:55:00.745611+00:00,0.0081,0.008100002,0.009101001000000027,False
3806858_2026-08-24T13:10:01.034783+00:00,0.3679,0.36789994600000003,0.3688729729999999,False
3806905_2026-08-24T13:25:01.006638+00:00,-1.002,-1.002,-1.001,False
3807118_2026-08-24T13:40:01.149703+00:00,-1.002,-1.002,-1.001,False
3807475_2026-08-24T13:55:00.826784+00:00,0.3494,0.34939992799999997,0.350363964,False
3807536_2026-08-24T14:10:00.983688+00:00,0.0289,0.028900054,0.029927027000000037,False
3807866_2026-08-24T14:25:00.833797+00:00,4.2612,4.261199984,4.262191992,False
3808106_2026-08-24T14:40:01.104226+00:00,0.0618,0.06180005599999999,0.0628280280000001,False
3808346_2026-08-24T14:55:01.056901+00:00,-1.002,-1.002,-1.001,False
3808458_2026-08-24T15:10:01.009544+00:00,0.3494,0.34939992799999997,0.350363964,False
3808509_2026-08-24T15:25:01.007962+00:00,0.0289,0.028900054,0.029927027000000037,False
3808910_2026-08-24T15:55:16.491889+00:00,-1.002,-1.002000016,-1.001008008,False
3809040_2026-08-24T15:40:05.342765+00:00,-1.002,-1.001999998,-1.000998999,False
3809916_2026-08-24T16:10:16.992011+00:00,0.0091,0.0091000442,0.010122122100000023,False
3810173_2026-08-24T16:25:16.525306+00:00,0.0091,0.0091000442,0.010122122100000023,False
3810538_2026-08-24T16:40:16.676369+00:00,-1.002,-1.002,-1.001,False
3811712_2026-08-24T17:10:16.539652+00:00,0.6929,0.692900018,0.6939090090000001,False
3811902_2026-08-24T17:25:16.685695+00:00,-1.002,-1.002,-1.001,False
3812127_2026-08-24T17:40:16.579873+00:00,0.0289,0.028900054,0.029927027000000037,False
3812820_2026-08-24T17:55:16.805508+00:00,0.8499,0.849899948,0.850873974,False
3813291_2026-08-24T18:10:18.281326+00:00,0.1344,0.134399936,0.13536796800000003,False
3813716_2026-08-24T18:25:16.707340+00:00,1.3236,1.323599984,1.324591992,False
3813867_2026-08-24T18:40:16.887267+00:00,-1.002,-1.00200001,-1.001005005,False
3816552_2026-08-24T18:55:16.657573+00:00,-1.002,-1.002000016,-1.0010080080000001,False
3818693_2026-08-24T19:10:16.821203+00:00,1.2202,1.22020002,1.22121001,False
3819550_2026-08-24T19:25:16.604472+00:00,-1.002,-1.002,-1.001,False
3819811_2026-08-24T19:40:16.785331+00:00,-1.002,-1.001999984,-1.000991992,False
3820440_2026-08-24T19:55:16.509307+00:00,-1.002,-1.002,-1.001,False
3820764_2026-08-24T20:10:16.585200+00:00,-1.002,-1.001999996,-1.0009979979999999,False
3821398_2026-08-24T20:25:16.783642+00:00,0.2028,0.20280003200000002,0.2038160160000001,False
3821487_2026-08-24T20:40:16.644317+00:00,0.0091,0.0091000442,0.010122122100000023,False
3822032_2026-08-24T20:55:16.776683+00:00,2.8442,2.844199976,2.8451879879999997,False
3822391_2026-08-24T21:10:16.667470+00:00,0.1608,0.160799984,0.16179199200000005,False
3822639_2026-08-24T21:25:16.576081+00:00,-1.002,-1.002,-1.001,False
3823001_2026-08-24T21:40:16.561195+00:00,0.2638,0.26380003599999996,0.264818018,False
3823405_2026-08-24T21:55:16.617581+00:00,2.3313,2.33130002,2.33231001,False
3823565_2026-08-24T22:10:16.638337+00:00,-1.002,-1.002,-1.001,False
3823806_2026-08-24T22:25:16.853868+00:00,-1.002,-1.002000016,-1.0010080080000001,False
3824093_2026-08-24T22:40:16.766591+00:00,0.2028,0.20280003200000002,0.2038160160000001,False
3825405_2026-08-24T22:55:16.557352+00:00,-1.002,-1.002000016,-1.0010080080000001,False
3825787_2026-08-24T23:10:16.525980+00:00,-1.002,-1.00199998,-1.00098999,False
3826007_2026-08-24T23:40:16.571660+00:00,0.4065,0.40649992999999995,0.40746496500000007,False
3827361_2026-08-24T23:55:16.558996+00:00,4.2612,4.261199984,4.262191992,False
3827442_2026-08-25T00:10:17.552011+00:00,-1.002,-1.002000016,-1.0010080080000001,False
3827619_2026-08-25T00:25:16.759189+00:00,-1.002,-1.001999992,-1.0009959959999999,False
3827654_2026-08-25T00:40:17.029444+00:00,0.0397,0.039699936,0.04066796800000004,False
3828605_2026-08-25T01:10:16.593468+00:00,-1.002,-1.001999998,-1.0009989990000001,False
3828646_2026-08-25T01:25:16.780617+00:00,0.248,0.248,0.249,False
3828899_2026-08-25T01:40:16.606795+00:00,-1.002,-1.002000024,-1.0010120120000001,False
3829039_2026-08-25T01:55:16.638233+00:00,3.5435,3.54349998,3.54448999,False
3829126_2026-08-25T02:10:16.798133+00:00,0.7221,0.7221000439999999,0.7231220220000001,False
3829197_2026-08-25T02:25:16.743720+00:00,0.002,0.002000032,0.00301601600000002,False
3829296_2026-08-25T02:40:16.544562+00:00,-1.002,-1.001999988,-1.000993994,False
3829419_2026-08-25T02:55:16.563205+00:00,-1.002,-1.001999998,-1.000998999,False
3829592_2026-08-25T03:10:16.702572+00:00,0.0397,0.039699936,0.04066796800000004,False
3829641_2026-08-25T03:25:16.784279+00:00,-1.002,-1.002,-1.001,False
3829725_2026-08-25T03:40:16.738126+00:00,0.3138,0.31379998400000003,0.3147919920000001,False
3829819_2026-08-25T03:55:16.666911+00:00,-1.002,-1.002000016,-1.0010080080000001,False
3830396_2026-08-25T04:10:16.731166+00:00,1.3236,1.323599984,1.324591992,False
3830426_2026-08-25T04:25:16.526403+00:00,-1.002,-1.002000016,-1.0010080080000001,False
3830945_2026-08-25T04:40:16.766392+00:00,-1.002,-1.002000034,-1.001017017,False
3831469_2026-08-25T04:55:16.765791+00:00,0.9211,0.921099976,0.9220879879999999,False
3832281_2026-08-25T05:10:16.599469+00:00,0.0,8.000000000125962e-09,0.0010040040000000058,False
3832317_2026-08-25T05:25:16.500804+00:00,0.5132,0.513199936,0.5141679680000001,False
3832416_2026-08-25T05:40:16.532712+00:00,0.0969,0.096900002,0.09790100100000002,False
3832884_2026-08-25T05:55:16.666707+00:00,0.6109,0.610900004,0.6119020020000001,False
3833456_2026-08-25T06:10:16.608653+00:00,1.3236,1.323599984,1.324591992,False
3833594_2026-08-25T06:25:16.581879+00:00,-1.002,-1.002,-1.001,False
3833636_2026-08-25T06:40:16.691370+00:00,-1.002,-1.002,-1.001,False
3834642_2026-08-25T06:55:16.552580+00:00,4.8804,4.880399983999999,4.881391991999999,False
3834824_2026-08-25T07:10:16.684825+00:00,0.0289,0.028900054,0.029927027000000037,False
3834996_2026-08-25T07:25:16.702985+00:00,-1.002,-1.002000004,-1.001002002,False
3835030_2026-08-25T07:40:16.830361+00:00,-1.002,-1.001999998,-1.000998999,False
3835406_2026-08-25T07:55:16.658054+00:00,-1.002,-1.0019999998,-1.0009998999,False
3835799_2026-08-25T08:10:16.811340+00:00,0.1091,0.10910002,0.11011000999999992,False
3835864_2026-08-25T08:25:16.518164+00:00,0.0184,0.018400016,0.01940800799999998,False
3836019_2026-08-25T08:40:16.757002+00:00,-1.002,-1.002,-1.001,False
3836372_2026-08-25T08:55:16.725720+00:00,-1.002,-1.001999998,-1.000998999,False
3837011_2026-08-25T09:10:17.010630+00:00,-1.002,-1.002,-1.001,False
3837432_2026-08-25T09:25:16.865440+00:00,-1.002,-1.001999998,-1.000998999,False
3837888_2026-08-25T09:40:16.723129+00:00,-1.002,-1.002000016,-1.0010080080000001,False
3838768_2026-08-25T09:55:16.719701+00:00,-1.002,-1.002,-1.001,False
3839003_2026-08-25T10:10:16.865329+00:00,0.2638,0.26380003599999996,0.264818018,False
3839162_2026-08-25T10:25:16.750489+00:00,-1.002,-1.001999984,-1.000991992,False
3839335_2026-08-25T10:40:16.793101+00:00,0.9211,0.921099976,0.9220879879999999,False
3839609_2026-08-25T10:55:16.849566+00:00,0.085,0.08499991999999999,0.08595995999999993,False
3839675_2026-08-25T11:10:16.548913+00:00,-1.002,-1.002,-1.001,False
3839829_2026-08-25T11:25:16.653610+00:00,0.0397,0.039699936,0.04066796800000004,False
3839923_2026-08-25T11:40:16.538622+00:00,-1.002,-1.002000016,-1.0010080080000001,False
3840167_2026-08-25T11:55:16.789883+00:00,-1.002,-1.002000004,-1.001002002,False
3840215_2026-08-25T12:10:19.844420+00:00,-1.002,-1.002,-1.001,False
3840848_2026-08-25T12:25:16.645081+00:00,-1.002,-1.002,-1.001,False
3841104_2026-08-25T12:40:16.916987+00:00,1.1257,1.1256999619999999,1.126680981,False
3842255_2026-08-25T12:55:16.865098+00:00,0.0618,0.06180005599999999,0.0628280280000001,False
3842409_2026-08-25T13:10:16.874738+00:00,-1.002,-1.002000012,-1.0010060060000001,False
3842518_2026-08-25T13:25:16.665592+00:00,-1.002,-1.001999998,-1.0009989990000001,False
3842886_2026-08-25T13:40:16.736824+00:00,0.003,0.00300005,0.004025025000000057,False
3843125_2026-08-25T13:55:16.710467+00:00,-1.002,-1.002000012,-1.0010060060000001,False
3843165_2026-08-25T14:10:16.601965+00:00,0.0184,0.018400016,0.01940800799999998,False
3843386_2026-08-25T14:25:16.663800+00:00,0.1091,0.10910002,0.11011000999999992,False
3843460_2026-08-25T14:40:16.583173+00:00,-1.002,-1.002000012,-1.0010060060000001,False
3843669_2026-08-25T14:55:16.599219+00:00,0.1745,0.17449995,0.17547497499999995,False
3844952_2026-08-25T15:10:16.718024+00:00,-1.002,-1.002000034,-1.001017017,False
3845936_2026-08-25T15:25:16.616340+00:00,0.8162,0.81619998,0.8171899899999999,False
3846456_2026-08-25T15:40:16.785937+00:00,0.1474,0.147400044,0.14842202200000004,False
3846577_2026-08-25T15:55:16.554506+00:00,1.9392,1.939199984,1.9401919919999997,False
3847143_2026-08-25T16:10:16.647672+00:00,-1.002,-1.002,-1.001,False
3847213_2026-08-25T16:25:16.870459+00:00,-1.002,-1.002,-1.001,False
3848923_2026-08-25T16:40:16.855566+00:00,0.248,0.248,0.249,False
3850064_2026-08-25T16:55:16.876391+00:00,-1.002,-1.002000004,-1.001002002,False
3850143_2026-08-25T17:10:16.842954+00:00,-1.002,-1.001999998,-1.0009989990000001,False
3850265_2026-08-25T17:25:16.839944+00:00,-1.002,-1.001999998,-1.0009989990000001,False
3850356_2026-08-25T17:40:16.901106+00:00,-0.001,-0.0009999979999999998,1.0010000000297472e-06,False
3850821_2026-08-25T17:55:16.630221+00:00,0.1474,0.147400044,0.14842202200000004,False
3851307_2026-08-25T18:10:19.527789+00:00,1.2202,1.22020002,1.22121001,False
3852164_2026-08-25T18:25:16.690469+00:00,-1.002,-1.002,-1.001,False
3852618_2026-08-25T18:40:16.806059+00:00,-1.002,-1.002,-1.001,False
3856048_2026-08-25T18:55:16.625409+00:00,-1.002,-1.002,-1.001,False
3857136_2026-08-25T19:10:17.308487+00:00,4.8804,4.880399983999999,4.881391991999999,False
3857226_2026-08-25T19:25:16.955674+00:00,-1.002,-1.001999984,-1.000991992,False
3857654_2026-08-25T19:40:16.670000+00:00,-1.002,-1.002,-1.001,False
3857914_2026-08-25T19:55:16.725014+00:00,0.0289,0.028900054,0.029927027000000037,False
3858418_2026-08-25T20:10:16.888873+00:00,-1.002,-1.002,-1.001,False
3859453_2026-08-25T20:25:17.059354+00:00,-1.002,-1.002000008,-1.0010040040000001,False
3859659_2026-08-25T20:40:16.517463+00:00,-1.002,-1.001999998,-1.000998999,False
3860070_2026-08-25T20:55:16.757374+00:00,-1.002,-1.002,-1.001,False
3860470_2026-08-25T21:10:16.601265+00:00,5.6647,5.66469999,5.665694995,False
3860505_2026-08-25T21:25:16.754663+00:00,0.2801,0.280099924,0.28106196200000005,False
3860589_2026-08-25T21:40:16.789668+00:00,0.0397,0.039699936,0.04066796800000004,False
3860695_2026-08-25T21:55:16.531405+00:00,2.4463,2.446299986,2.4472929930000005,False
3861203_2026-08-25T22:25:16.810049+00:00,-1.002,-1.002000016,-1.0010080080000001,False
3861338_2026-08-25T22:40:16.526519+00:00,0.0184,0.018400016,0.01940800799999998,False
3861657_2026-08-25T22:55:16.675987+00:00,0.0289,0.028900054,0.029927027000000037,False
3861926_2026-08-25T23:10:16.688287+00:00,5.248,5.248,5.249,False
3862324_2026-08-25T23:40:16.764572+00:00,-1.002,-1.001999998,-1.0009989990000001,False
3862692_2026-08-25T23:55:16.850712+00:00,-1.002,-1.002000012,-1.0010060060000001,False
3862798_2026-08-26T00:10:18.748982+00:00,-1.002,-1.002,-1.001,False
3863042_2026-08-26T00:25:17.052062+00:00,0.0618,0.06180005599999999,0.0628280280000001,False
3863094_2026-08-26T00:40:16.765535+00:00,-1.002,-1.002000004,-1.001002002,False
3864274_2026-08-26T00:55:16.732392+00:00,0.0081,0.008100002,0.009101001000000027,False
3864593_2026-08-26T01:10:16.677556+00:00,0.1091,0.10910002,0.11011000999999992,False
3864665_2026-08-26T01:25:16.792041+00:00,-1.002,-1.002000016,-1.0010080080000001,False
3864978_2026-08-26T01:40:16.823985+00:00,0.0184,0.018400016,0.01940800799999998,False
3865061_2026-08-26T01:55:16.498384+00:00,-1.002,-1.001999998,-1.0009989990000001,False
3865263_2026-08-26T02:10:16.508541+00:00,-1.002,-1.002000016,-1.0010080080000001,False
3865316_2026-08-26T02:25:16.819582+00:00,0.0081,0.008100002,0.009101001000000027,False
3865560_2026-08-26T02:40:16.620841+00:00,-1.002,-1.002000024,-1.0010120120000001,False
3865638_2026-08-26T02:55:16.534885+00:00,-1.002,-1.001999998,-1.000998999,False
3865789_2026-08-26T03:10:16.745902+00:00,-1.002,-1.002000016,-1.0010080080000001,False
3865843_2026-08-26T03:25:16.928055+00:00,-1.002,-1.001999946,-1.000972973,False
3865908_2026-08-26T03:40:16.711123+00:00,1.498,1.498,1.499,False
3865987_2026-08-26T03:55:16.802582+00:00,1.5621,1.562100002,1.563101001,False
3866577_2026-08-26T04:10:16.904879+00:00,-1.002,-1.002000016,-1.0010080080000001,False
3866627_2026-08-26T04:25:16.529954+00:00,-1.002,-1.002000016,-1.0010080080000001,False
3867171_2026-08-26T04:40:16.603016+00:00,-1.002,-1.002,-1.001,False
3867475_2026-08-26T04:55:16.809537+00:00,-1.002,-1.002000016,-1.0010080080000001,False
3868037_2026-08-26T05:10:16.941412+00:00,0.9588,0.958799984,0.9597919920000001,False
3868093_2026-08-26T05:25:16.795343+00:00,0.9588,0.958799984,0.9597919920000001,False
3868252_2026-08-26T05:40:16.721826+00:00,0.9588,0.958799984,0.9597919920000001,False
3868683_2026-08-26T05:55:16.802337+00:00,-1.002,-1.002,-1.001,False
3868946_2026-08-26T06:10:18.659745+00:00,-1.002,-1.002000016,-1.0010080080000001,False
3868978_2026-08-26T06:25:16.857935+00:00,-1.002,-1.002000016,-1.0010080080000001,False
3869019_2026-08-26T06:40:16.740833+00:00,0.9588,0.958799984,0.9597919920000001,False
3869235_2026-08-26T06:55:16.616629+00:00,0.9588,0.958799984,0.9597919920000001,False
3869396_2026-08-26T07:10:16.544588+00:00,0.9588,0.958799984,0.9597919920000001,False
3869431_2026-08-26T07:25:16.544697+00:00,-1.002,-1.002000016,-1.0010080080000001,False
3869489_2026-08-26T07:40:16.696578+00:00,0.9588,0.958799984,0.9597919920000001,False
3869592_2026-08-26T07:55:16.808260+00:00,-1.002,-1.00199994,-1.0009699699999999,False
3869729_2026-08-26T08:10:16.544952+00:00,0.0397,0.039699936,0.04066796800000004,False
3869931_2026-08-26T08:25:16.811727+00:00,-1.002,-1.002000012,-1.0010060060000001,False
3870000_2026-08-26T08:40:16.557494+00:00,-1.002,-1.001999998,-1.0009989990000001,False
3870257_2026-08-26T09:10:16.623149+00:00,0.0184,0.018400016,0.01940800799999998,False
3870295_2026-08-26T09:25:16.633091+00:00,-1.002,-1.002,-1.001,False
3870333_2026-08-26T09:40:16.637340+00:00,-1.002,-1.001999998,-1.000998999,False
3870415_2026-08-26T09:55:16.922045+00:00,0.7837,0.7837000159999999,0.784708008,False
3870446_2026-08-26T10:10:16.568558+00:00,8.998,8.998,8.999,False
3870481_2026-08-26T10:25:16.522487+00:00,0.0184,0.018400016,0.01940800799999998,False
3870573_2026-08-26T10:40:16.561929+00:00,0.0969,0.096900002,0.09790100100000002,False
3870690_2026-08-26T10:55:16.792285+00:00,-1.002,-1.001999998,-1.000998999,False
3870851_2026-08-26T11:10:16.576459+00:00,-1.002,-1.001999998,-1.0009989990000001,False
3870913_2026-08-26T11:25:16.639846+00:00,-1.002,-1.002000038,-1.001019019,False
3871168_2026-08-26T11:40:16.544903+00:00,-1.002,-1.002,-1.001,False
3871346_2026-08-26T11:55:16.671411+00:00,-1.002,-1.002000072,-1.001036036,False
3871593_2026-08-26T12:10:19.000486+00:00,-1.002,-1.001999998,-1.0009989990000001,False
3872080_2026-08-26T12:40:16.713099+00:00,-1.002,-1.002,-1.001,False
3872813_2026-08-26T12:55:16.628130+00:00,0.8162,0.81619998,0.8171899899999999,False
3872891_2026-08-26T13:10:17.110723+00:00,-1.002,-1.001999998,-1.000998999,False
3872928_2026-08-26T13:25:16.686951+00:00,-1.002,-1.002000012,-1.0010060060000001,False
3873206_2026-08-26T13:40:16.639811+00:00,0.0101,0.0101000904,0.011145245199999968,False
3873280_2026-08-26T13:55:16.933716+00:00,-1.002,-1.002,-1.001,False
3873453_2026-08-26T14:10:16.547033+00:00,0.4266,0.42659996,0.4275799800000002,False
3873638_2026-08-26T14:25:16.979403+00:00,-1.002,-1.002000016,-1.001008008,False
3873810_2026-08-26T14:40:16.589589+00:00,-1.002,-1.001999996,-1.0009979979999999,False
3874022_2026-08-26T14:55:16.814391+00:00,-1.002,-1.001999998,-1.000998999,False
3874184_2026-08-26T15:10:16.757373+00:00,0.1608,0.160799984,0.16179199200000005,False
3874410_2026-08-26T15:25:16.808398+00:00,0.1344,0.134399936,0.13536796800000003,False
3874741_2026-08-26T15:40:16.902434+00:00,-1.002,-1.002,-1.001,False
3875007_2026-08-26T15:55:16.929552+00:00,-1.002,-1.001999976,-1.0009879879999999,False
3875380_2026-08-26T16:10:16.861945+00:00,0.085,0.08499991999999999,0.08595995999999993,False
3875804_2026-08-26T16:40:21.395853+00:00,-1.002,-1.00200002,-1.00101001,False
3876025_2026-08-26T16:55:21.518929+00:00,0.0397,0.039699936,0.04066796800000004,False
3876165_2026-08-26T17:10:12.073592+00:00,0.0969,0.096900002,0.09790100100000002,False
3876304_2026-08-26T17:25:56.895198+00:00,0.0,8.000000000125962e-09,0.0010040040000000058,False
3876378_2026-08-26T17:40:12.037895+00:00,0.2967,0.296700002,0.297701001,False
3877292_2026-08-26T17:55:11.848486+00:00,-1.002,-1.00200001,-1.001005005,False
3879321_2026-08-26T18:10:13.341699+00:00,0.0506,0.05060006,0.05163003000000006,False
3880111_2026-08-26T18:25:11.880811+00:00,-1.002,-1.002,-1.001,False
3880268_2026-08-26T18:40:11.832168+00:00,-1.002,-1.001999998,-1.0009989990000001,False
3884410_2026-08-26T19:10:11.910203+00:00,-1.002,-1.001999998,-1.000998999,False
3884536_2026-08-26T19:25:11.749997+00:00,7.3313,7.331300008,7.332304004,False
3885026_2026-08-26T19:40:12.101655+00:00,-1.002,-1.001999998,-1.000998999,False
3885419_2026-08-26T19:55:12.046969+00:00,0.3313,0.33130005,0.332325025,False
3885856_2026-08-26T20:10:11.779868+00:00,-1.002,-1.00200005,-1.001025025,False
3886801_2026-08-26T20:25:11.901342+00:00,-1.002,-1.002000014,-1.001007007,False
3886991_2026-08-26T20:40:11.717520+00:00,1.5621,1.562100002,1.563101001,False
3887123_2026-08-26T20:55:11.937270+00:00,0.1745,0.17449995,0.17547497499999995,False
3887636_2026-08-26T21:25:11.868024+00:00,-1.002,-1.00199995,-1.0009749749999999,False
3887777_2026-08-26T21:40:11.818632+00:00,-1.002,-1.00200004,-1.00102002,False
3887959_2026-08-26T21:55:11.900007+00:00,0.3494,0.34939992799999997,0.350363964,False
3888145_2026-08-26T22:10:11.821109+00:00,0.3494,0.34939992799999997,0.350363964,False
3888357_2026-08-26T22:25:11.673215+00:00,0.1344,0.134399936,0.13536796800000003,False
3888527_2026-08-26T22:40:12.026790+00:00,-1.002,-1.002,-1.001,False
3888751_2026-08-26T22:55:11.766337+00:00,3.3458,3.3458000119999998,3.3468060060000004,False
3889047_2026-08-26T23:10:11.726288+00:00,-1.002,-1.002,-1.001,False
3889147_2026-08-26T23:25:11.797279+00:00,0.5605,0.5605,0.5615,False
3889577_2026-08-26T23:40:12.003344+00:00,0.4905,0.49050004999999997,0.4915250249999999,False
3890100_2026-08-26T23:55:11.846946+00:00,-1.002,-1.001999982,-1.0009909909999999,False
3890304_2026-08-27T00:10:13.445602+00:00,-1.002,-1.002000016,-1.0010080080000001,False
3890864_2026-08-27T00:25:12.077836+00:00,0.7837,0.7837000159999999,0.784708008,False
3890967_2026-08-27T00:40:11.712180+00:00,1.498,1.498,1.499,False
3894224_2026-08-27T00:55:11.649437+00:00,-1.002,-1.002,-1.001,False
3894510_2026-08-27T01:10:11.947469+00:00,-1.002,-1.002,-1.001,False
3894545_2026-08-27T01:25:11.687358+00:00,0.0506,0.05060006,0.05163003000000006,False
3894877_2026-08-27T01:40:11.756157+00:00,-1.002,-1.002000016,-1.001008008,False
3894968_2026-08-27T01:55:11.979455+00:00,0.0397,0.039699936,0.04066796800000004,False
3895061_2026-08-27T02:10:11.833433+00:00,-1.002,-1.002000016,-1.0010080080000001,False
3895115_2026-08-27T02:25:11.906598+00:00,-1.002,-1.001999998,-1.000998999,False
3895208_2026-08-27T02:40:11.656966+00:00,-1.002,-1.002000016,-1.0010080080000001,False
3895360_2026-08-27T02:55:11.971880+00:00,-1.002,-1.001999982,-1.0009909909999999,False
3895463_2026-08-27T03:10:11.717260+00:00,-1.002,-1.002,-1.001,False
3895572_2026-08-27T03:25:11.804462+00:00,0.0081,0.008100002,0.009101001000000027,False
3895818_2026-08-27T03:40:04.105988+00:00,-1.002,-1.002,-1.001,False
3895946_2026-08-27T03:55:04.088988+00:00,-1.002,-1.001999992,-1.0009959959999999,False
3896378_2026-08-27T04:10:03.966862+00:00,0.2326,0.232599948,0.23357397399999985,False
3896446_2026-08-27T04:25:03.925637+00:00,-1.002,-1.001999998,-1.000998999,False
3896982_2026-08-27T04:40:04.145452+00:00,5.248,5.248,5.249,False
3897388_2026-08-27T04:55:04.057143+00:00,-1.002,-1.001999992,-1.0009959959999999,False
3897907_2026-08-27T05:10:03.948620+00:00,-1.002,-1.00200001,-1.001005005,False
3897952_2026-08-27T05:25:04.093165+00:00,0.0397,0.039699936,0.04066796800000004,False
3898030_2026-08-27T05:40:03.801388+00:00,0.2967,0.296700002,0.297701001,False
3898355_2026-08-27T05:55:04.031007+00:00,0.0397,0.039699936,0.04066796800000004,False
3898387_2026-08-27T06:10:05.225855+00:00,-1.002,-1.001999998,-1.0009989990000001,False
3898479_2026-08-27T06:25:06.549804+00:00,-1.002,-1.002000038,-1.001019019,False
3898534_2026-08-27T06:40:04.124328+00:00,0.0397,0.039699936,0.04066796800000004,False
3898952_2026-08-27T06:55:03.765117+00:00,0.1091,0.10910002,0.11011000999999992,False
3899006_2026-08-27T07:10:04.017643+00:00,-1.002,-1.001999998,-1.000998999,False
3899091_2026-08-27T07:25:04.737281+00:00,-1.002,-1.002,-1.001,False
3899199_2026-08-27T07:40:04.196720+00:00,0.0618,0.06180005599999999,0.0628280280000001,False
3899377_2026-08-27T07:55:48.991484+00:00,0.001,0.0010000180000000005,0.00200900900000004,False
3899753_2026-08-27T08:25:04.002456+00:00,1.1719,1.171900012,1.172906006,False
3899838_2026-08-27T08:40:07.875992+00:00,0.2801,0.280099924,0.28106196200000005,False
3899968_2026-08-27T08:55:07.805924+00:00,-1.002,-1.002,-1.001,False
3900083_2026-08-27T09:10:07.717458+00:00,0.2638,0.26380003599999996,0.264818018,False
3900121_2026-08-27T09:25:07.711699+00:00,0.0081,0.008100002,0.009101001000000027,False
3900215_2026-08-27T09:40:07.796978+00:00,-1.002,-1.002,-1.001,False
3900319_2026-08-27T09:55:07.658968+00:00,-1.002,-1.001999998,-1.000998999,False
3900360_2026-08-27T10:10:07.549610+00:00,-1.002,-1.001999984,-1.0009919919999999,False
3900466_2026-08-27T10:25:07.566564+00:00,-1.002,-1.001999992,-1.0009959959999999,False
3900507_2026-08-27T10:40:07.555589+00:00,-1.002,-1.001999998,-1.0009989990000001,False
3900640_2026-08-27T10:55:07.719042+00:00,-1.002,-1.001999998,-1.0009989990000001,False
3900963_2026-08-27T11:10:07.551184+00:00,0.1474,0.147400044,0.14842202200000004,False
3901013_2026-08-27T11:25:07.557535+00:00,-1.002,-1.001999946,-1.000972973,False
3901064_2026-08-27T11:40:07.710821+00:00,-1.002,-1.002,-1.001,False
3901135_2026-08-27T11:55:07.825435+00:00,0.2801,0.280099924,0.28106196200000005,False
3901289_2026-08-27T12:10:09.450828+00:00,1.5621,1.562100002,1.563101001,False
3901449_2026-08-27T12:25:07.939560+00:00,0.4266,0.42659996,0.4275799800000002,False
3901484_2026-08-27T12:40:07.587589+00:00,-1.002,-1.0020000024,-1.0010012012,False
3901914_2026-08-27T12:55:07.872915+00:00,-1.002,-1.002000052,-1.0010260260000001,False
3902001_2026-08-27T13:10:07.835099+00:00,0.8499,0.849899948,0.850873974,False
3902071_2026-08-27T13:25:07.834510+00:00,0.5365,0.53649995,0.5374749750000001,False
3902108_2026-08-27T13:40:07.815386+00:00,-1.002,-1.001999988,-1.000993994,False
3902303_2026-08-27T13:55:07.774079+00:00,0.4266,0.42659996,0.4275799800000002,False
3902389_2026-08-27T14:10:07.511371+00:00,-1.002,-1.001999998,-1.0009989990000001,False
3902499_2026-08-27T14:25:07.489496+00:00,0.0132,0.013200056,0.01422802800000002,False
3902642_2026-08-27T14:40:07.786133+00:00,0.0081,0.008100002,0.009101001000000027,False
3903008_2026-08-27T14:55:08.155805+00:00,-1.002,-1.002,-1.001,False
3903121_2026-08-27T15:10:07.568441+00:00,0.2326,0.232599948,0.23357397399999985,False
3903362_2026-08-27T15:25:07.739996+00:00,-1.002,-1.002,-1.001,False
3903566_2026-08-27T15:40:07.480476+00:00,-1.002,-1.002,-1.001,False
3903648_2026-08-27T15:55:07.521781+00:00,-1.002,-1.002,-1.001,False
3903851_2026-08-27T16:10:07.897319+00:00,4.8804,4.880399983999999,4.881391991999999,False
3903892_2026-08-27T16:25:07.719079+00:00,0.4905,0.49050004999999997,0.4915250249999999,False
3903993_2026-08-27T16:40:07.542126+00:00,1.9392,1.939199984,1.9401919919999997,False
3904102_2026-08-27T16:55:07.500527+00:00,-1.002,-1.001999998,-1.000998999,False
3904176_2026-08-27T17:10:07.840925+00:00,0.085,0.08499991999999999,0.08595995999999993,False
3904244_2026-08-27T17:25:07.762203+00:00,0.0506,0.05060006,0.05163003000000006,False
3904380_2026-08-27T17:40:07.765573+00:00,-1.002,-1.001999998,-1.0009989990000001,False
3904608_2026-08-27T17:55:07.642371+00:00,-1.002,-1.00199998,-1.00098999,False
3905237_2026-08-27T18:10:10.085919+00:00,-1.002,-1.001999998,-1.000998999,False
3905472_2026-08-27T18:25:07.789403+00:00,-1.002,-1.001999998,-1.000998999,False
3905625_2026-08-27T18:40:07.474849+00:00,0.1885,0.18849996,0.18947998,False
3907383_2026-08-27T18:55:07.474908+00:00,0.1745,0.17449995,0.17547497499999995,False
3909517_2026-08-27T19:10:07.663149+00:00,0.1474,0.147400044,0.14842202200000004,False
3910453_2026-08-27T19:25:07.480941+00:00,-1.002,-1.002000016,-1.001008008,False
3910705_2026-08-27T19:40:07.558722+00:00,-1.002,-1.002,-1.001,False
3911030_2026-08-27T19:55:07.839724+00:00,-1.002,-1.002000016,-1.001008008,False
3911387_2026-08-27T20:10:07.816647+00:00,0.1474,0.147400044,0.14842202200000004,False
3912017_2026-08-27T20:25:07.918610+00:00,0.1745,0.17449995,0.17547497499999995,False
3912160_2026-08-27T20:40:07.828187+00:00,1.3236,1.323599984,1.324591992,False
3912437_2026-08-27T20:55:07.581666+00:00,2.998,2.998,2.999,False
3912674_2026-08-27T21:10:07.870600+00:00,1.498,1.498,1.499,False
3912747_2026-08-27T21:25:07.621335+00:00,-1.002,-1.002000016,-1.0010080080000001,False
3913127_2026-08-27T21:40:07.608321+00:00,-1.002,-1.00199995,-1.0009749749999999,False
3914566_2026-08-27T21:55:07.519337+00:00,0.0506,0.05060006,0.05163003000000006,False
3915161_2026-08-27T22:10:07.620097+00:00,0.8848,0.884799992,0.8857959959999999,False
3915336_2026-08-27T22:25:07.743948+00:00,-1.002,-1.00199995,-1.0009749749999999,False
3915486_2026-08-27T22:40:07.634696+00:00,0.8848,0.884799992,0.8857959959999999,False
3915904_2026-08-27T22:55:07.850301+00:00,1.1719,1.171900012,1.172906006,False
3916166_2026-08-27T23:10:07.828381+00:00,-1.002,-1.002000016,-1.0010080080000001,False
3916234_2026-08-27T23:25:07.462272+00:00,0.0397,0.039699936,0.04066796800000004,False
3916327_2026-08-27T23:40:07.842531+00:00,-1.002,-1.002,-1.001,False
3916828_2026-08-27T23:55:07.474111+00:00,-1.002,-1.002000016,-1.0010080080000001,False
3916999_2026-08-28T00:10:08.357043+00:00,-1.002,-1.002000016,-1.0010080080000001,False
3917747_2026-08-28T00:25:07.469462+00:00,0.0397,0.039699936,0.04066796800000004,False
3920594_2026-08-28T00:40:07.471311+00:00,-1.002,-1.002,-1.001,False
3922262_2026-08-28T00:55:07.573649+00:00,0.248,0.248,0.249,False
3922562_2026-08-28T01:10:07.776213+00:00,0.0184,0.018400016,0.01940800799999998,False
3922604_2026-08-28T01:25:07.736573+00:00,0.0081,0.008100002,0.009101001000000027,False
3923442_2026-08-28T01:40:07.592621+00:00,-1.002,-1.002,-1.001,False
3923528_2026-08-28T01:55:07.672181+00:00,-1.002,-1.002,-1.001,False
3923809_2026-08-28T02:10:07.481920+00:00,-1.002,-1.002000016,-1.001008008,False
3923879_2026-08-28T02:25:07.534207+00:00,-1.002,-1.001999998,-1.0009989990000001,False
3924299_2026-08-28T02:40:07.541629+00:00,0.0733,0.073299942,0.07427097099999987,False
3924384_2026-08-28T02:55:07.641394+00:00,-1.002,-1.002000016,-1.001008008,False
3924496_2026-08-28T03:10:07.659760+00:00,-1.002,-1.001999998,-1.0009989990000001,False
3924660_2026-08-28T03:25:07.554819+00:00,0.0184,0.018400016,0.01940800799999998,False
3924771_2026-08-28T03:40:07.462755+00:00,-1.002,-1.002,-1.001,False
3925033_2026-08-28T03:55:07.713804+00:00,0.4266,0.42659996,0.4275799800000002,False
3925291_2026-08-28T04:10:07.859774+00:00,23.998,23.998,23.999,False
3925343_2026-08-28T04:25:07.655562+00:00,-1.002,-1.00200004,-1.00102002,False
3925856_2026-08-28T04:40:07.464823+00:00,-1.002,-1.002,-1.001,False
3926245_2026-08-28T04:55:07.752310+00:00,-1.002,-1.002000016,-1.0010080080000001,False
3926727_2026-08-28T05:10:07.680749+00:00,-1.002,-1.002,-1.001,False
3926778_2026-08-28T05:25:07.626239+00:00,0.4686,0.468599984,0.4695919919999999,False
3926847_2026-08-28T05:40:07.596162+00:00,0.0733,0.073299942,0.07427097099999987,False
3927300_2026-08-28T05:55:07.772269+00:00,-1.002,-1.001999984,-1.0009919919999999,False
3927332_2026-08-28T06:10:54.626044+00:00,0.0101,0.0101000904,0.011145245199999968,False
3927427_2026-08-28T06:25:07.476723+00:00,-1.002,-1.002000016,-1.0010080080000001,False
3927518_2026-08-28T06:40:07.633697+00:00,0.7837,0.7837000159999999,0.784708008,False
3927886_2026-08-28T06:55:07.483595+00:00,0.0733,0.073299942,0.07427097099999987,False
3927946_2026-08-28T07:10:07.767832+00:00,-1.002,-1.002,-1.001,False
3928114_2026-08-28T07:25:07.649967+00:00,0.7837,0.7837000159999999,0.784708008,False
3928155_2026-08-28T07:40:07.823497+00:00,-1.002,-1.001999998,-1.000998999,False
3928481_2026-08-28T07:55:07.578439+00:00,0.4473,0.447299966,0.4482829830000001,False
3928543_2026-08-28T08:10:08.965473+00:00,0.0184,0.018400016,0.01940800799999998,False
3928729_2026-08-28T08:25:07.531891+00:00,0.2028,0.20280003200000002,0.2038160160000001,False
3928776_2026-08-28T08:40:13.472588+00:00,-1.002,-1.002,-1.001,False
3928845_2026-08-28T08:55:07.606084+00:00,-1.002,-1.001999998,-1.000998999,False
3929008_2026-08-28T09:10:07.825077+00:00,-1.002,-1.001999998,-1.000998999,False
3929064_2026-08-28T09:25:07.732841+00:00,-1.002,-1.001999944,-1.0009719719999999,False
3929088_2026-08-28T09:40:07.493750+00:00,-1.002,-1.002000016,-1.0010080080000001,False
3929170_2026-08-28T09:55:07.492614+00:00,-1.002,-1.002000064,-1.0010320320000001,False
3929329_2026-08-28T10:10:08.098936+00:00,-1.002,-1.002,-1.001,False
3929370_2026-08-28T10:25:07.806668+00:00,3.3458,3.3458000119999998,3.3468060060000004,False
3929409_2026-08-28T10:40:07.553137+00:00,0.0506,0.05060006,0.05163003000000006,False
3929615_2026-08-28T10:55:07.654550+00:00,0.0184,0.018400016,0.01940800799999998,False
3929806_2026-08-28T11:10:07.709753+00:00,0.0618,0.06180005599999999,0.0628280280000001,False
3929971_2026-08-28T11:25:07.488352+00:00,-1.002,-1.001999968,-1.0009839839999999,False
3930036_2026-08-28T11:40:07.505442+00:00,-1.002,-1.001999998,-1.000998999,False
3930180_2026-08-28T11:55:07.796961+00:00,-1.002,-1.002000024,-1.0010120120000001,False
3930693_2026-08-28T12:40:07.692534+00:00,-1.002,-1.001999998,-1.000998999,False
3931012_2026-08-28T12:55:07.837528+00:00,0.9211,0.921099976,0.9220879879999999,False
3931132_2026-08-28T13:10:07.776483+00:00,-1.002,-1.002,-1.001,False
3931182_2026-08-28T13:25:10.312794+00:00,-1.002,-1.002000012,-1.0010060060000001,False
3931280_2026-08-28T13:40:11.165231+00:00,-1.002,-1.002,-1.001,False
3931356_2026-08-28T13:55:07.697774+00:00,0.0081,0.008100002,0.009101001000000027,False
3931452_2026-08-28T14:10:07.959629+00:00,-1.002,-1.002,-1.001,False
3931516_2026-08-28T14:25:07.663110+00:00,0.0506,0.05060006,0.05163003000000006,False
3931734_2026-08-28T14:40:07.678230+00:00,0.0,8.000000000125962e-09,0.0010040040000000058,False
3932019_2026-08-28T14:55:07.772824+00:00,0.2801,0.280099924,0.28106196200000005,False
3932197_2026-08-28T15:10:07.561448+00:00,-1.002,-1.002,-1.001,False
3932338_2026-08-28T15:25:07.499200+00:00,-1.002,-1.00199998,-1.0009899899999999,False
3932413_2026-08-28T15:40:07.593848+00:00,-1.002,-1.001999998,-1.0009989990000001,False
3932534_2026-08-28T15:55:07.472916+00:00,-1.002,-1.001999998,-1.000998999,False
3933106_2026-08-28T16:10:07.742377+00:00,-1.002,-1.002,-1.001,False
3933175_2026-08-28T16:25:52.780106+00:00,-1.002,-1.0019999998,-1.0009998998999998,False
3933325_2026-08-28T16:40:07.613356+00:00,0.0081,0.008100002,0.009101001000000027,False
3934019_2026-08-28T16:55:07.589079+00:00,-1.002,-1.002000016,-1.0010080080000001,False
3934635_2026-08-28T17:10:07.909846+00:00,1.437,1.4370000200000002,1.4380100100000002,False
3934678_2026-08-28T17:25:07.741430+00:00,1.498,1.498,1.499,False
3934864_2026-08-28T17:40:07.681853+00:00,-1.002,-1.001999998,-1.000998999,False
3935227_2026-08-28T17:55:07.666903+00:00,0.0733,0.073299942,0.07427097099999987,False
3935555_2026-08-28T18:10:08.689448+00:00,-1.002,-1.002000012,-1.0010060060000001,False
3935943_2026-08-28T18:25:52.760316+00:00,-1.002,-1.001999998,-1.000998999,False
3936007_2026-08-28T18:40:07.526766+00:00,-1.002,-1.002,-1.001,False
3937161_2026-08-28T18:55:07.490815+00:00,0.6109,0.610900004,0.6119020020000001,False
3937709_2026-08-28T19:10:07.645710+00:00,0.0289,0.028900054,0.029927027000000037,False
3937753_2026-08-28T19:25:07.803212+00:00,0.1608,0.160799984,0.16179199200000005,False
3937880_2026-08-28T19:40:07.479450+00:00,-1.002,-1.002,-1.001,False
3938083_2026-08-28T19:55:07.563930+00:00,-1.002,-1.002000012,-1.0010060060000001,False
3938616_2026-08-28T20:10:07.481015+00:00,0.7837,0.7837000159999999,0.784708008,False
3939646_2026-08-28T20:25:07.566913+00:00,-1.002,-1.002,-1.001,False
3939835_2026-08-28T20:40:07.959345+00:00,-1.002,-1.002,-1.001,False
3939928_2026-08-28T20:55:07.656389+00:00,-1.002,-1.002000016,-1.001008008,False
3940012_2026-08-28T21:10:07.476597+00:00,-1.002,-1.001999998,-1.0009989990000001,False
3940070_2026-08-28T21:25:07.759771+00:00,-1.002,-1.00199998,-1.00098999,False
3940152_2026-08-28T21:40:07.702324+00:00,0.0289,0.028900054,0.029927027000000037,False
3940267_2026-08-28T21:55:07.641923+00:00,-1.002,-1.002,-1.001,False
3940418_2026-08-28T22:10:07.582820+00:00,0.0506,0.05060006,0.05163003000000006,False
3940466_2026-08-28T22:25:07.576693+00:00,0.2801,0.280099924,0.28106196200000005,False
3940641_2026-08-28T22:40:07.699003+00:00,0.0081,0.008100002,0.009101001000000027,False
3940863_2026-08-28T22:55:07.475606+00:00,0.2967,0.296700002,0.297701001,False
3940976_2026-08-28T23:10:07.703669+00:00,1.6296,1.629599984,1.630591992,False
3941077_2026-08-28T23:25:07.465700+00:00,-1.002,-1.001999998,-1.000998999,False
3941120_2026-08-28T23:40:07.613393+00:00,1.3236,1.323599984,1.324591992,False
3941226_2026-08-28T23:55:07.799797+00:00,0.2967,0.296700002,0.297701001,False
3941423_2026-08-29T00:10:09.091701+00:00,-1.002,-1.001999998,-1.000998999,False
3941537_2026-08-29T00:25:07.466595+00:00,0.0733,0.073299942,0.07427097099999987,False
3941589_2026-08-29T00:40:07.464326+00:00,-1.002,-1.002,-1.001,False
3942151_2026-08-29T00:55:07.770049+00:00,-1.002,-1.001999968,-1.0009839839999999,False
3942516_2026-08-29T01:10:07.831291+00:00,-1.002,-1.001999998,-1.000998999,False
3942552_2026-08-29T01:25:07.697474+00:00,0.0184,0.018400016,0.01940800799999998,False
3942816_2026-08-29T01:40:07.636246+00:00,1.1719,1.171900012,1.172906006,False
3942978_2026-08-29T01:55:07.572188+00:00,-1.002,-1.002000016,-1.0010080080000001,False
3943039_2026-08-29T02:10:07.629621+00:00,-1.002,-1.001999998,-1.000998999,False
3943096_2026-08-29T02:25:52.536112+00:00,-1.002,-1.002,-1.001,False
3943202_2026-08-29T02:40:07.709561+00:00,-1.002,-1.002000052,-1.0010260260000001,False
3943300_2026-08-29T02:55:07.532765+00:00,0.0289,0.028900054,0.029927027000000037,False
3943404_2026-08-29T03:10:07.656915+00:00,0.1745,0.17449995,0.17547497499999995,False
3943503_2026-08-29T03:25:07.762089+00:00,-1.002,-1.002000016,-1.0010080080000001,False
3943660_2026-08-29T03:40:07.648869+00:00,-1.002,-1.001999998,-1.000998999,False
3943757_2026-08-29T03:55:07.755734+00:00,-1.002,-1.001999998,-1.000998999,False
3943872_2026-08-29T04:10:07.478565+00:00,0.0397,0.039699936,0.04066796800000004,False
3944029_2026-08-29T04:25:07.698937+00:00,0.1091,0.10910002,0.11011000999999992,False
3944580_2026-08-29T04:40:07.690777+00:00,0.1745,0.17449995,0.17547497499999995,False
3945406_2026-08-29T04:55:07.463458+00:00,0.0618,0.06180005599999999,0.0628280280000001,False
3945947_2026-08-29T05:10:07.544697+00:00,0.2638,0.26380003599999996,0.264818018,False
3945990_2026-08-29T05:25:07.640969+00:00,-1.002,-1.001999998,-1.0009989990000001,False
3946383_2026-08-29T05:40:07.647404+00:00,0.0618,0.06180005599999999,0.0628280280000001,False
3947958_2026-08-29T05:55:07.556292+00:00,-1.002,-1.002,-1.001,False
3948435_2026-08-29T06:10:08.574813+00:00,-1.002,-1.002,-1.001,False
3948510_2026-08-29T06:25:07.752463+00:00,-1.002,-1.002,-1.001,False
3948561_2026-08-29T06:40:07.468474+00:00,0.2967,0.296700002,0.297701001,False
3948743_2026-08-29T06:55:07.477968+00:00,3.3458,3.3458000119999998,3.3468060060000004,False
3948798_2026-08-29T07:10:07.621285+00:00,3.7599,3.7599000019999997,3.760901001,False
3949070_2026-08-29T07:25:07.609077+00:00,0.085,0.08499991999999999,0.08595995999999993,False
3949163_2026-08-29T07:40:07.610340+00:00,0.0081,0.008100002,0.009101001000000027,False
3949326_2026-08-29T07:55:07.474556+00:00,0.9588,0.958799984,0.9597919920000001,False
3949439_2026-08-29T08:10:07.522302+00:00,-1.002,-1.002,-1.001,False
3949555_2026-08-29T08:25:07.746042+00:00,0.085,0.08499991999999999,0.08595995999999993,False
3949656_2026-08-29T08:40:07.766457+00:00,-1.002,-1.00200001,-1.001005005,False
3949790_2026-08-29T08:55:07.767842+00:00,1.0388,1.038800016,1.039808008,False
3949838_2026-08-29T09:10:07.775171+00:00,2.5694,2.5694000160000003,2.570408008,False
3949893_2026-08-29T09:25:07.639584+00:00,-1.002,-1.00200004,-1.00102002,False
3949988_2026-08-29T09:40:07.831677+00:00,0.0184,0.018400016,0.01940800799999998,False
3950066_2026-08-29T09:55:07.616861+00:00,-1.002,-1.002000024,-1.0010120120000001,False
3950115_2026-08-29T10:10:07.698928+00:00,-1.002,-1.0020000008,-1.0010004004,False
3950148_2026-08-29T10:25:07.460532+00:00,0.0081,0.008100002,0.009101001000000027,False
3950275_2026-08-29T10:40:07.476722+00:00,0.248,0.248,0.249,False
3950390_2026-08-29T10:55:07.453407+00:00,-1.002,-1.00199994,-1.0009699699999999,False
3950510_2026-08-29T11:10:07.561707+00:00,3.3458,3.3458000119999998,3.3468060060000004,False
3950618_2026-08-29T11:25:07.575721+00:00,-1.002,-1.002,-1.001,False
3950988_2026-08-29T11:40:07.935549+00:00,-1.002,-1.002000016,-1.0010080080000001,False
3951146_2026-08-29T11:55:07.577592+00:00,-1.002,-1.001999984,-1.000991992,False
3951333_2026-08-29T12:10:08.787902+00:00,0.7837,0.7837000159999999,0.784708008,False
3951422_2026-08-29T12:25:07.866587+00:00,-1.002,-1.002,-1.001,False
3951629_2026-08-29T12:40:07.553442+00:00,-1.002,-1.002000014,-1.001007007,False
3951986_2026-08-29T12:55:07.860440+00:00,3.7599,3.7599000019999997,3.760901001,False
3952078_2026-08-29T13:10:07.495192+00:00,0.4266,0.42659996,0.4275799800000002,False
3952166_2026-08-29T13:25:07.713990+00:00,0.0969,0.096900002,0.09790100100000002,False
3952220_2026-08-29T13:40:07.742362+00:00,0.5365,0.53649995,0.5374749750000001,False
3952330_2026-08-29T13:55:07.573931+00:00,0.1216,0.121599992,0.12259599600000004,False
3952398_2026-08-29T14:10:07.660878+00:00,-1.002,-1.002,-1.001,False
3952455_2026-08-29T14:25:07.743382+00:00,0.0969,0.096900002,0.09790100100000002,False
3952628_2026-08-29T14:40:07.638252+00:00,0.0618,0.06180005599999999,0.0628280280000001,False
3952713_2026-08-29T14:55:07.698650+00:00,0.1216,0.121599992,0.12259599600000004,False
3953042_2026-08-29T15:10:07.885131+00:00,-1.002,-1.002,-1.001,False
3953219_2026-08-29T15:25:07.803458+00:00,-1.002,-1.002000016,-1.0010080080000001,False
3953344_2026-08-29T15:40:07.482045+00:00,-1.002,-1.001999998,-1.0009989990000001,False
3953533_2026-08-29T15:55:07.605579+00:00,-1.002,-1.001999946,-1.000972973,False
3953755_2026-08-29T16:10:07.652841+00:00,0.0184,0.018400016,0.01940800799999998,False
3953859_2026-08-29T16:25:07.477584+00:00,-1.002,-1.00199998,-1.0009899899999999,False
3954004_2026-08-29T16:40:07.466530+00:00,0.1474,0.147400044,0.14842202200000004,False
3954466_2026-08-29T16:55:07.555057+00:00,0.5365,0.53649995,0.5374749750000001,False
3954644_2026-08-29T17:10:07.748408+00:00,0.7524,0.752399984,0.7533919920000002,False
3954821_2026-08-29T17:25:07.551166+00:00,-1.002,-1.002,-1.001,False
3954914_2026-08-29T17:40:07.563209+00:00,3.3458,3.3458000119999998,3.3468060060000004,False
3955449_2026-08-29T17:55:07.662456+00:00,1.8551,1.85510003,1.856115015,False
3955582_2026-08-29T18:10:09.346344+00:00,0.2801,0.280099924,0.28106196200000005,False
3955737_2026-08-29T18:25:07.462834+00:00,0.2801,0.280099924,0.28106196200000005,False
3955959_2026-08-29T18:40:07.835480+00:00,0.0397,0.039699936,0.04066796800000004,False
3956652_2026-08-29T18:55:07.654846+00:00,0.0506,0.05060006,0.05163003000000006,False
3957094_2026-08-29T19:10:07.656301+00:00,0.0506,0.05060006,0.05163003000000006,False
3957213_2026-08-29T19:25:07.461938+00:00,-1.002,-1.001999998,-1.0009989990000001,False
3957448_2026-08-29T19:40:07.742572+00:00,6.6903,6.690300002000001,6.691301001,False
3957878_2026-08-29T19:55:07.628808+00:00,-1.002,-1.002,-1.001,False
3958619_2026-08-29T20:10:07.737047+00:00,0.0969,0.096900002,0.09790100100000002,False
3960011_2026-08-29T20:25:07.477997+00:00,-1.002,-1.002000014,-1.001007007,False
3960218_2026-08-29T20:40:07.752811+00:00,-1.002,-1.002000012,-1.0010060060000001,False
3960395_2026-08-29T20:55:07.518235+00:00,-1.002,-1.00200005,-1.001025025,False
3960507_2026-08-29T21:10:07.820343+00:00,0.5853,0.5853000020000001,0.5863010009999999,False
3960548_2026-08-29T21:25:07.809629+00:00,-1.002,-1.001999992,-1.0009959959999999,False
3960669_2026-08-29T21:40:07.833252+00:00,-1.002,-1.00200001,-1.001005005,False
3960771_2026-08-29T21:55:07.949602+00:00,0.0289,0.028900054,0.029927027000000037,False
3961758_2026-08-29T22:10:07.646211+00:00,-1.002,-1.001999968,-1.0009839839999999,False
3961854_2026-08-29T22:25:07.680429+00:00,2.2238,2.223800004,2.2248020019999997,False
3961991_2026-08-29T22:40:07.472923+00:00,0.1885,0.18849996,0.18947998,False
3962323_2026-08-29T22:55:07.470685+00:00,0.1344,0.134399936,0.13536796800000003,False
3962673_2026-08-29T23:10:07.468487+00:00,0.998,0.998,0.999,False
3962764_2026-08-29T23:25:07.777580+00:00,2.2238,2.223800004,2.2248020019999997,False
3962812_2026-08-29T23:40:07.657117+00:00,-1.002,-1.00200002,-1.0010100100000001,False
3963463_2026-08-29T23:55:07.622819+00:00,-1.002,-1.001999988,-1.000993994,False
3963589_2026-08-30T00:10:09.349967+00:00,-1.002,-1.001999998,-1.0009989990000001,False
3963687_2026-08-30T00:25:07.686501+00:00,0.2175,0.21750002,0.2185100100000001,False
3963834_2026-08-30T00:40:07.576117+00:00,-1.002,-1.002000072,-1.001036036,False
3964269_2026-08-30T00:55:07.463035+00:00,-1.002,-1.001999956,-1.0009779779999999,False
3964423_2026-08-30T01:10:07.483958+00:00,-1.002,-1.001999998,-1.000998999,False
3964600_2026-08-30T01:25:07.623549+00:00,-1.002,-1.002,-1.001,False
3964854_2026-08-30T01:40:07.698888+00:00,0.1216,0.121599992,0.12259599600000004,False
3964935_2026-08-30T01:55:07.626516+00:00,0.3313,0.33130005,0.332325025,False
3965047_2026-08-30T02:10:07.453547+00:00,0.6929,0.692900018,0.6939090090000001,False
3965115_2026-08-30T02:25:07.800934+00:00,-1.002,-1.002000016,-1.0010080080000001,False
3965248_2026-08-30T02:40:07.772789+00:00,0.3869,0.38689998400000003,0.387891992,False
3965342_2026-08-30T02:55:07.637907+00:00,0.1091,0.10910002,0.11011000999999992,False
3965473_2026-08-30T03:10:07.760542+00:00,-1.002,-1.001999996,-1.0009979979999999,False
3965512_2026-08-30T03:25:07.742899+00:00,0.2967,0.296700002,0.297701001,False
3965562_2026-08-30T03:40:07.636933+00:00,0.1745,0.17449995,0.17547497499999995,False
3965647_2026-08-30T03:55:07.629155+00:00,-1.002,-1.001999998,-1.000998999,False
3966205_2026-08-30T04:10:07.527709+00:00,0.2967,0.296700002,0.297701001,False
3966290_2026-08-30T04:25:07.519170+00:00,-1.002,-1.001999998,-1.0009989990000001,False
3966836_2026-08-30T04:40:07.463112+00:00,-1.002,-1.001999998,-1.000998999,False
3967311_2026-08-30T04:55:07.590899+00:00,0.1216,0.121599992,0.12259599600000004,False
3967896_2026-08-30T05:10:07.798473+00:00,0.0397,0.039699936,0.04066796800000004,False
3967925_2026-08-30T05:25:07.782896+00:00,-1.002,-1.00199998,-1.0009899899999999,False
3968013_2026-08-30T05:40:07.710190+00:00,-1.002,-1.002,-1.001,False
3968106_2026-08-30T05:55:07.541664+00:00,-1.002,-1.002000016,-1.0010080080000001,False
3968362_2026-08-30T06:10:08.899722+00:00,-1.002,-1.001999998,-1.000998999,False
3968414_2026-08-30T06:25:07.690351+00:00,0.0081,0.008100002,0.009101001000000027,False
3968456_2026-08-30T06:40:07.603452+00:00,0.0081,0.008100002,0.009101001000000027,False
3968584_2026-08-30T06:55:07.583472+00:00,0.1745,0.17449995,0.17547497499999995,False
3968814_2026-08-30T07:10:07.749231+00:00,-1.002,-1.002,-1.001,False
3968860_2026-08-30T07:25:07.561703+00:00,-1.002,-1.002000004,-1.001002002,False
3969078_2026-08-30T07:40:07.561175+00:00,-1.002,-1.001999998,-1.0009989990000001,False
3969353_2026-08-30T07:55:07.691780+00:00,-1.002,-1.002000076,-1.001038038,False
3969689_2026-08-30T08:10:07.779825+00:00,0.0081,0.008100002,0.009101001000000027,False
3969746_2026-08-30T08:25:07.473570+00:00,0.2801,0.280099924,0.28106196200000005,False
3970441_2026-08-30T09:25:07.654408+00:00,-1.002,-1.002,-1.001,False
3970503_2026-08-30T09:40:11.178716+00:00,4.8804,4.880399983999999,4.881391991999999,False
3970586_2026-08-30T09:55:07.786790+00:00,-1.002,-1.002,-1.001,False
3970633_2026-08-30T10:10:07.729654+00:00,0.0969,0.096900002,0.09790100100000002,False
3971021_2026-08-30T10:25:07.889856+00:00,0.0397,0.039699936,0.04066796800000004,False
3971124_2026-08-30T10:40:07.775858+00:00,0.1344,0.134399936,0.13536796800000003,False
3971858_2026-08-30T10:55:07.712317+00:00,0.0969,0.096900002,0.09790100100000002,False
3971996_2026-08-30T11:10:07.554932+00:00,0.0506,0.05060006,0.05163003000000006,False
3972092_2026-08-30T11:25:07.784860+00:00,0.2638,0.26380003599999996,0.264818018,False
3972179_2026-08-30T11:40:07.715351+00:00,-1.002,-1.001999998,-1.000998999,False
3972338_2026-08-30T11:55:07.532504+00:00,-1.002,-1.002,-1.001,False
3972448_2026-08-30T12:10:12.083198+00:00,0.003,0.00300005,0.004025025000000057,False
3972552_2026-08-30T12:25:39.850970+00:00,-1.002,-1.002,-1.001,False
3972693_2026-08-30T12:40:39.973193+00:00,0.7837,0.7837000159999999,0.784708008,False
3972983_2026-08-30T12:55:39.947548+00:00,1.6296,1.629599984,1.630591992,False
3973301_2026-08-30T13:10:40.092067+00:00,-1.002,-1.001999998,-1.0009989990000001,False
3973351_2026-08-30T13:25:40.281012+00:00,0.1216,0.121599992,0.12259599600000004,False
3973569_2026-08-30T13:40:40.136588+00:00,1.9392,1.939199984,1.9401919919999997,False
3973774_2026-08-30T13:55:40.017792+00:00,0.0506,0.05060006,0.05163003000000006,False
3973857_2026-08-30T14:10:40.184368+00:00,0.8848,0.884799992,0.8857959959999999,False
3974010_2026-08-30T14:25:39.806808+00:00,-1.002,-1.002000016,-1.0010080080000001,False
3974210_2026-08-30T14:40:40.119372+00:00,-1.002,-1.001999998,-1.000998999,False
3974776_2026-08-30T14:55:39.890375+00:00,0.1216,0.121599992,0.12259599600000004,False
3975089_2026-08-30T15:10:39.816239+00:00,-1.002,-1.001999956,-1.0009779779999999,False
3975182_2026-08-30T15:25:39.966382+00:00,0.0184,0.018400016,0.01940800799999998,False
3975279_2026-08-30T15:40:39.965009+00:00,0.1474,0.147400044,0.14842202200000004,False
3975459_2026-08-30T15:55:40.027014+00:00,-1.002,-1.00200001,-1.001005005,False
3975653_2026-08-30T16:10:39.959692+00:00,0.8848,0.884799992,0.8857959959999999,False
3976052_2026-08-30T16:25:40.067328+00:00,-1.002,-1.001999988,-1.000993994,False
3976259_2026-08-30T16:40:39.828981+00:00,0.0506,0.05060006,0.05163003000000006,False
3976694_2026-08-30T16:55:39.943083+00:00,0.3869,0.38689998400000003,0.387891992,False
3977038_2026-08-30T17:40:39.914929+00:00,0.085,0.08499991999999999,0.08595995999999993,False
3977459_2026-08-30T17:55:39.970744+00:00,-1.002,-1.001999998,-1.000998999,False
3978249_2026-08-30T18:10:44.928003+00:00,-1.002,-1.002000016,-1.0010080080000001,False
3978941_2026-08-30T18:25:40.036554+00:00,0.9588,0.958799984,0.9597919920000001,False
3980361_2026-08-30T18:55:40.133158+00:00,-1.002,-1.001999998,-1.000998999,False
3981172_2026-08-30T19:10:39.976139+00:00,-1.002,-1.002000012,-1.0010060060000001,False
3982432_2026-08-30T19:25:39.915190+00:00,-1.002,-1.001999998,-1.000998999,False
3982552_2026-08-30T19:40:40.023526+00:00,-1.002,-1.002,-1.001,False
3982871_2026-08-30T19:55:39.905469+00:00,0.0397,0.039699936,0.04066796800000004,False
3983231_2026-08-30T20:10:39.924221+00:00,0.3679,0.36789994600000003,0.3688729729999999,False
3983274_2026-08-30T20:25:39.816697+00:00,-1.002,-1.002000034,-1.001017017,False
3983791_2026-08-30T20:55:39.912424+00:00,0.0397,0.039699936,0.04066796800000004,False
3984119_2026-08-30T21:10:39.995446+00:00,-1.002,-1.002,-1.001,False
3984727_2026-08-30T21:25:40.068862+00:00,0.0969,0.096900002,0.09790100100000002,False
3985075_2026-08-30T21:40:40.059877+00:00,-1.002,-1.002000016,-1.0010080080000001,False
3985470_2026-08-30T21:55:39.821120+00:00,0.7221,0.7221000439999999,0.7231220220000001,False
3985778_2026-08-30T22:10:39.885589+00:00,-1.002,-1.001999984,-1.000991992,False
3985848_2026-08-30T22:25:39.983495+00:00,-1.002,-1.0020000016,-1.0010008007999998,False
3986122_2026-08-30T22:40:39.866965+00:00,0.1091,0.10910002,0.11011000999999992,False
3986223_2026-08-30T22:55:39.843127+00:00,-1.002,-1.001999998,-1.0009989990000001,False
3986579_2026-08-30T23:10:40.068924+00:00,-1.002,-1.002000014,-1.001007007,False
3986615_2026-08-30T23:25:39.878098+00:00,-1.002,-1.001999998,-1.000998999,False
3986692_2026-08-30T23:40:40.334012+00:00,-1.002,-1.001999998,-1.000998999,False
3987586_2026-08-30T23:55:39.879117+00:00,0.2967,0.296700002,0.297701001,False
3987711_2026-08-31T00:10:42.065216+00:00,32.3313,32.331300002,32.332301001,False
3987778_2026-08-31T00:25:39.870007+00:00,0.0184,0.018400016,0.01940800799999998,False
3987936_2026-08-31T00:40:40.130841+00:00,0.1091,0.10910002,0.11011000999999992,False
3988085_2026-08-31T00:55:39.815855+00:00,-1.002,-1.001999984,-1.0009919919999999,False
3988214_2026-08-31T01:10:39.954476+00:00,-1.002,-1.002,-1.001,False
3988262_2026-08-31T01:25:39.972362+00:00,0.0184,0.018400016,0.01940800799999998,False
3988404_2026-08-31T01:40:39.810839+00:00,-1.002,-1.002000076,-1.001038038,False
3988564_2026-08-31T01:55:39.871937+00:00,-1.002,-1.001999998,-1.000998999,False
3988629_2026-08-31T02:10:39.954340+00:00,0.0733,0.073299942,0.07427097099999987,False
3988732_2026-08-31T02:25:39.948461+00:00,-1.002,-1.001999998,-1.000998999,False
3988815_2026-08-31T02:40:39.885802+00:00,-1.002,-1.002,-1.001,False
3989006_2026-08-31T03:10:40.047789+00:00,0.0081,0.008100002,0.009101001000000027,False
3989042_2026-08-31T03:25:40.122179+00:00,0.0733,0.073299942,0.07427097099999987,False
3989078_2026-08-31T03:40:39.809631+00:00,0.1091,0.10910002,0.11011000999999992,False
3989202_2026-08-31T03:55:40.131187+00:00,-1.002,-1.002,-1.001,False
3990239_2026-08-31T04:10:39.838334+00:00,-1.002,-1.002,-1.001,False
3990345_2026-08-31T04:25:39.884139+00:00,-1.002,-1.00200002,-1.00101001,False
3990937_2026-08-31T04:40:39.870979+00:00,0.4065,0.40649992999999995,0.40746496500000007,False
3992226_2026-08-31T04:55:39.802539+00:00,0.0969,0.096900002,0.09790100100000002,False
3993345_2026-08-31T05:10:39.971461+00:00,0.7524,0.752399984,0.7533919920000002,False
3993580_2026-08-31T05:40:39.841664+00:00,-1.002,-1.001999998,-1.0009989990000001,False
3993688_2026-08-31T05:55:39.808932+00:00,0.2638,0.26380003599999996,0.264818018,False
3993843_2026-08-31T06:10:42.594099+00:00,-1.002,-1.001999984,-1.000991992,False
3993905_2026-08-31T06:25:40.064180+00:00,-1.002,-1.00199998,-1.00098999,False
3993951_2026-08-31T06:40:40.180431+00:00,1.8551,1.85510003,1.856115015,False
3994030_2026-08-31T06:55:39.904891+00:00,-1.002,-1.002,-1.001,False
3994244_2026-08-31T07:10:40.180492+00:00,0.9588,0.958799984,0.9597919920000001,False
3994337_2026-08-31T07:25:40.022775+00:00,0.9588,0.958799984,0.9597919920000001,False
3994484_2026-08-31T07:40:40.215390+00:00,0.9588,0.958799984,0.9597919920000001,False
3994778_2026-08-31T07:55:40.577234+00:00,-1.002,-1.002000016,-1.0010080080000001,False
3995144_2026-08-31T08:10:40.231116+00:00,-1.002,-1.002000016,-1.0010080080000001,False
3995591_2026-08-31T08:25:40.080518+00:00,-1.002,-1.002,-1.001,False
3995643_2026-08-31T08:40:40.212474+00:00,0.9588,0.958799984,0.9597919920000001,False
3996520_2026-08-31T08:55:40.086895+00:00,0.9588,0.958799984,0.9597919920000001,False
3996583_2026-08-31T09:10:39.952774+00:00,0.9588,0.958799984,0.9597919920000001,False
3996964_2026-08-31T09:25:39.977730+00:00,0.9588,0.958799984,0.9597919920000001,False
3997042_2026-08-31T09:40:39.815954+00:00,0.9588,0.958799984,0.9597919920000001,False
3997853_2026-08-31T09:55:39.921834+00:00,-1.002,-1.002000016,-1.0010080080000001,False
3997902_2026-08-31T10:10:40.129213+00:00,-1.002,-1.002000016,-1.0010080080000001,False
3998009_2026-08-31T10:25:40.058109+00:00,-1.002,-1.002000016,-1.0010080080000001,False
3998052_2026-08-31T10:40:40.162558+00:00,0.0506,0.05060006,0.05163003000000006,False
3998125_2026-08-31T10:55:40.013397+00:00,0.0081,0.008100002,0.009101001000000027,False
3998517_2026-08-31T11:10:40.261902+00:00,-1.002,-1.001999998,-1.0009989990000001,False
3998886_2026-08-31T11:25:39.805187+00:00,-1.002,-1.001999998,-1.0009989990000001,False
3999041_2026-08-31T11:40:40.080854+00:00,-1.002,-1.002,-1.001,False
3999887_2026-08-31T11:55:39.850490+00:00,-1.002,-1.00200001,-1.001005005,False
3999952_2026-08-31T12:10:42.645187+00:00,0.0195,0.019499903,0.020451451499999957,False
4001259_2026-08-31T12:55:40.008199+00:00,2.8442,2.844199976,2.8451879879999997,False
4001492_2026-08-31T13:10:39.885516+00:00,0.0733,0.073299942,0.07427097099999987,False
4001543_2026-08-31T13:25:40.153039+00:00,-1.002,-1.002,-1.001,False
4001748_2026-08-31T13:40:39.943540+00:00,0.3679,0.36789994600000003,0.3688729729999999,False
4002005_2026-08-31T13:55:39.845124+00:00,-1.002,-1.001999998,-1.000998999,False
4002432_2026-08-31T14:10:40.056174+00:00,0.1885,0.18849996,0.18947998,False
4002579_2026-08-31T14:25:40.235303+00:00,7.3313,7.331300008,7.332304004,False
4002898_2026-08-31T14:40:40.079303+00:00,0.0289,0.028900054,0.029927027000000037,False
4003254_2026-08-31T14:55:40.411857+00:00,-1.002,-1.002000004,-1.001002002,False
4003530_2026-08-31T15:10:40.114415+00:00,-1.002,-1.001999998,-1.000998999,False
4003555_2026-08-31T15:25:39.896943+00:00,1.0388,1.038800016,1.039808008,False
4003795_2026-08-31T15:40:40.128804+00:00,0.2326,0.232599948,0.23357397399999985,False
4003877_2026-08-31T15:55:40.106147+00:00,-1.002,-1.001999992,-1.0009959959999999,False
4004479_2026-08-31T16:10:39.916099+00:00,0.1344,0.134399936,0.13536796800000003,False
4004538_2026-08-31T16:25:40.078480+00:00,-1.002,-1.002000024,-1.0010120120000001,False
4004629_2026-08-31T16:40:39.802447+00:00,1.9392,1.939199984,1.9401919919999997,False
4005115_2026-08-31T16:55:40.067597+00:00,-1.002,-1.002000008,-1.001004004,False
4005830_2026-08-31T17:10:39.800214+00:00,0.3313,0.33130005,0.332325025,False
4007758_2026-08-31T17:55:40.337741+00:00,0.6373,0.637300054,0.638327027,False
4007862_2026-08-31T18:10:43.517047+00:00,8.998,8.998,8.999,False
4008308_2026-08-31T18:55:39.977958+00:00,-1.002,-1.002,-1.001,False
4009134_2026-08-31T19:10:39.911709+00:00,0.0081,0.008100002,0.009101001000000027,False
4010521_2026-08-31T19:40:40.044340+00:00,-1.002,-1.002000016,-1.0010080080000001,False
4010885_2026-08-31T19:55:40.231988+00:00,-1.002,-1.001999998,-1.0009989990000001,False
4011225_2026-08-31T20:10:39.806896+00:00,0.7524,0.752399984,0.7533919920000002,False
4011289_2026-08-31T20:25:40.167401+00:00,-1.002,-1.002000072,-1.001036036,False
4011374_2026-08-31T20:40:40.199290+00:00,-1.002,-1.002,-1.001,False
4011861_2026-08-31T20:55:39.896507+00:00,-1.002,-1.002000016,-1.0010080080000001,False
4012423_2026-08-31T21:10:39.903636+00:00,-1.002,-1.001999968,-1.0009839839999999,False
4012643_2026-08-31T21:25:40.058405+00:00,0.2801,0.280099924,0.28106196200000005,False
4012916_2026-08-31T21:40:40.083817+00:00,0.1091,0.10910002,0.11011000999999992,False
4013294_2026-08-31T21:55:39.797935+00:00,-1.002,-1.001999998,-1.0009989990000001,False
4013552_2026-08-31T22:10:40.081046+00:00,-1.002,-1.001999988,-1.000993994,False
4013664_2026-08-31T22:25:39.903992+00:00,-1.002,-1.002,-1.001,False
4013830_2026-08-31T22:40:40.065748+00:00,-1.002,-1.001999998,-1.000998999,False
4013911_2026-08-31T22:55:40.008186+00:00,-1.002,-1.002,-1.001,False
4014140_2026-08-31T23:10:40.143819+00:00,-1.002,-1.001999998,-1.000998999,False
4014194_2026-08-31T23:25:40.068166+00:00,0.9211,0.921099976,0.9220879879999999,False
4014238_2026-08-31T23:40:39.990303+00:00,-1.002,-1.002000016,-1.0010080080000001,False
4014736_2026-08-31T23:55:40.100446+00:00,0.8499,0.849899948,0.850873974,False
4014813_2026-09-01T00:10:39.805841+00:00,0.8499,0.849899948,0.850873974,False
4014908_2026-09-01T00:25:39.806626+00:00,0.8499,0.849899948,0.850873974,False
4014986_2026-09-01T00:40:39.913117+00:00,-1.002,-1.002000052,-1.0010260260000001,False
4015316_2026-09-01T00:55:39.950495+00:00,-1.002,-1.002000064,-1.0010320320000001,False
4015466_2026-09-01T01:10:40.147755+00:00,-1.002,-1.0020000036,-1.0010018018,False
4015626_2026-09-01T01:25:39.938884+00:00,-1.002,-1.001999984,-1.000991992,False
4015676_2026-09-01T01:40:39.982321+00:00,0.0289,0.028900054,0.029927027000000037,False
4015838_2026-09-01T01:55:39.803473+00:00,-1.002,-1.002,-1.001,False
4015973_2026-09-01T02:10:39.797035+00:00,-1.002,-1.002,-1.001,False
4016009_2026-09-01T02:25:39.805498+00:00,-1.002,-1.001999998,-1.000998999,False
4016063_2026-09-01T02:40:40.054759+00:00,0.0081,0.008100002,0.009101001000000027,False
4016157_2026-09-01T02:55:39.790926+00:00,0.085,0.08499991999999999,0.08595995999999993,False
4016289_2026-09-01T03:10:40.038934+00:00,-1.002,-1.002,-1.001,False
4016352_2026-09-01T03:25:39.879563+00:00,2.8442,2.844199976,2.8451879879999997,False
4016466_2026-09-01T03:40:39.918206+00:00,0.002,0.002000032,0.00301601600000002,False
4016574_2026-09-01T03:55:39.833590+00:00,-1.002,-1.001999998,-1.000998999,False
4017119_2026-09-01T04:25:43.270515+00:00,0.0289,0.028900054,0.029927027000000037,False
4017711_2026-09-01T04:40:43.422220+00:00,-1.002,-1.002,-1.001,False
4018200_2026-09-01T04:55:43.587628+00:00,-1.002,-1.002000034,-1.001017017,False
4018984_2026-09-01T05:10:43.268788+00:00,0.0081,0.008100002,0.009101001000000027,False
4019024_2026-09-01T05:25:43.376676+00:00,1.9392,1.939199984,1.9401919919999997,False
4019176_2026-09-01T05:40:43.278106+00:00,0.1216,0.121599992,0.12259599600000004,False
4019497_2026-09-01T05:55:43.723606+00:00,0.4905,0.49050004999999997,0.4915250249999999,False
4020001_2026-09-01T06:10:01.667633+00:00,-1.002,-1.002,-1.001,False
4020308_2026-09-01T06:40:02.158404+00:00,-1.002,-1.00200007,-1.001035035,False
4020652_2026-09-01T06:55:02.252934+00:00,-1.002,-1.002,-1.001,False
4021219_2026-09-01T07:25:20.683271+00:00,0.1885,0.18849996,0.18947998,False
4021671_2026-09-01T07:40:20.748325+00:00,-1.002,-1.001999998,-1.000998999,False
4021688_2026-09-01T07:55:20.951293+00:00,0.0969,0.096900002,0.09790100100000002,False
4021913_2026-09-01T08:10:20.801177+00:00,-1.002,-1.002,-1.001,False
4021980_2026-09-01T08:25:21.436378+00:00,-1.002,-1.002,-1.001,False
4022047_2026-09-01T08:40:21.022771+00:00,0.5605,0.5605,0.5615,False
4022175_2026-09-01T08:55:21.161175+00:00,-1.002,-1.001999998,-1.0009989990000001,False
4022403_2026-09-01T09:10:21.022039+00:00,-1.002,-1.002000016,-1.001008008,False
4022443_2026-09-01T09:25:21.161397+00:00,0.0184,0.018400016,0.01940800799999998,False
4022619_2026-09-01T09:40:20.723948+00:00,2.3313,2.33130002,2.33231001,False
4022871_2026-09-01T09:55:20.693851+00:00,-1.002,-1.002,-1.001,False
4023651_2026-09-01T10:10:20.861192+00:00,-1.002,-1.001999992,-1.0009959959999999,False
4023794_2026-09-01T10:25:20.881120+00:00,0.0184,0.018400016,0.01940800799999998,False
4023841_2026-09-01T10:40:20.905074+00:00,0.0081,0.008100002,0.009101001000000027,False
4024006_2026-09-01T10:55:20.688556+00:00,-1.002,-1.002,-1.001,False
4024127_2026-09-01T11:10:21.106471+00:00,-1.002,-1.002,-1.001,False
4024248_2026-09-01T11:25:21.024561+00:00,2.3313,2.33130002,2.33231001,False
4024569_2026-09-01T11:55:30.342468+00:00,-1.002,-1.002000016,-1.0010080080000001,False
4024816_2026-09-01T12:10:31.730720+00:00,-1.002,-1.00199998,-1.00098999,False
4025066_2026-09-01T12:25:31.942744+00:00,-1.002,-1.002,-1.001,False
4025259_2026-09-01T12:40:30.180655+00:00,-1.002,-1.002,-1.001,False
4026126_2026-09-01T12:55:30.394180+00:00,0.1745,0.17449995,0.17547497499999995,False
4026491_2026-09-01T13:10:30.527999+00:00,-1.002,-1.002000004,-1.001002002,False
4026856_2026-09-01T13:25:30.370081+00:00,0.5605,0.5605,0.5615,False
4027932_2026-09-01T13:40:30.378615+00:00,-1.002,-1.002,-1.001,False
4028923_2026-09-01T13:55:30.250983+00:00,0.0733,0.073299942,0.07427097099999987,False
4029871_2026-09-01T14:10:30.066006+00:00,0.0081,0.008100002,0.009101001000000027,False
4030018_2026-09-01T14:25:30.408121+00:00,-1.002,-1.002000054,-1.001027027,False
4030588_2026-09-01T14:55:30.174618+00:00,-1.002,-1.002,-1.001,False
4030597_2026-09-01T14:40:30.500059+00:00,0.3679,0.36789994600000003,0.3688729729999999,False
4030763_2026-09-01T15:10:30.130043+00:00,-1.002,-1.002,-1.001,False
4031947_2026-09-01T15:25:30.297305+00:00,0.4905,0.49050004999999997,0.4915250249999999,False
4032009_2026-09-01T15:40:30.236053+00:00,0.2326,0.232599948,0.23357397399999985,False
4034406_2026-09-01T15:55:31.405889+00:00,-1.002,-1.00199998,-1.00098999,False
4035147_2026-09-01T16:10:30.153857+00:00,-1.002,-1.002,-1.001,False
4035224_2026-09-01T16:25:30.125757+00:00,-1.002,-1.001999998,-1.0009989990000001,False
4035709_2026-09-01T16:40:30.368562+00:00,-1.002,-1.002,-1.001,False
4036334_2026-09-01T16:55:30.190402+00:00,0.0184,0.018400016,0.01940800799999998,False
4036604_2026-09-01T17:10:30.356071+00:00,-1.002,-1.001999998,-1.0009989990000001,False
4036963_2026-09-01T17:25:30.239587+00:00,-1.002,-1.00199995,-1.0009749749999999,False
4038490_2026-09-01T17:40:30.370919+00:00,0.1344,0.134399936,0.13536796800000003,False
4038601_2026-09-01T18:10:32.072065+00:00,-1.002,-1.001999998,-1.000998999,False
4038616_2026-09-01T17:55:30.647671+00:00,-1.002,-1.001999998,-1.000998999,False
4038685_2026-09-01T18:25:30.190236+00:00,-1.002,-1.002000004,-1.001002002,False
4038993_2026-09-01T18:40:30.202638+00:00,-1.002,-1.001999998,-1.000998999,False
4039198_2026-09-01T18:55:30.113693+00:00,-0.001,-0.0009999979999999998,1.0010000000297472e-06,False
4040040_2026-09-01T19:10:30.348654+00:00,0.2175,0.21750002,0.2185100100000001,False
4040147_2026-09-01T19:25:30.320228+00:00,0.0397,0.039699936,0.04066796800000004,False
4040302_2026-09-01T19:40:33.612458+00:00,-1.002,-1.002,-1.001,False
4043343_2026-09-01T19:55:30.485619+00:00,-1.002,-1.001999998,-1.000998999,False
4043704_2026-09-01T20:10:30.280476+00:00,0.998,0.998,0.999,False
4044826_2026-09-01T20:25:30.104050+00:00,-1.002,-1.002000024,-1.0010120120000001,False
4044868_2026-09-01T20:40:30.141570+00:00,-1.002,-1.002000008,-1.0010040040000001,False
4045007_2026-09-01T20:55:30.288157+00:00,0.1885,0.18849996,0.18947998,False
4045243_2026-09-01T21:10:30.244554+00:00,-1.002,-1.002,-1.001,False
4045325_2026-09-01T21:25:30.187984+00:00,0.0618,0.06180005599999999,0.0628280280000001,False
4045382_2026-09-01T21:40:30.162857+00:00,-1.002,-1.001999998,-1.000998999,False
4045506_2026-09-01T21:55:30.050186+00:00,0.0618,0.06180005599999999,0.0628280280000001,False
4045756_2026-09-01T22:10:30.064316+00:00,0.1216,0.121599992,0.12259599600000004,False
4045958_2026-09-01T22:25:30.392955+00:00,-1.002,-1.001999998,-1.0009989990000001,False
4046012_2026-09-01T22:40:30.052747+00:00,0.6929,0.692900018,0.6939090090000001,False
4046345_2026-09-01T22:55:30.145910+00:00,0.9588,0.958799984,0.9597919920000001,False
4046678_2026-09-01T23:10:30.133454+00:00,-1.002,-1.002000016,-1.0010080080000001,False
4046744_2026-09-01T23:25:30.137190+00:00,0.9211,0.921099976,0.9220879879999999,False
4046890_2026-09-01T23:40:30.178964+00:00,0.0081,0.008100002,0.009101001000000027,False
4047525_2026-09-01T23:55:30.301281+00:00,-1.002,-1.002,-1.001,False
4047664_2026-09-02T00:10:33.002613+00:00,-1.002,-1.002,-1.001,False
4047711_2026-09-02T00:25:30.142783+00:00,-1.002,-1.002,-1.001,False
4047756_2026-09-02T00:40:30.195607+00:00,-1.002,-1.002,-1.001,False
4048108_2026-09-02T00:55:30.047507+00:00,-1.002,-1.002000012,-1.0010060060000001,False
4048285_2026-09-02T01:10:30.185919+00:00,0.2967,0.296700002,0.297701001,False
4048387_2026-09-02T01:25:30.253342+00:00,-1.002,-1.00200002,-1.00101001,False
4048445_2026-09-02T01:40:30.146588+00:00,-1.002,-1.001999984,-1.0009919919999999,False
4049124_2026-09-02T01:55:30.085610+00:00,0.9588,0.958799984,0.9597919920000001,False
4049244_2026-09-02T02:10:30.052395+00:00,0.9588,0.958799984,0.9597919920000001,False
4049291_2026-09-02T02:25:30.261710+00:00,0.9588,0.958799984,0.9597919920000001,False
4049316_2026-09-02T02:40:30.089228+00:00,-1.002,-1.002000016,-1.0010080080000001,False
4049912_2026-09-02T02:55:30.279207+00:00,0.9211,0.921099976,0.9220879879999999,False
4050084_2026-09-02T03:10:30.209632+00:00,0.9211,0.921099976,0.9220879879999999,False
4050230_2026-09-02T03:25:30.347435+00:00,0.9211,0.921099976,0.9220879879999999,False
4050260_2026-09-02T03:40:30.085768+00:00,-1.002,-1.002000024,-1.0010120120000001,False
4050568_2026-09-02T03:55:30.222774+00:00,0.9211,0.921099976,0.9220879879999999,False
4050820_2026-09-02T04:10:30.050736+00:00,-1.002,-1.002000024,-1.0010120120000001,False
4050950_2026-09-02T04:25:30.295222+00:00,0.9211,0.921099976,0.9220879879999999,False
4051544_2026-09-02T04:40:30.395132+00:00,0.0506,0.05060006,0.05163003000000006,False
4051779_2026-09-02T04:55:30.150495+00:00,-1.002,-1.002000064,-1.0010320320000001,False
4052518_2026-09-02T05:10:30.542145+00:00,8.998,8.998,8.999,False
4052622_2026-09-02T05:25:30.289662+00:00,0.0289,0.028900054,0.029927027000000037,False
4052821_2026-09-02T05:40:30.374859+00:00,-1.002,-1.001999992,-1.0009959959999999,False
4053119_2026-09-02T05:55:30.202038+00:00,-1.002,-1.001999998,-1.000998999,False
4053537_2026-09-02T06:10:32.136802+00:00,-1.002,-1.002000016,-1.0010080080000001,False
4053802_2026-09-02T06:25:30.058043+00:00,-1.002,-1.00200007,-1.001035035,False
4053889_2026-09-02T06:40:30.413063+00:00,0.6647,0.66469996,0.6656799800000002,False
4054244_2026-09-02T06:55:30.397677+00:00,-1.002,-1.001999998,-1.0009989990000001,False
4054374_2026-09-02T07:10:30.069733+00:00,0.1091,0.10910002,0.11011000999999992,False
4054419_2026-09-02T07:25:30.119651+00:00,-1.002,-1.001999998,-1.000998999,False
4054741_2026-09-02T07:40:30.472749+00:00,-1.002,-1.002000038,-1.001019019,False
4054835_2026-09-02T07:55:30.616529+00:00,-1.002,-1.002,-1.001,False
4055118_2026-09-02T08:10:30.194217+00:00,-1.002,-1.001999968,-1.0009839839999999,False
4055531_2026-09-02T08:25:30.300841+00:00,-1.002,-1.002000004,-1.001002002,False
4055623_2026-09-02T08:40:30.332009+00:00,-1.002,-1.002,-1.001,False
4056497_2026-09-02T08:55:30.074170+00:00,-1.002,-1.002,-1.001,False
4056826_2026-09-02T09:10:30.169089+00:00,0.0132,0.013200056,0.01422802800000002,False
4056859_2026-09-02T09:25:30.151698+00:00,-1.002,-1.002,-1.001,False
4056898_2026-09-02T09:40:30.349622+00:00,-1.002,-1.002,-1.001,False
4057155_2026-09-02T09:55:30.206337+00:00,0.0184,0.018400016,0.01940800799999998,False
4057360_2026-09-02T10:10:30.137492+00:00,-1.002,-1.002,-1.001,False
4057583_2026-09-02T10:25:30.394350+00:00,-1.002,-1.001999946,-1.000972973,False
4057740_2026-09-02T10:40:30.419477+00:00,7.3313,7.331300008,7.332304004,False
4058167_2026-09-02T10:55:30.385352+00:00,2.8442,2.844199976,2.8451879879999997,False
4058257_2026-09-02T11:10:30.241169+00:00,1.1257,1.1256999619999999,1.126680981,False
4058318_2026-09-02T11:25:30.287388+00:00,-1.002,-1.002,-1.001,False
4059545_2026-09-02T13:10:34.493141+00:00,0.0112,0.0111999432,0.01217157159999995,False
4059574_2026-09-02T13:25:30.084200+00:00,0.2638,0.26380003599999996,0.264818018,False
4059625_2026-09-02T13:40:30.301808+00:00,18.998,18.998,18.999,False
4059773_2026-09-02T13:55:30.467705+00:00,-1.002,-1.001999998,-1.000998999,False
4059868_2026-09-02T14:10:30.191353+00:00,0.1216,0.121599992,0.12259599600000004,False
4060018_2026-09-02T14:25:30.305062+00:00,3.1647,3.164699984,3.1656919919999997,False
4060072_2026-09-02T14:40:30.184758+00:00,-1.002,-1.002,-1.001,False
4060714_2026-09-02T14:55:30.354179+00:00,-1.002,-1.002000004,-1.001002002,False
4060792_2026-09-02T15:10:30.142866+00:00,-1.002,-1.001999998,-1.000998999,False
4060977_2026-09-02T15:40:30.172427+00:00,0.1091,0.10910002,0.11011000999999992,False
4061114_2026-09-02T15:55:30.113542+00:00,-1.002,-1.002000016,-1.0010080080000001,False
4061837_2026-09-02T16:10:30.444434+00:00,0.5365,0.53649995,0.5374749750000001,False
4062137_2026-09-02T16:25:30.294581+00:00,0.0184,0.018400016,0.01940800799999998,False
4062517_2026-09-02T16:40:30.065758+00:00,-1.002,-1.001999998,-1.000998999,False
4063461_2026-09-02T16:55:30.315132+00:00,-1.002,-1.001999998,-1.0009989990000001,False
4063586_2026-09-02T17:10:30.221646+00:00,-1.002,-1.002000016,-1.0010080080000001,False
4063776_2026-09-02T17:25:30.334085+00:00,-1.002,-1.001999998,-1.000998999,False
4064017_2026-09-02T17:40:30.300165+00:00,0.0733,0.073299942,0.07427097099999987,False
4065049_2026-09-02T17:55:30.182462+00:00,0.085,0.08499991999999999,0.08595995999999993,False
4065104_2026-09-02T18:10:24.698940+00:00,0.3869,0.38689998400000003,0.387891992,False
4065331_2026-09-02T18:40:19.171559+00:00,-1.002,-1.002,-1.001,False
4067407_2026-09-02T19:10:15.820449+00:00,0.6373,0.637300054,0.638327027,False
4068072_2026-09-02T19:25:16.545432+00:00,-1.002,-1.002,-1.001,False
4068145_2026-09-02T19:40:16.018336+00:00,1.2707,1.270700024,1.2717120119999998,False
4069626_2026-09-02T19:55:15.800766+00:00,3.998,3.998,3.999,False
4070337_2026-09-02T20:10:15.972641+00:00,0.1474,0.147400044,0.14842202200000004,False
4070755_2026-09-02T20:25:15.582523+00:00,0.1474,0.147400044,0.14842202200000004,False
4071693_2026-09-02T20:40:15.611496+00:00,-1.002,-1.002000072,-1.001036036,False
4076988_2026-09-02T20:55:15.775078+00:00,0.2801,0.280099924,0.28106196200000005,False
4077044_2026-09-02T21:10:15.537525+00:00,-1.002,-1.002000012,-1.0010060060000001,False
4077600_2026-09-02T21:25:15.489304+00:00,-1.002,-1.001999998,-1.000998999,False
4080297_2026-09-02T21:40:15.855283+00:00,0.085,0.08499991999999999,0.08595995999999993,False
4080603_2026-09-02T21:55:15.759659+00:00,-1.002,-1.002,-1.001,False
4082750_2026-09-02T22:25:15.726514+00:00,-1.002,-1.002,-1.001,False
4086900_2026-09-02T22:55:15.488928+00:00,-1.002,-1.002,-1.001,False
4087832_2026-09-02T23:10:15.639851+00:00,0.003,0.00300005,0.004025025000000057,False
4088574_2026-09-02T23:25:15.483031+00:00,-1.002,-1.001999998,-1.0009989990000001,False
4091627_2026-09-02T23:40:15.590875+00:00,-1.002,-1.002,-1.001,False
4092959_2026-09-02T23:55:15.481777+00:00,0.0184,0.018400016,0.01940800799999998,False
4093831_2026-09-03T00:10:17.944157+00:00,-1.002,-1.002,-1.001,False
4094661_2026-09-03T00:25:15.595842+00:00,-1.002,-1.002,-1.001,False
4095924_2026-09-03T00:40:15.783967+00:00,0.2638,0.26380003599999996,0.264818018,False
4096511_2026-09-03T00:55:15.675671+00:00,-1.002,-1.001999998,-1.0009989990000001,False
4097391_2026-09-03T01:10:15.654980+00:00,0.0061,0.0060999296,0.007064764800000094,False
4098128_2026-09-03T01:25:15.872437+00:00,-1.002,-1.002000016,-1.0010080080000001,False
4099113_2026-09-03T01:40:15.671139+00:00,-1.002,-1.002000064,-1.0010320320000001,False
4099411_2026-09-03T01:55:15.571486+00:00,0.2967,0.296700002,0.297701001,False
4100364_2026-09-03T02:10:15.597965+00:00,3.1647,3.164699984,3.1656919919999997,False
4100432_2026-09-03T02:25:15.752510+00:00,0.4473,0.447299966,0.4482829830000001,False
4101203_2026-09-03T02:40:15.819676+00:00,0.0969,0.096900002,0.09790100100000002,False
4102108_2026-09-03T02:55:15.732202+00:00,0.1608,0.160799984,0.16179199200000005,False
4102972_2026-09-03T03:10:15.764984+00:00,10.1091,10.109100002,10.110101001,False
4103120_2026-09-03T03:25:15.672947+00:00,-1.002,-1.001999992,-1.0009959959999999,False
4103912_2026-09-03T03:40:15.511381+00:00,-1.002,-1.001999998,-1.000998999,False
4104033_2026-09-03T03:55:15.777403+00:00,0.1216,0.121599992,0.12259599600000004,False
4105052_2026-09-03T04:10:15.897633+00:00,-1.002,-1.002000064,-1.0010320320000001,False
4105509_2026-09-03T04:25:15.570967+00:00,-1.002,-1.001999998,-1.000998999,False
4106702_2026-09-03T04:40:15.707037+00:00,-1.002,-1.002000016,-1.0010080080000001,False
4106992_2026-09-03T04:55:15.627029+00:00,0.0081,0.008100002,0.009101001000000027,False
4108243_2026-09-03T05:10:15.728723+00:00,-1.002,-1.001999998,-1.000998999,False
4108820_2026-09-03T05:25:15.707488+00:00,-1.002,-1.0020000004,-1.0010002001999998,False
4109931_2026-09-03T05:40:15.534523+00:00,0.003,0.00300005,0.004025025000000057,False
4111765_2026-09-03T06:10:16.930661+00:00,-1.002,-1.001999998,-1.000998999,False
4112458_2026-09-03T06:25:15.812852+00:00,0.2175,0.21750002,0.2185100100000001,False
4113486_2026-09-03T06:40:15.699879+00:00,0.8162,0.81619998,0.8171899899999999,False
4113699_2026-09-03T06:55:15.867404+00:00,2.3313,2.33130002,2.33231001,False
4114484_2026-09-03T07:10:15.550597+00:00,0.0289,0.028900054,0.029927027000000037,False
4114920_2026-09-03T07:25:15.688334+00:00,-1.002,-1.002,-1.001,False
4115526_2026-09-03T07:40:15.634323+00:00,-1.002,-1.002000016,-1.001008008,False
4116479_2026-09-03T08:10:15.761770+00:00,0.004,0.004000072,0.0050360360000000414,False
4116599_2026-09-03T08:25:15.589466+00:00,3.1647,3.164699984,3.1656919919999997,False
4116646_2026-09-03T08:40:15.875146+00:00,-1.002,-1.002000016,-1.0010080080000001,False
4116852_2026-09-03T08:55:15.618108+00:00,-1.002,-1.002000016,-1.0010080080000001,False
4116919_2026-09-03T09:10:15.745264+00:00,0.3494,0.34939992799999997,0.350363964,False
4117184_2026-09-03T09:25:15.509618+00:00,-1.002,-1.001999998,-1.0009989990000001,False
4117916_2026-09-03T09:40:15.979518+00:00,-1.002,-1.001999988,-1.000993994,False
4117980_2026-09-03T09:55:15.501780+00:00,-1.002,-1.002000004,-1.001002002,False
4118905_2026-09-03T10:10:15.677794+00:00,-1.002,-1.001999982,-1.0009909909999999,False
4119581_2026-09-03T10:25:15.585501+00:00,0.0618,0.06180005599999999,0.0628280280000001,False
4120581_2026-09-03T10:40:15.547772+00:00,-1.002,-1.002000004,-1.001002002,False
4120749_2026-09-03T10:55:15.616411+00:00,0.0081,0.008100002,0.009101001000000027,False
4121596_2026-09-03T11:10:15.838055+00:00,0.1885,0.18849996,0.18947998,False
4122679_2026-09-03T11:25:15.851802+00:00,0.0618,0.06180005599999999,0.0628280280000001,False
4124501_2026-09-03T11:40:16.069956+00:00,0.7837,0.7837000159999999,0.784708008,False
4125152_2026-09-03T11:55:15.644023+00:00,1.6296,1.629599984,1.630591992,False
4126109_2026-09-03T12:10:17.889568+00:00,1.437,1.4370000200000002,1.4380100100000002,False
4127150_2026-09-03T12:25:15.601946+00:00,-1.002,-1.002000012,-1.0010060060000001,False
4130471_2026-09-03T13:10:15.655005+00:00,-1.002,-1.002000016,-1.0010080080000001,False
4131214_2026-09-03T13:25:15.694964+00:00,-1.002,-1.001999968,-1.0009839839999999,False
4133930_2026-09-03T13:55:15.662358+00:00,-1.002,-1.002,-1.001,False
4134807_2026-09-03T14:10:15.880846+00:00,0.6929,0.692900018,0.6939090090000001,False
4138325_2026-09-03T14:40:15.578100+00:00,0.3679,0.36789994600000003,0.3688729729999999,False
4139181_2026-09-03T14:55:15.577313+00:00,0.003,0.00300005,0.004025025000000057,False
4140035_2026-09-03T15:10:15.757106+00:00,0.4065,0.40649992999999995,0.40746496500000007,False
4140815_2026-09-03T15:25:15.981764+00:00,0.2326,0.232599948,0.23357397399999985,False
4143707_2026-09-03T15:40:15.762532+00:00,0.0289,0.028900054,0.029927027000000037,False
4143906_2026-09-03T15:55:15.734367+00:00,0.0081,0.008100002,0.009101001000000027,False
4144832_2026-09-03T16:10:15.629681+00:00,-1.002,-1.001999998,-1.000998999,False
4145755_2026-09-03T16:25:15.564016+00:00,-1.002,-1.002,-1.001,False
4148935_2026-09-03T16:40:16.094927+00:00,0.1474,0.147400044,0.14842202200000004,False
4149478_2026-09-03T16:55:15.757962+00:00,0.0289,0.028900054,0.029927027000000037,False
4150308_2026-09-03T17:10:15.675675+00:00,0.9211,0.921099976,0.9220879879999999,False
4151083_2026-09-03T17:25:15.570495+00:00,-1.002,-1.001999968,-1.0009839839999999,False
4153759_2026-09-03T17:40:15.903878+00:00,1.0813,1.081300032,1.082316016,False
4154439_2026-09-03T17:55:15.484451+00:00,-1.002,-1.002000052,-1.0010260260000001,False
4155273_2026-09-03T18:10:17.995098+00:00,0.9211,0.921099976,0.9220879879999999,False
4156066_2026-09-03T18:25:15.578081+00:00,-1.002,-1.002000052,-1.0010260260000001,False
4159316_2026-09-03T18:40:15.830239+00:00,0.9211,0.921099976,0.9220879879999999,False
4160164_2026-09-03T18:55:15.652988+00:00,0.9211,0.921099976,0.9220879879999999,False
4162167_2026-09-03T19:10:15.805241+00:00,-1.002,-1.002000052,-1.0010260260000001,False
4163561_2026-09-03T19:25:15.604714+00:00,0.0506,0.05060006,0.05163003000000006,False
4167009_2026-09-03T19:40:15.514781+00:00,-1.002,-1.00199994,-1.0009699699999999,False
4168259_2026-09-03T19:55:15.576039+00:00,0.0618,0.06180005599999999,0.0628280280000001,False
4169488_2026-09-03T20:10:15.577751+00:00,-1.002,-1.001999988,-1.000993994,False
4170744_2026-09-03T20:25:15.595619+00:00,1.0388,1.038800016,1.039808008,False
4171461_2026-09-03T20:40:15.798288+00:00,-1.002,-1.001999976,-1.0009879879999999,False
4174400_2026-09-03T20:55:15.590389+00:00,-1.002,-1.00200004,-1.00102002,False
4174501_2026-09-03T21:10:15.829909+00:00,1.2202,1.22020002,1.22121001,False
4175048_2026-09-03T21:25:15.901855+00:00,4.2612,4.261199984,4.262191992,False
4175116_2026-09-03T21:40:15.675522+00:00,-1.002,-1.001999996,-1.0009979979999999,False
4175400_2026-09-03T21:55:15.605026+00:00,0.1885,0.18849996,0.18947998,False
4176050_2026-09-03T22:10:15.709861+00:00,-1.002,-1.002000004,-1.001002002,False
4176169_2026-09-03T22:25:15.490060+00:00,-1.002,-1.002,-1.001,False
4176517_2026-09-03T22:40:15.931451+00:00,0.8848,0.884799992,0.8857959959999999,False
4176886_2026-09-03T22:55:15.719440+00:00,-1.002,-1.001999998,-1.0009989990000001,False
4177086_2026-09-03T23:10:15.666162+00:00,0.2326,0.232599948,0.23357397399999985,False
4177381_2026-09-03T23:25:15.665959+00:00,0.4065,0.40649992999999995,0.40746496500000007,False
4177436_2026-09-03T23:40:15.661900+00:00,-1.002,-1.00200004,-1.00102002,False
4178161_2026-09-03T23:55:15.477242+00:00,0.4065,0.40649992999999995,0.40746496500000007,False
4178367_2026-09-04T00:10:17.197613+00:00,-1.002,-1.001999996,-1.0009979979999999,False
4178470_2026-09-04T00:25:15.587981+00:00,-1.002,-1.002000016,-1.001008008,False
4178526_2026-09-04T00:40:15.527872+00:00,0.0184,0.018400016,0.01940800799999998,False
4178637_2026-09-04T00:55:15.631154+00:00,-1.002,-1.002000004,-1.001002002,False
4178831_2026-09-04T01:10:15.535702+00:00,-1.002,-1.001999964,-1.000981982,False
4178973_2026-09-04T01:25:15.965344+00:00,-1.002,-1.001999998,-1.000998999,False
4179045_2026-09-04T01:40:15.874351+00:00,-1.002,-1.00200004,-1.00102002,False
4179287_2026-09-04T01:55:15.547697+00:00,0.0081,0.008100002,0.009101001000000027,False
4179402_2026-09-04T02:10:15.911203+00:00,-1.002,-1.002,-1.001,False
4179569_2026-09-04T02:25:15.488603+00:00,-1.002,-1.002,-1.001,False
4179609_2026-09-04T02:40:15.588622+00:00,0.0184,0.018400016,0.01940800799999998,False
4180072_2026-09-04T02:55:15.610031+00:00,0.6109,0.610900004,0.6119020020000001,False
4180164_2026-09-04T03:10:15.613009+00:00,0.085,0.08499991999999999,0.08595995999999993,False
4180227_2026-09-04T03:25:15.653018+00:00,-1.002,-1.002,-1.001,False
4180271_2026-09-04T03:40:15.788266+00:00,1.5621,1.562100002,1.563101001,False
4180384_2026-09-04T03:55:15.801899+00:00,0.6373,0.637300054,0.638327027,False
4180579_2026-09-04T04:10:15.581574+00:00,1.2707,1.270700024,1.2717120119999998,False
4180907_2026-09-04T04:25:15.731730+00:00,0.0081,0.008100002,0.009101001000000027,False
4182005_2026-09-04T04:55:15.635481+00:00,0.1091,0.10910002,0.11011000999999992,False
4182463_2026-09-04T05:10:15.825583+00:00,-1.002,-1.001999998,-1.0009989990000001,False
4182667_2026-09-04T05:25:15.621665+00:00,0.0289,0.028900054,0.029927027000000037,False
4182700_2026-09-04T05:40:15.593197+00:00,-1.002,-1.001999998,-1.0009989990000001,False
4182957_2026-09-04T05:55:15.828348+00:00,10.1091,10.109100002,10.110101001,False
4183143_2026-09-04T06:10:18.568523+00:00,0.2028,0.20280003200000002,0.2038160160000001,False
4183282_2026-09-04T06:25:15.631874+00:00,-1.002,-1.001999998,-1.000998999,False
4183320_2026-09-04T06:40:15.599966+00:00,0.2638,0.26380003599999996,0.264818018,False
4183725_2026-09-04T06:55:15.759556+00:00,-1.002,-1.002,-1.001,False
4183969_2026-09-04T07:10:15.749896+00:00,0.0184,0.018400016,0.01940800799999998,False
4184200_2026-09-04T07:25:15.725439+00:00,-1.002,-1.002000004,-1.001002002,False
4184355_2026-09-04T07:40:15.871333+00:00,-1.002,-1.002,-1.001,False
4184439_2026-09-04T07:55:15.588216+00:00,-1.002,-1.001999998,-1.000998999,False
4184565_2026-09-04T08:10:16.077695+00:00,0.1745,0.17449995,0.17547497499999995,False
4184851_2026-09-04T08:40:16.017461+00:00,0.2967,0.296700002,0.297701001,False
4185089_2026-09-04T08:55:15.719881+00:00,0.0397,0.039699936,0.04066796800000004,False
4185160_2026-09-04T09:10:15.953244+00:00,-1.002,-1.001999998,-1.000998999,False
4185436_2026-09-04T09:25:15.665255+00:00,-1.002,-1.001999998,-1.0009989990000001,False
4185596_2026-09-04T09:40:15.528652+00:00,0.0618,0.06180005599999999,0.0628280280000001,False
4185671_2026-09-04T09:55:15.513129+00:00,-1.002,-1.002000024,-1.0010120120000001,False
4185731_2026-09-04T10:10:15.806984+00:00,-1.002,-1.002,-1.001,False
4186044_2026-09-04T10:25:15.598651+00:00,11.498,11.498,11.499,False
4186086_2026-09-04T10:40:15.636811+00:00,0.0184,0.018400016,0.01940800799999998,False
4186228_2026-09-04T10:55:15.636562+00:00,0.1885,0.18849996,0.18947998,False
4186338_2026-09-04T11:10:15.890397+00:00,1.5621,1.562100002,1.563101001,False
4186590_2026-09-04T11:25:15.797065+00:00,0.1745,0.17449995,0.17547497499999995,False
4186724_2026-09-04T11:40:15.860555+00:00,-1.002,-1.001999998,-1.0009989990000001,False
4187098_2026-09-04T11:55:15.699999+00:00,-1.002,-1.001999956,-1.0009779779999999,False
4187361_2026-09-04T12:10:18.430676+00:00,-1.002,-1.00199998,-1.0009899899999999,False
4187479_2026-09-04T12:25:15.719434+00:00,1.7007,1.700700002,1.7017010010000002,False
4187587_2026-09-04T12:40:15.930132+00:00,-1.002,-1.002,-1.001,False
4187664_2026-09-04T12:55:15.596520+00:00,-1.002,-1.00200001,-1.001005005,False
4187944_2026-09-04T13:10:15.901222+00:00,-1.002,-1.002000016,-1.0010080080000001,False
4188094_2026-09-04T13:25:15.499744+00:00,0.0397,0.039699936,0.04066796800000004,False
4188148_2026-09-04T13:40:15.635264+00:00,0.5853,0.5853000020000001,0.5863010009999999,False
4188508_2026-09-04T13:55:15.758617+00:00,-1.002,-1.00199998,-1.0009899899999999,False
4188870_2026-09-04T14:10:15.611408+00:00,2.0283,2.028300002,2.029301001,False
4189388_2026-09-04T14:25:15.585364+00:00,-1.002,-1.002000014,-1.001007007,False
4189473_2026-09-04T14:40:15.534777+00:00,-1.002,-1.001999996,-1.0009979979999999,False
4189911_2026-09-04T14:55:15.813305+00:00,-1.002,-1.00200001,-1.001005005,False
4190070_2026-09-04T15:10:15.585518+00:00,0.0289,0.028900054,0.029927027000000037,False
4190286_2026-09-04T15:25:15.701818+00:00,0.0506,0.05060006,0.05163003000000006,False
4190356_2026-09-04T15:40:15.636816+00:00,0.0733,0.073299942,0.07427097099999987,False
4190550_2026-09-04T15:55:15.688608+00:00,-1.002,-1.001999998,-1.000998999,False
4190713_2026-09-04T16:10:15.760570+00:00,0.2638,0.26380003599999996,0.264818018,False
4190907_2026-09-04T16:25:15.652912+00:00,0.1344,0.134399936,0.13536796800000003,False
4190973_2026-09-04T16:40:15.601467+00:00,0.0289,0.028900054,0.029927027000000037,False
4191381_2026-09-04T16:55:15.928808+00:00,-1.002,-1.002,-1.001,False
4191508_2026-09-04T17:10:15.930289+00:00,-1.002,-1.001999998,-1.000998999,False
4191616_2026-09-04T17:25:15.628627+00:00,-1.002,-1.001999992,-1.0009959959999999,False
4191662_2026-09-04T17:40:15.577804+00:00,-1.002,-1.00200007,-1.001035035,False
4192116_2026-09-04T17:55:15.536499+00:00,-1.002,-1.001999988,-1.000993994,False
4247769_2026-09-06T14:40:17.185076+00:00,1.1719,1.171900012,1.172906006,False
4249934_2026-09-06T14:55:16.440307+00:00,-1.002,-1.001999998,-1.0009989990000001,False
4250042_2026-09-06T15:10:18.397477+00:00,-1.002,-1.00199998,-1.00098999,False
4250167_2026-09-06T15:25:16.181073+00:00,0.0506,0.05060006,0.05163003000000006,False
4250311_2026-09-06T15:40:16.078914+00:00,0.1216,0.121599992,0.12259599600000004,False
4250653_2026-09-06T15:55:15.818957+00:00,1.7007,1.700700002,1.7017010010000002,False
4250962_2026-09-06T16:10:15.882830+00:00,-1.002,-1.001999998,-1.000998999,False
4251125_2026-09-06T16:25:15.752911+00:00,7.3313,7.331300008,7.332304004,False
4251478_2026-09-06T16:40:31.720639+00:00,0.4065,0.40649992999999995,0.40746496500000007,False
4251923_2026-09-06T16:55:31.694469+00:00,-1.002,-1.001999998,-1.000998999,False
4252369_2026-09-06T17:10:31.605679+00:00,-1.002,-1.00200001,-1.001005005,False
4252601_2026-09-06T17:25:31.893016+00:00,0.0081,0.008100002,0.009101001000000027,False
4252793_2026-09-06T17:40:31.922105+00:00,0.1474,0.147400044,0.14842202200000004,False
4253280_2026-09-06T17:55:31.892803+00:00,-1.002,-1.00199998,-1.0009899899999999,False
4253391_2026-09-06T18:10:31.708868+00:00,0.0081,0.008100002,0.009101001000000027,False
4253494_2026-09-06T18:25:31.918927+00:00,0.2326,0.232599948,0.23357397399999985,False
4254225_2026-09-06T18:40:31.921491+00:00,0.0733,0.073299942,0.07427097099999987,False
4254714_2026-09-06T18:55:31.802349+00:00,2.998,2.998,2.999,False
4255458_2026-09-06T19:10:31.919528+00:00,-1.002,-1.002,-1.001,False
4256041_2026-09-06T19:25:31.764463+00:00,-1.002,-1.002000052,-1.0010260260000001,False
4256488_2026-09-06T19:40:31.892880+00:00,-1.002,-1.002,-1.001,False
4257033_2026-09-06T19:55:31.649658+00:00,0.3313,0.33130005,0.332325025,False
4257971_2026-09-06T20:10:31.615831+00:00,-1.002,-1.001999998,-1.000998999,False
4259002_2026-09-06T20:25:31.661361+00:00,0.003,0.00300005,0.004025025000000057,False
4260121_2026-09-06T20:40:31.604624+00:00,1.5621,1.562100002,1.563101001,False
4264547_2026-09-06T20:55:31.881911+00:00,-1.002,-1.001999998,-1.000998999,False
4264716_2026-09-06T21:10:31.652303+00:00,0.0184,0.018400016,0.01940800799999998,False
4265403_2026-09-06T21:25:31.797783+00:00,-1.002,-1.00199998,-1.0009899899999999,False
4266150_2026-09-06T21:40:31.753619+00:00,-1.002,-1.002000016,-1.0010080080000001,False
4266587_2026-09-06T21:55:31.685402+00:00,0.3494,0.34939992799999997,0.350363964,False
4267093_2026-09-06T22:10:31.792664+00:00,-1.002,-1.0020000016,-1.0010008007999998,False
4267317_2026-09-06T22:25:31.631222+00:00,0.8499,0.849899948,0.850873974,False
4267469_2026-09-06T22:40:31.823189+00:00,0.0081,0.008100002,0.009101001000000027,False
4268403_2026-09-06T22:55:32.052938+00:00,0.1474,0.147400044,0.14842202200000004,False
4268842_2026-09-06T23:10:31.601019+00:00,0.0506,0.05060006,0.05163003000000006,False
4269043_2026-09-06T23:25:31.865786+00:00,-1.002,-1.002000016,-1.0010080080000001,False
4270799_2026-09-06T23:55:31.925671+00:00,-1.002,-1.001999982,-1.0009909909999999,False
4270903_2026-09-07T00:10:31.931288+00:00,-1.002,-1.00200004,-1.00102002,False
4271242_2026-09-07T00:25:31.853691+00:00,-1.002,-1.002,-1.001,False
4271300_2026-09-07T00:40:31.609632+00:00,-1.002,-1.001999998,-1.000998999,False
4271456_2026-09-07T00:55:32.082408+00:00,-1.002,-1.00200004,-1.00102002,False
4271596_2026-09-07T01:10:31.599106+00:00,-1.002,-1.002,-1.001,False
4271731_2026-09-07T01:25:31.793615+00:00,-1.002,-1.002000012,-1.0010060060000001,False
4271778_2026-09-07T01:40:31.688448+00:00,-1.002,-1.002,-1.001,False
4271953_2026-09-07T01:55:31.606303+00:00,0.0506,0.05060006,0.05163003000000006,False
4272032_2026-09-07T02:10:31.615639+00:00,-1.002,-1.002,-1.001,False
4272210_2026-09-07T02:25:31.851489+00:00,0.0081,0.008100002,0.009101001000000027,False
4272254_2026-09-07T02:40:31.923951+00:00,0.0091,0.0091000442,0.010122122100000023,False
4272615_2026-09-07T02:55:31.615723+00:00,-1.002,-1.002,-1.001,False
4272688_2026-09-07T03:10:33.821692+00:00,-1.002,-1.001999998,-1.000998999,False
4272881_2026-09-07T03:25:31.929759+00:00,-1.002,-1.002000016,-1.001008008,False
4272912_2026-09-07T03:40:31.691367+00:00,-1.002,-1.002000012,-1.0010060060000001,False
4273007_2026-09-07T03:55:31.955307+00:00,-1.002,-1.00199998,-1.00098999,False
4273923_2026-09-07T04:10:31.686927+00:00,0.1608,0.160799984,0.16179199200000005,False
4274247_2026-09-07T04:25:31.825830+00:00,-1.002,-1.002,-1.001,False
4274761_2026-09-07T04:40:31.613187+00:00,0.8162,0.81619998,0.8171899899999999,False
4275582_2026-09-07T04:55:31.786685+00:00,0.2638,0.26380003599999996,0.264818018,False
4276669_2026-09-07T05:10:31.605909+00:00,0.7524,0.752399984,0.7533919920000002,False
4277004_2026-09-07T05:25:31.657396+00:00,0.0289,0.028900054,0.029927027000000037,False
4277156_2026-09-07T05:40:31.992406+00:00,1.1257,1.1256999619999999,1.126680981,False
4277461_2026-09-07T05:55:31.908947+00:00,-1.002,-1.001999998,-1.0009989990000001,False
4277935_2026-09-07T06:10:31.762329+00:00,0.3494,0.34939992799999997,0.350363964,False
4278352_2026-09-07T06:25:25.809154+00:00,-1.002,-1.001999998,-1.0009989990000001,False
4278408_2026-09-07T06:40:25.725434+00:00,-1.002,-1.002000016,-1.0010080080000001,False
4278736_2026-09-07T06:55:25.602304+00:00,-1.002,-1.001999984,-1.0009919919999999,False
4279032_2026-09-07T07:10:25.670054+00:00,-1.002,-1.001999956,-1.0009779779999999,False
4279125_2026-09-07T07:25:05.873133+00:00,-1.002,-1.002,-1.001,False
4279354_2026-09-07T07:40:05.880958+00:00,-1.002,-1.002,-1.001,False
4279654_2026-09-07T07:55:05.867487+00:00,0.1344,0.134399936,0.13536796800000003,False
4280063_2026-09-07T08:10:05.998317+00:00,0.0289,0.028900054,0.029927027000000037,False
4280457_2026-09-07T08:25:06.030564+00:00,-1.002,-1.001999976,-1.0009879879999999,False
4280571_2026-09-07T08:40:05.999197+00:00,2.2238,2.223800004,2.2248020019999997,False
4281662_2026-09-07T08:55:05.972617+00:00,-1.002,-1.001999998,-1.0009989990000001,False
4282020_2026-09-07T09:10:05.947623+00:00,0.0397,0.039699936,0.04066796800000004,False
4282410_2026-09-07T09:25:05.954418+00:00,-1.002,-1.002,-1.001,False
4282492_2026-09-07T09:40:05.824086+00:00,-1.002,-1.002,-1.001,False
4283350_2026-09-07T09:55:05.794246+00:00,-1.002,-1.002000016,-1.0010080080000001,False
4283564_2026-09-07T10:10:05.843363+00:00,0.3679,0.36789994600000003,0.3688729729999999,False
4283699_2026-09-07T10:25:06.057879+00:00,0.4266,0.42659996,0.4275799800000002,False
4283740_2026-09-07T10:40:05.877093+00:00,1.5621,1.562100002,1.563101001,False
4284141_2026-09-07T10:55:05.830522+00:00,-1.002,-1.002,-1.001,False
4284494_2026-09-07T11:10:05.703623+00:00,5.248,5.248,5.249,False
4284880_2026-09-07T11:25:30.768995+00:00,0.1344,0.134399936,0.13536796800000003,False
4284951_2026-09-07T11:40:30.859686+00:00,-1.002,-1.002000016,-1.0010080080000001,False
4285753_2026-09-07T11:55:30.528637+00:00,0.6373,0.637300054,0.638327027,False
4285950_2026-09-07T12:10:30.484057+00:00,0.1474,0.147400044,0.14842202200000004,False
4286269_2026-09-07T12:25:30.627641+00:00,0.1091,0.10910002,0.11011000999999992,False
4286571_2026-09-07T12:40:30.573469+00:00,-1.002,-1.002000004,-1.001002002,False
4287048_2026-09-07T12:55:30.542635+00:00,0.0081,0.008100002,0.009101001000000027,False
4287299_2026-09-07T13:10:30.732872+00:00,-1.002,-1.002,-1.001,False
4287773_2026-09-07T13:25:30.695157+00:00,0.4266,0.42659996,0.4275799800000002,False
4288387_2026-09-07T13:40:30.693204+00:00,-1.002,-1.0020000008,-1.0010004004,False
4288625_2026-09-07T13:55:30.534352+00:00,-1.002,-1.00200007,-1.001035035,False
4288910_2026-09-07T14:10:30.671864+00:00,-1.002,-1.002,-1.001,False
4289498_2026-09-07T14:25:30.726232+00:00,-1.002,-1.002000016,-1.0010080080000001,False
4290362_2026-09-07T14:40:31.016050+00:00,-1.002,-1.001999998,-1.0009989990000001,False
4291697_2026-09-07T14:55:30.702784+00:00,0.0091,0.0091000442,0.010122122100000023,False
4292027_2026-09-07T15:10:31.690595+00:00,-1.002,-1.002000004,-1.001002002,False
4292624_2026-09-07T15:25:30.601060+00:00,-1.002,-1.002,-1.001,False
4293059_2026-09-07T15:40:30.697018+00:00,-1.002,-1.002,-1.001,False
4293240_2026-09-07T15:55:30.462952+00:00,0.2967,0.296700002,0.297701001,False
4293912_2026-09-07T16:10:30.640759+00:00,0.1885,0.18849996,0.18947998,False
4294397_2026-09-07T16:25:30.605404+00:00,-1.002,-1.002,-1.001,False
4294828_2026-09-07T16:40:05.409844+00:00,0.001,0.0010000180000000005,0.00200900900000004,False
4296218_2026-09-07T16:55:05.278257+00:00,0.8848,0.884799992,0.8857959959999999,False
4297088_2026-09-07T17:10:05.206122+00:00,0.0506,0.05060006,0.05163003000000006,False
4297351_2026-09-07T17:25:05.413463+00:00,-1.002,-1.002000024,-1.0010120120000001,False
4297539_2026-09-07T17:40:05.302504+00:00,1.0813,1.081300032,1.082316016,False
4298306_2026-09-07T17:55:05.428710+00:00,0.3679,0.36789994600000003,0.3688729729999999,False
4299333_2026-09-07T18:10:05.536930+00:00,-1.002,-1.002000008,-1.0010040040000001,False
4299601_2026-09-07T18:25:05.212889+00:00,-1.002,-1.00199998,-1.0009899899999999,False
4299855_2026-09-07T18:40:05.200966+00:00,4.8804,4.880399983999999,4.881391991999999,False
4301022_2026-09-07T18:55:05.350679+00:00,0.085,0.08499991999999999,0.08595995999999993,False
4303040_2026-09-07T19:10:05.409542+00:00,-1.002,-1.002000016,-1.0010080080000001,False
4303585_2026-09-07T19:25:05.442351+00:00,0.0184,0.018400016,0.01940800799999998,False
4303723_2026-09-07T19:40:05.543175+00:00,0.0101,0.0101000904,0.011145245199999968,False
4304186_2026-09-07T19:55:05.222699+00:00,0.3494,0.34939992799999997,0.350363964,False
4304982_2026-09-07T20:10:05.383747+00:00,-1.002,-1.001999998,-1.000998999,False
4305860_2026-09-07T20:25:05.557774+00:00,-1.002,-1.002000014,-1.001007007,False
4305896_2026-09-07T20:40:05.408631+00:00,-1.002,-1.001999996,-1.0009979979999999,False
4309016_2026-09-07T20:55:05.193279+00:00,0.4905,0.49050004999999997,0.4915250249999999,False
4309484_2026-09-07T21:10:05.275659+00:00,3.7599,3.7599000019999997,3.760901001,False
4310214_2026-09-07T21:25:05.578895+00:00,-1.002,-1.00199998,-1.00098999,False
4310402_2026-09-07T21:40:05.224138+00:00,-1.002,-1.00200002,-1.00101001,False
4311314_2026-09-07T21:55:05.343187+00:00,-1.002,-1.001999996,-1.0009979979999999,False
4311610_2026-09-07T22:10:05.426676+00:00,-1.002,-1.001999996,-1.0009979979999999,False
4311724_2026-09-07T22:25:05.542378+00:00,-1.002,-1.00199995,-1.000974975,False
4311924_2026-09-07T22:40:05.176016+00:00,-1.002,-1.001999998,-1.000998999,False
4312285_2026-09-07T22:55:05.286939+00:00,0.0618,0.06180005599999999,0.0628280280000001,False
4312562_2026-09-07T23:10:05.278644+00:00,0.0184,0.018400016,0.01940800799999998,False
4312722_2026-09-07T23:25:05.211050+00:00,-1.002,-1.002,-1.001,False
4312968_2026-09-07T23:40:05.376841+00:00,0.3138,0.31379998400000003,0.3147919920000001,False
4313866_2026-09-07T23:55:05.528050+00:00,0.3869,0.38689998400000003,0.387891992,False
4314091_2026-09-08T00:10:05.252681+00:00,-1.002,-1.002000016,-1.0010080080000001,False
4314505_2026-09-08T00:25:05.453047+00:00,-1.002,-1.001999996,-1.0009979979999999,False
4314714_2026-09-08T00:40:05.519006+00:00,0.0081,0.008100002,0.009101001000000027,False
4314917_2026-09-08T00:55:05.452855+00:00,0.1745,0.17449995,0.17547497499999995,False
4315021_2026-09-08T01:10:05.171981+00:00,0.248,0.248,0.249,False
4315230_2026-09-08T01:25:05.497967+00:00,0.1344,0.134399936,0.13536796800000003,False
4315322_2026-09-08T01:40:05.467470+00:00,-1.002,-1.002000004,-1.001002002,False
4315597_2026-09-08T01:55:05.378396+00:00,0.0969,0.096900002,0.09790100100000002,False
4315804_2026-09-08T02:10:05.210429+00:00,-1.002,-1.002,-1.001,False
4316189_2026-09-08T02:25:05.520901+00:00,-1.002,-1.001999984,-1.0009919919999999,False
4316653_2026-09-08T02:40:05.271372+00:00,-1.002,-1.002,-1.001,False
4317689_2026-09-08T02:55:05.308399+00:00,-1.002,-1.001999998,-1.000998999,False
4318237_2026-09-08T03:10:07.632288+00:00,-1.002,-1.001999968,-1.0009839839999999,False
4318786_2026-09-08T03:25:05.338355+00:00,-1.002,-1.002,-1.001,False
4319073_2026-09-08T03:40:05.381307+00:00,0.0091,0.0091000442,0.010122122100000023,False
4319315_2026-09-08T03:55:05.193927+00:00,-1.002,-1.002,-1.001,False
4320031_2026-09-08T04:10:05.404857+00:00,-1.002,-1.002,-1.001,False
4320156_2026-09-08T04:25:05.290404+00:00,-1.002,-1.002,-1.001,False
4320739_2026-09-08T04:40:05.174844+00:00,-1.002,-1.002000034,-1.001017017,False
4321724_2026-09-08T04:55:05.539763+00:00,-1.002,-1.002000016,-1.0010080080000001,False
4322672_2026-09-08T05:10:05.371215+00:00,1.1257,1.1256999619999999,1.126680981,False
4322852_2026-09-08T05:25:05.371333+00:00,0.0969,0.096900002,0.09790100100000002,False
4323138_2026-09-08T05:40:05.253610+00:00,-1.002,-1.002,-1.001,False
4323313_2026-09-08T05:55:05.312216+00:00,-1.002,-1.001999984,-1.000991992,False
4323959_2026-09-08T06:25:09.239508+00:00,-1.002,-1.002,-1.001,False
4323982_2026-09-08T06:40:05.239678+00:00,0.6373,0.637300054,0.638327027,False
4324327_2026-09-08T06:55:05.608057+00:00,-1.002,-1.002,-1.001,False
4324599_2026-09-08T07:10:05.622170+00:00,0.1474,0.147400044,0.14842202200000004,False
4324840_2026-09-08T07:25:05.551841+00:00,0.248,0.248,0.249,False
4325077_2026-09-08T07:40:05.462510+00:00,-1.002,-1.002000008,-1.001004004,False
4325284_2026-09-08T07:55:05.689269+00:00,8.998,8.998,8.999,False
4325773_2026-09-08T08:10:05.384233+00:00,-1.002,-1.002,-1.001,False
4326137_2026-09-08T08:25:05.396994+00:00,0.3679,0.36789994600000003,0.3688729729999999,False
4326269_2026-09-08T08:40:05.529728+00:00,0.1885,0.18849996,0.18947998,False
4326955_2026-09-08T08:55:05.423523+00:00,-1.002,-1.002,-1.001,False
4327465_2026-09-08T09:10:05.591855+00:00,2.3313,2.33130002,2.33231001,False
4327643_2026-09-08T09:25:05.550916+00:00,-1.002,-1.002000016,-1.0010080080000001,False
4327928_2026-09-08T09:40:05.176194+00:00,0.0,8.000000000125962e-09,0.0010040040000000058,False
4328164_2026-09-08T09:55:05.523165+00:00,0.8162,0.81619998,0.8171899899999999,False
4328345_2026-09-08T10:10:05.636000+00:00,-1.002,-1.002000012,-1.0010060060000001,False
4328478_2026-09-08T10:25:05.303684+00:00,0.0184,0.018400016,0.01940800799999998,False
4328759_2026-09-08T10:40:05.342674+00:00,-1.002,-1.002,-1.001,False
4329001_2026-09-08T10:55:20.287356+00:00,-1.002,-1.001999998,-1.000998999,False
4329138_2026-09-08T11:10:20.116450+00:00,-1.002,-1.002,-1.001,False
4329566_2026-09-08T11:40:20.135053+00:00,-1.002,-1.001999996,-1.0009979979999999,False
4329828_2026-09-08T11:55:20.356444+00:00,-1.002,-1.001999998,-1.0009989990000001,False
4330004_2026-09-08T12:10:20.063641+00:00,-1.002,-1.001999998,-1.0009989990000001,False
4331866_2026-09-08T12:25:20.358201+00:00,0.1474,0.147400044,0.14842202200000004,False
4332090_2026-09-08T12:40:21.191823+00:00,-1.002,-1.002000038,-1.001019019,False
4333152_2026-09-08T12:55:28.471496+00:00,0.0289,0.028900054,0.029927027000000037,False
4333289_2026-09-08T13:10:35.125945+00:00,0.4065,0.40649992999999995,0.40746496500000007,False
4333593_2026-09-08T13:25:31.867309+00:00,-1.002,-1.002,-1.001,False
4334451_2026-09-08T14:10:32.892232+00:00,0.1344,0.134399936,0.13536796800000003,False
4335001_2026-09-08T14:25:33.430004+00:00,0.0184,0.018400016,0.01940800799999998,False
4335140_2026-09-08T14:40:36.195629+00:00,1.1257,1.1256999619999999,1.126680981,False
4336202_2026-09-08T15:10:30.486567+00:00,0.3138,0.31379998400000003,0.3147919920000001,False
4337476_2026-09-08T15:25:30.944261+00:00,-1.002,-1.001999998,-1.0009989990000001,False
4337945_2026-09-08T15:40:31.210227+00:00,0.0289,0.028900054,0.029927027000000037,False
4338157_2026-09-08T15:55:28.524987+00:00,0.085,0.08499991999999999,0.08595995999999993,False
4338516_2026-09-08T16:10:28.490790+00:00,-1.002,-1.002,-1.001,False
4338923_2026-09-08T16:25:28.503304+00:00,-1.002,-1.00200002,-1.0010100100000001,False
4339668_2026-09-08T16:55:28.380275+00:00,-1.002,-1.00199998,-1.0009899899999999,False
4340091_2026-09-08T17:10:28.283808+00:00,-1.002,-1.002000016,-1.0010080080000001,False
4340356_2026-09-08T17:25:20.863709+00:00,-1.002,-1.001999998,-1.000998999,False
4341009_2026-09-08T17:40:20.728305+00:00,-1.002,-1.002000016,-1.0010080080000001,False
4342270_2026-09-08T17:55:20.835689+00:00,-1.002,-1.002000076,-1.001038038,False
4342805_2026-09-08T18:10:20.714960+00:00,0.004,0.004000072,0.0050360360000000414,False
4342946_2026-09-08T18:25:20.986175+00:00,0.0184,0.018400016,0.01940800799999998,False
4343311_2026-09-08T18:40:20.762657+00:00,-1.002,-1.002,-1.001,False
4343942_2026-09-08T18:55:21.064464+00:00,-1.002,-1.002,-1.001,False
4345154_2026-09-08T19:10:21.358930+00:00,0.998,0.998,0.999,False
4345999_2026-09-08T19:25:21.180787+00:00,-1.002,-1.002,-1.001,False
4346054_2026-09-08T19:40:21.042446+00:00,-1.002,-1.001999998,-1.000998999,False
4346214_2026-09-08T19:55:21.212555+00:00,-1.002,-1.002000012,-1.0010060060000001,False
4346588_2026-09-08T20:10:20.997726+00:00,0.0081,0.008100002,0.009101001000000027,False
4347058_2026-09-08T20:25:21.082025+00:00,11.498,11.498,11.499,False
4347122_2026-09-08T20:40:20.879721+00:00,-1.002,-1.001999998,-1.0009989990000001,False
4349146_2026-09-08T20:55:20.849157+00:00,-1.002,-1.001999988,-1.000993994,False
4349431_2026-09-08T21:10:20.823423+00:00,0.1344,0.134399936,0.13536796800000003,False
4349750_2026-09-08T21:25:20.748620+00:00,-1.002,-1.002000016,-1.0010080080000001,False
4349853_2026-09-08T21:40:20.707516+00:00,-1.002,-1.001999988,-1.000993994,False
4349965_2026-09-08T21:55:20.919734+00:00,-1.002,-1.002,-1.001,False
4350190_2026-09-08T22:10:20.970984+00:00,-1.002,-1.002000024,-1.0010120120000001,False
4350621_2026-09-08T22:25:20.742444+00:00,0.2326,0.232599948,0.23357397399999985,False
4350707_2026-09-08T22:40:20.808621+00:00,-1.002,-1.001999998,-1.0009989990000001,False
4351162_2026-09-08T22:55:20.907922+00:00,0.2028,0.20280003200000002,0.2038160160000001,False
4351315_2026-09-08T23:10:20.863405+00:00,-1.002,-1.001999998,-1.000998999,False
4351426_2026-09-08T23:25:23.903757+00:00,-1.002,-1.002000012,-1.0010060060000001,False
4351488_2026-09-08T23:40:20.799397+00:00,-1.002,-1.001999984,-1.000991992,False
4352143_2026-09-08T23:55:21.112645+00:00,2.7017,2.701700002,2.702701001,False
4352319_2026-09-09T00:10:20.837568+00:00,0.0081,0.008100002,0.009101001000000027,False
4352448_2026-09-09T00:25:21.058095+00:00,-1.002,-1.001999998,-1.000998999,False
