opportunity_id,net_pnl,reproduced_net_pnl,new_net_pnl,sign_changed
2729464_2026-06-30T11:25:34.916740+00:00,-1.002,-1.002,-1.0,False
2729491_2026-06-30T11:40:34.883223+00:00,2.3313,2.33130002,2.33331,False
2729607_2026-06-30T11:55:34.320773+00:00,-1.002,-1.002000016,-1.0000079999999998,False
2729858_2026-06-30T12:10:35.281511+00:00,-1.002,-1.0020000002,-1.0000000999999998,False
2729890_2026-06-30T12:25:35.096042+00:00,-1.002,-1.002,-1.0,False
2730031_2026-06-30T12:55:00.654702+00:00,-1.002,-1.0020000008,-1.0000004,False
2730622_2026-06-30T14:40:18.495187+00:00,-1.002,-1.002,-1.0,False
2730735_2026-06-30T14:55:19.104008+00:00,-1.002,-1.002,-1.0,False
2730847_2026-06-30T15:10:18.255790+00:00,-1.002,-1.002000012,-1.0000060000000002,False
2732119_2026-06-30T16:25:22.808314+00:00,-1.002,-1.001999998,-0.9999990000000001,False
2733703_2026-06-30T18:40:21.888660+00:00,-1.002,-1.001999998,-0.999999,False
2734302_2026-06-30T19:10:23.085173+00:00,-1.002,-1.00199998,-0.9999899999999999,False
2734393_2026-06-30T19:25:23.550867+00:00,2.8442,2.844199976,2.8461879999999997,False
2735358_2026-06-30T20:25:23.413573+00:00,-1.002,-1.002,-1.0,False
2735405_2026-06-30T20:40:23.460546+00:00,-1.002,-1.00200002,-1.0000099999999998,False
2735630_2026-06-30T21:10:22.457816+00:00,-1.002,-1.001999998,-0.9999990000000001,False
2735690_2026-06-30T21:25:23.946634+00:00,7.3313,7.331300008,7.333304,False
2736105_2026-06-30T22:25:22.667434+00:00,-1.002,-1.002000016,-1.000008,False
2736143_2026-06-30T22:40:23.743935+00:00,-1.002,-1.001999998,-0.9999990000000001,False
2736210_2026-06-30T22:55:24.123342+00:00,4.2612,4.261199984,4.263192,False
2737182_2026-06-30T23:40:23.990463+00:00,-1.002,-1.00200002,-1.0000099999999998,False
2737933_2026-07-01T01:55:34.877126+00:00,-1.002,-1.001999998,-0.999999,False
2737978_2026-07-01T02:10:34.897683+00:00,1.8551,1.85510003,1.857115,False
2738111_2026-07-01T02:55:34.365052+00:00,-1.002,-1.001999998,-0.9999990000000001,False
2738157_2026-07-01T03:10:36.526383+00:00,-1.002,-1.00200001,-1.0000049999999998,False
2738193_2026-07-01T03:25:36.405309+00:00,-1.002,-1.001999998,-0.999999,False
2738782_2026-07-01T04:10:34.377049+00:00,-1.002,-1.002,-1.0,False
2739066_2026-07-01T04:55:34.598761+00:00,-1.002,-1.002,-1.0,False
2739503_2026-07-01T05:10:36.602104+00:00,-1.002,-1.002000012,-1.0000060000000002,False
2739537_2026-07-01T05:25:36.592889+00:00,-1.002,-1.002,-1.0,False
2739692_2026-07-01T05:55:35.887852+00:00,-1.002,-1.002,-1.0,False
2739722_2026-07-01T06:10:34.415182+00:00,-1.002,-1.002,-1.0,False
2739755_2026-07-01T06:25:35.872041+00:00,-1.002,-1.0020000008,-1.0000004,False
2739782_2026-07-01T06:40:36.598732+00:00,-1.002,-1.0019999968,-0.9999984000000001,False
2740295_2026-07-01T07:10:36.348803+00:00,-1.002,-1.002,-1.0,False
2740364_2026-07-01T07:40:34.861360+00:00,-1.002,-1.001999988,-0.9999940000000002,False
2740508_2026-07-01T08:10:34.858134+00:00,-1.002,-1.002000014,-1.0000069999999999,False
2740558_2026-07-01T08:25:34.892044+00:00,-1.002,-1.001999992,-0.9999959999999999,False
2740748_2026-07-01T09:25:35.429858+00:00,-1.002,-1.001999998,-0.9999990000000001,False
2740774_2026-07-01T09:40:34.932676+00:00,-1.002,-1.002000016,-1.000008,False
2741267_2026-07-01T10:25:36.458018+00:00,-1.002,-1.002,-1.0,False
2741338_2026-07-01T10:40:34.357132+00:00,-1.002,-1.002000016,-1.0000079999999998,False
2742727_2026-07-01T11:40:35.060699+00:00,-1.002,-1.00200002,-1.0000099999999998,False
2742802_2026-07-01T11:55:34.729132+00:00,-1.002,-1.002,-1.0,False
2743274_2026-07-01T12:10:36.130489+00:00,-1.002,-1.001999984,-0.9999920000000001,False
2743348_2026-07-01T12:40:35.319101+00:00,-1.002,-1.002,-1.0,False
2743819_2026-07-01T14:25:34.871227+00:00,-1.002,-1.002,-1.0,False
2743860_2026-07-01T14:40:34.895885+00:00,-1.002,-1.002000012,-1.0000060000000002,False
2744111_2026-07-01T15:40:36.436723+00:00,-1.002,-1.001999998,-0.9999990000000001,False
2744173_2026-07-01T15:55:35.333907+00:00,-1.002,-1.002,-1.0,False
2744556_2026-07-01T16:25:34.926549+00:00,11.498,11.498,11.5,False
2744625_2026-07-01T16:40:42.387365+00:00,-1.002,-1.002,-1.0,False
2745499_2026-07-01T17:10:35.525539+00:00,-1.002,-1.002000016,-1.000008,False
2745794_2026-07-01T18:10:35.241683+00:00,-1.002,-1.002,-1.0,False
2746302_2026-07-01T18:55:35.960383+00:00,-1.002,-1.002000012,-1.0000060000000002,False
2746688_2026-07-01T19:25:35.736772+00:00,-1.002,-1.001999998,-0.999999,False
2746789_2026-07-01T19:55:36.036541+00:00,-1.002,-1.002,-1.0,False
2746844_2026-07-01T20:10:35.666366+00:00,-1.002,-1.001999998,-0.9999990000000001,False
2747453_2026-07-01T21:25:35.391679+00:00,5.248,5.248,5.25,False
2747863_2026-07-01T22:40:34.414969+00:00,-1.002,-1.001999998,-0.9999990000000001,False
2748166_2026-07-01T22:55:36.012304+00:00,-1.002,-1.002,-1.0,False
2749253_2026-07-01T23:10:34.888201+00:00,-1.002,-1.002,-1.0,False
2749373_2026-07-01T23:40:35.985392+00:00,-1.002,-1.002000016,-1.000008,False
2749446_2026-07-01T23:55:35.918390+00:00,-1.002,-1.001999998,-0.999999,False
2749495_2026-07-02T00:10:34.416129+00:00,-1.002,-1.002,-1.0,False
2749550_2026-07-02T00:25:34.890661+00:00,-1.002,-1.002000004,-1.0000019999999998,False
2749610_2026-07-02T00:40:34.414743+00:00,-1.002,-1.001999998,-0.999999,False
2750231_2026-07-02T01:55:36.157541+00:00,-1.002,-1.001999992,-0.9999959999999999,False
2750279_2026-07-02T02:10:34.809985+00:00,-1.002,-1.002,-1.0,False
2750560_2026-07-02T03:25:35.896086+00:00,51.6296,51.629599999199996,51.6315996,False
2751404_2026-07-02T04:10:35.484719+00:00,-1.002,-1.002,-1.0,False
2751441_2026-07-02T04:25:35.892961+00:00,-1.002,-1.002000004,-1.0000019999999998,False
2751528_2026-07-02T04:40:34.946494+00:00,-1.002,-1.002,-1.0,False
2753358_2026-07-02T05:25:34.378693+00:00,-1.002,-1.002000004,-1.0000019999999998,False
2753397_2026-07-02T05:40:36.400234+00:00,-1.002,-1.001999998,-0.999999,False
2753490_2026-07-02T05:55:35.270411+00:00,-1.002,-1.00200002,-1.0000099999999998,False
2753523_2026-07-02T06:10:29.662279+00:00,-1.002,-1.001999998,-0.9999990000000001,False
2754100_2026-07-02T07:40:12.670888+00:00,-1.002,-1.001999998,-0.999999,False
2754431_2026-07-02T09:10:40.808212+00:00,-1.002,-1.001999998,-0.999999,False
2754776_2026-07-02T10:10:06.692821+00:00,10.1091,10.109100002,10.111101,False
2755912_2026-07-02T12:10:37.176266+00:00,-1.002,-1.001999988,-0.9999940000000002,False
2755953_2026-07-02T12:25:37.907475+00:00,-1.002,-1.001999998,-0.999999,False
2756340_2026-07-02T13:55:35.822720+00:00,-1.002,-1.002,-1.0,False
2756535_2026-07-02T14:25:36.986322+00:00,-1.002,-1.002,-1.0,False
2756567_2026-07-02T14:40:36.274547+00:00,-1.002,-1.001999988,-0.9999940000000002,False
2757665_2026-07-02T15:10:36.995609+00:00,-1.002,-1.002000004,-1.0000019999999998,False
2757884_2026-07-02T15:55:36.822218+00:00,-1.002,-1.001999998,-0.9999990000000001,False
2758485_2026-07-02T16:25:37.732391+00:00,-1.002,-1.0019999992,-0.9999996,False
2759386_2026-07-02T17:40:37.324208+00:00,-1.002,-1.001999998,-0.9999990000000001,False
2759463_2026-07-02T17:55:37.241511+00:00,-1.002,-1.001999998,-0.9999990000000001,False
2759997_2026-07-02T18:25:35.789104+00:00,2.998,2.998,3.0,False
2760040_2026-07-02T18:40:35.826090+00:00,-1.002,-1.002,-1.0,False
2760135_2026-07-02T18:55:36.701597+00:00,-1.002,-1.002,-1.0,False
2760417_2026-07-02T19:40:35.824446+00:00,-1.002,-1.001999998,-0.999999,False
2760513_2026-07-02T19:55:35.800614+00:00,-1.002,-1.002000024,-1.0000120000000001,False
2760717_2026-07-02T20:25:36.813501+00:00,-1.002,-1.001999998,-0.999999,False
2760792_2026-07-02T20:40:36.760832+00:00,-1.002,-1.002000024,-1.0000120000000001,False
2760981_2026-07-02T21:10:36.774810+00:00,-1.002,-1.002,-1.0,False
2761472_2026-07-02T22:10:36.080533+00:00,-1.002,-1.001999998,-0.999999,False
2763211_2026-07-02T23:10:36.440660+00:00,-1.002,-1.002,-1.0,False
2763309_2026-07-02T23:40:37.610778+00:00,-1.002,-1.002000016,-1.000008,False
2763419_2026-07-03T00:10:36.416744+00:00,-1.002,-1.002,-1.0,False
2763456_2026-07-03T00:25:37.072545+00:00,-1.002,-1.001999998,-0.999999,False
2763640_2026-07-03T01:25:36.907335+00:00,-1.002,-1.002000016,-1.000008,False
2763736_2026-07-03T01:55:35.830278+00:00,-1.002,-1.002000014,-1.0000069999999999,False
2764051_2026-07-03T02:40:35.841703+00:00,-1.002,-1.002,-1.0,False
2764156_2026-07-03T03:10:36.337105+00:00,-1.002,-1.002000004,-1.0000019999999998,False
2764268_2026-07-03T03:40:38.049355+00:00,-1.002,-1.002000004,-1.0000019999999998,False
2764331_2026-07-03T03:55:38.107675+00:00,2.5694,2.5694000160000003,2.571408,False
2764743_2026-07-03T04:10:35.831169+00:00,-1.002,-1.002,-1.0,False
2764792_2026-07-03T04:25:37.516128+00:00,1.9392,1.939199984,1.9411919999999998,False
2764947_2026-07-03T04:55:37.489405+00:00,-1.002,-1.002,-1.0,False
2766161_2026-07-03T06:40:37.535735+00:00,-1.002,-1.002,-1.0,False
2766389_2026-07-03T07:55:36.918483+00:00,-1.002,-1.002000016,-1.000008,False
2766514_2026-07-03T08:40:36.865026+00:00,3.998,3.998,4.0,False
2766648_2026-07-03T09:25:36.860299+00:00,-1.002,-1.001999998,-0.9999990000000001,False
2766677_2026-07-03T09:40:36.369734+00:00,-1.002,-1.002,-1.0,False
2766900_2026-07-03T10:10:36.898219+00:00,2.123,2.123,2.125,False
2767513_2026-07-03T10:55:36.891824+00:00,-1.002,-1.002000012,-1.0000060000000002,False
2767905_2026-07-03T11:25:37.980421+00:00,-1.002,-1.00199997,-0.9999849999999999,False
2767935_2026-07-03T11:40:36.786299+00:00,-1.002,-1.001999998,-0.999999,False
2768466_2026-07-03T12:40:36.330740+00:00,-1.002,-1.002,-1.0,False
2768658_2026-07-03T13:25:35.807718+00:00,2.5694,2.5694000160000003,2.571408,False
2768686_2026-07-03T13:40:35.864544+00:00,7.3313,7.331300008,7.333304,False
2768837_2026-07-03T13:55:37.205090+00:00,-1.002,-1.001999996,-0.9999979999999999,False
2769371_2026-07-03T15:40:36.296843+00:00,-1.002,-1.002000012,-1.0000060000000002,False
2770083_2026-07-03T16:40:36.381175+00:00,-1.002,-1.002000016,-1.0000079999999998,False
2771040_2026-07-03T17:25:36.360667+00:00,-1.002,-1.002,-1.0,False
2771178_2026-07-03T17:55:37.711183+00:00,-1.002,-1.002000016,-1.000008,False
2771478_2026-07-03T18:10:36.896784+00:00,-1.002,-1.001999998,-0.9999990000000001,False
2771626_2026-07-03T18:25:35.786973+00:00,1.498,1.498,1.5,False
2773248_2026-07-03T19:10:35.903171+00:00,-1.002,-1.002000012,-1.0000060000000002,False
2774155_2026-07-03T21:25:36.306437+00:00,-1.002,-1.002,-1.0,False
2774199_2026-07-03T21:40:36.294501+00:00,-1.002,-1.001999998,-0.999999,False
2775359_2026-07-03T22:10:37.218041+00:00,-1.002,-1.001999998,-0.999999,False
2775444_2026-07-03T22:40:37.719610+00:00,-1.002,-1.001999998,-0.9999990000000001,False
2775521_2026-07-03T22:55:35.850079+00:00,-1.002,-1.002000016,-1.000008,False
2777230_2026-07-03T23:10:35.785416+00:00,-1.002,-1.001999998,-0.999999,False
2777455_2026-07-03T23:55:35.802032+00:00,-1.002,-1.0020000008,-1.0000004,False
2777564_2026-07-04T00:25:36.695648+00:00,-1.002,-1.002,-1.0,False
2777594_2026-07-04T00:40:35.797347+00:00,-1.002,-1.002,-1.0,False
2777910_2026-07-04T01:25:35.849461+00:00,-1.002,-1.002,-1.0,False
2777971_2026-07-04T01:40:37.165442+00:00,-1.002,-1.001999998,-0.9999990000000001,False
2778111_2026-07-04T02:25:37.023564+00:00,-1.002,-1.002,-1.0,False
2778136_2026-07-04T02:40:35.790180+00:00,3.998,3.998,4.0,False
2778367_2026-07-04T03:10:35.792281+00:00,6.6903,6.690300002000001,6.6923010000000005,False
2778391_2026-07-04T03:25:35.849865+00:00,1.5621,1.562100002,1.564101,False
2778501_2026-07-04T03:55:38.022194+00:00,-1.002,-1.001999998,-0.999999,False
2780424_2026-07-04T05:10:37.857926+00:00,-1.002,-1.002,-1.0,False
2780454_2026-07-04T05:25:37.461683+00:00,-1.002,-1.002,-1.0,False
2780542_2026-07-04T05:55:35.880397+00:00,-1.002,-1.002,-1.0,False
2780752_2026-07-04T06:25:38.364559+00:00,-1.002,-1.002,-1.0,False
2781426_2026-07-04T07:40:37.227567+00:00,-1.002,-1.001999992,-0.9999959999999999,False
2781558_2026-07-04T08:10:37.806003+00:00,-1.002,-1.001999998,-0.9999990000000001,False
2781803_2026-07-04T09:10:35.829969+00:00,-1.002,-1.00200001,-1.0000049999999998,False
2781839_2026-07-04T09:25:36.281088+00:00,-1.002,-1.001999998,-0.9999990000000001,False
2781874_2026-07-04T09:40:36.293215+00:00,-1.002,-1.001999992,-0.9999959999999999,False
2782071_2026-07-04T10:10:37.672384+00:00,-1.002,-1.002,-1.0,False
2782169_2026-07-04T10:40:35.812496+00:00,-1.002,-1.002000016,-1.000008,False
2782860_2026-07-04T11:25:37.385470+00:00,-1.002,-1.002,-1.0,False
2783265_2026-07-04T12:25:35.792530+00:00,1.9392,1.939199984,1.9411919999999998,False
2783566_2026-07-04T13:10:15.300404+00:00,-1.002,-1.002,-1.0,False
2783694_2026-07-04T13:40:14.710091+00:00,-1.002,-1.002,-1.0,False
2783925_2026-07-04T13:55:15.181661+00:00,-1.002,-1.002000016,-1.000008,False
2784128_2026-07-04T14:40:13.807308+00:00,1.5621,1.562100002,1.564101,False
2784211_2026-07-04T14:55:14.711592+00:00,3.5435,3.54349998,3.54549,False
2784973_2026-07-04T16:10:21.808931+00:00,-1.002,-1.002000016,-1.000008,False
2786402_2026-07-04T18:10:15.108125+00:00,13.2837,13.283700002,13.285701,False
2786538_2026-07-04T18:40:15.540461+00:00,-1.002,-1.002,-1.0,False
2786913_2026-07-04T19:40:15.257247+00:00,-1.002,-1.002,-1.0,False
2787083_2026-07-04T19:55:15.071657+00:00,-1.002,-1.002,-1.0,False
2787249_2026-07-04T20:25:14.630702+00:00,-1.002,-1.002,-1.0,False
2787744_2026-07-04T21:10:14.608511+00:00,1.498,1.498,1.5,False
2787824_2026-07-04T21:40:16.490064+00:00,-1.002,-1.002,-1.0,False
2788676_2026-07-04T22:10:14.603200+00:00,-1.002,-1.002000016,-1.000008,False
2788732_2026-07-04T22:25:14.618422+00:00,-1.002,-1.001999992,-0.9999959999999999,False
2788803_2026-07-04T22:40:15.069313+00:00,-1.002,-1.00199997,-0.9999849999999999,False
2788876_2026-07-04T22:55:15.667936+00:00,-1.002,-1.002000016,-1.000008,False
2789784_2026-07-04T23:55:15.052470+00:00,-1.002,-1.00199998,-0.9999899999999999,False
2789842_2026-07-05T00:10:15.066035+00:00,-1.002,-1.0020000016,-1.0000007999999998,False
2789886_2026-07-05T00:25:15.617933+00:00,-1.002,-1.002,-1.0,False
2790012_2026-07-05T00:55:15.976074+00:00,-1.002,-1.001999998,-0.999999,False
2790324_2026-07-05T01:40:16.041001+00:00,-1.002,-1.0020000022,-1.0000011,False
2790555_2026-07-05T02:10:16.552546+00:00,-1.002,-1.001999998,-0.999999,False
2790616_2026-07-05T02:25:14.620694+00:00,2.8442,2.844199976,2.8461879999999997,False
2790792_2026-07-05T03:25:15.540668+00:00,-1.002,-1.002,-1.0,False
2791988_2026-07-05T05:10:16.090245+00:00,-1.002,-1.001999998,-0.999999,False
2792053_2026-07-05T05:40:14.611278+00:00,-1.002,-1.001999988,-0.9999940000000002,False
2792162_2026-07-05T06:10:16.002384+00:00,-1.002,-1.002,-1.0,False
2792240_2026-07-05T06:40:15.066159+00:00,-1.002,-1.002,-1.0,False
2792913_2026-07-05T07:10:27.936783+00:00,-1.002,-1.001999988,-0.9999940000000002,False
2793180_2026-07-05T08:10:03.147520+00:00,-1.002,-1.002000016,-1.000008,False
2793216_2026-07-05T08:25:01.286511+00:00,-1.002,-1.002,-1.0,False
2793371_2026-07-05T08:55:02.288085+00:00,-1.002,-1.002,-1.0,False
2793411_2026-07-05T09:10:01.294400+00:00,-1.002,-1.00199997,-0.9999849999999999,False
2793522_2026-07-05T09:40:02.736629+00:00,-1.002,-1.002,-1.0,False
2793989_2026-07-05T10:40:02.669846+00:00,-1.002,-1.002,-1.0,False
2794273_2026-07-05T11:10:02.194727+00:00,-1.002,-1.002,-1.0,False
2794387_2026-07-05T11:25:01.304559+00:00,-1.002,-1.001999998,-0.999999,False
2794549_2026-07-05T11:55:01.543309+00:00,-1.002,-1.002,-1.0,False
2794809_2026-07-05T12:10:02.963744+00:00,-1.002,-1.002,-1.0,False
2794905_2026-07-05T12:40:02.062442+00:00,-1.002,-1.00199997,-0.9999849999999999,False
2795327_2026-07-05T14:10:01.751253+00:00,-1.002,-1.001999998,-0.9999990000000001,False
2795404_2026-07-05T14:25:30.327438+00:00,-1.002,-1.00200001,-1.0000049999999998,False
2795522_2026-07-05T14:55:30.798183+00:00,1.7758,1.775799984,1.777792,False
2795609_2026-07-05T15:25:30.292287+00:00,-1.002,-1.001999998,-0.9999990000000001,False
2796333_2026-07-05T16:10:29.822809+00:00,-1.002,-1.002000016,-1.0000079999999998,False
2796382_2026-07-05T16:25:28.925098+00:00,-1.002,-1.00199997,-0.9999849999999999,False
2797723_2026-07-05T17:40:30.250806+00:00,-1.002,-1.001999998,-0.999999,False
2798662_2026-07-05T19:10:29.796670+00:00,1.8551,1.85510003,1.857115,False
2798700_2026-07-05T19:25:30.751248+00:00,-1.002,-1.002,-1.0,False
2799025_2026-07-05T19:55:30.535189+00:00,-1.002,-1.002000016,-1.000008,False
2799106_2026-07-05T20:25:30.950290+00:00,-1.002,-1.0020000022,-1.0000011,False
2799590_2026-07-05T21:10:28.877367+00:00,48.998,48.998,49.0,False
2800022_2026-07-05T22:10:30.902246+00:00,2.4463,2.446299986,2.4482930000000005,False
2800077_2026-07-05T22:40:28.859796+00:00,-1.002,-1.002000012,-1.0000060000000002,False
2800651_2026-07-05T23:40:30.285610+00:00,1.7758,1.775799984,1.777792,False
2800806_2026-07-06T00:10:29.333549+00:00,-1.002,-1.002,-1.0,False
2800853_2026-07-06T00:25:28.885095+00:00,-1.002,-1.001999998,-0.999999,False
2801222_2026-07-06T01:25:29.328650+00:00,-1.002,-1.001999998,-0.999999,False
2801393_2026-07-06T02:10:28.916120+00:00,-1.002,-1.002,-1.0,False
2801473_2026-07-06T02:40:29.942598+00:00,-1.002,-1.002,-1.0,False
2801581_2026-07-06T03:10:30.760504+00:00,-1.002,-1.001999998,-0.9999990000000001,False
2801608_2026-07-06T03:25:29.343142+00:00,-1.002,-1.0020000008,-1.0000004,False
2802288_2026-07-06T04:10:29.039932+00:00,2.7017,2.701700002,2.7037009999999997,False
2802323_2026-07-06T04:25:28.922871+00:00,-1.002,-1.002,-1.0,False
2803448_2026-07-06T05:10:30.105094+00:00,-1.002,-1.002000012,-1.0000060000000002,False
2803488_2026-07-06T05:25:30.123122+00:00,-1.002,-1.002000024,-1.0000120000000001,False
2803731_2026-07-06T06:10:30.938564+00:00,1.7007,1.700700002,1.7027010000000002,False
2803800_2026-07-06T06:25:31.166381+00:00,-1.002,-1.002000004,-1.0000019999999998,False
2804249_2026-07-06T06:55:30.055792+00:00,-1.002,-1.002,-1.0,False
2804283_2026-07-06T07:10:29.988710+00:00,-1.002,-1.002,-1.0,False
2804651_2026-07-06T09:10:04.118373+00:00,-1.002,-1.002000016,-1.0000079999999998,False
2804685_2026-07-06T09:25:04.196492+00:00,-1.002,-1.0020000056,-1.0000028,False
2804766_2026-07-06T09:40:48.654725+00:00,-1.002,-1.002,-1.0,False
2804830_2026-07-06T09:55:03.680043+00:00,-1.002,-1.002000016,-1.000008,False
2805050_2026-07-06T10:55:04.218950+00:00,-1.002,-1.002,-1.0,False
2805773_2026-07-06T11:55:03.170717+00:00,-1.002,-1.00200002,-1.0000099999999998,False
2806400_2026-07-06T12:40:04.767669+00:00,-1.002,-1.002000016,-1.000008,False
2806758_2026-07-06T13:25:04.330569+00:00,-1.002,-1.002000016,-1.000008,False
2807197_2026-07-06T14:55:03.848290+00:00,-1.002,-1.00199997,-0.9999849999999999,False
2807296_2026-07-06T15:25:04.552018+00:00,-1.002,-1.001999998,-0.999999,False
2807385_2026-07-06T15:40:04.834272+00:00,4.2612,4.261199984,4.263192,False
2808341_2026-07-06T16:25:03.633543+00:00,-1.002,-1.002000004,-1.0000019999999998,False
2808593_2026-07-06T16:55:05.199572+00:00,-1.002,-1.001999998,-0.999999,False
2808703_2026-07-06T17:40:04.687122+00:00,-1.002,-1.001999998,-0.9999990000000001,False
2808767_2026-07-06T17:55:03.756091+00:00,-1.002,-1.001999992,-0.9999959999999999,False
2810309_2026-07-06T18:55:03.154971+00:00,-1.002,-1.001999998,-0.9999990000000001,False
2810452_2026-07-06T19:40:04.000052+00:00,8.998,8.998,9.0,False
2810528_2026-07-06T19:55:04.231690+00:00,-1.002,-1.00199998,-0.9999899999999999,False
2810581_2026-07-06T20:10:04.714077+00:00,-1.002,-1.002,-1.0,False
2810801_2026-07-06T21:25:03.401300+00:00,-1.002,-1.001999996,-0.9999979999999999,False
2810847_2026-07-06T21:40:04.882484+00:00,-1.002,-1.001999996,-0.9999979999999999,False
2810905_2026-07-06T22:10:03.113543+00:00,-1.002,-1.002,-1.0,False
2810952_2026-07-06T22:25:05.121586+00:00,-1.002,-1.002,-1.0,False
2811252_2026-07-06T23:40:05.377228+00:00,-1.002,-1.001999998,-0.999999,False
2811348_2026-07-07T00:10:05.263347+00:00,-1.002,-1.002,-1.0,False
2811436_2026-07-07T00:40:03.549035+00:00,-1.002,-1.002,-1.0,False
2811744_2026-07-07T01:10:04.645054+00:00,-1.002,-1.002,-1.0,False
2811823_2026-07-07T01:40:04.473935+00:00,7.3313,7.331300008,7.333304,False
2811925_2026-07-07T02:10:03.608117+00:00,-1.002,-1.001999998,-0.999999,False
2811980_2026-07-07T02:25:03.596378+00:00,-1.002,-1.001999998,-0.999999,False
2812093_2026-07-07T02:40:04.740435+00:00,4.8804,4.880399983999999,4.882391999999999,False
2812281_2026-07-07T03:55:04.642852+00:00,-1.002,-1.00200002,-1.0000099999999998,False
2813256_2026-07-07T04:40:03.091629+00:00,-1.002,-1.002000012,-1.0000060000000002,False
2813324_2026-07-07T04:55:03.614988+00:00,-1.002,-1.001999998,-0.999999,False
2813358_2026-07-07T05:10:04.218818+00:00,-1.002,-1.002,-1.0,False
2814516_2026-07-07T06:10:13.090862+00:00,-1.002,-1.002000016,-1.0000079999999998,False
2814788_2026-07-07T07:25:12.215488+00:00,-1.002,-1.002,-1.0,False
2814822_2026-07-07T07:40:13.058882+00:00,-1.002,-1.0020000018,-1.0000008999999999,False
2815030_2026-07-07T07:55:13.228579+00:00,-1.002,-1.001999998,-0.999999,False
2815051_2026-07-07T08:10:12.216887+00:00,2.3313,2.33130002,2.33331,False
2815176_2026-07-07T08:55:11.784950+00:00,5.248,5.248,5.25,False
2815297_2026-07-07T09:25:13.330033+00:00,-1.002,-1.001999992,-0.9999959999999999,False
2815421_2026-07-07T09:55:11.736162+00:00,-1.002,-1.002000012,-1.0000060000000002,False
2815631_2026-07-07T10:40:13.298677+00:00,-1.002,-1.002000016,-1.000008,False
2815889_2026-07-07T10:55:12.294957+00:00,-1.002,-1.002,-1.0,False
2815920_2026-07-07T11:10:11.711276+00:00,-1.002,-1.002,-1.0,False
2816538_2026-07-07T12:25:12.242116+00:00,-1.002,-1.002,-1.0,False
2816581_2026-07-07T12:40:13.579305+00:00,-1.002,-1.0020000016,-1.0000007999999998,False
2816855_2026-07-07T12:55:13.165648+00:00,-1.002,-1.002,-1.0,False
2816979_2026-07-07T13:10:12.203991+00:00,-1.002,-1.001999998,-0.999999,False
2817019_2026-07-07T13:25:58.037488+00:00,-1.002,-1.002,-1.0,False
2817049_2026-07-07T13:40:14.099103+00:00,1.5621,1.562100002,1.564101,False
2817320_2026-07-07T13:55:12.260040+00:00,-1.002,-1.002000016,-1.000008,False
2817670_2026-07-07T14:40:13.100713+00:00,-1.002,-1.001999998,-0.999999,False
2817801_2026-07-07T15:10:12.699152+00:00,-1.002,-1.001999998,-0.999999,False
2819131_2026-07-07T16:10:11.664857+00:00,-1.002,-1.001999984,-0.9999920000000001,False
2820485_2026-07-07T17:55:11.790298+00:00,-1.002,-1.002000016,-1.000008,False
2820642_2026-07-07T18:10:12.270392+00:00,-1.002,-1.001999998,-0.999999,False
2820855_2026-07-07T18:55:12.126575+00:00,-1.002,-1.002,-1.0,False
2821212_2026-07-07T19:10:14.222238+00:00,-1.002,-1.002000016,-1.000008,False
2821386_2026-07-07T20:10:11.705060+00:00,-1.002,-1.002000004,-1.0000019999999998,False
2821421_2026-07-07T20:25:11.757231+00:00,-1.002,-1.001999988,-0.9999940000000002,False
2821466_2026-07-07T20:40:12.728496+00:00,-1.002,-1.002000016,-1.000008,False
2821660_2026-07-07T20:55:11.794065+00:00,3.3458,3.3458000119999998,3.3478060000000003,False
2822058_2026-07-07T21:40:12.435673+00:00,-1.002,-1.001999998,-0.999999,False
2822754_2026-07-07T22:10:12.848667+00:00,1.9392,1.939199984,1.9411919999999998,False
2822881_2026-07-07T22:25:13.506440+00:00,2.5694,2.5694000160000003,2.571408,False
2823000_2026-07-07T22:55:12.275653+00:00,-1.002,-1.002,-1.0,False
2824251_2026-07-07T23:40:12.823317+00:00,-1.002,-1.001999998,-0.999999,False
2824332_2026-07-07T23:55:12.988291+00:00,-1.002,-1.002,-1.0,False
2824552_2026-07-08T00:55:13.907085+00:00,-1.002,-1.002000004,-1.0000019999999998,False
2824599_2026-07-08T01:10:12.366836+00:00,11.498,11.498,11.5,False
2824632_2026-07-08T01:25:13.924565+00:00,-1.002,-1.002000016,-1.000008,False
2824755_2026-07-08T01:55:15.726659+00:00,-1.002,-1.002,-1.0,False
2824983_2026-07-08T02:10:11.716856+00:00,-1.002,-1.002,-1.0,False
2825118_2026-07-08T02:40:12.305456+00:00,5.6647,5.66469999,5.666695,False
2825296_2026-07-08T03:25:13.702773+00:00,-1.002,-1.002,-1.0,False
2825329_2026-07-08T03:40:12.654007+00:00,-1.002,-1.002,-1.0,False
2826271_2026-07-08T04:40:11.684313+00:00,-1.002,-1.0020000008,-1.0000004,False
2826343_2026-07-08T04:55:12.925314+00:00,2.8442,2.844199976,2.8461879999999997,False
2827533_2026-07-08T05:25:12.161828+00:00,-1.002,-1.001999998,-0.9999990000000001,False
2827769_2026-07-08T05:40:13.886431+00:00,-1.002,-1.002,-1.0,False
2827880_2026-07-08T06:10:14.446914+00:00,-1.002,-1.002,-1.0,False
2827938_2026-07-08T06:40:12.747761+00:00,-1.002,-1.002000004,-1.0000019999999998,False
2828048_2026-07-08T07:10:13.929785+00:00,4.8804,4.880399983999999,4.882391999999999,False
2828219_2026-07-08T07:40:11.650138+00:00,3.1647,3.164699984,3.166692,False
2828633_2026-07-08T08:40:12.160830+00:00,-1.002,-1.001999992,-0.9999959999999999,False
2828751_2026-07-08T09:10:12.236516+00:00,-1.002,-1.002000024,-1.0000120000000001,False
2828786_2026-07-08T09:25:14.011298+00:00,3.3458,3.3458000119999998,3.3478060000000003,False
2829135_2026-07-08T09:55:12.191051+00:00,-1.002,-1.002,-1.0,False
2829315_2026-07-08T10:10:11.730447+00:00,-1.002,-1.002,-1.0,False
2830130_2026-07-08T11:10:15.260222+00:00,-1.002,-1.002000016,-1.000008,False
2830164_2026-07-08T11:25:13.550638+00:00,2.3313,2.33130002,2.33331,False
2830700_2026-07-08T12:25:11.833656+00:00,-1.002,-1.002,-1.0,False
2830751_2026-07-08T12:40:13.486665+00:00,-1.002,-1.002,-1.0,False
2830920_2026-07-08T13:25:11.708788+00:00,-1.002,-1.002,-1.0,False
2831036_2026-07-08T13:55:12.208012+00:00,-1.002,-1.002,-1.0,False
2831231_2026-07-08T14:40:12.611816+00:00,-1.002,-1.002000016,-1.000008,False
2832274_2026-07-08T15:10:12.594835+00:00,-1.002,-1.002,-1.0,False
2832377_2026-07-08T15:25:12.759456+00:00,2.0283,2.028300002,2.0303009999999997,False
2834890_2026-07-08T18:25:07.286040+00:00,-1.002,-1.002000016,-1.000008,False
2834924_2026-07-08T18:40:08.217444+00:00,-1.002,-1.002,-1.0,False
2835204_2026-07-08T19:10:07.093143+00:00,-1.002,-1.001999984,-0.9999920000000001,False
2835497_2026-07-08T19:55:06.572453+00:00,-1.002,-1.002000012,-1.0000060000000002,False
2835605_2026-07-08T20:25:07.064612+00:00,2.8442,2.844199976,2.8461879999999997,False
2835774_2026-07-08T20:40:07.539690+00:00,-1.002,-1.002,-1.0,False
2835984_2026-07-08T20:55:07.550660+00:00,-1.002,-1.001999998,-0.999999,False
2836129_2026-07-08T21:10:07.646935+00:00,-1.002,-1.001999998,-0.9999990000000001,False
2836968_2026-07-08T22:40:08.098515+00:00,1.6296,1.629599984,1.6315920000000002,False
2837050_2026-07-08T22:55:07.627206+00:00,18.998,18.998,19.0,False
2839150_2026-07-08T23:10:07.635637+00:00,-1.002,-1.00200002,-1.0000099999999998,False
2839217_2026-07-08T23:25:06.165497+00:00,-1.002,-1.001999998,-0.999999,False
2839314_2026-07-08T23:40:08.316982+00:00,-1.002,-1.002,-1.0,False
2839597_2026-07-09T00:25:07.585925+00:00,-1.002,-1.001999998,-0.999999,False
2839628_2026-07-09T00:40:08.346590+00:00,2.3313,2.33130002,2.33331,False
2839776_2026-07-09T00:55:07.374403+00:00,-1.002,-1.002000004,-1.0000019999999998,False
2840044_2026-07-09T01:40:07.233622+00:00,-1.002,-1.001999998,-0.999999,False
2840172_2026-07-09T01:55:08.005272+00:00,-1.002,-1.001999998,-0.999999,False
2840488_2026-07-09T02:40:07.244146+00:00,-1.002,-1.002,-1.0,False
2840619_2026-07-09T02:55:06.134089+00:00,-1.002,-1.001999998,-0.999999,False
2842842_2026-07-09T06:10:08.427895+00:00,-1.002,-1.002000016,-1.000008,False
2843512_2026-07-09T07:25:02.902377+00:00,-1.002,-1.001999992,-0.9999959999999999,False
2843543_2026-07-09T07:40:02.434720+00:00,11.498,11.498,11.5,False
2843659_2026-07-09T08:10:01.550831+00:00,-1.002,-1.002000016,-1.000008,False
2843822_2026-07-09T08:55:02.067930+00:00,-1.002,-1.0019999956,-0.9999977999999999,False
2843867_2026-07-09T09:10:02.976592+00:00,-1.002,-1.002000016,-1.000008,False
2843903_2026-07-09T09:25:03.020563+00:00,2.4463,2.446299986,2.4482930000000005,False
2844200_2026-07-09T10:25:01.132238+00:00,-1.002,-1.002,-1.0,False
2844372_2026-07-09T10:55:01.946200+00:00,-1.002,-1.002,-1.0,False
2844957_2026-07-09T11:25:46.736439+00:00,-1.002,-1.001999998,-0.9999990000000001,False
2844995_2026-07-09T11:40:48.230318+00:00,-1.002,-1.002,-1.0,False
2845417_2026-07-09T12:25:02.542518+00:00,3.1647,3.164699984,3.166692,False
2845659_2026-07-09T13:25:14.527701+00:00,-1.002,-1.001999992,-0.9999959999999999,False
2845867_2026-07-09T14:10:13.967950+00:00,-1.002,-1.001999998,-0.9999990000000001,False
2845907_2026-07-09T14:25:14.801735+00:00,-1.002,-1.001999998,-0.9999990000000001,False
2846235_2026-07-09T15:55:58.696529+00:00,-1.002,-1.001999998,-0.999999,False
2846652_2026-07-09T16:25:13.926041+00:00,-1.002,-1.002,-1.0,False
2847874_2026-07-09T16:55:13.349049+00:00,-1.002,-1.002000016,-1.0000079999999998,False
2849336_2026-07-09T18:25:15.650937+00:00,-1.002,-1.002000012,-1.0000060000000002,False
2849361_2026-07-09T18:40:14.477620+00:00,-1.002,-1.001999998,-0.999999,False
2849831_2026-07-09T19:55:13.864271+00:00,-1.002,-1.002000004,-1.0000019999999998,False
2850098_2026-07-09T20:10:13.329273+00:00,-1.002,-1.001999996,-0.9999979999999999,False
2850461_2026-07-09T20:55:14.672189+00:00,-1.002,-1.001999998,-0.999999,False
2850821_2026-07-09T21:25:15.991720+00:00,-1.002,-1.001999998,-0.9999990000000001,False
2851488_2026-07-09T22:40:13.312003+00:00,6.6903,6.690300002000001,6.6923010000000005,False
2851574_2026-07-09T22:55:13.804140+00:00,-1.002,-1.002,-1.0,False
2852759_2026-07-09T23:10:15.503891+00:00,-1.002,-1.001999984,-0.9999920000000001,False
2852998_2026-07-10T00:10:15.975908+00:00,-1.002,-1.002000014,-1.0000069999999999,False
2854848_2026-07-10T04:25:41.991576+00:00,-1.002,-1.002,-1.0,False
2855007_2026-07-10T04:55:21.461508+00:00,-1.002,-1.002000016,-1.000008,False
2855934_2026-07-10T05:10:22.334476+00:00,-1.002,-1.002,-1.0,False
2856087_2026-07-10T05:55:20.875186+00:00,-1.002,-1.002,-1.0,False
2856488_2026-07-10T06:10:21.137573+00:00,-1.002,-1.002,-1.0,False
2856521_2026-07-10T06:25:22.703957+00:00,-1.002,-1.002,-1.0,False
2856608_2026-07-10T06:55:21.086532+00:00,-1.002,-1.002,-1.0,False
2856728_2026-07-10T07:40:21.473184+00:00,-1.002,-1.001999998,-0.999999,False
2857001_2026-07-10T08:40:21.183512+00:00,-1.002,-1.0020000002,-1.0000000999999998,False
2857414_2026-07-10T09:10:20.581480+00:00,-1.002,-1.002000016,-1.000008,False
2857671_2026-07-10T09:55:22.724469+00:00,-1.002,-1.001999992,-0.9999959999999999,False
2857790_2026-07-10T10:10:21.620331+00:00,-1.002,-1.002,-1.0,False
2857871_2026-07-10T10:40:21.013475+00:00,1.6296,1.629599984,1.6315920000000002,False
2857956_2026-07-10T10:55:20.560579+00:00,-1.002,-1.002,-1.0,False
2858570_2026-07-10T11:25:22.684417+00:00,-1.002,-1.002000016,-1.000008,False
2858600_2026-07-10T11:40:21.633899+00:00,-1.002,-1.002,-1.0,False
2858997_2026-07-10T12:10:21.659529+00:00,1.7007,1.700700002,1.7027010000000002,False
2859045_2026-07-10T12:25:22.927276+00:00,-1.002,-1.001999998,-0.9999990000000001,False
2859073_2026-07-10T12:40:20.886047+00:00,-1.002,-1.002000004,-1.0000019999999998,False
2859179_2026-07-10T12:55:21.277033+00:00,-1.002,-1.002000016,-1.000008,False
2859312_2026-07-10T13:25:22.536558+00:00,-1.002,-1.002000016,-1.000008,False
2859707_2026-07-10T14:10:20.612635+00:00,-1.002,-1.001999998,-0.999999,False
2859810_2026-07-10T14:25:21.012789+00:00,-1.002,-1.002000004,-1.0000019999999998,False
2859985_2026-07-10T14:55:20.582530+00:00,-1.002,-1.002,-1.0,False
2860316_2026-07-10T15:40:22.477872+00:00,-1.002,-1.002,-1.0,False
2861208_2026-07-10T16:10:21.740500+00:00,2.2238,2.223800004,2.225802,False
2861299_2026-07-10T16:25:22.144233+00:00,-1.002,-1.002000012,-1.0000060000000002,False
2861515_2026-07-10T16:40:21.495439+00:00,-1.002,-1.002,-1.0,False
2862644_2026-07-10T17:10:21.938424+00:00,-1.002,-1.002,-1.0,False
2862813_2026-07-10T17:40:20.573421+00:00,-1.002,-1.001999998,-0.999999,False
2863170_2026-07-10T18:40:21.467934+00:00,-1.002,-1.001999998,-0.9999990000000001,False
2863249_2026-07-10T18:55:21.167746+00:00,-1.002,-1.002,-1.0,False
2863580_2026-07-10T19:25:21.876741+00:00,-1.002,-1.001999992,-0.9999959999999999,False
2863739_2026-07-10T19:55:21.804441+00:00,-1.002,-1.001999984,-0.9999920000000001,False
2863784_2026-07-10T20:10:22.039139+00:00,-1.002,-1.002,-1.0,False
2863820_2026-07-10T20:25:20.554047+00:00,-1.002,-1.00199997,-0.9999849999999999,False
2863985_2026-07-10T20:55:21.638784+00:00,-1.002,-1.002000016,-1.000008,False
2864270_2026-07-10T21:55:22.485055+00:00,-1.002,-1.001999998,-0.9999990000000001,False
2865017_2026-07-10T23:10:22.597843+00:00,18.998,18.998,19.0,False
2865165_2026-07-10T23:55:22.434899+00:00,-1.002,-1.002,-1.0,False
2865265_2026-07-11T00:10:21.514597+00:00,-1.002,-1.002,-1.0,False
2865396_2026-07-11T00:40:21.644802+00:00,6.6903,6.690300002000001,6.6923010000000005,False
2865460_2026-07-11T00:55:20.561407+00:00,-1.002,-1.002000024,-1.0000120000000001,False
2866544_2026-07-11T02:55:21.485572+00:00,1.498,1.498,1.5,False
2866651_2026-07-11T03:25:21.524858+00:00,-1.002,-1.001999998,-0.9999990000000001,False
2867247_2026-07-11T04:10:22.593062+00:00,-1.002,-1.001999998,-0.999999,False
2867437_2026-07-11T04:55:21.024087+00:00,-1.002,-1.002,-1.0,False
2867744_2026-07-11T05:40:21.529285+00:00,-1.002,-1.001999988,-0.9999940000000002,False
2867815_2026-07-11T05:55:22.462440+00:00,-1.002,-1.002000016,-1.0000079999999998,False
2868382_2026-07-11T07:10:21.488914+00:00,-1.002,-1.002,-1.0,False
2868545_2026-07-11T07:55:21.269024+00:00,-1.002,-1.00200001,-1.0000049999999998,False
2868778_2026-07-11T08:55:21.034524+00:00,-1.002,-1.00200001,-1.0000049999999998,False
2868832_2026-07-11T09:10:21.045439+00:00,-1.002,-1.002000016,-1.000008,False
2869062_2026-07-11T09:55:21.943890+00:00,-1.002,-1.002000016,-1.0000079999999998,False
2869137_2026-07-11T10:25:22.031663+00:00,-1.002,-1.002,-1.0,False
2869173_2026-07-11T10:40:22.459711+00:00,-1.002,-1.001999998,-0.9999990000000001,False
2869406_2026-07-11T11:25:22.472788+00:00,-1.002,-1.001999998,-0.999999,False
2870049_2026-07-11T12:25:22.478508+00:00,-1.002,-1.001999998,-0.9999990000000001,False
2870088_2026-07-11T12:40:22.061239+00:00,-1.002,-1.002,-1.0,False
2870243_2026-07-11T13:10:20.583852+00:00,-1.002,-1.002,-1.0,False
2870923_2026-07-11T14:55:22.525548+00:00,-1.002,-1.002000012,-1.0000060000000002,False
2871107_2026-07-11T15:25:22.317639+00:00,-1.002,-1.002,-1.0,False
2871128_2026-07-11T15:40:20.619196+00:00,-1.002,-1.002,-1.0,False
2871591_2026-07-11T16:10:21.189908+00:00,5.6647,5.66469999,5.666695,False
2871822_2026-07-11T16:40:22.688090+00:00,-1.002,-1.002,-1.0,False
2871907_2026-07-11T16:55:21.127451+00:00,2.2238,2.223800004,2.225802,False
2872733_2026-07-11T17:55:20.609710+00:00,-1.002,-1.001999998,-0.999999,False
2873116_2026-07-11T18:40:21.761146+00:00,2.998,2.998,3.0,False
2873217_2026-07-11T18:55:22.926982+00:00,-1.002,-1.002,-1.0,False
2873452_2026-07-11T19:10:22.176966+00:00,-1.002,-1.002000014,-1.0000069999999999,False
2873925_2026-07-11T20:55:21.704015+00:00,-1.002,-1.002000016,-1.000008,False
2874061_2026-07-11T21:40:22.869213+00:00,-1.002,-1.002000016,-1.000008,False
2875009_2026-07-11T22:25:22.809638+00:00,-1.002,-1.001999998,-0.999999,False
2875130_2026-07-11T22:40:20.611694+00:00,-1.002,-1.002000024,-1.0000120000000001,False
2875223_2026-07-11T22:55:22.850431+00:00,-1.002,-1.00200001,-1.0000049999999998,False
2876110_2026-07-11T23:10:22.881198+00:00,-1.002,-1.002,-1.0,False
2876152_2026-07-11T23:25:22.908671+00:00,-1.002,-1.002,-1.0,False
2876181_2026-07-11T23:40:21.142402+00:00,3.5435,3.54349998,3.54549,False
2876250_2026-07-11T23:55:20.611182+00:00,-1.002,-1.002,-1.0,False
2876441_2026-07-12T00:40:21.198382+00:00,-1.002,-1.001999998,-0.999999,False
2876890_2026-07-12T01:55:20.622543+00:00,-1.002,-1.001999988,-0.9999940000000002,False
2876938_2026-07-12T02:10:21.649409+00:00,-1.002,-1.001999998,-0.999999,False
2877000_2026-07-12T02:40:21.072984+00:00,-1.002,-1.002000024,-1.0000120000000001,False
2877140_2026-07-12T03:10:22.592411+00:00,6.6903,6.690300002000001,6.6923010000000005,False
2877311_2026-07-12T03:55:22.820208+00:00,1.7758,1.775799984,1.777792,False
2877992_2026-07-12T04:10:21.202643+00:00,-1.002,-1.001999998,-0.9999990000000001,False
2878021_2026-07-12T04:25:20.629348+00:00,-1.002,-1.002,-1.0,False
2878180_2026-07-12T04:40:21.255704+00:00,-1.002,-1.0020000008,-1.0000004,False
2878284_2026-07-12T04:55:21.212991+00:00,-1.002,-1.002,-1.0,False
2878725_2026-07-12T05:25:21.100540+00:00,-1.002,-1.001999998,-0.999999,False
2878922_2026-07-12T06:10:22.214876+00:00,-1.002,-1.001999998,-0.999999,False
2879643_2026-07-12T08:25:21.737703+00:00,-1.002,-1.001999998,-0.999999,False
2879765_2026-07-12T08:55:22.037600+00:00,-1.002,-1.001999998,-0.9999990000000001,False
2879811_2026-07-12T09:10:22.566508+00:00,-1.002,-1.001999998,-0.999999,False
2879836_2026-07-12T09:25:21.133804+00:00,-1.002,-1.002,-1.0,False
2879943_2026-07-12T09:55:20.636079+00:00,-1.002,-1.002000024,-1.0000120000000001,False
2880147_2026-07-12T10:10:23.079314+00:00,-1.002,-1.002,-1.0,False
2880251_2026-07-12T10:25:21.870856+00:00,-1.002,-1.001999998,-0.999999,False
2880340_2026-07-12T10:40:20.786887+00:00,-1.002,-1.002000016,-1.000008,False
2881296_2026-07-12T12:25:22.488500+00:00,-1.002,-1.002,-1.0,False
2881319_2026-07-12T12:40:20.629816+00:00,-1.002,-1.002,-1.0,False
2881940_2026-07-12T13:55:20.625166+00:00,-1.002,-1.002000024,-1.0000120000000001,False
2881994_2026-07-12T14:10:21.702540+00:00,-1.002,-1.001999998,-0.999999,False
2882586_2026-07-12T15:40:21.641222+00:00,-1.002,-1.002,-1.0,False
2883148_2026-07-12T16:40:19.554789+00:00,-1.002,-1.002,-1.0,False
2883288_2026-07-12T17:25:18.977285+00:00,-1.002,-1.002000016,-1.000008,False
2883405_2026-07-12T17:55:20.162419+00:00,-1.002,-1.002,-1.0,False
2883588_2026-07-12T18:10:18.801926+00:00,-1.002,-1.001999992,-0.9999959999999999,False
2883673_2026-07-12T18:25:18.746995+00:00,2.4463,2.446299986,2.4482930000000005,False
2884330_2026-07-12T19:40:19.432816+00:00,-1.002,-1.001999998,-0.999999,False
2884392_2026-07-12T20:10:19.904607+00:00,-1.002,-1.002000012,-1.0000060000000002,False
2884476_2026-07-12T20:40:20.465983+00:00,3.7599,3.7599000019999997,3.761901,False
2884631_2026-07-12T20:55:18.519007+00:00,-1.002,-1.002,-1.0,False
2884738_2026-07-12T21:25:19.033788+00:00,-1.002,-1.0020000002,-1.0000000999999998,False
2884772_2026-07-12T21:40:19.899956+00:00,-1.002,-1.001999998,-0.999999,False
2884794_2026-07-12T21:55:18.979849+00:00,-1.002,-1.002,-1.0,False
2885289_2026-07-12T22:10:19.513988+00:00,-1.002,-1.002000004,-1.0000019999999998,False
2885380_2026-07-12T22:40:19.131581+00:00,-1.002,-1.001999998,-0.9999990000000001,False
2887334_2026-07-12T23:10:18.528761+00:00,-1.002,-1.002,-1.0,False
2887418_2026-07-12T23:40:18.572373+00:00,-1.002,-1.001999996,-0.9999979999999999,False
2887659_2026-07-12T23:55:20.718287+00:00,-1.002,-1.002,-1.0,False
2887767_2026-07-13T00:25:20.434778+00:00,-1.002,-1.002,-1.0,False
2888099_2026-07-13T01:25:20.846499+00:00,-1.002,-1.002,-1.0,False
2888147_2026-07-13T01:40:20.706036+00:00,-1.002,-1.001999998,-0.999999,False
2888196_2026-07-13T01:55:20.454032+00:00,-1.002,-1.002000004,-1.0000019999999998,False
2888230_2026-07-13T02:10:18.518888+00:00,5.248,5.248,5.25,False
2888314_2026-07-13T02:40:21.372254+00:00,-1.002,-1.002,-1.0,False
2888339_2026-07-13T02:55:19.040378+00:00,-1.002,-1.001999998,-0.999999,False
2888533_2026-07-13T03:40:18.530398+00:00,-1.002,-1.002,-1.0,False
2888607_2026-07-13T03:55:19.670963+00:00,-1.002,-1.002000016,-1.000008,False
2888816_2026-07-13T04:40:20.761791+00:00,-1.002,-1.001999999,-0.9999995000000002,False
2889378_2026-07-13T05:25:19.944281+00:00,-1.002,-1.002000004,-1.0000019999999998,False
2889957_2026-07-13T05:55:19.100481+00:00,-1.002,-1.001999996,-0.9999979999999999,False
2890032_2026-07-13T06:25:18.528997+00:00,2.0283,2.028300002,2.0303009999999997,False
2890069_2026-07-13T06:40:19.080304+00:00,-1.002,-1.001999998,-0.999999,False
2890523_2026-07-13T06:55:18.528374+00:00,-1.002,-1.002000012,-1.0000060000000002,False
2890774_2026-07-13T08:10:20.898737+00:00,2.8442,2.844199976,2.8461879999999997,False
2890845_2026-07-13T08:40:21.069956+00:00,2.8442,2.844199976,2.8461879999999997,False
2890961_2026-07-13T09:10:19.932385+00:00,-1.002,-1.001999998,-0.999999,False
2891004_2026-07-13T09:25:20.465146+00:00,-1.002,-1.001999998,-0.9999990000000001,False
2891041_2026-07-13T09:40:09.613486+00:00,-1.002,-1.002000014,-1.0000069999999999,False
2891509_2026-07-13T10:10:05.535685+00:00,-1.002,-1.001999998,-0.9999990000000001,False
2893722_2026-07-13T11:25:22.101941+00:00,-1.002,-1.002000016,-1.000008,False
2893760_2026-07-13T11:40:21.988961+00:00,-1.002,-1.002000016,-1.000008,False
2893915_2026-07-13T11:55:00.680833+00:00,-1.002,-1.001999998,-0.999999,False
2894625_2026-07-13T12:10:23.859852+00:00,-1.002,-1.00200002,-1.0000099999999998,False
2895056_2026-07-13T12:25:24.696386+00:00,-1.002,-1.002000016,-1.000008,False
2895427_2026-07-13T13:10:17.865704+00:00,-1.002,-1.001999992,-0.9999959999999999,False
2895750_2026-07-13T13:55:15.556150+00:00,-1.002,-1.00200001,-1.0000049999999998,False
2896381_2026-07-13T15:55:35.620943+00:00,-1.002,-1.002000016,-1.000008,False
2896437_2026-07-13T16:10:37.801846+00:00,-1.002,-1.002000016,-1.0000079999999998,False
2896466_2026-07-13T16:25:04.458940+00:00,-1.002,-1.002,-1.0,False
2896537_2026-07-13T16:40:36.659101+00:00,1.7758,1.775799984,1.777792,False
2896854_2026-07-13T16:55:07.052634+00:00,-1.002,-1.002,-1.0,False
2896989_2026-07-13T17:25:08.733249+00:00,-1.002,-1.001999998,-0.999999,False
2897303_2026-07-13T17:40:07.826462+00:00,-1.002,-1.002,-1.0,False
2897575_2026-07-13T17:55:08.122616+00:00,-1.002,-1.001999998,-0.9999990000000001,False
2897851_2026-07-13T19:25:09.029739+00:00,-1.002,-1.001999984,-0.9999920000000001,False
2898025_2026-07-13T20:10:07.608199+00:00,-1.002,-1.001999998,-0.9999990000000001,False
2898179_2026-07-13T20:25:08.547766+00:00,-1.002,-1.00199998,-0.9999899999999999,False
2898514_2026-07-13T20:55:07.525875+00:00,2.4463,2.446299986,2.4482930000000005,False
2898732_2026-07-13T21:10:07.703397+00:00,-1.002,-1.001999998,-0.9999990000000001,False
2898771_2026-07-13T21:25:09.054689+00:00,-1.002,-1.002000014,-1.0000069999999999,False
2898793_2026-07-13T21:40:07.147311+00:00,-1.002,-1.002000012,-1.0000060000000002,False
2899298_2026-07-13T22:25:08.512126+00:00,-1.002,-1.002000014,-1.0000069999999999,False
2899560_2026-07-13T22:40:08.369952+00:00,-1.002,-1.001999998,-0.999999,False
2899637_2026-07-13T22:55:09.011264+00:00,-1.002,-1.002,-1.0,False
2900858_2026-07-13T23:40:08.217763+00:00,-1.002,-1.001999998,-0.9999990000000001,False
2900964_2026-07-14T00:25:07.639990+00:00,-1.002,-1.001999988,-0.9999940000000002,False
2901311_2026-07-14T01:10:09.090381+00:00,-1.002,-1.002,-1.0,False
2901494_2026-07-14T02:25:07.615442+00:00,-1.002,-1.002,-1.0,False
2901593_2026-07-14T02:55:08.543337+00:00,-1.002,-1.001999998,-0.999999,False
2901622_2026-07-14T03:10:07.636246+00:00,-1.002,-1.001999998,-0.999999,False
2901647_2026-07-14T03:25:07.604224+00:00,1.7758,1.775799984,1.777792,False
2902925_2026-07-14T05:40:54.448861+00:00,-1.002,-1.002,-1.0,False
2903420_2026-07-14T05:55:08.751020+00:00,-1.002,-1.00200001,-1.0000049999999998,False
2903527_2026-07-14T06:10:57.874149+00:00,-1.002,-1.001999998,-0.9999990000000001,False
2903596_2026-07-14T06:40:55.888226+00:00,3.7599,3.7599000019999997,3.761901,False
2903660_2026-07-14T06:55:08.518050+00:00,-1.002,-1.001999998,-0.999999,False
2903707_2026-07-14T07:10:08.724494+00:00,-1.002,-1.00200002,-1.0000099999999998,False
2903764_2026-07-14T07:40:07.029432+00:00,-1.002,-1.002000016,-1.000008,False
2904037_2026-07-14T08:10:07.503430+00:00,-1.002,-1.002000012,-1.0000060000000002,False
2904327_2026-07-14T08:55:09.177558+00:00,-1.002,-1.002000004,-1.0000019999999998,False
2904365_2026-07-14T09:10:08.913239+00:00,-1.002,-1.002000016,-1.000008,False
2904398_2026-07-14T09:25:07.889556+00:00,-1.002,-1.00200002,-1.0000099999999998,False
2904433_2026-07-14T09:40:09.536441+00:00,-1.002,-1.0019999956,-0.9999977999999999,False
2905098_2026-07-14T11:10:07.573171+00:00,-1.002,-1.001999998,-0.999999,False
2905161_2026-07-14T11:40:07.621742+00:00,-1.002,-1.001999998,-0.999999,False
2905454_2026-07-14T12:10:08.598397+00:00,5.248,5.248,5.25,False
2905920_2026-07-14T13:10:07.243945+00:00,-1.002,-1.002,-1.0,False
2905998_2026-07-14T13:40:05.051636+00:00,-1.002,-1.001999998,-0.9999990000000001,False
2906216_2026-07-14T14:10:16.114639+00:00,11.498,11.498,11.5,False
2906420_2026-07-14T14:25:08.243754+00:00,4.2612,4.261199984,4.263192,False
2906679_2026-07-14T15:10:04.094693+00:00,-1.002,-1.002000016,-1.000008,False
2906884_2026-07-14T15:55:05.398140+00:00,-1.002,-1.002,-1.0,False
2910160_2026-07-14T17:10:07.221469+00:00,-1.002,-1.001999998,-0.9999990000000001,False
2910202_2026-07-14T17:25:08.698511+00:00,-1.002,-1.002,-1.0,False
2910326_2026-07-14T17:40:07.703867+00:00,5.6647,5.66469999,5.666695,False
2915406_2026-07-15T00:10:05.444223+00:00,-1.002,-1.00199998,-0.9999899999999999,False
2915503_2026-07-15T00:25:07.770412+00:00,-1.002,-1.001999998,-0.9999990000000001,False
2915522_2026-07-15T00:40:05.759442+00:00,-1.002,-1.002,-1.0,False
2915730_2026-07-15T01:10:07.115034+00:00,-1.002,-1.002000004,-1.0000019999999998,False
2915895_2026-07-15T01:55:05.931269+00:00,-1.002,-1.002,-1.0,False
2916446_2026-07-15T03:25:05.944691+00:00,-1.002,-1.002000016,-1.000008,False
2917347_2026-07-15T04:25:07.758290+00:00,-1.002,-1.002000016,-1.000008,False
2917567_2026-07-15T04:55:53.345713+00:00,-1.002,-1.002000016,-1.000008,False
2918874_2026-07-15T05:10:53.608594+00:00,-1.002,-1.002,-1.0,False
2919310_2026-07-15T06:25:37.333337+00:00,-1.002,-1.002000012,-1.0000060000000002,False
2919445_2026-07-15T06:55:36.550227+00:00,-1.002,-1.001999998,-0.999999,False
2919726_2026-07-15T07:55:35.218920+00:00,-1.002,-1.001999998,-0.999999,False
2920103_2026-07-15T09:40:36.995816+00:00,-1.002,-1.002,-1.0,False
2920503_2026-07-15T10:55:36.841588+00:00,-1.002,-1.002,-1.0,False
2921017_2026-07-15T11:25:35.250776+00:00,-1.002,-1.002,-1.0,False
2921961_2026-07-15T12:10:37.559776+00:00,-1.002,-1.002,-1.0,False
2921996_2026-07-15T12:25:35.300159+00:00,-1.002,-1.001999998,-0.999999,False
2922444_2026-07-15T14:25:43.728136+00:00,4.2612,4.261199984,4.263192,False
2922649_2026-07-15T15:25:43.271958+00:00,5.6647,5.66469999,5.666695,False
2922757_2026-07-15T15:55:00.464719+00:00,-1.002,-1.001999998,-0.999999,False
2923338_2026-07-15T16:10:01.912464+00:00,-1.002,-1.0020000006,-1.0000003,False
2923698_2026-07-15T16:40:04.568181+00:00,-1.002,-1.002,-1.0,False
2925765_2026-07-15T20:10:43.828015+00:00,-1.002,-1.002,-1.0,False
2929157_2026-07-16T00:40:22.487078+00:00,-1.002,-1.002000016,-1.000008,False
2929666_2026-07-16T01:25:24.609190+00:00,-1.002,-1.002,-1.0,False
2929953_2026-07-16T02:10:23.000408+00:00,-1.002,-1.001999998,-0.9999990000000001,False
2930020_2026-07-16T02:40:23.968606+00:00,-1.002,-1.002,-1.0,False
2930249_2026-07-16T03:25:23.801344+00:00,-1.002,-1.002,-1.0,False
2930346_2026-07-16T03:55:24.026599+00:00,-1.002,-1.001999998,-0.999999,False
2930998_2026-07-16T04:25:27.390396+00:00,-1.002,-1.002,-1.0,False
2932063_2026-07-16T05:40:19.742459+00:00,-1.002,-1.002000016,-1.000008,False
2932423_2026-07-16T07:25:21.046964+00:00,-1.002,-1.002000004,-1.0000019999999998,False
2932546_2026-07-16T07:55:27.801068+00:00,11.498,11.498,11.5,False
2932626_2026-07-16T08:10:28.292471+00:00,-1.002,-1.002,-1.0,False
2932745_2026-07-16T08:55:25.926761+00:00,-1.002,-1.001999996,-0.9999979999999999,False
2932816_2026-07-16T09:25:25.900373+00:00,-1.002,-1.002000012,-1.0000060000000002,False
2932916_2026-07-16T09:55:26.896703+00:00,-1.002,-1.001999998,-0.999999,False
2933131_2026-07-16T10:40:26.463820+00:00,-1.002,-1.002000016,-1.000008,False
2933868_2026-07-16T11:10:20.908113+00:00,-1.002,-1.002,-1.0,False
2934028_2026-07-16T11:55:17.422020+00:00,-1.002,-1.00200001,-1.0000049999999998,False
2934326_2026-07-16T12:10:33.543214+00:00,-1.002,-1.001999998,-0.999999,False
2934370_2026-07-16T12:25:38.741798+00:00,3.3458,3.3458000119999998,3.3478060000000003,False
2934407_2026-07-16T12:40:40.407431+00:00,-1.002,-1.0020000008,-1.0000004,False
2934982_2026-07-16T14:40:40.343702+00:00,-1.002,-1.002000016,-1.000008,False
2935092_2026-07-16T15:10:38.735378+00:00,-1.002,-1.002,-1.0,False
2935281_2026-07-16T15:55:43.266297+00:00,-1.002,-1.002,-1.0,False
2935522_2026-07-16T16:10:41.604430+00:00,-1.002,-1.001999998,-0.999999,False
2935574_2026-07-16T16:25:07.269876+00:00,3.1647,3.164699984,3.166692,False
2935601_2026-07-16T16:40:05.357316+00:00,-1.002,-1.002,-1.0,False
2936260_2026-07-16T17:10:24.168745+00:00,-1.002,-1.001999999,-0.9999995000000002,False
2937043_2026-07-16T18:40:04.522358+00:00,-1.002,-1.001999998,-0.9999990000000001,False
2937368_2026-07-16T19:10:02.664014+00:00,-1.002,-1.002000016,-1.000008,False
2937420_2026-07-16T19:25:04.191229+00:00,1.8551,1.85510003,1.857115,False
2937441_2026-07-16T19:40:02.625711+00:00,-1.002,-1.001999988,-0.9999940000000002,False
2937684_2026-07-16T20:10:03.132520+00:00,-1.002,-1.002,-1.0,False
2937743_2026-07-16T20:40:02.104825+00:00,-1.002,-1.002000016,-1.000008,False
2937838_2026-07-16T20:55:03.683257+00:00,-1.002,-1.002000016,-1.000008,False
2937920_2026-07-16T21:25:04.023289+00:00,-1.002,-1.002000016,-1.0000079999999998,False
2938017_2026-07-16T21:55:02.450266+00:00,-1.002,-1.002000016,-1.000008,False
2938453_2026-07-16T22:25:02.119503+00:00,-1.002,-1.002,-1.0,False
2938550_2026-07-16T22:55:47.085142+00:00,-1.002,-1.0020000006,-1.0000003,False
2940873_2026-07-16T23:10:02.095737+00:00,-1.002,-1.001999984,-0.9999920000000001,False
2940906_2026-07-16T23:25:02.640286+00:00,-1.002,-1.002,-1.0,False
2940934_2026-07-16T23:40:02.639632+00:00,8.998,8.998,9.0,False
2941062_2026-07-17T00:10:03.818888+00:00,-1.002,-1.001999998,-0.999999,False
2941136_2026-07-17T00:40:02.637082+00:00,-1.002,-1.001999998,-0.999999,False
2941737_2026-07-17T01:25:04.225371+00:00,-1.002,-1.001999998,-0.999999,False
2941792_2026-07-17T01:40:53.374339+00:00,-1.002,-1.002,-1.0,False
2941898_2026-07-17T02:10:11.217807+00:00,7.3313,7.331300008,7.333304,False
2941921_2026-07-17T02:25:10.311039+00:00,-1.002,-1.002000012,-1.0000060000000002,False
2941954_2026-07-17T02:40:11.951357+00:00,-1.002,-1.002,-1.0,False
2942034_2026-07-17T02:55:11.009248+00:00,7.3313,7.331300008,7.333304,False
2942210_2026-07-17T03:40:09.756495+00:00,-1.002,-1.00200002,-1.0000099999999998,False
2942297_2026-07-17T03:55:10.802388+00:00,-1.002,-1.001999992,-0.9999959999999999,False
2942674_2026-07-17T04:10:09.116318+00:00,-1.002,-1.002,-1.0,False
2942714_2026-07-17T04:25:09.836088+00:00,-1.002,-1.0020000016,-1.0000008,False
2943437_2026-07-17T05:10:09.910643+00:00,-1.002,-1.002000004,-1.0000019999999998,False
2943493_2026-07-17T05:25:10.934755+00:00,-1.002,-1.002,-1.0,False
2943527_2026-07-17T05:40:09.744219+00:00,-1.002,-1.001999998,-0.9999990000000001,False
2943561_2026-07-17T05:55:10.537611+00:00,-1.002,-1.002,-1.0,False
2943784_2026-07-17T07:10:11.035529+00:00,-1.002,-1.002000016,-1.000008,False
2943811_2026-07-17T07:25:11.525133+00:00,5.248,5.248,5.25,False
2944030_2026-07-17T08:25:09.646074+00:00,-1.002,-1.001999998,-0.999999,False
2944056_2026-07-17T08:40:09.837950+00:00,-1.002,-1.002,-1.0,False
2944698_2026-07-17T09:55:09.063819+00:00,-1.002,-1.002,-1.0,False
2945062_2026-07-17T10:25:11.316862+00:00,3.7599,3.7599000019999997,3.761901,False
2945739_2026-07-17T11:10:09.250741+00:00,-1.002,-1.002,-1.0,False
2945931_2026-07-17T12:10:10.757683+00:00,-1.002,-1.001999998,-0.999999,False
2946015_2026-07-17T12:40:09.528200+00:00,-1.002,-1.002000004,-1.0000019999999998,False
2946232_2026-07-17T13:40:10.661001+00:00,-1.002,-1.002,-1.0,False
2946687_2026-07-17T14:25:11.405781+00:00,-1.002,-1.00199997,-0.9999849999999999,False
2946801_2026-07-17T14:55:08.755980+00:00,-1.002,-1.002000012,-1.0000060000000002,False
2946905_2026-07-17T15:10:09.092538+00:00,-1.002,-1.002000016,-1.000008,False
2947481_2026-07-17T16:25:55.000778+00:00,5.6647,5.66469999,5.666695,False
2947741_2026-07-17T16:40:10.237279+00:00,1.7007,1.700700002,1.7027010000000002,False
2948787_2026-07-17T17:55:11.440180+00:00,2.2238,2.223800004,2.225802,False
2950515_2026-07-17T18:25:10.527722+00:00,-1.002,-1.0020000008,-1.0000004,False
2950828_2026-07-17T19:10:08.782391+00:00,-1.002,-1.002,-1.0,False
2950872_2026-07-17T19:25:10.068245+00:00,7.3313,7.331300008,7.333304,False
2951025_2026-07-17T20:10:09.233609+00:00,-1.002,-1.002,-1.0,False
2951184_2026-07-17T20:40:10.979771+00:00,13.2837,13.283700002,13.285701,False
2951517_2026-07-17T21:40:11.231478+00:00,-1.002,-1.002000004,-1.0000019999999998,False
2951897_2026-07-17T22:10:09.091356+00:00,-1.002,-1.001999998,-0.999999,False
2951990_2026-07-17T22:25:10.029108+00:00,-1.002,-1.001999998,-0.999999,False
2952031_2026-07-17T22:40:10.805100+00:00,-1.002,-1.002000016,-1.000008,False
2953315_2026-07-17T23:10:08.912043+00:00,-1.002,-1.001999998,-0.999999,False
2953563_2026-07-17T23:55:11.172186+00:00,-1.002,-1.002000024,-1.0000120000000001,False
2953692_2026-07-18T00:10:11.221930+00:00,4.2612,4.261199984,4.263192,False
2953820_2026-07-18T00:40:10.502347+00:00,-1.002,-1.002,-1.0,False
2954111_2026-07-18T00:55:10.932786+00:00,-1.002,-1.002000016,-1.0000079999999998,False
2954416_2026-07-18T01:40:10.924202+00:00,-1.002,-1.002,-1.0,False
2954670_2026-07-18T02:40:10.352772+00:00,-1.002,-1.001999988,-0.9999940000000002,False
2955177_2026-07-18T03:25:11.629516+00:00,-1.002,-1.002000016,-1.000008,False
2955230_2026-07-18T03:40:10.851645+00:00,-1.002,-1.001999984,-0.9999920000000001,False
2955737_2026-07-18T04:10:11.381229+00:00,-1.002,-1.002,-1.0,False
2955867_2026-07-18T04:25:08.910881+00:00,-1.002,-1.002000012,-1.0000060000000002,False
2955972_2026-07-18T04:40:11.653286+00:00,-1.002,-1.00200001,-1.0000049999999998,False
2956686_2026-07-18T05:10:10.415153+00:00,-1.002,-1.002000016,-1.000008,False
2956748_2026-07-18T05:40:10.389689+00:00,2.0283,2.028300002,2.0303009999999997,False
2956850_2026-07-18T05:55:09.815500+00:00,-1.002,-1.002000024,-1.0000120000000001,False
2957008_2026-07-18T06:40:09.064708+00:00,-1.002,-1.001999992,-0.9999959999999999,False
2957182_2026-07-18T07:40:09.142711+00:00,7.3313,7.331300008,7.333304,False
2957300_2026-07-18T07:55:09.897437+00:00,-1.002,-1.002000016,-1.000008,False
2957377_2026-07-18T08:10:10.383648+00:00,-1.002,-1.002,-1.0,False
2957455_2026-07-18T08:40:10.345007+00:00,-1.002,-1.002000014,-1.0000069999999999,False
2957623_2026-07-18T09:10:09.079371+00:00,-1.002,-1.001999998,-0.999999,False
2957668_2026-07-18T09:25:10.792812+00:00,-1.002,-1.002000014,-1.0000069999999999,False
2958073_2026-07-18T10:40:10.388952+00:00,-1.002,-1.002000016,-1.000008,False
2958927_2026-07-18T12:25:08.754461+00:00,-1.002,-1.002,-1.0,False
2959104_2026-07-18T13:10:08.795077+00:00,-1.002,-1.002,-1.0,False
2959157_2026-07-18T13:25:11.401375+00:00,3.7599,3.7599000019999997,3.761901,False
2959343_2026-07-18T14:25:09.278070+00:00,3.1647,3.164699984,3.166692,False
2959485_2026-07-18T14:55:10.239339+00:00,-1.002,-1.002000012,-1.0000060000000002,False
2959629_2026-07-18T15:10:10.510249+00:00,-1.002,-1.001999984,-0.9999920000000001,False
2960274_2026-07-18T16:10:10.955693+00:00,1.8551,1.85510003,1.857115,False
2960366_2026-07-18T16:40:11.533544+00:00,-1.002,-1.00200002,-1.0000099999999998,False
2960867_2026-07-18T17:10:09.536849+00:00,3.5435,3.54349998,3.54549,False
2960990_2026-07-18T17:25:08.914540+00:00,-1.002,-1.001999984,-0.9999920000000001,False
2961514_2026-07-18T18:10:09.131805+00:00,-1.002,-1.002000014,-1.0000069999999999,False
2962154_2026-07-18T18:40:09.583734+00:00,-1.002,-1.002,-1.0,False
2963091_2026-07-18T19:25:10.088447+00:00,-1.002,-1.002000014,-1.0000069999999999,False
2963429_2026-07-18T20:40:10.211166+00:00,-1.002,-1.002,-1.0,False
2963574_2026-07-18T21:10:11.172415+00:00,3.5435,3.54349998,3.54549,False
2963679_2026-07-18T21:25:10.789330+00:00,-1.002,-1.00199997,-0.9999849999999999,False
2963784_2026-07-18T21:40:10.629839+00:00,-1.002,-1.002,-1.0,False
2964917_2026-07-18T22:25:11.810083+00:00,-1.002,-1.00200002,-1.0000099999999998,False
2965349_2026-07-18T22:55:11.445434+00:00,2.2238,2.223800004,2.225802,False
2966360_2026-07-18T23:10:09.591165+00:00,-1.002,-1.002,-1.0,False
2966619_2026-07-18T23:40:09.581803+00:00,-1.002,-1.002000016,-1.000008,False
2967067_2026-07-19T00:40:10.230917+00:00,-1.002,-1.001999996,-0.9999979999999999,False
2967443_2026-07-19T01:10:09.706588+00:00,-1.002,-1.002,-1.0,False
2967554_2026-07-19T01:40:12.000929+00:00,-1.002,-1.001999998,-0.999999,False
2967960_2026-07-19T02:25:10.923781+00:00,-1.002,-1.002,-1.0,False
2968150_2026-07-19T03:10:11.195802+00:00,-1.002,-1.0020000008,-1.0000004,False
2968211_2026-07-19T03:25:10.002668+00:00,-1.002,-1.002,-1.0,False
2969034_2026-07-19T04:10:09.582806+00:00,-1.002,-1.002,-1.0,False
2969315_2026-07-19T04:55:10.549912+00:00,-1.002,-1.002,-1.0,False
2969904_2026-07-19T05:25:08.924014+00:00,-1.002,-1.002000024,-1.0000120000000001,False
2969973_2026-07-19T05:40:10.862687+00:00,-1.002,-1.002000014,-1.0000069999999999,False
2970097_2026-07-19T06:10:10.363341+00:00,-1.002,-1.002,-1.0,False
2970234_2026-07-19T06:55:08.891550+00:00,-1.002,-1.001999998,-0.999999,False
2970281_2026-07-19T07:10:10.952578+00:00,-1.002,-1.002000012,-1.0000060000000002,False
2970425_2026-07-19T07:55:09.590253+00:00,-1.002,-1.002000004,-1.0000019999999998,False
2970488_2026-07-19T08:10:09.921718+00:00,-1.002,-1.002000016,-1.000008,False
2970536_2026-07-19T08:25:09.266649+00:00,-1.002,-1.002,-1.0,False
2970623_2026-07-19T08:40:11.446472+00:00,-1.002,-1.002000016,-1.000008,False
2970866_2026-07-19T09:10:09.067641+00:00,-1.002,-1.001999998,-0.999999,False
2970912_2026-07-19T09:25:10.255863+00:00,-1.002,-1.002,-1.0,False
2970945_2026-07-19T09:40:10.601880+00:00,-1.002,-1.002,-1.0,False
2971022_2026-07-19T09:55:10.265120+00:00,-1.002,-1.002000016,-1.000008,False
2971352_2026-07-19T10:55:10.312959+00:00,-1.002,-1.002,-1.0,False
2971461_2026-07-19T11:40:09.861934+00:00,-1.002,-1.002000016,-1.000008,False
2971568_2026-07-19T11:55:09.328369+00:00,-1.002,-1.002,-1.0,False
2971764_2026-07-19T12:10:09.822204+00:00,-1.002,-1.002,-1.0,False
2972012_2026-07-19T13:10:10.719800+00:00,-1.002,-1.002,-1.0,False
2972327_2026-07-19T14:25:53.908094+00:00,-1.002,-1.002,-1.0,False
2972476_2026-07-19T15:10:10.239533+00:00,-1.002,-1.002,-1.0,False
2972511_2026-07-19T15:25:11.026019+00:00,-1.002,-1.001999998,-0.999999,False
2972964_2026-07-19T16:10:10.286324+00:00,-1.002,-1.002000016,-1.000008,False
2973073_2026-07-19T16:40:10.884537+00:00,-1.002,-1.002,-1.0,False
2973190_2026-07-19T16:55:57.265176+00:00,-1.002,-1.001999998,-0.999999,False
2973707_2026-07-19T17:25:10.765719+00:00,-1.002,-1.002,-1.0,False
2974006_2026-07-19T17:55:09.877691+00:00,-1.002,-1.001999998,-0.999999,False
2974280_2026-07-19T18:10:55.901458+00:00,-1.002,-1.002,-1.0,False
2974507_2026-07-19T18:55:10.306062+00:00,-1.002,-1.002000004,-1.0000019999999998,False
2977285_2026-07-19T19:25:58.294243+00:00,-1.002,-1.002000012,-1.0000060000000002,False
2977315_2026-07-19T19:40:10.307738+00:00,-1.002,-1.001999998,-0.9999990000000001,False
2977453_2026-07-19T19:55:12.438046+00:00,2.5694,2.5694000160000003,2.571408,False
2978123_2026-07-19T21:10:11.114601+00:00,3.7599,3.7599000019999997,3.761901,False
2978169_2026-07-19T21:25:10.385034+00:00,-1.002,-1.002,-1.0,False
2978216_2026-07-19T21:40:09.408203+00:00,-1.002,-1.001999998,-0.999999,False
2978692_2026-07-19T22:55:57.234532+00:00,-1.002,-1.0020000008,-1.0000004,False
2978732_2026-07-19T23:10:11.231232+00:00,1.6296,1.629599984,1.6315920000000002,False
2978829_2026-07-19T23:40:10.107282+00:00,2.2238,2.223800004,2.225802,False
2978867_2026-07-19T23:55:55.624064+00:00,-1.002,-1.002000012,-1.0000060000000002,False
2978958_2026-07-20T00:25:55.142710+00:00,-1.002,-1.002,-1.0,False
2979102_2026-07-20T00:55:12.976309+00:00,-1.002,-1.0020000008,-1.0000004,False
2979628_2026-07-20T02:25:10.281161+00:00,-1.002,-1.0020000008,-1.0000004,False
2979945_2026-07-20T03:25:09.935935+00:00,-1.002,-1.002,-1.0,False
2980103_2026-07-20T03:55:10.739989+00:00,-1.002,-1.001999998,-0.9999990000000001,False
2981088_2026-07-20T04:10:10.459856+00:00,-1.002,-1.002,-1.0,False
2985440_2026-07-20T05:55:57.356343+00:00,-1.002,-1.002000004,-1.0000019999999998,False
2985537_2026-07-20T06:25:55.705750+00:00,-1.002,-1.001999998,-0.999999,False
2985885_2026-07-20T08:10:11.068937+00:00,2.8442,2.844199976,2.8461879999999997,False
2986003_2026-07-20T08:25:09.605883+00:00,-1.002,-1.001999988,-0.9999940000000002,False
2986040_2026-07-20T08:40:10.962375+00:00,-1.002,-1.002,-1.0,False
2986568_2026-07-20T10:40:11.284401+00:00,-1.002,-1.002,-1.0,False
2987203_2026-07-20T11:25:11.342254+00:00,-1.002,-1.002,-1.0,False
2987511_2026-07-20T12:10:09.805310+00:00,-1.002,-1.001999998,-0.999999,False
2987552_2026-07-20T12:25:56.347266+00:00,-1.002,-1.002000012,-1.0000060000000002,False
2988041_2026-07-20T13:25:10.828566+00:00,-1.002,-1.002,-1.0,False
2988301_2026-07-20T13:55:10.135029+00:00,-1.002,-1.002,-1.0,False
2988613_2026-07-20T14:40:40.047833+00:00,-1.002,-1.001999996,-0.9999979999999999,False
2988691_2026-07-20T14:55:40.337662+00:00,-1.002,-1.001999988,-0.9999940000000002,False
2988864_2026-07-20T15:25:39.787172+00:00,-1.002,-1.002000016,-1.000008,False
2988951_2026-07-20T15:40:39.697981+00:00,5.6647,5.66469999,5.666695,False
2989886_2026-07-20T16:10:38.254453+00:00,-1.002,-1.001999998,-0.999999,False
2990034_2026-07-20T16:25:39.725453+00:00,-1.002,-1.002,-1.0,False
2991312_2026-07-20T17:10:40.173142+00:00,-1.002,-1.001999998,-0.9999990000000001,False
2991339_2026-07-20T17:25:38.757647+00:00,1.7007,1.700700002,1.7027010000000002,False
2991570_2026-07-20T17:40:38.273888+00:00,-1.002,-1.002,-1.0,False
2992232_2026-07-20T18:55:40.176290+00:00,-1.002,-1.001999998,-0.999999,False
2993874_2026-07-20T21:25:41.083416+00:00,-1.002,-1.002000016,-1.000008,False
2994018_2026-07-20T21:55:40.875828+00:00,-1.002,-1.001999998,-0.999999,False
2994427_2026-07-20T22:10:43.359614+00:00,-1.002,-1.002,-1.0,False
2995047_2026-07-20T23:40:07.784180+00:00,-1.002,-1.002,-1.0,False
2995110_2026-07-20T23:55:07.007865+00:00,6.1409,6.140899988,6.142894,False
2995141_2026-07-21T00:10:06.629703+00:00,-1.002,-1.001999998,-0.999999,False
2995557_2026-07-21T01:25:09.145043+00:00,-1.002,-1.001999998,-0.999999,False
2995597_2026-07-21T01:40:07.142273+00:00,-1.002,-1.001999992,-0.9999959999999999,False
2995677_2026-07-21T01:55:07.680084+00:00,-1.002,-1.001999998,-0.999999,False
2996111_2026-07-21T03:25:08.515611+00:00,2.8442,2.844199976,2.8461879999999997,False
2997320_2026-07-21T04:55:27.610368+00:00,-1.002,-1.002,-1.0,False
2997792_2026-07-21T06:10:42.335834+00:00,-1.002,-1.002,-1.0,False
2998032_2026-07-21T06:55:42.096995+00:00,-1.002,-1.001999998,-0.999999,False
2998084_2026-07-21T07:10:43.070568+00:00,6.1409,6.140899988,6.142894,False
2998660_2026-07-21T08:10:43.021411+00:00,2.4463,2.446299986,2.4482930000000005,False
2998804_2026-07-21T08:55:41.589257+00:00,-1.002,-1.002,-1.0,False
2999109_2026-07-21T09:10:42.473440+00:00,-1.002,-1.002,-1.0,False
2999621_2026-07-21T10:40:42.371871+00:00,-1.002,-1.002,-1.0,False
2999773_2026-07-21T11:10:42.829027+00:00,4.8804,4.880399983999999,4.882391999999999,False
2999791_2026-07-21T11:25:41.389974+00:00,2.2238,2.223800004,2.225802,False
3000724_2026-07-21T13:25:00.249433+00:00,-1.002,-1.001999998,-0.999999,False
3000739_2026-07-21T13:40:11.947079+00:00,-1.002,-1.002000024,-1.0000120000000001,False
3001304_2026-07-21T15:10:07.260942+00:00,-1.002,-1.00200002,-1.0000099999999998,False
3001366_2026-07-21T15:25:08.408863+00:00,-1.002,-1.002,-1.0,False
3002503_2026-07-21T16:25:08.392017+00:00,-1.002,-1.00200002,-1.0000099999999998,False
3004043_2026-07-21T18:25:31.919557+00:00,-1.002,-1.002000012,-1.0000060000000002,False
3005679_2026-07-21T20:10:31.358244+00:00,-1.002,-1.00199998,-0.9999899999999999,False
3005821_2026-07-21T20:25:29.928315+00:00,-1.002,-1.002000012,-1.0000060000000002,False
3005948_2026-07-21T20:55:29.970712+00:00,-1.002,-1.001999998,-0.999999,False
3006018_2026-07-21T21:10:31.203234+00:00,-1.002,-1.00200001,-1.0000049999999998,False
3006049_2026-07-21T21:25:31.928875+00:00,-1.002,-1.001999998,-0.999999,False
3006449_2026-07-21T22:10:31.508154+00:00,-1.002,-1.002000016,-1.000008,False
3006503_2026-07-21T22:25:30.930202+00:00,-1.002,-1.002,-1.0,False
3006683_2026-07-21T22:55:31.971943+00:00,-1.002,-1.00199997,-0.9999849999999999,False
3007868_2026-07-21T23:10:30.002784+00:00,-1.002,-1.002,-1.0,False
3008942_2026-07-22T00:55:30.914503+00:00,-1.002,-1.002,-1.0,False
3009189_2026-07-22T01:10:31.465683+00:00,-1.002,-1.001999998,-0.9999990000000001,False
3009284_2026-07-22T01:25:31.019494+00:00,-1.002,-1.002,-1.0,False
3009543_2026-07-22T02:10:30.996814+00:00,2.998,2.998,3.0,False
3009584_2026-07-22T02:25:32.249756+00:00,-1.002,-1.001999988,-0.9999940000000002,False
3009606_2026-07-22T02:40:29.937303+00:00,-1.002,-1.002000004,-1.0000019999999998,False
3009713_2026-07-22T02:55:31.479805+00:00,-1.002,-1.002000016,-1.000008,False
3009751_2026-07-22T03:10:30.502054+00:00,-1.002,-1.001999998,-0.9999990000000001,False
3009890_2026-07-22T03:40:40.221076+00:00,-1.002,-1.002000012,-1.0000060000000002,False
3010001_2026-07-22T03:55:40.273442+00:00,-1.002,-1.002,-1.0,False
3011110_2026-07-22T04:55:15.192660+00:00,-1.002,-1.002,-1.0,False
3012704_2026-07-22T05:10:15.082828+00:00,-1.002,-1.0020000016,-1.0000007999999998,False
3012827_2026-07-22T05:40:13.907254+00:00,-1.002,-1.001999998,-0.9999990000000001,False
3013265_2026-07-22T06:10:14.038520+00:00,10.1091,10.109100002,10.111101,False
3013316_2026-07-22T06:25:30.328098+00:00,-1.002,-1.002,-1.0,False
3013571_2026-07-22T06:55:29.310882+00:00,-1.002,-1.002000016,-1.0000079999999998,False
3013605_2026-07-22T07:10:30.362855+00:00,-1.002,-1.002000024,-1.0000120000000001,False
3013651_2026-07-22T07:25:29.969853+00:00,-1.002,-1.002000016,-1.000008,False
3013799_2026-07-22T07:40:31.829085+00:00,-1.002,-1.002,-1.0,False
3014058_2026-07-22T08:40:04.661356+00:00,-1.002,-1.002000016,-1.000008,False
3014753_2026-07-22T10:10:50.642697+00:00,-1.002,-1.001999998,-0.999999,False
3016183_2026-07-22T11:40:05.162231+00:00,-1.002,-1.001999998,-0.999999,False
3016812_2026-07-22T12:40:05.414607+00:00,-1.002,-1.001999998,-0.999999,False
3017148_2026-07-22T12:55:05.470636+00:00,-1.002,-1.002,-1.0,False
3017287_2026-07-22T13:25:05.895704+00:00,-1.002,-1.001999998,-0.9999990000000001,False
3019216_2026-07-22T17:10:39.205692+00:00,-1.002,-1.001999998,-0.999999,False
3019273_2026-07-22T17:25:04.281629+00:00,-1.002,-1.002,-1.0,False
3019646_2026-07-22T18:10:19.317762+00:00,-1.002,-1.001999998,-0.999999,False
3019666_2026-07-22T18:25:17.386196+00:00,-1.002,-1.001999998,-0.999999,False
3019758_2026-07-22T18:40:19.552512+00:00,-1.002,-1.0020000008,-1.0000004,False
3020393_2026-07-22T19:10:19.266231+00:00,-1.002,-1.002,-1.0,False
3020659_2026-07-22T20:10:18.383615+00:00,-1.002,-1.001999998,-0.999999,False
3020793_2026-07-22T20:55:18.323612+00:00,-1.002,-1.002,-1.0,False
3020977_2026-07-22T21:25:18.368379+00:00,-1.002,-1.002000016,-1.000008,False
3021199_2026-07-22T21:55:17.899410+00:00,-1.002,-1.002,-1.0,False
3021493_2026-07-22T22:10:18.397176+00:00,-1.002,-1.001999998,-0.999999,False
3021556_2026-07-22T22:40:18.120005+00:00,-1.002,-1.001999998,-0.999999,False
3023757_2026-07-23T00:40:40.079919+00:00,-1.002,-1.001999998,-0.999999,False
3023841_2026-07-23T00:55:40.752445+00:00,-1.002,-1.002000012,-1.0000060000000002,False
3024083_2026-07-23T01:25:39.300042+00:00,-1.002,-1.001999998,-0.999999,False
3024411_2026-07-23T02:25:40.334186+00:00,-1.002,-1.002,-1.0,False
3024582_2026-07-23T03:10:39.767043+00:00,-1.002,-1.002,-1.0,False
3024615_2026-07-23T03:25:39.242220+00:00,2.2238,2.223800004,2.225802,False
3024765_2026-07-23T03:55:39.214411+00:00,-1.002,-1.001999992,-0.9999959999999999,False
3025306_2026-07-23T04:10:40.015890+00:00,1.7758,1.775799984,1.777792,False
3025475_2026-07-23T04:40:40.157347+00:00,-1.002,-1.002,-1.0,False
3025581_2026-07-23T04:55:39.821244+00:00,-1.002,-1.002,-1.0,False
3026074_2026-07-23T05:40:41.388851+00:00,1.7758,1.775799984,1.777792,False
3026322_2026-07-23T05:55:41.455518+00:00,-1.002,-1.002,-1.0,False
3026449_2026-07-23T06:10:40.825969+00:00,-1.002,-1.00200002,-1.0000099999999998,False
3026890_2026-07-23T07:25:40.339972+00:00,-1.002,-1.002000024,-1.0000120000000001,False
3027150_2026-07-23T08:25:39.754173+00:00,1.8551,1.85510003,1.857115,False
3027338_2026-07-23T08:55:40.897539+00:00,1.7758,1.775799984,1.777792,False
3027439_2026-07-23T09:40:40.020946+00:00,1.9392,1.939199984,1.9411919999999998,False
3027532_2026-07-23T09:55:40.538840+00:00,-1.002,-1.002,-1.0,False
3028800_2026-07-23T11:40:00.424808+00:00,-1.002,-1.001999998,-0.9999990000000001,False
3028903_2026-07-23T12:10:16.183941+00:00,-1.002,-1.002,-1.0,False
3028966_2026-07-23T12:25:15.485829+00:00,-1.002,-1.002,-1.0,False
3029178_2026-07-23T13:10:16.202218+00:00,-1.002,-1.002000004,-1.0000019999999998,False
3029890_2026-07-23T14:55:20.063639+00:00,-1.002,-1.002,-1.0,False
3030585_2026-07-23T16:10:16.983235+00:00,-1.002,-1.001999998,-0.999999,False
3030778_2026-07-23T16:25:14.273829+00:00,-1.002,-1.002000016,-1.000008,False
3031568_2026-07-23T16:40:15.909521+00:00,-1.002,-1.00200002,-1.0000099999999998,False
3032884_2026-07-23T17:40:15.696801+00:00,-1.002,-1.001999998,-0.999999,False
3032962_2026-07-23T17:55:14.028203+00:00,-1.002,-1.001999996,-0.9999979999999999,False
3037257_2026-07-23T19:40:14.993925+00:00,-1.002,-1.002000004,-1.0000019999999998,False
3044480_2026-07-23T20:40:14.286517+00:00,-1.002,-1.002,-1.0,False
3044598_2026-07-23T21:10:15.975469+00:00,-1.002,-1.001999998,-0.999999,False
3044975_2026-07-23T21:40:14.233953+00:00,-1.002,-1.002,-1.0,False
3045419_2026-07-23T22:10:14.835878+00:00,-1.002,-1.001999998,-0.999999,False
3045953_2026-07-23T22:55:14.694042+00:00,-1.002,-1.002,-1.0,False
3047506_2026-07-23T23:10:14.309624+00:00,2.8442,2.844199976,2.8461879999999997,False
3047583_2026-07-23T23:25:14.770047+00:00,-1.002,-1.00199998,-0.9999899999999999,False
3047918_2026-07-23T23:55:14.032902+00:00,-1.002,-1.002,-1.0,False
3047960_2026-07-24T00:10:59.646814+00:00,-1.002,-1.002,-1.0,False
3048393_2026-07-24T00:40:16.663201+00:00,-1.002,-1.002000004,-1.0000019999999998,False
3050501_2026-07-24T04:10:15.237419+00:00,-1.002,-1.001999998,-0.999999,False
3050808_2026-07-24T04:55:59.687573+00:00,-1.002,-1.001999998,-0.999999,False
3051983_2026-07-24T06:55:16.990808+00:00,2.123,2.123,2.125,False
3052548_2026-07-24T08:10:15.699661+00:00,-1.002,-1.002,-1.0,False
3052899_2026-07-24T09:25:19.307080+00:00,-1.002,-1.002000004,-1.0000019999999998,False
3053109_2026-07-24T10:10:18.109341+00:00,-1.002,-1.001999998,-0.999999,False
3053176_2026-07-24T10:40:15.634743+00:00,1.498,1.498,1.5,False
3053284_2026-07-24T10:55:21.176051+00:00,-1.002,-1.002,-1.0,False
3054505_2026-07-24T13:40:09.288001+00:00,10.1091,10.109100002,10.111101,False
3054974_2026-07-24T14:40:16.712941+00:00,-1.002,-1.002,-1.0,False
3055178_2026-07-24T15:10:18.051589+00:00,18.998,18.998,19.0,False
3067359_2026-07-24T16:40:15.212614+00:00,-1.002,-1.001999998,-0.999999,False
3068162_2026-07-24T17:10:39.826594+00:00,1.7007,1.700700002,1.7027010000000002,False
3068802_2026-07-24T18:10:40.228252+00:00,1.7007,1.700700002,1.7027010000000002,False
3068884_2026-07-24T18:25:39.206821+00:00,-1.002,-1.001999998,-0.999999,False
3070999_2026-07-24T19:55:38.655601+00:00,-1.002,-1.002,-1.0,False
3071272_2026-07-24T20:10:38.125548+00:00,-1.002,-1.002000016,-1.000008,False
3071568_2026-07-24T20:40:39.983428+00:00,-1.002,-1.00200002,-1.0000099999999998,False
3071629_2026-07-24T20:55:38.110417+00:00,-1.002,-1.00199998,-0.9999899999999999,False
3071809_2026-07-24T21:40:38.448590+00:00,-1.002,-1.002000024,-1.0000120000000001,False
3071915_2026-07-24T21:55:38.447543+00:00,-1.002,-1.001999988,-0.9999940000000002,False
3072339_2026-07-24T22:55:38.752984+00:00,-1.002,-1.002000016,-1.000008,False
3073490_2026-07-24T23:40:39.546311+00:00,2.3313,2.33130002,2.33331,False
3073695_2026-07-24T23:55:40.067135+00:00,-1.002,-1.001999992,-0.9999959999999999,False
3073856_2026-07-25T00:40:39.488051+00:00,-1.002,-1.001999996,-0.9999979999999999,False
3074048_2026-07-25T00:55:39.065168+00:00,-1.002,-1.002000024,-1.0000120000000001,False
3074263_2026-07-25T01:10:39.372567+00:00,-1.002,-1.00199998,-0.9999899999999999,False
3074952_2026-07-25T01:55:21.073016+00:00,-1.002,-1.001999998,-0.999999,False
3075818_2026-07-25T02:25:19.587355+00:00,-1.002,-1.002000004,-1.0000019999999998,False
3075987_2026-07-25T02:55:20.209010+00:00,-1.002,-1.002000016,-1.000008,False
3076312_2026-07-25T03:55:20.503092+00:00,-1.002,-1.002,-1.0,False
3076941_2026-07-25T04:25:20.156842+00:00,-1.002,-1.002000016,-1.000008,False
3077138_2026-07-25T04:55:21.296597+00:00,-1.002,-1.001999998,-0.999999,False
3077345_2026-07-25T05:10:21.880409+00:00,-1.002,-1.001999996,-0.9999979999999999,False
3077624_2026-07-25T05:55:21.851727+00:00,-1.002,-1.002000016,-1.000008,False
3077950_2026-07-25T06:25:29.892119+00:00,-1.002,-1.002,-1.0,False
3078622_2026-07-25T07:55:28.990323+00:00,-1.002,-1.001999988,-0.9999940000000002,False
3078674_2026-07-25T08:10:27.813632+00:00,-1.002,-1.002,-1.0,False
3078829_2026-07-25T08:40:28.811919+00:00,-1.002,-1.001999998,-0.999999,False
3079330_2026-07-25T10:25:44.104658+00:00,-1.002,-1.002,-1.0,False
3079368_2026-07-25T10:40:43.731157+00:00,-1.002,-1.00200001,-1.0000049999999998,False
3079873_2026-07-25T11:10:37.730985+00:00,2.3313,2.33130002,2.33331,False
3079942_2026-07-25T11:40:38.238191+00:00,-1.002,-1.00199998,-0.9999899999999999,False
3080367_2026-07-25T12:10:18.480760+00:00,-1.002,-1.002000016,-1.000008,False
3081138_2026-07-25T13:55:06.985967+00:00,-1.002,-1.002,-1.0,False
3081284_2026-07-25T14:25:06.512192+00:00,-1.002,-1.002000016,-1.000008,False
3081705_2026-07-25T15:25:07.847171+00:00,-1.002,-1.002000012,-1.0000060000000002,False
3081894_2026-07-25T15:55:07.355666+00:00,-1.002,-1.002,-1.0,False
3083710_2026-07-25T16:10:06.414978+00:00,8.0889,8.088900001999999,8.090900999999999,False
3087964_2026-07-25T17:55:07.886952+00:00,-1.002,-1.001999998,-0.999999,False
3089100_2026-07-25T18:40:05.943254+00:00,-1.002,-1.001999998,-0.999999,False
3089783_2026-07-25T19:25:08.046128+00:00,-1.002,-1.001999998,-0.999999,False
3090242_2026-07-25T19:40:06.474886+00:00,-1.002,-1.002000016,-1.0000079999999998,False
3090466_2026-07-25T20:10:05.937297+00:00,-1.002,-1.002,-1.0,False
3090711_2026-07-25T20:40:06.933302+00:00,-1.002,-1.002000004,-1.0000019999999998,False
3090827_2026-07-25T21:10:06.872130+00:00,-1.002,-1.002000012,-1.0000060000000002,False
3091879_2026-07-25T22:25:07.366031+00:00,-1.002,-1.002000024,-1.0000120000000001,False
3093659_2026-07-25T23:55:07.951417+00:00,-1.002,-1.002,-1.0,False
3094469_2026-07-26T00:40:06.384624+00:00,-1.002,-1.001999998,-0.999999,False
3094935_2026-07-26T01:10:06.960952+00:00,-1.002,-1.00200001,-1.0000049999999998,False
3094981_2026-07-26T01:25:07.306402+00:00,-1.002,-1.001999998,-0.999999,False
3095215_2026-07-26T02:10:06.447658+00:00,4.8804,4.880399983999999,4.882391999999999,False
3095263_2026-07-26T02:25:07.330624+00:00,11.498,11.498,11.5,False
3095332_2026-07-26T02:40:06.880787+00:00,-1.002,-1.002,-1.0,False
3095467_2026-07-26T03:10:05.934691+00:00,4.8804,4.880399983999999,4.882391999999999,False
3095513_2026-07-26T03:25:06.467519+00:00,-1.002,-1.002000016,-1.000008,False
3096776_2026-07-26T04:10:07.428699+00:00,-1.002,-1.002,-1.0,False
3097288_2026-07-26T04:55:05.943262+00:00,-1.002,-1.001999992,-0.9999959999999999,False
3097997_2026-07-26T05:10:06.436539+00:00,-1.002,-1.002,-1.0,False
3098061_2026-07-26T05:25:06.940857+00:00,-1.002,-1.001999998,-0.9999990000000001,False
3098100_2026-07-26T05:40:07.842481+00:00,-1.002,-1.002000016,-1.000008,False
3098215_2026-07-26T05:55:07.284003+00:00,-1.002,-1.002000004,-1.0000019999999998,False
3098276_2026-07-26T06:10:07.917931+00:00,-1.002,-1.002,-1.0,False
3098292_2026-07-26T06:25:06.167034+00:00,-1.002,-1.002,-1.0,False
3098536_2026-07-26T07:10:06.548840+00:00,-1.002,-1.002,-1.0,False
3098598_2026-07-26T07:25:41.384100+00:00,-1.002,-1.002,-1.0,False
3098633_2026-07-26T07:40:42.074497+00:00,-1.002,-1.002,-1.0,False
3099360_2026-07-26T10:10:41.461459+00:00,-1.002,-1.001999998,-0.999999,False
3099528_2026-07-26T10:55:18.558811+00:00,-1.002,-1.002,-1.0,False
3100111_2026-07-26T11:40:27.741540+00:00,-1.002,-1.002000016,-1.000008,False
3100326_2026-07-26T12:25:23.229575+00:00,-1.002,-1.002,-1.0,False
3100360_2026-07-26T12:40:22.922898+00:00,-1.002,-1.002,-1.0,False
3100444_2026-07-26T12:55:24.137033+00:00,-1.002,-1.001999998,-0.999999,False
3100527_2026-07-26T13:10:25.426145+00:00,-1.002,-1.002,-1.0,False
3100817_2026-07-26T13:55:12.497981+00:00,-1.002,-1.001999998,-0.999999,False
3101020_2026-07-26T14:25:13.649919+00:00,-1.002,-1.002,-1.0,False
3101164_2026-07-26T15:10:13.874042+00:00,-1.002,-1.001999998,-0.999999,False
3102682_2026-07-26T16:55:05.317960+00:00,-1.002,-1.001999998,-0.999999,False
3102918_2026-07-26T17:10:06.254743+00:00,2.2238,2.223800004,2.225802,False
3102979_2026-07-26T17:25:12.938996+00:00,-1.002,-1.001999998,-0.999999,False
3103807_2026-07-26T19:10:45.298921+00:00,-1.002,-1.002,-1.0,False
3104009_2026-07-26T19:55:00.856712+00:00,-1.002,-1.00200001,-1.0000049999999998,False
3104090_2026-07-26T20:25:44.913948+00:00,-1.002,-1.002,-1.0,False
3104199_2026-07-26T20:55:06.777072+00:00,-1.002,-1.001999992,-0.9999959999999999,False
3104943_2026-07-26T21:40:07.305264+00:00,-1.002,-1.002,-1.0,False
3105351_2026-07-26T22:55:07.698852+00:00,-1.002,-1.002000016,-1.000008,False
3105703_2026-07-26T23:25:07.229025+00:00,-1.002,-1.002000016,-1.000008,False
3107057_2026-07-27T00:25:08.994478+00:00,-1.002,-1.002000016,-1.000008,False
3107085_2026-07-27T00:40:07.234196+00:00,-1.002,-1.002000004,-1.0000019999999998,False
3107115_2026-07-27T00:55:06.761678+00:00,-1.002,-1.002000016,-1.000008,False
3107382_2026-07-27T02:25:08.177375+00:00,-1.002,-1.001999998,-0.9999990000000001,False
3107433_2026-07-27T02:55:08.152381+00:00,-1.002,-1.001999998,-0.999999,False
3107534_2026-07-27T03:40:07.285095+00:00,3.3458,3.3458000119999998,3.3478060000000003,False
3107622_2026-07-27T03:55:08.595094+00:00,-1.002,-1.002,-1.0,False
3107753_2026-07-27T04:55:34.769523+00:00,-1.002,-1.002,-1.0,False
3108089_2026-07-27T05:40:35.946734+00:00,-1.002,-1.001999998,-0.999999,False
3108185_2026-07-27T06:25:44.374066+00:00,-1.002,-1.002,-1.0,False
3108248_2026-07-27T06:55:03.645419+00:00,-1.002,-1.002,-1.0,False
3113607_2026-07-27T11:10:14.264327+00:00,-1.002,-1.001999998,-0.999999,False
3113641_2026-07-27T11:25:15.657758+00:00,-1.002,-1.002,-1.0,False
3114003_2026-07-27T12:40:37.174500+00:00,3.1647,3.164699984,3.166692,False
3114067_2026-07-27T13:10:36.580285+00:00,-1.002,-1.002000012,-1.0000060000000002,False
3114261_2026-07-27T13:25:40.662441+00:00,-1.002,-1.001999992,-0.9999959999999999,False
3114357_2026-07-27T13:55:40.812150+00:00,-1.002,-1.001999998,-0.999999,False
3114456_2026-07-27T14:40:40.827240+00:00,-1.002,-1.0020000016,-1.0000007999999998,False
3114538_2026-07-27T15:10:40.997199+00:00,1.9392,1.939199984,1.9411919999999998,False
3114567_2026-07-27T15:25:41.470212+00:00,-1.002,-1.001999998,-0.999999,False
3114589_2026-07-27T15:40:40.043704+00:00,-1.002,-1.002,-1.0,False
3114934_2026-07-27T16:55:41.749843+00:00,-1.002,-1.002,-1.0,False
3114962_2026-07-27T17:10:41.633810+00:00,-1.002,-1.002,-1.0,False
3115746_2026-07-27T17:55:40.038164+00:00,1.8551,1.85510003,1.857115,False
3115994_2026-07-27T18:10:42.498142+00:00,-1.002,-1.002,-1.0,False
3116012_2026-07-27T18:25:40.479761+00:00,-1.002,-1.001999998,-0.999999,False
3116959_2026-07-27T19:25:40.707277+00:00,2.998,2.998,3.0,False
3119763_2026-07-27T20:10:42.174320+00:00,-1.002,-1.002000016,-1.000008,False
3120012_2026-07-27T20:40:40.064894+00:00,-1.002,-1.002000004,-1.0000019999999998,False
3120686_2026-07-27T21:10:40.023131+00:00,-1.002,-1.001999998,-0.999999,False
3120727_2026-07-27T21:25:41.262551+00:00,-1.002,-1.002,-1.0,False
3121003_2026-07-27T22:10:42.123710+00:00,-1.002,-1.002,-1.0,False
3121247_2026-07-27T22:25:41.275514+00:00,-1.002,-1.002,-1.0,False
3121316_2026-07-27T22:55:42.025152+00:00,-1.002,-1.0020000006,-1.0000003,False
3121806_2026-07-27T23:10:40.619215+00:00,6.1409,6.140899988,6.142894,False
3121878_2026-07-27T23:40:42.002941+00:00,-1.002,-1.002,-1.0,False
3122183_2026-07-28T00:40:42.580691+00:00,-1.002,-1.002000016,-1.000008,False
3122405_2026-07-28T00:55:41.090204+00:00,-1.002,-1.002000016,-1.000008,False
3122774_2026-07-28T01:10:41.935229+00:00,-1.002,-1.0020000016,-1.0000007999999998,False
3122843_2026-07-28T01:40:40.090736+00:00,-1.002,-1.001999998,-0.999999,False
3123284_2026-07-28T02:40:42.282964+00:00,-1.002,-1.002,-1.0,False
3123508_2026-07-28T03:55:40.368844+00:00,-1.002,-1.001999998,-0.999999,False
3124147_2026-07-28T05:40:09.530725+00:00,2.5694,2.5694000160000003,2.571408,False
3124326_2026-07-28T07:10:29.369970+00:00,-1.002,-1.002,-1.0,False
3124445_2026-07-28T07:25:28.906082+00:00,-1.002,-1.002,-1.0,False
3124612_2026-07-28T07:40:28.334954+00:00,-1.002,-1.001999992,-0.9999959999999999,False
3125098_2026-07-28T08:10:27.782549+00:00,-1.002,-1.001999998,-0.999999,False
3125273_2026-07-28T08:40:27.795798+00:00,2.123,2.123,2.125,False
3125411_2026-07-28T09:55:27.786530+00:00,-1.002,-1.002,-1.0,False
3125450_2026-07-28T10:10:29.262891+00:00,-1.002,-1.002,-1.0,False
3126056_2026-07-28T10:55:27.278217+00:00,-1.002,-1.00199998,-0.9999899999999999,False
3126091_2026-07-28T11:10:29.122411+00:00,-1.002,-1.002,-1.0,False
3126318_2026-07-28T13:10:28.441658+00:00,-1.002,-1.002000012,-1.0000060000000002,False
3128287_2026-07-28T16:10:00.131517+00:00,-1.002,-1.001999992,-0.9999959999999999,False
3128736_2026-07-28T17:25:44.571526+00:00,-1.002,-1.002000016,-1.000008,False
3128771_2026-07-28T17:40:43.262438+00:00,-1.002,-1.002,-1.0,False
3129187_2026-07-28T18:55:44.249273+00:00,-1.002,-1.001999998,-0.999999,False
3129246_2026-07-28T19:25:44.627858+00:00,-1.002,-1.001999996,-0.9999979999999999,False
3129941_2026-07-28T20:25:43.038809+00:00,-1.002,-1.002,-1.0,False
3129976_2026-07-28T20:40:44.632497+00:00,2.2238,2.223800004,2.225802,False
3132446_2026-07-28T21:25:42.567952+00:00,-1.002,-1.002000016,-1.000008,False
3133991_2026-07-28T21:55:44.135020+00:00,-1.002,-1.002000014,-1.0000069999999999,False
3134934_2026-07-28T22:10:44.037296+00:00,1.6296,1.629599984,1.6315920000000002,False
3135476_2026-07-28T22:25:42.585884+00:00,-1.002,-1.001999998,-0.9999990000000001,False
3135888_2026-07-28T22:40:42.538121+00:00,-1.002,-1.002000016,-1.000008,False
3138082_2026-07-28T22:55:43.561266+00:00,-1.002,-1.002,-1.0,False
3141485_2026-07-28T23:25:44.564928+00:00,13.2837,13.283700002,13.285701,False
3142162_2026-07-29T00:25:43.542859+00:00,-1.002,-1.002,-1.0,False
3142367_2026-07-29T00:55:43.612483+00:00,-1.002,-1.002000014,-1.0000069999999999,False
3142451_2026-07-29T01:10:42.606610+00:00,-1.002,-1.002,-1.0,False
3142638_2026-07-29T01:40:44.704850+00:00,-1.002,-1.002000016,-1.000008,False
3142781_2026-07-29T01:55:44.601996+00:00,-1.002,-1.002,-1.0,False
3144990_2026-07-29T02:55:43.935794+00:00,-1.002,-1.002000004,-1.0000019999999998,False
3145234_2026-07-29T03:25:44.734141+00:00,-1.002,-1.001999998,-0.999999,False
3145541_2026-07-29T03:55:43.103394+00:00,-1.002,-1.001999992,-0.9999959999999999,False
3147244_2026-07-29T04:10:43.519412+00:00,-1.002,-1.002,-1.0,False
3149242_2026-07-29T05:25:42.577734+00:00,-1.002,-1.002000016,-1.000008,False
3150049_2026-07-29T06:55:43.842135+00:00,-1.002,-1.001999998,-0.999999,False
3150234_2026-07-29T07:25:43.263952+00:00,2.0283,2.028300002,2.0303009999999997,False
3150272_2026-07-29T07:40:44.203362+00:00,-1.002,-1.002000004,-1.0000019999999998,False
3150425_2026-07-29T07:55:44.716778+00:00,3.7599,3.7599000019999997,3.761901,False
3150565_2026-07-29T08:25:42.597723+00:00,-1.002,-1.001999998,-0.999999,False
3150694_2026-07-29T08:55:43.469644+00:00,-1.002,-1.001999998,-0.999999,False
3151495_2026-07-29T10:10:43.996342+00:00,-1.002,-1.001999998,-0.9999990000000001,False
3151529_2026-07-29T10:25:43.512398+00:00,-1.002,-1.001999998,-0.9999990000000001,False
3151571_2026-07-29T10:40:44.519255+00:00,18.998,18.998,19.0,False
3153235_2026-07-29T11:25:43.511787+00:00,-1.002,-1.002,-1.0,False
3153390_2026-07-29T11:40:43.006052+00:00,-1.002,-1.002,-1.0,False
3154207_2026-07-29T12:10:43.474089+00:00,-1.002,-1.001999998,-0.999999,False
3154680_2026-07-29T12:25:43.514786+00:00,-1.002,-1.001999998,-0.999999,False
3155014_2026-07-29T12:55:42.583079+00:00,-1.002,-1.002000016,-1.000008,False
3155206_2026-07-29T13:25:43.027550+00:00,-1.002,-1.0020000008,-1.0000004,False
3155768_2026-07-29T13:55:42.557456+00:00,2.123,2.123,2.125,False
3155807_2026-07-29T14:10:42.607699+00:00,-1.002,-1.002,-1.0,False
3156481_2026-07-29T14:40:43.790141+00:00,-1.002,-1.001999998,-0.999999,False
3157228_2026-07-29T15:25:43.589858+00:00,-1.002,-1.002,-1.0,False
3157359_2026-07-29T15:40:44.198837+00:00,-1.002,-1.002000012,-1.0000060000000002,False
3157814_2026-07-29T15:55:45.635405+00:00,-1.002,-1.001999984,-0.9999920000000001,False
3167786_2026-07-29T16:40:43.530220+00:00,-1.002,-1.0020000008,-1.0000004,False
3168758_2026-07-29T17:25:44.542641+00:00,-1.002,-1.001999998,-0.999999,False
3179503_2026-07-29T19:10:43.041395+00:00,-1.002,-1.002,-1.0,False
3182746_2026-07-29T19:25:43.002914+00:00,-1.002,-1.002,-1.0,False
3186447_2026-07-29T19:40:43.026772+00:00,-1.002,-1.002,-1.0,False
3187500_2026-07-29T19:55:43.009183+00:00,-1.002,-1.001999998,-0.999999,False
3187613_2026-07-29T20:10:44.072599+00:00,32.3313,32.331300002,32.333301,False
3188372_2026-07-29T20:55:43.093513+00:00,-1.002,-1.00200002,-1.0000099999999998,False
3190201_2026-07-29T21:10:44.011497+00:00,-1.002,-1.002000016,-1.000008,False
3192407_2026-07-29T22:40:43.020252+00:00,-1.002,-1.002,-1.0,False
3192500_2026-07-29T22:55:42.559230+00:00,-1.002,-1.002,-1.0,False
3194247_2026-07-29T23:10:42.546861+00:00,-1.002,-1.002000014,-1.0000069999999999,False
3194364_2026-07-29T23:40:44.401667+00:00,-1.002,-1.002,-1.0,False
3194556_2026-07-30T00:25:44.550829+00:00,-1.002,-1.002000016,-1.000008,False
3194761_2026-07-30T00:55:44.495067+00:00,-1.002,-1.001999992,-0.9999959999999999,False
3195819_2026-07-30T02:40:44.422310+00:00,-1.002,-1.001999998,-0.999999,False
3195947_2026-07-30T02:55:17.518538+00:00,-1.002,-1.002,-1.0,False
3196083_2026-07-30T03:40:17.495368+00:00,-1.002,-1.001999998,-0.9999990000000001,False
3196817_2026-07-30T04:10:30.313826+00:00,-1.002,-1.001999998,-0.999999,False
3196869_2026-07-30T04:25:29.896765+00:00,-1.002,-1.001999992,-0.9999959999999999,False
3197159_2026-07-30T04:55:36.550755+00:00,-1.002,-1.002000016,-1.000008,False
3198462_2026-07-30T05:10:30.932403+00:00,-1.002,-1.002000016,-1.000008,False
3198508_2026-07-30T05:25:30.411911+00:00,4.5536,4.553599984,4.555592,False
3199137_2026-07-30T06:10:31.398745+00:00,-1.002,-1.002000016,-1.000008,False
3199259_2026-07-30T06:40:29.934573+00:00,-1.002,-1.001999998,-0.999999,False
3199352_2026-07-30T06:55:28.813623+00:00,-1.002,-1.00199997,-0.9999849999999999,False
3199500_2026-07-30T07:40:36.424004+00:00,-1.002,-1.002000016,-1.000008,False
3199615_2026-07-30T07:55:31.224454+00:00,-1.002,-1.002000012,-1.0000060000000002,False
3199867_2026-07-30T08:40:30.413538+00:00,2.3313,2.33130002,2.33331,False
3199960_2026-07-30T08:55:30.897561+00:00,-1.002,-1.001999992,-0.9999959999999999,False
3200439_2026-07-30T10:40:29.292019+00:00,-1.002,-1.001999998,-0.999999,False
3200511_2026-07-30T10:55:29.911308+00:00,-1.002,-1.002,-1.0,False
3201138_2026-07-30T11:25:30.272710+00:00,-1.002,-1.002,-1.0,False
3201434_2026-07-30T12:40:29.931020+00:00,-1.002,-1.002000016,-1.0000079999999998,False
3201605_2026-07-30T13:10:33.726194+00:00,-1.002,-1.001999998,-0.999999,False
3201675_2026-07-30T13:40:30.475247+00:00,18.998,18.998,19.0,False
3201971_2026-07-30T14:55:31.378983+00:00,-1.002,-1.002,-1.0,False
3202268_2026-07-30T15:55:35.090085+00:00,-1.002,-1.002000016,-1.000008,False
3204363_2026-07-30T16:25:30.839677+00:00,-1.002,-1.002,-1.0,False
3205419_2026-07-30T16:40:30.923559+00:00,-1.002,-1.002000004,-1.0000019999999998,False
3206285_2026-07-30T17:40:29.523077+00:00,6.1409,6.140899988,6.142894,False
3206341_2026-07-30T17:55:30.712296+00:00,-1.002,-1.001999998,-0.999999,False
3206713_2026-07-30T18:10:33.348254+00:00,-1.002,-1.001999998,-0.999999,False
3207058_2026-07-30T18:40:29.951445+00:00,-1.002,-1.002,-1.0,False
3207223_2026-07-30T18:55:30.486949+00:00,-1.002,-1.002000004,-1.0000019999999998,False
3209589_2026-07-30T19:40:30.375347+00:00,-1.002,-1.002,-1.0,False
3210125_2026-07-30T19:55:29.439450+00:00,-1.002,-1.002,-1.0,False
3210805_2026-07-30T20:55:29.487784+00:00,-1.002,-1.001999998,-0.9999990000000001,False
3211481_2026-07-30T21:55:30.420271+00:00,-1.002,-1.002000014,-1.0000069999999999,False
3212318_2026-07-30T22:40:29.909124+00:00,-1.002,-1.002,-1.0,False
3212443_2026-07-30T22:55:29.918655+00:00,-1.002,-1.002000004,-1.0000019999999998,False
3214457_2026-07-30T23:55:31.148928+00:00,-1.002,-1.001999998,-0.9999990000000001,False
3214742_2026-07-31T00:10:32.922249+00:00,1.5621,1.562100002,1.564101,False
3215117_2026-07-31T00:55:28.814824+00:00,-1.002,-1.002,-1.0,False
3215202_2026-07-31T01:25:29.266076+00:00,-1.002,-1.002000016,-1.000008,False
3215425_2026-07-31T01:55:30.173137+00:00,-1.002,-1.002,-1.0,False
3215687_2026-07-31T02:25:31.041554+00:00,-1.002,-1.002,-1.0,False
3215753_2026-07-31T02:40:30.431142+00:00,-1.002,-1.002000012,-1.0000060000000002,False
3215947_2026-07-31T03:10:30.345220+00:00,-1.002,-1.001999998,-0.999999,False
3216086_2026-07-31T03:40:29.978485+00:00,7.3313,7.331300008,7.333304,False
3217038_2026-07-31T04:40:30.826980+00:00,-1.002,-1.001999992,-0.9999959999999999,False
3218942_2026-07-31T05:25:33.657269+00:00,-1.002,-1.002,-1.0,False
3219280_2026-07-31T07:10:31.502672+00:00,-1.002,-1.002,-1.0,False
3219308_2026-07-31T07:25:31.357249+00:00,-1.002,-1.001999998,-0.9999990000000001,False
3219330_2026-07-31T07:40:29.573453+00:00,-1.002,-1.002000016,-1.000008,False
3219486_2026-07-31T08:10:29.430312+00:00,-1.002,-1.001999998,-0.9999990000000001,False
3219530_2026-07-31T08:25:29.941253+00:00,13.2837,13.283700002,13.285701,False
3219579_2026-07-31T08:40:31.399082+00:00,-1.002,-1.002,-1.0,False
3219743_2026-07-31T09:25:56.352236+00:00,-1.002,-1.002,-1.0,False
3220598_2026-07-31T11:40:11.910587+00:00,-1.002,-1.002,-1.0,False
3220686_2026-07-31T11:55:11.797834+00:00,-1.002,-1.002000014,-1.0000069999999999,False
3221192_2026-07-31T12:10:20.174714+00:00,-1.002,-1.002,-1.0,False
3221257_2026-07-31T12:40:11.899350+00:00,-1.002,-1.002,-1.0,False
3221791_2026-07-31T13:40:15.173992+00:00,-1.002,-1.001999998,-0.999999,False
3222390_2026-07-31T14:25:16.156643+00:00,-1.002,-1.00199997,-0.9999849999999999,False
3222519_2026-07-31T14:55:15.438287+00:00,2.7017,2.701700002,2.7037009999999997,False
3222737_2026-07-31T15:10:20.756013+00:00,-1.002,-1.002000024,-1.0000120000000001,False
3222933_2026-07-31T15:25:16.689530+00:00,-1.002,-1.001999998,-0.999999,False
3223128_2026-07-31T15:55:18.081018+00:00,-1.002,-1.002,-1.0,False
3225813_2026-07-31T16:40:14.148234+00:00,-1.002,-1.001999998,-0.9999990000000001,False
3226521_2026-07-31T17:10:13.018095+00:00,2.4463,2.446299986,2.4482930000000005,False
3227302_2026-07-31T18:10:59.672644+00:00,-1.002,-1.002,-1.0,False
3228870_2026-07-31T18:40:12.456659+00:00,-1.002,-1.002,-1.0,False
3229377_2026-07-31T19:10:12.666344+00:00,-1.002,-1.00200001,-1.0000049999999998,False
3229929_2026-07-31T19:25:13.873816+00:00,-1.002,-1.001999998,-0.999999,False
3231099_2026-07-31T19:40:11.363995+00:00,-1.002,-1.002000004,-1.0000019999999998,False
3231474_2026-07-31T20:25:11.593960+00:00,2.7017,2.701700002,2.7037009999999997,False
3231554_2026-07-31T20:40:11.873212+00:00,-1.002,-1.001999998,-0.9999990000000001,False
3231676_2026-07-31T20:55:13.974461+00:00,-1.002,-1.002000016,-1.000008,False
3231899_2026-07-31T21:55:11.553955+00:00,-1.002,-1.001999998,-0.999999,False
3232481_2026-07-31T22:40:11.896104+00:00,-1.002,-1.002000012,-1.0000060000000002,False
3232565_2026-07-31T22:55:12.948670+00:00,2.2238,2.223800004,2.225802,False
3234023_2026-07-31T23:40:58.400227+00:00,-1.002,-1.002,-1.0,False
3234088_2026-07-31T23:55:11.529719+00:00,-1.002,-1.001999998,-0.999999,False
3234358_2026-08-01T00:55:12.328747+00:00,-1.002,-1.002000016,-1.000008,False
3234658_2026-08-01T01:25:14.110270+00:00,-1.002,-1.002,-1.0,False
3234983_2026-08-01T01:55:12.129187+00:00,-1.002,-1.001999998,-0.999999,False
3235397_2026-08-01T02:55:13.675008+00:00,-1.002,-1.002,-1.0,False
3235439_2026-08-01T03:10:11.913691+00:00,-1.002,-1.002,-1.0,False
3236041_2026-08-01T03:40:56.864476+00:00,-1.002,-1.002000016,-1.000008,False
3237617_2026-08-01T05:25:15.968299+00:00,-1.002,-1.001999998,-0.9999990000000001,False
3237649_2026-08-01T05:40:16.349082+00:00,-1.002,-1.001999998,-0.999999,False
3238170_2026-08-01T07:25:57.537550+00:00,-1.002,-1.002,-1.0,False
3238206_2026-08-01T07:40:59.566081+00:00,-1.002,-1.002,-1.0,False
3238780_2026-08-01T09:55:16.710579+00:00,-1.002,-1.0020000018,-1.0000008999999999,False
3238862_2026-08-01T10:10:14.527301+00:00,-1.002,-1.001999998,-0.999999,False
3238995_2026-08-01T10:40:56.779819+00:00,5.248,5.248,5.25,False
3239277_2026-08-01T10:55:14.602853+00:00,-1.002,-1.002,-1.0,False
3239300_2026-08-01T11:10:57.007969+00:00,2.0283,2.028300002,2.0303009999999997,False
3239426_2026-08-01T11:40:59.950342+00:00,-1.002,-1.002000016,-1.000008,False
3240394_2026-08-01T13:10:15.328403+00:00,-1.002,-1.001999984,-0.9999920000000001,False
3240437_2026-08-01T13:25:14.291543+00:00,-1.002,-1.001999998,-0.9999990000000001,False
3240747_2026-08-01T14:40:56.384998+00:00,-1.002,-1.002,-1.0,False
3240775_2026-08-01T14:55:13.910803+00:00,15.6647,15.664699996000001,15.666697999999998,False
3240810_2026-08-01T15:10:15.838812+00:00,-1.002,-1.002000016,-1.000008,False
3240899_2026-08-01T15:55:58.776475+00:00,-1.002,-1.002000004,-1.0000019999999998,False
3240978_2026-08-01T16:10:17.358177+00:00,-1.002,-1.002,-1.0,False
3241482_2026-08-01T16:55:13.979960+00:00,-1.002,-1.002,-1.0,False
3241818_2026-08-01T17:25:58.993975+00:00,-1.002,-1.001999998,-0.9999990000000001,False
3241981_2026-08-01T17:40:15.809677+00:00,-1.002,-1.002,-1.0,False
3242094_2026-08-01T17:55:14.526402+00:00,-1.002,-1.0020000016,-1.0000007999999998,False
3242640_2026-08-01T18:40:17.199221+00:00,-1.002,-1.002,-1.0,False
3245287_2026-08-01T19:25:14.122741+00:00,-1.002,-1.001999988,-0.9999940000000002,False
3246474_2026-08-01T19:40:15.539155+00:00,-1.002,-1.001999998,-0.999999,False
3247798_2026-08-01T21:40:57.875343+00:00,2.123,2.123,2.125,False
3249292_2026-08-01T22:25:18.362707+00:00,-1.002,-1.001999998,-0.999999,False
3250044_2026-08-01T22:55:15.532900+00:00,-1.002,-1.002,-1.0,False
3251638_2026-08-01T23:25:18.142202+00:00,-1.002,-1.002,-1.0,False
3251948_2026-08-01T23:55:18.835673+00:00,-1.002,-1.00200002,-1.0000099999999998,False
3252038_2026-08-02T00:25:14.819312+00:00,-1.002,-1.002000024,-1.0000120000000001,False
3252123_2026-08-02T00:40:16.078951+00:00,-1.002,-1.001999998,-0.999999,False
3252294_2026-08-02T00:55:17.787806+00:00,-1.002,-1.002,-1.0,False
3252611_2026-08-02T01:25:16.766265+00:00,-1.002,-1.002,-1.0,False
3252857_2026-08-02T01:55:18.455455+00:00,-1.002,-1.001999992,-0.9999959999999999,False
3253046_2026-08-02T02:40:11.527317+00:00,-1.002,-1.002000016,-1.000008,False
3253632_2026-08-02T03:55:10.648452+00:00,-1.002,-1.001999998,-0.999999,False
3254692_2026-08-02T04:40:53.447111+00:00,-1.002,-1.001999998,-0.999999,False
3257264_2026-08-02T05:10:10.148248+00:00,-1.002,-1.002,-1.0,False
3258229_2026-08-02T05:40:08.469746+00:00,-1.002,-1.002,-1.0,False
3258383_2026-08-02T06:10:52.746078+00:00,-1.002,-1.001999998,-0.9999990000000001,False
3258509_2026-08-02T06:40:10.926021+00:00,-1.002,-1.002,-1.0,False
3258612_2026-08-02T06:55:07.142696+00:00,-1.002,-1.002000016,-1.000008,False
3259012_2026-08-02T07:25:08.983190+00:00,-1.002,-1.00200002,-1.0000099999999998,False
3259131_2026-08-02T07:55:09.261047+00:00,-1.002,-1.002,-1.0,False
3259354_2026-08-02T08:25:09.202452+00:00,-1.002,-1.002,-1.0,False
3259761_2026-08-02T10:10:51.857203+00:00,-1.002,-1.002,-1.0,False
3259801_2026-08-02T10:25:07.357020+00:00,-1.002,-1.001999998,-0.999999,False
3259929_2026-08-02T10:55:09.518351+00:00,1.7758,1.775799984,1.777792,False
3260141_2026-08-02T11:10:10.854816+00:00,-1.002,-1.002,-1.0,False
3260225_2026-08-02T11:25:12.257583+00:00,-1.002,-1.00199997,-0.9999849999999999,False
3260316_2026-08-02T11:55:10.363695+00:00,-1.002,-1.001999992,-0.9999959999999999,False
3260556_2026-08-02T12:40:08.339506+00:00,-1.002,-1.00200001,-1.0000049999999998,False
3261108_2026-08-02T13:10:51.341545+00:00,-1.002,-1.001999996,-0.9999979999999999,False
3261305_2026-08-02T13:25:10.874696+00:00,-1.002,-1.002,-1.0,False
3261433_2026-08-02T13:40:11.879327+00:00,23.998,23.998,24.0,False
3261699_2026-08-02T14:10:09.479357+00:00,-1.002,-1.002000004,-1.0000019999999998,False
3262372_2026-08-02T15:25:08.173845+00:00,1.7007,1.700700002,1.7027010000000002,False
3262545_2026-08-02T15:55:54.124153+00:00,-1.002,-1.002,-1.0,False
3267048_2026-08-02T16:55:07.634349+00:00,-1.002,-1.002,-1.0,False
3267230_2026-08-02T17:10:52.842763+00:00,4.2612,4.261199984,4.263192,False
3268914_2026-08-02T17:55:10.005104+00:00,-1.002,-1.00200001,-1.0000049999999998,False
3268999_2026-08-02T18:10:05.619626+00:00,2.998,2.998,3.0,False
3269302_2026-08-02T18:25:53.605587+00:00,-1.002,-1.001999996,-0.9999979999999999,False
3270620_2026-08-02T18:55:04.172653+00:00,-1.002,-1.002,-1.0,False
3271345_2026-08-02T19:10:05.595700+00:00,-1.002,-1.002000014,-1.0000069999999999,False
3271935_2026-08-02T19:25:04.185361+00:00,-1.002,-1.00199998,-0.9999899999999999,False
3273563_2026-08-02T20:10:04.496186+00:00,2.0283,2.028300002,2.0303009999999997,False
3273936_2026-08-02T20:25:04.996463+00:00,-1.002,-1.002,-1.0,False
3275478_2026-08-02T21:40:05.701560+00:00,4.5536,4.553599984,4.555592,False
3275547_2026-08-02T21:55:04.486637+00:00,-1.002,-1.002000004,-1.0000019999999998,False
3276000_2026-08-02T22:25:03.569963+00:00,-1.002,-1.002000016,-1.000008,False
3276270_2026-08-02T22:40:05.537108+00:00,-1.002,-1.002,-1.0,False
3276436_2026-08-02T22:55:04.540968+00:00,-1.002,-1.001999998,-0.999999,False
3277766_2026-08-02T23:10:05.568274+00:00,-1.002,-1.002000012,-1.0000060000000002,False
3277876_2026-08-02T23:40:04.939604+00:00,-1.002,-1.002000016,-1.000008,False
3277948_2026-08-02T23:55:03.590267+00:00,1.498,1.498,1.5,False
3278001_2026-08-03T00:10:50.465442+00:00,-1.002,-1.002,-1.0,False
3278098_2026-08-03T00:25:07.214066+00:00,-1.002,-1.002000012,-1.0000060000000002,False
3278525_2026-08-03T01:10:27.226636+00:00,-1.002,-1.001999984,-0.9999920000000001,False
3278774_2026-08-03T01:55:25.879358+00:00,-1.002,-1.002,-1.0,False
3278840_2026-08-03T02:10:27.181861+00:00,-1.002,-1.002,-1.0,False
3279236_2026-08-03T02:55:26.064146+00:00,-1.002,-1.002,-1.0,False
3279313_2026-08-03T03:25:25.396856+00:00,-1.002,-1.00200001,-1.0000049999999998,False
3279418_2026-08-03T03:40:27.841686+00:00,-1.002,-1.002,-1.0,False
3279477_2026-08-03T03:55:26.547229+00:00,-1.002,-1.002,-1.0,False
3280493_2026-08-03T04:10:26.657240+00:00,-1.002,-1.002000016,-1.000008,False
3282523_2026-08-03T05:25:26.176365+00:00,-1.002,-1.001999996,-0.9999979999999999,False
3283767_2026-08-03T07:55:00.452132+00:00,-1.002,-1.00199998,-0.9999899999999999,False
3283864_2026-08-03T08:10:01.026734+00:00,-1.002,-1.001999998,-0.999999,False
3284416_2026-08-03T08:25:02.576390+00:00,-1.002,-1.0020000016,-1.0000007999999998,False
3286176_2026-08-03T10:10:32.898772+00:00,-1.002,-1.001999998,-0.999999,False
3286382_2026-08-03T10:40:29.630272+00:00,-1.002,-1.002,-1.0,False
3286577_2026-08-03T10:55:31.480879+00:00,11.498,11.498,11.5,False
3288210_2026-08-03T11:55:36.271104+00:00,-1.002,-1.001999998,-0.999999,False
3288399_2026-08-03T12:10:37.304005+00:00,-1.002,-1.002,-1.0,False
3290403_2026-08-03T15:25:34.530744+00:00,-1.002,-1.002000016,-1.000008,False
3290579_2026-08-03T15:55:18.146182+00:00,-1.002,-1.002000016,-1.000008,False
3292185_2026-08-03T17:55:17.423840+00:00,2.5694,2.5694000160000003,2.571408,False
3293219_2026-08-03T19:40:16.890937+00:00,-1.002,-1.002,-1.0,False
3293252_2026-08-03T19:55:15.847451+00:00,-1.002,-1.00200002,-1.0000099999999998,False
3295040_2026-08-03T20:55:20.427374+00:00,-1.002,-1.002,-1.0,False
3295183_2026-08-03T21:10:18.504289+00:00,-1.002,-1.002000004,-1.0000019999999998,False
3295583_2026-08-03T21:25:17.418174+00:00,1.5621,1.562100002,1.564101,False
3295914_2026-08-03T22:10:18.064327+00:00,-1.002,-1.002,-1.0,False
3296190_2026-08-03T22:40:16.971993+00:00,-1.002,-1.002,-1.0,False
3296364_2026-08-03T23:10:19.207725+00:00,-1.002,-1.002,-1.0,False
3296438_2026-08-03T23:40:16.794662+00:00,-1.002,-1.002,-1.0,False
3296611_2026-08-04T00:40:16.108584+00:00,-1.002,-1.002000004,-1.0000019999999998,False
3297470_2026-08-04T02:55:39.975806+00:00,-1.002,-1.002,-1.0,False
3298250_2026-08-04T03:55:40.042105+00:00,-1.002,-1.001999998,-0.999999,False
3301189_2026-08-04T06:55:15.551422+00:00,-1.002,-1.002,-1.0,False
3301393_2026-08-04T08:10:39.712607+00:00,-1.002,-1.001999984,-0.9999920000000001,False
3301455_2026-08-04T08:40:38.947204+00:00,-1.002,-1.001999998,-0.999999,False
3301497_2026-08-04T08:55:44.175263+00:00,-1.002,-1.00200001,-1.0000049999999998,False
3301515_2026-08-04T09:10:38.854757+00:00,-1.002,-1.001999998,-0.999999,False
3301579_2026-08-04T09:40:38.499860+00:00,-1.002,-1.002000024,-1.0000120000000001,False
3301690_2026-08-04T10:25:49.193796+00:00,-1.002,-1.001999996,-0.9999979999999999,False
3302558_2026-08-04T14:25:44.510968+00:00,2.2238,2.223800004,2.225802,False
3302609_2026-08-04T14:55:39.771744+00:00,2.0283,2.028300002,2.0303009999999997,False
3302739_2026-08-04T15:10:36.406015+00:00,-1.002,-1.00200002,-1.0000099999999998,False
3307320_2026-08-04T16:10:28.901307+00:00,-1.002,-1.001999998,-0.999999,False
3312882_2026-08-04T16:40:53.876209+00:00,-1.002,-1.001999998,-0.999999,False
3313217_2026-08-04T16:55:08.187871+00:00,3.3458,3.3458000119999998,3.3478060000000003,False
3314235_2026-08-04T17:25:08.823367+00:00,2.8442,2.844199976,2.8461879999999997,False
3315036_2026-08-04T17:40:54.259111+00:00,-1.002,-1.001999984,-0.9999920000000001,False
3315275_2026-08-04T17:55:07.666084+00:00,-1.002,-1.0020000008,-1.0000004,False
3316509_2026-08-04T18:40:07.649980+00:00,-1.002,-1.001999998,-0.999999,False
3318412_2026-08-04T19:25:07.674474+00:00,-1.002,-1.001999998,-0.999999,False
3319282_2026-08-04T19:55:08.747754+00:00,-1.002,-1.002,-1.0,False
3319512_2026-08-04T20:10:08.260570+00:00,-1.002,-1.001999998,-0.9999990000000001,False
3319984_2026-08-04T20:25:08.268294+00:00,-1.002,-1.001999992,-0.9999959999999999,False
3320133_2026-08-04T20:55:08.415133+00:00,-1.002,-1.001999998,-0.9999990000000001,False
3320163_2026-08-04T21:10:07.963038+00:00,-1.002,-1.002000016,-1.000008,False
3320301_2026-08-04T21:40:52.922864+00:00,-1.002,-1.001999992,-0.9999959999999999,False
3320383_2026-08-04T21:55:07.648831+00:00,-1.002,-1.002,-1.0,False
3320920_2026-08-04T22:25:08.700532+00:00,3.998,3.998,4.0,False
3320984_2026-08-04T22:40:52.659521+00:00,-1.002,-1.00200001,-1.0000049999999998,False
3321051_2026-08-04T22:55:07.665492+00:00,1.7758,1.775799984,1.777792,False
3323204_2026-08-04T23:25:08.959154+00:00,-1.002,-1.002,-1.0,False
3323406_2026-08-04T23:55:07.654869+00:00,-1.002,-1.002,-1.0,False
3323470_2026-08-05T00:10:54.003758+00:00,-1.002,-1.0019999974,-0.9999986999999999,False
3323862_2026-08-05T00:55:07.616056+00:00,-1.002,-1.002000004,-1.0000019999999998,False
3324443_2026-08-05T02:25:07.666789+00:00,-1.002,-1.0020000046,-1.0000023,False
3325560_2026-08-05T04:10:53.291228+00:00,-1.002,-1.002000004,-1.0000019999999998,False
3326097_2026-08-05T04:55:07.973083+00:00,-1.002,-1.002000016,-1.000008,False
3328052_2026-08-05T05:40:57.050009+00:00,-1.002,-1.002,-1.0,False
3328302_2026-08-05T05:55:07.104530+00:00,-1.002,-1.001999998,-0.9999990000000001,False
3328632_2026-08-05T06:10:55.889480+00:00,-1.002,-1.002,-1.0,False
3328952_2026-08-05T06:55:07.112448+00:00,-1.002,-1.001999998,-0.999999,False
3328979_2026-08-05T07:10:07.112005+00:00,-1.002,-1.002000004,-1.0000019999999998,False
3329159_2026-08-05T07:40:52.116710+00:00,-1.002,-1.001999996,-0.9999979999999999,False
3329473_2026-08-05T08:40:01.726687+00:00,-1.002,-1.001999998,-0.999999,False
3332063_2026-08-05T10:10:46.053298+00:00,-1.002,-1.001999998,-0.9999990000000001,False
3334738_2026-08-05T11:25:45.736446+00:00,-1.002,-1.002,-1.0,False
3335040_2026-08-05T11:55:43.405694+00:00,-1.002,-1.00200001,-1.0000049999999998,False
3335900_2026-08-05T12:40:44.486900+00:00,-1.002,-1.002,-1.0,False
3337603_2026-08-05T14:25:32.087460+00:00,-1.002,-1.002,-1.0,False
3338121_2026-08-05T15:25:20.404738+00:00,-1.002,-1.002,-1.0,False
3342063_2026-08-05T16:40:09.388132+00:00,-1.002,-1.002000016,-1.000008,False
3342213_2026-08-05T16:55:06.965950+00:00,-1.002,-1.002,-1.0,False
3342693_2026-08-05T17:10:14.860112+00:00,-1.002,-1.001999992,-0.9999959999999999,False
3342878_2026-08-05T17:25:53.867472+00:00,1.6296,1.629599984,1.6315920000000002,False
3343519_2026-08-05T18:10:56.627045+00:00,18.998,18.998,19.0,False
3343897_2026-08-05T18:25:54.330349+00:00,-1.002,-1.002,-1.0,False
3344285_2026-08-05T18:55:08.507113+00:00,-1.002,-1.001999998,-0.999999,False
3347012_2026-08-05T20:40:12.957383+00:00,-1.002,-1.001999988,-0.9999940000000002,False
3347081_2026-08-05T20:55:07.809266+00:00,-1.002,-1.0019999992,-0.9999996,False
3347147_2026-08-05T21:10:52.355331+00:00,-1.002,-1.002,-1.0,False
3347204_2026-08-05T21:25:07.077128+00:00,-1.002,-1.001999998,-0.999999,False
3347817_2026-08-05T22:10:09.301940+00:00,-1.002,-1.002000004,-1.0000019999999998,False
3347986_2026-08-05T22:40:53.724587+00:00,-1.002,-1.002,-1.0,False
3348073_2026-08-05T22:55:07.151683+00:00,-1.002,-1.002,-1.0,False
3350176_2026-08-05T23:40:06.769202+00:00,-1.002,-1.002000016,-1.000008,False
3350327_2026-08-06T00:10:09.476556+00:00,-1.002,-1.001999998,-0.9999990000000001,False
3350959_2026-08-06T01:10:07.206582+00:00,-1.002,-1.002,-1.0,False
3351029_2026-08-06T01:25:08.134216+00:00,-1.002,-1.001999992,-0.9999959999999999,False
3351487_2026-08-06T02:25:06.978169+00:00,-1.002,-1.001999998,-0.9999990000000001,False
3351757_2026-08-06T02:55:07.064771+00:00,2.5694,2.5694000160000003,2.571408,False
3351810_2026-08-06T03:10:07.679764+00:00,-1.002,-1.001999998,-0.9999990000000001,False
3351859_2026-08-06T03:25:06.267707+00:00,-1.002,-1.001999998,-0.999999,False
3351934_2026-08-06T03:40:07.230352+00:00,-1.002,-1.002000016,-1.000008,False
3352079_2026-08-06T03:55:08.017667+00:00,1.7758,1.775799984,1.777792,False
3352832_2026-08-06T04:40:10.675379+00:00,-1.002,-1.002000016,-1.0000079999999998,False
3354441_2026-08-06T05:55:30.387928+00:00,7.3313,7.331300008,7.333304,False
3355053_2026-08-06T06:10:30.426740+00:00,-1.002,-1.001999998,-0.999999,False
3355621_2026-08-06T07:10:28.686433+00:00,1.8551,1.85510003,1.857115,False
3355829_2026-08-06T07:25:31.530102+00:00,-1.002,-1.002,-1.0,False
3356388_2026-08-06T08:10:29.147298+00:00,-1.002,-1.002,-1.0,False
3356494_2026-08-06T08:40:30.085381+00:00,-1.002,-1.002000016,-1.000008,False
3356691_2026-08-06T09:10:29.089359+00:00,-1.002,-1.002,-1.0,False
3356811_2026-08-06T09:40:29.131689+00:00,-1.002,-1.001999998,-0.999999,False
3357195_2026-08-06T10:10:29.850787+00:00,-1.002,-1.002,-1.0,False
3357643_2026-08-06T10:40:30.502015+00:00,-1.002,-1.002000012,-1.0000060000000002,False
3357984_2026-08-06T10:55:29.678786+00:00,-1.002,-1.002000024,-1.0000120000000001,False
3358392_2026-08-06T11:10:29.067258+00:00,-1.002,-1.002,-1.0,False
3358993_2026-08-06T11:55:15.250724+00:00,-1.002,-1.002000004,-1.0000019999999998,False
3359423_2026-08-06T12:55:15.107366+00:00,-1.002,-1.001999998,-0.9999990000000001,False
3359915_2026-08-06T14:55:58.251085+00:00,-1.002,-1.001999998,-0.9999990000000001,False
3360301_2026-08-06T15:25:12.475205+00:00,-1.002,-1.002000016,-1.000008,False
3361098_2026-08-06T15:40:59.480069+00:00,-1.002,-1.00200002,-1.0000099999999998,False
3361211_2026-08-06T15:55:12.163670+00:00,-1.002,-1.00200001,-1.0000049999999998,False
3365097_2026-08-06T17:25:14.412549+00:00,-1.002,-1.001999984,-0.9999920000000001,False
3365147_2026-08-06T17:40:13.555229+00:00,-1.002,-1.001999998,-0.999999,False
3365293_2026-08-06T18:10:59.142296+00:00,-1.002,-1.001999999,-0.9999995000000002,False
3365685_2026-08-06T18:40:13.514645+00:00,-1.002,-1.002,-1.0,False
3365988_2026-08-06T18:55:13.783847+00:00,7.3313,7.331300008,7.333304,False
3367218_2026-08-06T19:25:12.120467+00:00,-1.002,-1.002000012,-1.0000060000000002,False
3369231_2026-08-06T20:25:12.047669+00:00,-1.002,-1.002000012,-1.0000060000000002,False
3369385_2026-08-06T20:40:14.254565+00:00,-1.002,-1.002000016,-1.000008,False
3369494_2026-08-06T20:55:13.306555+00:00,-1.002,-1.002,-1.0,False
3369656_2026-08-06T21:25:13.790232+00:00,-1.002,-1.001999996,-0.9999979999999999,False
3369722_2026-08-06T21:40:12.771028+00:00,1.7758,1.775799984,1.777792,False
3370196_2026-08-06T22:10:13.284374+00:00,-1.002,-1.002000024,-1.0000120000000001,False
3370340_2026-08-06T22:25:13.616801+00:00,-1.002,-1.002,-1.0,False
3372420_2026-08-06T23:25:14.083750+00:00,-1.002,-1.001999998,-0.999999,False
3372549_2026-08-06T23:40:13.238373+00:00,-1.002,-1.001999998,-0.999999,False
3372789_2026-08-07T00:25:17.400550+00:00,-1.002,-1.002000012,-1.0000060000000002,False
3373243_2026-08-07T01:40:13.144730+00:00,-1.002,-1.001999998,-0.999999,False
3373601_2026-08-07T02:10:14.302764+00:00,-1.002,-1.002,-1.0,False
3373730_2026-08-07T02:25:14.202686+00:00,-1.002,-1.001999998,-0.9999990000000001,False
3373807_2026-08-07T02:40:14.229390+00:00,2.5694,2.5694000160000003,2.571408,False
3373991_2026-08-07T03:10:12.014046+00:00,-1.002,-1.002000014,-1.0000069999999999,False
3374050_2026-08-07T03:25:14.401615+00:00,-1.002,-1.00200002,-1.0000099999999998,False
3374195_2026-08-07T03:55:13.717919+00:00,-1.002,-1.001999992,-0.9999959999999999,False
3374787_2026-08-07T04:40:01.748477+00:00,-1.002,-1.001999998,-0.999999,False
3374912_2026-08-07T04:55:03.738849+00:00,-1.002,-1.001999998,-0.9999990000000001,False
3375753_2026-08-07T05:10:43.812075+00:00,1.9392,1.939199984,1.9411919999999998,False
3375793_2026-08-07T05:25:36.826284+00:00,-1.002,-1.001999998,-0.999999,False
3376343_2026-08-07T06:40:11.319389+00:00,-1.002,-1.002000004,-1.0000019999999998,False
3376489_2026-08-07T06:55:09.015591+00:00,-1.002,-1.001999992,-0.9999960000000001,False
3376631_2026-08-07T07:40:10.274889+00:00,-1.002,-1.002000016,-1.000008,False
3376730_2026-08-07T07:55:10.911502+00:00,-1.002,-1.002000024,-1.0000120000000001,False
3377715_2026-08-07T08:55:09.030697+00:00,-1.002,-1.001999998,-0.999999,False
3378000_2026-08-07T09:55:10.133401+00:00,-1.002,-1.002,-1.0,False
3378074_2026-08-07T10:10:10.006649+00:00,1.5621,1.562100002,1.564101,False
3378137_2026-08-07T10:25:08.908606+00:00,11.498,11.498,11.5,False
3378186_2026-08-07T10:40:10.547258+00:00,-1.002,-1.001999998,-0.999999,False
3378678_2026-08-07T11:40:54.072793+00:00,-1.002,-1.001999998,-0.999999,False
3378753_2026-08-07T11:55:19.629744+00:00,-1.002,-1.002000014,-1.0000069999999999,False
3379600_2026-08-07T13:10:02.905253+00:00,-1.002,-1.002000016,-1.000008,False
3379742_2026-08-07T13:25:42.865653+00:00,-1.002,-1.001999998,-0.9999990000000001,False
3379953_2026-08-07T13:55:12.379805+00:00,-1.002,-1.002,-1.0,False
3379993_2026-08-07T14:10:12.958608+00:00,-1.002,-1.002,-1.0,False
3380307_2026-08-07T14:55:25.430468+00:00,-1.002,-1.002000004,-1.0000019999999998,False
3380994_2026-08-07T15:55:14.675932+00:00,-1.002,-1.002,-1.0,False
3383636_2026-08-07T16:25:04.632777+00:00,-1.002,-1.002,-1.0,False
3385177_2026-08-07T16:55:34.935147+00:00,-1.002,-1.001999998,-0.999999,False
3385983_2026-08-07T17:10:20.196230+00:00,-1.002,-1.001999998,-0.999999,False
3386881_2026-08-07T18:25:19.216038+00:00,-1.002,-1.002,-1.0,False
3387785_2026-08-07T18:40:52.475167+00:00,-1.002,-1.002,-1.0,False
3387882_2026-08-07T18:55:16.684935+00:00,-1.002,-1.002,-1.0,False
3388465_2026-08-07T19:55:05.171956+00:00,-1.002,-1.002000016,-1.000008,False
3389618_2026-08-07T20:40:18.004633+00:00,-1.002,-1.001999998,-0.9999990000000001,False
3389967_2026-08-07T21:25:06.413338+00:00,2.4463,2.446299986,2.4482930000000005,False
3390725_2026-08-07T21:55:01.950721+00:00,-1.002,-1.002,-1.0,False
3391005_2026-08-07T22:10:18.969249+00:00,-1.002,-1.001999998,-0.999999,False
3391141_2026-08-07T22:40:14.088266+00:00,-1.002,-1.002,-1.0,False
3392502_2026-08-07T23:25:43.386060+00:00,2.5694,2.5694000160000003,2.571408,False
3392812_2026-08-08T00:25:25.050007+00:00,-1.002,-1.002,-1.0,False
3393389_2026-08-08T01:25:34.197896+00:00,-1.002,-1.001999998,-0.9999990000000001,False
3393552_2026-08-08T01:55:08.804658+00:00,-1.002,-1.001999998,-0.999999,False
3393590_2026-08-08T02:10:31.841779+00:00,-1.002,-1.002,-1.0,False
3393755_2026-08-08T02:40:43.884741+00:00,-1.002,-1.001999998,-0.9999990000000001,False
3394021_2026-08-08T03:40:41.790956+00:00,-1.002,-1.001999998,-0.999999,False
3394678_2026-08-08T04:10:15.685153+00:00,-1.002,-1.002,-1.0,False
3395005_2026-08-08T04:55:04.685323+00:00,-1.002,-1.001999992,-0.9999959999999999,False
3395312_2026-08-08T05:10:54.237074+00:00,-1.002,-1.001999996,-0.9999979999999999,False
3395453_2026-08-08T05:40:56.751067+00:00,-1.002,-1.00199998,-0.9999899999999999,False
3395606_2026-08-08T05:55:17.795682+00:00,-1.002,-1.001999998,-0.999999,False
3396189_2026-08-08T06:10:24.999488+00:00,-1.002,-1.002000024,-1.0000120000000001,False
3396618_2026-08-08T07:40:16.993529+00:00,-1.002,-1.0020000002,-1.0000000999999998,False
3396749_2026-08-08T08:10:07.916602+00:00,1.6296,1.629599984,1.6315920000000002,False
3396891_2026-08-08T08:25:55.018324+00:00,1.5621,1.562100002,1.564101,False
3397122_2026-08-08T08:55:23.677794+00:00,-1.002,-1.002,-1.0,False
3397355_2026-08-08T09:40:26.798459+00:00,-1.002,-1.002000014,-1.0000069999999999,False
3397447_2026-08-08T09:55:35.948265+00:00,-1.002,-1.002,-1.0,False
3397745_2026-08-08T10:55:27.731963+00:00,-1.002,-1.002000016,-1.000008,False
3397983_2026-08-08T11:25:04.175482+00:00,-1.002,-1.0020000002,-1.0000000999999998,False
3398015_2026-08-08T11:40:19.199557+00:00,-1.002,-1.00200002,-1.0000099999999998,False
3398434_2026-08-08T12:25:28.823976+00:00,-1.002,-1.00199997,-0.9999849999999999,False
3399009_2026-08-08T13:40:31.724954+00:00,-1.002,-1.002000012,-1.0000060000000002,False
3399804_2026-08-08T15:10:26.836551+00:00,-1.002,-1.001999998,-0.9999990000000001,False
3400003_2026-08-08T15:25:10.126123+00:00,-1.002,-1.001999996,-0.9999979999999999,False
3400059_2026-08-08T15:40:32.966501+00:00,-1.002,-1.002,-1.0,False
3402383_2026-08-08T16:25:43.493353+00:00,-1.002,-1.002000024,-1.0000120000000001,False
3403489_2026-08-08T16:40:04.806322+00:00,-1.002,-1.002,-1.0,False
3404252_2026-08-08T17:25:39.306696+00:00,-1.002,-1.001999998,-0.9999990000000001,False
3404448_2026-08-08T17:55:03.607703+00:00,-1.002,-1.00200002,-1.0000099999999998,False
3404749_2026-08-08T18:10:48.824835+00:00,-1.002,-1.001999998,-0.9999990000000001,False
3404927_2026-08-08T18:25:03.800035+00:00,-1.002,-1.002,-1.0,False
3405152_2026-08-08T18:55:26.340793+00:00,-1.002,-1.00200002,-1.0000099999999998,False
3405492_2026-08-08T19:10:38.582798+00:00,-1.002,-1.001999998,-0.999999,False
3409219_2026-08-08T21:10:15.049948+00:00,-1.002,-1.002000016,-1.000008,False
3409285_2026-08-08T21:25:44.825145+00:00,-1.002,-1.002000016,-1.000008,False
3409523_2026-08-08T21:55:47.355527+00:00,-1.002,-1.002,-1.0,False
3410482_2026-08-08T22:40:10.323184+00:00,-1.002,-1.002,-1.0,False
3410657_2026-08-08T22:55:03.326242+00:00,-1.002,-1.002,-1.0,False
3411174_2026-08-08T23:10:29.803572+00:00,-1.002,-1.002000016,-1.000008,False
3411430_2026-08-08T23:55:03.305383+00:00,-1.002,-1.001999998,-0.999999,False
3412326_2026-08-09T00:55:51.323289+00:00,2.3313,2.33130002,2.33331,False
3413237_2026-08-09T01:25:55.316257+00:00,-1.002,-1.002,-1.0,False
3413717_2026-08-09T01:55:45.074062+00:00,-1.002,-1.001999998,-0.9999990000000001,False
3413796_2026-08-09T02:10:13.831107+00:00,-1.002,-1.002,-1.0,False
3413850_2026-08-09T02:25:16.804834+00:00,-1.002,-1.002000016,-1.000008,False
3413929_2026-08-09T02:40:39.820012+00:00,-1.002,-1.001999992,-0.9999959999999999,False
3414135_2026-08-09T03:10:52.354972+00:00,-1.002,-1.002,-1.0,False
3414349_2026-08-09T03:55:18.414009+00:00,-1.002,-1.002,-1.0,False
3415002_2026-08-09T04:25:03.530982+00:00,4.5536,4.553599984,4.555592,False
3415210_2026-08-09T04:40:18.836524+00:00,-1.002,-1.001999998,-0.9999990000000001,False
3415319_2026-08-09T04:55:03.406597+00:00,-1.002,-1.001999998,-0.999999,False
3415784_2026-08-09T05:10:21.748251+00:00,-1.002,-1.00199998,-0.9999899999999999,False
3416434_2026-08-09T06:55:19.003726+00:00,-1.002,-1.002000012,-1.0000060000000002,False
3416760_2026-08-09T07:10:24.027303+00:00,-1.002,-1.001999998,-0.999999,False
3416962_2026-08-09T07:25:27.859023+00:00,-1.002,-1.001999998,-0.999999,False
3416999_2026-08-09T07:40:16.403260+00:00,-1.002,-1.002000004,-1.0000019999999998,False
3417118_2026-08-09T07:55:17.817686+00:00,-1.002,-1.002,-1.0,False
3417264_2026-08-09T08:25:33.572629+00:00,-1.002,-1.002000004,-1.0000019999999998,False
3417927_2026-08-09T10:40:25.653205+00:00,-1.002,-1.002,-1.0,False
3418150_2026-08-09T11:25:13.160490+00:00,-1.002,-1.001999998,-0.999999,False
3418562_2026-08-09T11:55:31.882985+00:00,-1.002,-1.002,-1.0,False
3418901_2026-08-09T12:40:05.609481+00:00,-1.002,-1.001999988,-0.9999940000000002,False
3420143_2026-08-09T13:55:00.398487+00:00,-1.002,-1.002000016,-1.000008,False
3420655_2026-08-09T14:40:07.222457+00:00,-1.002,-1.002,-1.0,False
3420977_2026-08-09T15:10:05.532954+00:00,-1.002,-1.001999998,-0.9999990000000001,False
3421043_2026-08-09T15:25:14.953662+00:00,-1.002,-1.001999984,-0.9999920000000001,False
3422235_2026-08-09T16:25:20.252899+00:00,-1.002,-1.002,-1.0,False
3422518_2026-08-09T16:55:33.306045+00:00,-1.002,-1.001999998,-0.9999990000000001,False
3422746_2026-08-09T17:10:08.286597+00:00,-1.002,-1.001999998,-0.999999,False
3423614_2026-08-09T17:40:29.418552+00:00,-1.002,-1.002000016,-1.000008,False
3423827_2026-08-09T17:55:04.696941+00:00,-1.002,-1.002000001,-1.0000005,False
3425464_2026-08-09T18:25:34.742002+00:00,7.3313,7.331300008,7.333304,False
3425815_2026-08-09T18:55:25.546465+00:00,-1.002,-1.001999998,-0.999999,False
3429008_2026-08-09T19:40:18.749868+00:00,-1.002,-1.002,-1.0,False
3429081_2026-08-09T19:55:33.334305+00:00,-1.002,-1.001999998,-0.999999,False
3429306_2026-08-09T20:10:10.517134+00:00,-1.002,-1.001999998,-0.999999,False
3431597_2026-08-09T21:55:24.904770+00:00,-1.002,-1.002,-1.0,False
3432954_2026-08-09T23:10:04.333675+00:00,-1.002,-1.002,-1.0,False
3433088_2026-08-09T23:25:13.288268+00:00,-1.002,-1.001999998,-0.999999,False
3433189_2026-08-09T23:40:25.479993+00:00,-1.002,-1.002000016,-1.000008,False
3433265_2026-08-09T23:55:33.309820+00:00,-1.002,-1.001999998,-0.999999,False
3433564_2026-08-10T00:40:30.108561+00:00,-1.002,-1.002,-1.0,False
3434182_2026-08-10T01:40:33.306043+00:00,-1.002,-1.0019999974,-0.9999986999999999,False
3434316_2026-08-10T02:10:30.265550+00:00,-1.002,-1.0020000024,-1.0000012,False
3434492_2026-08-10T02:55:28.242598+00:00,-1.002,-1.0020000002,-1.0000000999999998,False
3434548_2026-08-10T03:10:05.534850+00:00,-1.002,-1.002,-1.0,False
3434946_2026-08-10T03:55:29.205819+00:00,-1.002,-1.001999992,-0.9999959999999999,False
3436708_2026-08-10T04:25:05.241371+00:00,-1.002,-1.002000024,-1.0000120000000001,False
3436847_2026-08-10T04:40:08.818991+00:00,-1.002,-1.001999998,-0.9999990000000001,False
3439371_2026-08-10T07:10:28.490088+00:00,-1.002,-1.00200001,-1.0000049999999998,False
3440765_2026-08-10T08:40:00.879201+00:00,-1.002,-1.002,-1.0,False
3441811_2026-08-10T09:10:12.070516+00:00,-1.002,-1.001999998,-0.9999990000000001,False
3442843_2026-08-10T09:25:22.568369+00:00,-1.002,-1.002000004,-1.0000019999999998,False
3443229_2026-08-10T09:40:20.407047+00:00,-1.002,-1.002,-1.0,False
3443768_2026-08-10T09:55:27.444343+00:00,-1.002,-1.002,-1.0,False
3445270_2026-08-10T11:40:21.682781+00:00,-1.002,-1.002000016,-1.000008,False
3447080_2026-08-10T12:25:17.874663+00:00,-1.002,-1.002000004,-1.0000019999999998,False
3448639_2026-08-10T12:55:27.129144+00:00,-1.002,-1.0020000002,-1.0000000999999998,False
3449501_2026-08-10T13:55:36.324548+00:00,-1.002,-1.001999998,-0.999999,False
3449996_2026-08-10T14:25:19.577840+00:00,1.9392,1.939199984,1.9411919999999998,False
3450896_2026-08-10T15:25:31.832301+00:00,-1.002,-1.002,-1.0,False
3451004_2026-08-10T15:40:53.106581+00:00,-1.002,-1.002,-1.0,False
3451112_2026-08-10T15:55:37.641393+00:00,-1.002,-1.001999998,-0.999999,False
3451861_2026-08-10T16:10:21.718883+00:00,-1.002,-1.002000016,-1.000008,False
3452404_2026-08-10T16:25:32.813352+00:00,-1.002,-1.002,-1.0,False
3452710_2026-08-10T16:55:26.509722+00:00,-1.002,-1.002,-1.0,False
3454282_2026-08-10T17:25:05.576943+00:00,-1.002,-1.002000004,-1.0000019999999998,False
3454782_2026-08-10T17:55:26.024627+00:00,-1.002,-1.001999998,-0.999999,False
3461524_2026-08-10T18:40:06.037405+00:00,-1.002,-1.002,-1.0,False
3468551_2026-08-10T19:40:10.954826+00:00,8.998,8.998,9.0,False
3468631_2026-08-10T19:55:29.848884+00:00,2.3313,2.33130002,2.33331,False
3469505_2026-08-10T20:55:02.047228+00:00,-1.002,-1.001999998,-0.999999,False
3470048_2026-08-10T21:10:10.406272+00:00,-1.002,-1.002,-1.0,False
3470387_2026-08-10T21:25:27.121760+00:00,15.6647,15.664699996000001,15.666697999999998,False
3470770_2026-08-10T21:40:02.097698+00:00,-1.002,-1.002,-1.0,False
3470833_2026-08-10T21:55:10.994463+00:00,-1.002,-1.001999998,-0.9999990000000001,False
3471079_2026-08-10T22:25:32.043868+00:00,-1.002,-1.001999998,-0.999999,False
3471296_2026-08-10T22:40:07.102597+00:00,-1.002,-1.001999998,-0.999999,False
3471679_2026-08-10T23:10:24.847029+00:00,-1.002,-1.002000004,-1.0000019999999998,False
3472099_2026-08-10T23:40:14.844246+00:00,-1.002,-1.002,-1.0,False
3472218_2026-08-10T23:55:25.365895+00:00,1.9392,1.939199984,1.9411919999999998,False
3472325_2026-08-11T00:10:02.887077+00:00,6.6903,6.690300002000001,6.6923010000000005,False
3473130_2026-08-11T01:25:04.828188+00:00,1.7007,1.700700002,1.7027010000000002,False
3473223_2026-08-11T01:40:15.550982+00:00,-1.002,-1.002,-1.0,False
3473630_2026-08-11T02:40:15.125391+00:00,-1.002,-1.001999998,-0.999999,False
3474209_2026-08-11T03:55:30.373374+00:00,2.3313,2.33130002,2.33331,False
3474953_2026-08-11T04:10:06.461844+00:00,-1.002,-1.001999998,-0.9999990000000001,False
3475241_2026-08-11T04:25:26.901996+00:00,-1.002,-1.002,-1.0,False
3475503_2026-08-11T04:40:01.918594+00:00,-1.002,-1.00200002,-1.0000099999999998,False
3475628_2026-08-11T04:55:11.958292+00:00,-1.002,-1.0020000022,-1.0000011,False
3476255_2026-08-11T05:25:11.504015+00:00,-1.002,-1.002,-1.0,False
3476522_2026-08-11T05:55:30.399698+00:00,-1.002,-1.002,-1.0,False
3477901_2026-08-11T06:25:16.368619+00:00,-1.002,-1.002,-1.0,False
3478125_2026-08-11T06:55:02.004563+00:00,23.998,23.998,24.0,False
3478526_2026-08-11T07:25:20.402499+00:00,-1.002,-1.002,-1.0,False
3478995_2026-08-11T07:55:00.648472+00:00,-1.002,-1.002000016,-1.000008,False
3481277_2026-08-11T10:10:58.145958+00:00,-1.002,-1.002000016,-1.000008,False
3481968_2026-08-11T10:55:31.875933+00:00,-1.002,-1.002,-1.0,False
3482156_2026-08-11T11:25:01.788319+00:00,-1.002,-1.002000016,-1.000008,False
3485434_2026-08-11T13:25:01.847139+00:00,-1.002,-1.002,-1.0,False
3486288_2026-08-11T13:40:03.499576+00:00,-1.002,-1.002000016,-1.000008,False
3486476_2026-08-11T13:55:02.965668+00:00,6.1409,6.140899988,6.142894,False
3488341_2026-08-11T14:40:26.328669+00:00,-1.002,-1.002000004,-1.0000019999999998,False
3492147_2026-08-11T15:55:29.780679+00:00,7.3313,7.331300008,7.333304,False
3492994_2026-08-11T16:40:13.913762+00:00,-1.002,-1.001999998,-0.999999,False
3493571_2026-08-11T17:10:13.409941+00:00,11.498,11.498,11.5,False
3495297_2026-08-11T18:25:39.231385+00:00,-1.002,-1.001999984,-0.9999920000000001,False
3495453_2026-08-11T18:40:38.145537+00:00,-1.002,-1.001999998,-0.999999,False
3497500_2026-08-11T19:10:38.694088+00:00,-1.002,-1.002,-1.0,False
3499833_2026-08-11T20:25:37.996724+00:00,-1.002,-1.002,-1.0,False
3500799_2026-08-11T21:25:38.517455+00:00,-1.002,-1.001999992,-0.9999959999999999,False
3501208_2026-08-11T21:40:39.304231+00:00,-1.002,-1.001999984,-0.9999920000000001,False
3501659_2026-08-11T22:25:38.808595+00:00,-1.002,-1.00200002,-1.0000099999999998,False
3501945_2026-08-11T22:40:40.726586+00:00,-1.002,-1.001999998,-0.999999,False
3502429_2026-08-11T23:10:39.262669+00:00,-1.002,-1.002,-1.0,False
3502994_2026-08-11T23:55:38.820944+00:00,-1.002,-1.001999998,-0.999999,False
3504866_2026-08-12T01:25:38.064793+00:00,-1.002,-1.00199998,-0.9999899999999999,False
3505337_2026-08-12T02:25:39.188803+00:00,7.3313,7.331300008,7.333304,False
3505445_2026-08-12T02:40:38.809904+00:00,-1.002,-1.002,-1.0,False
3505544_2026-08-12T02:55:38.163857+00:00,-1.002,-1.002,-1.0,False
3505879_2026-08-12T03:55:38.684901+00:00,6.6903,6.690300002000001,6.6923010000000005,False
3506446_2026-08-12T04:10:39.915754+00:00,-1.002,-1.002000016,-1.000008,False
3507970_2026-08-12T05:55:23.875552+00:00,11.498,11.498,11.5,False
3508652_2026-08-12T06:25:23.525266+00:00,-1.002,-1.002,-1.0,False
3508909_2026-08-12T06:55:23.016360+00:00,2.0283,2.028300002,2.0303009999999997,False
3509416_2026-08-12T07:25:24.658496+00:00,-1.002,-1.002000004,-1.0000019999999998,False
3509616_2026-08-12T07:40:23.063849+00:00,-1.002,-1.00200001,-1.0000049999999998,False
3509842_2026-08-12T08:10:23.604340+00:00,-1.002,-1.001999996,-0.9999979999999999,False
3509965_2026-08-12T08:40:25.185130+00:00,-1.002,-1.001999992,-0.9999959999999999,False
3511055_2026-08-12T10:25:12.098880+00:00,-1.002,-1.001999998,-0.999999,False
3511964_2026-08-12T11:10:14.083903+00:00,-1.002,-1.00199998,-0.9999899999999999,False
3513113_2026-08-12T12:25:14.564351+00:00,1.7758,1.775799984,1.777792,False
3516686_2026-08-12T15:25:21.364295+00:00,-1.002,-1.001999988,-0.9999940000000002,False
3516792_2026-08-12T15:55:22.489903+00:00,-1.002,-1.002,-1.0,False
3517214_2026-08-12T16:10:21.377703+00:00,2.5694,2.5694000160000003,2.571408,False
3517832_2026-08-12T16:55:21.357582+00:00,-1.002,-1.001999998,-0.9999990000000001,False
3518100_2026-08-12T17:10:22.255115+00:00,1.9392,1.939199984,1.9411919999999998,False
3518284_2026-08-12T17:25:22.265149+00:00,-1.002,-1.002,-1.0,False
3518920_2026-08-12T18:10:25.740910+00:00,7.3313,7.331300008,7.333304,False
3519537_2026-08-12T18:25:23.607826+00:00,-1.002,-1.002000004,-1.0000019999999998,False
3520827_2026-08-12T18:55:21.955014+00:00,-1.002,-1.002,-1.0,False
3524512_2026-08-12T19:25:22.502937+00:00,-1.002,-1.001999992,-0.9999959999999999,False
3525447_2026-08-12T19:40:21.377410+00:00,-1.002,-1.002,-1.0,False
3526366_2026-08-12T20:55:23.082551+00:00,3.1647,3.164699984,3.166692,False
3526490_2026-08-12T21:10:23.080065+00:00,2.7017,2.701700002,2.7037009999999997,False
3526599_2026-08-12T21:25:21.959203+00:00,-1.002,-1.002000004,-1.0000019999999998,False
3527593_2026-08-12T22:40:22.516948+00:00,-1.002,-1.002,-1.0,False
3528405_2026-08-12T23:10:22.019176+00:00,-1.002,-1.001999984,-0.9999920000000001,False
3528473_2026-08-12T23:25:21.430972+00:00,-1.002,-1.002,-1.0,False
3531025_2026-08-13T00:40:23.338974+00:00,-1.002,-1.00200001,-1.0000049999999998,False
3532784_2026-08-13T02:40:32.538144+00:00,3.998,3.998,4.0,False
3533024_2026-08-13T03:10:32.485814+00:00,2.4463,2.446299986,2.4482930000000005,False
3534294_2026-08-13T04:25:33.122169+00:00,-1.002,-1.002,-1.0,False
3535977_2026-08-13T06:10:13.435200+00:00,-1.002,-1.002,-1.0,False
3536176_2026-08-13T06:40:13.711958+00:00,-1.002,-1.001999998,-0.999999,False
3536373_2026-08-13T07:10:34.761278+00:00,-1.002,-1.001999998,-0.999999,False
3536587_2026-08-13T07:40:34.182259+00:00,-1.002,-1.001999998,-0.999999,False
3536660_2026-08-13T07:55:33.627426+00:00,-1.002,-1.002000012,-1.0000060000000002,False
3537199_2026-08-13T08:55:02.039200+00:00,-1.002,-1.002,-1.0,False
3537625_2026-08-13T10:10:47.265741+00:00,-1.002,-1.002,-1.0,False
3537705_2026-08-13T10:40:01.176243+00:00,3.3458,3.3458000119999998,3.3478060000000003,False
3537985_2026-08-13T11:10:02.854553+00:00,-1.002,-1.001999998,-0.999999,False
3538033_2026-08-13T11:25:46.330061+00:00,-1.002,-1.002,-1.0,False
3538766_2026-08-13T12:40:01.217245+00:00,-1.002,-1.001999998,-0.999999,False
3539523_2026-08-13T13:55:03.529463+00:00,-1.002,-1.002000014,-1.0000069999999999,False
3539990_2026-08-13T14:55:26.140188+00:00,-1.002,-1.002,-1.0,False
3540444_2026-08-13T15:10:26.933159+00:00,-1.002,-1.002,-1.0,False
3540536_2026-08-13T15:25:27.195457+00:00,-1.002,-1.001999998,-0.999999,False
3541678_2026-08-13T15:55:25.151118+00:00,-1.002,-1.002,-1.0,False
3542111_2026-08-13T16:10:26.823508+00:00,1.6296,1.629599984,1.6315920000000002,False
3545658_2026-08-13T17:55:03.391092+00:00,-1.002,-1.001999998,-0.999999,False
3547203_2026-08-13T18:25:03.053204+00:00,-1.002,-1.002,-1.0,False
3552260_2026-08-13T20:40:02.590318+00:00,-1.002,-1.00199998,-0.9999899999999999,False
3552470_2026-08-13T20:55:47.734616+00:00,-1.002,-1.002000016,-1.000008,False
3553424_2026-08-13T22:40:03.332700+00:00,-1.002,-1.001999998,-0.9999990000000001,False
3553667_2026-08-13T22:55:02.912272+00:00,-1.002,-1.002000016,-1.000008,False
3553863_2026-08-13T23:10:04.308777+00:00,-1.002,-1.001999998,-0.999999,False
3553919_2026-08-13T23:25:02.841920+00:00,-1.002,-1.002000016,-1.000008,False
3554053_2026-08-13T23:40:04.125339+00:00,-1.002,-1.002000016,-1.000008,False
3554350_2026-08-13T23:55:02.453771+00:00,11.498,11.498,11.5,False
3555519_2026-08-14T00:55:44.247509+00:00,1.5621,1.562100002,1.564101,False
3556023_2026-08-14T01:10:01.319768+00:00,-1.002,-1.00199998,-0.9999899999999999,False
3556273_2026-08-14T01:55:01.193804+00:00,3.3458,3.3458000119999998,3.3478060000000003,False
3556397_2026-08-14T02:25:01.098049+00:00,-1.002,-1.002000016,-1.0000079999999998,False
3556767_2026-08-14T03:10:01.254524+00:00,1.6296,1.629599984,1.6315920000000002,False
3556870_2026-08-14T03:40:00.064340+00:00,-1.002,-1.002000004,-1.0000019999999998,False
3556954_2026-08-14T03:55:01.800837+00:00,-1.002,-1.001999996,-0.9999979999999999,False
3557376_2026-08-14T04:25:01.529714+00:00,4.5536,4.553599984,4.555592,False
3557675_2026-08-14T04:40:01.414898+00:00,-1.002,-1.001999988,-0.9999940000000002,False
3557962_2026-08-14T04:55:02.555592+00:00,-1.002,-1.002000016,-1.000008,False
3558430_2026-08-14T05:10:44.844366+00:00,-1.002,-1.001999998,-0.9999990000000001,False
3558469_2026-08-14T05:25:00.357232+00:00,-1.002,-1.001999992,-0.9999959999999999,False
3559000_2026-08-14T06:10:00.882525+00:00,-1.002,-1.002000004,-1.0000019999999998,False
3559223_2026-08-14T06:25:01.481051+00:00,-1.002,-1.002,-1.0,False
3560657_2026-08-14T06:55:00.771833+00:00,-1.002,-1.002,-1.0,False
3561220_2026-08-14T07:55:44.771834+00:00,-1.002,-1.002000004,-1.0000019999999998,False
3561363_2026-08-14T08:25:00.257262+00:00,-1.002,-1.002,-1.0,False
3561785_2026-08-14T09:10:00.753129+00:00,-1.002,-1.002,-1.0,False
3562053_2026-08-14T09:40:00.646089+00:00,-1.002,-1.001999998,-0.9999990000000001,False
3562786_2026-08-14T10:55:00.692188+00:00,-1.002,-1.002000012,-1.0000060000000002,False
3563551_2026-08-14T11:40:00.933395+00:00,-1.002,-1.002,-1.0,False
3564497_2026-08-14T13:40:04.986548+00:00,-1.002,-1.001999998,-0.999999,False
3564679_2026-08-14T13:55:07.007665+00:00,-1.002,-1.001999998,-0.9999990000000001,False
3564762_2026-08-14T14:10:06.430583+00:00,-1.002,-1.001999998,-0.9999990000000001,False
3564835_2026-08-14T14:25:05.497497+00:00,1.6296,1.629599984,1.6315920000000002,False
3565094_2026-08-14T14:55:05.977336+00:00,-1.002,-1.002,-1.0,False
3566079_2026-08-14T17:10:00.382734+00:00,2.123,2.123,2.125,False
3566334_2026-08-14T17:40:43.421038+00:00,-1.002,-1.002,-1.0,False
3566656_2026-08-14T17:55:43.977972+00:00,-1.002,-1.001999998,-0.999999,False
3568219_2026-08-14T18:40:43.641529+00:00,-1.002,-1.001999988,-0.9999940000000002,False
3569327_2026-08-14T18:55:44.232279+00:00,-1.002,-1.001999998,-0.999999,False
3570365_2026-08-14T19:10:45.168487+00:00,-1.002,-1.002,-1.0,False
3572382_2026-08-14T20:40:44.760137+00:00,-1.002,-1.002,-1.0,False
3573102_2026-08-14T22:10:44.331485+00:00,-1.002,-1.002000012,-1.0000060000000002,False
3573228_2026-08-14T22:25:43.942038+00:00,-1.002,-1.002000016,-1.000008,False
3573925_2026-08-14T22:55:44.001428+00:00,3.998,3.998,4.0,False
3574886_2026-08-15T00:10:00.057892+00:00,-1.002,-1.002000016,-1.000008,False
3575020_2026-08-15T00:55:44.208270+00:00,-1.002,-1.002000016,-1.000008,False
3575465_2026-08-15T01:55:44.917230+00:00,2.4463,2.446299986,2.4482930000000005,False
3576351_2026-08-15T03:25:00.680292+00:00,-1.002,-1.001999998,-0.9999990000000001,False
3576391_2026-08-15T03:40:43.986018+00:00,-1.002,-1.001999998,-0.999999,False
3577199_2026-08-15T04:55:44.877729+00:00,-1.002,-1.002,-1.0,False
3577778_2026-08-15T05:25:44.021251+00:00,-1.002,-1.002,-1.0,False
3577846_2026-08-15T05:40:43.834240+00:00,-1.002,-1.002,-1.0,False
3578648_2026-08-15T07:10:00.859973+00:00,15.6647,15.664699996000001,15.666697999999998,False
3578775_2026-08-15T07:25:01.975496+00:00,-1.002,-1.001999998,-0.999999,False
3578983_2026-08-15T07:55:45.124752+00:00,-1.002,-1.001999998,-0.999999,False
3579057_2026-08-15T08:10:44.037701+00:00,-1.002,-1.001999998,-0.999999,False
3579285_2026-08-15T08:25:45.377862+00:00,-1.002,-1.001999998,-0.9999990000000001,False
3579458_2026-08-15T08:40:01.395660+00:00,-1.002,-1.002,-1.0,False
3579588_2026-08-15T08:55:00.700065+00:00,-1.002,-1.002,-1.0,False
3579985_2026-08-15T10:10:10.056452+00:00,-1.002,-1.001999998,-0.9999990000000001,False
3580190_2026-08-15T10:55:09.549973+00:00,1.8551,1.85510003,1.857115,False
3580266_2026-08-15T11:10:09.550320+00:00,-1.002,-1.002,-1.0,False
3580668_2026-08-15T11:55:08.105852+00:00,-1.002,-1.001999998,-0.9999990000000001,False
3580870_2026-08-15T12:10:12.113853+00:00,-1.002,-1.001999998,-0.9999990000000001,False
3580917_2026-08-15T12:25:08.364044+00:00,-1.002,-1.002000016,-1.000008,False
3581131_2026-08-15T12:40:08.130997+00:00,-1.002,-1.00200001,-1.0000049999999998,False
3582229_2026-08-15T13:25:08.970967+00:00,-1.002,-1.001999998,-0.999999,False
3582443_2026-08-15T13:40:10.363079+00:00,-1.002,-1.001999998,-0.999999,False
3582946_2026-08-15T14:10:08.845850+00:00,-1.002,-1.002,-1.0,False
3583338_2026-08-15T14:25:10.537822+00:00,-1.002,-1.001999998,-0.999999,False
3584092_2026-08-15T15:10:09.312748+00:00,-1.002,-1.002000016,-1.000008,False
3584323_2026-08-15T15:55:08.899923+00:00,-1.002,-1.001999998,-0.999999,False
3584643_2026-08-15T16:40:08.398629+00:00,-1.002,-1.001999998,-0.999999,False
3585242_2026-08-15T17:25:08.404397+00:00,-1.002,-1.002,-1.0,False
3585874_2026-08-15T18:25:08.903346+00:00,-1.002,-1.002,-1.0,False
3590580_2026-08-15T20:10:08.449940+00:00,-1.002,-1.0020000024,-1.0000012,False
3591207_2026-08-15T20:25:08.450527+00:00,-1.002,-1.002000012,-1.0000060000000002,False
3591903_2026-08-15T21:10:08.450061+00:00,2.7017,2.701700002,2.7037009999999997,False
3592679_2026-08-15T22:25:10.449863+00:00,-1.002,-1.001999984,-0.9999920000000001,False
3593344_2026-08-15T22:55:09.950768+00:00,-1.002,-1.002,-1.0,False
3593659_2026-08-15T23:25:09.199186+00:00,-1.002,-1.002000012,-1.0000060000000002,False
3593706_2026-08-15T23:40:10.449970+00:00,-1.002,-1.002000014,-1.0000069999999999,False
3594024_2026-08-15T23:55:10.699545+00:00,-1.002,-1.002,-1.0,False
3594106_2026-08-16T00:10:09.949764+00:00,-1.002,-1.002,-1.0,False
3594249_2026-08-16T00:40:09.699554+00:00,2.2238,2.223800004,2.225802,False
3594510_2026-08-16T01:10:09.199451+00:00,-1.002,-1.002,-1.0,False
3594741_2026-08-16T01:40:09.199965+00:00,18.998,18.998,19.0,False
3594820_2026-08-16T01:55:08.450629+00:00,3.1647,3.164699984,3.166692,False
3594994_2026-08-16T02:10:08.700379+00:00,-1.002,-1.002,-1.0,False
3595272_2026-08-16T02:55:08.700258+00:00,-1.002,-1.002000016,-1.000008,False
3595401_2026-08-16T03:25:09.450796+00:00,-1.002,-1.00199997,-0.9999849999999999,False
3596356_2026-08-16T04:40:09.950378+00:00,-1.002,-1.0020000024,-1.0000012,False
3598838_2026-08-16T05:25:09.199585+00:00,-1.002,-1.001999998,-0.9999990000000001,False
3599599_2026-08-16T06:25:09.700432+00:00,2.5694,2.5694000160000003,2.571408,False
3599682_2026-08-16T06:40:08.450678+00:00,-1.002,-1.002000016,-1.000008,False
3600091_2026-08-16T07:10:10.450970+00:00,-1.002,-1.001999998,-0.999999,False
3600782_2026-08-16T09:10:09.950441+00:00,-1.002,-1.002,-1.0,False
3600998_2026-08-16T09:40:08.950325+00:00,-1.002,-1.001999984,-0.9999920000000001,False
3601404_2026-08-16T10:40:10.450341+00:00,-1.002,-1.002000016,-1.000008,False
3601966_2026-08-16T11:25:08.952020+00:00,-1.002,-1.001999998,-0.999999,False
3603086_2026-08-16T11:55:08.700421+00:00,2.8442,2.844199976,2.8461879999999997,False
3603275_2026-08-16T12:25:08.956895+00:00,-1.002,-1.002000016,-1.000008,False
3603381_2026-08-16T12:40:10.700339+00:00,-1.002,-1.001999998,-0.9999990000000001,False
3604092_2026-08-16T13:40:09.450538+00:00,-1.002,-1.001999998,-0.9999990000000001,False
3606199_2026-08-16T16:40:10.200568+00:00,-1.002,-1.002000016,-1.000008,False
3606786_2026-08-16T16:55:09.699924+00:00,-1.002,-1.002,-1.0,False
3606860_2026-08-16T17:10:09.699945+00:00,-1.002,-1.00199998,-0.9999899999999999,False
3606928_2026-08-16T17:25:09.199761+00:00,-1.002,-1.002000014,-1.0000069999999999,False
3609068_2026-08-16T18:40:09.700528+00:00,-1.002,-1.00199998,-0.9999899999999999,False
3610684_2026-08-16T18:55:10.239083+00:00,-1.002,-1.002000016,-1.000008,False
3614022_2026-08-16T19:55:10.199887+00:00,-1.002,-1.0020000056,-1.0000028,False
3615103_2026-08-16T20:25:08.203784+00:00,-1.002,-1.001999998,-0.999999,False
3615600_2026-08-16T21:10:09.449446+00:00,-1.002,-1.00200002,-1.0000099999999998,False
3616090_2026-08-16T21:25:09.449507+00:00,-1.002,-1.002000016,-1.0000079999999998,False
3616731_2026-08-16T21:40:08.450099+00:00,-1.002,-1.002,-1.0,False
3617976_2026-08-16T22:10:08.949886+00:00,-1.002,-1.002000012,-1.0000060000000002,False
3618202_2026-08-16T22:25:09.950396+00:00,-1.002,-1.002,-1.0,False
3618605_2026-08-16T22:40:10.949551+00:00,-1.002,-1.0020000002,-1.0000000999999998,False
3619414_2026-08-16T23:25:08.459599+00:00,-1.002,-1.002000024,-1.0000120000000001,False
3620147_2026-08-16T23:55:09.950239+00:00,-1.002,-1.001999996,-0.9999979999999999,False
3620231_2026-08-17T00:10:08.699869+00:00,-1.002,-1.001999998,-0.9999990000000001,False
3620298_2026-08-17T00:25:09.200638+00:00,-1.002,-1.002,-1.0,False
3620399_2026-08-17T00:40:10.212366+00:00,11.498,11.498,11.5,False
3620531_2026-08-17T00:55:08.699691+00:00,-1.002,-1.002000016,-1.0000079999999998,False
3620937_2026-08-17T01:55:08.448854+00:00,-1.002,-1.002000004,-1.0000019999999998,False
3621236_2026-08-17T02:10:08.795989+00:00,-1.002,-1.001999998,-0.9999990000000001,False
3621568_2026-08-17T03:10:08.826336+00:00,1.7007,1.700700002,1.7027010000000002,False
3621650_2026-08-17T03:25:09.362972+00:00,-1.002,-1.001999998,-0.999999,False
3621755_2026-08-17T03:40:08.379303+00:00,-1.002,-1.00199997,-0.9999849999999999,False
3622907_2026-08-17T04:25:07.889564+00:00,1.5621,1.562100002,1.564101,False
3625171_2026-08-17T05:10:09.038014+00:00,7.3313,7.331300008,7.333304,False
3625320_2026-08-17T05:40:07.878472+00:00,-1.002,-1.001999992,-0.9999959999999999,False
3626035_2026-08-17T06:25:09.825524+00:00,1.5621,1.562100002,1.564101,False
3626574_2026-08-17T07:10:10.822176+00:00,-1.002,-1.001999998,-0.999999,False
3626629_2026-08-17T07:25:09.299367+00:00,-1.002,-1.001999998,-0.999999,False
3626682_2026-08-17T07:40:10.300089+00:00,-1.002,-1.001999998,-0.999999,False
3627164_2026-08-17T08:10:09.110396+00:00,-1.002,-1.002,-1.0,False
3627802_2026-08-17T08:40:08.354099+00:00,-1.002,-1.002000016,-1.000008,False
3629001_2026-08-17T08:55:08.846522+00:00,1.6296,1.629599984,1.6315920000000002,False
3629744_2026-08-17T09:25:09.247235+00:00,-1.002,-1.002,-1.0,False
3629784_2026-08-17T09:40:08.354529+00:00,-1.002,-1.001999998,-0.999999,False
3630786_2026-08-17T10:10:09.702493+00:00,3.5435,3.54349998,3.54549,False
3631547_2026-08-17T11:10:09.632379+00:00,-1.002,-1.001999998,-0.9999990000000001,False
3631973_2026-08-17T11:55:08.471272+00:00,-1.002,-1.001999998,-0.9999990000000001,False
3632387_2026-08-17T12:25:11.221286+00:00,-1.002,-1.002000004,-1.0000019999999998,False
3632693_2026-08-17T12:40:13.587364+00:00,-1.002,-1.002,-1.0,False
3632934_2026-08-17T12:55:13.558923+00:00,-1.002,-1.001999998,-0.999999,False
3633655_2026-08-17T13:55:36.997556+00:00,-1.002,-1.002,-1.0,False
3634189_2026-08-17T14:25:33.863400+00:00,-1.002,-1.00199998,-0.9999899999999999,False
3636347_2026-08-17T16:10:33.253864+00:00,-1.002,-1.002000004,-1.0000019999999998,False
3637721_2026-08-17T16:55:33.681609+00:00,1.5621,1.562100002,1.564101,False
3638290_2026-08-17T17:10:33.512044+00:00,-1.002,-1.002,-1.0,False
3639347_2026-08-17T18:10:33.100348+00:00,3.1647,3.164699984,3.166692,False
3640225_2026-08-17T18:40:33.600869+00:00,-1.002,-1.002,-1.0,False
3644481_2026-08-17T19:10:33.050774+00:00,-1.002,-1.002000004,-1.0000019999999998,False
3646574_2026-08-17T19:55:34.857505+00:00,-1.002,-1.002,-1.0,False
3646892_2026-08-17T20:10:33.333254+00:00,-1.002,-1.002000012,-1.0000060000000002,False
3647057_2026-08-17T20:40:32.828715+00:00,-1.002,-1.001999998,-0.999999,False
3648006_2026-08-17T21:25:32.578333+00:00,-1.002,-1.001999998,-0.9999990000000001,False
3648631_2026-08-17T22:10:33.027082+00:00,-1.002,-1.002000004,-1.0000019999999998,False
3649629_2026-08-17T22:55:34.117219+00:00,-1.002,-1.002000012,-1.0000060000000002,False
3651244_2026-08-18T00:40:32.603726+00:00,-1.002,-1.002,-1.0,False
3652249_2026-08-18T00:55:33.219889+00:00,-1.002,-1.002,-1.0,False
3652433_2026-08-18T01:10:33.947107+00:00,-1.002,-1.002,-1.0,False
3652461_2026-08-18T01:25:33.067887+00:00,-1.002,-1.002000012,-1.0000060000000002,False
3653066_2026-08-18T02:25:34.152216+00:00,-1.002,-1.002000016,-1.000008,False
3653481_2026-08-18T02:55:34.778367+00:00,-1.002,-1.002,-1.0,False
3654417_2026-08-18T04:10:32.572179+00:00,-1.002,-1.001999998,-0.999999,False
3654493_2026-08-18T04:25:34.601262+00:00,-1.002,-1.002000012,-1.0000060000000002,False
3655180_2026-08-18T04:55:34.368929+00:00,-1.002,-1.002,-1.0,False
3656134_2026-08-18T05:25:16.954732+00:00,1.8551,1.85510003,1.857115,False
3656315_2026-08-18T05:40:33.640767+00:00,11.498,11.498,11.5,False
3656619_2026-08-18T05:55:35.042161+00:00,-1.002,-1.00200001,-1.0000049999999998,False
3657126_2026-08-18T06:10:33.279825+00:00,-1.002,-1.002000016,-1.0000079999999998,False
3657979_2026-08-18T06:55:34.736593+00:00,-1.002,-1.002,-1.0,False
3658238_2026-08-18T07:25:33.001360+00:00,-1.002,-1.002,-1.0,False
3658297_2026-08-18T07:40:33.760060+00:00,-1.002,-1.001999992,-0.9999959999999999,False
3658544_2026-08-18T07:55:34.109364+00:00,-1.002,-1.0020000024,-1.0000012,False
3658902_2026-08-18T08:10:34.186513+00:00,-1.002,-1.002,-1.0,False
3659789_2026-08-18T09:10:33.096383+00:00,-1.002,-1.002,-1.0,False
3661895_2026-08-18T10:10:35.058480+00:00,-1.002,-1.002,-1.0,False
3664671_2026-08-18T11:55:33.198893+00:00,-1.002,-1.002000004,-1.0000019999999998,False
3666267_2026-08-18T12:10:35.027548+00:00,-1.002,-1.001999998,-0.999999,False
3668034_2026-08-18T12:55:32.630495+00:00,-1.002,-1.00200002,-1.0000099999999998,False
3668035_2026-08-18T12:40:33.082145+00:00,-1.002,-1.002000004,-1.0000019999999998,False
3668058_2026-08-18T13:10:33.097446+00:00,-1.002,-1.001999998,-0.999999,False
3668291_2026-08-18T13:25:34.640748+00:00,-1.002,-1.002,-1.0,False
3669133_2026-08-18T13:55:33.123529+00:00,4.2612,4.261199984,4.263192,False
3669703_2026-08-18T14:40:34.695415+00:00,-1.002,-1.002,-1.0,False
3669856_2026-08-18T14:55:33.156808+00:00,-1.002,-1.001999992,-0.9999959999999999,False
3669897_2026-08-18T15:10:32.558849+00:00,4.2612,4.261199984,4.263192,False
3670551_2026-08-18T16:10:33.250874+00:00,-1.002,-1.001999998,-0.999999,False
3670715_2026-08-18T16:25:38.973165+00:00,-1.002,-1.002000024,-1.0000120000000001,False
3671251_2026-08-18T17:10:35.672477+00:00,-1.002,-1.002000004,-1.0000019999999998,False
3671492_2026-08-18T17:40:33.292535+00:00,-1.002,-1.001999998,-0.999999,False
3672071_2026-08-18T17:55:33.683173+00:00,-1.002,-1.001999988,-0.9999940000000002,False
3672708_2026-08-18T18:40:32.540832+00:00,-1.002,-1.00199997,-0.9999849999999999,False
3680013_2026-08-18T19:10:34.903282+00:00,-1.002,-1.001999998,-0.999999,False
3681557_2026-08-18T19:40:33.195829+00:00,-1.002,-1.0020000008,-1.0000004,False
3681893_2026-08-18T19:55:33.232851+00:00,-1.002,-1.002000012,-1.0000060000000002,False
3682138_2026-08-18T20:10:33.216073+00:00,1.8551,1.85510003,1.857115,False
3682209_2026-08-18T20:25:33.145125+00:00,-1.002,-1.001999992,-0.9999959999999999,False
3683302_2026-08-18T21:40:32.545556+00:00,-1.002,-1.002000004,-1.0000019999999998,False
3683900_2026-08-18T22:10:32.617978+00:00,-1.002,-1.002000016,-1.0000079999999998,False
3684020_2026-08-18T22:25:34.762060+00:00,4.5536,4.553599984,4.555592,False
3684885_2026-08-18T22:55:32.562577+00:00,-1.002,-1.001999998,-0.999999,False
3685707_2026-08-18T23:55:34.168612+00:00,-1.002,-1.001999998,-0.9999990000000001,False
3686004_2026-08-19T00:25:33.384662+00:00,1.498,1.498,1.5,False
3686724_2026-08-19T00:55:32.854301+00:00,-1.002,-1.002,-1.0,False
3686880_2026-08-19T01:25:33.346814+00:00,-1.002,-1.001999998,-0.9999990000000001,False
3686953_2026-08-19T01:40:34.102045+00:00,-1.002,-1.002000024,-1.0000120000000001,False
3687282_2026-08-19T02:10:33.209624+00:00,5.6647,5.66469999,5.666695,False
3687323_2026-08-19T02:25:32.642354+00:00,-1.002,-1.001999988,-0.9999940000000002,False
3687480_2026-08-19T02:55:33.672938+00:00,-1.002,-1.001999998,-0.9999990000000001,False
3687599_2026-08-19T03:10:32.570374+00:00,-1.002,-1.002,-1.0,False
3687924_2026-08-19T03:40:34.339042+00:00,-1.002,-1.001999992,-0.9999959999999999,False
3688025_2026-08-19T03:55:33.042375+00:00,-1.002,-1.001999996,-0.9999979999999999,False
3688635_2026-08-19T04:40:34.321190+00:00,-1.002,-1.001999984,-0.9999920000000001,False
3691249_2026-08-19T05:55:32.120873+00:00,-1.002,-1.001999998,-0.999999,False
3691582_2026-08-19T06:10:36.575660+00:00,-1.002,-1.002,-1.0,False
3691972_2026-08-19T07:10:34.082363+00:00,13.2837,13.283700002,13.285701,False
3692222_2026-08-19T07:55:34.384076+00:00,-1.002,-1.002000004,-1.0000019999999998,False
3692358_2026-08-19T08:10:34.384266+00:00,-1.002,-1.001999998,-0.999999,False
3694275_2026-08-19T11:40:32.586009+00:00,-1.002,-1.001999988,-0.9999940000000002,False
3695607_2026-08-19T12:10:34.222555+00:00,-1.002,-1.001999998,-0.9999990000000001,False
3695736_2026-08-19T12:25:32.681246+00:00,-1.002,-1.00200002,-1.0000099999999998,False
3696442_2026-08-19T12:55:32.137542+00:00,-1.002,-1.001999998,-0.999999,False
3696913_2026-08-19T13:40:33.605927+00:00,15.6647,15.664699996000001,15.666697999999998,False
3701157_2026-08-19T15:55:33.534371+00:00,-1.002,-1.002000004,-1.0000019999999998,False
3702412_2026-08-19T17:10:32.157533+00:00,-1.002,-1.001999998,-0.999999,False
3703197_2026-08-19T18:10:34.054390+00:00,-1.002,-1.002000004,-1.0000019999999998,False
3706047_2026-08-19T18:55:32.159040+00:00,-1.002,-1.002,-1.0,False
3707401_2026-08-19T19:10:32.566270+00:00,-1.002,-1.002,-1.0,False
3710188_2026-08-19T21:40:32.685065+00:00,-1.002,-1.002,-1.0,False
3710403_2026-08-19T22:10:32.149926+00:00,-1.002,-1.001999998,-0.999999,False
3710483_2026-08-19T22:25:34.455720+00:00,-1.002,-1.002000004,-1.0000019999999998,False
3710821_2026-08-19T22:55:32.783283+00:00,-1.002,-1.002,-1.0,False
3711047_2026-08-19T23:25:34.685785+00:00,3.5435,3.54349998,3.54549,False
3711111_2026-08-19T23:40:32.409536+00:00,-1.002,-1.002000012,-1.0000060000000002,False
3711359_2026-08-19T23:55:34.067440+00:00,-1.002,-1.001999992,-0.9999959999999999,False
3711730_2026-08-20T00:40:33.702795+00:00,-1.002,-1.001999998,-0.999999,False
3712910_2026-08-20T00:55:33.194761+00:00,-1.002,-1.002000016,-1.000008,False
3713003_2026-08-20T01:10:34.217948+00:00,-1.002,-1.001999998,-0.9999990000000001,False
3713031_2026-08-20T01:25:32.759657+00:00,-1.002,-1.002000014,-1.0000069999999999,False
3716731_2026-08-20T08:25:30.817437+00:00,2.7017,2.701700002,2.7037009999999997,False
3718494_2026-08-20T09:55:30.582177+00:00,-1.002,-1.0020000006,-1.0000003,False
3718804_2026-08-20T10:40:30.554873+00:00,-1.002,-1.002,-1.0,False
3719295_2026-08-20T11:10:30.963850+00:00,-1.002,-1.002,-1.0,False
3719731_2026-08-20T11:55:30.592578+00:00,-1.002,-1.001999998,-0.999999,False
3719915_2026-08-20T12:10:32.732633+00:00,-1.002,-1.001999998,-0.999999,False
3721184_2026-08-20T13:25:09.815643+00:00,-1.002,-1.002,-1.0,False
3722181_2026-08-20T14:25:04.156053+00:00,-1.002,-1.002000004,-1.0000019999999998,False
3722642_2026-08-20T15:25:04.417560+00:00,6.6903,6.690300002000001,6.6923010000000005,False
3723803_2026-08-20T15:40:04.293917+00:00,-1.002,-1.00200002,-1.0000099999999998,False
3724541_2026-08-20T16:55:05.413468+00:00,2.0283,2.028300002,2.0303009999999997,False
3724688_2026-08-20T17:10:05.704380+00:00,-1.002,-1.002000004,-1.0000019999999998,False
3725905_2026-08-20T18:10:07.396176+00:00,-1.002,-1.001999998,-0.999999,False
3726339_2026-08-20T18:40:05.444259+00:00,-1.002,-1.002,-1.0,False
3728943_2026-08-20T19:55:05.663959+00:00,-1.002,-1.002,-1.0,False
3730691_2026-08-20T20:40:05.585490+00:00,-1.002,-1.001999992,-0.9999959999999999,False
3731092_2026-08-20T20:55:05.555858+00:00,-1.002,-1.001999998,-0.999999,False
3731192_2026-08-20T21:10:05.432576+00:00,2.0283,2.028300002,2.0303009999999997,False
3731731_2026-08-20T22:10:05.650724+00:00,-1.002,-1.001999992,-0.9999959999999999,False
3731861_2026-08-20T22:40:05.502326+00:00,-1.002,-1.002000012,-1.0000060000000002,False
3732524_2026-08-20T23:40:05.951006+00:00,-1.002,-1.002,-1.0,False
3732814_2026-08-20T23:55:05.688909+00:00,-1.002,-1.00199998,-0.9999899999999999,False
3733189_2026-08-21T00:40:05.620891+00:00,-1.002,-1.001999998,-0.999999,False
3734262_2026-08-21T00:55:05.546888+00:00,-1.002,-1.001999996,-0.9999979999999999,False
3734670_2026-08-21T01:40:05.716713+00:00,-1.002,-1.001999998,-0.999999,False
3735049_2026-08-21T02:10:05.663115+00:00,-1.002,-1.001999998,-0.9999990000000001,False
3735099_2026-08-21T02:25:05.736790+00:00,4.5536,4.553599984,4.555592,False
3735181_2026-08-21T02:40:05.819176+00:00,-1.002,-1.001999998,-0.999999,False
3735375_2026-08-21T02:55:05.481967+00:00,-1.002,-1.001999998,-0.999999,False
3735529_2026-08-21T03:10:05.757866+00:00,2.8442,2.844199976,2.8461879999999997,False
3735583_2026-08-21T03:40:05.445516+00:00,8.998,8.998,9.0,False
3737551_2026-08-21T06:25:05.583828+00:00,2.8442,2.844199976,2.8461879999999997,False
3738751_2026-08-21T07:55:05.487023+00:00,-1.002,-1.001999998,-0.999999,False
3740281_2026-08-21T09:25:05.604617+00:00,-1.002,-1.001999998,-0.9999990000000001,False
3741530_2026-08-21T09:55:05.392308+00:00,-1.002,-1.002000016,-1.000008,False
3741915_2026-08-21T10:25:05.430811+00:00,-1.002,-1.001999996,-0.9999979999999999,False
3742052_2026-08-21T10:40:05.541804+00:00,-1.002,-1.002000012,-1.0000060000000002,False
3742512_2026-08-21T11:10:05.898336+00:00,-1.002,-1.002,-1.0,False
3742686_2026-08-21T11:40:09.891516+00:00,-1.002,-1.002,-1.0,False
3743016_2026-08-21T12:25:09.992543+00:00,-1.002,-1.002,-1.0,False
3743425_2026-08-21T12:55:09.744804+00:00,-1.002,-1.002,-1.0,False
3744416_2026-08-21T13:25:09.965523+00:00,-1.002,-1.001999992,-0.9999959999999999,False
3744581_2026-08-21T13:40:10.083807+00:00,1.6296,1.629599984,1.6315920000000002,False
3745361_2026-08-21T14:10:09.865312+00:00,-1.002,-1.002000012,-1.0000060000000002,False
3745546_2026-08-21T14:40:10.014167+00:00,6.1409,6.140899988,6.142894,False
3746276_2026-08-21T15:40:09.996650+00:00,-1.002,-1.001999998,-0.999999,False
3746366_2026-08-21T15:55:09.896692+00:00,-1.002,-1.002,-1.0,False
3746526_2026-08-21T16:10:09.714949+00:00,-1.002,-1.002000004,-1.0000019999999998,False
3746707_2026-08-21T16:40:09.966761+00:00,-1.002,-1.001999984,-0.9999920000000001,False
3746980_2026-08-21T17:25:09.810552+00:00,-1.002,-1.002,-1.0,False
3748218_2026-08-21T18:10:18.942019+00:00,-1.002,-1.001999984,-0.9999920000000001,False
3748620_2026-08-21T18:40:16.441155+00:00,-1.002,-1.002,-1.0,False
3749341_2026-08-21T18:55:16.292929+00:00,4.5536,4.553599984,4.555592,False
3749632_2026-08-21T19:10:16.498864+00:00,3.1647,3.164699984,3.166692,False
3750553_2026-08-21T19:40:16.291102+00:00,-1.002,-1.002,-1.0,False
3750997_2026-08-21T19:55:16.554945+00:00,-1.002,-1.001999998,-0.999999,False
3751849_2026-08-21T21:10:16.493634+00:00,3.7599,3.7599000019999997,3.761901,False
3752289_2026-08-21T22:25:16.523918+00:00,-1.002,-1.002,-1.0,False
3753287_2026-08-21T23:40:16.487068+00:00,-1.002,-1.002,-1.0,False
3753485_2026-08-21T23:55:16.473438+00:00,-1.002,-1.001999998,-0.9999990000000001,False
3753638_2026-08-22T00:10:18.351858+00:00,-1.002,-1.0020000008,-1.0000004,False
3754045_2026-08-22T00:40:16.499497+00:00,-1.002,-1.002000016,-1.000008,False
3755098_2026-08-22T01:25:16.496471+00:00,-1.002,-1.002,-1.0,False
3755438_2026-08-22T02:40:16.642203+00:00,1.7758,1.775799984,1.777792,False
3755559_2026-08-22T02:55:16.561473+00:00,-1.002,-1.002,-1.0,False
3755775_2026-08-22T03:40:16.423962+00:00,-1.002,-1.002000016,-1.000008,False
3755880_2026-08-22T03:55:16.477532+00:00,-1.002,-1.001999998,-0.999999,False
3756044_2026-08-22T04:10:16.558924+00:00,-1.002,-1.002000016,-1.0000079999999998,False
3756705_2026-08-22T04:55:16.410867+00:00,-1.002,-1.002,-1.0,False
3757306_2026-08-22T05:25:16.612111+00:00,-1.002,-1.002000016,-1.000008,False
3757335_2026-08-22T05:40:16.473119+00:00,-1.002,-1.002,-1.0,False
3757716_2026-08-22T06:10:19.320280+00:00,-1.002,-1.00199998,-0.9999899999999999,False
3758738_2026-08-22T07:10:16.286202+00:00,-1.002,-1.001999984,-0.9999920000000001,False
3758852_2026-08-22T07:40:16.493887+00:00,-1.002,-1.002000016,-1.000008,False
3759120_2026-08-22T07:55:16.308275+00:00,-1.002,-1.002000016,-1.000008,False
3759313_2026-08-22T08:25:16.289559+00:00,-1.002,-1.002,-1.0,False
3759407_2026-08-22T08:40:16.649900+00:00,8.0889,8.088900001999999,8.090900999999999,False
3759472_2026-08-22T08:55:16.311642+00:00,-1.002,-1.001999998,-0.999999,False
3759601_2026-08-22T09:25:16.609334+00:00,-1.002,-1.002000004,-1.0000019999999998,False
3759636_2026-08-22T09:40:16.587131+00:00,-1.002,-1.001999998,-0.999999,False
3759759_2026-08-22T09:55:16.490863+00:00,-1.002,-1.001999998,-0.999999,False
3759805_2026-08-22T10:10:16.263100+00:00,-1.002,-1.001999998,-0.999999,False
3759885_2026-08-22T10:25:16.528197+00:00,3.3458,3.3458000119999998,3.3478060000000003,False
3760043_2026-08-22T10:55:16.570811+00:00,-1.002,-1.002,-1.0,False
3760144_2026-08-22T11:10:16.338893+00:00,-1.002,-1.002000016,-1.000008,False
3760205_2026-08-22T11:25:16.460684+00:00,1.498,1.498,1.5,False
3760355_2026-08-22T11:55:16.448361+00:00,-1.002,-1.00200001,-1.0000049999999998,False
3760785_2026-08-22T12:40:16.294336+00:00,4.2612,4.261199984,4.263192,False
3761018_2026-08-22T12:55:16.551069+00:00,-1.002,-1.002000014,-1.0000069999999999,False
3761149_2026-08-22T13:10:16.634124+00:00,-1.002,-1.00200001,-1.0000049999999998,False
3761671_2026-08-22T13:40:19.206089+00:00,-1.002,-1.002,-1.0,False
3762188_2026-08-22T14:10:03.558822+00:00,-1.002,-1.001999998,-0.9999990000000001,False
3762410_2026-08-22T14:40:03.160731+00:00,-1.002,-1.001999998,-0.999999,False
3762740_2026-08-22T15:10:03.182291+00:00,-1.002,-1.002000016,-1.000008,False
3763192_2026-08-22T15:55:43.250452+00:00,-1.002,-1.002,-1.0,False
3763786_2026-08-22T16:55:43.571999+00:00,-1.002,-1.002000016,-1.000008,False
3763865_2026-08-22T17:10:43.409324+00:00,-1.002,-1.002,-1.0,False
3764684_2026-08-22T18:10:00.887603+00:00,-1.002,-1.001999988,-0.9999940000000002,False
3764747_2026-08-22T18:40:43.437199+00:00,-1.002,-1.00200001,-1.0000049999999998,False
3764821_2026-08-22T18:55:43.520818+00:00,2.7017,2.701700002,2.7037009999999997,False
3764892_2026-08-22T19:25:43.257365+00:00,-1.002,-1.001999998,-0.9999990000000001,False
3767015_2026-08-22T20:25:43.220941+00:00,-1.002,-1.002,-1.0,False
3767852_2026-08-22T20:55:43.370330+00:00,-1.002,-1.002000004,-1.0000019999999998,False
3768127_2026-08-22T21:10:43.610440+00:00,-1.002,-1.002,-1.0,False
3768705_2026-08-22T21:55:43.217217+00:00,-1.002,-1.001999998,-0.9999990000000001,False
3769985_2026-08-22T22:40:43.305428+00:00,11.498,11.498,11.5,False
3771542_2026-08-23T01:10:43.454978+00:00,-1.002,-1.002000012,-1.0000060000000002,False
3771584_2026-08-23T01:25:43.280405+00:00,-1.002,-1.001999998,-0.999999,False
3771832_2026-08-23T02:10:43.345066+00:00,-1.002,-1.002,-1.0,False
3771912_2026-08-23T02:25:43.312838+00:00,-1.002,-1.001999998,-0.999999,False
3772034_2026-08-23T02:55:43.421165+00:00,-1.002,-1.001999998,-0.9999990000000001,False
3772132_2026-08-23T03:10:43.242749+00:00,13.2837,13.283700002,13.285701,False
3772296_2026-08-23T03:25:43.216594+00:00,-1.002,-1.002,-1.0,False
3772340_2026-08-23T03:40:43.321365+00:00,-1.002,-1.002000004,-1.0000019999999998,False
3773002_2026-08-23T04:10:43.357214+00:00,8.998,8.998,9.0,False
3773089_2026-08-23T04:25:43.390577+00:00,-1.002,-1.00200001,-1.0000049999999998,False
3773520_2026-08-23T04:40:43.565493+00:00,-1.002,-1.001999998,-0.9999990000000001,False
3773959_2026-08-23T04:55:43.336695+00:00,-1.002,-1.002,-1.0,False
3774417_2026-08-23T05:10:43.330190+00:00,-1.002,-1.001999998,-0.9999990000000001,False
3774493_2026-08-23T05:40:43.396746+00:00,-1.002,-1.002000016,-1.000008,False
3774773_2026-08-23T05:55:43.384125+00:00,-1.002,-1.001999998,-0.999999,False
3775090_2026-08-23T06:10:01.409146+00:00,18.998,18.998,19.0,False
3775498_2026-08-23T06:55:43.344768+00:00,-1.002,-1.002,-1.0,False
3775761_2026-08-23T07:25:43.309570+00:00,-1.002,-1.002,-1.0,False
3775828_2026-08-23T07:40:43.431293+00:00,-1.002,-1.002,-1.0,False
3776020_2026-08-23T07:55:43.453523+00:00,-1.002,-1.001999998,-0.999999,False
3776283_2026-08-23T08:55:43.334600+00:00,-1.002,-1.002000016,-1.000008,False
3776434_2026-08-23T09:25:43.347160+00:00,-1.002,-1.002000012,-1.0000060000000002,False
3776494_2026-08-23T09:40:43.233666+00:00,-1.002,-1.00199998,-0.9999899999999999,False
3776925_2026-08-23T10:55:43.591691+00:00,-1.002,-1.001999998,-0.999999,False
3777400_2026-08-23T12:10:01.692868+00:00,-1.002,-1.002,-1.0,False
3778041_2026-08-23T12:55:43.634992+00:00,-1.002,-1.002000012,-1.0000060000000002,False
3778755_2026-08-23T13:55:43.599051+00:00,-1.002,-1.002,-1.0,False
3779082_2026-08-23T14:25:43.479105+00:00,-1.002,-1.001999998,-0.999999,False
3780858_2026-08-23T17:10:43.500635+00:00,-1.002,-1.002,-1.0,False
3781606_2026-08-23T17:55:01.826735+00:00,-1.002,-1.002000016,-1.000008,False
3782761_2026-08-23T18:55:43.346478+00:00,-1.002,-1.002000016,-1.000008,False
3783754_2026-08-23T19:10:43.437915+00:00,-1.002,-1.002000014,-1.0000069999999999,False
3785776_2026-08-23T19:55:43.240988+00:00,-1.002,-1.002,-1.0,False
3786212_2026-08-23T20:10:43.300363+00:00,-1.002,-1.001999998,-0.9999990000000001,False
3787256_2026-08-23T20:55:43.362148+00:00,-1.002,-1.002000016,-1.000008,False
3789257_2026-08-23T22:10:43.462890+00:00,-1.002,-1.001999984,-0.9999920000000001,False
3789447_2026-08-23T22:40:43.278548+00:00,-1.002,-1.002000016,-1.000008,False
3790043_2026-08-23T23:10:43.285755+00:00,-1.002,-1.002000004,-1.0000019999999998,False
3790142_2026-08-23T23:40:43.433286+00:00,-1.002,-1.001999988,-0.9999940000000002,False
3790589_2026-08-24T00:10:00.620598+00:00,-1.002,-1.00199997,-0.9999849999999999,False
3790635_2026-08-24T00:25:43.530609+00:00,-1.002,-1.001999998,-0.999999,False
3791083_2026-08-24T01:10:43.383651+00:00,-1.002,-1.002,-1.0,False
3791121_2026-08-24T01:25:43.461542+00:00,-1.002,-1.001999998,-0.999999,False
3791414_2026-08-24T01:55:43.408042+00:00,-1.002,-1.001999998,-0.999999,False
3791746_2026-08-24T03:10:43.414675+00:00,-1.002,-1.001999998,-0.9999990000000001,False
3791799_2026-08-24T03:40:43.311401+00:00,-1.002,-1.001999998,-0.999999,False
3793572_2026-08-24T04:40:43.535551+00:00,-1.002,-1.001999984,-0.9999920000000001,False
3796043_2026-08-24T05:25:43.318642+00:00,-1.002,-1.002,-1.0,False
3797061_2026-08-24T06:40:43.432050+00:00,-1.002,-1.002,-1.0,False
3797611_2026-08-24T07:25:09.543295+00:00,-1.002,-1.002,-1.0,False
3797761_2026-08-24T07:40:10.131914+00:00,-1.002,-1.002,-1.0,False
3798501_2026-08-24T08:25:09.646338+00:00,-1.002,-1.002,-1.0,False
3799391_2026-08-24T08:55:09.869363+00:00,-1.002,-1.001999998,-0.9999990000000001,False
3800019_2026-08-24T09:25:09.553935+00:00,1.5621,1.562100002,1.564101,False
3801329_2026-08-24T10:40:09.810615+00:00,-1.002,-1.002000016,-1.000008,False
3801534_2026-08-24T10:55:09.849184+00:00,-1.002,-1.001999998,-0.9999990000000001,False
3806905_2026-08-24T13:25:01.006638+00:00,-1.002,-1.002,-1.0,False
3807118_2026-08-24T13:40:01.149703+00:00,-1.002,-1.002,-1.0,False
3807866_2026-08-24T14:25:00.833797+00:00,4.2612,4.261199984,4.263192,False
3808346_2026-08-24T14:55:01.056901+00:00,-1.002,-1.002,-1.0,False
3808910_2026-08-24T15:55:16.491889+00:00,-1.002,-1.002000016,-1.0000079999999998,False
3809040_2026-08-24T15:40:05.342765+00:00,-1.002,-1.001999998,-0.999999,False
3810538_2026-08-24T16:40:16.676369+00:00,-1.002,-1.002,-1.0,False
3811902_2026-08-24T17:25:16.685695+00:00,-1.002,-1.002,-1.0,False
3813867_2026-08-24T18:40:16.887267+00:00,-1.002,-1.00200001,-1.0000049999999998,False
3819550_2026-08-24T19:25:16.604472+00:00,-1.002,-1.002,-1.0,False
3820440_2026-08-24T19:55:16.509307+00:00,-1.002,-1.002,-1.0,False
3822032_2026-08-24T20:55:16.776683+00:00,2.8442,2.844199976,2.8461879999999997,False
3822639_2026-08-24T21:25:16.576081+00:00,-1.002,-1.002,-1.0,False
3823405_2026-08-24T21:55:16.617581+00:00,2.3313,2.33130002,2.33331,False
3823565_2026-08-24T22:10:16.638337+00:00,-1.002,-1.002,-1.0,False
3823806_2026-08-24T22:25:16.853868+00:00,-1.002,-1.002000016,-1.000008,False
3825405_2026-08-24T22:55:16.557352+00:00,-1.002,-1.002000016,-1.000008,False
3827361_2026-08-24T23:55:16.558996+00:00,4.2612,4.261199984,4.263192,False
3827619_2026-08-25T00:25:16.759189+00:00,-1.002,-1.001999992,-0.9999959999999999,False
3828605_2026-08-25T01:10:16.593468+00:00,-1.002,-1.001999998,-0.9999990000000001,False
3829039_2026-08-25T01:55:16.638233+00:00,3.5435,3.54349998,3.54549,False
3829419_2026-08-25T02:55:16.563205+00:00,-1.002,-1.001999998,-0.999999,False
3829641_2026-08-25T03:25:16.784279+00:00,-1.002,-1.002,-1.0,False
3829819_2026-08-25T03:55:16.666911+00:00,-1.002,-1.002000016,-1.000008,False
3830426_2026-08-25T04:25:16.526403+00:00,-1.002,-1.002000016,-1.000008,False
3833594_2026-08-25T06:25:16.581879+00:00,-1.002,-1.002,-1.0,False
3833636_2026-08-25T06:40:16.691370+00:00,-1.002,-1.002,-1.0,False
3834642_2026-08-25T06:55:16.552580+00:00,4.8804,4.880399983999999,4.882391999999999,False
3834996_2026-08-25T07:25:16.702985+00:00,-1.002,-1.002000004,-1.0000019999999998,False
3835030_2026-08-25T07:40:16.830361+00:00,-1.002,-1.001999998,-0.999999,False
3836019_2026-08-25T08:40:16.757002+00:00,-1.002,-1.002,-1.0,False
3836372_2026-08-25T08:55:16.725720+00:00,-1.002,-1.001999998,-0.999999,False
3837011_2026-08-25T09:10:17.010630+00:00,-1.002,-1.002,-1.0,False
3839675_2026-08-25T11:10:16.548913+00:00,-1.002,-1.002,-1.0,False
3840167_2026-08-25T11:55:16.789883+00:00,-1.002,-1.002000004,-1.0000019999999998,False
3840215_2026-08-25T12:10:19.844420+00:00,-1.002,-1.002,-1.0,False
3840848_2026-08-25T12:25:16.645081+00:00,-1.002,-1.002,-1.0,False
3842409_2026-08-25T13:10:16.874738+00:00,-1.002,-1.002000012,-1.0000060000000002,False
3842518_2026-08-25T13:25:16.665592+00:00,-1.002,-1.001999998,-0.9999990000000001,False
3843125_2026-08-25T13:55:16.710467+00:00,-1.002,-1.002000012,-1.0000060000000002,False
3843460_2026-08-25T14:40:16.583173+00:00,-1.002,-1.002000012,-1.0000060000000002,False
3846577_2026-08-25T15:55:16.554506+00:00,1.9392,1.939199984,1.9411919999999998,False
3847143_2026-08-25T16:10:16.647672+00:00,-1.002,-1.002,-1.0,False
3847213_2026-08-25T16:25:16.870459+00:00,-1.002,-1.002,-1.0,False
3850064_2026-08-25T16:55:16.876391+00:00,-1.002,-1.002000004,-1.0000019999999998,False
3850143_2026-08-25T17:10:16.842954+00:00,-1.002,-1.001999998,-0.9999990000000001,False
3850265_2026-08-25T17:25:16.839944+00:00,-1.002,-1.001999998,-0.9999990000000001,False
3852164_2026-08-25T18:25:16.690469+00:00,-1.002,-1.002,-1.0,False
3852618_2026-08-25T18:40:16.806059+00:00,-1.002,-1.002,-1.0,False
3856048_2026-08-25T18:55:16.625409+00:00,-1.002,-1.002,-1.0,False
3857136_2026-08-25T19:10:17.308487+00:00,4.8804,4.880399983999999,4.882391999999999,False
3857226_2026-08-25T19:25:16.955674+00:00,-1.002,-1.001999984,-0.9999920000000001,False
3857654_2026-08-25T19:40:16.670000+00:00,-1.002,-1.002,-1.0,False
3858418_2026-08-25T20:10:16.888873+00:00,-1.002,-1.002,-1.0,False
3859659_2026-08-25T20:40:16.517463+00:00,-1.002,-1.001999998,-0.999999,False
3860070_2026-08-25T20:55:16.757374+00:00,-1.002,-1.002,-1.0,False
3860470_2026-08-25T21:10:16.601265+00:00,5.6647,5.66469999,5.666695,False
3860695_2026-08-25T21:55:16.531405+00:00,2.4463,2.446299986,2.4482930000000005,False
3861203_2026-08-25T22:25:16.810049+00:00,-1.002,-1.002000016,-1.000008,False
3861926_2026-08-25T23:10:16.688287+00:00,5.248,5.248,5.25,False
3862324_2026-08-25T23:40:16.764572+00:00,-1.002,-1.001999998,-0.9999990000000001,False
3862692_2026-08-25T23:55:16.850712+00:00,-1.002,-1.002000012,-1.0000060000000002,False
3862798_2026-08-26T00:10:18.748982+00:00,-1.002,-1.002,-1.0,False
3863094_2026-08-26T00:40:16.765535+00:00,-1.002,-1.002000004,-1.0000019999999998,False
3865061_2026-08-26T01:55:16.498384+00:00,-1.002,-1.001999998,-0.9999990000000001,False
3865263_2026-08-26T02:10:16.508541+00:00,-1.002,-1.002000016,-1.000008,False
3865560_2026-08-26T02:40:16.620841+00:00,-1.002,-1.002000024,-1.0000120000000001,False
3865638_2026-08-26T02:55:16.534885+00:00,-1.002,-1.001999998,-0.999999,False
3865789_2026-08-26T03:10:16.745902+00:00,-1.002,-1.002000016,-1.000008,False
3865908_2026-08-26T03:40:16.711123+00:00,1.498,1.498,1.5,False
3865987_2026-08-26T03:55:16.802582+00:00,1.5621,1.562100002,1.564101,False
3866577_2026-08-26T04:10:16.904879+00:00,-1.002,-1.002000016,-1.000008,False
3869931_2026-08-26T08:25:16.811727+00:00,-1.002,-1.002000012,-1.0000060000000002,False
3870000_2026-08-26T08:40:16.557494+00:00,-1.002,-1.001999998,-0.9999990000000001,False
3870333_2026-08-26T09:40:16.637340+00:00,-1.002,-1.001999998,-0.999999,False
3870446_2026-08-26T10:10:16.568558+00:00,8.998,8.998,9.0,False
3870851_2026-08-26T11:10:16.576459+00:00,-1.002,-1.001999998,-0.9999990000000001,False
3871168_2026-08-26T11:40:16.544903+00:00,-1.002,-1.002,-1.0,False
3871593_2026-08-26T12:10:19.000486+00:00,-1.002,-1.001999998,-0.9999990000000001,False
3872891_2026-08-26T13:10:17.110723+00:00,-1.002,-1.001999998,-0.999999,False
3872928_2026-08-26T13:25:16.686951+00:00,-1.002,-1.002000012,-1.0000060000000002,False
3873280_2026-08-26T13:55:16.933716+00:00,-1.002,-1.002,-1.0,False
3873638_2026-08-26T14:25:16.979403+00:00,-1.002,-1.002000016,-1.0000079999999998,False
3873810_2026-08-26T14:40:16.589589+00:00,-1.002,-1.001999996,-0.9999979999999999,False
3874022_2026-08-26T14:55:16.814391+00:00,-1.002,-1.001999998,-0.999999,False
3874741_2026-08-26T15:40:16.902434+00:00,-1.002,-1.002,-1.0,False
3875804_2026-08-26T16:40:21.395853+00:00,-1.002,-1.00200002,-1.0000099999999998,False
3877292_2026-08-26T17:55:11.848486+00:00,-1.002,-1.00200001,-1.0000049999999998,False
3880111_2026-08-26T18:25:11.880811+00:00,-1.002,-1.002,-1.0,False
3880268_2026-08-26T18:40:11.832168+00:00,-1.002,-1.001999998,-0.9999990000000001,False
3884410_2026-08-26T19:10:11.910203+00:00,-1.002,-1.001999998,-0.999999,False
3884536_2026-08-26T19:25:11.749997+00:00,7.3313,7.331300008,7.333304,False
3885026_2026-08-26T19:40:12.101655+00:00,-1.002,-1.001999998,-0.999999,False
3886801_2026-08-26T20:25:11.901342+00:00,-1.002,-1.002000014,-1.0000069999999999,False
3886991_2026-08-26T20:40:11.717520+00:00,1.5621,1.562100002,1.564101,False
3888527_2026-08-26T22:40:12.026790+00:00,-1.002,-1.002,-1.0,False
3888751_2026-08-26T22:55:11.766337+00:00,3.3458,3.3458000119999998,3.3478060000000003,False
3889047_2026-08-26T23:10:11.726288+00:00,-1.002,-1.002,-1.0,False
3890304_2026-08-27T00:10:13.445602+00:00,-1.002,-1.002000016,-1.000008,False
3890967_2026-08-27T00:40:11.712180+00:00,1.498,1.498,1.5,False
3894224_2026-08-27T00:55:11.649437+00:00,-1.002,-1.002,-1.0,False
3894877_2026-08-27T01:40:11.756157+00:00,-1.002,-1.002000016,-1.0000079999999998,False
3895115_2026-08-27T02:25:11.906598+00:00,-1.002,-1.001999998,-0.999999,False
3895818_2026-08-27T03:40:04.105988+00:00,-1.002,-1.002,-1.0,False
3895946_2026-08-27T03:55:04.088988+00:00,-1.002,-1.001999992,-0.9999959999999999,False
3896446_2026-08-27T04:25:03.925637+00:00,-1.002,-1.001999998,-0.999999,False
3896982_2026-08-27T04:40:04.145452+00:00,5.248,5.248,5.25,False
3897388_2026-08-27T04:55:04.057143+00:00,-1.002,-1.001999992,-0.9999959999999999,False
3897907_2026-08-27T05:10:03.948620+00:00,-1.002,-1.00200001,-1.0000049999999998,False
3898387_2026-08-27T06:10:05.225855+00:00,-1.002,-1.001999998,-0.9999990000000001,False
3899006_2026-08-27T07:10:04.017643+00:00,-1.002,-1.001999998,-0.999999,False
3899091_2026-08-27T07:25:04.737281+00:00,-1.002,-1.002,-1.0,False
3899968_2026-08-27T08:55:07.805924+00:00,-1.002,-1.002,-1.0,False
3900215_2026-08-27T09:40:07.796978+00:00,-1.002,-1.002,-1.0,False
3900319_2026-08-27T09:55:07.658968+00:00,-1.002,-1.001999998,-0.999999,False
3900466_2026-08-27T10:25:07.566564+00:00,-1.002,-1.001999992,-0.9999959999999999,False
3900507_2026-08-27T10:40:07.555589+00:00,-1.002,-1.001999998,-0.9999990000000001,False
3900640_2026-08-27T10:55:07.719042+00:00,-1.002,-1.001999998,-0.9999990000000001,False
3901064_2026-08-27T11:40:07.710821+00:00,-1.002,-1.002,-1.0,False
3901289_2026-08-27T12:10:09.450828+00:00,1.5621,1.562100002,1.564101,False
3901484_2026-08-27T12:40:07.587589+00:00,-1.002,-1.0020000024,-1.0000012,False
3902108_2026-08-27T13:40:07.815386+00:00,-1.002,-1.001999988,-0.9999940000000002,False
3902389_2026-08-27T14:10:07.511371+00:00,-1.002,-1.001999998,-0.9999990000000001,False
3903008_2026-08-27T14:55:08.155805+00:00,-1.002,-1.002,-1.0,False
3903362_2026-08-27T15:25:07.739996+00:00,-1.002,-1.002,-1.0,False
3903566_2026-08-27T15:40:07.480476+00:00,-1.002,-1.002,-1.0,False
3903648_2026-08-27T15:55:07.521781+00:00,-1.002,-1.002,-1.0,False
3903851_2026-08-27T16:10:07.897319+00:00,4.8804,4.880399983999999,4.882391999999999,False
3903993_2026-08-27T16:40:07.542126+00:00,1.9392,1.939199984,1.9411919999999998,False
3904102_2026-08-27T16:55:07.500527+00:00,-1.002,-1.001999998,-0.999999,False
3904380_2026-08-27T17:40:07.765573+00:00,-1.002,-1.001999998,-0.9999990000000001,False
3905237_2026-08-27T18:10:10.085919+00:00,-1.002,-1.001999998,-0.999999,False
3905472_2026-08-27T18:25:07.789403+00:00,-1.002,-1.001999998,-0.999999,False
3910453_2026-08-27T19:25:07.480941+00:00,-1.002,-1.002000016,-1.0000079999999998,False
3910705_2026-08-27T19:40:07.558722+00:00,-1.002,-1.002,-1.0,False
3912437_2026-08-27T20:55:07.581666+00:00,2.998,2.998,3.0,False
3912674_2026-08-27T21:10:07.870600+00:00,1.498,1.498,1.5,False
3912747_2026-08-27T21:25:07.621335+00:00,-1.002,-1.002000016,-1.000008,False
3916166_2026-08-27T23:10:07.828381+00:00,-1.002,-1.002000016,-1.000008,False
3916327_2026-08-27T23:40:07.842531+00:00,-1.002,-1.002,-1.0,False
3916999_2026-08-28T00:10:08.357043+00:00,-1.002,-1.002000016,-1.000008,False
3923442_2026-08-28T01:40:07.592621+00:00,-1.002,-1.002,-1.0,False
3923528_2026-08-28T01:55:07.672181+00:00,-1.002,-1.002,-1.0,False
3923809_2026-08-28T02:10:07.481920+00:00,-1.002,-1.002000016,-1.0000079999999998,False
3923879_2026-08-28T02:25:07.534207+00:00,-1.002,-1.001999998,-0.9999990000000001,False
3924384_2026-08-28T02:55:07.641394+00:00,-1.002,-1.002000016,-1.0000079999999998,False
3924496_2026-08-28T03:10:07.659760+00:00,-1.002,-1.001999998,-0.9999990000000001,False
3924771_2026-08-28T03:40:07.462755+00:00,-1.002,-1.002,-1.0,False
3925291_2026-08-28T04:10:07.859774+00:00,23.998,23.998,24.0,False
3925856_2026-08-28T04:40:07.464823+00:00,-1.002,-1.002,-1.0,False
3926245_2026-08-28T04:55:07.752310+00:00,-1.002,-1.002000016,-1.000008,False
3926727_2026-08-28T05:10:07.680749+00:00,-1.002,-1.002,-1.0,False
3927427_2026-08-28T06:25:07.476723+00:00,-1.002,-1.002000016,-1.000008,False
3927946_2026-08-28T07:10:07.767832+00:00,-1.002,-1.002,-1.0,False
3928155_2026-08-28T07:40:07.823497+00:00,-1.002,-1.001999998,-0.999999,False
3928776_2026-08-28T08:40:13.472588+00:00,-1.002,-1.002,-1.0,False
3928845_2026-08-28T08:55:07.606084+00:00,-1.002,-1.001999998,-0.999999,False
3929008_2026-08-28T09:10:07.825077+00:00,-1.002,-1.001999998,-0.999999,False
3929329_2026-08-28T10:10:08.098936+00:00,-1.002,-1.002,-1.0,False
3929370_2026-08-28T10:25:07.806668+00:00,3.3458,3.3458000119999998,3.3478060000000003,False
3930036_2026-08-28T11:40:07.505442+00:00,-1.002,-1.001999998,-0.999999,False
3930180_2026-08-28T11:55:07.796961+00:00,-1.002,-1.002000024,-1.0000120000000001,False
3930693_2026-08-28T12:40:07.692534+00:00,-1.002,-1.001999998,-0.999999,False
3931132_2026-08-28T13:10:07.776483+00:00,-1.002,-1.002,-1.0,False
3931182_2026-08-28T13:25:10.312794+00:00,-1.002,-1.002000012,-1.0000060000000002,False
3931280_2026-08-28T13:40:11.165231+00:00,-1.002,-1.002,-1.0,False
3931452_2026-08-28T14:10:07.959629+00:00,-1.002,-1.002,-1.0,False
3932197_2026-08-28T15:10:07.561448+00:00,-1.002,-1.002,-1.0,False
3932413_2026-08-28T15:40:07.593848+00:00,-1.002,-1.001999998,-0.9999990000000001,False
3932534_2026-08-28T15:55:07.472916+00:00,-1.002,-1.001999998,-0.999999,False
3933106_2026-08-28T16:10:07.742377+00:00,-1.002,-1.002,-1.0,False
3934019_2026-08-28T16:55:07.589079+00:00,-1.002,-1.002000016,-1.000008,False
3934678_2026-08-28T17:25:07.741430+00:00,1.498,1.498,1.5,False
3934864_2026-08-28T17:40:07.681853+00:00,-1.002,-1.001999998,-0.999999,False
3935555_2026-08-28T18:10:08.689448+00:00,-1.002,-1.002000012,-1.0000060000000002,False
3935943_2026-08-28T18:25:52.760316+00:00,-1.002,-1.001999998,-0.999999,False
3936007_2026-08-28T18:40:07.526766+00:00,-1.002,-1.002,-1.0,False
3937880_2026-08-28T19:40:07.479450+00:00,-1.002,-1.002,-1.0,False
3938083_2026-08-28T19:55:07.563930+00:00,-1.002,-1.002000012,-1.0000060000000002,False
3939646_2026-08-28T20:25:07.566913+00:00,-1.002,-1.002,-1.0,False
3939835_2026-08-28T20:40:07.959345+00:00,-1.002,-1.002,-1.0,False
3939928_2026-08-28T20:55:07.656389+00:00,-1.002,-1.002000016,-1.0000079999999998,False
3940012_2026-08-28T21:10:07.476597+00:00,-1.002,-1.001999998,-0.9999990000000001,False
3940267_2026-08-28T21:55:07.641923+00:00,-1.002,-1.002,-1.0,False
3940976_2026-08-28T23:10:07.703669+00:00,1.6296,1.629599984,1.6315920000000002,False
3941077_2026-08-28T23:25:07.465700+00:00,-1.002,-1.001999998,-0.999999,False
3941589_2026-08-29T00:40:07.464326+00:00,-1.002,-1.002,-1.0,False
3942516_2026-08-29T01:10:07.831291+00:00,-1.002,-1.001999998,-0.999999,False
3942978_2026-08-29T01:55:07.572188+00:00,-1.002,-1.002000016,-1.000008,False
3943039_2026-08-29T02:10:07.629621+00:00,-1.002,-1.001999998,-0.999999,False
3943503_2026-08-29T03:25:07.762089+00:00,-1.002,-1.002000016,-1.000008,False
3943660_2026-08-29T03:40:07.648869+00:00,-1.002,-1.001999998,-0.999999,False
3943757_2026-08-29T03:55:07.755734+00:00,-1.002,-1.001999998,-0.999999,False
3945990_2026-08-29T05:25:07.640969+00:00,-1.002,-1.001999998,-0.9999990000000001,False
3947958_2026-08-29T05:55:07.556292+00:00,-1.002,-1.002,-1.0,False
3948435_2026-08-29T06:10:08.574813+00:00,-1.002,-1.002,-1.0,False
3948510_2026-08-29T06:25:07.752463+00:00,-1.002,-1.002,-1.0,False
3948743_2026-08-29T06:55:07.477968+00:00,3.3458,3.3458000119999998,3.3478060000000003,False
3948798_2026-08-29T07:10:07.621285+00:00,3.7599,3.7599000019999997,3.761901,False
3949439_2026-08-29T08:10:07.522302+00:00,-1.002,-1.002,-1.0,False
3949656_2026-08-29T08:40:07.766457+00:00,-1.002,-1.00200001,-1.0000049999999998,False
3949838_2026-08-29T09:10:07.775171+00:00,2.5694,2.5694000160000003,2.571408,False
3950066_2026-08-29T09:55:07.616861+00:00,-1.002,-1.002000024,-1.0000120000000001,False
3950115_2026-08-29T10:10:07.698928+00:00,-1.002,-1.0020000008,-1.0000004,False
3950510_2026-08-29T11:10:07.561707+00:00,3.3458,3.3458000119999998,3.3478060000000003,False
3950618_2026-08-29T11:25:07.575721+00:00,-1.002,-1.002,-1.0,False
3950988_2026-08-29T11:40:07.935549+00:00,-1.002,-1.002000016,-1.000008,False
3951146_2026-08-29T11:55:07.577592+00:00,-1.002,-1.001999984,-0.9999920000000001,False
3951422_2026-08-29T12:25:07.866587+00:00,-1.002,-1.002,-1.0,False
3951629_2026-08-29T12:40:07.553442+00:00,-1.002,-1.002000014,-1.0000069999999999,False
3951986_2026-08-29T12:55:07.860440+00:00,3.7599,3.7599000019999997,3.761901,False
3952398_2026-08-29T14:10:07.660878+00:00,-1.002,-1.002,-1.0,False
3953042_2026-08-29T15:10:07.885131+00:00,-1.002,-1.002,-1.0,False
3953344_2026-08-29T15:40:07.482045+00:00,-1.002,-1.001999998,-0.9999990000000001,False
3953859_2026-08-29T16:25:07.477584+00:00,-1.002,-1.00199998,-0.9999899999999999,False
3954821_2026-08-29T17:25:07.551166+00:00,-1.002,-1.002,-1.0,False
3954914_2026-08-29T17:40:07.563209+00:00,3.3458,3.3458000119999998,3.3478060000000003,False
3955449_2026-08-29T17:55:07.662456+00:00,1.8551,1.85510003,1.857115,False
3957213_2026-08-29T19:25:07.461938+00:00,-1.002,-1.001999998,-0.9999990000000001,False
3957448_2026-08-29T19:40:07.742572+00:00,6.6903,6.690300002000001,6.6923010000000005,False
3957878_2026-08-29T19:55:07.628808+00:00,-1.002,-1.002,-1.0,False
3960011_2026-08-29T20:25:07.477997+00:00,-1.002,-1.002000014,-1.0000069999999999,False
3960218_2026-08-29T20:40:07.752811+00:00,-1.002,-1.002000012,-1.0000060000000002,False
3960548_2026-08-29T21:25:07.809629+00:00,-1.002,-1.001999992,-0.9999959999999999,False
3960669_2026-08-29T21:40:07.833252+00:00,-1.002,-1.00200001,-1.0000049999999998,False
3961854_2026-08-29T22:25:07.680429+00:00,2.2238,2.223800004,2.225802,False
3962764_2026-08-29T23:25:07.777580+00:00,2.2238,2.223800004,2.225802,False
3963589_2026-08-30T00:10:09.349967+00:00,-1.002,-1.001999998,-0.9999990000000001,False
3964423_2026-08-30T01:10:07.483958+00:00,-1.002,-1.001999998,-0.999999,False
3964600_2026-08-30T01:25:07.623549+00:00,-1.002,-1.002,-1.0,False
3965115_2026-08-30T02:25:07.800934+00:00,-1.002,-1.002000016,-1.000008,False
3965473_2026-08-30T03:10:07.760542+00:00,-1.002,-1.001999996,-0.9999979999999999,False
3965647_2026-08-30T03:55:07.629155+00:00,-1.002,-1.001999998,-0.999999,False
3966290_2026-08-30T04:25:07.519170+00:00,-1.002,-1.001999998,-0.9999990000000001,False
3966836_2026-08-30T04:40:07.463112+00:00,-1.002,-1.001999998,-0.999999,False
3967925_2026-08-30T05:25:07.782896+00:00,-1.002,-1.00199998,-0.9999899999999999,False
3968013_2026-08-30T05:40:07.710190+00:00,-1.002,-1.002,-1.0,False
3968106_2026-08-30T05:55:07.541664+00:00,-1.002,-1.002000016,-1.000008,False
3968362_2026-08-30T06:10:08.899722+00:00,-1.002,-1.001999998,-0.999999,False
3968814_2026-08-30T07:10:07.749231+00:00,-1.002,-1.002,-1.0,False
3968860_2026-08-30T07:25:07.561703+00:00,-1.002,-1.002000004,-1.0000019999999998,False
3969078_2026-08-30T07:40:07.561175+00:00,-1.002,-1.001999998,-0.9999990000000001,False
3970441_2026-08-30T09:25:07.654408+00:00,-1.002,-1.002,-1.0,False
3970503_2026-08-30T09:40:11.178716+00:00,4.8804,4.880399983999999,4.882391999999999,False
3970586_2026-08-30T09:55:07.786790+00:00,-1.002,-1.002,-1.0,False
3972179_2026-08-30T11:40:07.715351+00:00,-1.002,-1.001999998,-0.999999,False
3972338_2026-08-30T11:55:07.532504+00:00,-1.002,-1.002,-1.0,False
3972552_2026-08-30T12:25:39.850970+00:00,-1.002,-1.002,-1.0,False
3972983_2026-08-30T12:55:39.947548+00:00,1.6296,1.629599984,1.6315920000000002,False
3973301_2026-08-30T13:10:40.092067+00:00,-1.002,-1.001999998,-0.9999990000000001,False
3973569_2026-08-30T13:40:40.136588+00:00,1.9392,1.939199984,1.9411919999999998,False
3974010_2026-08-30T14:25:39.806808+00:00,-1.002,-1.002000016,-1.000008,False
3974210_2026-08-30T14:40:40.119372+00:00,-1.002,-1.001999998,-0.999999,False
3975459_2026-08-30T15:55:40.027014+00:00,-1.002,-1.00200001,-1.0000049999999998,False
3977459_2026-08-30T17:55:39.970744+00:00,-1.002,-1.001999998,-0.999999,False
3980361_2026-08-30T18:55:40.133158+00:00,-1.002,-1.001999998,-0.999999,False
3981172_2026-08-30T19:10:39.976139+00:00,-1.002,-1.002000012,-1.0000060000000002,False
3982432_2026-08-30T19:25:39.915190+00:00,-1.002,-1.001999998,-0.999999,False
3982552_2026-08-30T19:40:40.023526+00:00,-1.002,-1.002,-1.0,False
3984119_2026-08-30T21:10:39.995446+00:00,-1.002,-1.002,-1.0,False
3985075_2026-08-30T21:40:40.059877+00:00,-1.002,-1.002000016,-1.000008,False
3985778_2026-08-30T22:10:39.885589+00:00,-1.002,-1.001999984,-0.9999920000000001,False
3985848_2026-08-30T22:25:39.983495+00:00,-1.002,-1.0020000016,-1.0000007999999998,False
3986223_2026-08-30T22:55:39.843127+00:00,-1.002,-1.001999998,-0.9999990000000001,False
3986579_2026-08-30T23:10:40.068924+00:00,-1.002,-1.002000014,-1.0000069999999999,False
3986615_2026-08-30T23:25:39.878098+00:00,-1.002,-1.001999998,-0.999999,False
3986692_2026-08-30T23:40:40.334012+00:00,-1.002,-1.001999998,-0.999999,False
3987711_2026-08-31T00:10:42.065216+00:00,32.3313,32.331300002,32.333301,False
3988214_2026-08-31T01:10:39.954476+00:00,-1.002,-1.002,-1.0,False
3988564_2026-08-31T01:55:39.871937+00:00,-1.002,-1.001999998,-0.999999,False
3988732_2026-08-31T02:25:39.948461+00:00,-1.002,-1.001999998,-0.999999,False
3988815_2026-08-31T02:40:39.885802+00:00,-1.002,-1.002,-1.0,False
3989202_2026-08-31T03:55:40.131187+00:00,-1.002,-1.002,-1.0,False
3990239_2026-08-31T04:10:39.838334+00:00,-1.002,-1.002,-1.0,False
3990345_2026-08-31T04:25:39.884139+00:00,-1.002,-1.00200002,-1.0000099999999998,False
3993580_2026-08-31T05:40:39.841664+00:00,-1.002,-1.001999998,-0.9999990000000001,False
3993843_2026-08-31T06:10:42.594099+00:00,-1.002,-1.001999984,-0.9999920000000001,False
3993951_2026-08-31T06:40:40.180431+00:00,1.8551,1.85510003,1.857115,False
3998517_2026-08-31T11:10:40.261902+00:00,-1.002,-1.001999998,-0.9999990000000001,False
3998886_2026-08-31T11:25:39.805187+00:00,-1.002,-1.001999998,-0.9999990000000001,False
3999041_2026-08-31T11:40:40.080854+00:00,-1.002,-1.002,-1.0,False
3999887_2026-08-31T11:55:39.850490+00:00,-1.002,-1.00200001,-1.0000049999999998,False
4001259_2026-08-31T12:55:40.008199+00:00,2.8442,2.844199976,2.8461879999999997,False
4001543_2026-08-31T13:25:40.153039+00:00,-1.002,-1.002,-1.0,False
4002005_2026-08-31T13:55:39.845124+00:00,-1.002,-1.001999998,-0.999999,False
4002579_2026-08-31T14:25:40.235303+00:00,7.3313,7.331300008,7.333304,False
4003254_2026-08-31T14:55:40.411857+00:00,-1.002,-1.002000004,-1.0000019999999998,False
4003530_2026-08-31T15:10:40.114415+00:00,-1.002,-1.001999998,-0.999999,False
4003877_2026-08-31T15:55:40.106147+00:00,-1.002,-1.001999992,-0.9999959999999999,False
4004538_2026-08-31T16:25:40.078480+00:00,-1.002,-1.002000024,-1.0000120000000001,False
4004629_2026-08-31T16:40:39.802447+00:00,1.9392,1.939199984,1.9411919999999998,False
4007862_2026-08-31T18:10:43.517047+00:00,8.998,8.998,9.0,False
4008308_2026-08-31T18:55:39.977958+00:00,-1.002,-1.002,-1.0,False
4010521_2026-08-31T19:40:40.044340+00:00,-1.002,-1.002000016,-1.000008,False
4010885_2026-08-31T19:55:40.231988+00:00,-1.002,-1.001999998,-0.9999990000000001,False
4011374_2026-08-31T20:40:40.199290+00:00,-1.002,-1.002,-1.0,False
4013294_2026-08-31T21:55:39.797935+00:00,-1.002,-1.001999998,-0.9999990000000001,False
4013552_2026-08-31T22:10:40.081046+00:00,-1.002,-1.001999988,-0.9999940000000002,False
4013664_2026-08-31T22:25:39.903992+00:00,-1.002,-1.002,-1.0,False
4013830_2026-08-31T22:40:40.065748+00:00,-1.002,-1.001999998,-0.999999,False
4013911_2026-08-31T22:55:40.008186+00:00,-1.002,-1.002,-1.0,False
4014140_2026-08-31T23:10:40.143819+00:00,-1.002,-1.001999998,-0.999999,False
4015838_2026-09-01T01:55:39.803473+00:00,-1.002,-1.002,-1.0,False
4015973_2026-09-01T02:10:39.797035+00:00,-1.002,-1.002,-1.0,False
4016352_2026-09-01T03:25:39.879563+00:00,2.8442,2.844199976,2.8461879999999997,False
4016574_2026-09-01T03:55:39.833590+00:00,-1.002,-1.001999998,-0.999999,False
4017711_2026-09-01T04:40:43.422220+00:00,-1.002,-1.002,-1.0,False
4019024_2026-09-01T05:25:43.376676+00:00,1.9392,1.939199984,1.9411919999999998,False
4020001_2026-09-01T06:10:01.667633+00:00,-1.002,-1.002,-1.0,False
4020652_2026-09-01T06:55:02.252934+00:00,-1.002,-1.002,-1.0,False
4021671_2026-09-01T07:40:20.748325+00:00,-1.002,-1.001999998,-0.999999,False
4021980_2026-09-01T08:25:21.436378+00:00,-1.002,-1.002,-1.0,False
4022175_2026-09-01T08:55:21.161175+00:00,-1.002,-1.001999998,-0.9999990000000001,False
4022619_2026-09-01T09:40:20.723948+00:00,2.3313,2.33130002,2.33331,False
4022871_2026-09-01T09:55:20.693851+00:00,-1.002,-1.002,-1.0,False
4023651_2026-09-01T10:10:20.861192+00:00,-1.002,-1.001999992,-0.9999959999999999,False
4024006_2026-09-01T10:55:20.688556+00:00,-1.002,-1.002,-1.0,False
4024127_2026-09-01T11:10:21.106471+00:00,-1.002,-1.002,-1.0,False
4024248_2026-09-01T11:25:21.024561+00:00,2.3313,2.33130002,2.33331,False
4025066_2026-09-01T12:25:31.942744+00:00,-1.002,-1.002,-1.0,False
4025259_2026-09-01T12:40:30.180655+00:00,-1.002,-1.002,-1.0,False
4026491_2026-09-01T13:10:30.527999+00:00,-1.002,-1.002000004,-1.0000019999999998,False
4027932_2026-09-01T13:40:30.378615+00:00,-1.002,-1.002,-1.0,False
4030588_2026-09-01T14:55:30.174618+00:00,-1.002,-1.002,-1.0,False
4035147_2026-09-01T16:10:30.153857+00:00,-1.002,-1.002,-1.0,False
4035224_2026-09-01T16:25:30.125757+00:00,-1.002,-1.001999998,-0.9999990000000001,False
4035709_2026-09-01T16:40:30.368562+00:00,-1.002,-1.002,-1.0,False
4036604_2026-09-01T17:10:30.356071+00:00,-1.002,-1.001999998,-0.9999990000000001,False
4038601_2026-09-01T18:10:32.072065+00:00,-1.002,-1.001999998,-0.999999,False
4038616_2026-09-01T17:55:30.647671+00:00,-1.002,-1.001999998,-0.999999,False
4038685_2026-09-01T18:25:30.190236+00:00,-1.002,-1.002000004,-1.0000019999999998,False
4038993_2026-09-01T18:40:30.202638+00:00,-1.002,-1.001999998,-0.999999,False
4040302_2026-09-01T19:40:33.612458+00:00,-1.002,-1.002,-1.0,False
4043343_2026-09-01T19:55:30.485619+00:00,-1.002,-1.001999998,-0.999999,False
4045243_2026-09-01T21:10:30.244554+00:00,-1.002,-1.002,-1.0,False
4045382_2026-09-01T21:40:30.162857+00:00,-1.002,-1.001999998,-0.999999,False
4045958_2026-09-01T22:25:30.392955+00:00,-1.002,-1.001999998,-0.9999990000000001,False
4047525_2026-09-01T23:55:30.301281+00:00,-1.002,-1.002,-1.0,False
4047664_2026-09-02T00:10:33.002613+00:00,-1.002,-1.002,-1.0,False
4047711_2026-09-02T00:25:30.142783+00:00,-1.002,-1.002,-1.0,False
4047756_2026-09-02T00:40:30.195607+00:00,-1.002,-1.002,-1.0,False
4048108_2026-09-02T00:55:30.047507+00:00,-1.002,-1.002000012,-1.0000060000000002,False
4048387_2026-09-02T01:25:30.253342+00:00,-1.002,-1.00200002,-1.0000099999999998,False
4052518_2026-09-02T05:10:30.542145+00:00,8.998,8.998,9.0,False
4052821_2026-09-02T05:40:30.374859+00:00,-1.002,-1.001999992,-0.9999959999999999,False
4054244_2026-09-02T06:55:30.397677+00:00,-1.002,-1.001999998,-0.9999990000000001,False
4054419_2026-09-02T07:25:30.119651+00:00,-1.002,-1.001999998,-0.999999,False
4054835_2026-09-02T07:55:30.616529+00:00,-1.002,-1.002,-1.0,False
4055531_2026-09-02T08:25:30.300841+00:00,-1.002,-1.002000004,-1.0000019999999998,False
4055623_2026-09-02T08:40:30.332009+00:00,-1.002,-1.002,-1.0,False
4056497_2026-09-02T08:55:30.074170+00:00,-1.002,-1.002,-1.0,False
4056859_2026-09-02T09:25:30.151698+00:00,-1.002,-1.002,-1.0,False
4056898_2026-09-02T09:40:30.349622+00:00,-1.002,-1.002,-1.0,False
4057360_2026-09-02T10:10:30.137492+00:00,-1.002,-1.002,-1.0,False
4057740_2026-09-02T10:40:30.419477+00:00,7.3313,7.331300008,7.333304,False
4058167_2026-09-02T10:55:30.385352+00:00,2.8442,2.844199976,2.8461879999999997,False
4058318_2026-09-02T11:25:30.287388+00:00,-1.002,-1.002,-1.0,False
4059625_2026-09-02T13:40:30.301808+00:00,18.998,18.998,19.0,False
4059773_2026-09-02T13:55:30.467705+00:00,-1.002,-1.001999998,-0.999999,False
4060018_2026-09-02T14:25:30.305062+00:00,3.1647,3.164699984,3.166692,False
4060072_2026-09-02T14:40:30.184758+00:00,-1.002,-1.002,-1.0,False
4060714_2026-09-02T14:55:30.354179+00:00,-1.002,-1.002000004,-1.0000019999999998,False
4060792_2026-09-02T15:10:30.142866+00:00,-1.002,-1.001999998,-0.999999,False
4061114_2026-09-02T15:55:30.113542+00:00,-1.002,-1.002000016,-1.000008,False
4062517_2026-09-02T16:40:30.065758+00:00,-1.002,-1.001999998,-0.999999,False
4063461_2026-09-02T16:55:30.315132+00:00,-1.002,-1.001999998,-0.9999990000000001,False
4063586_2026-09-02T17:10:30.221646+00:00,-1.002,-1.002000016,-1.000008,False
4063776_2026-09-02T17:25:30.334085+00:00,-1.002,-1.001999998,-0.999999,False
4065331_2026-09-02T18:40:19.171559+00:00,-1.002,-1.002,-1.0,False
4068072_2026-09-02T19:25:16.545432+00:00,-1.002,-1.002,-1.0,False
4069626_2026-09-02T19:55:15.800766+00:00,3.998,3.998,4.0,False
4077044_2026-09-02T21:10:15.537525+00:00,-1.002,-1.002000012,-1.0000060000000002,False
4077600_2026-09-02T21:25:15.489304+00:00,-1.002,-1.001999998,-0.999999,False
4080603_2026-09-02T21:55:15.759659+00:00,-1.002,-1.002,-1.0,False
4082750_2026-09-02T22:25:15.726514+00:00,-1.002,-1.002,-1.0,False
4086900_2026-09-02T22:55:15.488928+00:00,-1.002,-1.002,-1.0,False
4088574_2026-09-02T23:25:15.483031+00:00,-1.002,-1.001999998,-0.9999990000000001,False
4091627_2026-09-02T23:40:15.590875+00:00,-1.002,-1.002,-1.0,False
4093831_2026-09-03T00:10:17.944157+00:00,-1.002,-1.002,-1.0,False
4094661_2026-09-03T00:25:15.595842+00:00,-1.002,-1.002,-1.0,False
4096511_2026-09-03T00:55:15.675671+00:00,-1.002,-1.001999998,-0.9999990000000001,False
4098128_2026-09-03T01:25:15.872437+00:00,-1.002,-1.002000016,-1.000008,False
4100364_2026-09-03T02:10:15.597965+00:00,3.1647,3.164699984,3.166692,False
4102972_2026-09-03T03:10:15.764984+00:00,10.1091,10.109100002,10.111101,False
4103120_2026-09-03T03:25:15.672947+00:00,-1.002,-1.001999992,-0.9999959999999999,False
4103912_2026-09-03T03:40:15.511381+00:00,-1.002,-1.001999998,-0.999999,False
4105509_2026-09-03T04:25:15.570967+00:00,-1.002,-1.001999998,-0.999999,False
4108243_2026-09-03T05:10:15.728723+00:00,-1.002,-1.001999998,-0.999999,False
4111765_2026-09-03T06:10:16.930661+00:00,-1.002,-1.001999998,-0.999999,False
4113699_2026-09-03T06:55:15.867404+00:00,2.3313,2.33130002,2.33331,False
4114920_2026-09-03T07:25:15.688334+00:00,-1.002,-1.002,-1.0,False
4116599_2026-09-03T08:25:15.589466+00:00,3.1647,3.164699984,3.166692,False
4116646_2026-09-03T08:40:15.875146+00:00,-1.002,-1.002000016,-1.000008,False
4116852_2026-09-03T08:55:15.618108+00:00,-1.002,-1.002000016,-1.000008,False
4117184_2026-09-03T09:25:15.509618+00:00,-1.002,-1.001999998,-0.9999990000000001,False
4117916_2026-09-03T09:40:15.979518+00:00,-1.002,-1.001999988,-0.9999940000000002,False
4117980_2026-09-03T09:55:15.501780+00:00,-1.002,-1.002000004,-1.0000019999999998,False
4120581_2026-09-03T10:40:15.547772+00:00,-1.002,-1.002000004,-1.0000019999999998,False
4125152_2026-09-03T11:55:15.644023+00:00,1.6296,1.629599984,1.6315920000000002,False
4127150_2026-09-03T12:25:15.601946+00:00,-1.002,-1.002000012,-1.0000060000000002,False
4130471_2026-09-03T13:10:15.655005+00:00,-1.002,-1.002000016,-1.000008,False
4133930_2026-09-03T13:55:15.662358+00:00,-1.002,-1.002,-1.0,False
4144832_2026-09-03T16:10:15.629681+00:00,-1.002,-1.001999998,-0.999999,False
4145755_2026-09-03T16:25:15.564016+00:00,-1.002,-1.002,-1.0,False
4175048_2026-09-03T21:25:15.901855+00:00,4.2612,4.261199984,4.263192,False
4175116_2026-09-03T21:40:15.675522+00:00,-1.002,-1.001999996,-0.9999979999999999,False
4176050_2026-09-03T22:10:15.709861+00:00,-1.002,-1.002000004,-1.0000019999999998,False
4176169_2026-09-03T22:25:15.490060+00:00,-1.002,-1.002,-1.0,False
4176886_2026-09-03T22:55:15.719440+00:00,-1.002,-1.001999998,-0.9999990000000001,False
4178367_2026-09-04T00:10:17.197613+00:00,-1.002,-1.001999996,-0.9999979999999999,False
4178637_2026-09-04T00:55:15.631154+00:00,-1.002,-1.002000004,-1.0000019999999998,False
4178973_2026-09-04T01:25:15.965344+00:00,-1.002,-1.001999998,-0.999999,False
4179402_2026-09-04T02:10:15.911203+00:00,-1.002,-1.002,-1.0,False
4179569_2026-09-04T02:25:15.488603+00:00,-1.002,-1.002,-1.0,False
4180227_2026-09-04T03:25:15.653018+00:00,-1.002,-1.002,-1.0,False
4180271_2026-09-04T03:40:15.788266+00:00,1.5621,1.562100002,1.564101,False
4182463_2026-09-04T05:10:15.825583+00:00,-1.002,-1.001999998,-0.9999990000000001,False
4182700_2026-09-04T05:40:15.593197+00:00,-1.002,-1.001999998,-0.9999990000000001,False
4182957_2026-09-04T05:55:15.828348+00:00,10.1091,10.109100002,10.111101,False
4183282_2026-09-04T06:25:15.631874+00:00,-1.002,-1.001999998,-0.999999,False
4183725_2026-09-04T06:55:15.759556+00:00,-1.002,-1.002,-1.0,False
4184200_2026-09-04T07:25:15.725439+00:00,-1.002,-1.002000004,-1.0000019999999998,False
4184355_2026-09-04T07:40:15.871333+00:00,-1.002,-1.002,-1.0,False
4184439_2026-09-04T07:55:15.588216+00:00,-1.002,-1.001999998,-0.999999,False
4185160_2026-09-04T09:10:15.953244+00:00,-1.002,-1.001999998,-0.999999,False
4185436_2026-09-04T09:25:15.665255+00:00,-1.002,-1.001999998,-0.9999990000000001,False
4185671_2026-09-04T09:55:15.513129+00:00,-1.002,-1.002000024,-1.0000120000000001,False
4185731_2026-09-04T10:10:15.806984+00:00,-1.002,-1.002,-1.0,False
4186044_2026-09-04T10:25:15.598651+00:00,11.498,11.498,11.5,False
4186338_2026-09-04T11:10:15.890397+00:00,1.5621,1.562100002,1.564101,False
4186724_2026-09-04T11:40:15.860555+00:00,-1.002,-1.001999998,-0.9999990000000001,False
4187361_2026-09-04T12:10:18.430676+00:00,-1.002,-1.00199998,-0.9999899999999999,False
4187479_2026-09-04T12:25:15.719434+00:00,1.7007,1.700700002,1.7027010000000002,False
4187587_2026-09-04T12:40:15.930132+00:00,-1.002,-1.002,-1.0,False
4187664_2026-09-04T12:55:15.596520+00:00,-1.002,-1.00200001,-1.0000049999999998,False
4187944_2026-09-04T13:10:15.901222+00:00,-1.002,-1.002000016,-1.000008,False
4188508_2026-09-04T13:55:15.758617+00:00,-1.002,-1.00199998,-0.9999899999999999,False
4188870_2026-09-04T14:10:15.611408+00:00,2.0283,2.028300002,2.0303009999999997,False
4189388_2026-09-04T14:25:15.585364+00:00,-1.002,-1.002000014,-1.0000069999999999,False
4189473_2026-09-04T14:40:15.534777+00:00,-1.002,-1.001999996,-0.9999979999999999,False
4189911_2026-09-04T14:55:15.813305+00:00,-1.002,-1.00200001,-1.0000049999999998,False
4190550_2026-09-04T15:55:15.688608+00:00,-1.002,-1.001999998,-0.999999,False
4191381_2026-09-04T16:55:15.928808+00:00,-1.002,-1.002,-1.0,False
4191508_2026-09-04T17:10:15.930289+00:00,-1.002,-1.001999998,-0.999999,False
4191616_2026-09-04T17:25:15.628627+00:00,-1.002,-1.001999992,-0.9999959999999999,False
4192116_2026-09-04T17:55:15.536499+00:00,-1.002,-1.001999988,-0.9999940000000002,False
4249934_2026-09-06T14:55:16.440307+00:00,-1.002,-1.001999998,-0.9999990000000001,False
4250653_2026-09-06T15:55:15.818957+00:00,1.7007,1.700700002,1.7027010000000002,False
4250962_2026-09-06T16:10:15.882830+00:00,-1.002,-1.001999998,-0.999999,False
4251125_2026-09-06T16:25:15.752911+00:00,7.3313,7.331300008,7.333304,False
4251923_2026-09-06T16:55:31.694469+00:00,-1.002,-1.001999998,-0.999999,False
4252369_2026-09-06T17:10:31.605679+00:00,-1.002,-1.00200001,-1.0000049999999998,False
4253280_2026-09-06T17:55:31.892803+00:00,-1.002,-1.00199998,-0.9999899999999999,False
4254714_2026-09-06T18:55:31.802349+00:00,2.998,2.998,3.0,False
4255458_2026-09-06T19:10:31.919528+00:00,-1.002,-1.002,-1.0,False
4256488_2026-09-06T19:40:31.892880+00:00,-1.002,-1.002,-1.0,False
4257971_2026-09-06T20:10:31.615831+00:00,-1.002,-1.001999998,-0.999999,False
4260121_2026-09-06T20:40:31.604624+00:00,1.5621,1.562100002,1.564101,False
4264547_2026-09-06T20:55:31.881911+00:00,-1.002,-1.001999998,-0.999999,False
4266150_2026-09-06T21:40:31.753619+00:00,-1.002,-1.002000016,-1.000008,False
4267093_2026-09-06T22:10:31.792664+00:00,-1.002,-1.0020000016,-1.0000007999999998,False
4269043_2026-09-06T23:25:31.865786+00:00,-1.002,-1.002000016,-1.000008,False
4271242_2026-09-07T00:25:31.853691+00:00,-1.002,-1.002,-1.0,False
4271300_2026-09-07T00:40:31.609632+00:00,-1.002,-1.001999998,-0.999999,False
4271596_2026-09-07T01:10:31.599106+00:00,-1.002,-1.002,-1.0,False
4271731_2026-09-07T01:25:31.793615+00:00,-1.002,-1.002000012,-1.0000060000000002,False
4271778_2026-09-07T01:40:31.688448+00:00,-1.002,-1.002,-1.0,False
4272032_2026-09-07T02:10:31.615639+00:00,-1.002,-1.002,-1.0,False
4272615_2026-09-07T02:55:31.615723+00:00,-1.002,-1.002,-1.0,False
4272688_2026-09-07T03:10:33.821692+00:00,-1.002,-1.001999998,-0.999999,False
4272881_2026-09-07T03:25:31.929759+00:00,-1.002,-1.002000016,-1.0000079999999998,False
4272912_2026-09-07T03:40:31.691367+00:00,-1.002,-1.002000012,-1.0000060000000002,False
4277461_2026-09-07T05:55:31.908947+00:00,-1.002,-1.001999998,-0.9999990000000001,False
4278352_2026-09-07T06:25:25.809154+00:00,-1.002,-1.001999998,-0.9999990000000001,False
4278408_2026-09-07T06:40:25.725434+00:00,-1.002,-1.002000016,-1.000008,False
4279125_2026-09-07T07:25:05.873133+00:00,-1.002,-1.002,-1.0,False
4279354_2026-09-07T07:40:05.880958+00:00,-1.002,-1.002,-1.0,False
4280571_2026-09-07T08:40:05.999197+00:00,2.2238,2.223800004,2.225802,False
4281662_2026-09-07T08:55:05.972617+00:00,-1.002,-1.001999998,-0.9999990000000001,False
4282410_2026-09-07T09:25:05.954418+00:00,-1.002,-1.002,-1.0,False
4282492_2026-09-07T09:40:05.824086+00:00,-1.002,-1.002,-1.0,False
4283350_2026-09-07T09:55:05.794246+00:00,-1.002,-1.002000016,-1.000008,False
4283740_2026-09-07T10:40:05.877093+00:00,1.5621,1.562100002,1.564101,False
4284141_2026-09-07T10:55:05.830522+00:00,-1.002,-1.002,-1.0,False
4284494_2026-09-07T11:10:05.703623+00:00,5.248,5.248,5.25,False
4284951_2026-09-07T11:40:30.859686+00:00,-1.002,-1.002000016,-1.000008,False
4286571_2026-09-07T12:40:30.573469+00:00,-1.002,-1.002000004,-1.0000019999999998,False
4288387_2026-09-07T13:40:30.693204+00:00,-1.002,-1.0020000008,-1.0000004,False
4288910_2026-09-07T14:10:30.671864+00:00,-1.002,-1.002,-1.0,False
4289498_2026-09-07T14:25:30.726232+00:00,-1.002,-1.002000016,-1.000008,False
4290362_2026-09-07T14:40:31.016050+00:00,-1.002,-1.001999998,-0.9999990000000001,False
4292027_2026-09-07T15:10:31.690595+00:00,-1.002,-1.002000004,-1.0000019999999998,False
4293059_2026-09-07T15:40:30.697018+00:00,-1.002,-1.002,-1.0,False
4294397_2026-09-07T16:25:30.605404+00:00,-1.002,-1.002,-1.0,False
4297351_2026-09-07T17:25:05.413463+00:00,-1.002,-1.002000024,-1.0000120000000001,False
4299601_2026-09-07T18:25:05.212889+00:00,-1.002,-1.00199998,-0.9999899999999999,False
4299855_2026-09-07T18:40:05.200966+00:00,4.8804,4.880399983999999,4.882391999999999,False
4303040_2026-09-07T19:10:05.409542+00:00,-1.002,-1.002000016,-1.000008,False
4304982_2026-09-07T20:10:05.383747+00:00,-1.002,-1.001999998,-0.999999,False
4305860_2026-09-07T20:25:05.557774+00:00,-1.002,-1.002000014,-1.0000069999999999,False
4309484_2026-09-07T21:10:05.275659+00:00,3.7599,3.7599000019999997,3.761901,False
4310402_2026-09-07T21:40:05.224138+00:00,-1.002,-1.00200002,-1.0000099999999998,False
4311924_2026-09-07T22:40:05.176016+00:00,-1.002,-1.001999998,-0.999999,False
4312722_2026-09-07T23:25:05.211050+00:00,-1.002,-1.002,-1.0,False
4314091_2026-09-08T00:10:05.252681+00:00,-1.002,-1.002000016,-1.000008,False
4314505_2026-09-08T00:25:05.453047+00:00,-1.002,-1.001999996,-0.9999979999999999,False
4315322_2026-09-08T01:40:05.467470+00:00,-1.002,-1.002000004,-1.0000019999999998,False
4315804_2026-09-08T02:10:05.210429+00:00,-1.002,-1.002,-1.0,False
4316653_2026-09-08T02:40:05.271372+00:00,-1.002,-1.002,-1.0,False
4317689_2026-09-08T02:55:05.308399+00:00,-1.002,-1.001999998,-0.999999,False
4318786_2026-09-08T03:25:05.338355+00:00,-1.002,-1.002,-1.0,False
4319315_2026-09-08T03:55:05.193927+00:00,-1.002,-1.002,-1.0,False
4320031_2026-09-08T04:10:05.404857+00:00,-1.002,-1.002,-1.0,False
4320156_2026-09-08T04:25:05.290404+00:00,-1.002,-1.002,-1.0,False
4321724_2026-09-08T04:55:05.539763+00:00,-1.002,-1.002000016,-1.000008,False
4323138_2026-09-08T05:40:05.253610+00:00,-1.002,-1.002,-1.0,False
4323313_2026-09-08T05:55:05.312216+00:00,-1.002,-1.001999984,-0.9999920000000001,False
4323959_2026-09-08T06:25:09.239508+00:00,-1.002,-1.002,-1.0,False
4324327_2026-09-08T06:55:05.608057+00:00,-1.002,-1.002,-1.0,False
4325284_2026-09-08T07:55:05.689269+00:00,8.998,8.998,9.0,False
4325773_2026-09-08T08:10:05.384233+00:00,-1.002,-1.002,-1.0,False
4326955_2026-09-08T08:55:05.423523+00:00,-1.002,-1.002,-1.0,False
4327465_2026-09-08T09:10:05.591855+00:00,2.3313,2.33130002,2.33331,False
4327643_2026-09-08T09:25:05.550916+00:00,-1.002,-1.002000016,-1.000008,False
4328345_2026-09-08T10:10:05.636000+00:00,-1.002,-1.002000012,-1.0000060000000002,False
4328759_2026-09-08T10:40:05.342674+00:00,-1.002,-1.002,-1.0,False
4329001_2026-09-08T10:55:20.287356+00:00,-1.002,-1.001999998,-0.999999,False
4329138_2026-09-08T11:10:20.116450+00:00,-1.002,-1.002,-1.0,False
4329566_2026-09-08T11:40:20.135053+00:00,-1.002,-1.001999996,-0.9999979999999999,False
4329828_2026-09-08T11:55:20.356444+00:00,-1.002,-1.001999998,-0.9999990000000001,False
4330004_2026-09-08T12:10:20.063641+00:00,-1.002,-1.001999998,-0.9999990000000001,False
4333593_2026-09-08T13:25:31.867309+00:00,-1.002,-1.002,-1.0,False
4337476_2026-09-08T15:25:30.944261+00:00,-1.002,-1.001999998,-0.9999990000000001,False
4338516_2026-09-08T16:10:28.490790+00:00,-1.002,-1.002,-1.0,False
4339668_2026-09-08T16:55:28.380275+00:00,-1.002,-1.00199998,-0.9999899999999999,False
4340091_2026-09-08T17:10:28.283808+00:00,-1.002,-1.002000016,-1.000008,False
4340356_2026-09-08T17:25:20.863709+00:00,-1.002,-1.001999998,-0.999999,False
4343311_2026-09-08T18:40:20.762657+00:00,-1.002,-1.002,-1.0,False
4343942_2026-09-08T18:55:21.064464+00:00,-1.002,-1.002,-1.0,False
4345999_2026-09-08T19:25:21.180787+00:00,-1.002,-1.002,-1.0,False
4346214_2026-09-08T19:55:21.212555+00:00,-1.002,-1.002000012,-1.0000060000000002,False
4347058_2026-09-08T20:25:21.082025+00:00,11.498,11.498,11.5,False
4347122_2026-09-08T20:40:20.879721+00:00,-1.002,-1.001999998,-0.9999990000000001,False
4349146_2026-09-08T20:55:20.849157+00:00,-1.002,-1.001999988,-0.9999940000000002,False
4349750_2026-09-08T21:25:20.748620+00:00,-1.002,-1.002000016,-1.000008,False
4349853_2026-09-08T21:40:20.707516+00:00,-1.002,-1.001999988,-0.9999940000000002,False
4349965_2026-09-08T21:55:20.919734+00:00,-1.002,-1.002,-1.0,False
4350707_2026-09-08T22:40:20.808621+00:00,-1.002,-1.001999998,-0.9999990000000001,False
4351315_2026-09-08T23:10:20.863405+00:00,-1.002,-1.001999998,-0.999999,False
4351426_2026-09-08T23:25:23.903757+00:00,-1.002,-1.002000012,-1.0000060000000002,False
4351488_2026-09-08T23:40:20.799397+00:00,-1.002,-1.001999984,-0.9999920000000001,False
4352143_2026-09-08T23:55:21.112645+00:00,2.7017,2.701700002,2.7037009999999997,False
4352448_2026-09-09T00:25:21.058095+00:00,-1.002,-1.001999998,-0.999999,False
