opportunity_id,market_id,asset,calendar_date,decision_at,time_left_min,executable_ask,diagnostic_mid,diagnostic_half_spread,diagnostic_spread_cost,shares,target,gross_pnl,net_pnl,reproduced_net_pnl,historical_fee,historical_net_pnl,scenario_id,scenario_fee,scenario_net_pnl,sign_changed
2729491_2026-06-30T11:40:34.883223+00:00,2729491,BTC,2026-06-30,2026-06-30T11:40:34.883223+00:00,4.42,0.3,0.295,0.0050000000000000044,0.016666500000000015,3.3333,1,2.3333,2.3313,2.33131002,,,0.1% Demonstration Scenario,0.001,2.33231,False
2732119_2026-06-30T16:25:22.808314+00:00,2732119,BTC,2026-06-30,2026-06-30T16:25:22.808314+00:00,4.62,0.07,0.065,0.0050000000000000044,0.07142850000000006,14.2857,0,-1.0,-1.002,-1.0019989980000001,,,0.1% Demonstration Scenario,0.001,-1.000999,False
2734302_2026-06-30T19:10:23.085173+00:00,2734302,BTC,2026-06-30,2026-06-30T19:10:23.085173+00:00,4.62,0.3,0.295,0.0050000000000000044,0.016666500000000015,3.3333,0,-1.0,-1.002,-1.0019899799999998,,,0.1% Demonstration Scenario,0.001,-1.0009899999999998,False
2734393_2026-06-30T19:25:23.550867+00:00,2734393,BTC,2026-06-30,2026-06-30T19:25:23.550867+00:00,4.61,0.26,0.255,0.0050000000000000044,0.01923100000000002,3.8462,1,2.8462,2.8442,2.8441879759999997,,,0.1% Demonstration Scenario,0.001,2.845188,False
2736143_2026-06-30T22:40:23.743935+00:00,2736143,BTC,2026-06-30,2026-06-30T22:40:23.743935+00:00,4.6,0.13,0.125,0.0050000000000000044,0.03846150000000004,7.6923,0,-1.0,-1.002,-1.0019989980000001,,,0.1% Demonstration Scenario,0.001,-1.000999,False
2737182_2026-06-30T23:40:23.990463+00:00,2737182,BTC,2026-06-30,2026-06-30T23:40:23.990463+00:00,4.6,0.22,0.215,0.0050000000000000044,0.02272750000000002,4.5455,0,-1.0,-1.002,-1.00201002,,,0.1% Demonstration Scenario,0.001,-1.0010099999999997,False
2738782_2026-07-01T04:10:34.377049+00:00,2738782,BTC,2026-07-01,2026-07-01T04:10:34.377049+00:00,4.43,0.2,0.195,0.0050000000000000044,0.025000000000000022,5.0,0,-1.0,-1.002,-1.002,,,0.1% Demonstration Scenario,0.001,-1.001,False
2740364_2026-07-01T07:40:34.861360+00:00,2740364,BTC,2026-07-01,2026-07-01T07:40:34.861360+00:00,4.42,0.23,0.225,0.0050000000000000044,0.021739000000000022,4.3478,0,-1.0,-1.002,-1.0019939880000002,,,0.1% Demonstration Scenario,0.001,-1.0009940000000002,False
2740508_2026-07-01T08:10:34.858134+00:00,2740508,BTC,2026-07-01,2026-07-01T08:10:34.858134+00:00,4.42,0.29,0.28,0.009999999999999953,0.03448299999999984,3.4483,0,-1.0,-1.002,-1.002007014,,,0.1% Demonstration Scenario,0.001,-1.0010069999999998,False
2740748_2026-07-01T09:25:35.429858+00:00,2740748,BTC,2026-07-01,2026-07-01T09:25:35.429858+00:00,4.41,0.13,0.125,0.0050000000000000044,0.03846150000000004,7.6923,0,-1.0,-1.002,-1.0019989980000001,,,0.1% Demonstration Scenario,0.001,-1.000999,False
2741338_2026-07-01T10:40:34.357132+00:00,2741338,BTC,2026-07-01,2026-07-01T10:40:34.357132+00:00,4.43,0.24,0.235,0.0050000000000000044,0.020833500000000015,4.1667,0,-1.0,-1.002,-1.0020080159999998,,,0.1% Demonstration Scenario,0.001,-1.0010079999999997,False
2743819_2026-07-01T14:25:34.871227+00:00,2743819,BTC,2026-07-01,2026-07-01T14:25:34.871227+00:00,4.42,0.4,0.39,0.010000000000000009,0.025000000000000022,2.5,0,-1.0,-1.002,-1.002,,,0.1% Demonstration Scenario,0.001,-1.001,False
2743860_2026-07-01T14:40:34.895885+00:00,2743860,BTC,2026-07-01,2026-07-01T14:40:34.895885+00:00,4.42,0.14,0.135,0.0050000000000000044,0.03571450000000003,7.1429,0,-1.0,-1.002,-1.0020060120000003,,,0.1% Demonstration Scenario,0.001,-1.001006,False
2746789_2026-07-01T19:55:36.036541+00:00,2746789,BTC,2026-07-01,2026-07-01T19:55:36.036541+00:00,4.4,0.04,0.035,0.0049999999999999975,0.12499999999999994,25.0,0,-1.0,-1.002,-1.002,,,0.1% Demonstration Scenario,0.001,-1.001,False
2753490_2026-07-02T05:55:35.270411+00:00,2753490,BTC,2026-07-02,2026-07-02T05:55:35.270411+00:00,4.41,0.22,0.215,0.0050000000000000044,0.02272750000000002,4.5455,0,-1.0,-1.002,-1.00201002,,,0.1% Demonstration Scenario,0.001,-1.0010099999999997,False
2754100_2026-07-02T07:40:12.670888+00:00,2754100,BTC,2026-07-02,2026-07-02T07:40:12.670888+00:00,4.79,0.21,0.20500000000000002,0.004999999999999977,0.023809499999999886,4.7619,0,-1.0,-1.002,-1.001998998,,,0.1% Demonstration Scenario,0.001,-1.000999,False
2754776_2026-07-02T10:10:06.692821+00:00,2754776,BTC,2026-07-02,2026-07-02T10:10:06.692821+00:00,4.89,0.09,0.08499999999999999,0.0050000000000000044,0.05555550000000005,11.1111,1,10.1111,10.1091,10.109101002,,,0.1% Demonstration Scenario,0.001,10.110101,False
2759997_2026-07-02T18:25:35.789104+00:00,2759997,BTC,2026-07-02,2026-07-02T18:25:35.789104+00:00,4.4,0.25,0.245,0.0050000000000000044,0.020000000000000018,4.0,1,3.0,2.998,2.998,,,0.1% Demonstration Scenario,0.001,2.999,False
2760417_2026-07-02T19:40:35.824446+00:00,2760417,BTC,2026-07-02,2026-07-02T19:40:35.824446+00:00,4.4,0.21,0.20500000000000002,0.004999999999999977,0.023809499999999886,4.7619,0,-1.0,-1.002,-1.001998998,,,0.1% Demonstration Scenario,0.001,-1.000999,False
2763456_2026-07-03T00:25:37.072545+00:00,2763456,BTC,2026-07-03,2026-07-03T00:25:37.072545+00:00,4.38,0.09,0.08499999999999999,0.0050000000000000044,0.05555550000000005,11.1111,0,-1.0,-1.002,-1.001998998,,,0.1% Demonstration Scenario,0.001,-1.000999,False
2763736_2026-07-03T01:55:35.830278+00:00,2763736,BTC,2026-07-03,2026-07-03T01:55:35.830278+00:00,4.4,0.29,0.28500000000000003,0.004999999999999949,0.017241499999999823,3.4483,0,-1.0,-1.002,-1.002007014,,,0.1% Demonstration Scenario,0.001,-1.0010069999999998,False
2764051_2026-07-03T02:40:35.841703+00:00,2764051,BTC,2026-07-03,2026-07-03T02:40:35.841703+00:00,4.4,0.4,0.395,0.0050000000000000044,0.012500000000000011,2.5,0,-1.0,-1.002,-1.002,,,0.1% Demonstration Scenario,0.001,-1.001,False
2764331_2026-07-03T03:55:38.107675+00:00,2764331,BTC,2026-07-03,2026-07-03T03:55:38.107675+00:00,4.36,0.28,0.275,0.0050000000000000044,0.017857000000000015,3.5714,1,2.5714,2.5694,2.569408016,,,0.1% Demonstration Scenario,0.001,2.570408,False
2766389_2026-07-03T07:55:36.918483+00:00,2766389,BTC,2026-07-03,2026-07-03T07:55:36.918483+00:00,4.38,0.19,0.185,0.0050000000000000044,0.026316000000000023,5.2632,0,-1.0,-1.002,-1.002008016,,,0.1% Demonstration Scenario,0.001,-1.001008,False
2766514_2026-07-03T08:40:36.865026+00:00,2766514,BTC,2026-07-03,2026-07-03T08:40:36.865026+00:00,4.39,0.2,0.195,0.0050000000000000044,0.025000000000000022,5.0,1,4.0,3.998,3.998,,,0.1% Demonstration Scenario,0.001,3.999,False
2766900_2026-07-03T10:10:36.898219+00:00,2766900,BTC,2026-07-03,2026-07-03T10:10:36.898219+00:00,4.39,0.32,0.315,0.0050000000000000044,0.015625000000000014,3.125,1,2.125,2.123,2.123,,,0.1% Demonstration Scenario,0.001,2.124,False
2767513_2026-07-03T10:55:36.891824+00:00,2767513,BTC,2026-07-03,2026-07-03T10:55:36.891824+00:00,4.39,0.14,0.135,0.0050000000000000044,0.03571450000000003,7.1429,0,-1.0,-1.002,-1.0020060120000003,,,0.1% Demonstration Scenario,0.001,-1.001006,False
2768466_2026-07-03T12:40:36.330740+00:00,2768466,BTC,2026-07-03,2026-07-03T12:40:36.330740+00:00,4.39,0.32,0.315,0.0050000000000000044,0.015625000000000014,3.125,0,-1.0,-1.002,-1.002,,,0.1% Demonstration Scenario,0.001,-1.001,False
2769371_2026-07-03T15:40:36.296843+00:00,2769371,BTC,2026-07-03,2026-07-03T15:40:36.296843+00:00,4.4,0.14,0.135,0.0050000000000000044,0.03571450000000003,7.1429,0,-1.0,-1.002,-1.0020060120000003,,,0.1% Demonstration Scenario,0.001,-1.001006,False
2770083_2026-07-03T16:40:36.381175+00:00,2770083,BTC,2026-07-03,2026-07-03T16:40:36.381175+00:00,4.39,0.24,0.235,0.0050000000000000044,0.020833500000000015,4.1667,0,-1.0,-1.002,-1.0020080159999998,,,0.1% Demonstration Scenario,0.001,-1.0010079999999997,False
2771626_2026-07-03T18:25:35.786973+00:00,2771626,BTC,2026-07-03,2026-07-03T18:25:35.786973+00:00,4.4,0.4,0.395,0.0050000000000000044,0.012500000000000011,2.5,1,1.5,1.498,1.498,,,0.1% Demonstration Scenario,0.001,1.499,False
2773248_2026-07-03T19:10:35.903171+00:00,2773248,BTC,2026-07-03,2026-07-03T19:10:35.903171+00:00,4.4,0.14,0.135,0.0050000000000000044,0.03571450000000003,7.1429,0,-1.0,-1.002,-1.0020060120000003,,,0.1% Demonstration Scenario,0.001,-1.001006,False
2777564_2026-07-04T00:25:36.695648+00:00,2777564,BTC,2026-07-04,2026-07-04T00:25:36.695648+00:00,4.39,0.16,0.155,0.0050000000000000044,0.03125000000000003,6.25,0,-1.0,-1.002,-1.002,,,0.1% Demonstration Scenario,0.001,-1.001,False
2777971_2026-07-04T01:40:37.165442+00:00,2777971,BTC,2026-07-04,2026-07-04T01:40:37.165442+00:00,4.38,0.27,0.265,0.0050000000000000044,0.018518500000000018,3.7037,0,-1.0,-1.002,-1.0019989980000001,,,0.1% Demonstration Scenario,0.001,-1.000999,False
2778136_2026-07-04T02:40:35.790180+00:00,2778136,BTC,2026-07-04,2026-07-04T02:40:35.790180+00:00,4.4,0.2,0.195,0.0050000000000000044,0.025000000000000022,5.0,1,4.0,3.998,3.998,,,0.1% Demonstration Scenario,0.001,3.999,False
2778391_2026-07-04T03:25:35.849865+00:00,2778391,BTC,2026-07-04,2026-07-04T03:25:35.849865+00:00,4.4,0.39,0.385,0.0050000000000000044,0.01282050000000001,2.5641,1,1.5641,1.5621,1.562101002,,,0.1% Demonstration Scenario,0.001,1.563101,False
2783265_2026-07-04T12:25:35.792530+00:00,2783265,BTC,2026-07-04,2026-07-04T12:25:35.792530+00:00,4.4,0.34,0.335,0.0050000000000000044,0.014706000000000012,2.9412,1,1.9412,1.9392,1.9391919839999998,,,0.1% Demonstration Scenario,0.001,1.940192,False
2783925_2026-07-04T13:55:15.181661+00:00,2783925,BTC,2026-07-04,2026-07-04T13:55:15.181661+00:00,4.75,0.18,0.175,0.0050000000000000044,0.027778000000000025,5.5556,0,-1.0,-1.002,-1.002008016,,,0.1% Demonstration Scenario,0.001,-1.001008,False
2784128_2026-07-04T14:40:13.807308+00:00,2784128,BTC,2026-07-04,2026-07-04T14:40:13.807308+00:00,4.77,0.39,0.385,0.0050000000000000044,0.01282050000000001,2.5641,1,1.5641,1.5621,1.562101002,,,0.1% Demonstration Scenario,0.001,1.563101,False
2784211_2026-07-04T14:55:14.711592+00:00,2784211,BTC,2026-07-04,2026-07-04T14:55:14.711592+00:00,4.75,0.22,0.215,0.0050000000000000044,0.02272750000000002,4.5455,1,3.5455,3.5435,3.54348998,,,0.1% Demonstration Scenario,0.001,3.54449,False
2784973_2026-07-04T16:10:21.808931+00:00,2784973,BTC,2026-07-04,2026-07-04T16:10:21.808931+00:00,4.64,0.17,0.165,0.0050000000000000044,0.029412000000000025,5.8824,0,-1.0,-1.002,-1.002008016,,,0.1% Demonstration Scenario,0.001,-1.001008,False
2786402_2026-07-04T18:10:15.108125+00:00,2786402,BTC,2026-07-04,2026-07-04T18:10:15.108125+00:00,4.75,0.07,0.065,0.0050000000000000044,0.07142850000000006,14.2857,1,13.2857,13.2837,13.283701001999999,,,0.1% Demonstration Scenario,0.001,13.284701,False
2787083_2026-07-04T19:55:15.071657+00:00,2787083,BTC,2026-07-04,2026-07-04T19:55:15.071657+00:00,4.75,0.05,0.045,0.0050000000000000044,0.10000000000000009,20.0,0,-1.0,-1.002,-1.002,,,0.1% Demonstration Scenario,0.001,-1.001,False
2787744_2026-07-04T21:10:14.608511+00:00,2787744,BTC,2026-07-04,2026-07-04T21:10:14.608511+00:00,4.76,0.4,0.395,0.0050000000000000044,0.012500000000000011,2.5,1,1.5,1.498,1.498,,,0.1% Demonstration Scenario,0.001,1.499,False
2788876_2026-07-04T22:55:15.667936+00:00,2788876,BTC,2026-07-04,2026-07-04T22:55:15.667936+00:00,4.74,0.34,0.335,0.0050000000000000044,0.014706000000000012,2.9412,0,-1.0,-1.002,-1.002008016,,,0.1% Demonstration Scenario,0.001,-1.001008,False
2789784_2026-07-04T23:55:15.052470+00:00,2789784,BTC,2026-07-04,2026-07-04T23:55:15.052470+00:00,4.75,0.3,0.295,0.0050000000000000044,0.016666500000000015,3.3333,0,-1.0,-1.002,-1.0019899799999998,,,0.1% Demonstration Scenario,0.001,-1.0009899999999998,False
2789886_2026-07-05T00:25:15.617933+00:00,2789886,BTC,2026-07-05,2026-07-05T00:25:15.617933+00:00,4.74,0.25,0.245,0.0050000000000000044,0.020000000000000018,4.0,0,-1.0,-1.002,-1.002,,,0.1% Demonstration Scenario,0.001,-1.001,False
2790324_2026-07-05T01:40:16.041001+00:00,2790324,BTC,2026-07-05,2026-07-05T01:40:16.041001+00:00,4.73,0.031,0.0305,0.0005000000000000004,0.016129050000000013,32.2581,0,-1.0,-1.002,-1.0020011022,,,0.1% Demonstration Scenario,0.001,-1.0010010999999999,False
2793180_2026-07-05T08:10:03.147520+00:00,2793180,BTC,2026-07-05,2026-07-05T08:10:03.147520+00:00,4.95,0.18,0.175,0.0050000000000000044,0.027778000000000025,5.5556,0,-1.0,-1.002,-1.002008016,,,0.1% Demonstration Scenario,0.001,-1.001008,False
2795522_2026-07-05T14:55:30.798183+00:00,2795522,BTC,2026-07-05,2026-07-05T14:55:30.798183+00:00,4.49,0.36,0.355,0.0050000000000000044,0.013889000000000012,2.7778,1,1.7778,1.7758,1.775791984,,,0.1% Demonstration Scenario,0.001,1.7767920000000001,False
2795609_2026-07-05T15:25:30.292287+00:00,2795609,BTC,2026-07-05,2026-07-05T15:25:30.292287+00:00,4.5,0.13,0.125,0.0050000000000000044,0.03846150000000004,7.6923,0,-1.0,-1.002,-1.0019989980000001,,,0.1% Demonstration Scenario,0.001,-1.000999,False
2796333_2026-07-05T16:10:29.822809+00:00,2796333,BTC,2026-07-05,2026-07-05T16:10:29.822809+00:00,4.5,0.24,0.235,0.0050000000000000044,0.020833500000000015,4.1667,0,-1.0,-1.002,-1.0020080159999998,,,0.1% Demonstration Scenario,0.001,-1.0010079999999997,False
2797723_2026-07-05T17:40:30.250806+00:00,2797723,BTC,2026-07-05,2026-07-05T17:40:30.250806+00:00,4.5,0.39,0.385,0.0050000000000000044,0.01282050000000001,2.5641,0,-1.0,-1.002,-1.001998998,,,0.1% Demonstration Scenario,0.001,-1.000999,False
2798662_2026-07-05T19:10:29.796670+00:00,2798662,BTC,2026-07-05,2026-07-05T19:10:29.796670+00:00,4.5,0.35,0.345,0.0050000000000000044,0.014285500000000012,2.8571,1,1.8571,1.8551,1.85511503,,,0.1% Demonstration Scenario,0.001,1.8561150000000002,False
2799025_2026-07-05T19:55:30.535189+00:00,2799025,BTC,2026-07-05,2026-07-05T19:55:30.535189+00:00,4.49,0.19,0.185,0.0050000000000000044,0.026316000000000023,5.2632,0,-1.0,-1.002,-1.002008016,,,0.1% Demonstration Scenario,0.001,-1.001008,False
2800022_2026-07-05T22:10:30.902246+00:00,2800022,BTC,2026-07-05,2026-07-05T22:10:30.902246+00:00,4.48,0.29,0.28500000000000003,0.004999999999999949,0.017241499999999823,3.4483,1,2.4483,2.4463,2.4462929860000004,,,0.1% Demonstration Scenario,0.001,2.4472930000000006,False
2800651_2026-07-05T23:40:30.285610+00:00,2800651,BTC,2026-07-05,2026-07-05T23:40:30.285610+00:00,4.5,0.36,0.355,0.0050000000000000044,0.013889000000000012,2.7778,1,1.7778,1.7758,1.775791984,,,0.1% Demonstration Scenario,0.001,1.7767920000000001,False
2800853_2026-07-06T00:25:28.885095+00:00,2800853,BTC,2026-07-06,2026-07-06T00:25:28.885095+00:00,4.52,0.11,0.10500000000000001,0.0049999999999999906,0.04545449999999991,9.0909,0,-1.0,-1.002,-1.001998998,,,0.1% Demonstration Scenario,0.001,-1.000999,False
2804830_2026-07-06T09:55:03.680043+00:00,2804830,BTC,2026-07-06,2026-07-06T09:55:03.680043+00:00,4.94,0.36,0.355,0.0050000000000000044,0.013889000000000012,2.7778,0,-1.0,-1.002,-1.002008016,,,0.1% Demonstration Scenario,0.001,-1.001008,False
2807197_2026-07-06T14:55:03.848290+00:00,2807197,BTC,2026-07-06,2026-07-06T14:55:03.848290+00:00,4.94,0.35,0.345,0.0050000000000000044,0.014285500000000012,2.8571,0,-1.0,-1.002,-1.0019849699999999,,,0.1% Demonstration Scenario,0.001,-1.0009849999999998,False
2807385_2026-07-06T15:40:04.834272+00:00,2807385,BTC,2026-07-06,2026-07-06T15:40:04.834272+00:00,4.92,0.19,0.185,0.0050000000000000044,0.026316000000000023,5.2632,1,4.2632,4.2612,4.261191984,,,0.1% Demonstration Scenario,0.001,4.262192,False
2808341_2026-07-06T16:25:03.633543+00:00,2808341,BTC,2026-07-06,2026-07-06T16:25:03.633543+00:00,4.94,0.06,0.055,0.0049999999999999975,0.08333349999999995,16.6667,0,-1.0,-1.002,-1.002002004,,,0.1% Demonstration Scenario,0.001,-1.0010019999999997,False
2808593_2026-07-06T16:55:05.199572+00:00,2808593,BTC,2026-07-06,2026-07-06T16:55:05.199572+00:00,4.91,0.39,0.385,0.0050000000000000044,0.01282050000000001,2.5641,0,-1.0,-1.002,-1.001998998,,,0.1% Demonstration Scenario,0.001,-1.000999,False
2812281_2026-07-07T03:55:04.642852+00:00,2812281,BTC,2026-07-07,2026-07-07T03:55:04.642852+00:00,4.92,0.22,0.215,0.0050000000000000044,0.02272750000000002,4.5455,0,-1.0,-1.002,-1.00201002,,,0.1% Demonstration Scenario,0.001,-1.0010099999999997,False
2813256_2026-07-07T04:40:03.091629+00:00,2813256,BTC,2026-07-07,2026-07-07T04:40:03.091629+00:00,4.95,0.14,0.135,0.0050000000000000044,0.03571450000000003,7.1429,0,-1.0,-1.002,-1.0020060120000003,,,0.1% Demonstration Scenario,0.001,-1.001006,False
2815631_2026-07-07T10:40:13.298677+00:00,2815631,BTC,2026-07-07,2026-07-07T10:40:13.298677+00:00,4.78,0.38,0.375,0.0050000000000000044,0.013158000000000012,2.6316,0,-1.0,-1.002,-1.002008016,,,0.1% Demonstration Scenario,0.001,-1.001008,False
2815889_2026-07-07T10:55:12.294957+00:00,2815889,BTC,2026-07-07,2026-07-07T10:55:12.294957+00:00,4.8,0.32,0.315,0.0050000000000000044,0.015625000000000014,3.125,0,-1.0,-1.002,-1.002,,,0.1% Demonstration Scenario,0.001,-1.001,False
2816979_2026-07-07T13:10:12.203991+00:00,2816979,BTC,2026-07-07,2026-07-07T13:10:12.203991+00:00,4.8,0.03,0.025,0.0049999999999999975,0.1666664999999999,33.3333,0,-1.0,-1.002,-1.001998998,,,0.1% Demonstration Scenario,0.001,-1.000999,False
2817049_2026-07-07T13:40:14.099103+00:00,2817049,BTC,2026-07-07,2026-07-07T13:40:14.099103+00:00,4.77,0.39,0.385,0.0050000000000000044,0.01282050000000001,2.5641,1,1.5641,1.5621,1.562101002,,,0.1% Demonstration Scenario,0.001,1.563101,False
2817320_2026-07-07T13:55:12.260040+00:00,2817320,BTC,2026-07-07,2026-07-07T13:55:12.260040+00:00,4.8,0.34,0.335,0.0050000000000000044,0.014706000000000012,2.9412,0,-1.0,-1.002,-1.002008016,,,0.1% Demonstration Scenario,0.001,-1.001008,False
2820485_2026-07-07T17:55:11.790298+00:00,2820485,BTC,2026-07-07,2026-07-07T17:55:11.790298+00:00,4.8,0.17,0.165,0.0050000000000000044,0.029412000000000025,5.8824,0,-1.0,-1.002,-1.002008016,,,0.1% Demonstration Scenario,0.001,-1.001008,False
2821212_2026-07-07T19:10:14.222238+00:00,2821212,BTC,2026-07-07,2026-07-07T19:10:14.222238+00:00,4.76,0.17,0.165,0.0050000000000000044,0.029412000000000025,5.8824,0,-1.0,-1.002,-1.002008016,,,0.1% Demonstration Scenario,0.001,-1.001008,False
2821421_2026-07-07T20:25:11.757231+00:00,2821421,BTC,2026-07-07,2026-07-07T20:25:11.757231+00:00,4.8,0.23,0.225,0.0050000000000000044,0.021739000000000022,4.3478,0,-1.0,-1.002,-1.0019939880000002,,,0.1% Demonstration Scenario,0.001,-1.0009940000000002,False
2824755_2026-07-08T01:55:15.726659+00:00,2824755,BTC,2026-07-08,2026-07-08T01:55:15.726659+00:00,4.74,0.2,0.195,0.0050000000000000044,0.025000000000000022,5.0,0,-1.0,-1.002,-1.002,,,0.1% Demonstration Scenario,0.001,-1.001,False
2825296_2026-07-08T03:25:13.702773+00:00,2825296,BTC,2026-07-08,2026-07-08T03:25:13.702773+00:00,4.77,0.16,0.155,0.0050000000000000044,0.03125000000000003,6.25,0,-1.0,-1.002,-1.002,,,0.1% Demonstration Scenario,0.001,-1.001,False
2826343_2026-07-08T04:55:12.925314+00:00,2826343,BTC,2026-07-08,2026-07-08T04:55:12.925314+00:00,4.78,0.26,0.255,0.0050000000000000044,0.01923100000000002,3.8462,1,2.8462,2.8442,2.8441879759999997,,,0.1% Demonstration Scenario,0.001,2.845188,False
2827938_2026-07-08T06:40:12.747761+00:00,2827938,BTC,2026-07-08,2026-07-08T06:40:12.747761+00:00,4.79,0.06,0.055,0.0049999999999999975,0.08333349999999995,16.6667,0,-1.0,-1.002,-1.002002004,,,0.1% Demonstration Scenario,0.001,-1.0010019999999997,False
2828048_2026-07-08T07:10:13.929785+00:00,2828048,BTC,2026-07-08,2026-07-08T07:10:13.929785+00:00,4.77,0.17,0.165,0.0050000000000000044,0.029412000000000025,5.8824,1,4.8824,4.8804,4.880391983999999,,,0.1% Demonstration Scenario,0.001,4.881391999999999,False
2828633_2026-07-08T08:40:12.160830+00:00,2828633,BTC,2026-07-08,2026-07-08T08:40:12.160830+00:00,4.8,0.12,0.11499999999999999,0.0050000000000000044,0.04166650000000004,8.3333,0,-1.0,-1.002,-1.001995992,,,0.1% Demonstration Scenario,0.001,-1.0009959999999998,False
2829135_2026-07-08T09:55:12.191051+00:00,2829135,BTC,2026-07-08,2026-07-08T09:55:12.191051+00:00,4.8,0.16,0.155,0.0050000000000000044,0.03125000000000003,6.25,0,-1.0,-1.002,-1.002,,,0.1% Demonstration Scenario,0.001,-1.001,False
2832377_2026-07-08T15:25:12.759456+00:00,2832377,BTC,2026-07-08,2026-07-08T15:25:12.759456+00:00,4.79,0.33,0.325,0.0050000000000000044,0.015151500000000014,3.0303,1,2.0303,2.0283,2.0283010019999996,,,0.1% Demonstration Scenario,0.001,2.029301,False
2835204_2026-07-08T19:10:07.093143+00:00,2835204,BTC,2026-07-08,2026-07-08T19:10:07.093143+00:00,4.88,0.28,0.275,0.0050000000000000044,0.017857000000000015,3.5714,0,-1.0,-1.002,-1.001991984,,,0.1% Demonstration Scenario,0.001,-1.000992,False
2836968_2026-07-08T22:40:08.098515+00:00,2836968,BTC,2026-07-08,2026-07-08T22:40:08.098515+00:00,4.87,0.38,0.375,0.0050000000000000044,0.013158000000000012,2.6316,1,1.6316,1.6296,1.6295919840000002,,,0.1% Demonstration Scenario,0.001,1.6305920000000003,False
2839314_2026-07-08T23:40:08.316982+00:00,2839314,BTC,2026-07-08,2026-07-08T23:40:08.316982+00:00,4.86,0.1,0.095,0.0050000000000000044,0.050000000000000044,10.0,0,-1.0,-1.002,-1.002,,,0.1% Demonstration Scenario,0.001,-1.001,False
2843659_2026-07-09T08:10:01.550831+00:00,2843659,BTC,2026-07-09,2026-07-09T08:10:01.550831+00:00,4.97,0.18,0.175,0.0050000000000000044,0.027778000000000025,5.5556,0,-1.0,-1.002,-1.002008016,,,0.1% Demonstration Scenario,0.001,-1.001008,False
2843903_2026-07-09T09:25:03.020563+00:00,2843903,BTC,2026-07-09,2026-07-09T09:25:03.020563+00:00,4.95,0.29,0.28500000000000003,0.004999999999999949,0.017241499999999823,3.4483,1,2.4483,2.4463,2.4462929860000004,,,0.1% Demonstration Scenario,0.001,2.4472930000000006,False
2845417_2026-07-09T12:25:02.542518+00:00,2845417,BTC,2026-07-09,2026-07-09T12:25:02.542518+00:00,4.96,0.24,0.235,0.0050000000000000044,0.020833500000000015,4.1667,1,3.1667,3.1647,3.1646919839999996,,,0.1% Demonstration Scenario,0.001,3.165692,False
2845867_2026-07-09T14:10:13.967950+00:00,2845867,BTC,2026-07-09,2026-07-09T14:10:13.967950+00:00,4.77,0.13,0.125,0.0050000000000000044,0.03846150000000004,7.6923,0,-1.0,-1.002,-1.0019989980000001,,,0.1% Demonstration Scenario,0.001,-1.000999,False
2845907_2026-07-09T14:25:14.801735+00:00,2845907,BTC,2026-07-09,2026-07-09T14:25:14.801735+00:00,4.75,0.07,0.065,0.0050000000000000044,0.07142850000000006,14.2857,0,-1.0,-1.002,-1.0019989980000001,,,0.1% Demonstration Scenario,0.001,-1.000999,False
2849336_2026-07-09T18:25:15.650937+00:00,2849336,BTC,2026-07-09,2026-07-09T18:25:15.650937+00:00,4.74,0.14,0.12000000000000001,0.020000000000000004,0.14285800000000004,7.1429,0,-1.0,-1.002,-1.0020060120000003,,,0.1% Demonstration Scenario,0.001,-1.001006,False
2850098_2026-07-09T20:10:13.329273+00:00,2850098,BTC,2026-07-09,2026-07-09T20:10:13.329273+00:00,4.78,0.31,0.305,0.0050000000000000044,0.016129000000000015,3.2258,0,-1.0,-1.002,-1.0019979959999998,,,0.1% Demonstration Scenario,0.001,-1.0009979999999998,False
2855007_2026-07-10T04:55:21.461508+00:00,2855007,BTC,2026-07-10,2026-07-10T04:55:21.461508+00:00,4.64,0.34,0.335,0.0050000000000000044,0.014706000000000012,2.9412,0,-1.0,-1.002,-1.002008016,,,0.1% Demonstration Scenario,0.001,-1.001008,False
2858600_2026-07-10T11:40:21.633899+00:00,2858600,BTC,2026-07-10,2026-07-10T11:40:21.633899+00:00,4.64,0.16,0.155,0.0050000000000000044,0.03125000000000003,6.25,0,-1.0,-1.002,-1.002,,,0.1% Demonstration Scenario,0.001,-1.001,False
2861208_2026-07-10T16:10:21.740500+00:00,2861208,BTC,2026-07-10,2026-07-10T16:10:21.740500+00:00,4.64,0.31,0.305,0.0050000000000000044,0.016129000000000015,3.2258,1,2.2258,2.2238,2.223802004,,,0.1% Demonstration Scenario,0.001,2.224802,False
2863170_2026-07-10T18:40:21.467934+00:00,2863170,BTC,2026-07-10,2026-07-10T18:40:21.467934+00:00,4.64,0.27,0.265,0.0050000000000000044,0.018518500000000018,3.7037,0,-1.0,-1.002,-1.0019989980000001,,,0.1% Demonstration Scenario,0.001,-1.000999,False
2863739_2026-07-10T19:55:21.804441+00:00,2863739,BTC,2026-07-10,2026-07-10T19:55:21.804441+00:00,4.64,0.28,0.275,0.0050000000000000044,0.017857000000000015,3.5714,0,-1.0,-1.002,-1.001991984,,,0.1% Demonstration Scenario,0.001,-1.000992,False
2863985_2026-07-10T20:55:21.638784+00:00,2863985,BTC,2026-07-10,2026-07-10T20:55:21.638784+00:00,4.64,0.18,0.175,0.0050000000000000044,0.027778000000000025,5.5556,0,-1.0,-1.002,-1.002008016,,,0.1% Demonstration Scenario,0.001,-1.001008,False
2865460_2026-07-11T00:55:20.561407+00:00,2865460,BTC,2026-07-11,2026-07-11T00:55:20.561407+00:00,4.66,0.26,0.255,0.0050000000000000044,0.01923100000000002,3.8462,0,-1.0,-1.002,-1.0020120240000001,,,0.1% Demonstration Scenario,0.001,-1.001012,False
2866544_2026-07-11T02:55:21.485572+00:00,2866544,BTC,2026-07-11,2026-07-11T02:55:21.485572+00:00,4.64,0.4,0.395,0.0050000000000000044,0.012500000000000011,2.5,1,1.5,1.498,1.498,,,0.1% Demonstration Scenario,0.001,1.499,False
2866651_2026-07-11T03:25:21.524858+00:00,2866651,BTC,2026-07-11,2026-07-11T03:25:21.524858+00:00,4.64,0.13,0.125,0.0050000000000000044,0.03846150000000004,7.6923,0,-1.0,-1.002,-1.0019989980000001,,,0.1% Demonstration Scenario,0.001,-1.000999,False
2867815_2026-07-11T05:55:22.462440+00:00,2867815,BTC,2026-07-11,2026-07-11T05:55:22.462440+00:00,4.63,0.24,0.235,0.0050000000000000044,0.020833500000000015,4.1667,0,-1.0,-1.002,-1.0020080159999998,,,0.1% Demonstration Scenario,0.001,-1.0010079999999997,False
2868832_2026-07-11T09:10:21.045439+00:00,2868832,BTC,2026-07-11,2026-07-11T09:10:21.045439+00:00,4.65,0.38,0.375,0.0050000000000000044,0.013158000000000012,2.6316,0,-1.0,-1.002,-1.002008016,,,0.1% Demonstration Scenario,0.001,-1.001008,False
2869062_2026-07-11T09:55:21.943890+00:00,2869062,BTC,2026-07-11,2026-07-11T09:55:21.943890+00:00,4.63,0.24,0.235,0.0050000000000000044,0.020833500000000015,4.1667,0,-1.0,-1.002,-1.0020080159999998,,,0.1% Demonstration Scenario,0.001,-1.0010079999999997,False
2871822_2026-07-11T16:40:22.688090+00:00,2871822,BTC,2026-07-11,2026-07-11T16:40:22.688090+00:00,4.62,0.08,0.07500000000000001,0.0049999999999999906,0.06249999999999988,12.5,0,-1.0,-1.002,-1.002,,,0.1% Demonstration Scenario,0.001,-1.001,False
2873116_2026-07-11T18:40:21.761146+00:00,2873116,BTC,2026-07-11,2026-07-11T18:40:21.761146+00:00,4.64,0.25,0.245,0.0050000000000000044,0.020000000000000018,4.0,1,3.0,2.998,2.998,,,0.1% Demonstration Scenario,0.001,2.999,False
2873452_2026-07-11T19:10:22.176966+00:00,2873452,BTC,2026-07-11,2026-07-11T19:10:22.176966+00:00,4.63,0.29,0.28500000000000003,0.004999999999999949,0.017241499999999823,3.4483,0,-1.0,-1.002,-1.002007014,,,0.1% Demonstration Scenario,0.001,-1.0010069999999998,False
2874061_2026-07-11T21:40:22.869213+00:00,2874061,BTC,2026-07-11,2026-07-11T21:40:22.869213+00:00,4.62,0.18,0.175,0.0050000000000000044,0.027778000000000025,5.5556,0,-1.0,-1.002,-1.002008016,,,0.1% Demonstration Scenario,0.001,-1.001008,False
2876441_2026-07-12T00:40:21.198382+00:00,2876441,BTC,2026-07-12,2026-07-12T00:40:21.198382+00:00,4.65,0.09,0.08499999999999999,0.0050000000000000044,0.05555550000000005,11.1111,0,-1.0,-1.002,-1.001998998,,,0.1% Demonstration Scenario,0.001,-1.000999,False
2877000_2026-07-12T02:40:21.072984+00:00,2877000,BTC,2026-07-12,2026-07-12T02:40:21.072984+00:00,4.65,0.26,0.255,0.0050000000000000044,0.01923100000000002,3.8462,0,-1.0,-1.002,-1.0020120240000001,,,0.1% Demonstration Scenario,0.001,-1.001012,False
2877992_2026-07-12T04:10:21.202643+00:00,2877992,BTC,2026-07-12,2026-07-12T04:10:21.202643+00:00,4.65,0.07,0.065,0.0050000000000000044,0.07142850000000006,14.2857,0,-1.0,-1.002,-1.0019989980000001,,,0.1% Demonstration Scenario,0.001,-1.000999,False
2879811_2026-07-12T09:10:22.566508+00:00,2879811,BTC,2026-07-12,2026-07-12T09:10:22.566508+00:00,4.62,0.37,0.365,0.0050000000000000044,0.013513500000000013,2.7027,0,-1.0,-1.002,-1.001998998,,,0.1% Demonstration Scenario,0.001,-1.000999,False
2880340_2026-07-12T10:40:20.786887+00:00,2880340,BTC,2026-07-12,2026-07-12T10:40:20.786887+00:00,4.65,0.18,0.175,0.0050000000000000044,0.027778000000000025,5.5556,0,-1.0,-1.002,-1.002008016,,,0.1% Demonstration Scenario,0.001,-1.001008,False
2881940_2026-07-12T13:55:20.625166+00:00,2881940,BTC,2026-07-12,2026-07-12T13:55:20.625166+00:00,4.66,0.26,0.255,0.0050000000000000044,0.01923100000000002,3.8462,0,-1.0,-1.002,-1.0020120240000001,,,0.1% Demonstration Scenario,0.001,-1.001012,False
2883673_2026-07-12T18:25:18.746995+00:00,2883673,BTC,2026-07-12,2026-07-12T18:25:18.746995+00:00,4.69,0.29,0.28500000000000003,0.004999999999999949,0.017241499999999823,3.4483,1,2.4483,2.4463,2.4462929860000004,,,0.1% Demonstration Scenario,0.001,2.4472930000000006,False
2884392_2026-07-12T20:10:19.904607+00:00,2884392,BTC,2026-07-12,2026-07-12T20:10:19.904607+00:00,4.67,0.14,0.135,0.0050000000000000044,0.03571450000000003,7.1429,0,-1.0,-1.002,-1.0020060120000003,,,0.1% Demonstration Scenario,0.001,-1.001006,False
2885380_2026-07-12T22:40:19.131581+00:00,2885380,BTC,2026-07-12,2026-07-12T22:40:19.131581+00:00,4.68,0.27,0.265,0.0050000000000000044,0.018518500000000018,3.7037,0,-1.0,-1.002,-1.0019989980000001,,,0.1% Demonstration Scenario,0.001,-1.000999,False
2887418_2026-07-12T23:40:18.572373+00:00,2887418,BTC,2026-07-12,2026-07-12T23:40:18.572373+00:00,4.69,0.31,0.305,0.0050000000000000044,0.016129000000000015,3.2258,0,-1.0,-1.002,-1.0019979959999998,,,0.1% Demonstration Scenario,0.001,-1.0009979999999998,False
2887659_2026-07-12T23:55:20.718287+00:00,2887659,BTC,2026-07-12,2026-07-12T23:55:20.718287+00:00,4.65,0.2,0.195,0.0050000000000000044,0.025000000000000022,5.0,0,-1.0,-1.002,-1.002,,,0.1% Demonstration Scenario,0.001,-1.001,False
2888147_2026-07-13T01:40:20.706036+00:00,2888147,BTC,2026-07-13,2026-07-13T01:40:20.706036+00:00,4.65,0.39,0.385,0.0050000000000000044,0.01282050000000001,2.5641,0,-1.0,-1.002,-1.001998998,,,0.1% Demonstration Scenario,0.001,-1.000999,False
2888230_2026-07-13T02:10:18.518888+00:00,2888230,BTC,2026-07-13,2026-07-13T02:10:18.518888+00:00,4.69,0.16,0.155,0.0050000000000000044,0.03125000000000003,6.25,1,5.25,5.248,5.248,,,0.1% Demonstration Scenario,0.001,5.249,False
2888607_2026-07-13T03:55:19.670963+00:00,2888607,BTC,2026-07-13,2026-07-13T03:55:19.670963+00:00,4.67,0.38,0.375,0.0050000000000000044,0.013158000000000012,2.6316,0,-1.0,-1.002,-1.002008016,,,0.1% Demonstration Scenario,0.001,-1.001008,False
2890032_2026-07-13T06:25:18.528997+00:00,2890032,BTC,2026-07-13,2026-07-13T06:25:18.528997+00:00,4.69,0.33,0.325,0.0050000000000000044,0.015151500000000014,3.0303,1,2.0303,2.0283,2.0283010019999996,,,0.1% Demonstration Scenario,0.001,2.029301,False
2890523_2026-07-13T06:55:18.528374+00:00,2890523,BTC,2026-07-13,2026-07-13T06:55:18.528374+00:00,4.69,0.14,0.135,0.0050000000000000044,0.03571450000000003,7.1429,0,-1.0,-1.002,-1.0020060120000003,,,0.1% Demonstration Scenario,0.001,-1.001006,False
2890845_2026-07-13T08:40:21.069956+00:00,2890845,BTC,2026-07-13,2026-07-13T08:40:21.069956+00:00,4.65,0.26,0.255,0.0050000000000000044,0.01923100000000002,3.8462,1,2.8462,2.8442,2.8441879759999997,,,0.1% Demonstration Scenario,0.001,2.845188,False
2890961_2026-07-13T09:10:19.932385+00:00,2890961,BTC,2026-07-13,2026-07-13T09:10:19.932385+00:00,4.67,0.11,0.10500000000000001,0.0049999999999999906,0.04545449999999991,9.0909,0,-1.0,-1.002,-1.001998998,,,0.1% Demonstration Scenario,0.001,-1.000999,False
2894625_2026-07-13T12:10:23.859852+00:00,2894625,BTC,2026-07-13,2026-07-13T12:10:23.859852+00:00,4.6,0.22,0.215,0.0050000000000000044,0.02272750000000002,4.5455,0,-1.0,-1.002,-1.00201002,,,0.1% Demonstration Scenario,0.001,-1.0010099999999997,False
2895056_2026-07-13T12:25:24.696386+00:00,2895056,BTC,2026-07-13,2026-07-13T12:25:24.696386+00:00,4.59,0.34,0.335,0.0050000000000000044,0.014706000000000012,2.9412,0,-1.0,-1.002,-1.002008016,,,0.1% Demonstration Scenario,0.001,-1.001008,False
2896854_2026-07-13T16:55:07.052634+00:00,2896854,BTC,2026-07-13,2026-07-13T16:55:07.052634+00:00,4.88,0.08,0.07500000000000001,0.0049999999999999906,0.06249999999999988,12.5,0,-1.0,-1.002,-1.002,,,0.1% Demonstration Scenario,0.001,-1.001,False
2900858_2026-07-13T23:40:08.217763+00:00,2900858,BTC,2026-07-13,2026-07-13T23:40:08.217763+00:00,4.86,0.33,0.325,0.0050000000000000044,0.015151500000000014,3.0303,0,-1.0,-1.002,-1.0019989980000001,,,0.1% Demonstration Scenario,0.001,-1.000999,False
2903420_2026-07-14T05:55:08.751020+00:00,2903420,BTC,2026-07-14,2026-07-14T05:55:08.751020+00:00,4.85,0.15,0.14500000000000002,0.004999999999999977,0.03333349999999984,6.6667,0,-1.0,-1.002,-1.0020050099999998,,,0.1% Demonstration Scenario,0.001,-1.0010049999999997,False
2903764_2026-07-14T07:40:07.029432+00:00,2903764,BTC,2026-07-14,2026-07-14T07:40:07.029432+00:00,4.88,0.17,0.165,0.0050000000000000044,0.029412000000000025,5.8824,0,-1.0,-1.002,-1.002008016,,,0.1% Demonstration Scenario,0.001,-1.001008,False
2904365_2026-07-14T09:10:08.913239+00:00,2904365,BTC,2026-07-14,2026-07-14T09:10:08.913239+00:00,4.85,0.18,0.175,0.0050000000000000044,0.027778000000000025,5.5556,0,-1.0,-1.002,-1.002008016,,,0.1% Demonstration Scenario,0.001,-1.001008,False
2905098_2026-07-14T11:10:07.573171+00:00,2905098,BTC,2026-07-14,2026-07-14T11:10:07.573171+00:00,4.87,0.11,0.10500000000000001,0.0049999999999999906,0.04545449999999991,9.0909,0,-1.0,-1.002,-1.001998998,,,0.1% Demonstration Scenario,0.001,-1.000999,False
2906420_2026-07-14T14:25:08.243754+00:00,2906420,BTC,2026-07-14,2026-07-14T14:25:08.243754+00:00,4.86,0.19,0.185,0.0050000000000000044,0.026316000000000023,5.2632,1,4.2632,4.2612,4.261191984,,,0.1% Demonstration Scenario,0.001,4.262192,False
2906679_2026-07-14T15:10:04.094693+00:00,2906679,BTC,2026-07-14,2026-07-14T15:10:04.094693+00:00,4.93,0.36,0.355,0.0050000000000000044,0.013889000000000012,2.7778,0,-1.0,-1.002,-1.002008016,,,0.1% Demonstration Scenario,0.001,-1.001008,False
2917347_2026-07-15T04:25:07.758290+00:00,2917347,BTC,2026-07-15,2026-07-15T04:25:07.758290+00:00,4.87,0.18,0.175,0.0050000000000000044,0.027778000000000025,5.5556,0,-1.0,-1.002,-1.002008016,,,0.1% Demonstration Scenario,0.001,-1.001008,False
2917567_2026-07-15T04:55:53.345713+00:00,2917567,BTC,2026-07-15,2026-07-15T04:55:53.345713+00:00,4.11,0.34,0.335,0.0050000000000000044,0.014706000000000012,2.9412,0,-1.0,-1.002,-1.002008016,,,0.1% Demonstration Scenario,0.001,-1.001008,False
2919310_2026-07-15T06:25:37.333337+00:00,2919310,BTC,2026-07-15,2026-07-15T06:25:37.333337+00:00,4.38,0.14,0.135,0.0050000000000000044,0.03571450000000003,7.1429,0,-1.0,-1.002,-1.0020060120000003,,,0.1% Demonstration Scenario,0.001,-1.001006,False
2919726_2026-07-15T07:55:35.218920+00:00,2919726,BTC,2026-07-15,2026-07-15T07:55:35.218920+00:00,4.41,0.39,0.385,0.0050000000000000044,0.01282050000000001,2.5641,0,-1.0,-1.002,-1.001998998,,,0.1% Demonstration Scenario,0.001,-1.000999,False
2920503_2026-07-15T10:55:36.841588+00:00,2920503,BTC,2026-07-15,2026-07-15T10:55:36.841588+00:00,4.39,0.4,0.395,0.0050000000000000044,0.012500000000000011,2.5,0,-1.0,-1.002,-1.002,,,0.1% Demonstration Scenario,0.001,-1.001,False
2922444_2026-07-15T14:25:43.728136+00:00,2922444,BTC,2026-07-15,2026-07-15T14:25:43.728136+00:00,4.27,0.19,0.175,0.015000000000000013,0.07894800000000007,5.2632,1,4.2632,4.2612,4.261191984,,,0.1% Demonstration Scenario,0.001,4.262192,False
2922757_2026-07-15T15:55:00.464719+00:00,2922757,BTC,2026-07-15,2026-07-15T15:55:00.464719+00:00,4.99,0.21,0.20500000000000002,0.004999999999999977,0.023809499999999886,4.7619,0,-1.0,-1.002,-1.001998998,,,0.1% Demonstration Scenario,0.001,-1.000999,False
2929157_2026-07-16T00:40:22.487078+00:00,2929157,BTC,2026-07-16,2026-07-16T00:40:22.487078+00:00,4.63,0.17,0.165,0.0050000000000000044,0.029412000000000025,5.8824,0,-1.0,-1.002,-1.002008016,,,0.1% Demonstration Scenario,0.001,-1.001008,False
2930020_2026-07-16T02:40:23.968606+00:00,2930020,BTC,2026-07-16,2026-07-16T02:40:23.968606+00:00,4.6,0.08,0.07500000000000001,0.0049999999999999906,0.06249999999999988,12.5,0,-1.0,-1.002,-1.002,,,0.1% Demonstration Scenario,0.001,-1.001,False
2932423_2026-07-16T07:25:21.046964+00:00,2932423,BTC,2026-07-16,2026-07-16T07:25:21.046964+00:00,4.65,0.06,0.055,0.0049999999999999975,0.08333349999999995,16.6667,0,-1.0,-1.002,-1.002002004,,,0.1% Demonstration Scenario,0.001,-1.0010019999999997,False
2932916_2026-07-16T09:55:26.896703+00:00,2932916,BTC,2026-07-16,2026-07-16T09:55:26.896703+00:00,4.55,0.37,0.365,0.0050000000000000044,0.013513500000000013,2.7027,0,-1.0,-1.002,-1.001998998,,,0.1% Demonstration Scenario,0.001,-1.000999,False
2934028_2026-07-16T11:55:17.422020+00:00,2934028,BTC,2026-07-16,2026-07-16T11:55:17.422020+00:00,4.71,0.15,0.14500000000000002,0.004999999999999977,0.03333349999999984,6.6667,0,-1.0,-1.002,-1.0020050099999998,,,0.1% Demonstration Scenario,0.001,-1.0010049999999997,False
2934982_2026-07-16T14:40:40.343702+00:00,2934982,BTC,2026-07-16,2026-07-16T14:40:40.343702+00:00,4.33,0.18,0.175,0.0050000000000000044,0.027778000000000025,5.5556,0,-1.0,-1.002,-1.002008016,,,0.1% Demonstration Scenario,0.001,-1.001008,False
2935281_2026-07-16T15:55:43.266297+00:00,2935281,BTC,2026-07-16,2026-07-16T15:55:43.266297+00:00,4.28,0.4,0.395,0.0050000000000000044,0.012500000000000011,2.5,0,-1.0,-1.002,-1.002,,,0.1% Demonstration Scenario,0.001,-1.001,False
2935574_2026-07-16T16:25:07.269876+00:00,2935574,BTC,2026-07-16,2026-07-16T16:25:07.269876+00:00,4.88,0.24,0.235,0.0050000000000000044,0.020833500000000015,4.1667,1,3.1667,3.1647,3.1646919839999996,,,0.1% Demonstration Scenario,0.001,3.165692,False
2937368_2026-07-16T19:10:02.664014+00:00,2937368,BTC,2026-07-16,2026-07-16T19:10:02.664014+00:00,4.96,0.38,0.375,0.0050000000000000044,0.013158000000000012,2.6316,0,-1.0,-1.002,-1.002008016,,,0.1% Demonstration Scenario,0.001,-1.001008,False
2937441_2026-07-16T19:40:02.625711+00:00,2937441,BTC,2026-07-16,2026-07-16T19:40:02.625711+00:00,4.96,0.23,0.225,0.0050000000000000044,0.021739000000000022,4.3478,0,-1.0,-1.002,-1.0019939880000002,,,0.1% Demonstration Scenario,0.001,-1.0009940000000002,False
2941062_2026-07-17T00:10:03.818888+00:00,2941062,BTC,2026-07-17,2026-07-17T00:10:03.818888+00:00,4.94,0.11,0.10500000000000001,0.0049999999999999906,0.04545449999999991,9.0909,0,-1.0,-1.002,-1.001998998,,,0.1% Demonstration Scenario,0.001,-1.000999,False
2942210_2026-07-17T03:40:09.756495+00:00,2942210,BTC,2026-07-17,2026-07-17T03:40:09.756495+00:00,4.84,0.22,0.215,0.0050000000000000044,0.02272750000000002,4.5455,0,-1.0,-1.002,-1.00201002,,,0.1% Demonstration Scenario,0.001,-1.0010099999999997,False
2943784_2026-07-17T07:10:11.035529+00:00,2943784,BTC,2026-07-17,2026-07-17T07:10:11.035529+00:00,4.82,0.34,0.335,0.0050000000000000044,0.014706000000000012,2.9412,0,-1.0,-1.002,-1.002008016,,,0.1% Demonstration Scenario,0.001,-1.001008,False
2945062_2026-07-17T10:25:11.316862+00:00,2945062,BTC,2026-07-17,2026-07-17T10:25:11.316862+00:00,4.81,0.21,0.20500000000000002,0.004999999999999977,0.023809499999999886,4.7619,1,3.7619,3.7599,3.759901002,,,0.1% Demonstration Scenario,0.001,3.760901,False
2946801_2026-07-17T14:55:08.755980+00:00,2946801,BTC,2026-07-17,2026-07-17T14:55:08.755980+00:00,4.85,0.14,0.135,0.0050000000000000044,0.03571450000000003,7.1429,0,-1.0,-1.002,-1.0020060120000003,,,0.1% Demonstration Scenario,0.001,-1.001006,False
2948787_2026-07-17T17:55:11.440180+00:00,2948787,BTC,2026-07-17,2026-07-17T17:55:11.440180+00:00,4.81,0.31,0.305,0.0050000000000000044,0.016129000000000015,3.2258,1,2.2258,2.2238,2.223802004,,,0.1% Demonstration Scenario,0.001,2.224802,False
2950872_2026-07-17T19:25:10.068245+00:00,2950872,BTC,2026-07-17,2026-07-17T19:25:10.068245+00:00,4.83,0.12,0.11499999999999999,0.0050000000000000044,0.04166650000000004,8.3333,1,7.3333,7.3313,7.331304008,,,0.1% Demonstration Scenario,0.001,7.332304,False
2954111_2026-07-18T00:55:10.932786+00:00,2954111,BTC,2026-07-18,2026-07-18T00:55:10.932786+00:00,4.82,0.24,0.235,0.0050000000000000044,0.020833500000000015,4.1667,0,-1.0,-1.002,-1.0020080159999998,,,0.1% Demonstration Scenario,0.001,-1.0010079999999997,False
2954670_2026-07-18T02:40:10.352772+00:00,2954670,BTC,2026-07-18,2026-07-18T02:40:10.352772+00:00,4.83,0.23,0.225,0.0050000000000000044,0.021739000000000022,4.3478,0,-1.0,-1.002,-1.0019939880000002,,,0.1% Demonstration Scenario,0.001,-1.0009940000000002,False
2955230_2026-07-18T03:40:10.851645+00:00,2955230,BTC,2026-07-18,2026-07-18T03:40:10.851645+00:00,4.82,0.28,0.275,0.0050000000000000044,0.017857000000000015,3.5714,0,-1.0,-1.002,-1.001991984,,,0.1% Demonstration Scenario,0.001,-1.000992,False
2956748_2026-07-18T05:40:10.389689+00:00,2956748,BTC,2026-07-18,2026-07-18T05:40:10.389689+00:00,4.83,0.33,0.325,0.0050000000000000044,0.015151500000000014,3.0303,1,2.0303,2.0283,2.0283010019999996,,,0.1% Demonstration Scenario,0.001,2.029301,False
2956850_2026-07-18T05:55:09.815500+00:00,2956850,BTC,2026-07-18,2026-07-18T05:55:09.815500+00:00,4.84,0.26,0.255,0.0050000000000000044,0.01923100000000002,3.8462,0,-1.0,-1.002,-1.0020120240000001,,,0.1% Demonstration Scenario,0.001,-1.001012,False
2957182_2026-07-18T07:40:09.142711+00:00,2957182,BTC,2026-07-18,2026-07-18T07:40:09.142711+00:00,4.85,0.12,0.11499999999999999,0.0050000000000000044,0.04166650000000004,8.3333,1,7.3333,7.3313,7.331304008,,,0.1% Demonstration Scenario,0.001,7.332304,False
2957668_2026-07-18T09:25:10.792812+00:00,2957668,BTC,2026-07-18,2026-07-18T09:25:10.792812+00:00,4.82,0.29,0.28500000000000003,0.004999999999999949,0.017241499999999823,3.4483,0,-1.0,-1.002,-1.002007014,,,0.1% Demonstration Scenario,0.001,-1.0010069999999998,False
2958073_2026-07-18T10:40:10.388952+00:00,2958073,BTC,2026-07-18,2026-07-18T10:40:10.388952+00:00,4.83,0.38,0.375,0.0050000000000000044,0.013158000000000012,2.6316,0,-1.0,-1.002,-1.002008016,,,0.1% Demonstration Scenario,0.001,-1.001008,False
2959157_2026-07-18T13:25:11.401375+00:00,2959157,BTC,2026-07-18,2026-07-18T13:25:11.401375+00:00,4.81,0.21,0.20500000000000002,0.004999999999999977,0.023809499999999886,4.7619,1,3.7619,3.7599,3.759901002,,,0.1% Demonstration Scenario,0.001,3.760901,False
2959343_2026-07-18T14:25:09.278070+00:00,2959343,BTC,2026-07-18,2026-07-18T14:25:09.278070+00:00,4.85,0.24,0.235,0.0050000000000000044,0.020833500000000015,4.1667,1,3.1667,3.1647,3.1646919839999996,,,0.1% Demonstration Scenario,0.001,3.165692,False
2959629_2026-07-18T15:10:10.510249+00:00,2959629,BTC,2026-07-18,2026-07-18T15:10:10.510249+00:00,4.82,0.28,0.275,0.0050000000000000044,0.017857000000000015,3.5714,0,-1.0,-1.002,-1.001991984,,,0.1% Demonstration Scenario,0.001,-1.000992,False
2960274_2026-07-18T16:10:10.955693+00:00,2960274,BTC,2026-07-18,2026-07-18T16:10:10.955693+00:00,4.82,0.35,0.345,0.0050000000000000044,0.014285500000000012,2.8571,1,1.8571,1.8551,1.85511503,,,0.1% Demonstration Scenario,0.001,1.8561150000000002,False
2960867_2026-07-18T17:10:09.536849+00:00,2960867,BTC,2026-07-18,2026-07-18T17:10:09.536849+00:00,4.84,0.22,0.215,0.0050000000000000044,0.02272750000000002,4.5455,1,3.5455,3.5435,3.54348998,,,0.1% Demonstration Scenario,0.001,3.54449,False
2961514_2026-07-18T18:10:09.131805+00:00,2961514,BTC,2026-07-18,2026-07-18T18:10:09.131805+00:00,4.85,0.29,0.28500000000000003,0.004999999999999949,0.017241499999999823,3.4483,0,-1.0,-1.002,-1.002007014,,,0.1% Demonstration Scenario,0.001,-1.0010069999999998,False
2967067_2026-07-19T00:40:10.230917+00:00,2967067,BTC,2026-07-19,2026-07-19T00:40:10.230917+00:00,4.83,0.31,0.305,0.0050000000000000044,0.016129000000000015,3.2258,0,-1.0,-1.002,-1.0019979959999998,,,0.1% Demonstration Scenario,0.001,-1.0009979999999998,False
2967554_2026-07-19T01:40:12.000929+00:00,2967554,BTC,2026-07-19,2026-07-19T01:40:12.000929+00:00,4.8,0.37,0.365,0.0050000000000000044,0.013513500000000013,2.7027,0,-1.0,-1.002,-1.001998998,,,0.1% Demonstration Scenario,0.001,-1.000999,False
2969315_2026-07-19T04:55:10.549912+00:00,2969315,BTC,2026-07-19,2026-07-19T04:55:10.549912+00:00,4.82,0.05,0.045,0.0050000000000000044,0.10000000000000009,20.0,0,-1.0,-1.002,-1.002,,,0.1% Demonstration Scenario,0.001,-1.001,False
2969904_2026-07-19T05:25:08.924014+00:00,2969904,BTC,2026-07-19,2026-07-19T05:25:08.924014+00:00,4.85,0.26,0.255,0.0050000000000000044,0.01923100000000002,3.8462,0,-1.0,-1.002,-1.0020120240000001,,,0.1% Demonstration Scenario,0.001,-1.001012,False
2970281_2026-07-19T07:10:10.952578+00:00,2970281,BTC,2026-07-19,2026-07-19T07:10:10.952578+00:00,4.82,0.14,0.135,0.0050000000000000044,0.03571450000000003,7.1429,0,-1.0,-1.002,-1.0020060120000003,,,0.1% Demonstration Scenario,0.001,-1.001006,False
2970623_2026-07-19T08:40:11.446472+00:00,2970623,BTC,2026-07-19,2026-07-19T08:40:11.446472+00:00,4.81,0.38,0.375,0.0050000000000000044,0.013158000000000012,2.6316,0,-1.0,-1.002,-1.002008016,,,0.1% Demonstration Scenario,0.001,-1.001008,False
2971022_2026-07-19T09:55:10.265120+00:00,2971022,BTC,2026-07-19,2026-07-19T09:55:10.265120+00:00,4.83,0.38,0.375,0.0050000000000000044,0.013158000000000012,2.6316,0,-1.0,-1.002,-1.002008016,,,0.1% Demonstration Scenario,0.001,-1.001008,False
2973707_2026-07-19T17:25:10.765719+00:00,2973707,BTC,2026-07-19,2026-07-19T17:25:10.765719+00:00,4.82,0.4,0.395,0.0050000000000000044,0.012500000000000011,2.5,0,-1.0,-1.002,-1.002,,,0.1% Demonstration Scenario,0.001,-1.001,False
2977315_2026-07-19T19:40:10.307738+00:00,2977315,BTC,2026-07-19,2026-07-19T19:40:10.307738+00:00,4.83,0.27,0.265,0.0050000000000000044,0.018518500000000018,3.7037,0,-1.0,-1.002,-1.0019989980000001,,,0.1% Demonstration Scenario,0.001,-1.000999,False
2978732_2026-07-19T23:10:11.231232+00:00,2978732,BTC,2026-07-19,2026-07-19T23:10:11.231232+00:00,4.81,0.38,0.375,0.0050000000000000044,0.013158000000000012,2.6316,1,1.6316,1.6296,1.6295919840000002,,,0.1% Demonstration Scenario,0.001,1.6305920000000003,False
2978829_2026-07-19T23:40:10.107282+00:00,2978829,BTC,2026-07-19,2026-07-19T23:40:10.107282+00:00,4.83,0.31,0.305,0.0050000000000000044,0.016129000000000015,3.2258,1,2.2258,2.2238,2.223802004,,,0.1% Demonstration Scenario,0.001,2.224802,False
2978867_2026-07-19T23:55:55.624064+00:00,2978867,BTC,2026-07-19,2026-07-19T23:55:55.624064+00:00,4.07,0.14,0.135,0.0050000000000000044,0.03571450000000003,7.1429,0,-1.0,-1.002,-1.0020060120000003,,,0.1% Demonstration Scenario,0.001,-1.001006,False
2980103_2026-07-20T03:55:10.739989+00:00,2980103,BTC,2026-07-20,2026-07-20T03:55:10.739989+00:00,4.82,0.13,0.125,0.0050000000000000044,0.03846150000000004,7.6923,0,-1.0,-1.002,-1.0019989980000001,,,0.1% Demonstration Scenario,0.001,-1.000999,False
2985885_2026-07-20T08:10:11.068937+00:00,2985885,BTC,2026-07-20,2026-07-20T08:10:11.068937+00:00,4.82,0.26,0.255,0.0050000000000000044,0.01923100000000002,3.8462,1,2.8462,2.8442,2.8441879759999997,,,0.1% Demonstration Scenario,0.001,2.845188,False
2986003_2026-07-20T08:25:09.605883+00:00,2986003,BTC,2026-07-20,2026-07-20T08:25:09.605883+00:00,4.84,0.23,0.225,0.0050000000000000044,0.021739000000000022,4.3478,0,-1.0,-1.002,-1.0019939880000002,,,0.1% Demonstration Scenario,0.001,-1.0009940000000002,False
2986040_2026-07-20T08:40:10.962375+00:00,2986040,BTC,2026-07-20,2026-07-20T08:40:10.962375+00:00,4.82,0.02,0.017,0.002999999999999999,0.14999999999999997,50.0,0,-1.0,-1.002,-1.002,,,0.1% Demonstration Scenario,0.001,-1.001,False
2988864_2026-07-20T15:25:39.787172+00:00,2988864,BTC,2026-07-20,2026-07-20T15:25:39.787172+00:00,4.34,0.38,0.375,0.0050000000000000044,0.013158000000000012,2.6316,0,-1.0,-1.002,-1.002008016,,,0.1% Demonstration Scenario,0.001,-1.001008,False
2991312_2026-07-20T17:10:40.173142+00:00,2991312,BTC,2026-07-20,2026-07-20T17:10:40.173142+00:00,4.33,0.33,0.325,0.0050000000000000044,0.015151500000000014,3.0303,0,-1.0,-1.002,-1.0019989980000001,,,0.1% Demonstration Scenario,0.001,-1.000999,False
2991339_2026-07-20T17:25:38.757647+00:00,2991339,BTC,2026-07-20,2026-07-20T17:25:38.757647+00:00,4.35,0.37,0.365,0.0050000000000000044,0.013513500000000013,2.7027,1,1.7027,1.7007,1.7007010020000002,,,0.1% Demonstration Scenario,0.001,1.7017010000000004,False
2995141_2026-07-21T00:10:06.629703+00:00,2995141,BTC,2026-07-21,2026-07-21T00:10:06.629703+00:00,4.89,0.11,0.10500000000000001,0.0049999999999999906,0.04545449999999991,9.0909,0,-1.0,-1.002,-1.001998998,,,0.1% Demonstration Scenario,0.001,-1.000999,False
2996111_2026-07-21T03:25:08.515611+00:00,2996111,BTC,2026-07-21,2026-07-21T03:25:08.515611+00:00,4.86,0.26,0.255,0.0050000000000000044,0.01923100000000002,3.8462,1,2.8462,2.8442,2.8441879759999997,,,0.1% Demonstration Scenario,0.001,2.845188,False
2998084_2026-07-21T07:10:43.070568+00:00,2998084,BTC,2026-07-21,2026-07-21T07:10:43.070568+00:00,4.28,0.14,0.135,0.0050000000000000044,0.03571450000000003,7.1429,1,6.1429,6.1409,6.140893988,,,0.1% Demonstration Scenario,0.001,6.141894,False
2998804_2026-07-21T08:55:41.589257+00:00,2998804,BTC,2026-07-21,2026-07-21T08:55:41.589257+00:00,4.31,0.04,0.035,0.0049999999999999975,0.12499999999999994,25.0,0,-1.0,-1.002,-1.002,,,0.1% Demonstration Scenario,0.001,-1.001,False
2999109_2026-07-21T09:10:42.473440+00:00,2999109,BTC,2026-07-21,2026-07-21T09:10:42.473440+00:00,4.29,0.25,0.245,0.0050000000000000044,0.020000000000000018,4.0,0,-1.0,-1.002,-1.002,,,0.1% Demonstration Scenario,0.001,-1.001,False
2999791_2026-07-21T11:25:41.389974+00:00,2999791,BTC,2026-07-21,2026-07-21T11:25:41.389974+00:00,4.31,0.31,0.305,0.0050000000000000044,0.016129000000000015,3.2258,1,2.2258,2.2238,2.223802004,,,0.1% Demonstration Scenario,0.001,2.224802,False
3002503_2026-07-21T16:25:08.392017+00:00,3002503,BTC,2026-07-21,2026-07-21T16:25:08.392017+00:00,4.86,0.22,0.215,0.0050000000000000044,0.02272750000000002,4.5455,0,-1.0,-1.002,-1.00201002,,,0.1% Demonstration Scenario,0.001,-1.0010099999999997,False
3005679_2026-07-21T20:10:31.358244+00:00,3005679,BTC,2026-07-21,2026-07-21T20:10:31.358244+00:00,4.48,0.3,0.295,0.0050000000000000044,0.016666500000000015,3.3333,0,-1.0,-1.002,-1.0019899799999998,,,0.1% Demonstration Scenario,0.001,-1.0009899999999998,False
3006449_2026-07-21T22:10:31.508154+00:00,3006449,BTC,2026-07-21,2026-07-21T22:10:31.508154+00:00,4.47,0.18,0.175,0.0050000000000000044,0.027778000000000025,5.5556,0,-1.0,-1.002,-1.002008016,,,0.1% Demonstration Scenario,0.001,-1.001008,False
3007868_2026-07-21T23:10:30.002784+00:00,3007868,BTC,2026-07-21,2026-07-21T23:10:30.002784+00:00,4.5,0.05,0.045,0.0050000000000000044,0.10000000000000009,20.0,0,-1.0,-1.002,-1.002,,,0.1% Demonstration Scenario,0.001,-1.001,False
3009189_2026-07-22T01:10:31.465683+00:00,3009189,BTC,2026-07-22,2026-07-22T01:10:31.465683+00:00,4.48,0.07,0.065,0.0050000000000000044,0.07142850000000006,14.2857,0,-1.0,-1.002,-1.0019989980000001,,,0.1% Demonstration Scenario,0.001,-1.000999,False
3009713_2026-07-22T02:55:31.479805+00:00,3009713,BTC,2026-07-22,2026-07-22T02:55:31.479805+00:00,4.48,0.17,0.165,0.0050000000000000044,0.029412000000000025,5.8824,0,-1.0,-1.002,-1.002008016,,,0.1% Demonstration Scenario,0.001,-1.001008,False
3009890_2026-07-22T03:40:40.221076+00:00,3009890,BTC,2026-07-22,2026-07-22T03:40:40.221076+00:00,4.33,0.14,0.135,0.0050000000000000044,0.03571450000000003,7.1429,0,-1.0,-1.002,-1.0020060120000003,,,0.1% Demonstration Scenario,0.001,-1.001006,False
3014753_2026-07-22T10:10:50.642697+00:00,3014753,BTC,2026-07-22,2026-07-22T10:10:50.642697+00:00,4.16,0.37,0.365,0.0050000000000000044,0.013513500000000013,2.7027,0,-1.0,-1.002,-1.001998998,,,0.1% Demonstration Scenario,0.001,-1.000999,False
3016183_2026-07-22T11:40:05.162231+00:00,3016183,BTC,2026-07-22,2026-07-22T11:40:05.162231+00:00,4.91,0.11,0.10500000000000001,0.0049999999999999906,0.04545449999999991,9.0909,0,-1.0,-1.002,-1.001998998,,,0.1% Demonstration Scenario,0.001,-1.000999,False
3017148_2026-07-22T12:55:05.470636+00:00,3017148,BTC,2026-07-22,2026-07-22T12:55:05.470636+00:00,4.91,0.2,0.195,0.0050000000000000044,0.025000000000000022,5.0,0,-1.0,-1.002,-1.002,,,0.1% Demonstration Scenario,0.001,-1.001,False
3019216_2026-07-22T17:10:39.205692+00:00,3019216,BTC,2026-07-22,2026-07-22T17:10:39.205692+00:00,4.35,0.37,0.365,0.0050000000000000044,0.013513500000000013,2.7027,0,-1.0,-1.002,-1.001998998,,,0.1% Demonstration Scenario,0.001,-1.000999,False
3020793_2026-07-22T20:55:18.323612+00:00,3020793,BTC,2026-07-22,2026-07-22T20:55:18.323612+00:00,4.69,0.2,0.195,0.0050000000000000044,0.025000000000000022,5.0,0,-1.0,-1.002,-1.002,,,0.1% Demonstration Scenario,0.001,-1.001,False
3021493_2026-07-22T22:10:18.397176+00:00,3021493,BTC,2026-07-22,2026-07-22T22:10:18.397176+00:00,4.69,0.09,0.08499999999999999,0.0050000000000000044,0.05555550000000005,11.1111,0,-1.0,-1.002,-1.001998998,,,0.1% Demonstration Scenario,0.001,-1.000999,False
3023841_2026-07-23T00:55:40.752445+00:00,3023841,BTC,2026-07-23,2026-07-23T00:55:40.752445+00:00,4.32,0.14,0.135,0.0050000000000000044,0.03571450000000003,7.1429,0,-1.0,-1.002,-1.0020060120000003,,,0.1% Demonstration Scenario,0.001,-1.001006,False
3024411_2026-07-23T02:25:40.334186+00:00,3024411,BTC,2026-07-23,2026-07-23T02:25:40.334186+00:00,4.33,0.2,0.195,0.0050000000000000044,0.025000000000000022,5.0,0,-1.0,-1.002,-1.002,,,0.1% Demonstration Scenario,0.001,-1.001,False
3026074_2026-07-23T05:40:41.388851+00:00,3026074,BTC,2026-07-23,2026-07-23T05:40:41.388851+00:00,4.31,0.36,0.355,0.0050000000000000044,0.013889000000000012,2.7778,1,1.7778,1.7758,1.775791984,,,0.1% Demonstration Scenario,0.001,1.7767920000000001,False
3027150_2026-07-23T08:25:39.754173+00:00,3027150,BTC,2026-07-23,2026-07-23T08:25:39.754173+00:00,4.34,0.35,0.345,0.0050000000000000044,0.014285500000000012,2.8571,1,1.8571,1.8551,1.85511503,,,0.1% Demonstration Scenario,0.001,1.8561150000000002,False
3027338_2026-07-23T08:55:40.897539+00:00,3027338,BTC,2026-07-23,2026-07-23T08:55:40.897539+00:00,4.32,0.36,0.35,0.010000000000000009,0.027778000000000025,2.7778,1,1.7778,1.7758,1.775791984,,,0.1% Demonstration Scenario,0.001,1.7767920000000001,False
3027439_2026-07-23T09:40:40.020946+00:00,3027439,BTC,2026-07-23,2026-07-23T09:40:40.020946+00:00,4.33,0.34,0.335,0.0050000000000000044,0.014706000000000012,2.9412,1,1.9412,1.9392,1.9391919839999998,,,0.1% Demonstration Scenario,0.001,1.940192,False
3037257_2026-07-23T19:40:14.993925+00:00,3037257,BTC,2026-07-23,2026-07-23T19:40:14.993925+00:00,4.75,0.06,0.055,0.0049999999999999975,0.08333349999999995,16.6667,0,-1.0,-1.002,-1.002002004,,,0.1% Demonstration Scenario,0.001,-1.0010019999999997,False
3047506_2026-07-23T23:10:14.309624+00:00,3047506,BTC,2026-07-23,2026-07-23T23:10:14.309624+00:00,4.76,0.26,0.255,0.0050000000000000044,0.01923100000000002,3.8462,1,2.8462,2.8442,2.8441879759999997,,,0.1% Demonstration Scenario,0.001,2.845188,False
3048393_2026-07-24T00:40:16.663201+00:00,3048393,BTC,2026-07-24,2026-07-24T00:40:16.663201+00:00,4.72,0.06,0.055,0.0049999999999999975,0.08333349999999995,16.6667,0,-1.0,-1.002,-1.002002004,,,0.1% Demonstration Scenario,0.001,-1.0010019999999997,False
3053176_2026-07-24T10:40:15.634743+00:00,3053176,BTC,2026-07-24,2026-07-24T10:40:15.634743+00:00,4.74,0.4,0.385,0.015000000000000013,0.03750000000000003,2.5,1,1.5,1.498,1.498,,,0.1% Demonstration Scenario,0.001,1.499,False
3054974_2026-07-24T14:40:16.712941+00:00,3054974,BTC,2026-07-24,2026-07-24T14:40:16.712941+00:00,4.72,0.4,0.395,0.0050000000000000044,0.012500000000000011,2.5,0,-1.0,-1.002,-1.002,,,0.1% Demonstration Scenario,0.001,-1.001,False
3068162_2026-07-24T17:10:39.826594+00:00,3068162,BTC,2026-07-24,2026-07-24T17:10:39.826594+00:00,4.34,0.37,0.365,0.0050000000000000044,0.013513500000000013,2.7027,1,1.7027,1.7007,1.7007010020000002,,,0.1% Demonstration Scenario,0.001,1.7017010000000004,False
3068802_2026-07-24T18:10:40.228252+00:00,3068802,BTC,2026-07-24,2026-07-24T18:10:40.228252+00:00,4.33,0.37,0.365,0.0050000000000000044,0.013513500000000013,2.7027,1,1.7027,1.7007,1.7007010020000002,,,0.1% Demonstration Scenario,0.001,1.7017010000000004,False
3071568_2026-07-24T20:40:39.983428+00:00,3071568,BTC,2026-07-24,2026-07-24T20:40:39.983428+00:00,4.33,0.22,0.215,0.0050000000000000044,0.02272750000000002,4.5455,0,-1.0,-1.002,-1.00201002,,,0.1% Demonstration Scenario,0.001,-1.0010099999999997,False
3071629_2026-07-24T20:55:38.110417+00:00,3071629,BTC,2026-07-24,2026-07-24T20:55:38.110417+00:00,4.36,0.3,0.295,0.0050000000000000044,0.016666500000000015,3.3333,0,-1.0,-1.002,-1.0019899799999998,,,0.1% Demonstration Scenario,0.001,-1.0009899999999998,False
3071809_2026-07-24T21:40:38.448590+00:00,3071809,BTC,2026-07-24,2026-07-24T21:40:38.448590+00:00,4.36,0.26,0.255,0.0050000000000000044,0.01923100000000002,3.8462,0,-1.0,-1.002,-1.0020120240000001,,,0.1% Demonstration Scenario,0.001,-1.001012,False
3071915_2026-07-24T21:55:38.447543+00:00,3071915,BTC,2026-07-24,2026-07-24T21:55:38.447543+00:00,4.36,0.23,0.225,0.0050000000000000044,0.021739000000000022,4.3478,0,-1.0,-1.002,-1.0019939880000002,,,0.1% Demonstration Scenario,0.001,-1.0009940000000002,False
3072339_2026-07-24T22:55:38.752984+00:00,3072339,BTC,2026-07-24,2026-07-24T22:55:38.752984+00:00,4.35,0.36,0.355,0.0050000000000000044,0.013889000000000012,2.7778,0,-1.0,-1.002,-1.002008016,,,0.1% Demonstration Scenario,0.001,-1.001008,False
3073856_2026-07-25T00:40:39.488051+00:00,3073856,BTC,2026-07-25,2026-07-25T00:40:39.488051+00:00,4.34,0.31,0.305,0.0050000000000000044,0.016129000000000015,3.2258,0,-1.0,-1.002,-1.0019979959999998,,,0.1% Demonstration Scenario,0.001,-1.0009979999999998,False
3078622_2026-07-25T07:55:28.990323+00:00,3078622,BTC,2026-07-25,2026-07-25T07:55:28.990323+00:00,4.52,0.23,0.225,0.0050000000000000044,0.021739000000000022,4.3478,0,-1.0,-1.002,-1.0019939880000002,,,0.1% Demonstration Scenario,0.001,-1.0009940000000002,False
3079330_2026-07-25T10:25:44.104658+00:00,3079330,BTC,2026-07-25,2026-07-25T10:25:44.104658+00:00,4.26,0.25,0.235,0.015000000000000013,0.06000000000000005,4.0,0,-1.0,-1.002,-1.002,,,0.1% Demonstration Scenario,0.001,-1.001,False
3079873_2026-07-25T11:10:37.730985+00:00,3079873,BTC,2026-07-25,2026-07-25T11:10:37.730985+00:00,4.37,0.3,0.295,0.0050000000000000044,0.016666500000000015,3.3333,1,2.3333,2.3313,2.33131002,,,0.1% Demonstration Scenario,0.001,2.33231,False
3079942_2026-07-25T11:40:38.238191+00:00,3079942,BTC,2026-07-25,2026-07-25T11:40:38.238191+00:00,4.36,0.3,0.295,0.0050000000000000044,0.016666500000000015,3.3333,0,-1.0,-1.002,-1.0019899799999998,,,0.1% Demonstration Scenario,0.001,-1.0009899999999998,False
3081138_2026-07-25T13:55:06.985967+00:00,3081138,BTC,2026-07-25,2026-07-25T13:55:06.985967+00:00,4.88,0.32,0.315,0.0050000000000000044,0.015625000000000014,3.125,0,-1.0,-1.002,-1.002,,,0.1% Demonstration Scenario,0.001,-1.001,False
3081705_2026-07-25T15:25:07.847171+00:00,3081705,BTC,2026-07-25,2026-07-25T15:25:07.847171+00:00,4.87,0.14,0.135,0.0050000000000000044,0.03571450000000003,7.1429,0,-1.0,-1.002,-1.0020060120000003,,,0.1% Demonstration Scenario,0.001,-1.001006,False
3089783_2026-07-25T19:25:08.046128+00:00,3089783,BTC,2026-07-25,2026-07-25T19:25:08.046128+00:00,4.87,0.21,0.20500000000000002,0.004999999999999977,0.023809499999999886,4.7619,0,-1.0,-1.002,-1.001998998,,,0.1% Demonstration Scenario,0.001,-1.000999,False
3090242_2026-07-25T19:40:06.474886+00:00,3090242,BTC,2026-07-25,2026-07-25T19:40:06.474886+00:00,4.89,0.24,0.235,0.0050000000000000044,0.020833500000000015,4.1667,0,-1.0,-1.002,-1.0020080159999998,,,0.1% Demonstration Scenario,0.001,-1.0010079999999997,False
3094469_2026-07-26T00:40:06.384624+00:00,3094469,BTC,2026-07-26,2026-07-26T00:40:06.384624+00:00,4.89,0.03,0.025,0.0049999999999999975,0.1666664999999999,33.3333,0,-1.0,-1.002,-1.001998998,,,0.1% Demonstration Scenario,0.001,-1.000999,False
3095467_2026-07-26T03:10:05.934691+00:00,3095467,BTC,2026-07-26,2026-07-26T03:10:05.934691+00:00,4.9,0.17,0.15500000000000003,0.014999999999999986,0.08823599999999991,5.8824,1,4.8824,4.8804,4.880391983999999,,,0.1% Demonstration Scenario,0.001,4.881391999999999,False
3097288_2026-07-26T04:55:05.943262+00:00,3097288,BTC,2026-07-26,2026-07-26T04:55:05.943262+00:00,4.9,0.12,0.11499999999999999,0.0050000000000000044,0.04166650000000004,8.3333,0,-1.0,-1.002,-1.001995992,,,0.1% Demonstration Scenario,0.001,-1.0009959999999998,False
3097997_2026-07-26T05:10:06.436539+00:00,3097997,BTC,2026-07-26,2026-07-26T05:10:06.436539+00:00,4.89,0.16,0.155,0.0050000000000000044,0.03125000000000003,6.25,0,-1.0,-1.002,-1.002,,,0.1% Demonstration Scenario,0.001,-1.001,False
3101164_2026-07-26T15:10:13.874042+00:00,3101164,BTC,2026-07-26,2026-07-26T15:10:13.874042+00:00,4.77,0.21,0.20500000000000002,0.004999999999999977,0.023809499999999886,4.7619,0,-1.0,-1.002,-1.001998998,,,0.1% Demonstration Scenario,0.001,-1.000999,False
3104943_2026-07-26T21:40:07.305264+00:00,3104943,BTC,2026-07-26,2026-07-26T21:40:07.305264+00:00,4.88,0.4,0.395,0.0050000000000000044,0.012500000000000011,2.5,0,-1.0,-1.002,-1.002,,,0.1% Demonstration Scenario,0.001,-1.001,False
3105351_2026-07-26T22:55:07.698852+00:00,3105351,BTC,2026-07-26,2026-07-26T22:55:07.698852+00:00,4.87,0.19,0.185,0.0050000000000000044,0.026316000000000023,5.2632,0,-1.0,-1.002,-1.002008016,,,0.1% Demonstration Scenario,0.001,-1.001008,False
3107382_2026-07-27T02:25:08.177375+00:00,3107382,BTC,2026-07-27,2026-07-27T02:25:08.177375+00:00,4.86,0.27,0.265,0.0050000000000000044,0.018518500000000018,3.7037,0,-1.0,-1.002,-1.0019989980000001,,,0.1% Demonstration Scenario,0.001,-1.000999,False
3107534_2026-07-27T03:40:07.285095+00:00,3107534,BTC,2026-07-27,2026-07-27T03:40:07.285095+00:00,4.88,0.23,0.225,0.0050000000000000044,0.021739000000000022,4.3478,1,3.3478,3.3458,3.345806012,,,0.1% Demonstration Scenario,0.001,3.3468060000000004,False
3108089_2026-07-27T05:40:35.946734+00:00,3108089,BTC,2026-07-27,2026-07-27T05:40:35.946734+00:00,4.4,0.09,0.08499999999999999,0.0050000000000000044,0.05555550000000005,11.1111,0,-1.0,-1.002,-1.001998998,,,0.1% Demonstration Scenario,0.001,-1.000999,False
3113607_2026-07-27T11:10:14.264327+00:00,3113607,BTC,2026-07-27,2026-07-27T11:10:14.264327+00:00,4.76,0.09,0.08499999999999999,0.0050000000000000044,0.05555550000000005,11.1111,0,-1.0,-1.002,-1.001998998,,,0.1% Demonstration Scenario,0.001,-1.000999,False
3113641_2026-07-27T11:25:15.657758+00:00,3113641,BTC,2026-07-27,2026-07-27T11:25:15.657758+00:00,4.74,0.05,0.045,0.0050000000000000044,0.10000000000000009,20.0,0,-1.0,-1.002,-1.002,,,0.1% Demonstration Scenario,0.001,-1.001,False
3114067_2026-07-27T13:10:36.580285+00:00,3114067,BTC,2026-07-27,2026-07-27T13:10:36.580285+00:00,4.39,0.14,0.135,0.0050000000000000044,0.03571450000000003,7.1429,0,-1.0,-1.002,-1.0020060120000003,,,0.1% Demonstration Scenario,0.001,-1.001006,False
3114261_2026-07-27T13:25:40.662441+00:00,3114261,BTC,2026-07-27,2026-07-27T13:25:40.662441+00:00,4.32,0.12,0.11499999999999999,0.0050000000000000044,0.04166650000000004,8.3333,0,-1.0,-1.002,-1.001995992,,,0.1% Demonstration Scenario,0.001,-1.0009959999999998,False
3114538_2026-07-27T15:10:40.997199+00:00,3114538,BTC,2026-07-27,2026-07-27T15:10:40.997199+00:00,4.32,0.34,0.335,0.0050000000000000044,0.014706000000000012,2.9412,1,1.9412,1.9392,1.9391919839999998,,,0.1% Demonstration Scenario,0.001,1.940192,False
3114567_2026-07-27T15:25:41.470212+00:00,3114567,BTC,2026-07-27,2026-07-27T15:25:41.470212+00:00,4.31,0.11,0.10500000000000001,0.0049999999999999906,0.04545449999999991,9.0909,0,-1.0,-1.002,-1.001998998,,,0.1% Demonstration Scenario,0.001,-1.000999,False
3114589_2026-07-27T15:40:40.043704+00:00,3114589,BTC,2026-07-27,2026-07-27T15:40:40.043704+00:00,4.33,0.16,0.155,0.0050000000000000044,0.03125000000000003,6.25,0,-1.0,-1.002,-1.002,,,0.1% Demonstration Scenario,0.001,-1.001,False
3114962_2026-07-27T17:10:41.633810+00:00,3114962,BTC,2026-07-27,2026-07-27T17:10:41.633810+00:00,4.31,0.25,0.245,0.0050000000000000044,0.020000000000000018,4.0,0,-1.0,-1.002,-1.002,,,0.1% Demonstration Scenario,0.001,-1.001,False
3115746_2026-07-27T17:55:40.038164+00:00,3115746,BTC,2026-07-27,2026-07-27T17:55:40.038164+00:00,4.33,0.35,0.345,0.0050000000000000044,0.014285500000000012,2.8571,1,1.8571,1.8551,1.85511503,,,0.1% Demonstration Scenario,0.001,1.8561150000000002,False
3116959_2026-07-27T19:25:40.707277+00:00,3116959,BTC,2026-07-27,2026-07-27T19:25:40.707277+00:00,4.32,0.25,0.245,0.0050000000000000044,0.020000000000000018,4.0,1,3.0,2.998,2.998,,,0.1% Demonstration Scenario,0.001,2.999,False
3120012_2026-07-27T20:40:40.064894+00:00,3120012,BTC,2026-07-27,2026-07-27T20:40:40.064894+00:00,4.33,0.06,0.055,0.0049999999999999975,0.08333349999999995,16.6667,0,-1.0,-1.002,-1.002002004,,,0.1% Demonstration Scenario,0.001,-1.0010019999999997,False
3120686_2026-07-27T21:10:40.023131+00:00,3120686,BTC,2026-07-27,2026-07-27T21:10:40.023131+00:00,4.33,0.11,0.10500000000000001,0.0049999999999999906,0.04545449999999991,9.0909,0,-1.0,-1.002,-1.001998998,,,0.1% Demonstration Scenario,0.001,-1.000999,False
3121806_2026-07-27T23:10:40.619215+00:00,3121806,BTC,2026-07-27,2026-07-27T23:10:40.619215+00:00,4.32,0.14,0.135,0.0050000000000000044,0.03571450000000003,7.1429,1,6.1429,6.1409,6.140893988,,,0.1% Demonstration Scenario,0.001,6.141894,False
3122405_2026-07-28T00:55:41.090204+00:00,3122405,BTC,2026-07-28,2026-07-28T00:55:41.090204+00:00,4.32,0.17,0.165,0.0050000000000000044,0.029412000000000025,5.8824,0,-1.0,-1.002,-1.002008016,,,0.1% Demonstration Scenario,0.001,-1.001008,False
3125273_2026-07-28T08:40:27.795798+00:00,3125273,BTC,2026-07-28,2026-07-28T08:40:27.795798+00:00,4.54,0.32,0.29000000000000004,0.02999999999999997,0.09374999999999992,3.125,1,2.125,2.123,2.123,,,0.1% Demonstration Scenario,0.001,2.124,False
3129246_2026-07-28T19:25:44.627858+00:00,3129246,BTC,2026-07-28,2026-07-28T19:25:44.627858+00:00,4.26,0.31,0.305,0.0050000000000000044,0.016129000000000015,3.2258,0,-1.0,-1.002,-1.0019979959999998,,,0.1% Demonstration Scenario,0.001,-1.0009979999999998,False
3132446_2026-07-28T21:25:42.567952+00:00,3132446,BTC,2026-07-28,2026-07-28T21:25:42.567952+00:00,4.29,0.38,0.375,0.0050000000000000044,0.013158000000000012,2.6316,0,-1.0,-1.002,-1.002008016,,,0.1% Demonstration Scenario,0.001,-1.001008,False
3133991_2026-07-28T21:55:44.135020+00:00,3133991,BTC,2026-07-28,2026-07-28T21:55:44.135020+00:00,4.26,0.29,0.28500000000000003,0.004999999999999949,0.017241499999999823,3.4483,0,-1.0,-1.002,-1.002007014,,,0.1% Demonstration Scenario,0.001,-1.0010069999999998,False
3135888_2026-07-28T22:40:42.538121+00:00,3135888,BTC,2026-07-28,2026-07-28T22:40:42.538121+00:00,4.29,0.18,0.175,0.0050000000000000044,0.027778000000000025,5.5556,0,-1.0,-1.002,-1.002008016,,,0.1% Demonstration Scenario,0.001,-1.001008,False
3141485_2026-07-28T23:25:44.564928+00:00,3141485,BTC,2026-07-28,2026-07-28T23:25:44.564928+00:00,4.26,0.07,0.065,0.0050000000000000044,0.07142850000000006,14.2857,1,13.2857,13.2837,13.283701001999999,,,0.1% Demonstration Scenario,0.001,13.284701,False
3142367_2026-07-29T00:55:43.612483+00:00,3142367,BTC,2026-07-29,2026-07-29T00:55:43.612483+00:00,4.27,0.29,0.28500000000000003,0.004999999999999949,0.017241499999999823,3.4483,0,-1.0,-1.002,-1.002007014,,,0.1% Demonstration Scenario,0.001,-1.0010069999999998,False
3142638_2026-07-29T01:40:44.704850+00:00,3142638,BTC,2026-07-29,2026-07-29T01:40:44.704850+00:00,4.25,0.17,0.165,0.0050000000000000044,0.029412000000000025,5.8824,0,-1.0,-1.002,-1.002008016,,,0.1% Demonstration Scenario,0.001,-1.001008,False
3142781_2026-07-29T01:55:44.601996+00:00,3142781,BTC,2026-07-29,2026-07-29T01:55:44.601996+00:00,4.26,0.1,0.095,0.0050000000000000044,0.050000000000000044,10.0,0,-1.0,-1.002,-1.002,,,0.1% Demonstration Scenario,0.001,-1.001,False
3150049_2026-07-29T06:55:43.842135+00:00,3150049,BTC,2026-07-29,2026-07-29T06:55:43.842135+00:00,4.27,0.11,0.10500000000000001,0.0049999999999999906,0.04545449999999991,9.0909,0,-1.0,-1.002,-1.001998998,,,0.1% Demonstration Scenario,0.001,-1.000999,False
3151529_2026-07-29T10:25:43.512398+00:00,3151529,BTC,2026-07-29,2026-07-29T10:25:43.512398+00:00,4.27,0.13,0.125,0.0050000000000000044,0.03846150000000004,7.6923,0,-1.0,-1.002,-1.0019989980000001,,,0.1% Demonstration Scenario,0.001,-1.000999,False
3155014_2026-07-29T12:55:42.583079+00:00,3155014,BTC,2026-07-29,2026-07-29T12:55:42.583079+00:00,4.29,0.17,0.165,0.0050000000000000044,0.029412000000000025,5.8824,0,-1.0,-1.002,-1.002008016,,,0.1% Demonstration Scenario,0.001,-1.001008,False
3155768_2026-07-29T13:55:42.557456+00:00,3155768,BTC,2026-07-29,2026-07-29T13:55:42.557456+00:00,4.29,0.32,0.315,0.0050000000000000044,0.015625000000000014,3.125,1,2.125,2.123,2.123,,,0.1% Demonstration Scenario,0.001,2.124,False
3157228_2026-07-29T15:25:43.589858+00:00,3157228,BTC,2026-07-29,2026-07-29T15:25:43.589858+00:00,4.27,0.05,0.045,0.0050000000000000044,0.10000000000000009,20.0,0,-1.0,-1.002,-1.002,,,0.1% Demonstration Scenario,0.001,-1.001,False
3182746_2026-07-29T19:25:43.002914+00:00,3182746,BTC,2026-07-29,2026-07-29T19:25:43.002914+00:00,4.28,0.04,0.035,0.0049999999999999975,0.12499999999999994,25.0,0,-1.0,-1.002,-1.002,,,0.1% Demonstration Scenario,0.001,-1.001,False
3187613_2026-07-29T20:10:44.072599+00:00,3187613,BTC,2026-07-29,2026-07-29T20:10:44.072599+00:00,4.27,0.03,0.025,0.0049999999999999975,0.1666664999999999,33.3333,1,32.3333,32.3313,32.331301002,,,0.1% Demonstration Scenario,0.001,32.332301,False
3188372_2026-07-29T20:55:43.093513+00:00,3188372,BTC,2026-07-29,2026-07-29T20:55:43.093513+00:00,4.28,0.22,0.215,0.0050000000000000044,0.02272750000000002,4.5455,0,-1.0,-1.002,-1.00201002,,,0.1% Demonstration Scenario,0.001,-1.0010099999999997,False
3190201_2026-07-29T21:10:44.011497+00:00,3190201,BTC,2026-07-29,2026-07-29T21:10:44.011497+00:00,4.27,0.228,0.224,0.0040000000000000036,0.017544000000000014,4.386,0,-1.0,-1.002,-1.002008016,,,0.1% Demonstration Scenario,0.001,-1.001008,False
3196869_2026-07-30T04:25:29.896765+00:00,3196869,BTC,2026-07-30,2026-07-30T04:25:29.896765+00:00,4.5,0.12,0.11499999999999999,0.0050000000000000044,0.04166650000000004,8.3333,0,-1.0,-1.002,-1.001995992,,,0.1% Demonstration Scenario,0.001,-1.0009959999999998,False
3199352_2026-07-30T06:55:28.813623+00:00,3199352,BTC,2026-07-30,2026-07-30T06:55:28.813623+00:00,4.52,0.35,0.345,0.0050000000000000044,0.014285500000000012,2.8571,0,-1.0,-1.002,-1.0019849699999999,,,0.1% Demonstration Scenario,0.001,-1.0009849999999998,False
3199615_2026-07-30T07:55:31.224454+00:00,3199615,BTC,2026-07-30,2026-07-30T07:55:31.224454+00:00,4.48,0.14,0.135,0.0050000000000000044,0.03571450000000003,7.1429,0,-1.0,-1.002,-1.0020060120000003,,,0.1% Demonstration Scenario,0.001,-1.001006,False
3215202_2026-07-31T01:25:29.266076+00:00,3215202,BTC,2026-07-31,2026-07-31T01:25:29.266076+00:00,4.51,0.19,0.185,0.0050000000000000044,0.026316000000000023,5.2632,0,-1.0,-1.002,-1.002008016,,,0.1% Demonstration Scenario,0.001,-1.001008,False
3218942_2026-07-31T05:25:33.657269+00:00,3218942,BTC,2026-07-31,2026-07-31T05:25:33.657269+00:00,4.44,0.1,0.095,0.0050000000000000044,0.050000000000000044,10.0,0,-1.0,-1.002,-1.002,,,0.1% Demonstration Scenario,0.001,-1.001,False
3220686_2026-07-31T11:55:11.797834+00:00,3220686,BTC,2026-07-31,2026-07-31T11:55:11.797834+00:00,4.8,0.29,0.28500000000000003,0.004999999999999949,0.017241499999999823,3.4483,0,-1.0,-1.002,-1.002007014,,,0.1% Demonstration Scenario,0.001,-1.0010069999999998,False
3222390_2026-07-31T14:25:16.156643+00:00,3222390,BTC,2026-07-31,2026-07-31T14:25:16.156643+00:00,4.73,0.35,0.345,0.0050000000000000044,0.014285500000000012,2.8571,0,-1.0,-1.002,-1.0019849699999999,,,0.1% Demonstration Scenario,0.001,-1.0009849999999998,False
3222933_2026-07-31T15:25:16.689530+00:00,3222933,BTC,2026-07-31,2026-07-31T15:25:16.689530+00:00,4.72,0.21,0.20500000000000002,0.004999999999999977,0.023809499999999886,4.7619,0,-1.0,-1.002,-1.001998998,,,0.1% Demonstration Scenario,0.001,-1.000999,False
3223128_2026-07-31T15:55:18.081018+00:00,3223128,BTC,2026-07-31,2026-07-31T15:55:18.081018+00:00,4.7,0.4,0.395,0.0050000000000000044,0.012500000000000011,2.5,0,-1.0,-1.002,-1.002,,,0.1% Demonstration Scenario,0.001,-1.001,False
3226521_2026-07-31T17:10:13.018095+00:00,3226521,BTC,2026-07-31,2026-07-31T17:10:13.018095+00:00,4.78,0.29,0.28,0.009999999999999953,0.03448299999999984,3.4483,1,2.4483,2.4463,2.4462929860000004,,,0.1% Demonstration Scenario,0.001,2.4472930000000006,False
3231554_2026-07-31T20:40:11.873212+00:00,3231554,BTC,2026-07-31,2026-07-31T20:40:11.873212+00:00,4.8,0.07,0.065,0.0050000000000000044,0.07142850000000006,14.2857,0,-1.0,-1.002,-1.0019989980000001,,,0.1% Demonstration Scenario,0.001,-1.000999,False
3231676_2026-07-31T20:55:13.974461+00:00,3231676,BTC,2026-07-31,2026-07-31T20:55:13.974461+00:00,4.77,0.17,0.165,0.0050000000000000044,0.029412000000000025,5.8824,0,-1.0,-1.002,-1.002008016,,,0.1% Demonstration Scenario,0.001,-1.001008,False
3234658_2026-08-01T01:25:14.110270+00:00,3234658,BTC,2026-08-01,2026-08-01T01:25:14.110270+00:00,4.76,0.4,0.395,0.0050000000000000044,0.012500000000000011,2.5,0,-1.0,-1.002,-1.002,,,0.1% Demonstration Scenario,0.001,-1.001,False
3235397_2026-08-01T02:55:13.675008+00:00,3235397,BTC,2026-08-01,2026-08-01T02:55:13.675008+00:00,4.77,0.16,0.155,0.0050000000000000044,0.03125000000000003,6.25,0,-1.0,-1.002,-1.002,,,0.1% Demonstration Scenario,0.001,-1.001,False
3237617_2026-08-01T05:25:15.968299+00:00,3237617,BTC,2026-08-01,2026-08-01T05:25:15.968299+00:00,4.73,0.13,0.125,0.0050000000000000044,0.03846150000000004,7.6923,0,-1.0,-1.002,-1.0019989980000001,,,0.1% Demonstration Scenario,0.001,-1.000999,False
3240394_2026-08-01T13:10:15.328403+00:00,3240394,BTC,2026-08-01,2026-08-01T13:10:15.328403+00:00,4.74,0.28,0.24000000000000002,0.04000000000000001,0.14285600000000004,3.5714,0,-1.0,-1.002,-1.001991984,,,0.1% Demonstration Scenario,0.001,-1.000992,False
3247798_2026-08-01T21:40:57.875343+00:00,3247798,BTC,2026-08-01,2026-08-01T21:40:57.875343+00:00,4.04,0.32,0.315,0.0050000000000000044,0.015625000000000014,3.125,1,2.125,2.123,2.123,,,0.1% Demonstration Scenario,0.001,2.124,False
3252038_2026-08-02T00:25:14.819312+00:00,3252038,BTC,2026-08-02,2026-08-02T00:25:14.819312+00:00,4.75,0.26,0.255,0.0050000000000000044,0.01923100000000002,3.8462,0,-1.0,-1.002,-1.0020120240000001,,,0.1% Demonstration Scenario,0.001,-1.001012,False
3254692_2026-08-02T04:40:53.447111+00:00,3254692,BTC,2026-08-02,2026-08-02T04:40:53.447111+00:00,4.11,0.21,0.20500000000000002,0.004999999999999977,0.023809499999999886,4.7619,0,-1.0,-1.002,-1.001998998,,,0.1% Demonstration Scenario,0.001,-1.000999,False
3258612_2026-08-02T06:55:07.142696+00:00,3258612,BTC,2026-08-02,2026-08-02T06:55:07.142696+00:00,4.88,0.34,0.335,0.0050000000000000044,0.014706000000000012,2.9412,0,-1.0,-1.002,-1.002008016,,,0.1% Demonstration Scenario,0.001,-1.001008,False
3259929_2026-08-02T10:55:09.518351+00:00,3259929,BTC,2026-08-02,2026-08-02T10:55:09.518351+00:00,4.84,0.36,0.355,0.0050000000000000044,0.013889000000000012,2.7778,1,1.7778,1.7758,1.775791984,,,0.1% Demonstration Scenario,0.001,1.7767920000000001,False
3262372_2026-08-02T15:25:08.173845+00:00,3262372,BTC,2026-08-02,2026-08-02T15:25:08.173845+00:00,4.86,0.37,0.365,0.0050000000000000044,0.013513500000000013,2.7027,1,1.7027,1.7007,1.7007010020000002,,,0.1% Demonstration Scenario,0.001,1.7017010000000004,False
3271345_2026-08-02T19:10:05.595700+00:00,3271345,BTC,2026-08-02,2026-08-02T19:10:05.595700+00:00,4.91,0.29,0.28500000000000003,0.004999999999999949,0.017241499999999823,3.4483,0,-1.0,-1.002,-1.002007014,,,0.1% Demonstration Scenario,0.001,-1.0010069999999998,False
3273936_2026-08-02T20:25:04.996463+00:00,3273936,BTC,2026-08-02,2026-08-02T20:25:04.996463+00:00,4.92,0.05,0.045,0.0050000000000000044,0.10000000000000009,20.0,0,-1.0,-1.002,-1.002,,,0.1% Demonstration Scenario,0.001,-1.001,False
3275478_2026-08-02T21:40:05.701560+00:00,3275478,BTC,2026-08-02,2026-08-02T21:40:05.701560+00:00,4.9,0.18,0.175,0.0050000000000000044,0.027778000000000025,5.5556,1,4.5556,4.5536,4.553591984,,,0.1% Demonstration Scenario,0.001,4.5545919999999995,False
3277876_2026-08-02T23:40:04.939604+00:00,3277876,BTC,2026-08-02,2026-08-02T23:40:04.939604+00:00,4.92,0.34,0.335,0.0050000000000000044,0.014706000000000012,2.9412,0,-1.0,-1.002,-1.002008016,,,0.1% Demonstration Scenario,0.001,-1.001008,False
3278098_2026-08-03T00:25:07.214066+00:00,3278098,BTC,2026-08-03,2026-08-03T00:25:07.214066+00:00,4.88,0.14,0.135,0.0050000000000000044,0.03571450000000003,7.1429,0,-1.0,-1.002,-1.0020060120000003,,,0.1% Demonstration Scenario,0.001,-1.001006,False
3278840_2026-08-03T02:10:27.181861+00:00,3278840,BTC,2026-08-03,2026-08-03T02:10:27.181861+00:00,4.55,0.1,0.095,0.0050000000000000044,0.050000000000000044,10.0,0,-1.0,-1.002,-1.002,,,0.1% Demonstration Scenario,0.001,-1.001,False
3279418_2026-08-03T03:40:27.841686+00:00,3279418,BTC,2026-08-03,2026-08-03T03:40:27.841686+00:00,4.54,0.2,0.195,0.0050000000000000044,0.025000000000000022,5.0,0,-1.0,-1.002,-1.002,,,0.1% Demonstration Scenario,0.001,-1.001,False
3282523_2026-08-03T05:25:26.176365+00:00,3282523,BTC,2026-08-03,2026-08-03T05:25:26.176365+00:00,4.56,0.31,0.305,0.0050000000000000044,0.016129000000000015,3.2258,0,-1.0,-1.002,-1.0019979959999998,,,0.1% Demonstration Scenario,0.001,-1.0009979999999998,False
3283767_2026-08-03T07:55:00.452132+00:00,3283767,BTC,2026-08-03,2026-08-03T07:55:00.452132+00:00,4.99,0.3,0.295,0.0050000000000000044,0.016666500000000015,3.3333,0,-1.0,-1.002,-1.0019899799999998,,,0.1% Demonstration Scenario,0.001,-1.0009899999999998,False
3286176_2026-08-03T10:10:32.898772+00:00,3286176,BTC,2026-08-03,2026-08-03T10:10:32.898772+00:00,4.45,0.03,0.025,0.0049999999999999975,0.1666664999999999,33.3333,0,-1.0,-1.002,-1.001998998,,,0.1% Demonstration Scenario,0.001,-1.000999,False
3293252_2026-08-03T19:55:15.847451+00:00,3293252,BTC,2026-08-03,2026-08-03T19:55:15.847451+00:00,4.74,0.22,0.215,0.0050000000000000044,0.02272750000000002,4.5455,0,-1.0,-1.002,-1.00201002,,,0.1% Demonstration Scenario,0.001,-1.0010099999999997,False
3295583_2026-08-03T21:25:17.418174+00:00,3295583,BTC,2026-08-03,2026-08-03T21:25:17.418174+00:00,4.71,0.39,0.385,0.0050000000000000044,0.01282050000000001,2.5641,1,1.5641,1.5621,1.562101002,,,0.1% Demonstration Scenario,0.001,1.563101,False
3296364_2026-08-03T23:10:19.207725+00:00,3296364,BTC,2026-08-03,2026-08-03T23:10:19.207725+00:00,4.68,0.16,0.155,0.0050000000000000044,0.03125000000000003,6.25,0,-1.0,-1.002,-1.002,,,0.1% Demonstration Scenario,0.001,-1.001,False
3298250_2026-08-04T03:55:40.042105+00:00,3298250,BTC,2026-08-04,2026-08-04T03:55:40.042105+00:00,4.33,0.21,0.20500000000000002,0.004999999999999977,0.023809499999999886,4.7619,0,-1.0,-1.002,-1.001998998,,,0.1% Demonstration Scenario,0.001,-1.000999,False
3301393_2026-08-04T08:10:39.712607+00:00,3301393,BTC,2026-08-04,2026-08-04T08:10:39.712607+00:00,4.34,0.28,0.275,0.0050000000000000044,0.017857000000000015,3.5714,0,-1.0,-1.002,-1.001991984,,,0.1% Demonstration Scenario,0.001,-1.000992,False
3302558_2026-08-04T14:25:44.510968+00:00,3302558,BTC,2026-08-04,2026-08-04T14:25:44.510968+00:00,4.26,0.31,0.305,0.0050000000000000044,0.016129000000000015,3.2258,1,2.2258,2.2238,2.223802004,,,0.1% Demonstration Scenario,0.001,2.224802,False
3302609_2026-08-04T14:55:39.771744+00:00,3302609,BTC,2026-08-04,2026-08-04T14:55:39.771744+00:00,4.34,0.33,0.325,0.0050000000000000044,0.015151500000000014,3.0303,1,2.0303,2.0283,2.0283010019999996,,,0.1% Demonstration Scenario,0.001,2.029301,False
3302739_2026-08-04T15:10:36.406015+00:00,3302739,BTC,2026-08-04,2026-08-04T15:10:36.406015+00:00,4.39,0.22,0.215,0.0050000000000000044,0.02272750000000002,4.5455,0,-1.0,-1.002,-1.00201002,,,0.1% Demonstration Scenario,0.001,-1.0010099999999997,False
3320383_2026-08-04T21:55:07.648831+00:00,3320383,BTC,2026-08-04,2026-08-04T21:55:07.648831+00:00,4.87,0.04,0.035,0.0049999999999999975,0.12499999999999994,25.0,0,-1.0,-1.002,-1.002,,,0.1% Demonstration Scenario,0.001,-1.001,False
3320920_2026-08-04T22:25:08.700532+00:00,3320920,BTC,2026-08-04,2026-08-04T22:25:08.700532+00:00,4.85,0.2,0.195,0.0050000000000000044,0.025000000000000022,5.0,1,4.0,3.998,3.998,,,0.1% Demonstration Scenario,0.001,3.999,False
3323204_2026-08-04T23:25:08.959154+00:00,3323204,BTC,2026-08-04,2026-08-04T23:25:08.959154+00:00,4.85,0.04,0.035,0.0049999999999999975,0.12499999999999994,25.0,0,-1.0,-1.002,-1.002,,,0.1% Demonstration Scenario,0.001,-1.001,False
3324443_2026-08-05T02:25:07.666789+00:00,3324443,BTC,2026-08-05,2026-08-05T02:25:07.666789+00:00,4.87,0.209,0.2085,0.0005000000000000004,0.0023923500000000023,4.7847,0,-1.0,-1.002,-1.0020023046,,,0.1% Demonstration Scenario,0.001,-1.0010023,False
3328632_2026-08-05T06:10:55.889480+00:00,3328632,BTC,2026-08-05,2026-08-05T06:10:55.889480+00:00,4.07,0.4,0.395,0.0050000000000000044,0.012500000000000011,2.5,0,-1.0,-1.002,-1.002,,,0.1% Demonstration Scenario,0.001,-1.001,False
3328952_2026-08-05T06:55:07.112448+00:00,3328952,BTC,2026-08-05,2026-08-05T06:55:07.112448+00:00,4.88,0.09,0.08499999999999999,0.0050000000000000044,0.05555550000000005,11.1111,0,-1.0,-1.002,-1.001998998,,,0.1% Demonstration Scenario,0.001,-1.000999,False
3329159_2026-08-05T07:40:52.116710+00:00,3329159,BTC,2026-08-05,2026-08-05T07:40:52.116710+00:00,4.13,0.31,0.305,0.0050000000000000044,0.016129000000000015,3.2258,0,-1.0,-1.002,-1.0019979959999998,,,0.1% Demonstration Scenario,0.001,-1.0009979999999998,False
3332063_2026-08-05T10:10:46.053298+00:00,3332063,BTC,2026-08-05,2026-08-05T10:10:46.053298+00:00,4.23,0.13,0.125,0.0050000000000000044,0.03846150000000004,7.6923,0,-1.0,-1.002,-1.0019989980000001,,,0.1% Demonstration Scenario,0.001,-1.000999,False
3338121_2026-08-05T15:25:20.404738+00:00,3338121,BTC,2026-08-05,2026-08-05T15:25:20.404738+00:00,4.66,0.04,0.035,0.0049999999999999975,0.12499999999999994,25.0,0,-1.0,-1.002,-1.002,,,0.1% Demonstration Scenario,0.001,-1.001,False
3347012_2026-08-05T20:40:12.957383+00:00,3347012,BTC,2026-08-05,2026-08-05T20:40:12.957383+00:00,4.78,0.23,0.225,0.0050000000000000044,0.021739000000000022,4.3478,0,-1.0,-1.002,-1.0019939880000002,,,0.1% Demonstration Scenario,0.001,-1.0009940000000002,False
3348073_2026-08-05T22:55:07.151683+00:00,3348073,BTC,2026-08-05,2026-08-05T22:55:07.151683+00:00,4.88,0.08,0.07500000000000001,0.0049999999999999906,0.06249999999999988,12.5,0,-1.0,-1.002,-1.002,,,0.1% Demonstration Scenario,0.001,-1.001,False
3350959_2026-08-06T01:10:07.206582+00:00,3350959,BTC,2026-08-06,2026-08-06T01:10:07.206582+00:00,4.88,0.32,0.315,0.0050000000000000044,0.015625000000000014,3.125,0,-1.0,-1.002,-1.002,,,0.1% Demonstration Scenario,0.001,-1.001,False
3351487_2026-08-06T02:25:06.978169+00:00,3351487,BTC,2026-08-06,2026-08-06T02:25:06.978169+00:00,4.88,0.33,0.325,0.0050000000000000044,0.015151500000000014,3.0303,0,-1.0,-1.002,-1.0019989980000001,,,0.1% Demonstration Scenario,0.001,-1.000999,False
3351757_2026-08-06T02:55:07.064771+00:00,3351757,BTC,2026-08-06,2026-08-06T02:55:07.064771+00:00,4.88,0.28,0.275,0.0050000000000000044,0.017857000000000015,3.5714,1,2.5714,2.5694,2.569408016,,,0.1% Demonstration Scenario,0.001,2.570408,False
3352079_2026-08-06T03:55:08.017667+00:00,3352079,BTC,2026-08-06,2026-08-06T03:55:08.017667+00:00,4.87,0.36,0.355,0.0050000000000000044,0.013889000000000012,2.7778,1,1.7778,1.7758,1.775791984,,,0.1% Demonstration Scenario,0.001,1.7767920000000001,False
3352832_2026-08-06T04:40:10.675379+00:00,3352832,BTC,2026-08-06,2026-08-06T04:40:10.675379+00:00,4.82,0.24,0.235,0.0050000000000000044,0.020833500000000015,4.1667,0,-1.0,-1.002,-1.0020080159999998,,,0.1% Demonstration Scenario,0.001,-1.0010079999999997,False
3355829_2026-08-06T07:25:31.530102+00:00,3355829,BTC,2026-08-06,2026-08-06T07:25:31.530102+00:00,4.47,0.4,0.395,0.0050000000000000044,0.012500000000000011,2.5,0,-1.0,-1.002,-1.002,,,0.1% Demonstration Scenario,0.001,-1.001,False
3356388_2026-08-06T08:10:29.147298+00:00,3356388,BTC,2026-08-06,2026-08-06T08:10:29.147298+00:00,4.51,0.32,0.315,0.0050000000000000044,0.015625000000000014,3.125,0,-1.0,-1.002,-1.002,,,0.1% Demonstration Scenario,0.001,-1.001,False
3356494_2026-08-06T08:40:30.085381+00:00,3356494,BTC,2026-08-06,2026-08-06T08:40:30.085381+00:00,4.5,0.19,0.185,0.0050000000000000044,0.026316000000000023,5.2632,0,-1.0,-1.002,-1.002008016,,,0.1% Demonstration Scenario,0.001,-1.001008,False
3369231_2026-08-06T20:25:12.047669+00:00,3369231,BTC,2026-08-06,2026-08-06T20:25:12.047669+00:00,4.8,0.14,0.13,0.010000000000000009,0.07142900000000006,7.1429,0,-1.0,-1.002,-1.0020060120000003,,,0.1% Demonstration Scenario,0.001,-1.001006,False
3369385_2026-08-06T20:40:14.254565+00:00,3369385,BTC,2026-08-06,2026-08-06T20:40:14.254565+00:00,4.76,0.36,0.355,0.0050000000000000044,0.013889000000000012,2.7778,0,-1.0,-1.002,-1.002008016,,,0.1% Demonstration Scenario,0.001,-1.001008,False
3370196_2026-08-06T22:10:13.284374+00:00,3370196,BTC,2026-08-06,2026-08-06T22:10:13.284374+00:00,4.78,0.26,0.255,0.0050000000000000044,0.01923100000000002,3.8462,0,-1.0,-1.002,-1.0020120240000001,,,0.1% Demonstration Scenario,0.001,-1.001012,False
3373991_2026-08-07T03:10:12.014046+00:00,3373991,BTC,2026-08-07,2026-08-07T03:10:12.014046+00:00,4.8,0.29,0.28500000000000003,0.004999999999999949,0.017241499999999823,3.4483,0,-1.0,-1.002,-1.002007014,,,0.1% Demonstration Scenario,0.001,-1.0010069999999998,False
3374050_2026-08-07T03:25:14.401615+00:00,3374050,BTC,2026-08-07,2026-08-07T03:25:14.401615+00:00,4.76,0.22,0.215,0.0050000000000000044,0.02272750000000002,4.5455,0,-1.0,-1.002,-1.00201002,,,0.1% Demonstration Scenario,0.001,-1.0010099999999997,False
3374195_2026-08-07T03:55:13.717919+00:00,3374195,BTC,2026-08-07,2026-08-07T03:55:13.717919+00:00,4.77,0.12,0.11499999999999999,0.0050000000000000044,0.04166650000000004,8.3333,0,-1.0,-1.002,-1.001995992,,,0.1% Demonstration Scenario,0.001,-1.0009959999999998,False
3378074_2026-08-07T10:10:10.006649+00:00,3378074,BTC,2026-08-07,2026-08-07T10:10:10.006649+00:00,4.83,0.39,0.385,0.0050000000000000044,0.01282050000000001,2.5641,1,1.5641,1.5621,1.562101002,,,0.1% Demonstration Scenario,0.001,1.563101,False
3378186_2026-08-07T10:40:10.547258+00:00,3378186,BTC,2026-08-07,2026-08-07T10:40:10.547258+00:00,4.82,0.11,0.10500000000000001,0.0049999999999999906,0.04545449999999991,9.0909,0,-1.0,-1.002,-1.001998998,,,0.1% Demonstration Scenario,0.001,-1.000999,False
3378678_2026-08-07T11:40:54.072793+00:00,3378678,BTC,2026-08-07,2026-08-07T11:40:54.072793+00:00,4.1,0.09,0.08499999999999999,0.0050000000000000044,0.05555550000000005,11.1111,0,-1.0,-1.002,-1.001998998,,,0.1% Demonstration Scenario,0.001,-1.000999,False
3391005_2026-08-07T22:10:18.969249+00:00,3391005,BTC,2026-08-07,2026-08-07T22:10:18.969249+00:00,4.68,0.37,0.365,0.0050000000000000044,0.013513500000000013,2.7027,0,-1.0,-1.002,-1.001998998,,,0.1% Demonstration Scenario,0.001,-1.000999,False
3393590_2026-08-08T02:10:31.841779+00:00,3393590,BTC,2026-08-08,2026-08-08T02:10:31.841779+00:00,4.47,0.1,0.095,0.0050000000000000044,0.050000000000000044,10.0,0,-1.0,-1.002,-1.002,,,0.1% Demonstration Scenario,0.001,-1.001,False
3393755_2026-08-08T02:40:43.884741+00:00,3393755,BTC,2026-08-08,2026-08-08T02:40:43.884741+00:00,4.27,0.27,0.265,0.0050000000000000044,0.018518500000000018,3.7037,0,-1.0,-1.002,-1.0019989980000001,,,0.1% Demonstration Scenario,0.001,-1.000999,False
3395312_2026-08-08T05:10:54.237074+00:00,3395312,BTC,2026-08-08,2026-08-08T05:10:54.237074+00:00,4.1,0.31,0.305,0.0050000000000000044,0.016129000000000015,3.2258,0,-1.0,-1.002,-1.0019979959999998,,,0.1% Demonstration Scenario,0.001,-1.0009979999999998,False
3395453_2026-08-08T05:40:56.751067+00:00,3395453,BTC,2026-08-08,2026-08-08T05:40:56.751067+00:00,4.05,0.3,0.295,0.0050000000000000044,0.016666500000000015,3.3333,0,-1.0,-1.002,-1.0019899799999998,,,0.1% Demonstration Scenario,0.001,-1.0009899999999998,False
3396749_2026-08-08T08:10:07.916602+00:00,3396749,BTC,2026-08-08,2026-08-08T08:10:07.916602+00:00,4.87,0.38,0.375,0.0050000000000000044,0.013158000000000012,2.6316,1,1.6316,1.6296,1.6295919840000002,,,0.1% Demonstration Scenario,0.001,1.6305920000000003,False
3397745_2026-08-08T10:55:27.731963+00:00,3397745,BTC,2026-08-08,2026-08-08T10:55:27.731963+00:00,4.54,0.36,0.355,0.0050000000000000044,0.013889000000000012,2.7778,0,-1.0,-1.002,-1.002008016,,,0.1% Demonstration Scenario,0.001,-1.001008,False
3402383_2026-08-08T16:25:43.493353+00:00,3402383,BTC,2026-08-08,2026-08-08T16:25:43.493353+00:00,4.28,0.26,0.255,0.0050000000000000044,0.01923100000000002,3.8462,0,-1.0,-1.002,-1.0020120240000001,,,0.1% Demonstration Scenario,0.001,-1.001012,False
3411430_2026-08-08T23:55:03.305383+00:00,3411430,BTC,2026-08-08,2026-08-08T23:55:03.305383+00:00,4.94,0.37,0.33499999999999996,0.03500000000000003,0.09459450000000008,2.7027,0,-1.0,-1.002,-1.001998998,,,0.1% Demonstration Scenario,0.001,-1.000999,False
3413237_2026-08-09T01:25:55.316257+00:00,3413237,BTC,2026-08-09,2026-08-09T01:25:55.316257+00:00,4.08,0.02,0.015,0.005000000000000001,0.25000000000000006,50.0,0,-1.0,-1.002,-1.002,,,0.1% Demonstration Scenario,0.001,-1.001,False
3416760_2026-08-09T07:10:24.027303+00:00,3416760,BTC,2026-08-09,2026-08-09T07:10:24.027303+00:00,4.6,0.21,0.20500000000000002,0.004999999999999977,0.023809499999999886,4.7619,0,-1.0,-1.002,-1.001998998,,,0.1% Demonstration Scenario,0.001,-1.000999,False
3418150_2026-08-09T11:25:13.160490+00:00,3418150,BTC,2026-08-09,2026-08-09T11:25:13.160490+00:00,4.78,0.37,0.365,0.0050000000000000044,0.013513500000000013,2.7027,0,-1.0,-1.002,-1.001998998,,,0.1% Demonstration Scenario,0.001,-1.000999,False
3418901_2026-08-09T12:40:05.609481+00:00,3418901,BTC,2026-08-09,2026-08-09T12:40:05.609481+00:00,4.91,0.23,0.225,0.0050000000000000044,0.021739000000000022,4.3478,0,-1.0,-1.002,-1.0019939880000002,,,0.1% Demonstration Scenario,0.001,-1.0009940000000002,False
3421043_2026-08-09T15:25:14.953662+00:00,3421043,BTC,2026-08-09,2026-08-09T15:25:14.953662+00:00,4.75,0.28,0.275,0.0050000000000000044,0.017857000000000015,3.5714,0,-1.0,-1.002,-1.001991984,,,0.1% Demonstration Scenario,0.001,-1.000992,False
3423614_2026-08-09T17:40:29.418552+00:00,3423614,BTC,2026-08-09,2026-08-09T17:40:29.418552+00:00,4.51,0.34,0.33,0.010000000000000009,0.029412000000000025,2.9412,0,-1.0,-1.002,-1.002008016,,,0.1% Demonstration Scenario,0.001,-1.001008,False
3434548_2026-08-10T03:10:05.534850+00:00,3434548,BTC,2026-08-10,2026-08-10T03:10:05.534850+00:00,4.91,0.2,0.195,0.0050000000000000044,0.025000000000000022,5.0,0,-1.0,-1.002,-1.002,,,0.1% Demonstration Scenario,0.001,-1.001,False
3436708_2026-08-10T04:25:05.241371+00:00,3436708,BTC,2026-08-10,2026-08-10T04:25:05.241371+00:00,4.91,0.26,0.255,0.0050000000000000044,0.01923100000000002,3.8462,0,-1.0,-1.002,-1.0020120240000001,,,0.1% Demonstration Scenario,0.001,-1.001012,False
3436847_2026-08-10T04:40:08.818991+00:00,3436847,BTC,2026-08-10,2026-08-10T04:40:08.818991+00:00,4.85,0.07,0.065,0.0050000000000000044,0.07142850000000006,14.2857,0,-1.0,-1.002,-1.0019989980000001,,,0.1% Demonstration Scenario,0.001,-1.000999,False
3439371_2026-08-10T07:10:28.490088+00:00,3439371,BTC,2026-08-10,2026-08-10T07:10:28.490088+00:00,4.53,0.15,0.14500000000000002,0.004999999999999977,0.03333349999999984,6.6667,0,-1.0,-1.002,-1.0020050099999998,,,0.1% Demonstration Scenario,0.001,-1.0010049999999997,False
3441811_2026-08-10T09:10:12.070516+00:00,3441811,BTC,2026-08-10,2026-08-10T09:10:12.070516+00:00,4.8,0.07,0.065,0.0050000000000000044,0.07142850000000006,14.2857,0,-1.0,-1.002,-1.0019989980000001,,,0.1% Demonstration Scenario,0.001,-1.000999,False
3445270_2026-08-10T11:40:21.682781+00:00,3445270,BTC,2026-08-10,2026-08-10T11:40:21.682781+00:00,4.64,0.34,0.335,0.0050000000000000044,0.014706000000000012,2.9412,0,-1.0,-1.002,-1.002008016,,,0.1% Demonstration Scenario,0.001,-1.001008,False
3468551_2026-08-10T19:40:10.954826+00:00,3468551,BTC,2026-08-10,2026-08-10T19:40:10.954826+00:00,4.82,0.1,0.095,0.0050000000000000044,0.050000000000000044,10.0,1,9.0,8.998,8.998,,,0.1% Demonstration Scenario,0.001,8.999,False
3470387_2026-08-10T21:25:27.121760+00:00,3470387,BTC,2026-08-10,2026-08-10T21:25:27.121760+00:00,4.55,0.06,0.055,0.0049999999999999975,0.08333349999999995,16.6667,1,15.6667,15.6647,15.664697996,,,0.1% Demonstration Scenario,0.001,15.665697999999999,False
3471079_2026-08-10T22:25:32.043868+00:00,3471079,BTC,2026-08-10,2026-08-10T22:25:32.043868+00:00,4.47,0.09,0.08499999999999999,0.0050000000000000044,0.05555550000000005,11.1111,0,-1.0,-1.002,-1.001998998,,,0.1% Demonstration Scenario,0.001,-1.000999,False
3472218_2026-08-10T23:55:25.365895+00:00,3472218,BTC,2026-08-10,2026-08-10T23:55:25.365895+00:00,4.58,0.34,0.335,0.0050000000000000044,0.014706000000000012,2.9412,1,1.9412,1.9392,1.9391919839999998,,,0.1% Demonstration Scenario,0.001,1.940192,False
3473130_2026-08-11T01:25:04.828188+00:00,3473130,BTC,2026-08-11,2026-08-11T01:25:04.828188+00:00,4.92,0.37,0.365,0.0050000000000000044,0.013513500000000013,2.7027,1,1.7027,1.7007,1.7007010020000002,,,0.1% Demonstration Scenario,0.001,1.7017010000000004,False
3474209_2026-08-11T03:55:30.373374+00:00,3474209,BTC,2026-08-11,2026-08-11T03:55:30.373374+00:00,4.49,0.3,0.295,0.0050000000000000044,0.016666500000000015,3.3333,1,2.3333,2.3313,2.33131002,,,0.1% Demonstration Scenario,0.001,2.33231,False
3475503_2026-08-11T04:40:01.918594+00:00,3475503,BTC,2026-08-11,2026-08-11T04:40:01.918594+00:00,4.97,0.22,0.215,0.0050000000000000044,0.02272750000000002,4.5455,0,-1.0,-1.002,-1.00201002,,,0.1% Demonstration Scenario,0.001,-1.0010099999999997,False
3478995_2026-08-11T07:55:00.648472+00:00,3478995,BTC,2026-08-11,2026-08-11T07:55:00.648472+00:00,4.99,0.19,0.185,0.0050000000000000044,0.026316000000000023,5.2632,0,-1.0,-1.002,-1.002008016,,,0.1% Demonstration Scenario,0.001,-1.001008,False
3486476_2026-08-11T13:55:02.965668+00:00,3486476,BTC,2026-08-11,2026-08-11T13:55:02.965668+00:00,4.95,0.14,0.135,0.0050000000000000044,0.03571450000000003,7.1429,1,6.1429,6.1409,6.140893988,,,0.1% Demonstration Scenario,0.001,6.141894,False
3492147_2026-08-11T15:55:29.780679+00:00,3492147,BTC,2026-08-11,2026-08-11T15:55:29.780679+00:00,4.5,0.12,0.11499999999999999,0.0050000000000000044,0.04166650000000004,8.3333,1,7.3333,7.3313,7.331304008,,,0.1% Demonstration Scenario,0.001,7.332304,False
3495297_2026-08-11T18:25:39.231385+00:00,3495297,BTC,2026-08-11,2026-08-11T18:25:39.231385+00:00,4.35,0.28,0.275,0.0050000000000000044,0.017857000000000015,3.5714,0,-1.0,-1.002,-1.001991984,,,0.1% Demonstration Scenario,0.001,-1.000992,False
3495453_2026-08-11T18:40:38.145537+00:00,3495453,BTC,2026-08-11,2026-08-11T18:40:38.145537+00:00,4.36,0.03,0.025,0.0049999999999999975,0.1666664999999999,33.3333,0,-1.0,-1.002,-1.001998998,,,0.1% Demonstration Scenario,0.001,-1.000999,False
3502994_2026-08-11T23:55:38.820944+00:00,3502994,BTC,2026-08-11,2026-08-11T23:55:38.820944+00:00,4.35,0.11,0.10500000000000001,0.0049999999999999906,0.04545449999999991,9.0909,0,-1.0,-1.002,-1.001998998,,,0.1% Demonstration Scenario,0.001,-1.000999,False
3505544_2026-08-12T02:55:38.163857+00:00,3505544,BTC,2026-08-12,2026-08-12T02:55:38.163857+00:00,4.36,0.25,0.245,0.0050000000000000044,0.020000000000000018,4.0,0,-1.0,-1.002,-1.002,,,0.1% Demonstration Scenario,0.001,-1.001,False
3505879_2026-08-12T03:55:38.684901+00:00,3505879,BTC,2026-08-12,2026-08-12T03:55:38.684901+00:00,4.36,0.13,0.125,0.0050000000000000044,0.03846150000000004,7.6923,1,6.6923,6.6903,6.690301002000001,,,0.1% Demonstration Scenario,0.001,6.691301,False
3506446_2026-08-12T04:10:39.915754+00:00,3506446,BTC,2026-08-12,2026-08-12T04:10:39.915754+00:00,4.33,0.17,0.165,0.0050000000000000044,0.029412000000000025,5.8824,0,-1.0,-1.002,-1.002008016,,,0.1% Demonstration Scenario,0.001,-1.001008,False
3509965_2026-08-12T08:40:25.185130+00:00,3509965,BTC,2026-08-12,2026-08-12T08:40:25.185130+00:00,4.58,0.12,0.11499999999999999,0.0050000000000000044,0.04166650000000004,8.3333,0,-1.0,-1.002,-1.001995992,,,0.1% Demonstration Scenario,0.001,-1.0009959999999998,False
3511964_2026-08-12T11:10:14.083903+00:00,3511964,BTC,2026-08-12,2026-08-12T11:10:14.083903+00:00,4.77,0.3,0.295,0.0050000000000000044,0.016666500000000015,3.3333,0,-1.0,-1.002,-1.0019899799999998,,,0.1% Demonstration Scenario,0.001,-1.0009899999999998,False
3516686_2026-08-12T15:25:21.364295+00:00,3516686,BTC,2026-08-12,2026-08-12T15:25:21.364295+00:00,4.64,0.23,0.225,0.0050000000000000044,0.021739000000000022,4.3478,0,-1.0,-1.002,-1.0019939880000002,,,0.1% Demonstration Scenario,0.001,-1.0009940000000002,False
3516792_2026-08-12T15:55:22.489903+00:00,3516792,BTC,2026-08-12,2026-08-12T15:55:22.489903+00:00,4.63,0.25,0.245,0.0050000000000000044,0.020000000000000018,4.0,0,-1.0,-1.002,-1.002,,,0.1% Demonstration Scenario,0.001,-1.001,False
3517214_2026-08-12T16:10:21.377703+00:00,3517214,BTC,2026-08-12,2026-08-12T16:10:21.377703+00:00,4.64,0.28,0.275,0.0050000000000000044,0.017857000000000015,3.5714,1,2.5714,2.5694,2.569408016,,,0.1% Demonstration Scenario,0.001,2.570408,False
3517832_2026-08-12T16:55:21.357582+00:00,3517832,BTC,2026-08-12,2026-08-12T16:55:21.357582+00:00,4.64,0.33,0.325,0.0050000000000000044,0.015151500000000014,3.0303,0,-1.0,-1.002,-1.0019989980000001,,,0.1% Demonstration Scenario,0.001,-1.000999,False
3526366_2026-08-12T20:55:23.082551+00:00,3526366,BTC,2026-08-12,2026-08-12T20:55:23.082551+00:00,4.62,0.24,0.235,0.0050000000000000044,0.020833500000000015,4.1667,1,3.1667,3.1647,3.1646919839999996,,,0.1% Demonstration Scenario,0.001,3.165692,False
3528405_2026-08-12T23:10:22.019176+00:00,3528405,BTC,2026-08-12,2026-08-12T23:10:22.019176+00:00,4.63,0.28,0.275,0.0050000000000000044,0.017857000000000015,3.5714,0,-1.0,-1.002,-1.001991984,,,0.1% Demonstration Scenario,0.001,-1.000992,False
3532784_2026-08-13T02:40:32.538144+00:00,3532784,BTC,2026-08-13,2026-08-13T02:40:32.538144+00:00,4.46,0.2,0.195,0.0050000000000000044,0.025000000000000022,5.0,1,4.0,3.998,3.998,,,0.1% Demonstration Scenario,0.001,3.999,False
3533024_2026-08-13T03:10:32.485814+00:00,3533024,BTC,2026-08-13,2026-08-13T03:10:32.485814+00:00,4.46,0.29,0.28500000000000003,0.004999999999999949,0.017241499999999823,3.4483,1,2.4483,2.4463,2.4462929860000004,,,0.1% Demonstration Scenario,0.001,2.4472930000000006,False
3539523_2026-08-13T13:55:03.529463+00:00,3539523,BTC,2026-08-13,2026-08-13T13:55:03.529463+00:00,4.94,0.29,0.28500000000000003,0.004999999999999949,0.017241499999999823,3.4483,0,-1.0,-1.002,-1.002007014,,,0.1% Demonstration Scenario,0.001,-1.0010069999999998,False
3542111_2026-08-13T16:10:26.823508+00:00,3542111,BTC,2026-08-13,2026-08-13T16:10:26.823508+00:00,4.55,0.38,0.375,0.0050000000000000044,0.013158000000000012,2.6316,1,1.6316,1.6296,1.6295919840000002,,,0.1% Demonstration Scenario,0.001,1.6305920000000003,False
3552260_2026-08-13T20:40:02.590318+00:00,3552260,BTC,2026-08-13,2026-08-13T20:40:02.590318+00:00,4.96,0.3,0.295,0.0050000000000000044,0.016666500000000015,3.3333,0,-1.0,-1.002,-1.0019899799999998,,,0.1% Demonstration Scenario,0.001,-1.0009899999999998,False
3553919_2026-08-13T23:25:02.841920+00:00,3553919,BTC,2026-08-13,2026-08-13T23:25:02.841920+00:00,4.95,0.38,0.375,0.0050000000000000044,0.013158000000000012,2.6316,0,-1.0,-1.002,-1.002008016,,,0.1% Demonstration Scenario,0.001,-1.001008,False
3555519_2026-08-14T00:55:44.247509+00:00,3555519,BTC,2026-08-14,2026-08-14T00:55:44.247509+00:00,4.26,0.39,0.385,0.0050000000000000044,0.01282050000000001,2.5641,1,1.5641,1.5621,1.562101002,,,0.1% Demonstration Scenario,0.001,1.563101,False
3556767_2026-08-14T03:10:01.254524+00:00,3556767,BTC,2026-08-14,2026-08-14T03:10:01.254524+00:00,4.98,0.38,0.375,0.0050000000000000044,0.013158000000000012,2.6316,1,1.6316,1.6296,1.6295919840000002,,,0.1% Demonstration Scenario,0.001,1.6305920000000003,False
3556954_2026-08-14T03:55:01.800837+00:00,3556954,BTC,2026-08-14,2026-08-14T03:55:01.800837+00:00,4.97,0.31,0.3,0.010000000000000009,0.03225800000000003,3.2258,0,-1.0,-1.002,-1.0019979959999998,,,0.1% Demonstration Scenario,0.001,-1.0009979999999998,False
3557376_2026-08-14T04:25:01.529714+00:00,3557376,BTC,2026-08-14,2026-08-14T04:25:01.529714+00:00,4.97,0.18,0.175,0.0050000000000000044,0.027778000000000025,5.5556,1,4.5556,4.5536,4.553591984,,,0.1% Demonstration Scenario,0.001,4.5545919999999995,False
3557675_2026-08-14T04:40:01.414898+00:00,3557675,BTC,2026-08-14,2026-08-14T04:40:01.414898+00:00,4.98,0.23,0.225,0.0050000000000000044,0.021739000000000022,4.3478,0,-1.0,-1.002,-1.0019939880000002,,,0.1% Demonstration Scenario,0.001,-1.0009940000000002,False
3560657_2026-08-14T06:55:00.771833+00:00,3560657,BTC,2026-08-14,2026-08-14T06:55:00.771833+00:00,4.99,0.02,0.015,0.005000000000000001,0.25000000000000006,50.0,0,-1.0,-1.002,-1.002,,,0.1% Demonstration Scenario,0.001,-1.001,False
3564497_2026-08-14T13:40:04.986548+00:00,3564497,BTC,2026-08-14,2026-08-14T13:40:04.986548+00:00,4.92,0.09,0.08499999999999999,0.0050000000000000044,0.05555550000000005,11.1111,0,-1.0,-1.002,-1.001998998,,,0.1% Demonstration Scenario,0.001,-1.000999,False
3564835_2026-08-14T14:25:05.497497+00:00,3564835,BTC,2026-08-14,2026-08-14T14:25:05.497497+00:00,4.91,0.38,0.375,0.0050000000000000044,0.013158000000000012,2.6316,1,1.6316,1.6296,1.6295919840000002,,,0.1% Demonstration Scenario,0.001,1.6305920000000003,False
3570365_2026-08-14T19:10:45.168487+00:00,3570365,BTC,2026-08-14,2026-08-14T19:10:45.168487+00:00,4.25,0.04,0.035,0.0049999999999999975,0.12499999999999994,25.0,0,-1.0,-1.002,-1.002,,,0.1% Demonstration Scenario,0.001,-1.001,False
3573228_2026-08-14T22:25:43.942038+00:00,3573228,BTC,2026-08-14,2026-08-14T22:25:43.942038+00:00,4.27,0.19,0.185,0.0050000000000000044,0.026316000000000023,5.2632,0,-1.0,-1.002,-1.002008016,,,0.1% Demonstration Scenario,0.001,-1.001008,False
3573925_2026-08-14T22:55:44.001428+00:00,3573925,BTC,2026-08-14,2026-08-14T22:55:44.001428+00:00,4.27,0.2,0.195,0.0050000000000000044,0.025000000000000022,5.0,1,4.0,3.998,3.998,,,0.1% Demonstration Scenario,0.001,3.999,False
3574886_2026-08-15T00:10:00.057892+00:00,3574886,BTC,2026-08-15,2026-08-15T00:10:00.057892+00:00,5.0,0.18,0.175,0.0050000000000000044,0.027778000000000025,5.5556,0,-1.0,-1.002,-1.002008016,,,0.1% Demonstration Scenario,0.001,-1.001008,False
3575020_2026-08-15T00:55:44.208270+00:00,3575020,BTC,2026-08-15,2026-08-15T00:55:44.208270+00:00,4.26,0.36,0.355,0.0050000000000000044,0.013889000000000012,2.7778,0,-1.0,-1.002,-1.002008016,,,0.1% Demonstration Scenario,0.001,-1.001008,False
3575465_2026-08-15T01:55:44.917230+00:00,3575465,BTC,2026-08-15,2026-08-15T01:55:44.917230+00:00,4.25,0.29,0.28,0.009999999999999953,0.03448299999999984,3.4483,1,2.4483,2.4463,2.4462929860000004,,,0.1% Demonstration Scenario,0.001,2.4472930000000006,False
3578983_2026-08-15T07:55:45.124752+00:00,3578983,BTC,2026-08-15,2026-08-15T07:55:45.124752+00:00,4.25,0.39,0.385,0.0050000000000000044,0.01282050000000001,2.5641,0,-1.0,-1.002,-1.001998998,,,0.1% Demonstration Scenario,0.001,-1.000999,False
3582229_2026-08-15T13:25:08.970967+00:00,3582229,BTC,2026-08-15,2026-08-15T13:25:08.970967+00:00,4.85,0.21,0.20500000000000002,0.004999999999999977,0.023809499999999886,4.7619,0,-1.0,-1.002,-1.001998998,,,0.1% Demonstration Scenario,0.001,-1.000999,False
3592679_2026-08-15T22:25:10.449863+00:00,3592679,BTC,2026-08-15,2026-08-15T22:25:10.449863+00:00,4.83,0.28,0.275,0.0050000000000000044,0.017857000000000015,3.5714,0,-1.0,-1.002,-1.001991984,,,0.1% Demonstration Scenario,0.001,-1.000992,False
3595401_2026-08-16T03:25:09.450796+00:00,3595401,BTC,2026-08-16,2026-08-16T03:25:09.450796+00:00,4.84,0.35,0.345,0.0050000000000000044,0.014285500000000012,2.8571,0,-1.0,-1.002,-1.0019849699999999,,,0.1% Demonstration Scenario,0.001,-1.0009849999999998,False
3599599_2026-08-16T06:25:09.700432+00:00,3599599,BTC,2026-08-16,2026-08-16T06:25:09.700432+00:00,4.84,0.28,0.275,0.0050000000000000044,0.017857000000000015,3.5714,1,2.5714,2.5694,2.569408016,,,0.1% Demonstration Scenario,0.001,2.570408,False
3599682_2026-08-16T06:40:08.450678+00:00,3599682,BTC,2026-08-16,2026-08-16T06:40:08.450678+00:00,4.86,0.34,0.335,0.0050000000000000044,0.014706000000000012,2.9412,0,-1.0,-1.002,-1.002008016,,,0.1% Demonstration Scenario,0.001,-1.001008,False
3600998_2026-08-16T09:40:08.950325+00:00,3600998,BTC,2026-08-16,2026-08-16T09:40:08.950325+00:00,4.85,0.28,0.25,0.030000000000000027,0.1071420000000001,3.5714,0,-1.0,-1.002,-1.001991984,,,0.1% Demonstration Scenario,0.001,-1.000992,False
3603275_2026-08-16T12:25:08.956895+00:00,3603275,BTC,2026-08-16,2026-08-16T12:25:08.956895+00:00,4.85,0.36,0.355,0.0050000000000000044,0.013889000000000012,2.7778,0,-1.0,-1.002,-1.002008016,,,0.1% Demonstration Scenario,0.001,-1.001008,False
3603381_2026-08-16T12:40:10.700339+00:00,3603381,BTC,2026-08-16,2026-08-16T12:40:10.700339+00:00,4.82,0.13,0.125,0.0050000000000000044,0.03846150000000004,7.6923,0,-1.0,-1.002,-1.0019989980000001,,,0.1% Demonstration Scenario,0.001,-1.000999,False
3609068_2026-08-16T18:40:09.700528+00:00,3609068,BTC,2026-08-16,2026-08-16T18:40:09.700528+00:00,4.84,0.3,0.295,0.0050000000000000044,0.016666500000000015,3.3333,0,-1.0,-1.002,-1.0019899799999998,,,0.1% Demonstration Scenario,0.001,-1.0009899999999998,False
3615600_2026-08-16T21:10:09.449446+00:00,3615600,BTC,2026-08-16,2026-08-16T21:10:09.449446+00:00,4.84,0.22,0.215,0.0050000000000000044,0.02272750000000002,4.5455,0,-1.0,-1.002,-1.00201002,,,0.1% Demonstration Scenario,0.001,-1.0010099999999997,False
3617976_2026-08-16T22:10:08.949886+00:00,3617976,BTC,2026-08-16,2026-08-16T22:10:08.949886+00:00,4.85,0.14,0.135,0.0050000000000000044,0.03571450000000003,7.1429,0,-1.0,-1.002,-1.0020060120000003,,,0.1% Demonstration Scenario,0.001,-1.001006,False
3620231_2026-08-17T00:10:08.699869+00:00,3620231,BTC,2026-08-17,2026-08-17T00:10:08.699869+00:00,4.86,0.27,0.265,0.0050000000000000044,0.018518500000000018,3.7037,0,-1.0,-1.002,-1.0019989980000001,,,0.1% Demonstration Scenario,0.001,-1.000999,False
3621568_2026-08-17T03:10:08.826336+00:00,3621568,BTC,2026-08-17,2026-08-17T03:10:08.826336+00:00,4.85,0.37,0.365,0.0050000000000000044,0.013513500000000013,2.7027,1,1.7027,1.7007,1.7007010020000002,,,0.1% Demonstration Scenario,0.001,1.7017010000000004,False
3626035_2026-08-17T06:25:09.825524+00:00,3626035,BTC,2026-08-17,2026-08-17T06:25:09.825524+00:00,4.84,0.39,0.385,0.0050000000000000044,0.01282050000000001,2.5641,1,1.5641,1.5621,1.562101002,,,0.1% Demonstration Scenario,0.001,1.563101,False
3626629_2026-08-17T07:25:09.299367+00:00,3626629,BTC,2026-08-17,2026-08-17T07:25:09.299367+00:00,4.85,0.21,0.20500000000000002,0.004999999999999977,0.023809499999999886,4.7619,0,-1.0,-1.002,-1.001998998,,,0.1% Demonstration Scenario,0.001,-1.000999,False
3630786_2026-08-17T10:10:09.702493+00:00,3630786,BTC,2026-08-17,2026-08-17T10:10:09.702493+00:00,4.84,0.22,0.215,0.0050000000000000044,0.02272750000000002,4.5455,1,3.5455,3.5435,3.54348998,,,0.1% Demonstration Scenario,0.001,3.54449,False
3631547_2026-08-17T11:10:09.632379+00:00,3631547,BTC,2026-08-17,2026-08-17T11:10:09.632379+00:00,4.84,0.13,0.125,0.0050000000000000044,0.03846150000000004,7.6923,0,-1.0,-1.002,-1.0019989980000001,,,0.1% Demonstration Scenario,0.001,-1.000999,False
3633655_2026-08-17T13:55:36.997556+00:00,3633655,BTC,2026-08-17,2026-08-17T13:55:36.997556+00:00,4.38,0.2,0.195,0.0050000000000000044,0.025000000000000022,5.0,0,-1.0,-1.002,-1.002,,,0.1% Demonstration Scenario,0.001,-1.001,False
3637721_2026-08-17T16:55:33.681609+00:00,3637721,BTC,2026-08-17,2026-08-17T16:55:33.681609+00:00,4.44,0.39,0.385,0.0050000000000000044,0.01282050000000001,2.5641,1,1.5641,1.5621,1.562101002,,,0.1% Demonstration Scenario,0.001,1.563101,False
3639347_2026-08-17T18:10:33.100348+00:00,3639347,BTC,2026-08-17,2026-08-17T18:10:33.100348+00:00,4.45,0.24,0.235,0.0050000000000000044,0.020833500000000015,4.1667,1,3.1667,3.1647,3.1646919839999996,,,0.1% Demonstration Scenario,0.001,3.165692,False
3646892_2026-08-17T20:10:33.333254+00:00,3646892,BTC,2026-08-17,2026-08-17T20:10:33.333254+00:00,4.44,0.14,0.135,0.0050000000000000044,0.03571450000000003,7.1429,0,-1.0,-1.002,-1.0020060120000003,,,0.1% Demonstration Scenario,0.001,-1.001006,False
3648631_2026-08-17T22:10:33.027082+00:00,3648631,BTC,2026-08-17,2026-08-17T22:10:33.027082+00:00,4.45,0.06,0.055,0.0049999999999999975,0.08333349999999995,16.6667,0,-1.0,-1.002,-1.002002004,,,0.1% Demonstration Scenario,0.001,-1.0010019999999997,False
3649629_2026-08-17T22:55:34.117219+00:00,3649629,BTC,2026-08-17,2026-08-17T22:55:34.117219+00:00,4.43,0.14,0.135,0.0050000000000000044,0.03571450000000003,7.1429,0,-1.0,-1.002,-1.0020060120000003,,,0.1% Demonstration Scenario,0.001,-1.001006,False
3652461_2026-08-18T01:25:33.067887+00:00,3652461,BTC,2026-08-18,2026-08-18T01:25:33.067887+00:00,4.45,0.14,0.135,0.0050000000000000044,0.03571450000000003,7.1429,0,-1.0,-1.002,-1.0020060120000003,,,0.1% Demonstration Scenario,0.001,-1.001006,False
3653481_2026-08-18T02:55:34.778367+00:00,3653481,BTC,2026-08-18,2026-08-18T02:55:34.778367+00:00,4.42,0.05,0.045,0.0050000000000000044,0.10000000000000009,20.0,0,-1.0,-1.002,-1.002,,,0.1% Demonstration Scenario,0.001,-1.001,False
3654493_2026-08-18T04:25:34.601262+00:00,3654493,BTC,2026-08-18,2026-08-18T04:25:34.601262+00:00,4.42,0.14,0.135,0.0050000000000000044,0.03571450000000003,7.1429,0,-1.0,-1.002,-1.0020060120000003,,,0.1% Demonstration Scenario,0.001,-1.001006,False
3655180_2026-08-18T04:55:34.368929+00:00,3655180,BTC,2026-08-18,2026-08-18T04:55:34.368929+00:00,4.43,0.32,0.315,0.0050000000000000044,0.015625000000000014,3.125,0,-1.0,-1.002,-1.002,,,0.1% Demonstration Scenario,0.001,-1.001,False
3656134_2026-08-18T05:25:16.954732+00:00,3656134,BTC,2026-08-18,2026-08-18T05:25:16.954732+00:00,4.72,0.35,0.345,0.0050000000000000044,0.014285500000000012,2.8571,1,1.8571,1.8551,1.85511503,,,0.1% Demonstration Scenario,0.001,1.8561150000000002,False
3656619_2026-08-18T05:55:35.042161+00:00,3656619,BTC,2026-08-18,2026-08-18T05:55:35.042161+00:00,4.42,0.15,0.14500000000000002,0.004999999999999977,0.03333349999999984,6.6667,0,-1.0,-1.002,-1.0020050099999998,,,0.1% Demonstration Scenario,0.001,-1.0010049999999997,False
3658238_2026-08-18T07:25:33.001360+00:00,3658238,BTC,2026-08-18,2026-08-18T07:25:33.001360+00:00,4.45,0.25,0.245,0.0050000000000000044,0.020000000000000018,4.0,0,-1.0,-1.002,-1.002,,,0.1% Demonstration Scenario,0.001,-1.001,False
3658297_2026-08-18T07:40:33.760060+00:00,3658297,BTC,2026-08-18,2026-08-18T07:40:33.760060+00:00,4.44,0.12,0.11499999999999999,0.0050000000000000044,0.04166650000000004,8.3333,0,-1.0,-1.002,-1.001995992,,,0.1% Demonstration Scenario,0.001,-1.0009959999999998,False
3668034_2026-08-18T12:55:32.630495+00:00,3668034,BTC,2026-08-18,2026-08-18T12:55:32.630495+00:00,4.46,0.22,0.215,0.0050000000000000044,0.02272750000000002,4.5455,0,-1.0,-1.002,-1.00201002,,,0.1% Demonstration Scenario,0.001,-1.0010099999999997,False
3672071_2026-08-18T17:55:33.683173+00:00,3672071,BTC,2026-08-18,2026-08-18T17:55:33.683173+00:00,4.44,0.23,0.225,0.0050000000000000044,0.021739000000000022,4.3478,0,-1.0,-1.002,-1.0019939880000002,,,0.1% Demonstration Scenario,0.001,-1.0009940000000002,False
3682138_2026-08-18T20:10:33.216073+00:00,3682138,BTC,2026-08-18,2026-08-18T20:10:33.216073+00:00,4.45,0.35,0.345,0.0050000000000000044,0.014285500000000012,2.8571,1,1.8571,1.8551,1.85511503,,,0.1% Demonstration Scenario,0.001,1.8561150000000002,False
3686004_2026-08-19T00:25:33.384662+00:00,3686004,BTC,2026-08-19,2026-08-19T00:25:33.384662+00:00,4.44,0.4,0.395,0.0050000000000000044,0.012500000000000011,2.5,1,1.5,1.498,1.498,,,0.1% Demonstration Scenario,0.001,1.499,False
3686953_2026-08-19T01:40:34.102045+00:00,3686953,BTC,2026-08-19,2026-08-19T01:40:34.102045+00:00,4.43,0.26,0.255,0.0050000000000000044,0.01923100000000002,3.8462,0,-1.0,-1.002,-1.0020120240000001,,,0.1% Demonstration Scenario,0.001,-1.001012,False
3687323_2026-08-19T02:25:32.642354+00:00,3687323,BTC,2026-08-19,2026-08-19T02:25:32.642354+00:00,4.46,0.23,0.225,0.0050000000000000044,0.021739000000000022,4.3478,0,-1.0,-1.002,-1.0019939880000002,,,0.1% Demonstration Scenario,0.001,-1.0009940000000002,False
3687924_2026-08-19T03:40:34.339042+00:00,3687924,BTC,2026-08-19,2026-08-19T03:40:34.339042+00:00,4.43,0.12,0.11499999999999999,0.0050000000000000044,0.04166650000000004,8.3333,0,-1.0,-1.002,-1.001995992,,,0.1% Demonstration Scenario,0.001,-1.0009959999999998,False
3692358_2026-08-19T08:10:34.384266+00:00,3692358,BTC,2026-08-19,2026-08-19T08:10:34.384266+00:00,4.43,0.39,0.385,0.0050000000000000044,0.01282050000000001,2.5641,0,-1.0,-1.002,-1.001998998,,,0.1% Demonstration Scenario,0.001,-1.000999,False
3694275_2026-08-19T11:40:32.586009+00:00,3694275,BTC,2026-08-19,2026-08-19T11:40:32.586009+00:00,4.46,0.23,0.225,0.0050000000000000044,0.021739000000000022,4.3478,0,-1.0,-1.002,-1.0019939880000002,,,0.1% Demonstration Scenario,0.001,-1.0009940000000002,False
3695736_2026-08-19T12:25:32.681246+00:00,3695736,BTC,2026-08-19,2026-08-19T12:25:32.681246+00:00,4.46,0.22,0.215,0.0050000000000000044,0.02272750000000002,4.5455,0,-1.0,-1.002,-1.00201002,,,0.1% Demonstration Scenario,0.001,-1.0010099999999997,False
3696442_2026-08-19T12:55:32.137542+00:00,3696442,BTC,2026-08-19,2026-08-19T12:55:32.137542+00:00,4.46,0.11,0.10500000000000001,0.0049999999999999906,0.04545449999999991,9.0909,0,-1.0,-1.002,-1.001998998,,,0.1% Demonstration Scenario,0.001,-1.000999,False
3706047_2026-08-19T18:55:32.159040+00:00,3706047,BTC,2026-08-19,2026-08-19T18:55:32.159040+00:00,4.46,0.32,0.315,0.0050000000000000044,0.015625000000000014,3.125,0,-1.0,-1.002,-1.002,,,0.1% Demonstration Scenario,0.001,-1.001,False
3707401_2026-08-19T19:10:32.566270+00:00,3707401,BTC,2026-08-19,2026-08-19T19:10:32.566270+00:00,4.46,0.32,0.315,0.0050000000000000044,0.015625000000000014,3.125,0,-1.0,-1.002,-1.002,,,0.1% Demonstration Scenario,0.001,-1.001,False
3710483_2026-08-19T22:25:34.455720+00:00,3710483,BTC,2026-08-19,2026-08-19T22:25:34.455720+00:00,4.43,0.06,0.055,0.0049999999999999975,0.08333349999999995,16.6667,0,-1.0,-1.002,-1.002002004,,,0.1% Demonstration Scenario,0.001,-1.0010019999999997,False
3711359_2026-08-19T23:55:34.067440+00:00,3711359,BTC,2026-08-19,2026-08-19T23:55:34.067440+00:00,4.43,0.12,0.11499999999999999,0.0050000000000000044,0.04166650000000004,8.3333,0,-1.0,-1.002,-1.001995992,,,0.1% Demonstration Scenario,0.001,-1.0009959999999998,False
3712910_2026-08-20T00:55:33.194761+00:00,3712910,BTC,2026-08-20,2026-08-20T00:55:33.194761+00:00,4.45,0.17,0.165,0.0050000000000000044,0.029412000000000025,5.8824,0,-1.0,-1.002,-1.002008016,,,0.1% Demonstration Scenario,0.001,-1.001008,False
3713003_2026-08-20T01:10:34.217948+00:00,3713003,BTC,2026-08-20,2026-08-20T01:10:34.217948+00:00,4.43,0.13,0.125,0.0050000000000000044,0.03846150000000004,7.6923,0,-1.0,-1.002,-1.0019989980000001,,,0.1% Demonstration Scenario,0.001,-1.000999,False
3721184_2026-08-20T13:25:09.815643+00:00,3721184,BTC,2026-08-20,2026-08-20T13:25:09.815643+00:00,4.84,0.08,0.07500000000000001,0.0049999999999999906,0.06249999999999988,12.5,0,-1.0,-1.002,-1.002,,,0.1% Demonstration Scenario,0.001,-1.001,False
3723803_2026-08-20T15:40:04.293917+00:00,3723803,BTC,2026-08-20,2026-08-20T15:40:04.293917+00:00,4.93,0.22,0.215,0.0050000000000000044,0.02272750000000002,4.5455,0,-1.0,-1.002,-1.00201002,,,0.1% Demonstration Scenario,0.001,-1.0010099999999997,False
3724541_2026-08-20T16:55:05.413468+00:00,3724541,BTC,2026-08-20,2026-08-20T16:55:05.413468+00:00,4.91,0.33,0.325,0.0050000000000000044,0.015151500000000014,3.0303,1,2.0303,2.0283,2.0283010019999996,,,0.1% Demonstration Scenario,0.001,2.029301,False
3724688_2026-08-20T17:10:05.704380+00:00,3724688,BTC,2026-08-20,2026-08-20T17:10:05.704380+00:00,4.9,0.06,0.055,0.0049999999999999975,0.08333349999999995,16.6667,0,-1.0,-1.002,-1.002002004,,,0.1% Demonstration Scenario,0.001,-1.0010019999999997,False
3731192_2026-08-20T21:10:05.432576+00:00,3731192,BTC,2026-08-20,2026-08-20T21:10:05.432576+00:00,4.91,0.33,0.325,0.0050000000000000044,0.015151500000000014,3.0303,1,2.0303,2.0283,2.0283010019999996,,,0.1% Demonstration Scenario,0.001,2.029301,False
3731861_2026-08-20T22:40:05.502326+00:00,3731861,BTC,2026-08-20,2026-08-20T22:40:05.502326+00:00,4.91,0.14,0.135,0.0050000000000000044,0.03571450000000003,7.1429,0,-1.0,-1.002,-1.0020060120000003,,,0.1% Demonstration Scenario,0.001,-1.001006,False
3735099_2026-08-21T02:25:05.736790+00:00,3735099,BTC,2026-08-21,2026-08-21T02:25:05.736790+00:00,4.9,0.18,0.175,0.0050000000000000044,0.027778000000000025,5.5556,1,4.5556,4.5536,4.553591984,,,0.1% Demonstration Scenario,0.001,4.5545919999999995,False
3735529_2026-08-21T03:10:05.757866+00:00,3735529,BTC,2026-08-21,2026-08-21T03:10:05.757866+00:00,4.9,0.26,0.255,0.0050000000000000044,0.01923100000000002,3.8462,1,2.8462,2.8442,2.8441879759999997,,,0.1% Demonstration Scenario,0.001,2.845188,False
3740281_2026-08-21T09:25:05.604617+00:00,3740281,BTC,2026-08-21,2026-08-21T09:25:05.604617+00:00,4.91,0.13,0.125,0.0050000000000000044,0.03846150000000004,7.6923,0,-1.0,-1.002,-1.0019989980000001,,,0.1% Demonstration Scenario,0.001,-1.000999,False
3741530_2026-08-21T09:55:05.392308+00:00,3741530,BTC,2026-08-21,2026-08-21T09:55:05.392308+00:00,4.91,0.17,0.165,0.0050000000000000044,0.029412000000000025,5.8824,0,-1.0,-1.002,-1.002008016,,,0.1% Demonstration Scenario,0.001,-1.001008,False
3745361_2026-08-21T14:10:09.865312+00:00,3745361,BTC,2026-08-21,2026-08-21T14:10:09.865312+00:00,4.84,0.14,0.135,0.0050000000000000044,0.03571450000000003,7.1429,0,-1.0,-1.002,-1.0020060120000003,,,0.1% Demonstration Scenario,0.001,-1.001006,False
3746276_2026-08-21T15:40:09.996650+00:00,3746276,BTC,2026-08-21,2026-08-21T15:40:09.996650+00:00,4.83,0.37,0.365,0.0050000000000000044,0.013513500000000013,2.7027,0,-1.0,-1.002,-1.001998998,,,0.1% Demonstration Scenario,0.001,-1.000999,False
3746707_2026-08-21T16:40:09.966761+00:00,3746707,BTC,2026-08-21,2026-08-21T16:40:09.966761+00:00,4.83,0.28,0.275,0.0050000000000000044,0.017857000000000015,3.5714,0,-1.0,-1.002,-1.001991984,,,0.1% Demonstration Scenario,0.001,-1.000992,False
3749341_2026-08-21T18:55:16.292929+00:00,3749341,BTC,2026-08-21,2026-08-21T18:55:16.292929+00:00,4.73,0.18,0.175,0.0050000000000000044,0.027778000000000025,5.5556,1,4.5556,4.5536,4.553591984,,,0.1% Demonstration Scenario,0.001,4.5545919999999995,False
3751849_2026-08-21T21:10:16.493634+00:00,3751849,BTC,2026-08-21,2026-08-21T21:10:16.493634+00:00,4.73,0.21,0.20500000000000002,0.004999999999999977,0.023809499999999886,4.7619,1,3.7619,3.7599,3.759901002,,,0.1% Demonstration Scenario,0.001,3.760901,False
3752289_2026-08-21T22:25:16.523918+00:00,3752289,BTC,2026-08-21,2026-08-21T22:25:16.523918+00:00,4.72,0.25,0.24,0.010000000000000009,0.040000000000000036,4.0,0,-1.0,-1.002,-1.002,,,0.1% Demonstration Scenario,0.001,-1.001,False
3753485_2026-08-21T23:55:16.473438+00:00,3753485,BTC,2026-08-21,2026-08-21T23:55:16.473438+00:00,4.73,0.33,0.325,0.0050000000000000044,0.015151500000000014,3.0303,0,-1.0,-1.002,-1.0019989980000001,,,0.1% Demonstration Scenario,0.001,-1.000999,False
3754045_2026-08-22T00:40:16.499497+00:00,3754045,BTC,2026-08-22,2026-08-22T00:40:16.499497+00:00,4.73,0.34,0.335,0.0050000000000000044,0.014706000000000012,2.9412,0,-1.0,-1.002,-1.002008016,,,0.1% Demonstration Scenario,0.001,-1.001008,False
3755880_2026-08-22T03:55:16.477532+00:00,3755880,BTC,2026-08-22,2026-08-22T03:55:16.477532+00:00,4.73,0.21,0.20500000000000002,0.004999999999999977,0.023809499999999886,4.7619,0,-1.0,-1.002,-1.001998998,,,0.1% Demonstration Scenario,0.001,-1.000999,False
3758852_2026-08-22T07:40:16.493887+00:00,3758852,BTC,2026-08-22,2026-08-22T07:40:16.493887+00:00,4.73,0.17,0.165,0.0050000000000000044,0.029412000000000025,5.8824,0,-1.0,-1.002,-1.002008016,,,0.1% Demonstration Scenario,0.001,-1.001008,False
3759120_2026-08-22T07:55:16.308275+00:00,3759120,BTC,2026-08-22,2026-08-22T07:55:16.308275+00:00,4.73,0.19,0.185,0.0050000000000000044,0.026316000000000023,5.2632,0,-1.0,-1.002,-1.002008016,,,0.1% Demonstration Scenario,0.001,-1.001008,False
3759407_2026-08-22T08:40:16.649900+00:00,3759407,BTC,2026-08-22,2026-08-22T08:40:16.649900+00:00,4.72,0.11,0.10500000000000001,0.0049999999999999906,0.04545449999999991,9.0909,1,8.0909,8.0889,8.088901001999998,,,0.1% Demonstration Scenario,0.001,8.089901,False
3759472_2026-08-22T08:55:16.311642+00:00,3759472,BTC,2026-08-22,2026-08-22T08:55:16.311642+00:00,4.73,0.09,0.08499999999999999,0.0050000000000000044,0.05555550000000005,11.1111,0,-1.0,-1.002,-1.001998998,,,0.1% Demonstration Scenario,0.001,-1.000999,False
3759636_2026-08-22T09:40:16.587131+00:00,3759636,BTC,2026-08-22,2026-08-22T09:40:16.587131+00:00,4.72,0.39,0.385,0.0050000000000000044,0.01282050000000001,2.5641,0,-1.0,-1.002,-1.001998998,,,0.1% Demonstration Scenario,0.001,-1.000999,False
3760205_2026-08-22T11:25:16.460684+00:00,3760205,BTC,2026-08-22,2026-08-22T11:25:16.460684+00:00,4.73,0.4,0.395,0.0050000000000000044,0.012500000000000011,2.5,1,1.5,1.498,1.498,,,0.1% Demonstration Scenario,0.001,1.499,False
3760785_2026-08-22T12:40:16.294336+00:00,3760785,BTC,2026-08-22,2026-08-22T12:40:16.294336+00:00,4.73,0.19,0.185,0.0050000000000000044,0.026316000000000023,5.2632,1,4.2632,4.2612,4.261191984,,,0.1% Demonstration Scenario,0.001,4.262192,False
3762740_2026-08-22T15:10:03.182291+00:00,3762740,BTC,2026-08-22,2026-08-22T15:10:03.182291+00:00,4.95,0.38,0.375,0.0050000000000000044,0.013158000000000012,2.6316,0,-1.0,-1.002,-1.002008016,,,0.1% Demonstration Scenario,0.001,-1.001008,False
3763865_2026-08-22T17:10:43.409324+00:00,3763865,BTC,2026-08-22,2026-08-22T17:10:43.409324+00:00,4.28,0.25,0.245,0.0050000000000000044,0.020000000000000018,4.0,0,-1.0,-1.002,-1.002,,,0.1% Demonstration Scenario,0.001,-1.001,False
3764747_2026-08-22T18:40:43.437199+00:00,3764747,BTC,2026-08-22,2026-08-22T18:40:43.437199+00:00,4.28,0.15,0.14500000000000002,0.004999999999999977,0.03333349999999984,6.6667,0,-1.0,-1.002,-1.0020050099999998,,,0.1% Demonstration Scenario,0.001,-1.0010049999999997,False
3764821_2026-08-22T18:55:43.520818+00:00,3764821,BTC,2026-08-22,2026-08-22T18:55:43.520818+00:00,4.27,0.27,0.265,0.0050000000000000044,0.018518500000000018,3.7037,1,2.7037,2.7017,2.7017010019999996,,,0.1% Demonstration Scenario,0.001,2.702701,False
3771542_2026-08-23T01:10:43.454978+00:00,3771542,BTC,2026-08-23,2026-08-23T01:10:43.454978+00:00,4.28,0.14,0.135,0.0050000000000000044,0.03571450000000003,7.1429,0,-1.0,-1.002,-1.0020060120000003,,,0.1% Demonstration Scenario,0.001,-1.001006,False
3772296_2026-08-23T03:25:43.216594+00:00,3772296,BTC,2026-08-23,2026-08-23T03:25:43.216594+00:00,4.28,0.16,0.155,0.0050000000000000044,0.03125000000000003,6.25,0,-1.0,-1.002,-1.002,,,0.1% Demonstration Scenario,0.001,-1.001,False
3772340_2026-08-23T03:40:43.321365+00:00,3772340,BTC,2026-08-23,2026-08-23T03:40:43.321365+00:00,4.28,0.06,0.055,0.0049999999999999975,0.08333349999999995,16.6667,0,-1.0,-1.002,-1.002002004,,,0.1% Demonstration Scenario,0.001,-1.0010019999999997,False
3773002_2026-08-23T04:10:43.357214+00:00,3773002,BTC,2026-08-23,2026-08-23T04:10:43.357214+00:00,4.28,0.1,0.095,0.0050000000000000044,0.050000000000000044,10.0,1,9.0,8.998,8.998,,,0.1% Demonstration Scenario,0.001,8.999,False
3774417_2026-08-23T05:10:43.330190+00:00,3774417,BTC,2026-08-23,2026-08-23T05:10:43.330190+00:00,4.28,0.07,0.065,0.0050000000000000044,0.07142850000000006,14.2857,0,-1.0,-1.002,-1.0019989980000001,,,0.1% Demonstration Scenario,0.001,-1.000999,False
3774493_2026-08-23T05:40:43.396746+00:00,3774493,BTC,2026-08-23,2026-08-23T05:40:43.396746+00:00,4.28,0.38,0.375,0.0050000000000000044,0.013158000000000012,2.6316,0,-1.0,-1.002,-1.002008016,,,0.1% Demonstration Scenario,0.001,-1.001008,False
3774773_2026-08-23T05:55:43.384125+00:00,3774773,BTC,2026-08-23,2026-08-23T05:55:43.384125+00:00,4.28,0.39,0.385,0.0050000000000000044,0.01282050000000001,2.5641,0,-1.0,-1.002,-1.001998998,,,0.1% Demonstration Scenario,0.001,-1.000999,False
3776494_2026-08-23T09:40:43.233666+00:00,3776494,BTC,2026-08-23,2026-08-23T09:40:43.233666+00:00,4.28,0.3,0.295,0.0050000000000000044,0.016666500000000015,3.3333,0,-1.0,-1.002,-1.0019899799999998,,,0.1% Demonstration Scenario,0.001,-1.0009899999999998,False
3782761_2026-08-23T18:55:43.346478+00:00,3782761,BTC,2026-08-23,2026-08-23T18:55:43.346478+00:00,4.28,0.38,0.375,0.0050000000000000044,0.013158000000000012,2.6316,0,-1.0,-1.002,-1.002008016,,,0.1% Demonstration Scenario,0.001,-1.001008,False
3783754_2026-08-23T19:10:43.437915+00:00,3783754,BTC,2026-08-23,2026-08-23T19:10:43.437915+00:00,4.28,0.29,0.28500000000000003,0.004999999999999949,0.017241499999999823,3.4483,0,-1.0,-1.002,-1.002007014,,,0.1% Demonstration Scenario,0.001,-1.0010069999999998,False
3786212_2026-08-23T20:10:43.300363+00:00,3786212,BTC,2026-08-23,2026-08-23T20:10:43.300363+00:00,4.28,0.13,0.125,0.0050000000000000044,0.03846150000000004,7.6923,0,-1.0,-1.002,-1.0019989980000001,,,0.1% Demonstration Scenario,0.001,-1.000999,False
3789257_2026-08-23T22:10:43.462890+00:00,3789257,BTC,2026-08-23,2026-08-23T22:10:43.462890+00:00,4.28,0.28,0.275,0.0050000000000000044,0.017857000000000015,3.5714,0,-1.0,-1.002,-1.001991984,,,0.1% Demonstration Scenario,0.001,-1.000992,False
3791083_2026-08-24T01:10:43.383651+00:00,3791083,BTC,2026-08-24,2026-08-24T01:10:43.383651+00:00,4.28,0.04,0.035,0.0049999999999999975,0.12499999999999994,25.0,0,-1.0,-1.002,-1.002,,,0.1% Demonstration Scenario,0.001,-1.001,False
3791414_2026-08-24T01:55:43.408042+00:00,3791414,BTC,2026-08-24,2026-08-24T01:55:43.408042+00:00,4.28,0.11,0.10500000000000001,0.0049999999999999906,0.04545449999999991,9.0909,0,-1.0,-1.002,-1.001998998,,,0.1% Demonstration Scenario,0.001,-1.000999,False
3793572_2026-08-24T04:40:43.535551+00:00,3793572,BTC,2026-08-24,2026-08-24T04:40:43.535551+00:00,4.27,0.28,0.275,0.0050000000000000044,0.017857000000000015,3.5714,0,-1.0,-1.002,-1.001991984,,,0.1% Demonstration Scenario,0.001,-1.000992,False
3796043_2026-08-24T05:25:43.318642+00:00,3796043,BTC,2026-08-24,2026-08-24T05:25:43.318642+00:00,4.28,0.1,0.095,0.0050000000000000044,0.050000000000000044,10.0,0,-1.0,-1.002,-1.002,,,0.1% Demonstration Scenario,0.001,-1.001,False
3799391_2026-08-24T08:55:09.869363+00:00,3799391,BTC,2026-08-24,2026-08-24T08:55:09.869363+00:00,4.84,0.33,0.325,0.0050000000000000044,0.015151500000000014,3.0303,0,-1.0,-1.002,-1.0019989980000001,,,0.1% Demonstration Scenario,0.001,-1.000999,False
3807866_2026-08-24T14:25:00.833797+00:00,3807866,BTC,2026-08-24,2026-08-24T14:25:00.833797+00:00,4.99,0.19,0.185,0.0050000000000000044,0.026316000000000023,5.2632,1,4.2632,4.2612,4.261191984,,,0.1% Demonstration Scenario,0.001,4.262192,False
3822032_2026-08-24T20:55:16.776683+00:00,3822032,BTC,2026-08-24,2026-08-24T20:55:16.776683+00:00,4.72,0.26,0.255,0.0050000000000000044,0.01923100000000002,3.8462,1,2.8462,2.8442,2.8441879759999997,,,0.1% Demonstration Scenario,0.001,2.845188,False
3822639_2026-08-24T21:25:16.576081+00:00,3822639,BTC,2026-08-24,2026-08-24T21:25:16.576081+00:00,4.72,0.16,0.155,0.0050000000000000044,0.03125000000000003,6.25,0,-1.0,-1.002,-1.002,,,0.1% Demonstration Scenario,0.001,-1.001,False
3823806_2026-08-24T22:25:16.853868+00:00,3823806,BTC,2026-08-24,2026-08-24T22:25:16.853868+00:00,4.72,0.34,0.335,0.0050000000000000044,0.014706000000000012,2.9412,0,-1.0,-1.002,-1.002008016,,,0.1% Demonstration Scenario,0.001,-1.001008,False
3825405_2026-08-24T22:55:16.557352+00:00,3825405,BTC,2026-08-24,2026-08-24T22:55:16.557352+00:00,4.72,0.34,0.335,0.0050000000000000044,0.014706000000000012,2.9412,0,-1.0,-1.002,-1.002008016,,,0.1% Demonstration Scenario,0.001,-1.001008,False
3828605_2026-08-25T01:10:16.593468+00:00,3828605,BTC,2026-08-25,2026-08-25T01:10:16.593468+00:00,4.72,0.27,0.265,0.0050000000000000044,0.018518500000000018,3.7037,0,-1.0,-1.002,-1.0019989980000001,,,0.1% Demonstration Scenario,0.001,-1.000999,False
3829039_2026-08-25T01:55:16.638233+00:00,3829039,BTC,2026-08-25,2026-08-25T01:55:16.638233+00:00,4.72,0.22,0.215,0.0050000000000000044,0.02272750000000002,4.5455,1,3.5455,3.5435,3.54348998,,,0.1% Demonstration Scenario,0.001,3.54449,False
3829641_2026-08-25T03:25:16.784279+00:00,3829641,BTC,2026-08-25,2026-08-25T03:25:16.784279+00:00,4.72,0.08,0.07,0.009999999999999995,0.12499999999999994,12.5,0,-1.0,-1.002,-1.002,,,0.1% Demonstration Scenario,0.001,-1.001,False
3833594_2026-08-25T06:25:16.581879+00:00,3833594,BTC,2026-08-25,2026-08-25T06:25:16.581879+00:00,4.72,0.4,0.395,0.0050000000000000044,0.012500000000000011,2.5,0,-1.0,-1.002,-1.002,,,0.1% Demonstration Scenario,0.001,-1.001,False
3834642_2026-08-25T06:55:16.552580+00:00,3834642,BTC,2026-08-25,2026-08-25T06:55:16.552580+00:00,4.72,0.17,0.165,0.0050000000000000044,0.029412000000000025,5.8824,1,4.8824,4.8804,4.880391983999999,,,0.1% Demonstration Scenario,0.001,4.881391999999999,False
3843125_2026-08-25T13:55:16.710467+00:00,3843125,BTC,2026-08-25,2026-08-25T13:55:16.710467+00:00,4.72,0.14,0.135,0.0050000000000000044,0.03571450000000003,7.1429,0,-1.0,-1.002,-1.0020060120000003,,,0.1% Demonstration Scenario,0.001,-1.001006,False
3850143_2026-08-25T17:10:16.842954+00:00,3850143,BTC,2026-08-25,2026-08-25T17:10:16.842954+00:00,4.72,0.07,0.065,0.0050000000000000044,0.07142850000000006,14.2857,0,-1.0,-1.002,-1.0019989980000001,,,0.1% Demonstration Scenario,0.001,-1.000999,False
3852164_2026-08-25T18:25:16.690469+00:00,3852164,BTC,2026-08-25,2026-08-25T18:25:16.690469+00:00,4.72,0.2,0.195,0.0050000000000000044,0.025000000000000022,5.0,0,-1.0,-1.002,-1.002,,,0.1% Demonstration Scenario,0.001,-1.001,False
3857226_2026-08-25T19:25:16.955674+00:00,3857226,BTC,2026-08-25,2026-08-25T19:25:16.955674+00:00,4.72,0.28,0.275,0.0050000000000000044,0.017857000000000015,3.5714,0,-1.0,-1.002,-1.001991984,,,0.1% Demonstration Scenario,0.001,-1.000992,False
3859659_2026-08-25T20:40:16.517463+00:00,3859659,BTC,2026-08-25,2026-08-25T20:40:16.517463+00:00,4.72,0.03,0.025,0.0049999999999999975,0.1666664999999999,33.3333,0,-1.0,-1.002,-1.001998998,,,0.1% Demonstration Scenario,0.001,-1.000999,False
3860695_2026-08-25T21:55:16.531405+00:00,3860695,BTC,2026-08-25,2026-08-25T21:55:16.531405+00:00,4.72,0.29,0.28500000000000003,0.004999999999999949,0.017241499999999823,3.4483,1,2.4483,2.4463,2.4462929860000004,,,0.1% Demonstration Scenario,0.001,2.4472930000000006,False
3862692_2026-08-25T23:55:16.850712+00:00,3862692,BTC,2026-08-25,2026-08-25T23:55:16.850712+00:00,4.72,0.14,0.135,0.0050000000000000044,0.03571450000000003,7.1429,0,-1.0,-1.002,-1.0020060120000003,,,0.1% Demonstration Scenario,0.001,-1.001006,False
3862798_2026-08-26T00:10:18.748982+00:00,3862798,BTC,2026-08-26,2026-08-26T00:10:18.748982+00:00,4.69,0.1,0.095,0.0050000000000000044,0.050000000000000044,10.0,0,-1.0,-1.002,-1.002,,,0.1% Demonstration Scenario,0.001,-1.001,False
3865263_2026-08-26T02:10:16.508541+00:00,3865263,BTC,2026-08-26,2026-08-26T02:10:16.508541+00:00,4.72,0.18,0.175,0.0050000000000000044,0.027778000000000025,5.5556,0,-1.0,-1.002,-1.002008016,,,0.1% Demonstration Scenario,0.001,-1.001008,False
3865560_2026-08-26T02:40:16.620841+00:00,3865560,BTC,2026-08-26,2026-08-26T02:40:16.620841+00:00,4.72,0.26,0.255,0.0050000000000000044,0.01923100000000002,3.8462,0,-1.0,-1.002,-1.0020120240000001,,,0.1% Demonstration Scenario,0.001,-1.001012,False
3871593_2026-08-26T12:10:19.000486+00:00,3871593,BTC,2026-08-26,2026-08-26T12:10:19.000486+00:00,4.68,0.33,0.325,0.0050000000000000044,0.015151500000000014,3.0303,0,-1.0,-1.002,-1.0019989980000001,,,0.1% Demonstration Scenario,0.001,-1.000999,False
3872928_2026-08-26T13:25:16.686951+00:00,3872928,BTC,2026-08-26,2026-08-26T13:25:16.686951+00:00,4.72,0.14,0.135,0.0050000000000000044,0.03571450000000003,7.1429,0,-1.0,-1.002,-1.0020060120000003,,,0.1% Demonstration Scenario,0.001,-1.001006,False
3873810_2026-08-26T14:40:16.589589+00:00,3873810,BTC,2026-08-26,2026-08-26T14:40:16.589589+00:00,4.72,0.31,0.3,0.010000000000000009,0.03225800000000003,3.2258,0,-1.0,-1.002,-1.0019979959999998,,,0.1% Demonstration Scenario,0.001,-1.0009979999999998,False
3875804_2026-08-26T16:40:21.395853+00:00,3875804,BTC,2026-08-26,2026-08-26T16:40:21.395853+00:00,4.64,0.22,0.215,0.0050000000000000044,0.02272750000000002,4.5455,0,-1.0,-1.002,-1.00201002,,,0.1% Demonstration Scenario,0.001,-1.0010099999999997,False
3888751_2026-08-26T22:55:11.766337+00:00,3888751,BTC,2026-08-26,2026-08-26T22:55:11.766337+00:00,4.8,0.23,0.225,0.0050000000000000044,0.021739000000000022,4.3478,1,3.3478,3.3458,3.345806012,,,0.1% Demonstration Scenario,0.001,3.3468060000000004,False
3890304_2026-08-27T00:10:13.445602+00:00,3890304,BTC,2026-08-27,2026-08-27T00:10:13.445602+00:00,4.78,0.34,0.335,0.0050000000000000044,0.014706000000000012,2.9412,0,-1.0,-1.002,-1.002008016,,,0.1% Demonstration Scenario,0.001,-1.001008,False
3890967_2026-08-27T00:40:11.712180+00:00,3890967,BTC,2026-08-27,2026-08-27T00:40:11.712180+00:00,4.8,0.4,0.395,0.0050000000000000044,0.012500000000000011,2.5,1,1.5,1.498,1.498,,,0.1% Demonstration Scenario,0.001,1.499,False
3895115_2026-08-27T02:25:11.906598+00:00,3895115,BTC,2026-08-27,2026-08-27T02:25:11.906598+00:00,4.8,0.39,0.37,0.020000000000000018,0.05128200000000004,2.5641,0,-1.0,-1.002,-1.001998998,,,0.1% Demonstration Scenario,0.001,-1.000999,False
3896446_2026-08-27T04:25:03.925637+00:00,3896446,BTC,2026-08-27,2026-08-27T04:25:03.925637+00:00,4.93,0.37,0.365,0.0050000000000000044,0.013513500000000013,2.7027,0,-1.0,-1.002,-1.001998998,,,0.1% Demonstration Scenario,0.001,-1.000999,False
3896982_2026-08-27T04:40:04.145452+00:00,3896982,BTC,2026-08-27,2026-08-27T04:40:04.145452+00:00,4.93,0.16,0.155,0.0050000000000000044,0.03125000000000003,6.25,1,5.25,5.248,5.248,,,0.1% Demonstration Scenario,0.001,5.249,False
3900640_2026-08-27T10:55:07.719042+00:00,3900640,BTC,2026-08-27,2026-08-27T10:55:07.719042+00:00,4.87,0.27,0.265,0.0050000000000000044,0.018518500000000018,3.7037,0,-1.0,-1.002,-1.0019989980000001,,,0.1% Demonstration Scenario,0.001,-1.000999,False
3901064_2026-08-27T11:40:07.710821+00:00,3901064,BTC,2026-08-27,2026-08-27T11:40:07.710821+00:00,4.87,0.08,0.07500000000000001,0.0049999999999999906,0.06249999999999988,12.5,0,-1.0,-1.002,-1.002,,,0.1% Demonstration Scenario,0.001,-1.001,False
3902108_2026-08-27T13:40:07.815386+00:00,3902108,BTC,2026-08-27,2026-08-27T13:40:07.815386+00:00,4.87,0.23,0.225,0.0050000000000000044,0.021739000000000022,4.3478,0,-1.0,-1.002,-1.0019939880000002,,,0.1% Demonstration Scenario,0.001,-1.0009940000000002,False
3902389_2026-08-27T14:10:07.511371+00:00,3902389,BTC,2026-08-27,2026-08-27T14:10:07.511371+00:00,4.87,0.27,0.26,0.010000000000000009,0.037037000000000035,3.7037,0,-1.0,-1.002,-1.0019989980000001,,,0.1% Demonstration Scenario,0.001,-1.000999,False
3903993_2026-08-27T16:40:07.542126+00:00,3903993,BTC,2026-08-27,2026-08-27T16:40:07.542126+00:00,4.87,0.34,0.335,0.0050000000000000044,0.014706000000000012,2.9412,1,1.9412,1.9392,1.9391919839999998,,,0.1% Demonstration Scenario,0.001,1.940192,False
3904380_2026-08-27T17:40:07.765573+00:00,3904380,BTC,2026-08-27,2026-08-27T17:40:07.765573+00:00,4.87,0.27,0.265,0.0050000000000000044,0.018518500000000018,3.7037,0,-1.0,-1.002,-1.0019989980000001,,,0.1% Demonstration Scenario,0.001,-1.000999,False
3910453_2026-08-27T19:25:07.480941+00:00,3910453,BTC,2026-08-27,2026-08-27T19:25:07.480941+00:00,4.88,0.24,0.235,0.0050000000000000044,0.020833500000000015,4.1667,0,-1.0,-1.002,-1.0020080159999998,,,0.1% Demonstration Scenario,0.001,-1.0010079999999997,False
3912747_2026-08-27T21:25:07.621335+00:00,3912747,BTC,2026-08-27,2026-08-27T21:25:07.621335+00:00,4.87,0.34,0.335,0.0050000000000000044,0.014706000000000012,2.9412,0,-1.0,-1.002,-1.002008016,,,0.1% Demonstration Scenario,0.001,-1.001008,False
3916327_2026-08-27T23:40:07.842531+00:00,3916327,BTC,2026-08-27,2026-08-27T23:40:07.842531+00:00,4.87,0.25,0.245,0.0050000000000000044,0.020000000000000018,4.0,0,-1.0,-1.002,-1.002,,,0.1% Demonstration Scenario,0.001,-1.001,False
3923809_2026-08-28T02:10:07.481920+00:00,3923809,BTC,2026-08-28,2026-08-28T02:10:07.481920+00:00,4.88,0.24,0.235,0.0050000000000000044,0.020833500000000015,4.1667,0,-1.0,-1.002,-1.0020080159999998,,,0.1% Demonstration Scenario,0.001,-1.0010079999999997,False
3924771_2026-08-28T03:40:07.462755+00:00,3924771,BTC,2026-08-28,2026-08-28T03:40:07.462755+00:00,4.88,0.25,0.245,0.0050000000000000044,0.020000000000000018,4.0,0,-1.0,-1.002,-1.002,,,0.1% Demonstration Scenario,0.001,-1.001,False
3925291_2026-08-28T04:10:07.859774+00:00,3925291,BTC,2026-08-28,2026-08-28T04:10:07.859774+00:00,4.87,0.04,0.035,0.0049999999999999975,0.12499999999999994,25.0,1,24.0,23.998,23.998,,,0.1% Demonstration Scenario,0.001,23.999,False
3926245_2026-08-28T04:55:07.752310+00:00,3926245,BTC,2026-08-28,2026-08-28T04:55:07.752310+00:00,4.87,0.19,0.185,0.0050000000000000044,0.026316000000000023,5.2632,0,-1.0,-1.002,-1.002008016,,,0.1% Demonstration Scenario,0.001,-1.001008,False
3927427_2026-08-28T06:25:07.476723+00:00,3927427,BTC,2026-08-28,2026-08-28T06:25:07.476723+00:00,4.88,0.17,0.165,0.0050000000000000044,0.029412000000000025,5.8824,0,-1.0,-1.002,-1.002008016,,,0.1% Demonstration Scenario,0.001,-1.001008,False
3935555_2026-08-28T18:10:08.689448+00:00,3935555,BTC,2026-08-28,2026-08-28T18:10:08.689448+00:00,4.86,0.14,0.135,0.0050000000000000044,0.03571450000000003,7.1429,0,-1.0,-1.002,-1.0020060120000003,,,0.1% Demonstration Scenario,0.001,-1.001006,False
3937880_2026-08-28T19:40:07.479450+00:00,3937880,BTC,2026-08-28,2026-08-28T19:40:07.479450+00:00,4.88,0.1,0.095,0.0050000000000000044,0.050000000000000044,10.0,0,-1.0,-1.002,-1.002,,,0.1% Demonstration Scenario,0.001,-1.001,False
3939646_2026-08-28T20:25:07.566913+00:00,3939646,BTC,2026-08-28,2026-08-28T20:25:07.566913+00:00,4.87,0.2,0.195,0.0050000000000000044,0.025000000000000022,5.0,0,-1.0,-1.002,-1.002,,,0.1% Demonstration Scenario,0.001,-1.001,False
3942978_2026-08-29T01:55:07.572188+00:00,3942978,BTC,2026-08-29,2026-08-29T01:55:07.572188+00:00,4.87,0.38,0.375,0.0050000000000000044,0.013158000000000012,2.6316,0,-1.0,-1.002,-1.002008016,,,0.1% Demonstration Scenario,0.001,-1.001008,False
3943039_2026-08-29T02:10:07.629621+00:00,3943039,BTC,2026-08-29,2026-08-29T02:10:07.629621+00:00,4.87,0.39,0.385,0.0050000000000000044,0.01282050000000001,2.5641,0,-1.0,-1.002,-1.001998998,,,0.1% Demonstration Scenario,0.001,-1.000999,False
3945990_2026-08-29T05:25:07.640969+00:00,3945990,BTC,2026-08-29,2026-08-29T05:25:07.640969+00:00,4.87,0.13,0.125,0.0050000000000000044,0.03846150000000004,7.6923,0,-1.0,-1.002,-1.0019989980000001,,,0.1% Demonstration Scenario,0.001,-1.000999,False
3949838_2026-08-29T09:10:07.775171+00:00,3949838,BTC,2026-08-29,2026-08-29T09:10:07.775171+00:00,4.87,0.28,0.275,0.0050000000000000044,0.017857000000000015,3.5714,1,2.5714,2.5694,2.569408016,,,0.1% Demonstration Scenario,0.001,2.570408,False
3950510_2026-08-29T11:10:07.561707+00:00,3950510,BTC,2026-08-29,2026-08-29T11:10:07.561707+00:00,4.87,0.23,0.225,0.0050000000000000044,0.021739000000000022,4.3478,1,3.3478,3.3458,3.345806012,,,0.1% Demonstration Scenario,0.001,3.3468060000000004,False
3951146_2026-08-29T11:55:07.577592+00:00,3951146,BTC,2026-08-29,2026-08-29T11:55:07.577592+00:00,4.87,0.28,0.275,0.0050000000000000044,0.017857000000000015,3.5714,0,-1.0,-1.002,-1.001991984,,,0.1% Demonstration Scenario,0.001,-1.000992,False
3951629_2026-08-29T12:40:07.553442+00:00,3951629,BTC,2026-08-29,2026-08-29T12:40:07.553442+00:00,4.87,0.29,0.28500000000000003,0.004999999999999949,0.017241499999999823,3.4483,0,-1.0,-1.002,-1.002007014,,,0.1% Demonstration Scenario,0.001,-1.0010069999999998,False
3952398_2026-08-29T14:10:07.660878+00:00,3952398,BTC,2026-08-29,2026-08-29T14:10:07.660878+00:00,4.87,0.25,0.245,0.0050000000000000044,0.020000000000000018,4.0,0,-1.0,-1.002,-1.002,,,0.1% Demonstration Scenario,0.001,-1.001,False
3953344_2026-08-29T15:40:07.482045+00:00,3953344,BTC,2026-08-29,2026-08-29T15:40:07.482045+00:00,4.88,0.27,0.265,0.0050000000000000044,0.018518500000000018,3.7037,0,-1.0,-1.002,-1.0019989980000001,,,0.1% Demonstration Scenario,0.001,-1.000999,False
3954914_2026-08-29T17:40:07.563209+00:00,3954914,BTC,2026-08-29,2026-08-29T17:40:07.563209+00:00,4.87,0.23,0.225,0.0050000000000000044,0.021739000000000022,4.3478,1,3.3478,3.3458,3.345806012,,,0.1% Demonstration Scenario,0.001,3.3468060000000004,False
3957213_2026-08-29T19:25:07.461938+00:00,3957213,BTC,2026-08-29,2026-08-29T19:25:07.461938+00:00,4.88,0.33,0.325,0.0050000000000000044,0.015151500000000014,3.0303,0,-1.0,-1.002,-1.0019989980000001,,,0.1% Demonstration Scenario,0.001,-1.000999,False
3957448_2026-08-29T19:40:07.742572+00:00,3957448,BTC,2026-08-29,2026-08-29T19:40:07.742572+00:00,4.87,0.13,0.125,0.0050000000000000044,0.03846150000000004,7.6923,1,6.6923,6.6903,6.690301002000001,,,0.1% Demonstration Scenario,0.001,6.691301,False
3957878_2026-08-29T19:55:07.628808+00:00,3957878,BTC,2026-08-29,2026-08-29T19:55:07.628808+00:00,4.87,0.1,0.095,0.0050000000000000044,0.050000000000000044,10.0,0,-1.0,-1.002,-1.002,,,0.1% Demonstration Scenario,0.001,-1.001,False
3960218_2026-08-29T20:40:07.752811+00:00,3960218,BTC,2026-08-29,2026-08-29T20:40:07.752811+00:00,4.87,0.14,0.135,0.0050000000000000044,0.03571450000000003,7.1429,0,-1.0,-1.002,-1.0020060120000003,,,0.1% Demonstration Scenario,0.001,-1.001006,False
3960669_2026-08-29T21:40:07.833252+00:00,3960669,BTC,2026-08-29,2026-08-29T21:40:07.833252+00:00,4.87,0.15,0.14500000000000002,0.004999999999999977,0.03333349999999984,6.6667,0,-1.0,-1.002,-1.0020050099999998,,,0.1% Demonstration Scenario,0.001,-1.0010049999999997,False
3961854_2026-08-29T22:25:07.680429+00:00,3961854,BTC,2026-08-29,2026-08-29T22:25:07.680429+00:00,4.87,0.31,0.305,0.0050000000000000044,0.016129000000000015,3.2258,1,2.2258,2.2238,2.223802004,,,0.1% Demonstration Scenario,0.001,2.224802,False
3962764_2026-08-29T23:25:07.777580+00:00,3962764,BTC,2026-08-29,2026-08-29T23:25:07.777580+00:00,4.87,0.31,0.28,0.02999999999999997,0.0967739999999999,3.2258,1,2.2258,2.2238,2.223802004,,,0.1% Demonstration Scenario,0.001,2.224802,False
3964600_2026-08-30T01:25:07.623549+00:00,3964600,BTC,2026-08-30,2026-08-30T01:25:07.623549+00:00,4.87,0.32,0.315,0.0050000000000000044,0.015625000000000014,3.125,0,-1.0,-1.002,-1.002,,,0.1% Demonstration Scenario,0.001,-1.001,False
3965115_2026-08-30T02:25:07.800934+00:00,3965115,BTC,2026-08-30,2026-08-30T02:25:07.800934+00:00,4.87,0.18,0.175,0.0050000000000000044,0.027778000000000025,5.5556,0,-1.0,-1.002,-1.002008016,,,0.1% Demonstration Scenario,0.001,-1.001008,False
3968106_2026-08-30T05:55:07.541664+00:00,3968106,BTC,2026-08-30,2026-08-30T05:55:07.541664+00:00,4.87,0.38,0.375,0.0050000000000000044,0.013158000000000012,2.6316,0,-1.0,-1.002,-1.002008016,,,0.1% Demonstration Scenario,0.001,-1.001008,False
3972983_2026-08-30T12:55:39.947548+00:00,3972983,BTC,2026-08-30,2026-08-30T12:55:39.947548+00:00,4.33,0.38,0.375,0.0050000000000000044,0.013158000000000012,2.6316,1,1.6316,1.6296,1.6295919840000002,,,0.1% Demonstration Scenario,0.001,1.6305920000000003,False
3973569_2026-08-30T13:40:40.136588+00:00,3973569,BTC,2026-08-30,2026-08-30T13:40:40.136588+00:00,4.33,0.34,0.335,0.0050000000000000044,0.014706000000000012,2.9412,1,1.9412,1.9392,1.9391919839999998,,,0.1% Demonstration Scenario,0.001,1.940192,False
3977459_2026-08-30T17:55:39.970744+00:00,3977459,BTC,2026-08-30,2026-08-30T17:55:39.970744+00:00,4.33,0.21,0.20500000000000002,0.004999999999999977,0.023809499999999886,4.7619,0,-1.0,-1.002,-1.001998998,,,0.1% Demonstration Scenario,0.001,-1.000999,False
3982552_2026-08-30T19:40:40.023526+00:00,3982552,BTC,2026-08-30,2026-08-30T19:40:40.023526+00:00,4.33,0.04,0.035,0.0049999999999999975,0.12499999999999994,25.0,0,-1.0,-1.002,-1.002,,,0.1% Demonstration Scenario,0.001,-1.001,False
3985075_2026-08-30T21:40:40.059877+00:00,3985075,BTC,2026-08-30,2026-08-30T21:40:40.059877+00:00,4.33,0.36,0.355,0.0050000000000000044,0.013889000000000012,2.7778,0,-1.0,-1.002,-1.002008016,,,0.1% Demonstration Scenario,0.001,-1.001008,False
3986223_2026-08-30T22:55:39.843127+00:00,3986223,BTC,2026-08-30,2026-08-30T22:55:39.843127+00:00,4.34,0.27,0.265,0.0050000000000000044,0.018518500000000018,3.7037,0,-1.0,-1.002,-1.0019989980000001,,,0.1% Demonstration Scenario,0.001,-1.000999,False
3986579_2026-08-30T23:10:40.068924+00:00,3986579,BTC,2026-08-30,2026-08-30T23:10:40.068924+00:00,4.33,0.29,0.28,0.009999999999999953,0.03448299999999984,3.4483,0,-1.0,-1.002,-1.002007014,,,0.1% Demonstration Scenario,0.001,-1.0010069999999998,False
3988564_2026-08-31T01:55:39.871937+00:00,3988564,BTC,2026-08-31,2026-08-31T01:55:39.871937+00:00,4.34,0.21,0.19,0.01999999999999999,0.09523799999999995,4.7619,0,-1.0,-1.002,-1.001998998,,,0.1% Demonstration Scenario,0.001,-1.000999,False
3988732_2026-08-31T02:25:39.948461+00:00,3988732,BTC,2026-08-31,2026-08-31T02:25:39.948461+00:00,4.33,0.11,0.10500000000000001,0.0049999999999999906,0.04545449999999991,9.0909,0,-1.0,-1.002,-1.001998998,,,0.1% Demonstration Scenario,0.001,-1.000999,False
3989202_2026-08-31T03:55:40.131187+00:00,3989202,BTC,2026-08-31,2026-08-31T03:55:40.131187+00:00,4.33,0.16,0.155,0.0050000000000000044,0.03125000000000003,6.25,0,-1.0,-1.002,-1.002,,,0.1% Demonstration Scenario,0.001,-1.001,False
3999041_2026-08-31T11:40:40.080854+00:00,3999041,BTC,2026-08-31,2026-08-31T11:40:40.080854+00:00,4.33,0.16,0.155,0.0050000000000000044,0.03125000000000003,6.25,0,-1.0,-1.002,-1.002,,,0.1% Demonstration Scenario,0.001,-1.001,False
3999887_2026-08-31T11:55:39.850490+00:00,3999887,BTC,2026-08-31,2026-08-31T11:55:39.850490+00:00,4.34,0.15,0.14500000000000002,0.004999999999999977,0.03333349999999984,6.6667,0,-1.0,-1.002,-1.0020050099999998,,,0.1% Demonstration Scenario,0.001,-1.0010049999999997,False
4001259_2026-08-31T12:55:40.008199+00:00,4001259,BTC,2026-08-31,2026-08-31T12:55:40.008199+00:00,4.33,0.26,0.255,0.0050000000000000044,0.01923100000000002,3.8462,1,2.8462,2.8442,2.8441879759999997,,,0.1% Demonstration Scenario,0.001,2.845188,False
4002005_2026-08-31T13:55:39.845124+00:00,4002005,BTC,2026-08-31,2026-08-31T13:55:39.845124+00:00,4.34,0.11,0.10500000000000001,0.0049999999999999906,0.04545449999999991,9.0909,0,-1.0,-1.002,-1.001998998,,,0.1% Demonstration Scenario,0.001,-1.000999,False
4002579_2026-08-31T14:25:40.235303+00:00,4002579,BTC,2026-08-31,2026-08-31T14:25:40.235303+00:00,4.33,0.12,0.11499999999999999,0.0050000000000000044,0.04166650000000004,8.3333,1,7.3333,7.3313,7.331304008,,,0.1% Demonstration Scenario,0.001,7.332304,False
4004629_2026-08-31T16:40:39.802447+00:00,4004629,BTC,2026-08-31,2026-08-31T16:40:39.802447+00:00,4.34,0.34,0.335,0.0050000000000000044,0.014706000000000012,2.9412,1,1.9412,1.9392,1.9391919839999998,,,0.1% Demonstration Scenario,0.001,1.940192,False
4007862_2026-08-31T18:10:43.517047+00:00,4007862,BTC,2026-08-31,2026-08-31T18:10:43.517047+00:00,4.27,0.1,0.095,0.0050000000000000044,0.050000000000000044,10.0,1,9.0,8.998,8.998,,,0.1% Demonstration Scenario,0.001,8.999,False
4008308_2026-08-31T18:55:39.977958+00:00,4008308,BTC,2026-08-31,2026-08-31T18:55:39.977958+00:00,4.33,0.02,0.015,0.005000000000000001,0.25000000000000006,50.0,0,-1.0,-1.002,-1.002,,,0.1% Demonstration Scenario,0.001,-1.001,False
4013294_2026-08-31T21:55:39.797935+00:00,4013294,BTC,2026-08-31,2026-08-31T21:55:39.797935+00:00,4.34,0.13,0.125,0.0050000000000000044,0.03846150000000004,7.6923,0,-1.0,-1.002,-1.0019989980000001,,,0.1% Demonstration Scenario,0.001,-1.000999,False
4016352_2026-09-01T03:25:39.879563+00:00,4016352,BTC,2026-09-01,2026-09-01T03:25:39.879563+00:00,4.34,0.26,0.255,0.0050000000000000044,0.01923100000000002,3.8462,1,2.8462,2.8442,2.8441879759999997,,,0.1% Demonstration Scenario,0.001,2.845188,False
4022619_2026-09-01T09:40:20.723948+00:00,4022619,BTC,2026-09-01,2026-09-01T09:40:20.723948+00:00,4.65,0.3,0.295,0.0050000000000000044,0.016666500000000015,3.3333,1,2.3333,2.3313,2.33131002,,,0.1% Demonstration Scenario,0.001,2.33231,False
4024248_2026-09-01T11:25:21.024561+00:00,4024248,BTC,2026-09-01,2026-09-01T11:25:21.024561+00:00,4.65,0.3,0.295,0.0050000000000000044,0.016666500000000015,3.3333,1,2.3333,2.3313,2.33131002,,,0.1% Demonstration Scenario,0.001,2.33231,False
4040302_2026-09-01T19:40:33.612458+00:00,4040302,BTC,2026-09-01,2026-09-01T19:40:33.612458+00:00,4.44,0.25,0.245,0.0050000000000000044,0.020000000000000018,4.0,0,-1.0,-1.002,-1.002,,,0.1% Demonstration Scenario,0.001,-1.001,False
4048108_2026-09-02T00:55:30.047507+00:00,4048108,BTC,2026-09-02,2026-09-02T00:55:30.047507+00:00,4.5,0.14,0.135,0.0050000000000000044,0.03571450000000003,7.1429,0,-1.0,-1.002,-1.0020060120000003,,,0.1% Demonstration Scenario,0.001,-1.001006,False
4048387_2026-09-02T01:25:30.253342+00:00,4048387,BTC,2026-09-02,2026-09-02T01:25:30.253342+00:00,4.5,0.22,0.215,0.0050000000000000044,0.02272750000000002,4.5455,0,-1.0,-1.002,-1.00201002,,,0.1% Demonstration Scenario,0.001,-1.0010099999999997,False
4054419_2026-09-02T07:25:30.119651+00:00,4054419,BTC,2026-09-02,2026-09-02T07:25:30.119651+00:00,4.5,0.09,0.08499999999999999,0.0050000000000000044,0.05555550000000005,11.1111,0,-1.0,-1.002,-1.001998998,,,0.1% Demonstration Scenario,0.001,-1.000999,False
4063461_2026-09-02T16:55:30.315132+00:00,4063461,BTC,2026-09-02,2026-09-02T16:55:30.315132+00:00,4.49,0.33,0.325,0.0050000000000000044,0.015151500000000014,3.0303,0,-1.0,-1.002,-1.0019989980000001,,,0.1% Demonstration Scenario,0.001,-1.000999,False
4063586_2026-09-02T17:10:30.221646+00:00,4063586,BTC,2026-09-02,2026-09-02T17:10:30.221646+00:00,4.5,0.18,0.16999999999999998,0.010000000000000009,0.05555600000000005,5.5556,0,-1.0,-1.002,-1.002008016,,,0.1% Demonstration Scenario,0.001,-1.001008,False
4096511_2026-09-03T00:55:15.675671+00:00,4096511,BTC,2026-09-03,2026-09-03T00:55:15.675671+00:00,4.74,0.33,0.325,0.0050000000000000044,0.015151500000000014,3.0303,0,-1.0,-1.002,-1.0019989980000001,,,0.1% Demonstration Scenario,0.001,-1.000999,False
4103120_2026-09-03T03:25:15.672947+00:00,4103120,BTC,2026-09-03,2026-09-03T03:25:15.672947+00:00,4.74,0.12,0.11499999999999999,0.0050000000000000044,0.04166650000000004,8.3333,0,-1.0,-1.002,-1.001995992,,,0.1% Demonstration Scenario,0.001,-1.0009959999999998,False
4113699_2026-09-03T06:55:15.867404+00:00,4113699,BTC,2026-09-03,2026-09-03T06:55:15.867404+00:00,4.74,0.3,0.295,0.0050000000000000044,0.016666500000000015,3.3333,1,2.3333,2.3313,2.33131002,,,0.1% Demonstration Scenario,0.001,2.33231,False
4117184_2026-09-03T09:25:15.509618+00:00,4117184,BTC,2026-09-03,2026-09-03T09:25:15.509618+00:00,4.74,0.27,0.265,0.0050000000000000044,0.018518500000000018,3.7037,0,-1.0,-1.002,-1.0019989980000001,,,0.1% Demonstration Scenario,0.001,-1.000999,False
4117916_2026-09-03T09:40:15.979518+00:00,4117916,BTC,2026-09-03,2026-09-03T09:40:15.979518+00:00,4.73,0.23,0.225,0.0050000000000000044,0.021739000000000022,4.3478,0,-1.0,-1.002,-1.0019939880000002,,,0.1% Demonstration Scenario,0.001,-1.0009940000000002,False
4120581_2026-09-03T10:40:15.547772+00:00,4120581,BTC,2026-09-03,2026-09-03T10:40:15.547772+00:00,4.74,0.06,0.055,0.0049999999999999975,0.08333349999999995,16.6667,0,-1.0,-1.002,-1.002002004,,,0.1% Demonstration Scenario,0.001,-1.0010019999999997,False
4175048_2026-09-03T21:25:15.901855+00:00,4175048,BTC,2026-09-03,2026-09-03T21:25:15.901855+00:00,4.73,0.19,0.185,0.0050000000000000044,0.026316000000000023,5.2632,1,4.2632,4.2612,4.261191984,,,0.1% Demonstration Scenario,0.001,4.262192,False
4176169_2026-09-03T22:25:15.490060+00:00,4176169,BTC,2026-09-03,2026-09-03T22:25:15.490060+00:00,4.74,0.08,0.07500000000000001,0.0049999999999999906,0.06249999999999988,12.5,0,-1.0,-1.002,-1.002,,,0.1% Demonstration Scenario,0.001,-1.001,False
4178367_2026-09-04T00:10:17.197613+00:00,4178367,BTC,2026-09-04,2026-09-04T00:10:17.197613+00:00,4.71,0.31,0.305,0.0050000000000000044,0.016129000000000015,3.2258,0,-1.0,-1.002,-1.0019979959999998,,,0.1% Demonstration Scenario,0.001,-1.0009979999999998,False
4180227_2026-09-04T03:25:15.653018+00:00,4180227,BTC,2026-09-04,2026-09-04T03:25:15.653018+00:00,4.74,0.16,0.155,0.0050000000000000044,0.03125000000000003,6.25,0,-1.0,-1.002,-1.002,,,0.1% Demonstration Scenario,0.001,-1.001,False
4180271_2026-09-04T03:40:15.788266+00:00,4180271,BTC,2026-09-04,2026-09-04T03:40:15.788266+00:00,4.74,0.39,0.385,0.0050000000000000044,0.01282050000000001,2.5641,1,1.5641,1.5621,1.562101002,,,0.1% Demonstration Scenario,0.001,1.563101,False
4182463_2026-09-04T05:10:15.825583+00:00,4182463,BTC,2026-09-04,2026-09-04T05:10:15.825583+00:00,4.74,0.33,0.325,0.0050000000000000044,0.015151500000000014,3.0303,0,-1.0,-1.002,-1.0019989980000001,,,0.1% Demonstration Scenario,0.001,-1.000999,False
4184439_2026-09-04T07:55:15.588216+00:00,4184439,BTC,2026-09-04,2026-09-04T07:55:15.588216+00:00,4.74,0.09,0.08499999999999999,0.0050000000000000044,0.05555550000000005,11.1111,0,-1.0,-1.002,-1.001998998,,,0.1% Demonstration Scenario,0.001,-1.000999,False
4186724_2026-09-04T11:40:15.860555+00:00,4186724,BTC,2026-09-04,2026-09-04T11:40:15.860555+00:00,4.74,0.07,0.065,0.0050000000000000044,0.07142850000000006,14.2857,0,-1.0,-1.002,-1.0019989980000001,,,0.1% Demonstration Scenario,0.001,-1.000999,False
4187479_2026-09-04T12:25:15.719434+00:00,4187479,BTC,2026-09-04,2026-09-04T12:25:15.719434+00:00,4.74,0.37,0.36,0.010000000000000009,0.027027000000000027,2.7027,1,1.7027,1.7007,1.7007010020000002,,,0.1% Demonstration Scenario,0.001,1.7017010000000004,False
4187944_2026-09-04T13:10:15.901222+00:00,4187944,BTC,2026-09-04,2026-09-04T13:10:15.901222+00:00,4.73,0.17,0.165,0.0050000000000000044,0.029412000000000025,5.8824,0,-1.0,-1.002,-1.002008016,,,0.1% Demonstration Scenario,0.001,-1.001008,False
4190550_2026-09-04T15:55:15.688608+00:00,4190550,BTC,2026-09-04,2026-09-04T15:55:15.688608+00:00,4.74,0.21,0.20500000000000002,0.004999999999999977,0.023809499999999886,4.7619,0,-1.0,-1.002,-1.001998998,,,0.1% Demonstration Scenario,0.001,-1.000999,False
4250653_2026-09-06T15:55:15.818957+00:00,4250653,BTC,2026-09-06,2026-09-06T15:55:15.818957+00:00,4.74,0.37,0.365,0.0050000000000000044,0.013513500000000013,2.7027,1,1.7027,1.7007,1.7007010020000002,,,0.1% Demonstration Scenario,0.001,1.7017010000000004,False
4253280_2026-09-06T17:55:31.892803+00:00,4253280,BTC,2026-09-06,2026-09-06T17:55:31.892803+00:00,4.47,0.3,0.295,0.0050000000000000044,0.016666500000000015,3.3333,0,-1.0,-1.002,-1.0019899799999998,,,0.1% Demonstration Scenario,0.001,-1.0009899999999998,False
4254714_2026-09-06T18:55:31.802349+00:00,4254714,BTC,2026-09-06,2026-09-06T18:55:31.802349+00:00,4.47,0.25,0.245,0.0050000000000000044,0.020000000000000018,4.0,1,3.0,2.998,2.998,,,0.1% Demonstration Scenario,0.001,2.999,False
4260121_2026-09-06T20:40:31.604624+00:00,4260121,BTC,2026-09-06,2026-09-06T20:40:31.604624+00:00,4.47,0.39,0.385,0.0050000000000000044,0.01282050000000001,2.5641,1,1.5641,1.5621,1.562101002,,,0.1% Demonstration Scenario,0.001,1.563101,False
4266150_2026-09-06T21:40:31.753619+00:00,4266150,BTC,2026-09-06,2026-09-06T21:40:31.753619+00:00,4.47,0.34,0.335,0.0050000000000000044,0.014706000000000012,2.9412,0,-1.0,-1.002,-1.002008016,,,0.1% Demonstration Scenario,0.001,-1.001008,False
4271300_2026-09-07T00:40:31.609632+00:00,4271300,BTC,2026-09-07,2026-09-07T00:40:31.609632+00:00,4.47,0.21,0.20500000000000002,0.004999999999999977,0.023809499999999886,4.7619,0,-1.0,-1.002,-1.001998998,,,0.1% Demonstration Scenario,0.001,-1.000999,False
4278408_2026-09-07T06:40:25.725434+00:00,4278408,BTC,2026-09-07,2026-09-07T06:40:25.725434+00:00,4.57,0.36,0.355,0.0050000000000000044,0.013889000000000012,2.7778,0,-1.0,-1.002,-1.002008016,,,0.1% Demonstration Scenario,0.001,-1.001008,False
4280571_2026-09-07T08:40:05.999197+00:00,4280571,BTC,2026-09-07,2026-09-07T08:40:05.999197+00:00,4.9,0.31,0.305,0.0050000000000000044,0.016129000000000015,3.2258,1,2.2258,2.2238,2.223802004,,,0.1% Demonstration Scenario,0.001,2.224802,False
4281662_2026-09-07T08:55:05.972617+00:00,4281662,BTC,2026-09-07,2026-09-07T08:55:05.972617+00:00,4.9,0.13,0.125,0.0050000000000000044,0.03846150000000004,7.6923,0,-1.0,-1.002,-1.0019989980000001,,,0.1% Demonstration Scenario,0.001,-1.000999,False
4283740_2026-09-07T10:40:05.877093+00:00,4283740,BTC,2026-09-07,2026-09-07T10:40:05.877093+00:00,4.9,0.39,0.385,0.0050000000000000044,0.01282050000000001,2.5641,1,1.5641,1.5621,1.562101002,,,0.1% Demonstration Scenario,0.001,1.563101,False
4284951_2026-09-07T11:40:30.859686+00:00,4284951,BTC,2026-09-07,2026-09-07T11:40:30.859686+00:00,4.49,0.19,0.185,0.0050000000000000044,0.026316000000000023,5.2632,0,-1.0,-1.002,-1.002008016,,,0.1% Demonstration Scenario,0.001,-1.001008,False
4290362_2026-09-07T14:40:31.016050+00:00,4290362,BTC,2026-09-07,2026-09-07T14:40:31.016050+00:00,4.48,0.27,0.265,0.0050000000000000044,0.018518500000000018,3.7037,0,-1.0,-1.002,-1.0019989980000001,,,0.1% Demonstration Scenario,0.001,-1.000999,False
4297351_2026-09-07T17:25:05.413463+00:00,4297351,BTC,2026-09-07,2026-09-07T17:25:05.413463+00:00,4.91,0.26,0.255,0.0050000000000000044,0.01923100000000002,3.8462,0,-1.0,-1.002,-1.0020120240000001,,,0.1% Demonstration Scenario,0.001,-1.001012,False
4299855_2026-09-07T18:40:05.200966+00:00,4299855,BTC,2026-09-07,2026-09-07T18:40:05.200966+00:00,4.91,0.17,0.165,0.0050000000000000044,0.029412000000000025,5.8824,1,4.8824,4.8804,4.880391983999999,,,0.1% Demonstration Scenario,0.001,4.881391999999999,False
4315322_2026-09-08T01:40:05.467470+00:00,4315322,BTC,2026-09-08,2026-09-08T01:40:05.467470+00:00,4.91,0.06,0.055,0.0049999999999999975,0.08333349999999995,16.6667,0,-1.0,-1.002,-1.002002004,,,0.1% Demonstration Scenario,0.001,-1.0010019999999997,False
4320156_2026-09-08T04:25:05.290404+00:00,4320156,BTC,2026-09-08,2026-09-08T04:25:05.290404+00:00,4.91,0.2,0.195,0.0050000000000000044,0.025000000000000022,5.0,0,-1.0,-1.002,-1.002,,,0.1% Demonstration Scenario,0.001,-1.001,False
4323313_2026-09-08T05:55:05.312216+00:00,4323313,BTC,2026-09-08,2026-09-08T05:55:05.312216+00:00,4.91,0.28,0.275,0.0050000000000000044,0.017857000000000015,3.5714,0,-1.0,-1.002,-1.001991984,,,0.1% Demonstration Scenario,0.001,-1.000992,False
4328345_2026-09-08T10:10:05.636000+00:00,4328345,BTC,2026-09-08,2026-09-08T10:10:05.636000+00:00,4.91,0.14,0.135,0.0050000000000000044,0.03571450000000003,7.1429,0,-1.0,-1.002,-1.0020060120000003,,,0.1% Demonstration Scenario,0.001,-1.001006,False
4329828_2026-09-08T11:55:20.356444+00:00,4329828,BTC,2026-09-08,2026-09-08T11:55:20.356444+00:00,4.66,0.13,0.125,0.0050000000000000044,0.03846150000000004,7.6923,0,-1.0,-1.002,-1.0019989980000001,,,0.1% Demonstration Scenario,0.001,-1.000999,False
4339668_2026-09-08T16:55:28.380275+00:00,4339668,BTC,2026-09-08,2026-09-08T16:55:28.380275+00:00,4.53,0.3,0.295,0.0050000000000000044,0.016666500000000015,3.3333,0,-1.0,-1.002,-1.0019899799999998,,,0.1% Demonstration Scenario,0.001,-1.0009899999999998,False
4347122_2026-09-08T20:40:20.879721+00:00,4347122,BTC,2026-09-08,2026-09-08T20:40:20.879721+00:00,4.65,0.13,0.125,0.0050000000000000044,0.03846150000000004,7.6923,0,-1.0,-1.002,-1.0019989980000001,,,0.1% Demonstration Scenario,0.001,-1.000999,False
4349750_2026-09-08T21:25:20.748620+00:00,4349750,BTC,2026-09-08,2026-09-08T21:25:20.748620+00:00,4.65,0.36,0.355,0.0050000000000000044,0.013889000000000012,2.7778,0,-1.0,-1.002,-1.002008016,,,0.1% Demonstration Scenario,0.001,-1.001008,False
4349853_2026-09-08T21:40:20.707516+00:00,4349853,BTC,2026-09-08,2026-09-08T21:40:20.707516+00:00,4.65,0.23,0.225,0.0050000000000000044,0.021739000000000022,4.3478,0,-1.0,-1.002,-1.0019939880000002,,,0.1% Demonstration Scenario,0.001,-1.0009940000000002,False
4351426_2026-09-08T23:25:23.903757+00:00,4351426,BTC,2026-09-08,2026-09-08T23:25:23.903757+00:00,4.6,0.14,0.135,0.0050000000000000044,0.03571450000000003,7.1429,0,-1.0,-1.002,-1.0020060120000003,,,0.1% Demonstration Scenario,0.001,-1.001006,False
4351488_2026-09-08T23:40:20.799397+00:00,4351488,BTC,2026-09-08,2026-09-08T23:40:20.799397+00:00,4.65,0.28,0.275,0.0050000000000000044,0.017857000000000015,3.5714,0,-1.0,-1.002,-1.001991984,,,0.1% Demonstration Scenario,0.001,-1.000992,False
4352143_2026-09-08T23:55:21.112645+00:00,4352143,BTC,2026-09-08,2026-09-08T23:55:21.112645+00:00,4.65,0.27,0.265,0.0050000000000000044,0.018518500000000018,3.7037,1,2.7037,2.7017,2.7017010019999996,,,0.1% Demonstration Scenario,0.001,2.702701,False
